[2024-08-05T05:54:31.772+0000] {processor.py:154} INFO - Started process (PID=73) to work on /home/airflow/.local/lib/python3.7/site-packages/airflow/example_dags/example_xcomargs.py
[2024-08-05T05:54:31.781+0000] {processor.py:756} INFO - Processing file /home/airflow/.local/lib/python3.7/site-packages/airflow/example_dags/example_xcomargs.py for tasks to queue
[2024-08-05T05:54:31.786+0000] {logging_mixin.py:120} INFO - [2024-08-05T05:54:31.786+0000] {dagbag.py:537} INFO - Filling up the DagBag from /home/airflow/.local/lib/python3.7/site-packages/airflow/example_dags/example_xcomargs.py
[2024-08-05T05:54:31.852+0000] {processor.py:766} INFO - DAG(s) dict_keys(['example_xcom_args_with_operators', 'example_xcom_args']) retrieved from /home/airflow/.local/lib/python3.7/site-packages/airflow/example_dags/example_xcomargs.py
[2024-08-05T05:54:31.914+0000] {logging_mixin.py:120} INFO - [2024-08-05T05:54:31.913+0000] {dag.py:2585} INFO - Sync 2 DAGs
[2024-08-05T05:54:31.980+0000] {logging_mixin.py:120} INFO - [2024-08-05T05:54:31.980+0000] {dag.py:3340} INFO - Setting next_dagrun for example_xcom_args to None, run_after=None
[2024-08-05T05:54:31.991+0000] {logging_mixin.py:120} INFO - [2024-08-05T05:54:31.990+0000] {dag.py:3340} INFO - Setting next_dagrun for example_xcom_args_with_operators to None, run_after=None
[2024-08-05T05:54:32.046+0000] {processor.py:176} INFO - Processing /home/airflow/.local/lib/python3.7/site-packages/airflow/example_dags/example_xcomargs.py took 0.277 seconds
[2024-08-05T05:55:03.335+0000] {processor.py:154} INFO - Started process (PID=139) to work on /home/airflow/.local/lib/python3.7/site-packages/airflow/example_dags/example_xcomargs.py
[2024-08-05T05:55:03.336+0000] {processor.py:756} INFO - Processing file /home/airflow/.local/lib/python3.7/site-packages/airflow/example_dags/example_xcomargs.py for tasks to queue
[2024-08-05T05:55:03.338+0000] {logging_mixin.py:120} INFO - [2024-08-05T05:55:03.337+0000] {dagbag.py:537} INFO - Filling up the DagBag from /home/airflow/.local/lib/python3.7/site-packages/airflow/example_dags/example_xcomargs.py
[2024-08-05T05:55:03.372+0000] {processor.py:766} INFO - DAG(s) dict_keys(['example_xcom_args_with_operators', 'example_xcom_args']) retrieved from /home/airflow/.local/lib/python3.7/site-packages/airflow/example_dags/example_xcomargs.py
[2024-08-05T05:55:03.438+0000] {logging_mixin.py:120} INFO - [2024-08-05T05:55:03.437+0000] {dag.py:2585} INFO - Sync 2 DAGs
[2024-08-05T05:55:03.481+0000] {logging_mixin.py:120} INFO - [2024-08-05T05:55:03.480+0000] {dag.py:3340} INFO - Setting next_dagrun for example_xcom_args to None, run_after=None
[2024-08-05T05:55:03.488+0000] {logging_mixin.py:120} INFO - [2024-08-05T05:55:03.487+0000] {dag.py:3340} INFO - Setting next_dagrun for example_xcom_args_with_operators to None, run_after=None
[2024-08-05T05:55:03.518+0000] {processor.py:176} INFO - Processing /home/airflow/.local/lib/python3.7/site-packages/airflow/example_dags/example_xcomargs.py took 0.187 seconds
[2024-08-05T05:55:34.457+0000] {processor.py:154} INFO - Started process (PID=196) to work on /home/airflow/.local/lib/python3.7/site-packages/airflow/example_dags/example_xcomargs.py
[2024-08-05T05:55:34.459+0000] {processor.py:756} INFO - Processing file /home/airflow/.local/lib/python3.7/site-packages/airflow/example_dags/example_xcomargs.py for tasks to queue
[2024-08-05T05:55:34.462+0000] {logging_mixin.py:120} INFO - [2024-08-05T05:55:34.461+0000] {dagbag.py:537} INFO - Filling up the DagBag from /home/airflow/.local/lib/python3.7/site-packages/airflow/example_dags/example_xcomargs.py
[2024-08-05T05:55:34.495+0000] {processor.py:766} INFO - DAG(s) dict_keys(['example_xcom_args_with_operators', 'example_xcom_args']) retrieved from /home/airflow/.local/lib/python3.7/site-packages/airflow/example_dags/example_xcomargs.py
[2024-08-05T05:55:34.541+0000] {logging_mixin.py:120} INFO - [2024-08-05T05:55:34.541+0000] {dag.py:2585} INFO - Sync 2 DAGs
[2024-08-05T05:55:34.576+0000] {logging_mixin.py:120} INFO - [2024-08-05T05:55:34.576+0000] {dag.py:3340} INFO - Setting next_dagrun for example_xcom_args to None, run_after=None
[2024-08-05T05:55:34.581+0000] {logging_mixin.py:120} INFO - [2024-08-05T05:55:34.580+0000] {dag.py:3340} INFO - Setting next_dagrun for example_xcom_args_with_operators to None, run_after=None
[2024-08-05T05:55:34.603+0000] {processor.py:176} INFO - Processing /home/airflow/.local/lib/python3.7/site-packages/airflow/example_dags/example_xcomargs.py took 0.150 seconds
[2024-08-05T05:56:06.024+0000] {processor.py:154} INFO - Started process (PID=260) to work on /home/airflow/.local/lib/python3.7/site-packages/airflow/example_dags/example_xcomargs.py
[2024-08-05T05:56:06.027+0000] {processor.py:756} INFO - Processing file /home/airflow/.local/lib/python3.7/site-packages/airflow/example_dags/example_xcomargs.py for tasks to queue
[2024-08-05T05:56:06.028+0000] {logging_mixin.py:120} INFO - [2024-08-05T05:56:06.028+0000] {dagbag.py:537} INFO - Filling up the DagBag from /home/airflow/.local/lib/python3.7/site-packages/airflow/example_dags/example_xcomargs.py
[2024-08-05T05:56:06.064+0000] {processor.py:766} INFO - DAG(s) dict_keys(['example_xcom_args_with_operators', 'example_xcom_args']) retrieved from /home/airflow/.local/lib/python3.7/site-packages/airflow/example_dags/example_xcomargs.py
[2024-08-05T05:56:06.134+0000] {logging_mixin.py:120} INFO - [2024-08-05T05:56:06.134+0000] {dag.py:2585} INFO - Sync 2 DAGs
[2024-08-05T05:56:06.171+0000] {logging_mixin.py:120} INFO - [2024-08-05T05:56:06.170+0000] {dag.py:3340} INFO - Setting next_dagrun for example_xcom_args to None, run_after=None
[2024-08-05T05:56:06.177+0000] {logging_mixin.py:120} INFO - [2024-08-05T05:56:06.177+0000] {dag.py:3340} INFO - Setting next_dagrun for example_xcom_args_with_operators to None, run_after=None
[2024-08-05T05:56:06.215+0000] {processor.py:176} INFO - Processing /home/airflow/.local/lib/python3.7/site-packages/airflow/example_dags/example_xcomargs.py took 0.199 seconds
[2024-08-05T05:56:37.181+0000] {processor.py:154} INFO - Started process (PID=325) to work on /home/airflow/.local/lib/python3.7/site-packages/airflow/example_dags/example_xcomargs.py
[2024-08-05T05:56:37.183+0000] {processor.py:756} INFO - Processing file /home/airflow/.local/lib/python3.7/site-packages/airflow/example_dags/example_xcomargs.py for tasks to queue
[2024-08-05T05:56:37.184+0000] {logging_mixin.py:120} INFO - [2024-08-05T05:56:37.184+0000] {dagbag.py:537} INFO - Filling up the DagBag from /home/airflow/.local/lib/python3.7/site-packages/airflow/example_dags/example_xcomargs.py
[2024-08-05T05:56:37.225+0000] {processor.py:766} INFO - DAG(s) dict_keys(['example_xcom_args_with_operators', 'example_xcom_args']) retrieved from /home/airflow/.local/lib/python3.7/site-packages/airflow/example_dags/example_xcomargs.py
[2024-08-05T05:56:37.298+0000] {logging_mixin.py:120} INFO - [2024-08-05T05:56:37.298+0000] {dag.py:2585} INFO - Sync 2 DAGs
[2024-08-05T05:56:37.335+0000] {logging_mixin.py:120} INFO - [2024-08-05T05:56:37.335+0000] {dag.py:3340} INFO - Setting next_dagrun for example_xcom_args to None, run_after=None
[2024-08-05T05:56:37.341+0000] {logging_mixin.py:120} INFO - [2024-08-05T05:56:37.341+0000] {dag.py:3340} INFO - Setting next_dagrun for example_xcom_args_with_operators to None, run_after=None
[2024-08-05T05:56:37.368+0000] {processor.py:176} INFO - Processing /home/airflow/.local/lib/python3.7/site-packages/airflow/example_dags/example_xcomargs.py took 0.190 seconds
[2024-08-05T05:57:08.140+0000] {processor.py:154} INFO - Started process (PID=390) to work on /home/airflow/.local/lib/python3.7/site-packages/airflow/example_dags/example_xcomargs.py
[2024-08-05T05:57:08.142+0000] {processor.py:756} INFO - Processing file /home/airflow/.local/lib/python3.7/site-packages/airflow/example_dags/example_xcomargs.py for tasks to queue
[2024-08-05T05:57:08.143+0000] {logging_mixin.py:120} INFO - [2024-08-05T05:57:08.143+0000] {dagbag.py:537} INFO - Filling up the DagBag from /home/airflow/.local/lib/python3.7/site-packages/airflow/example_dags/example_xcomargs.py
[2024-08-05T05:57:08.179+0000] {processor.py:766} INFO - DAG(s) dict_keys(['example_xcom_args_with_operators', 'example_xcom_args']) retrieved from /home/airflow/.local/lib/python3.7/site-packages/airflow/example_dags/example_xcomargs.py
[2024-08-05T05:57:08.231+0000] {logging_mixin.py:120} INFO - [2024-08-05T05:57:08.231+0000] {dag.py:2585} INFO - Sync 2 DAGs
[2024-08-05T05:57:08.262+0000] {logging_mixin.py:120} INFO - [2024-08-05T05:57:08.262+0000] {dag.py:3340} INFO - Setting next_dagrun for example_xcom_args to None, run_after=None
[2024-08-05T05:57:08.267+0000] {logging_mixin.py:120} INFO - [2024-08-05T05:57:08.266+0000] {dag.py:3340} INFO - Setting next_dagrun for example_xcom_args_with_operators to None, run_after=None
[2024-08-05T05:57:08.295+0000] {processor.py:176} INFO - Processing /home/airflow/.local/lib/python3.7/site-packages/airflow/example_dags/example_xcomargs.py took 0.158 seconds
[2024-08-05T05:57:38.634+0000] {processor.py:154} INFO - Started process (PID=452) to work on /home/airflow/.local/lib/python3.7/site-packages/airflow/example_dags/example_xcomargs.py
[2024-08-05T05:57:38.635+0000] {processor.py:756} INFO - Processing file /home/airflow/.local/lib/python3.7/site-packages/airflow/example_dags/example_xcomargs.py for tasks to queue
[2024-08-05T05:57:38.636+0000] {logging_mixin.py:120} INFO - [2024-08-05T05:57:38.636+0000] {dagbag.py:537} INFO - Filling up the DagBag from /home/airflow/.local/lib/python3.7/site-packages/airflow/example_dags/example_xcomargs.py
[2024-08-05T05:57:38.657+0000] {processor.py:766} INFO - DAG(s) dict_keys(['example_xcom_args', 'example_xcom_args_with_operators']) retrieved from /home/airflow/.local/lib/python3.7/site-packages/airflow/example_dags/example_xcomargs.py
[2024-08-05T05:57:38.693+0000] {logging_mixin.py:120} INFO - [2024-08-05T05:57:38.692+0000] {dag.py:2585} INFO - Sync 2 DAGs
[2024-08-05T05:57:38.710+0000] {logging_mixin.py:120} INFO - [2024-08-05T05:57:38.710+0000] {dag.py:3340} INFO - Setting next_dagrun for example_xcom_args to None, run_after=None
[2024-08-05T05:57:38.714+0000] {logging_mixin.py:120} INFO - [2024-08-05T05:57:38.714+0000] {dag.py:3340} INFO - Setting next_dagrun for example_xcom_args_with_operators to None, run_after=None
[2024-08-05T05:57:38.732+0000] {processor.py:176} INFO - Processing /home/airflow/.local/lib/python3.7/site-packages/airflow/example_dags/example_xcomargs.py took 0.101 seconds
[2024-08-05T05:58:10.978+0000] {processor.py:154} INFO - Started process (PID=510) to work on /home/airflow/.local/lib/python3.7/site-packages/airflow/example_dags/example_xcomargs.py
[2024-08-05T05:58:10.981+0000] {processor.py:756} INFO - Processing file /home/airflow/.local/lib/python3.7/site-packages/airflow/example_dags/example_xcomargs.py for tasks to queue
[2024-08-05T05:58:10.983+0000] {logging_mixin.py:120} INFO - [2024-08-05T05:58:10.983+0000] {dagbag.py:537} INFO - Filling up the DagBag from /home/airflow/.local/lib/python3.7/site-packages/airflow/example_dags/example_xcomargs.py
[2024-08-05T05:58:10.999+0000] {processor.py:766} INFO - DAG(s) dict_keys(['example_xcom_args_with_operators', 'example_xcom_args']) retrieved from /home/airflow/.local/lib/python3.7/site-packages/airflow/example_dags/example_xcomargs.py
[2024-08-05T05:58:11.069+0000] {logging_mixin.py:120} INFO - [2024-08-05T05:58:11.069+0000] {dag.py:2585} INFO - Sync 2 DAGs
[2024-08-05T05:58:11.098+0000] {logging_mixin.py:120} INFO - [2024-08-05T05:58:11.098+0000] {dag.py:3340} INFO - Setting next_dagrun for example_xcom_args to None, run_after=None
[2024-08-05T05:58:11.111+0000] {logging_mixin.py:120} INFO - [2024-08-05T05:58:11.111+0000] {dag.py:3340} INFO - Setting next_dagrun for example_xcom_args_with_operators to None, run_after=None
[2024-08-05T05:58:11.130+0000] {processor.py:176} INFO - Processing /home/airflow/.local/lib/python3.7/site-packages/airflow/example_dags/example_xcomargs.py took 0.154 seconds
[2024-08-05T05:58:41.497+0000] {processor.py:154} INFO - Started process (PID=575) to work on /home/airflow/.local/lib/python3.7/site-packages/airflow/example_dags/example_xcomargs.py
[2024-08-05T05:58:41.498+0000] {processor.py:756} INFO - Processing file /home/airflow/.local/lib/python3.7/site-packages/airflow/example_dags/example_xcomargs.py for tasks to queue
[2024-08-05T05:58:41.499+0000] {logging_mixin.py:120} INFO - [2024-08-05T05:58:41.499+0000] {dagbag.py:537} INFO - Filling up the DagBag from /home/airflow/.local/lib/python3.7/site-packages/airflow/example_dags/example_xcomargs.py
[2024-08-05T05:58:41.518+0000] {processor.py:766} INFO - DAG(s) dict_keys(['example_xcom_args_with_operators', 'example_xcom_args']) retrieved from /home/airflow/.local/lib/python3.7/site-packages/airflow/example_dags/example_xcomargs.py
[2024-08-05T05:58:41.551+0000] {logging_mixin.py:120} INFO - [2024-08-05T05:58:41.551+0000] {dag.py:2585} INFO - Sync 2 DAGs
[2024-08-05T05:58:41.569+0000] {logging_mixin.py:120} INFO - [2024-08-05T05:58:41.569+0000] {dag.py:3340} INFO - Setting next_dagrun for example_xcom_args to None, run_after=None
[2024-08-05T05:58:41.572+0000] {logging_mixin.py:120} INFO - [2024-08-05T05:58:41.572+0000] {dag.py:3340} INFO - Setting next_dagrun for example_xcom_args_with_operators to None, run_after=None
[2024-08-05T05:58:41.587+0000] {processor.py:176} INFO - Processing /home/airflow/.local/lib/python3.7/site-packages/airflow/example_dags/example_xcomargs.py took 0.092 seconds
[2024-08-05T05:59:12.264+0000] {processor.py:154} INFO - Started process (PID=641) to work on /home/airflow/.local/lib/python3.7/site-packages/airflow/example_dags/example_xcomargs.py
[2024-08-05T05:59:12.265+0000] {processor.py:756} INFO - Processing file /home/airflow/.local/lib/python3.7/site-packages/airflow/example_dags/example_xcomargs.py for tasks to queue
[2024-08-05T05:59:12.267+0000] {logging_mixin.py:120} INFO - [2024-08-05T05:59:12.266+0000] {dagbag.py:537} INFO - Filling up the DagBag from /home/airflow/.local/lib/python3.7/site-packages/airflow/example_dags/example_xcomargs.py
[2024-08-05T05:59:12.291+0000] {processor.py:766} INFO - DAG(s) dict_keys(['example_xcom_args_with_operators', 'example_xcom_args']) retrieved from /home/airflow/.local/lib/python3.7/site-packages/airflow/example_dags/example_xcomargs.py
[2024-08-05T05:59:12.337+0000] {logging_mixin.py:120} INFO - [2024-08-05T05:59:12.336+0000] {dag.py:2585} INFO - Sync 2 DAGs
[2024-08-05T05:59:12.362+0000] {logging_mixin.py:120} INFO - [2024-08-05T05:59:12.362+0000] {dag.py:3340} INFO - Setting next_dagrun for example_xcom_args to None, run_after=None
[2024-08-05T05:59:12.366+0000] {logging_mixin.py:120} INFO - [2024-08-05T05:59:12.366+0000] {dag.py:3340} INFO - Setting next_dagrun for example_xcom_args_with_operators to None, run_after=None
[2024-08-05T05:59:12.389+0000] {processor.py:176} INFO - Processing /home/airflow/.local/lib/python3.7/site-packages/airflow/example_dags/example_xcomargs.py took 0.129 seconds
[2024-08-05T05:59:42.992+0000] {processor.py:154} INFO - Started process (PID=710) to work on /home/airflow/.local/lib/python3.7/site-packages/airflow/example_dags/example_xcomargs.py
[2024-08-05T05:59:42.993+0000] {processor.py:756} INFO - Processing file /home/airflow/.local/lib/python3.7/site-packages/airflow/example_dags/example_xcomargs.py for tasks to queue
[2024-08-05T05:59:42.995+0000] {logging_mixin.py:120} INFO - [2024-08-05T05:59:42.995+0000] {dagbag.py:537} INFO - Filling up the DagBag from /home/airflow/.local/lib/python3.7/site-packages/airflow/example_dags/example_xcomargs.py
[2024-08-05T05:59:43.017+0000] {processor.py:766} INFO - DAG(s) dict_keys(['example_xcom_args', 'example_xcom_args_with_operators']) retrieved from /home/airflow/.local/lib/python3.7/site-packages/airflow/example_dags/example_xcomargs.py
[2024-08-05T05:59:43.059+0000] {logging_mixin.py:120} INFO - [2024-08-05T05:59:43.059+0000] {dag.py:2585} INFO - Sync 2 DAGs
[2024-08-05T05:59:43.081+0000] {logging_mixin.py:120} INFO - [2024-08-05T05:59:43.081+0000] {dag.py:3340} INFO - Setting next_dagrun for example_xcom_args to None, run_after=None
[2024-08-05T05:59:43.085+0000] {logging_mixin.py:120} INFO - [2024-08-05T05:59:43.085+0000] {dag.py:3340} INFO - Setting next_dagrun for example_xcom_args_with_operators to None, run_after=None
[2024-08-05T05:59:43.108+0000] {processor.py:176} INFO - Processing /home/airflow/.local/lib/python3.7/site-packages/airflow/example_dags/example_xcomargs.py took 0.119 seconds
[2024-08-05T06:00:13.660+0000] {processor.py:154} INFO - Started process (PID=768) to work on /home/airflow/.local/lib/python3.7/site-packages/airflow/example_dags/example_xcomargs.py
[2024-08-05T06:00:13.662+0000] {processor.py:756} INFO - Processing file /home/airflow/.local/lib/python3.7/site-packages/airflow/example_dags/example_xcomargs.py for tasks to queue
[2024-08-05T06:00:13.663+0000] {logging_mixin.py:120} INFO - [2024-08-05T06:00:13.663+0000] {dagbag.py:537} INFO - Filling up the DagBag from /home/airflow/.local/lib/python3.7/site-packages/airflow/example_dags/example_xcomargs.py
[2024-08-05T06:00:13.690+0000] {processor.py:766} INFO - DAG(s) dict_keys(['example_xcom_args_with_operators', 'example_xcom_args']) retrieved from /home/airflow/.local/lib/python3.7/site-packages/airflow/example_dags/example_xcomargs.py
[2024-08-05T06:00:13.755+0000] {logging_mixin.py:120} INFO - [2024-08-05T06:00:13.754+0000] {dag.py:2585} INFO - Sync 2 DAGs
[2024-08-05T06:00:13.781+0000] {logging_mixin.py:120} INFO - [2024-08-05T06:00:13.781+0000] {dag.py:3340} INFO - Setting next_dagrun for example_xcom_args to None, run_after=None
[2024-08-05T06:00:13.785+0000] {logging_mixin.py:120} INFO - [2024-08-05T06:00:13.785+0000] {dag.py:3340} INFO - Setting next_dagrun for example_xcom_args_with_operators to None, run_after=None
[2024-08-05T06:00:13.807+0000] {processor.py:176} INFO - Processing /home/airflow/.local/lib/python3.7/site-packages/airflow/example_dags/example_xcomargs.py took 0.150 seconds
[2024-08-05T06:00:44.377+0000] {processor.py:154} INFO - Started process (PID=836) to work on /home/airflow/.local/lib/python3.7/site-packages/airflow/example_dags/example_xcomargs.py
[2024-08-05T06:00:44.378+0000] {processor.py:756} INFO - Processing file /home/airflow/.local/lib/python3.7/site-packages/airflow/example_dags/example_xcomargs.py for tasks to queue
[2024-08-05T06:00:44.380+0000] {logging_mixin.py:120} INFO - [2024-08-05T06:00:44.380+0000] {dagbag.py:537} INFO - Filling up the DagBag from /home/airflow/.local/lib/python3.7/site-packages/airflow/example_dags/example_xcomargs.py
[2024-08-05T06:00:44.407+0000] {processor.py:766} INFO - DAG(s) dict_keys(['example_xcom_args_with_operators', 'example_xcom_args']) retrieved from /home/airflow/.local/lib/python3.7/site-packages/airflow/example_dags/example_xcomargs.py
[2024-08-05T06:00:44.462+0000] {logging_mixin.py:120} INFO - [2024-08-05T06:00:44.462+0000] {dag.py:2585} INFO - Sync 2 DAGs
[2024-08-05T06:00:44.494+0000] {logging_mixin.py:120} INFO - [2024-08-05T06:00:44.494+0000] {dag.py:3340} INFO - Setting next_dagrun for example_xcom_args to None, run_after=None
[2024-08-05T06:00:44.501+0000] {logging_mixin.py:120} INFO - [2024-08-05T06:00:44.500+0000] {dag.py:3340} INFO - Setting next_dagrun for example_xcom_args_with_operators to None, run_after=None
[2024-08-05T06:00:44.534+0000] {processor.py:176} INFO - Processing /home/airflow/.local/lib/python3.7/site-packages/airflow/example_dags/example_xcomargs.py took 0.161 seconds
[2024-08-05T06:01:14.660+0000] {processor.py:154} INFO - Started process (PID=901) to work on /home/airflow/.local/lib/python3.7/site-packages/airflow/example_dags/example_xcomargs.py
[2024-08-05T06:01:14.662+0000] {processor.py:756} INFO - Processing file /home/airflow/.local/lib/python3.7/site-packages/airflow/example_dags/example_xcomargs.py for tasks to queue
[2024-08-05T06:01:14.663+0000] {logging_mixin.py:120} INFO - [2024-08-05T06:01:14.663+0000] {dagbag.py:537} INFO - Filling up the DagBag from /home/airflow/.local/lib/python3.7/site-packages/airflow/example_dags/example_xcomargs.py
[2024-08-05T06:01:14.687+0000] {processor.py:766} INFO - DAG(s) dict_keys(['example_xcom_args', 'example_xcom_args_with_operators']) retrieved from /home/airflow/.local/lib/python3.7/site-packages/airflow/example_dags/example_xcomargs.py
[2024-08-05T06:01:14.722+0000] {logging_mixin.py:120} INFO - [2024-08-05T06:01:14.722+0000] {dag.py:2585} INFO - Sync 2 DAGs
[2024-08-05T06:01:14.747+0000] {logging_mixin.py:120} INFO - [2024-08-05T06:01:14.747+0000] {dag.py:3340} INFO - Setting next_dagrun for example_xcom_args to None, run_after=None
[2024-08-05T06:01:14.750+0000] {logging_mixin.py:120} INFO - [2024-08-05T06:01:14.750+0000] {dag.py:3340} INFO - Setting next_dagrun for example_xcom_args_with_operators to None, run_after=None
[2024-08-05T06:01:14.774+0000] {processor.py:176} INFO - Processing /home/airflow/.local/lib/python3.7/site-packages/airflow/example_dags/example_xcomargs.py took 0.118 seconds
[2024-08-05T06:01:45.120+0000] {processor.py:154} INFO - Started process (PID=969) to work on /home/airflow/.local/lib/python3.7/site-packages/airflow/example_dags/example_xcomargs.py
[2024-08-05T06:01:45.121+0000] {processor.py:756} INFO - Processing file /home/airflow/.local/lib/python3.7/site-packages/airflow/example_dags/example_xcomargs.py for tasks to queue
[2024-08-05T06:01:45.123+0000] {logging_mixin.py:120} INFO - [2024-08-05T06:01:45.123+0000] {dagbag.py:537} INFO - Filling up the DagBag from /home/airflow/.local/lib/python3.7/site-packages/airflow/example_dags/example_xcomargs.py
[2024-08-05T06:01:45.156+0000] {processor.py:766} INFO - DAG(s) dict_keys(['example_xcom_args', 'example_xcom_args_with_operators']) retrieved from /home/airflow/.local/lib/python3.7/site-packages/airflow/example_dags/example_xcomargs.py
[2024-08-05T06:01:45.230+0000] {logging_mixin.py:120} INFO - [2024-08-05T06:01:45.230+0000] {dag.py:2585} INFO - Sync 2 DAGs
[2024-08-05T06:01:45.269+0000] {logging_mixin.py:120} INFO - [2024-08-05T06:01:45.269+0000] {dag.py:3340} INFO - Setting next_dagrun for example_xcom_args to None, run_after=None
[2024-08-05T06:01:45.275+0000] {logging_mixin.py:120} INFO - [2024-08-05T06:01:45.275+0000] {dag.py:3340} INFO - Setting next_dagrun for example_xcom_args_with_operators to None, run_after=None
[2024-08-05T06:01:45.317+0000] {processor.py:176} INFO - Processing /home/airflow/.local/lib/python3.7/site-packages/airflow/example_dags/example_xcomargs.py took 0.202 seconds
[2024-08-05T06:02:16.051+0000] {processor.py:154} INFO - Started process (PID=1027) to work on /home/airflow/.local/lib/python3.7/site-packages/airflow/example_dags/example_xcomargs.py
[2024-08-05T06:02:16.053+0000] {processor.py:756} INFO - Processing file /home/airflow/.local/lib/python3.7/site-packages/airflow/example_dags/example_xcomargs.py for tasks to queue
[2024-08-05T06:02:16.054+0000] {logging_mixin.py:120} INFO - [2024-08-05T06:02:16.054+0000] {dagbag.py:537} INFO - Filling up the DagBag from /home/airflow/.local/lib/python3.7/site-packages/airflow/example_dags/example_xcomargs.py
[2024-08-05T06:02:16.086+0000] {processor.py:766} INFO - DAG(s) dict_keys(['example_xcom_args_with_operators', 'example_xcom_args']) retrieved from /home/airflow/.local/lib/python3.7/site-packages/airflow/example_dags/example_xcomargs.py
[2024-08-05T06:02:16.145+0000] {logging_mixin.py:120} INFO - [2024-08-05T06:02:16.144+0000] {dag.py:2585} INFO - Sync 2 DAGs
[2024-08-05T06:02:16.176+0000] {logging_mixin.py:120} INFO - [2024-08-05T06:02:16.176+0000] {dag.py:3340} INFO - Setting next_dagrun for example_xcom_args to None, run_after=None
[2024-08-05T06:02:16.183+0000] {logging_mixin.py:120} INFO - [2024-08-05T06:02:16.182+0000] {dag.py:3340} INFO - Setting next_dagrun for example_xcom_args_with_operators to None, run_after=None
[2024-08-05T06:02:16.209+0000] {processor.py:176} INFO - Processing /home/airflow/.local/lib/python3.7/site-packages/airflow/example_dags/example_xcomargs.py took 0.162 seconds
[2024-08-05T06:02:46.943+0000] {processor.py:154} INFO - Started process (PID=1094) to work on /home/airflow/.local/lib/python3.7/site-packages/airflow/example_dags/example_xcomargs.py
[2024-08-05T06:02:46.944+0000] {processor.py:756} INFO - Processing file /home/airflow/.local/lib/python3.7/site-packages/airflow/example_dags/example_xcomargs.py for tasks to queue
[2024-08-05T06:02:46.945+0000] {logging_mixin.py:120} INFO - [2024-08-05T06:02:46.945+0000] {dagbag.py:537} INFO - Filling up the DagBag from /home/airflow/.local/lib/python3.7/site-packages/airflow/example_dags/example_xcomargs.py
[2024-08-05T06:02:46.975+0000] {processor.py:766} INFO - DAG(s) dict_keys(['example_xcom_args', 'example_xcom_args_with_operators']) retrieved from /home/airflow/.local/lib/python3.7/site-packages/airflow/example_dags/example_xcomargs.py
[2024-08-05T06:02:47.035+0000] {logging_mixin.py:120} INFO - [2024-08-05T06:02:47.034+0000] {dag.py:2585} INFO - Sync 2 DAGs
[2024-08-05T06:02:47.072+0000] {logging_mixin.py:120} INFO - [2024-08-05T06:02:47.072+0000] {dag.py:3340} INFO - Setting next_dagrun for example_xcom_args to None, run_after=None
[2024-08-05T06:02:47.077+0000] {logging_mixin.py:120} INFO - [2024-08-05T06:02:47.077+0000] {dag.py:3340} INFO - Setting next_dagrun for example_xcom_args_with_operators to None, run_after=None
[2024-08-05T06:02:47.106+0000] {processor.py:176} INFO - Processing /home/airflow/.local/lib/python3.7/site-packages/airflow/example_dags/example_xcomargs.py took 0.166 seconds
[2024-08-05T06:03:17.527+0000] {processor.py:154} INFO - Started process (PID=1162) to work on /home/airflow/.local/lib/python3.7/site-packages/airflow/example_dags/example_xcomargs.py
[2024-08-05T06:03:17.529+0000] {processor.py:756} INFO - Processing file /home/airflow/.local/lib/python3.7/site-packages/airflow/example_dags/example_xcomargs.py for tasks to queue
[2024-08-05T06:03:17.535+0000] {logging_mixin.py:120} INFO - [2024-08-05T06:03:17.534+0000] {dagbag.py:537} INFO - Filling up the DagBag from /home/airflow/.local/lib/python3.7/site-packages/airflow/example_dags/example_xcomargs.py
[2024-08-05T06:03:17.558+0000] {processor.py:766} INFO - DAG(s) dict_keys(['example_xcom_args_with_operators', 'example_xcom_args']) retrieved from /home/airflow/.local/lib/python3.7/site-packages/airflow/example_dags/example_xcomargs.py
[2024-08-05T06:03:17.609+0000] {logging_mixin.py:120} INFO - [2024-08-05T06:03:17.608+0000] {dag.py:2585} INFO - Sync 2 DAGs
[2024-08-05T06:03:17.636+0000] {logging_mixin.py:120} INFO - [2024-08-05T06:03:17.636+0000] {dag.py:3340} INFO - Setting next_dagrun for example_xcom_args to None, run_after=None
[2024-08-05T06:03:17.640+0000] {logging_mixin.py:120} INFO - [2024-08-05T06:03:17.640+0000] {dag.py:3340} INFO - Setting next_dagrun for example_xcom_args_with_operators to None, run_after=None
[2024-08-05T06:03:17.667+0000] {processor.py:176} INFO - Processing /home/airflow/.local/lib/python3.7/site-packages/airflow/example_dags/example_xcomargs.py took 0.143 seconds
[2024-08-05T06:03:48.030+0000] {processor.py:154} INFO - Started process (PID=1219) to work on /home/airflow/.local/lib/python3.7/site-packages/airflow/example_dags/example_xcomargs.py
[2024-08-05T06:03:48.032+0000] {processor.py:756} INFO - Processing file /home/airflow/.local/lib/python3.7/site-packages/airflow/example_dags/example_xcomargs.py for tasks to queue
[2024-08-05T06:03:48.033+0000] {logging_mixin.py:120} INFO - [2024-08-05T06:03:48.033+0000] {dagbag.py:537} INFO - Filling up the DagBag from /home/airflow/.local/lib/python3.7/site-packages/airflow/example_dags/example_xcomargs.py
[2024-08-05T06:03:48.085+0000] {processor.py:766} INFO - DAG(s) dict_keys(['example_xcom_args_with_operators', 'example_xcom_args']) retrieved from /home/airflow/.local/lib/python3.7/site-packages/airflow/example_dags/example_xcomargs.py
[2024-08-05T06:03:48.184+0000] {logging_mixin.py:120} INFO - [2024-08-05T06:03:48.183+0000] {dag.py:2585} INFO - Sync 2 DAGs
[2024-08-05T06:03:48.239+0000] {logging_mixin.py:120} INFO - [2024-08-05T06:03:48.238+0000] {dag.py:3340} INFO - Setting next_dagrun for example_xcom_args to None, run_after=None
[2024-08-05T06:03:48.249+0000] {logging_mixin.py:120} INFO - [2024-08-05T06:03:48.249+0000] {dag.py:3340} INFO - Setting next_dagrun for example_xcom_args_with_operators to None, run_after=None
[2024-08-05T06:03:48.291+0000] {processor.py:176} INFO - Processing /home/airflow/.local/lib/python3.7/site-packages/airflow/example_dags/example_xcomargs.py took 0.267 seconds
[2024-08-05T06:04:18.702+0000] {processor.py:154} INFO - Started process (PID=1286) to work on /home/airflow/.local/lib/python3.7/site-packages/airflow/example_dags/example_xcomargs.py
[2024-08-05T06:04:18.703+0000] {processor.py:756} INFO - Processing file /home/airflow/.local/lib/python3.7/site-packages/airflow/example_dags/example_xcomargs.py for tasks to queue
[2024-08-05T06:04:18.704+0000] {logging_mixin.py:120} INFO - [2024-08-05T06:04:18.704+0000] {dagbag.py:537} INFO - Filling up the DagBag from /home/airflow/.local/lib/python3.7/site-packages/airflow/example_dags/example_xcomargs.py
[2024-08-05T06:04:18.721+0000] {processor.py:766} INFO - DAG(s) dict_keys(['example_xcom_args', 'example_xcom_args_with_operators']) retrieved from /home/airflow/.local/lib/python3.7/site-packages/airflow/example_dags/example_xcomargs.py
[2024-08-05T06:04:18.847+0000] {logging_mixin.py:120} INFO - [2024-08-05T06:04:18.846+0000] {dag.py:2585} INFO - Sync 2 DAGs
[2024-08-05T06:04:18.922+0000] {logging_mixin.py:120} INFO - [2024-08-05T06:04:18.922+0000] {dag.py:3340} INFO - Setting next_dagrun for example_xcom_args to None, run_after=None
[2024-08-05T06:04:18.926+0000] {logging_mixin.py:120} INFO - [2024-08-05T06:04:18.926+0000] {dag.py:3340} INFO - Setting next_dagrun for example_xcom_args_with_operators to None, run_after=None
[2024-08-05T06:04:18.943+0000] {processor.py:176} INFO - Processing /home/airflow/.local/lib/python3.7/site-packages/airflow/example_dags/example_xcomargs.py took 0.244 seconds
[2024-08-05T06:04:49.046+0000] {processor.py:154} INFO - Started process (PID=1353) to work on /home/airflow/.local/lib/python3.7/site-packages/airflow/example_dags/example_xcomargs.py
[2024-08-05T06:04:49.047+0000] {processor.py:756} INFO - Processing file /home/airflow/.local/lib/python3.7/site-packages/airflow/example_dags/example_xcomargs.py for tasks to queue
[2024-08-05T06:04:49.049+0000] {logging_mixin.py:120} INFO - [2024-08-05T06:04:49.049+0000] {dagbag.py:537} INFO - Filling up the DagBag from /home/airflow/.local/lib/python3.7/site-packages/airflow/example_dags/example_xcomargs.py
[2024-08-05T06:04:49.081+0000] {processor.py:766} INFO - DAG(s) dict_keys(['example_xcom_args', 'example_xcom_args_with_operators']) retrieved from /home/airflow/.local/lib/python3.7/site-packages/airflow/example_dags/example_xcomargs.py
[2024-08-05T06:04:49.150+0000] {logging_mixin.py:120} INFO - [2024-08-05T06:04:49.150+0000] {dag.py:2585} INFO - Sync 2 DAGs
[2024-08-05T06:04:49.186+0000] {logging_mixin.py:120} INFO - [2024-08-05T06:04:49.186+0000] {dag.py:3340} INFO - Setting next_dagrun for example_xcom_args to None, run_after=None
[2024-08-05T06:04:49.193+0000] {logging_mixin.py:120} INFO - [2024-08-05T06:04:49.193+0000] {dag.py:3340} INFO - Setting next_dagrun for example_xcom_args_with_operators to None, run_after=None
[2024-08-05T06:04:49.239+0000] {processor.py:176} INFO - Processing /home/airflow/.local/lib/python3.7/site-packages/airflow/example_dags/example_xcomargs.py took 0.197 seconds
[2024-08-05T06:05:19.602+0000] {processor.py:154} INFO - Started process (PID=1411) to work on /home/airflow/.local/lib/python3.7/site-packages/airflow/example_dags/example_xcomargs.py
[2024-08-05T06:05:19.605+0000] {processor.py:756} INFO - Processing file /home/airflow/.local/lib/python3.7/site-packages/airflow/example_dags/example_xcomargs.py for tasks to queue
[2024-08-05T06:05:19.608+0000] {logging_mixin.py:120} INFO - [2024-08-05T06:05:19.607+0000] {dagbag.py:537} INFO - Filling up the DagBag from /home/airflow/.local/lib/python3.7/site-packages/airflow/example_dags/example_xcomargs.py
[2024-08-05T06:05:19.661+0000] {processor.py:766} INFO - DAG(s) dict_keys(['example_xcom_args', 'example_xcom_args_with_operators']) retrieved from /home/airflow/.local/lib/python3.7/site-packages/airflow/example_dags/example_xcomargs.py
[2024-08-05T06:05:19.744+0000] {logging_mixin.py:120} INFO - [2024-08-05T06:05:19.744+0000] {dag.py:2585} INFO - Sync 2 DAGs
[2024-08-05T06:05:19.788+0000] {logging_mixin.py:120} INFO - [2024-08-05T06:05:19.788+0000] {dag.py:3340} INFO - Setting next_dagrun for example_xcom_args to None, run_after=None
[2024-08-05T06:05:19.795+0000] {logging_mixin.py:120} INFO - [2024-08-05T06:05:19.794+0000] {dag.py:3340} INFO - Setting next_dagrun for example_xcom_args_with_operators to None, run_after=None
[2024-08-05T06:05:19.828+0000] {processor.py:176} INFO - Processing /home/airflow/.local/lib/python3.7/site-packages/airflow/example_dags/example_xcomargs.py took 0.235 seconds
[2024-08-05T06:05:51.110+0000] {processor.py:154} INFO - Started process (PID=1478) to work on /home/airflow/.local/lib/python3.7/site-packages/airflow/example_dags/example_xcomargs.py
[2024-08-05T06:05:51.112+0000] {processor.py:756} INFO - Processing file /home/airflow/.local/lib/python3.7/site-packages/airflow/example_dags/example_xcomargs.py for tasks to queue
[2024-08-05T06:05:51.113+0000] {logging_mixin.py:120} INFO - [2024-08-05T06:05:51.113+0000] {dagbag.py:537} INFO - Filling up the DagBag from /home/airflow/.local/lib/python3.7/site-packages/airflow/example_dags/example_xcomargs.py
[2024-08-05T06:05:51.140+0000] {processor.py:766} INFO - DAG(s) dict_keys(['example_xcom_args', 'example_xcom_args_with_operators']) retrieved from /home/airflow/.local/lib/python3.7/site-packages/airflow/example_dags/example_xcomargs.py
[2024-08-05T06:05:51.201+0000] {logging_mixin.py:120} INFO - [2024-08-05T06:05:51.201+0000] {dag.py:2585} INFO - Sync 2 DAGs
[2024-08-05T06:05:51.230+0000] {logging_mixin.py:120} INFO - [2024-08-05T06:05:51.230+0000] {dag.py:3340} INFO - Setting next_dagrun for example_xcom_args to None, run_after=None
[2024-08-05T06:05:51.235+0000] {logging_mixin.py:120} INFO - [2024-08-05T06:05:51.235+0000] {dag.py:3340} INFO - Setting next_dagrun for example_xcom_args_with_operators to None, run_after=None
[2024-08-05T06:05:51.262+0000] {processor.py:176} INFO - Processing /home/airflow/.local/lib/python3.7/site-packages/airflow/example_dags/example_xcomargs.py took 0.155 seconds
[2024-08-05T06:06:23.237+0000] {processor.py:154} INFO - Started process (PID=1545) to work on /home/airflow/.local/lib/python3.7/site-packages/airflow/example_dags/example_xcomargs.py
[2024-08-05T06:06:23.239+0000] {processor.py:756} INFO - Processing file /home/airflow/.local/lib/python3.7/site-packages/airflow/example_dags/example_xcomargs.py for tasks to queue
[2024-08-05T06:06:23.240+0000] {logging_mixin.py:120} INFO - [2024-08-05T06:06:23.240+0000] {dagbag.py:537} INFO - Filling up the DagBag from /home/airflow/.local/lib/python3.7/site-packages/airflow/example_dags/example_xcomargs.py
[2024-08-05T06:06:23.274+0000] {processor.py:766} INFO - DAG(s) dict_keys(['example_xcom_args_with_operators', 'example_xcom_args']) retrieved from /home/airflow/.local/lib/python3.7/site-packages/airflow/example_dags/example_xcomargs.py
[2024-08-05T06:06:23.356+0000] {logging_mixin.py:120} INFO - [2024-08-05T06:06:23.355+0000] {dag.py:2585} INFO - Sync 2 DAGs
[2024-08-05T06:06:23.440+0000] {logging_mixin.py:120} INFO - [2024-08-05T06:06:23.440+0000] {dag.py:3340} INFO - Setting next_dagrun for example_xcom_args to None, run_after=None
[2024-08-05T06:06:23.453+0000] {logging_mixin.py:120} INFO - [2024-08-05T06:06:23.452+0000] {dag.py:3340} INFO - Setting next_dagrun for example_xcom_args_with_operators to None, run_after=None
[2024-08-05T06:06:23.487+0000] {processor.py:176} INFO - Processing /home/airflow/.local/lib/python3.7/site-packages/airflow/example_dags/example_xcomargs.py took 0.255 seconds
[2024-08-05T06:06:54.379+0000] {processor.py:154} INFO - Started process (PID=1613) to work on /home/airflow/.local/lib/python3.7/site-packages/airflow/example_dags/example_xcomargs.py
[2024-08-05T06:06:54.380+0000] {processor.py:756} INFO - Processing file /home/airflow/.local/lib/python3.7/site-packages/airflow/example_dags/example_xcomargs.py for tasks to queue
[2024-08-05T06:06:54.381+0000] {logging_mixin.py:120} INFO - [2024-08-05T06:06:54.381+0000] {dagbag.py:537} INFO - Filling up the DagBag from /home/airflow/.local/lib/python3.7/site-packages/airflow/example_dags/example_xcomargs.py
[2024-08-05T06:06:54.400+0000] {processor.py:766} INFO - DAG(s) dict_keys(['example_xcom_args', 'example_xcom_args_with_operators']) retrieved from /home/airflow/.local/lib/python3.7/site-packages/airflow/example_dags/example_xcomargs.py
[2024-08-05T06:06:54.443+0000] {logging_mixin.py:120} INFO - [2024-08-05T06:06:54.443+0000] {dag.py:2585} INFO - Sync 2 DAGs
[2024-08-05T06:06:54.468+0000] {logging_mixin.py:120} INFO - [2024-08-05T06:06:54.468+0000] {dag.py:3340} INFO - Setting next_dagrun for example_xcom_args to None, run_after=None
[2024-08-05T06:06:54.471+0000] {logging_mixin.py:120} INFO - [2024-08-05T06:06:54.471+0000] {dag.py:3340} INFO - Setting next_dagrun for example_xcom_args_with_operators to None, run_after=None
[2024-08-05T06:06:54.497+0000] {processor.py:176} INFO - Processing /home/airflow/.local/lib/python3.7/site-packages/airflow/example_dags/example_xcomargs.py took 0.121 seconds
[2024-08-05T06:07:25.605+0000] {processor.py:154} INFO - Started process (PID=1680) to work on /home/airflow/.local/lib/python3.7/site-packages/airflow/example_dags/example_xcomargs.py
[2024-08-05T06:07:25.607+0000] {processor.py:756} INFO - Processing file /home/airflow/.local/lib/python3.7/site-packages/airflow/example_dags/example_xcomargs.py for tasks to queue
[2024-08-05T06:07:25.609+0000] {logging_mixin.py:120} INFO - [2024-08-05T06:07:25.609+0000] {dagbag.py:537} INFO - Filling up the DagBag from /home/airflow/.local/lib/python3.7/site-packages/airflow/example_dags/example_xcomargs.py
[2024-08-05T06:07:25.636+0000] {processor.py:766} INFO - DAG(s) dict_keys(['example_xcom_args', 'example_xcom_args_with_operators']) retrieved from /home/airflow/.local/lib/python3.7/site-packages/airflow/example_dags/example_xcomargs.py
[2024-08-05T06:07:25.699+0000] {logging_mixin.py:120} INFO - [2024-08-05T06:07:25.699+0000] {dag.py:2585} INFO - Sync 2 DAGs
[2024-08-05T06:07:25.732+0000] {logging_mixin.py:120} INFO - [2024-08-05T06:07:25.732+0000] {dag.py:3340} INFO - Setting next_dagrun for example_xcom_args to None, run_after=None
[2024-08-05T06:07:25.737+0000] {logging_mixin.py:120} INFO - [2024-08-05T06:07:25.736+0000] {dag.py:3340} INFO - Setting next_dagrun for example_xcom_args_with_operators to None, run_after=None
[2024-08-05T06:07:25.769+0000] {processor.py:176} INFO - Processing /home/airflow/.local/lib/python3.7/site-packages/airflow/example_dags/example_xcomargs.py took 0.168 seconds
[2024-08-05T06:07:57.580+0000] {processor.py:154} INFO - Started process (PID=1738) to work on /home/airflow/.local/lib/python3.7/site-packages/airflow/example_dags/example_xcomargs.py
[2024-08-05T06:07:57.625+0000] {processor.py:756} INFO - Processing file /home/airflow/.local/lib/python3.7/site-packages/airflow/example_dags/example_xcomargs.py for tasks to queue
[2024-08-05T06:07:57.642+0000] {logging_mixin.py:120} INFO - [2024-08-05T06:07:57.642+0000] {dagbag.py:537} INFO - Filling up the DagBag from /home/airflow/.local/lib/python3.7/site-packages/airflow/example_dags/example_xcomargs.py
[2024-08-05T06:07:57.689+0000] {processor.py:766} INFO - DAG(s) dict_keys(['example_xcom_args', 'example_xcom_args_with_operators']) retrieved from /home/airflow/.local/lib/python3.7/site-packages/airflow/example_dags/example_xcomargs.py
[2024-08-05T06:07:57.727+0000] {logging_mixin.py:120} INFO - [2024-08-05T06:07:57.727+0000] {dag.py:2585} INFO - Sync 2 DAGs
[2024-08-05T06:07:57.751+0000] {logging_mixin.py:120} INFO - [2024-08-05T06:07:57.751+0000] {dag.py:3340} INFO - Setting next_dagrun for example_xcom_args to None, run_after=None
[2024-08-05T06:07:57.755+0000] {logging_mixin.py:120} INFO - [2024-08-05T06:07:57.755+0000] {dag.py:3340} INFO - Setting next_dagrun for example_xcom_args_with_operators to None, run_after=None
[2024-08-05T06:07:57.776+0000] {processor.py:176} INFO - Processing /home/airflow/.local/lib/python3.7/site-packages/airflow/example_dags/example_xcomargs.py took 0.199 seconds
[2024-08-05T06:08:29.718+0000] {processor.py:154} INFO - Started process (PID=1806) to work on /home/airflow/.local/lib/python3.7/site-packages/airflow/example_dags/example_xcomargs.py
[2024-08-05T06:08:29.724+0000] {processor.py:756} INFO - Processing file /home/airflow/.local/lib/python3.7/site-packages/airflow/example_dags/example_xcomargs.py for tasks to queue
[2024-08-05T06:08:29.726+0000] {logging_mixin.py:120} INFO - [2024-08-05T06:08:29.726+0000] {dagbag.py:537} INFO - Filling up the DagBag from /home/airflow/.local/lib/python3.7/site-packages/airflow/example_dags/example_xcomargs.py
[2024-08-05T06:08:29.756+0000] {processor.py:766} INFO - DAG(s) dict_keys(['example_xcom_args', 'example_xcom_args_with_operators']) retrieved from /home/airflow/.local/lib/python3.7/site-packages/airflow/example_dags/example_xcomargs.py
[2024-08-05T06:08:29.806+0000] {logging_mixin.py:120} INFO - [2024-08-05T06:08:29.806+0000] {dag.py:2585} INFO - Sync 2 DAGs
[2024-08-05T06:08:29.834+0000] {logging_mixin.py:120} INFO - [2024-08-05T06:08:29.834+0000] {dag.py:3340} INFO - Setting next_dagrun for example_xcom_args to None, run_after=None
[2024-08-05T06:08:29.838+0000] {logging_mixin.py:120} INFO - [2024-08-05T06:08:29.838+0000] {dag.py:3340} INFO - Setting next_dagrun for example_xcom_args_with_operators to None, run_after=None
[2024-08-05T06:08:29.865+0000] {processor.py:176} INFO - Processing /home/airflow/.local/lib/python3.7/site-packages/airflow/example_dags/example_xcomargs.py took 0.150 seconds
[2024-08-05T06:09:00.256+0000] {processor.py:154} INFO - Started process (PID=1873) to work on /home/airflow/.local/lib/python3.7/site-packages/airflow/example_dags/example_xcomargs.py
[2024-08-05T06:09:00.257+0000] {processor.py:756} INFO - Processing file /home/airflow/.local/lib/python3.7/site-packages/airflow/example_dags/example_xcomargs.py for tasks to queue
[2024-08-05T06:09:00.258+0000] {logging_mixin.py:120} INFO - [2024-08-05T06:09:00.258+0000] {dagbag.py:537} INFO - Filling up the DagBag from /home/airflow/.local/lib/python3.7/site-packages/airflow/example_dags/example_xcomargs.py
[2024-08-05T06:09:00.278+0000] {processor.py:766} INFO - DAG(s) dict_keys(['example_xcom_args_with_operators', 'example_xcom_args']) retrieved from /home/airflow/.local/lib/python3.7/site-packages/airflow/example_dags/example_xcomargs.py
[2024-08-05T06:09:00.348+0000] {logging_mixin.py:120} INFO - [2024-08-05T06:09:00.347+0000] {dag.py:2585} INFO - Sync 2 DAGs
[2024-08-05T06:09:00.382+0000] {logging_mixin.py:120} INFO - [2024-08-05T06:09:00.382+0000] {dag.py:3340} INFO - Setting next_dagrun for example_xcom_args to None, run_after=None
[2024-08-05T06:09:00.392+0000] {logging_mixin.py:120} INFO - [2024-08-05T06:09:00.392+0000] {dag.py:3340} INFO - Setting next_dagrun for example_xcom_args_with_operators to None, run_after=None
[2024-08-05T06:09:00.423+0000] {processor.py:176} INFO - Processing /home/airflow/.local/lib/python3.7/site-packages/airflow/example_dags/example_xcomargs.py took 0.169 seconds
[2024-08-05T06:09:31.281+0000] {processor.py:154} INFO - Started process (PID=1938) to work on /home/airflow/.local/lib/python3.7/site-packages/airflow/example_dags/example_xcomargs.py
[2024-08-05T06:09:31.282+0000] {processor.py:756} INFO - Processing file /home/airflow/.local/lib/python3.7/site-packages/airflow/example_dags/example_xcomargs.py for tasks to queue
[2024-08-05T06:09:31.283+0000] {logging_mixin.py:120} INFO - [2024-08-05T06:09:31.283+0000] {dagbag.py:537} INFO - Filling up the DagBag from /home/airflow/.local/lib/python3.7/site-packages/airflow/example_dags/example_xcomargs.py
[2024-08-05T06:09:31.316+0000] {processor.py:766} INFO - DAG(s) dict_keys(['example_xcom_args_with_operators', 'example_xcom_args']) retrieved from /home/airflow/.local/lib/python3.7/site-packages/airflow/example_dags/example_xcomargs.py
[2024-08-05T06:09:31.382+0000] {logging_mixin.py:120} INFO - [2024-08-05T06:09:31.382+0000] {dag.py:2585} INFO - Sync 2 DAGs
[2024-08-05T06:09:31.411+0000] {logging_mixin.py:120} INFO - [2024-08-05T06:09:31.411+0000] {dag.py:3340} INFO - Setting next_dagrun for example_xcom_args to None, run_after=None
[2024-08-05T06:09:31.416+0000] {logging_mixin.py:120} INFO - [2024-08-05T06:09:31.416+0000] {dag.py:3340} INFO - Setting next_dagrun for example_xcom_args_with_operators to None, run_after=None
[2024-08-05T06:09:31.446+0000] {processor.py:176} INFO - Processing /home/airflow/.local/lib/python3.7/site-packages/airflow/example_dags/example_xcomargs.py took 0.170 seconds
[2024-08-05T06:10:01.915+0000] {processor.py:154} INFO - Started process (PID=1998) to work on /home/airflow/.local/lib/python3.7/site-packages/airflow/example_dags/example_xcomargs.py
[2024-08-05T06:10:01.916+0000] {processor.py:756} INFO - Processing file /home/airflow/.local/lib/python3.7/site-packages/airflow/example_dags/example_xcomargs.py for tasks to queue
[2024-08-05T06:10:01.917+0000] {logging_mixin.py:120} INFO - [2024-08-05T06:10:01.917+0000] {dagbag.py:537} INFO - Filling up the DagBag from /home/airflow/.local/lib/python3.7/site-packages/airflow/example_dags/example_xcomargs.py
[2024-08-05T06:10:01.938+0000] {processor.py:766} INFO - DAG(s) dict_keys(['example_xcom_args_with_operators', 'example_xcom_args']) retrieved from /home/airflow/.local/lib/python3.7/site-packages/airflow/example_dags/example_xcomargs.py
[2024-08-05T06:10:01.980+0000] {logging_mixin.py:120} INFO - [2024-08-05T06:10:01.980+0000] {dag.py:2585} INFO - Sync 2 DAGs
[2024-08-05T06:10:02.001+0000] {logging_mixin.py:120} INFO - [2024-08-05T06:10:02.001+0000] {dag.py:3340} INFO - Setting next_dagrun for example_xcom_args to None, run_after=None
[2024-08-05T06:10:02.005+0000] {logging_mixin.py:120} INFO - [2024-08-05T06:10:02.005+0000] {dag.py:3340} INFO - Setting next_dagrun for example_xcom_args_with_operators to None, run_after=None
[2024-08-05T06:10:02.029+0000] {processor.py:176} INFO - Processing /home/airflow/.local/lib/python3.7/site-packages/airflow/example_dags/example_xcomargs.py took 0.118 seconds
[2024-08-05T06:10:32.218+0000] {processor.py:154} INFO - Started process (PID=2066) to work on /home/airflow/.local/lib/python3.7/site-packages/airflow/example_dags/example_xcomargs.py
[2024-08-05T06:10:32.220+0000] {processor.py:756} INFO - Processing file /home/airflow/.local/lib/python3.7/site-packages/airflow/example_dags/example_xcomargs.py for tasks to queue
[2024-08-05T06:10:32.221+0000] {logging_mixin.py:120} INFO - [2024-08-05T06:10:32.221+0000] {dagbag.py:537} INFO - Filling up the DagBag from /home/airflow/.local/lib/python3.7/site-packages/airflow/example_dags/example_xcomargs.py
[2024-08-05T06:10:32.256+0000] {processor.py:766} INFO - DAG(s) dict_keys(['example_xcom_args', 'example_xcom_args_with_operators']) retrieved from /home/airflow/.local/lib/python3.7/site-packages/airflow/example_dags/example_xcomargs.py
[2024-08-05T06:10:32.334+0000] {logging_mixin.py:120} INFO - [2024-08-05T06:10:32.334+0000] {dag.py:2585} INFO - Sync 2 DAGs
[2024-08-05T06:10:32.378+0000] {logging_mixin.py:120} INFO - [2024-08-05T06:10:32.378+0000] {dag.py:3340} INFO - Setting next_dagrun for example_xcom_args to None, run_after=None
[2024-08-05T06:10:32.390+0000] {logging_mixin.py:120} INFO - [2024-08-05T06:10:32.390+0000] {dag.py:3340} INFO - Setting next_dagrun for example_xcom_args_with_operators to None, run_after=None
[2024-08-05T06:10:32.439+0000] {processor.py:176} INFO - Processing /home/airflow/.local/lib/python3.7/site-packages/airflow/example_dags/example_xcomargs.py took 0.226 seconds
[2024-08-05T06:11:03.163+0000] {processor.py:154} INFO - Started process (PID=2131) to work on /home/airflow/.local/lib/python3.7/site-packages/airflow/example_dags/example_xcomargs.py
[2024-08-05T06:11:03.164+0000] {processor.py:756} INFO - Processing file /home/airflow/.local/lib/python3.7/site-packages/airflow/example_dags/example_xcomargs.py for tasks to queue
[2024-08-05T06:11:03.166+0000] {logging_mixin.py:120} INFO - [2024-08-05T06:11:03.166+0000] {dagbag.py:537} INFO - Filling up the DagBag from /home/airflow/.local/lib/python3.7/site-packages/airflow/example_dags/example_xcomargs.py
[2024-08-05T06:11:03.207+0000] {processor.py:766} INFO - DAG(s) dict_keys(['example_xcom_args', 'example_xcom_args_with_operators']) retrieved from /home/airflow/.local/lib/python3.7/site-packages/airflow/example_dags/example_xcomargs.py
[2024-08-05T06:11:03.319+0000] {logging_mixin.py:120} INFO - [2024-08-05T06:11:03.318+0000] {dag.py:2585} INFO - Sync 2 DAGs
[2024-08-05T06:11:03.367+0000] {logging_mixin.py:120} INFO - [2024-08-05T06:11:03.367+0000] {dag.py:3340} INFO - Setting next_dagrun for example_xcom_args to None, run_after=None
[2024-08-05T06:11:03.374+0000] {logging_mixin.py:120} INFO - [2024-08-05T06:11:03.373+0000] {dag.py:3340} INFO - Setting next_dagrun for example_xcom_args_with_operators to None, run_after=None
[2024-08-05T06:11:03.410+0000] {processor.py:176} INFO - Processing /home/airflow/.local/lib/python3.7/site-packages/airflow/example_dags/example_xcomargs.py took 0.252 seconds
[2024-08-05T06:11:33.878+0000] {processor.py:154} INFO - Started process (PID=2191) to work on /home/airflow/.local/lib/python3.7/site-packages/airflow/example_dags/example_xcomargs.py
[2024-08-05T06:11:33.879+0000] {processor.py:756} INFO - Processing file /home/airflow/.local/lib/python3.7/site-packages/airflow/example_dags/example_xcomargs.py for tasks to queue
[2024-08-05T06:11:33.880+0000] {logging_mixin.py:120} INFO - [2024-08-05T06:11:33.880+0000] {dagbag.py:537} INFO - Filling up the DagBag from /home/airflow/.local/lib/python3.7/site-packages/airflow/example_dags/example_xcomargs.py
[2024-08-05T06:11:33.905+0000] {processor.py:766} INFO - DAG(s) dict_keys(['example_xcom_args', 'example_xcom_args_with_operators']) retrieved from /home/airflow/.local/lib/python3.7/site-packages/airflow/example_dags/example_xcomargs.py
[2024-08-05T06:11:33.950+0000] {logging_mixin.py:120} INFO - [2024-08-05T06:11:33.950+0000] {dag.py:2585} INFO - Sync 2 DAGs
[2024-08-05T06:11:33.975+0000] {logging_mixin.py:120} INFO - [2024-08-05T06:11:33.975+0000] {dag.py:3340} INFO - Setting next_dagrun for example_xcom_args to None, run_after=None
[2024-08-05T06:11:33.981+0000] {logging_mixin.py:120} INFO - [2024-08-05T06:11:33.980+0000] {dag.py:3340} INFO - Setting next_dagrun for example_xcom_args_with_operators to None, run_after=None
[2024-08-05T06:11:34.012+0000] {processor.py:176} INFO - Processing /home/airflow/.local/lib/python3.7/site-packages/airflow/example_dags/example_xcomargs.py took 0.137 seconds
[2024-08-05T06:12:05.107+0000] {processor.py:154} INFO - Started process (PID=2257) to work on /home/airflow/.local/lib/python3.7/site-packages/airflow/example_dags/example_xcomargs.py
[2024-08-05T06:12:05.109+0000] {processor.py:756} INFO - Processing file /home/airflow/.local/lib/python3.7/site-packages/airflow/example_dags/example_xcomargs.py for tasks to queue
[2024-08-05T06:12:05.110+0000] {logging_mixin.py:120} INFO - [2024-08-05T06:12:05.110+0000] {dagbag.py:537} INFO - Filling up the DagBag from /home/airflow/.local/lib/python3.7/site-packages/airflow/example_dags/example_xcomargs.py
[2024-08-05T06:12:05.141+0000] {processor.py:766} INFO - DAG(s) dict_keys(['example_xcom_args_with_operators', 'example_xcom_args']) retrieved from /home/airflow/.local/lib/python3.7/site-packages/airflow/example_dags/example_xcomargs.py
[2024-08-05T06:12:05.204+0000] {logging_mixin.py:120} INFO - [2024-08-05T06:12:05.204+0000] {dag.py:2585} INFO - Sync 2 DAGs
[2024-08-05T06:12:05.240+0000] {logging_mixin.py:120} INFO - [2024-08-05T06:12:05.240+0000] {dag.py:3340} INFO - Setting next_dagrun for example_xcom_args to None, run_after=None
[2024-08-05T06:12:05.245+0000] {logging_mixin.py:120} INFO - [2024-08-05T06:12:05.245+0000] {dag.py:3340} INFO - Setting next_dagrun for example_xcom_args_with_operators to None, run_after=None
[2024-08-05T06:12:05.274+0000] {processor.py:176} INFO - Processing /home/airflow/.local/lib/python3.7/site-packages/airflow/example_dags/example_xcomargs.py took 0.172 seconds
[2024-08-05T06:12:35.646+0000] {processor.py:154} INFO - Started process (PID=2323) to work on /home/airflow/.local/lib/python3.7/site-packages/airflow/example_dags/example_xcomargs.py
[2024-08-05T06:12:35.648+0000] {processor.py:756} INFO - Processing file /home/airflow/.local/lib/python3.7/site-packages/airflow/example_dags/example_xcomargs.py for tasks to queue
[2024-08-05T06:12:35.650+0000] {logging_mixin.py:120} INFO - [2024-08-05T06:12:35.649+0000] {dagbag.py:537} INFO - Filling up the DagBag from /home/airflow/.local/lib/python3.7/site-packages/airflow/example_dags/example_xcomargs.py
[2024-08-05T06:12:35.687+0000] {processor.py:766} INFO - DAG(s) dict_keys(['example_xcom_args', 'example_xcom_args_with_operators']) retrieved from /home/airflow/.local/lib/python3.7/site-packages/airflow/example_dags/example_xcomargs.py
[2024-08-05T06:12:35.758+0000] {logging_mixin.py:120} INFO - [2024-08-05T06:12:35.758+0000] {dag.py:2585} INFO - Sync 2 DAGs
[2024-08-05T06:12:35.799+0000] {logging_mixin.py:120} INFO - [2024-08-05T06:12:35.799+0000] {dag.py:3340} INFO - Setting next_dagrun for example_xcom_args to None, run_after=None
[2024-08-05T06:12:35.807+0000] {logging_mixin.py:120} INFO - [2024-08-05T06:12:35.806+0000] {dag.py:3340} INFO - Setting next_dagrun for example_xcom_args_with_operators to None, run_after=None
[2024-08-05T06:12:35.841+0000] {processor.py:176} INFO - Processing /home/airflow/.local/lib/python3.7/site-packages/airflow/example_dags/example_xcomargs.py took 0.202 seconds
[2024-08-05T06:13:06.583+0000] {processor.py:154} INFO - Started process (PID=2382) to work on /home/airflow/.local/lib/python3.7/site-packages/airflow/example_dags/example_xcomargs.py
[2024-08-05T06:13:06.585+0000] {processor.py:756} INFO - Processing file /home/airflow/.local/lib/python3.7/site-packages/airflow/example_dags/example_xcomargs.py for tasks to queue
[2024-08-05T06:13:06.586+0000] {logging_mixin.py:120} INFO - [2024-08-05T06:13:06.586+0000] {dagbag.py:537} INFO - Filling up the DagBag from /home/airflow/.local/lib/python3.7/site-packages/airflow/example_dags/example_xcomargs.py
[2024-08-05T06:13:06.613+0000] {processor.py:766} INFO - DAG(s) dict_keys(['example_xcom_args', 'example_xcom_args_with_operators']) retrieved from /home/airflow/.local/lib/python3.7/site-packages/airflow/example_dags/example_xcomargs.py
[2024-08-05T06:13:06.673+0000] {logging_mixin.py:120} INFO - [2024-08-05T06:13:06.673+0000] {dag.py:2585} INFO - Sync 2 DAGs
[2024-08-05T06:13:06.702+0000] {logging_mixin.py:120} INFO - [2024-08-05T06:13:06.702+0000] {dag.py:3340} INFO - Setting next_dagrun for example_xcom_args to None, run_after=None
[2024-08-05T06:13:06.707+0000] {logging_mixin.py:120} INFO - [2024-08-05T06:13:06.707+0000] {dag.py:3340} INFO - Setting next_dagrun for example_xcom_args_with_operators to None, run_after=None
[2024-08-05T06:13:06.731+0000] {processor.py:176} INFO - Processing /home/airflow/.local/lib/python3.7/site-packages/airflow/example_dags/example_xcomargs.py took 0.151 seconds
[2024-08-05T06:13:37.537+0000] {processor.py:154} INFO - Started process (PID=2449) to work on /home/airflow/.local/lib/python3.7/site-packages/airflow/example_dags/example_xcomargs.py
[2024-08-05T06:13:37.539+0000] {processor.py:756} INFO - Processing file /home/airflow/.local/lib/python3.7/site-packages/airflow/example_dags/example_xcomargs.py for tasks to queue
[2024-08-05T06:13:37.540+0000] {logging_mixin.py:120} INFO - [2024-08-05T06:13:37.540+0000] {dagbag.py:537} INFO - Filling up the DagBag from /home/airflow/.local/lib/python3.7/site-packages/airflow/example_dags/example_xcomargs.py
[2024-08-05T06:13:37.597+0000] {processor.py:766} INFO - DAG(s) dict_keys(['example_xcom_args', 'example_xcom_args_with_operators']) retrieved from /home/airflow/.local/lib/python3.7/site-packages/airflow/example_dags/example_xcomargs.py
[2024-08-05T06:13:37.675+0000] {logging_mixin.py:120} INFO - [2024-08-05T06:13:37.675+0000] {dag.py:2585} INFO - Sync 2 DAGs
[2024-08-05T06:13:37.703+0000] {logging_mixin.py:120} INFO - [2024-08-05T06:13:37.703+0000] {dag.py:3340} INFO - Setting next_dagrun for example_xcom_args to None, run_after=None
[2024-08-05T06:13:37.709+0000] {logging_mixin.py:120} INFO - [2024-08-05T06:13:37.709+0000] {dag.py:3340} INFO - Setting next_dagrun for example_xcom_args_with_operators to None, run_after=None
[2024-08-05T06:13:37.774+0000] {processor.py:176} INFO - Processing /home/airflow/.local/lib/python3.7/site-packages/airflow/example_dags/example_xcomargs.py took 0.249 seconds
[2024-08-05T06:14:08.417+0000] {processor.py:154} INFO - Started process (PID=2516) to work on /home/airflow/.local/lib/python3.7/site-packages/airflow/example_dags/example_xcomargs.py
[2024-08-05T06:14:08.418+0000] {processor.py:756} INFO - Processing file /home/airflow/.local/lib/python3.7/site-packages/airflow/example_dags/example_xcomargs.py for tasks to queue
[2024-08-05T06:14:08.419+0000] {logging_mixin.py:120} INFO - [2024-08-05T06:14:08.419+0000] {dagbag.py:537} INFO - Filling up the DagBag from /home/airflow/.local/lib/python3.7/site-packages/airflow/example_dags/example_xcomargs.py
[2024-08-05T06:14:08.439+0000] {processor.py:766} INFO - DAG(s) dict_keys(['example_xcom_args_with_operators', 'example_xcom_args']) retrieved from /home/airflow/.local/lib/python3.7/site-packages/airflow/example_dags/example_xcomargs.py
[2024-08-05T06:14:08.488+0000] {logging_mixin.py:120} INFO - [2024-08-05T06:14:08.488+0000] {dag.py:2585} INFO - Sync 2 DAGs
[2024-08-05T06:14:08.520+0000] {logging_mixin.py:120} INFO - [2024-08-05T06:14:08.520+0000] {dag.py:3340} INFO - Setting next_dagrun for example_xcom_args to None, run_after=None
[2024-08-05T06:14:08.525+0000] {logging_mixin.py:120} INFO - [2024-08-05T06:14:08.525+0000] {dag.py:3340} INFO - Setting next_dagrun for example_xcom_args_with_operators to None, run_after=None
[2024-08-05T06:14:08.554+0000] {processor.py:176} INFO - Processing /home/airflow/.local/lib/python3.7/site-packages/airflow/example_dags/example_xcomargs.py took 0.140 seconds
[2024-08-05T06:14:39.841+0000] {processor.py:154} INFO - Started process (PID=2583) to work on /home/airflow/.local/lib/python3.7/site-packages/airflow/example_dags/example_xcomargs.py
[2024-08-05T06:14:39.847+0000] {processor.py:756} INFO - Processing file /home/airflow/.local/lib/python3.7/site-packages/airflow/example_dags/example_xcomargs.py for tasks to queue
[2024-08-05T06:14:39.850+0000] {logging_mixin.py:120} INFO - [2024-08-05T06:14:39.849+0000] {dagbag.py:537} INFO - Filling up the DagBag from /home/airflow/.local/lib/python3.7/site-packages/airflow/example_dags/example_xcomargs.py
[2024-08-05T06:14:39.921+0000] {processor.py:766} INFO - DAG(s) dict_keys(['example_xcom_args', 'example_xcom_args_with_operators']) retrieved from /home/airflow/.local/lib/python3.7/site-packages/airflow/example_dags/example_xcomargs.py
[2024-08-05T06:14:40.024+0000] {logging_mixin.py:120} INFO - [2024-08-05T06:14:40.023+0000] {dag.py:2585} INFO - Sync 2 DAGs
[2024-08-05T06:14:40.114+0000] {logging_mixin.py:120} INFO - [2024-08-05T06:14:40.114+0000] {dag.py:3340} INFO - Setting next_dagrun for example_xcom_args to None, run_after=None
[2024-08-05T06:14:40.124+0000] {logging_mixin.py:120} INFO - [2024-08-05T06:14:40.124+0000] {dag.py:3340} INFO - Setting next_dagrun for example_xcom_args_with_operators to None, run_after=None
[2024-08-05T06:14:40.172+0000] {processor.py:176} INFO - Processing /home/airflow/.local/lib/python3.7/site-packages/airflow/example_dags/example_xcomargs.py took 0.339 seconds
[2024-08-05T06:15:10.354+0000] {processor.py:154} INFO - Started process (PID=2641) to work on /home/airflow/.local/lib/python3.7/site-packages/airflow/example_dags/example_xcomargs.py
[2024-08-05T06:15:10.357+0000] {processor.py:756} INFO - Processing file /home/airflow/.local/lib/python3.7/site-packages/airflow/example_dags/example_xcomargs.py for tasks to queue
[2024-08-05T06:15:10.359+0000] {logging_mixin.py:120} INFO - [2024-08-05T06:15:10.359+0000] {dagbag.py:537} INFO - Filling up the DagBag from /home/airflow/.local/lib/python3.7/site-packages/airflow/example_dags/example_xcomargs.py
[2024-08-05T06:15:10.391+0000] {processor.py:766} INFO - DAG(s) dict_keys(['example_xcom_args_with_operators', 'example_xcom_args']) retrieved from /home/airflow/.local/lib/python3.7/site-packages/airflow/example_dags/example_xcomargs.py
[2024-08-05T06:15:10.436+0000] {logging_mixin.py:120} INFO - [2024-08-05T06:15:10.436+0000] {dag.py:2585} INFO - Sync 2 DAGs
[2024-08-05T06:15:10.463+0000] {logging_mixin.py:120} INFO - [2024-08-05T06:15:10.463+0000] {dag.py:3340} INFO - Setting next_dagrun for example_xcom_args to None, run_after=None
[2024-08-05T06:15:10.467+0000] {logging_mixin.py:120} INFO - [2024-08-05T06:15:10.467+0000] {dag.py:3340} INFO - Setting next_dagrun for example_xcom_args_with_operators to None, run_after=None
[2024-08-05T06:15:10.490+0000] {processor.py:176} INFO - Processing /home/airflow/.local/lib/python3.7/site-packages/airflow/example_dags/example_xcomargs.py took 0.144 seconds
[2024-08-05T06:15:41.141+0000] {processor.py:154} INFO - Started process (PID=2709) to work on /home/airflow/.local/lib/python3.7/site-packages/airflow/example_dags/example_xcomargs.py
[2024-08-05T06:15:41.143+0000] {processor.py:756} INFO - Processing file /home/airflow/.local/lib/python3.7/site-packages/airflow/example_dags/example_xcomargs.py for tasks to queue
[2024-08-05T06:15:41.145+0000] {logging_mixin.py:120} INFO - [2024-08-05T06:15:41.144+0000] {dagbag.py:537} INFO - Filling up the DagBag from /home/airflow/.local/lib/python3.7/site-packages/airflow/example_dags/example_xcomargs.py
[2024-08-05T06:15:41.173+0000] {processor.py:766} INFO - DAG(s) dict_keys(['example_xcom_args', 'example_xcom_args_with_operators']) retrieved from /home/airflow/.local/lib/python3.7/site-packages/airflow/example_dags/example_xcomargs.py
[2024-08-05T06:15:41.223+0000] {logging_mixin.py:120} INFO - [2024-08-05T06:15:41.223+0000] {dag.py:2585} INFO - Sync 2 DAGs
[2024-08-05T06:15:41.248+0000] {logging_mixin.py:120} INFO - [2024-08-05T06:15:41.248+0000] {dag.py:3340} INFO - Setting next_dagrun for example_xcom_args to None, run_after=None
[2024-08-05T06:15:41.252+0000] {logging_mixin.py:120} INFO - [2024-08-05T06:15:41.252+0000] {dag.py:3340} INFO - Setting next_dagrun for example_xcom_args_with_operators to None, run_after=None
[2024-08-05T06:15:41.271+0000] {processor.py:176} INFO - Processing /home/airflow/.local/lib/python3.7/site-packages/airflow/example_dags/example_xcomargs.py took 0.134 seconds
[2024-08-05T06:16:16.443+0000] {processor.py:154} INFO - Started process (PID=2776) to work on /home/airflow/.local/lib/python3.7/site-packages/airflow/example_dags/example_xcomargs.py
[2024-08-05T06:16:16.444+0000] {processor.py:756} INFO - Processing file /home/airflow/.local/lib/python3.7/site-packages/airflow/example_dags/example_xcomargs.py for tasks to queue
[2024-08-05T06:16:16.444+0000] {logging_mixin.py:120} INFO - [2024-08-05T06:16:16.444+0000] {dagbag.py:537} INFO - Filling up the DagBag from /home/airflow/.local/lib/python3.7/site-packages/airflow/example_dags/example_xcomargs.py
[2024-08-05T06:16:16.466+0000] {processor.py:766} INFO - DAG(s) dict_keys(['example_xcom_args', 'example_xcom_args_with_operators']) retrieved from /home/airflow/.local/lib/python3.7/site-packages/airflow/example_dags/example_xcomargs.py
[2024-08-05T06:16:16.515+0000] {logging_mixin.py:120} INFO - [2024-08-05T06:16:16.515+0000] {dag.py:2585} INFO - Sync 2 DAGs
[2024-08-05T06:16:16.544+0000] {logging_mixin.py:120} INFO - [2024-08-05T06:16:16.543+0000] {dag.py:3340} INFO - Setting next_dagrun for example_xcom_args to None, run_after=None
[2024-08-05T06:16:16.549+0000] {logging_mixin.py:120} INFO - [2024-08-05T06:16:16.548+0000] {dag.py:3340} INFO - Setting next_dagrun for example_xcom_args_with_operators to None, run_after=None
[2024-08-05T06:16:16.567+0000] {processor.py:176} INFO - Processing /home/airflow/.local/lib/python3.7/site-packages/airflow/example_dags/example_xcomargs.py took 0.129 seconds
[2024-08-05T06:22:35.370+0000] {processor.py:154} INFO - Started process (PID=2833) to work on /home/airflow/.local/lib/python3.7/site-packages/airflow/example_dags/example_xcomargs.py
[2024-08-05T06:22:35.377+0000] {processor.py:756} INFO - Processing file /home/airflow/.local/lib/python3.7/site-packages/airflow/example_dags/example_xcomargs.py for tasks to queue
[2024-08-05T06:22:35.389+0000] {logging_mixin.py:120} INFO - [2024-08-05T06:22:35.388+0000] {dagbag.py:537} INFO - Filling up the DagBag from /home/airflow/.local/lib/python3.7/site-packages/airflow/example_dags/example_xcomargs.py
[2024-08-05T06:22:35.430+0000] {processor.py:766} INFO - DAG(s) dict_keys(['example_xcom_args_with_operators', 'example_xcom_args']) retrieved from /home/airflow/.local/lib/python3.7/site-packages/airflow/example_dags/example_xcomargs.py
[2024-08-05T06:22:35.536+0000] {logging_mixin.py:120} INFO - [2024-08-05T06:22:35.536+0000] {dag.py:2585} INFO - Sync 2 DAGs
[2024-08-05T06:22:35.604+0000] {logging_mixin.py:120} INFO - [2024-08-05T06:22:35.604+0000] {dag.py:3340} INFO - Setting next_dagrun for example_xcom_args to None, run_after=None
[2024-08-05T06:22:35.615+0000] {logging_mixin.py:120} INFO - [2024-08-05T06:22:35.615+0000] {dag.py:3340} INFO - Setting next_dagrun for example_xcom_args_with_operators to None, run_after=None
[2024-08-05T06:22:35.661+0000] {processor.py:176} INFO - Processing /home/airflow/.local/lib/python3.7/site-packages/airflow/example_dags/example_xcomargs.py took 0.299 seconds
[2024-08-05T06:23:06.104+0000] {processor.py:154} INFO - Started process (PID=2900) to work on /home/airflow/.local/lib/python3.7/site-packages/airflow/example_dags/example_xcomargs.py
[2024-08-05T06:23:06.105+0000] {processor.py:756} INFO - Processing file /home/airflow/.local/lib/python3.7/site-packages/airflow/example_dags/example_xcomargs.py for tasks to queue
[2024-08-05T06:23:06.106+0000] {logging_mixin.py:120} INFO - [2024-08-05T06:23:06.106+0000] {dagbag.py:537} INFO - Filling up the DagBag from /home/airflow/.local/lib/python3.7/site-packages/airflow/example_dags/example_xcomargs.py
[2024-08-05T06:23:06.145+0000] {processor.py:766} INFO - DAG(s) dict_keys(['example_xcom_args', 'example_xcom_args_with_operators']) retrieved from /home/airflow/.local/lib/python3.7/site-packages/airflow/example_dags/example_xcomargs.py
[2024-08-05T06:23:06.229+0000] {logging_mixin.py:120} INFO - [2024-08-05T06:23:06.229+0000] {dag.py:2585} INFO - Sync 2 DAGs
[2024-08-05T06:23:06.355+0000] {logging_mixin.py:120} INFO - [2024-08-05T06:23:06.355+0000] {dag.py:3340} INFO - Setting next_dagrun for example_xcom_args to None, run_after=None
[2024-08-05T06:23:06.478+0000] {logging_mixin.py:120} INFO - [2024-08-05T06:23:06.478+0000] {dag.py:3340} INFO - Setting next_dagrun for example_xcom_args_with_operators to None, run_after=None
[2024-08-05T06:23:06.509+0000] {processor.py:176} INFO - Processing /home/airflow/.local/lib/python3.7/site-packages/airflow/example_dags/example_xcomargs.py took 0.408 seconds
[2024-08-05T06:23:38.766+0000] {processor.py:154} INFO - Started process (PID=2967) to work on /home/airflow/.local/lib/python3.7/site-packages/airflow/example_dags/example_xcomargs.py
[2024-08-05T06:23:38.792+0000] {processor.py:756} INFO - Processing file /home/airflow/.local/lib/python3.7/site-packages/airflow/example_dags/example_xcomargs.py for tasks to queue
[2024-08-05T06:23:38.805+0000] {logging_mixin.py:120} INFO - [2024-08-05T06:23:38.805+0000] {dagbag.py:537} INFO - Filling up the DagBag from /home/airflow/.local/lib/python3.7/site-packages/airflow/example_dags/example_xcomargs.py
[2024-08-05T06:23:38.862+0000] {processor.py:766} INFO - DAG(s) dict_keys(['example_xcom_args_with_operators', 'example_xcom_args']) retrieved from /home/airflow/.local/lib/python3.7/site-packages/airflow/example_dags/example_xcomargs.py
[2024-08-05T06:23:38.924+0000] {logging_mixin.py:120} INFO - [2024-08-05T06:23:38.923+0000] {dag.py:2585} INFO - Sync 2 DAGs
[2024-08-05T06:23:38.960+0000] {logging_mixin.py:120} INFO - [2024-08-05T06:23:38.960+0000] {dag.py:3340} INFO - Setting next_dagrun for example_xcom_args to None, run_after=None
[2024-08-05T06:23:38.994+0000] {logging_mixin.py:120} INFO - [2024-08-05T06:23:38.994+0000] {dag.py:3340} INFO - Setting next_dagrun for example_xcom_args_with_operators to None, run_after=None
[2024-08-05T06:23:39.119+0000] {processor.py:176} INFO - Processing /home/airflow/.local/lib/python3.7/site-packages/airflow/example_dags/example_xcomargs.py took 0.358 seconds
[2024-08-05T06:24:09.623+0000] {processor.py:154} INFO - Started process (PID=3026) to work on /home/airflow/.local/lib/python3.7/site-packages/airflow/example_dags/example_xcomargs.py
[2024-08-05T06:24:09.625+0000] {processor.py:756} INFO - Processing file /home/airflow/.local/lib/python3.7/site-packages/airflow/example_dags/example_xcomargs.py for tasks to queue
[2024-08-05T06:24:09.627+0000] {logging_mixin.py:120} INFO - [2024-08-05T06:24:09.627+0000] {dagbag.py:537} INFO - Filling up the DagBag from /home/airflow/.local/lib/python3.7/site-packages/airflow/example_dags/example_xcomargs.py
[2024-08-05T06:24:09.665+0000] {processor.py:766} INFO - DAG(s) dict_keys(['example_xcom_args', 'example_xcom_args_with_operators']) retrieved from /home/airflow/.local/lib/python3.7/site-packages/airflow/example_dags/example_xcomargs.py
[2024-08-05T06:24:09.754+0000] {logging_mixin.py:120} INFO - [2024-08-05T06:24:09.754+0000] {dag.py:2585} INFO - Sync 2 DAGs
[2024-08-05T06:24:10.043+0000] {logging_mixin.py:120} INFO - [2024-08-05T06:24:10.043+0000] {dag.py:3340} INFO - Setting next_dagrun for example_xcom_args to None, run_after=None
[2024-08-05T06:24:10.080+0000] {logging_mixin.py:120} INFO - [2024-08-05T06:24:10.080+0000] {dag.py:3340} INFO - Setting next_dagrun for example_xcom_args_with_operators to None, run_after=None
[2024-08-05T06:24:10.150+0000] {processor.py:176} INFO - Processing /home/airflow/.local/lib/python3.7/site-packages/airflow/example_dags/example_xcomargs.py took 0.531 seconds
[2024-08-05T06:24:40.890+0000] {processor.py:154} INFO - Started process (PID=3093) to work on /home/airflow/.local/lib/python3.7/site-packages/airflow/example_dags/example_xcomargs.py
[2024-08-05T06:24:40.911+0000] {processor.py:756} INFO - Processing file /home/airflow/.local/lib/python3.7/site-packages/airflow/example_dags/example_xcomargs.py for tasks to queue
[2024-08-05T06:24:40.915+0000] {logging_mixin.py:120} INFO - [2024-08-05T06:24:40.915+0000] {dagbag.py:537} INFO - Filling up the DagBag from /home/airflow/.local/lib/python3.7/site-packages/airflow/example_dags/example_xcomargs.py
[2024-08-05T06:24:40.983+0000] {processor.py:766} INFO - DAG(s) dict_keys(['example_xcom_args', 'example_xcom_args_with_operators']) retrieved from /home/airflow/.local/lib/python3.7/site-packages/airflow/example_dags/example_xcomargs.py
[2024-08-05T06:24:41.116+0000] {logging_mixin.py:120} INFO - [2024-08-05T06:24:41.115+0000] {dag.py:2585} INFO - Sync 2 DAGs
[2024-08-05T06:24:41.208+0000] {logging_mixin.py:120} INFO - [2024-08-05T06:24:41.208+0000] {dag.py:3340} INFO - Setting next_dagrun for example_xcom_args to None, run_after=None
[2024-08-05T06:24:41.287+0000] {logging_mixin.py:120} INFO - [2024-08-05T06:24:41.287+0000] {dag.py:3340} INFO - Setting next_dagrun for example_xcom_args_with_operators to None, run_after=None
[2024-08-05T06:24:41.325+0000] {processor.py:176} INFO - Processing /home/airflow/.local/lib/python3.7/site-packages/airflow/example_dags/example_xcomargs.py took 0.439 seconds
[2024-08-05T06:25:13.884+0000] {processor.py:154} INFO - Started process (PID=3160) to work on /home/airflow/.local/lib/python3.7/site-packages/airflow/example_dags/example_xcomargs.py
[2024-08-05T06:25:13.885+0000] {processor.py:756} INFO - Processing file /home/airflow/.local/lib/python3.7/site-packages/airflow/example_dags/example_xcomargs.py for tasks to queue
[2024-08-05T06:25:13.886+0000] {logging_mixin.py:120} INFO - [2024-08-05T06:25:13.886+0000] {dagbag.py:537} INFO - Filling up the DagBag from /home/airflow/.local/lib/python3.7/site-packages/airflow/example_dags/example_xcomargs.py
[2024-08-05T06:25:13.911+0000] {processor.py:766} INFO - DAG(s) dict_keys(['example_xcom_args', 'example_xcom_args_with_operators']) retrieved from /home/airflow/.local/lib/python3.7/site-packages/airflow/example_dags/example_xcomargs.py
[2024-08-05T06:25:13.962+0000] {logging_mixin.py:120} INFO - [2024-08-05T06:25:13.962+0000] {dag.py:2585} INFO - Sync 2 DAGs
[2024-08-05T06:25:14.063+0000] {logging_mixin.py:120} INFO - [2024-08-05T06:25:14.063+0000] {dag.py:3340} INFO - Setting next_dagrun for example_xcom_args to None, run_after=None
[2024-08-05T06:25:14.120+0000] {logging_mixin.py:120} INFO - [2024-08-05T06:25:14.119+0000] {dag.py:3340} INFO - Setting next_dagrun for example_xcom_args_with_operators to None, run_after=None
[2024-08-05T06:25:14.466+0000] {processor.py:176} INFO - Processing /home/airflow/.local/lib/python3.7/site-packages/airflow/example_dags/example_xcomargs.py took 0.586 seconds
[2024-08-05T06:25:45.292+0000] {processor.py:154} INFO - Started process (PID=3218) to work on /home/airflow/.local/lib/python3.7/site-packages/airflow/example_dags/example_xcomargs.py
[2024-08-05T06:25:45.298+0000] {processor.py:756} INFO - Processing file /home/airflow/.local/lib/python3.7/site-packages/airflow/example_dags/example_xcomargs.py for tasks to queue
[2024-08-05T06:25:45.299+0000] {logging_mixin.py:120} INFO - [2024-08-05T06:25:45.299+0000] {dagbag.py:537} INFO - Filling up the DagBag from /home/airflow/.local/lib/python3.7/site-packages/airflow/example_dags/example_xcomargs.py
[2024-08-05T06:25:45.339+0000] {processor.py:766} INFO - DAG(s) dict_keys(['example_xcom_args_with_operators', 'example_xcom_args']) retrieved from /home/airflow/.local/lib/python3.7/site-packages/airflow/example_dags/example_xcomargs.py
[2024-08-05T06:25:45.417+0000] {logging_mixin.py:120} INFO - [2024-08-05T06:25:45.417+0000] {dag.py:2585} INFO - Sync 2 DAGs
[2024-08-05T06:25:45.490+0000] {logging_mixin.py:120} INFO - [2024-08-05T06:25:45.489+0000] {dag.py:3340} INFO - Setting next_dagrun for example_xcom_args to None, run_after=None
[2024-08-05T06:25:45.574+0000] {logging_mixin.py:120} INFO - [2024-08-05T06:25:45.574+0000] {dag.py:3340} INFO - Setting next_dagrun for example_xcom_args_with_operators to None, run_after=None
[2024-08-05T06:25:45.821+0000] {processor.py:176} INFO - Processing /home/airflow/.local/lib/python3.7/site-packages/airflow/example_dags/example_xcomargs.py took 0.532 seconds
[2024-08-05T06:26:17.715+0000] {processor.py:154} INFO - Started process (PID=3285) to work on /home/airflow/.local/lib/python3.7/site-packages/airflow/example_dags/example_xcomargs.py
[2024-08-05T06:26:17.717+0000] {processor.py:756} INFO - Processing file /home/airflow/.local/lib/python3.7/site-packages/airflow/example_dags/example_xcomargs.py for tasks to queue
[2024-08-05T06:26:17.718+0000] {logging_mixin.py:120} INFO - [2024-08-05T06:26:17.717+0000] {dagbag.py:537} INFO - Filling up the DagBag from /home/airflow/.local/lib/python3.7/site-packages/airflow/example_dags/example_xcomargs.py
[2024-08-05T06:26:17.763+0000] {processor.py:766} INFO - DAG(s) dict_keys(['example_xcom_args_with_operators', 'example_xcom_args']) retrieved from /home/airflow/.local/lib/python3.7/site-packages/airflow/example_dags/example_xcomargs.py
[2024-08-05T06:26:17.847+0000] {logging_mixin.py:120} INFO - [2024-08-05T06:26:17.846+0000] {dag.py:2585} INFO - Sync 2 DAGs
[2024-08-05T06:26:17.885+0000] {logging_mixin.py:120} INFO - [2024-08-05T06:26:17.885+0000] {dag.py:3340} INFO - Setting next_dagrun for example_xcom_args to None, run_after=None
[2024-08-05T06:26:17.893+0000] {logging_mixin.py:120} INFO - [2024-08-05T06:26:17.893+0000] {dag.py:3340} INFO - Setting next_dagrun for example_xcom_args_with_operators to None, run_after=None
[2024-08-05T06:26:17.915+0000] {processor.py:176} INFO - Processing /home/airflow/.local/lib/python3.7/site-packages/airflow/example_dags/example_xcomargs.py took 0.204 seconds
[2024-08-05T06:26:48.635+0000] {processor.py:154} INFO - Started process (PID=3352) to work on /home/airflow/.local/lib/python3.7/site-packages/airflow/example_dags/example_xcomargs.py
[2024-08-05T06:26:48.638+0000] {processor.py:756} INFO - Processing file /home/airflow/.local/lib/python3.7/site-packages/airflow/example_dags/example_xcomargs.py for tasks to queue
[2024-08-05T06:26:48.640+0000] {logging_mixin.py:120} INFO - [2024-08-05T06:26:48.640+0000] {dagbag.py:537} INFO - Filling up the DagBag from /home/airflow/.local/lib/python3.7/site-packages/airflow/example_dags/example_xcomargs.py
[2024-08-05T06:26:48.698+0000] {processor.py:766} INFO - DAG(s) dict_keys(['example_xcom_args_with_operators', 'example_xcom_args']) retrieved from /home/airflow/.local/lib/python3.7/site-packages/airflow/example_dags/example_xcomargs.py
[2024-08-05T06:26:48.815+0000] {logging_mixin.py:120} INFO - [2024-08-05T06:26:48.814+0000] {dag.py:2585} INFO - Sync 2 DAGs
[2024-08-05T06:26:48.875+0000] {logging_mixin.py:120} INFO - [2024-08-05T06:26:48.875+0000] {dag.py:3340} INFO - Setting next_dagrun for example_xcom_args to None, run_after=None
[2024-08-05T06:26:48.884+0000] {logging_mixin.py:120} INFO - [2024-08-05T06:26:48.883+0000] {dag.py:3340} INFO - Setting next_dagrun for example_xcom_args_with_operators to None, run_after=None
[2024-08-05T06:26:48.928+0000] {processor.py:176} INFO - Processing /home/airflow/.local/lib/python3.7/site-packages/airflow/example_dags/example_xcomargs.py took 0.302 seconds
[2024-08-05T06:27:25.182+0000] {processor.py:154} INFO - Started process (PID=3419) to work on /home/airflow/.local/lib/python3.7/site-packages/airflow/example_dags/example_xcomargs.py
[2024-08-05T06:27:25.184+0000] {processor.py:756} INFO - Processing file /home/airflow/.local/lib/python3.7/site-packages/airflow/example_dags/example_xcomargs.py for tasks to queue
[2024-08-05T06:27:25.186+0000] {logging_mixin.py:120} INFO - [2024-08-05T06:27:25.186+0000] {dagbag.py:537} INFO - Filling up the DagBag from /home/airflow/.local/lib/python3.7/site-packages/airflow/example_dags/example_xcomargs.py
[2024-08-05T06:27:25.222+0000] {processor.py:766} INFO - DAG(s) dict_keys(['example_xcom_args_with_operators', 'example_xcom_args']) retrieved from /home/airflow/.local/lib/python3.7/site-packages/airflow/example_dags/example_xcomargs.py
[2024-08-05T06:27:25.287+0000] {logging_mixin.py:120} INFO - [2024-08-05T06:27:25.287+0000] {dag.py:2585} INFO - Sync 2 DAGs
[2024-08-05T06:27:25.339+0000] {logging_mixin.py:120} INFO - [2024-08-05T06:27:25.338+0000] {dag.py:3340} INFO - Setting next_dagrun for example_xcom_args to None, run_after=None
[2024-08-05T06:27:25.347+0000] {logging_mixin.py:120} INFO - [2024-08-05T06:27:25.346+0000] {dag.py:3340} INFO - Setting next_dagrun for example_xcom_args_with_operators to None, run_after=None
[2024-08-05T06:27:25.391+0000] {processor.py:176} INFO - Processing /home/airflow/.local/lib/python3.7/site-packages/airflow/example_dags/example_xcomargs.py took 0.214 seconds
[2024-08-05T06:27:57.062+0000] {processor.py:154} INFO - Started process (PID=3478) to work on /home/airflow/.local/lib/python3.7/site-packages/airflow/example_dags/example_xcomargs.py
[2024-08-05T06:27:57.086+0000] {processor.py:756} INFO - Processing file /home/airflow/.local/lib/python3.7/site-packages/airflow/example_dags/example_xcomargs.py for tasks to queue
[2024-08-05T06:27:57.128+0000] {logging_mixin.py:120} INFO - [2024-08-05T06:27:57.128+0000] {dagbag.py:537} INFO - Filling up the DagBag from /home/airflow/.local/lib/python3.7/site-packages/airflow/example_dags/example_xcomargs.py
[2024-08-05T06:27:57.179+0000] {processor.py:766} INFO - DAG(s) dict_keys(['example_xcom_args', 'example_xcom_args_with_operators']) retrieved from /home/airflow/.local/lib/python3.7/site-packages/airflow/example_dags/example_xcomargs.py
[2024-08-05T06:27:57.279+0000] {logging_mixin.py:120} INFO - [2024-08-05T06:27:57.279+0000] {dag.py:2585} INFO - Sync 2 DAGs
[2024-08-05T06:27:57.403+0000] {logging_mixin.py:120} INFO - [2024-08-05T06:27:57.403+0000] {dag.py:3340} INFO - Setting next_dagrun for example_xcom_args to None, run_after=None
[2024-08-05T06:27:57.450+0000] {logging_mixin.py:120} INFO - [2024-08-05T06:27:57.450+0000] {dag.py:3340} INFO - Setting next_dagrun for example_xcom_args_with_operators to None, run_after=None
[2024-08-05T06:27:57.556+0000] {processor.py:176} INFO - Processing /home/airflow/.local/lib/python3.7/site-packages/airflow/example_dags/example_xcomargs.py took 0.497 seconds
[2024-08-05T06:28:28.052+0000] {processor.py:154} INFO - Started process (PID=3545) to work on /home/airflow/.local/lib/python3.7/site-packages/airflow/example_dags/example_xcomargs.py
[2024-08-05T06:28:28.058+0000] {processor.py:756} INFO - Processing file /home/airflow/.local/lib/python3.7/site-packages/airflow/example_dags/example_xcomargs.py for tasks to queue
[2024-08-05T06:28:28.059+0000] {logging_mixin.py:120} INFO - [2024-08-05T06:28:28.059+0000] {dagbag.py:537} INFO - Filling up the DagBag from /home/airflow/.local/lib/python3.7/site-packages/airflow/example_dags/example_xcomargs.py
[2024-08-05T06:28:28.111+0000] {processor.py:766} INFO - DAG(s) dict_keys(['example_xcom_args', 'example_xcom_args_with_operators']) retrieved from /home/airflow/.local/lib/python3.7/site-packages/airflow/example_dags/example_xcomargs.py
[2024-08-05T06:28:28.183+0000] {logging_mixin.py:120} INFO - [2024-08-05T06:28:28.182+0000] {dag.py:2585} INFO - Sync 2 DAGs
[2024-08-05T06:28:28.386+0000] {logging_mixin.py:120} INFO - [2024-08-05T06:28:28.385+0000] {dag.py:3340} INFO - Setting next_dagrun for example_xcom_args to None, run_after=None
[2024-08-05T06:28:28.399+0000] {logging_mixin.py:120} INFO - [2024-08-05T06:28:28.399+0000] {dag.py:3340} INFO - Setting next_dagrun for example_xcom_args_with_operators to None, run_after=None
[2024-08-05T06:28:28.464+0000] {processor.py:176} INFO - Processing /home/airflow/.local/lib/python3.7/site-packages/airflow/example_dags/example_xcomargs.py took 0.416 seconds
[2024-08-05T06:28:58.637+0000] {processor.py:154} INFO - Started process (PID=3612) to work on /home/airflow/.local/lib/python3.7/site-packages/airflow/example_dags/example_xcomargs.py
[2024-08-05T06:28:58.639+0000] {processor.py:756} INFO - Processing file /home/airflow/.local/lib/python3.7/site-packages/airflow/example_dags/example_xcomargs.py for tasks to queue
[2024-08-05T06:28:58.643+0000] {logging_mixin.py:120} INFO - [2024-08-05T06:28:58.643+0000] {dagbag.py:537} INFO - Filling up the DagBag from /home/airflow/.local/lib/python3.7/site-packages/airflow/example_dags/example_xcomargs.py
[2024-08-05T06:28:58.680+0000] {processor.py:766} INFO - DAG(s) dict_keys(['example_xcom_args', 'example_xcom_args_with_operators']) retrieved from /home/airflow/.local/lib/python3.7/site-packages/airflow/example_dags/example_xcomargs.py
[2024-08-05T06:28:58.739+0000] {logging_mixin.py:120} INFO - [2024-08-05T06:28:58.739+0000] {dag.py:2585} INFO - Sync 2 DAGs
[2024-08-05T06:28:58.774+0000] {logging_mixin.py:120} INFO - [2024-08-05T06:28:58.774+0000] {dag.py:3340} INFO - Setting next_dagrun for example_xcom_args to None, run_after=None
[2024-08-05T06:28:58.782+0000] {logging_mixin.py:120} INFO - [2024-08-05T06:28:58.782+0000] {dag.py:3340} INFO - Setting next_dagrun for example_xcom_args_with_operators to None, run_after=None
[2024-08-05T06:28:58.807+0000] {processor.py:176} INFO - Processing /home/airflow/.local/lib/python3.7/site-packages/airflow/example_dags/example_xcomargs.py took 0.174 seconds
[2024-08-05T06:29:29.220+0000] {processor.py:154} INFO - Started process (PID=3670) to work on /home/airflow/.local/lib/python3.7/site-packages/airflow/example_dags/example_xcomargs.py
[2024-08-05T06:29:29.222+0000] {processor.py:756} INFO - Processing file /home/airflow/.local/lib/python3.7/site-packages/airflow/example_dags/example_xcomargs.py for tasks to queue
[2024-08-05T06:29:29.223+0000] {logging_mixin.py:120} INFO - [2024-08-05T06:29:29.223+0000] {dagbag.py:537} INFO - Filling up the DagBag from /home/airflow/.local/lib/python3.7/site-packages/airflow/example_dags/example_xcomargs.py
[2024-08-05T06:29:29.252+0000] {processor.py:766} INFO - DAG(s) dict_keys(['example_xcom_args', 'example_xcom_args_with_operators']) retrieved from /home/airflow/.local/lib/python3.7/site-packages/airflow/example_dags/example_xcomargs.py
[2024-08-05T06:29:29.301+0000] {logging_mixin.py:120} INFO - [2024-08-05T06:29:29.301+0000] {dag.py:2585} INFO - Sync 2 DAGs
[2024-08-05T06:29:29.329+0000] {logging_mixin.py:120} INFO - [2024-08-05T06:29:29.329+0000] {dag.py:3340} INFO - Setting next_dagrun for example_xcom_args to None, run_after=None
[2024-08-05T06:29:29.336+0000] {logging_mixin.py:120} INFO - [2024-08-05T06:29:29.336+0000] {dag.py:3340} INFO - Setting next_dagrun for example_xcom_args_with_operators to None, run_after=None
[2024-08-05T06:29:29.360+0000] {processor.py:176} INFO - Processing /home/airflow/.local/lib/python3.7/site-packages/airflow/example_dags/example_xcomargs.py took 0.144 seconds
[2024-08-05T06:30:00.411+0000] {processor.py:154} INFO - Started process (PID=3738) to work on /home/airflow/.local/lib/python3.7/site-packages/airflow/example_dags/example_xcomargs.py
[2024-08-05T06:30:00.412+0000] {processor.py:756} INFO - Processing file /home/airflow/.local/lib/python3.7/site-packages/airflow/example_dags/example_xcomargs.py for tasks to queue
[2024-08-05T06:30:00.413+0000] {logging_mixin.py:120} INFO - [2024-08-05T06:30:00.413+0000] {dagbag.py:537} INFO - Filling up the DagBag from /home/airflow/.local/lib/python3.7/site-packages/airflow/example_dags/example_xcomargs.py
[2024-08-05T06:30:00.443+0000] {processor.py:766} INFO - DAG(s) dict_keys(['example_xcom_args', 'example_xcom_args_with_operators']) retrieved from /home/airflow/.local/lib/python3.7/site-packages/airflow/example_dags/example_xcomargs.py
[2024-08-05T06:30:00.498+0000] {logging_mixin.py:120} INFO - [2024-08-05T06:30:00.498+0000] {dag.py:2585} INFO - Sync 2 DAGs
[2024-08-05T06:30:00.526+0000] {logging_mixin.py:120} INFO - [2024-08-05T06:30:00.526+0000] {dag.py:3340} INFO - Setting next_dagrun for example_xcom_args to None, run_after=None
[2024-08-05T06:30:00.537+0000] {logging_mixin.py:120} INFO - [2024-08-05T06:30:00.537+0000] {dag.py:3340} INFO - Setting next_dagrun for example_xcom_args_with_operators to None, run_after=None
[2024-08-05T06:30:00.576+0000] {processor.py:176} INFO - Processing /home/airflow/.local/lib/python3.7/site-packages/airflow/example_dags/example_xcomargs.py took 0.169 seconds
[2024-08-05T06:30:31.933+0000] {processor.py:154} INFO - Started process (PID=3797) to work on /home/airflow/.local/lib/python3.7/site-packages/airflow/example_dags/example_xcomargs.py
[2024-08-05T06:30:31.934+0000] {processor.py:756} INFO - Processing file /home/airflow/.local/lib/python3.7/site-packages/airflow/example_dags/example_xcomargs.py for tasks to queue
[2024-08-05T06:30:31.935+0000] {logging_mixin.py:120} INFO - [2024-08-05T06:30:31.935+0000] {dagbag.py:537} INFO - Filling up the DagBag from /home/airflow/.local/lib/python3.7/site-packages/airflow/example_dags/example_xcomargs.py
[2024-08-05T06:30:31.968+0000] {processor.py:766} INFO - DAG(s) dict_keys(['example_xcom_args', 'example_xcom_args_with_operators']) retrieved from /home/airflow/.local/lib/python3.7/site-packages/airflow/example_dags/example_xcomargs.py
[2024-08-05T06:30:32.021+0000] {logging_mixin.py:120} INFO - [2024-08-05T06:30:32.021+0000] {dag.py:2585} INFO - Sync 2 DAGs
[2024-08-05T06:30:32.060+0000] {logging_mixin.py:120} INFO - [2024-08-05T06:30:32.059+0000] {dag.py:3340} INFO - Setting next_dagrun for example_xcom_args to None, run_after=None
[2024-08-05T06:30:32.066+0000] {logging_mixin.py:120} INFO - [2024-08-05T06:30:32.065+0000] {dag.py:3340} INFO - Setting next_dagrun for example_xcom_args_with_operators to None, run_after=None
[2024-08-05T06:30:32.091+0000] {processor.py:176} INFO - Processing /home/airflow/.local/lib/python3.7/site-packages/airflow/example_dags/example_xcomargs.py took 0.162 seconds
[2024-08-05T06:31:04.156+0000] {processor.py:154} INFO - Started process (PID=3863) to work on /home/airflow/.local/lib/python3.7/site-packages/airflow/example_dags/example_xcomargs.py
[2024-08-05T06:31:04.159+0000] {processor.py:756} INFO - Processing file /home/airflow/.local/lib/python3.7/site-packages/airflow/example_dags/example_xcomargs.py for tasks to queue
[2024-08-05T06:31:04.160+0000] {logging_mixin.py:120} INFO - [2024-08-05T06:31:04.160+0000] {dagbag.py:537} INFO - Filling up the DagBag from /home/airflow/.local/lib/python3.7/site-packages/airflow/example_dags/example_xcomargs.py
[2024-08-05T06:31:04.198+0000] {processor.py:766} INFO - DAG(s) dict_keys(['example_xcom_args_with_operators', 'example_xcom_args']) retrieved from /home/airflow/.local/lib/python3.7/site-packages/airflow/example_dags/example_xcomargs.py
[2024-08-05T06:31:04.251+0000] {logging_mixin.py:120} INFO - [2024-08-05T06:31:04.251+0000] {dag.py:2585} INFO - Sync 2 DAGs
[2024-08-05T06:31:04.291+0000] {logging_mixin.py:120} INFO - [2024-08-05T06:31:04.291+0000] {dag.py:3340} INFO - Setting next_dagrun for example_xcom_args to None, run_after=None
[2024-08-05T06:31:04.305+0000] {logging_mixin.py:120} INFO - [2024-08-05T06:31:04.304+0000] {dag.py:3340} INFO - Setting next_dagrun for example_xcom_args_with_operators to None, run_after=None
[2024-08-05T06:31:04.324+0000] {processor.py:176} INFO - Processing /home/airflow/.local/lib/python3.7/site-packages/airflow/example_dags/example_xcomargs.py took 0.172 seconds
[2024-08-05T06:31:35.239+0000] {processor.py:154} INFO - Started process (PID=3929) to work on /home/airflow/.local/lib/python3.7/site-packages/airflow/example_dags/example_xcomargs.py
[2024-08-05T06:31:35.264+0000] {processor.py:756} INFO - Processing file /home/airflow/.local/lib/python3.7/site-packages/airflow/example_dags/example_xcomargs.py for tasks to queue
[2024-08-05T06:31:35.268+0000] {logging_mixin.py:120} INFO - [2024-08-05T06:31:35.267+0000] {dagbag.py:537} INFO - Filling up the DagBag from /home/airflow/.local/lib/python3.7/site-packages/airflow/example_dags/example_xcomargs.py
[2024-08-05T06:31:35.319+0000] {processor.py:766} INFO - DAG(s) dict_keys(['example_xcom_args', 'example_xcom_args_with_operators']) retrieved from /home/airflow/.local/lib/python3.7/site-packages/airflow/example_dags/example_xcomargs.py
[2024-08-05T06:31:35.441+0000] {logging_mixin.py:120} INFO - [2024-08-05T06:31:35.441+0000] {dag.py:2585} INFO - Sync 2 DAGs
[2024-08-05T06:31:35.480+0000] {logging_mixin.py:120} INFO - [2024-08-05T06:31:35.480+0000] {dag.py:3340} INFO - Setting next_dagrun for example_xcom_args to None, run_after=None
[2024-08-05T06:31:35.503+0000] {logging_mixin.py:120} INFO - [2024-08-05T06:31:35.503+0000] {dag.py:3340} INFO - Setting next_dagrun for example_xcom_args_with_operators to None, run_after=None
[2024-08-05T06:31:35.536+0000] {processor.py:176} INFO - Processing /home/airflow/.local/lib/python3.7/site-packages/airflow/example_dags/example_xcomargs.py took 0.302 seconds
[2024-08-05T06:32:06.765+0000] {processor.py:154} INFO - Started process (PID=3996) to work on /home/airflow/.local/lib/python3.7/site-packages/airflow/example_dags/example_xcomargs.py
[2024-08-05T06:32:06.768+0000] {processor.py:756} INFO - Processing file /home/airflow/.local/lib/python3.7/site-packages/airflow/example_dags/example_xcomargs.py for tasks to queue
[2024-08-05T06:32:06.772+0000] {logging_mixin.py:120} INFO - [2024-08-05T06:32:06.771+0000] {dagbag.py:537} INFO - Filling up the DagBag from /home/airflow/.local/lib/python3.7/site-packages/airflow/example_dags/example_xcomargs.py
[2024-08-05T06:32:06.898+0000] {processor.py:766} INFO - DAG(s) dict_keys(['example_xcom_args', 'example_xcom_args_with_operators']) retrieved from /home/airflow/.local/lib/python3.7/site-packages/airflow/example_dags/example_xcomargs.py
[2024-08-05T06:32:07.066+0000] {logging_mixin.py:120} INFO - [2024-08-05T06:32:07.066+0000] {dag.py:2585} INFO - Sync 2 DAGs
[2024-08-05T06:32:07.196+0000] {logging_mixin.py:120} INFO - [2024-08-05T06:32:07.196+0000] {dag.py:3340} INFO - Setting next_dagrun for example_xcom_args to None, run_after=None
[2024-08-05T06:32:07.260+0000] {logging_mixin.py:120} INFO - [2024-08-05T06:32:07.260+0000] {dag.py:3340} INFO - Setting next_dagrun for example_xcom_args_with_operators to None, run_after=None
[2024-08-05T06:32:07.380+0000] {processor.py:176} INFO - Processing /home/airflow/.local/lib/python3.7/site-packages/airflow/example_dags/example_xcomargs.py took 0.619 seconds
[2024-08-05T06:32:38.207+0000] {processor.py:154} INFO - Started process (PID=4053) to work on /home/airflow/.local/lib/python3.7/site-packages/airflow/example_dags/example_xcomargs.py
[2024-08-05T06:32:38.208+0000] {processor.py:756} INFO - Processing file /home/airflow/.local/lib/python3.7/site-packages/airflow/example_dags/example_xcomargs.py for tasks to queue
[2024-08-05T06:32:38.209+0000] {logging_mixin.py:120} INFO - [2024-08-05T06:32:38.209+0000] {dagbag.py:537} INFO - Filling up the DagBag from /home/airflow/.local/lib/python3.7/site-packages/airflow/example_dags/example_xcomargs.py
[2024-08-05T06:32:38.237+0000] {processor.py:766} INFO - DAG(s) dict_keys(['example_xcom_args_with_operators', 'example_xcom_args']) retrieved from /home/airflow/.local/lib/python3.7/site-packages/airflow/example_dags/example_xcomargs.py
[2024-08-05T06:32:38.289+0000] {logging_mixin.py:120} INFO - [2024-08-05T06:32:38.289+0000] {dag.py:2585} INFO - Sync 2 DAGs
[2024-08-05T06:32:38.315+0000] {logging_mixin.py:120} INFO - [2024-08-05T06:32:38.314+0000] {dag.py:3340} INFO - Setting next_dagrun for example_xcom_args to None, run_after=None
[2024-08-05T06:32:38.320+0000] {logging_mixin.py:120} INFO - [2024-08-05T06:32:38.320+0000] {dag.py:3340} INFO - Setting next_dagrun for example_xcom_args_with_operators to None, run_after=None
[2024-08-05T06:32:38.343+0000] {processor.py:176} INFO - Processing /home/airflow/.local/lib/python3.7/site-packages/airflow/example_dags/example_xcomargs.py took 0.140 seconds
[2024-08-05T06:33:09.832+0000] {processor.py:154} INFO - Started process (PID=4120) to work on /home/airflow/.local/lib/python3.7/site-packages/airflow/example_dags/example_xcomargs.py
[2024-08-05T06:33:09.888+0000] {processor.py:756} INFO - Processing file /home/airflow/.local/lib/python3.7/site-packages/airflow/example_dags/example_xcomargs.py for tasks to queue
[2024-08-05T06:33:10.058+0000] {logging_mixin.py:120} INFO - [2024-08-05T06:33:10.057+0000] {dagbag.py:537} INFO - Filling up the DagBag from /home/airflow/.local/lib/python3.7/site-packages/airflow/example_dags/example_xcomargs.py
[2024-08-05T06:33:10.217+0000] {processor.py:766} INFO - DAG(s) dict_keys(['example_xcom_args', 'example_xcom_args_with_operators']) retrieved from /home/airflow/.local/lib/python3.7/site-packages/airflow/example_dags/example_xcomargs.py
[2024-08-05T06:33:10.327+0000] {logging_mixin.py:120} INFO - [2024-08-05T06:33:10.326+0000] {dag.py:2585} INFO - Sync 2 DAGs
[2024-08-05T06:33:10.376+0000] {logging_mixin.py:120} INFO - [2024-08-05T06:33:10.376+0000] {dag.py:3340} INFO - Setting next_dagrun for example_xcom_args to None, run_after=None
[2024-08-05T06:33:10.463+0000] {logging_mixin.py:120} INFO - [2024-08-05T06:33:10.463+0000] {dag.py:3340} INFO - Setting next_dagrun for example_xcom_args_with_operators to None, run_after=None
[2024-08-05T06:33:10.598+0000] {processor.py:176} INFO - Processing /home/airflow/.local/lib/python3.7/site-packages/airflow/example_dags/example_xcomargs.py took 0.770 seconds
[2024-08-05T06:33:40.889+0000] {processor.py:154} INFO - Started process (PID=4187) to work on /home/airflow/.local/lib/python3.7/site-packages/airflow/example_dags/example_xcomargs.py
[2024-08-05T06:33:40.893+0000] {processor.py:756} INFO - Processing file /home/airflow/.local/lib/python3.7/site-packages/airflow/example_dags/example_xcomargs.py for tasks to queue
[2024-08-05T06:33:40.894+0000] {logging_mixin.py:120} INFO - [2024-08-05T06:33:40.894+0000] {dagbag.py:537} INFO - Filling up the DagBag from /home/airflow/.local/lib/python3.7/site-packages/airflow/example_dags/example_xcomargs.py
[2024-08-05T06:33:40.928+0000] {processor.py:766} INFO - DAG(s) dict_keys(['example_xcom_args_with_operators', 'example_xcom_args']) retrieved from /home/airflow/.local/lib/python3.7/site-packages/airflow/example_dags/example_xcomargs.py
[2024-08-05T06:33:41.015+0000] {logging_mixin.py:120} INFO - [2024-08-05T06:33:41.015+0000] {dag.py:2585} INFO - Sync 2 DAGs
[2024-08-05T06:33:41.062+0000] {logging_mixin.py:120} INFO - [2024-08-05T06:33:41.062+0000] {dag.py:3340} INFO - Setting next_dagrun for example_xcom_args to None, run_after=None
[2024-08-05T06:33:41.076+0000] {logging_mixin.py:120} INFO - [2024-08-05T06:33:41.076+0000] {dag.py:3340} INFO - Setting next_dagrun for example_xcom_args_with_operators to None, run_after=None
[2024-08-05T06:33:41.114+0000] {processor.py:176} INFO - Processing /home/airflow/.local/lib/python3.7/site-packages/airflow/example_dags/example_xcomargs.py took 0.234 seconds
[2024-08-05T06:34:11.359+0000] {processor.py:154} INFO - Started process (PID=4245) to work on /home/airflow/.local/lib/python3.7/site-packages/airflow/example_dags/example_xcomargs.py
[2024-08-05T06:34:11.360+0000] {processor.py:756} INFO - Processing file /home/airflow/.local/lib/python3.7/site-packages/airflow/example_dags/example_xcomargs.py for tasks to queue
[2024-08-05T06:34:11.361+0000] {logging_mixin.py:120} INFO - [2024-08-05T06:34:11.360+0000] {dagbag.py:537} INFO - Filling up the DagBag from /home/airflow/.local/lib/python3.7/site-packages/airflow/example_dags/example_xcomargs.py
[2024-08-05T06:34:11.397+0000] {processor.py:766} INFO - DAG(s) dict_keys(['example_xcom_args_with_operators', 'example_xcom_args']) retrieved from /home/airflow/.local/lib/python3.7/site-packages/airflow/example_dags/example_xcomargs.py
[2024-08-05T06:34:11.449+0000] {logging_mixin.py:120} INFO - [2024-08-05T06:34:11.449+0000] {dag.py:2585} INFO - Sync 2 DAGs
[2024-08-05T06:34:11.477+0000] {logging_mixin.py:120} INFO - [2024-08-05T06:34:11.477+0000] {dag.py:3340} INFO - Setting next_dagrun for example_xcom_args to None, run_after=None
[2024-08-05T06:34:11.481+0000] {logging_mixin.py:120} INFO - [2024-08-05T06:34:11.481+0000] {dag.py:3340} INFO - Setting next_dagrun for example_xcom_args_with_operators to None, run_after=None
[2024-08-05T06:34:11.505+0000] {processor.py:176} INFO - Processing /home/airflow/.local/lib/python3.7/site-packages/airflow/example_dags/example_xcomargs.py took 0.149 seconds
[2024-08-05T06:34:42.353+0000] {processor.py:154} INFO - Started process (PID=4312) to work on /home/airflow/.local/lib/python3.7/site-packages/airflow/example_dags/example_xcomargs.py
[2024-08-05T06:34:42.354+0000] {processor.py:756} INFO - Processing file /home/airflow/.local/lib/python3.7/site-packages/airflow/example_dags/example_xcomargs.py for tasks to queue
[2024-08-05T06:34:42.355+0000] {logging_mixin.py:120} INFO - [2024-08-05T06:34:42.355+0000] {dagbag.py:537} INFO - Filling up the DagBag from /home/airflow/.local/lib/python3.7/site-packages/airflow/example_dags/example_xcomargs.py
[2024-08-05T06:34:42.387+0000] {processor.py:766} INFO - DAG(s) dict_keys(['example_xcom_args_with_operators', 'example_xcom_args']) retrieved from /home/airflow/.local/lib/python3.7/site-packages/airflow/example_dags/example_xcomargs.py
[2024-08-05T06:34:42.444+0000] {logging_mixin.py:120} INFO - [2024-08-05T06:34:42.443+0000] {dag.py:2585} INFO - Sync 2 DAGs
[2024-08-05T06:34:42.475+0000] {logging_mixin.py:120} INFO - [2024-08-05T06:34:42.475+0000] {dag.py:3340} INFO - Setting next_dagrun for example_xcom_args to None, run_after=None
[2024-08-05T06:34:42.480+0000] {logging_mixin.py:120} INFO - [2024-08-05T06:34:42.480+0000] {dag.py:3340} INFO - Setting next_dagrun for example_xcom_args_with_operators to None, run_after=None
[2024-08-05T06:34:42.518+0000] {processor.py:176} INFO - Processing /home/airflow/.local/lib/python3.7/site-packages/airflow/example_dags/example_xcomargs.py took 0.170 seconds
[2024-08-05T06:35:13.229+0000] {processor.py:154} INFO - Started process (PID=4379) to work on /home/airflow/.local/lib/python3.7/site-packages/airflow/example_dags/example_xcomargs.py
[2024-08-05T06:35:13.231+0000] {processor.py:756} INFO - Processing file /home/airflow/.local/lib/python3.7/site-packages/airflow/example_dags/example_xcomargs.py for tasks to queue
[2024-08-05T06:35:13.232+0000] {logging_mixin.py:120} INFO - [2024-08-05T06:35:13.232+0000] {dagbag.py:537} INFO - Filling up the DagBag from /home/airflow/.local/lib/python3.7/site-packages/airflow/example_dags/example_xcomargs.py
[2024-08-05T06:35:13.266+0000] {processor.py:766} INFO - DAG(s) dict_keys(['example_xcom_args_with_operators', 'example_xcom_args']) retrieved from /home/airflow/.local/lib/python3.7/site-packages/airflow/example_dags/example_xcomargs.py
[2024-08-05T06:35:13.332+0000] {logging_mixin.py:120} INFO - [2024-08-05T06:35:13.331+0000] {dag.py:2585} INFO - Sync 2 DAGs
[2024-08-05T06:35:13.370+0000] {logging_mixin.py:120} INFO - [2024-08-05T06:35:13.370+0000] {dag.py:3340} INFO - Setting next_dagrun for example_xcom_args to None, run_after=None
[2024-08-05T06:35:13.379+0000] {logging_mixin.py:120} INFO - [2024-08-05T06:35:13.378+0000] {dag.py:3340} INFO - Setting next_dagrun for example_xcom_args_with_operators to None, run_after=None
[2024-08-05T06:35:13.424+0000] {processor.py:176} INFO - Processing /home/airflow/.local/lib/python3.7/site-packages/airflow/example_dags/example_xcomargs.py took 0.200 seconds
[2024-08-05T06:35:44.027+0000] {processor.py:154} INFO - Started process (PID=4438) to work on /home/airflow/.local/lib/python3.7/site-packages/airflow/example_dags/example_xcomargs.py
[2024-08-05T06:35:44.032+0000] {processor.py:756} INFO - Processing file /home/airflow/.local/lib/python3.7/site-packages/airflow/example_dags/example_xcomargs.py for tasks to queue
[2024-08-05T06:35:44.060+0000] {logging_mixin.py:120} INFO - [2024-08-05T06:35:44.060+0000] {dagbag.py:537} INFO - Filling up the DagBag from /home/airflow/.local/lib/python3.7/site-packages/airflow/example_dags/example_xcomargs.py
[2024-08-05T06:35:44.118+0000] {processor.py:766} INFO - DAG(s) dict_keys(['example_xcom_args_with_operators', 'example_xcom_args']) retrieved from /home/airflow/.local/lib/python3.7/site-packages/airflow/example_dags/example_xcomargs.py
[2024-08-05T06:35:44.189+0000] {logging_mixin.py:120} INFO - [2024-08-05T06:35:44.189+0000] {dag.py:2585} INFO - Sync 2 DAGs
[2024-08-05T06:35:44.230+0000] {logging_mixin.py:120} INFO - [2024-08-05T06:35:44.230+0000] {dag.py:3340} INFO - Setting next_dagrun for example_xcom_args to None, run_after=None
[2024-08-05T06:35:44.235+0000] {logging_mixin.py:120} INFO - [2024-08-05T06:35:44.235+0000] {dag.py:3340} INFO - Setting next_dagrun for example_xcom_args_with_operators to None, run_after=None
[2024-08-05T06:35:44.263+0000] {processor.py:176} INFO - Processing /home/airflow/.local/lib/python3.7/site-packages/airflow/example_dags/example_xcomargs.py took 0.239 seconds
[2024-08-05T06:36:14.454+0000] {processor.py:154} INFO - Started process (PID=4506) to work on /home/airflow/.local/lib/python3.7/site-packages/airflow/example_dags/example_xcomargs.py
[2024-08-05T06:36:14.457+0000] {processor.py:756} INFO - Processing file /home/airflow/.local/lib/python3.7/site-packages/airflow/example_dags/example_xcomargs.py for tasks to queue
[2024-08-05T06:36:14.459+0000] {logging_mixin.py:120} INFO - [2024-08-05T06:36:14.459+0000] {dagbag.py:537} INFO - Filling up the DagBag from /home/airflow/.local/lib/python3.7/site-packages/airflow/example_dags/example_xcomargs.py
[2024-08-05T06:36:14.484+0000] {processor.py:766} INFO - DAG(s) dict_keys(['example_xcom_args', 'example_xcom_args_with_operators']) retrieved from /home/airflow/.local/lib/python3.7/site-packages/airflow/example_dags/example_xcomargs.py
[2024-08-05T06:36:14.545+0000] {logging_mixin.py:120} INFO - [2024-08-05T06:36:14.544+0000] {dag.py:2585} INFO - Sync 2 DAGs
[2024-08-05T06:36:14.606+0000] {logging_mixin.py:120} INFO - [2024-08-05T06:36:14.606+0000] {dag.py:3340} INFO - Setting next_dagrun for example_xcom_args to None, run_after=None
[2024-08-05T06:36:14.627+0000] {logging_mixin.py:120} INFO - [2024-08-05T06:36:14.626+0000] {dag.py:3340} INFO - Setting next_dagrun for example_xcom_args_with_operators to None, run_after=None
[2024-08-05T06:36:14.653+0000] {processor.py:176} INFO - Processing /home/airflow/.local/lib/python3.7/site-packages/airflow/example_dags/example_xcomargs.py took 0.204 seconds
[2024-08-05T06:36:45.653+0000] {processor.py:154} INFO - Started process (PID=4573) to work on /home/airflow/.local/lib/python3.7/site-packages/airflow/example_dags/example_xcomargs.py
[2024-08-05T06:36:45.654+0000] {processor.py:756} INFO - Processing file /home/airflow/.local/lib/python3.7/site-packages/airflow/example_dags/example_xcomargs.py for tasks to queue
[2024-08-05T06:36:45.658+0000] {logging_mixin.py:120} INFO - [2024-08-05T06:36:45.658+0000] {dagbag.py:537} INFO - Filling up the DagBag from /home/airflow/.local/lib/python3.7/site-packages/airflow/example_dags/example_xcomargs.py
[2024-08-05T06:36:45.709+0000] {processor.py:766} INFO - DAG(s) dict_keys(['example_xcom_args', 'example_xcom_args_with_operators']) retrieved from /home/airflow/.local/lib/python3.7/site-packages/airflow/example_dags/example_xcomargs.py
[2024-08-05T06:36:45.778+0000] {logging_mixin.py:120} INFO - [2024-08-05T06:36:45.778+0000] {dag.py:2585} INFO - Sync 2 DAGs
[2024-08-05T06:36:45.823+0000] {logging_mixin.py:120} INFO - [2024-08-05T06:36:45.823+0000] {dag.py:3340} INFO - Setting next_dagrun for example_xcom_args to None, run_after=None
[2024-08-05T06:36:45.830+0000] {logging_mixin.py:120} INFO - [2024-08-05T06:36:45.830+0000] {dag.py:3340} INFO - Setting next_dagrun for example_xcom_args_with_operators to None, run_after=None
[2024-08-05T06:36:45.872+0000] {processor.py:176} INFO - Processing /home/airflow/.local/lib/python3.7/site-packages/airflow/example_dags/example_xcomargs.py took 0.225 seconds
[2024-08-05T06:37:16.516+0000] {processor.py:154} INFO - Started process (PID=4631) to work on /home/airflow/.local/lib/python3.7/site-packages/airflow/example_dags/example_xcomargs.py
[2024-08-05T06:37:16.518+0000] {processor.py:756} INFO - Processing file /home/airflow/.local/lib/python3.7/site-packages/airflow/example_dags/example_xcomargs.py for tasks to queue
[2024-08-05T06:37:16.519+0000] {logging_mixin.py:120} INFO - [2024-08-05T06:37:16.519+0000] {dagbag.py:537} INFO - Filling up the DagBag from /home/airflow/.local/lib/python3.7/site-packages/airflow/example_dags/example_xcomargs.py
[2024-08-05T06:37:16.566+0000] {processor.py:766} INFO - DAG(s) dict_keys(['example_xcom_args', 'example_xcom_args_with_operators']) retrieved from /home/airflow/.local/lib/python3.7/site-packages/airflow/example_dags/example_xcomargs.py
[2024-08-05T06:37:16.608+0000] {logging_mixin.py:120} INFO - [2024-08-05T06:37:16.608+0000] {dag.py:2585} INFO - Sync 2 DAGs
[2024-08-05T06:37:16.652+0000] {logging_mixin.py:120} INFO - [2024-08-05T06:37:16.652+0000] {dag.py:3340} INFO - Setting next_dagrun for example_xcom_args to None, run_after=None
[2024-08-05T06:37:16.663+0000] {logging_mixin.py:120} INFO - [2024-08-05T06:37:16.663+0000] {dag.py:3340} INFO - Setting next_dagrun for example_xcom_args_with_operators to None, run_after=None
[2024-08-05T06:37:16.688+0000] {processor.py:176} INFO - Processing /home/airflow/.local/lib/python3.7/site-packages/airflow/example_dags/example_xcomargs.py took 0.175 seconds
[2024-08-05T06:37:47.186+0000] {processor.py:154} INFO - Started process (PID=4698) to work on /home/airflow/.local/lib/python3.7/site-packages/airflow/example_dags/example_xcomargs.py
[2024-08-05T06:37:47.187+0000] {processor.py:756} INFO - Processing file /home/airflow/.local/lib/python3.7/site-packages/airflow/example_dags/example_xcomargs.py for tasks to queue
[2024-08-05T06:37:47.188+0000] {logging_mixin.py:120} INFO - [2024-08-05T06:37:47.188+0000] {dagbag.py:537} INFO - Filling up the DagBag from /home/airflow/.local/lib/python3.7/site-packages/airflow/example_dags/example_xcomargs.py
[2024-08-05T06:37:47.239+0000] {processor.py:766} INFO - DAG(s) dict_keys(['example_xcom_args_with_operators', 'example_xcom_args']) retrieved from /home/airflow/.local/lib/python3.7/site-packages/airflow/example_dags/example_xcomargs.py
[2024-08-05T06:37:47.404+0000] {logging_mixin.py:120} INFO - [2024-08-05T06:37:47.404+0000] {dag.py:2585} INFO - Sync 2 DAGs
[2024-08-05T06:37:47.552+0000] {logging_mixin.py:120} INFO - [2024-08-05T06:37:47.552+0000] {dag.py:3340} INFO - Setting next_dagrun for example_xcom_args to None, run_after=None
[2024-08-05T06:37:47.680+0000] {logging_mixin.py:120} INFO - [2024-08-05T06:37:47.680+0000] {dag.py:3340} INFO - Setting next_dagrun for example_xcom_args_with_operators to None, run_after=None
[2024-08-05T06:37:47.731+0000] {processor.py:176} INFO - Processing /home/airflow/.local/lib/python3.7/site-packages/airflow/example_dags/example_xcomargs.py took 0.548 seconds
[2024-08-05T06:38:18.680+0000] {processor.py:154} INFO - Started process (PID=4756) to work on /home/airflow/.local/lib/python3.7/site-packages/airflow/example_dags/example_xcomargs.py
[2024-08-05T06:38:18.681+0000] {processor.py:756} INFO - Processing file /home/airflow/.local/lib/python3.7/site-packages/airflow/example_dags/example_xcomargs.py for tasks to queue
[2024-08-05T06:38:18.682+0000] {logging_mixin.py:120} INFO - [2024-08-05T06:38:18.682+0000] {dagbag.py:537} INFO - Filling up the DagBag from /home/airflow/.local/lib/python3.7/site-packages/airflow/example_dags/example_xcomargs.py
[2024-08-05T06:38:18.736+0000] {processor.py:766} INFO - DAG(s) dict_keys(['example_xcom_args', 'example_xcom_args_with_operators']) retrieved from /home/airflow/.local/lib/python3.7/site-packages/airflow/example_dags/example_xcomargs.py
[2024-08-05T06:38:18.884+0000] {logging_mixin.py:120} INFO - [2024-08-05T06:38:18.883+0000] {dag.py:2585} INFO - Sync 2 DAGs
[2024-08-05T06:38:18.908+0000] {logging_mixin.py:120} INFO - [2024-08-05T06:38:18.908+0000] {dag.py:3340} INFO - Setting next_dagrun for example_xcom_args to None, run_after=None
[2024-08-05T06:38:18.911+0000] {logging_mixin.py:120} INFO - [2024-08-05T06:38:18.911+0000] {dag.py:3340} INFO - Setting next_dagrun for example_xcom_args_with_operators to None, run_after=None
[2024-08-05T06:38:18.940+0000] {processor.py:176} INFO - Processing /home/airflow/.local/lib/python3.7/site-packages/airflow/example_dags/example_xcomargs.py took 0.265 seconds
[2024-08-05T06:38:49.298+0000] {processor.py:154} INFO - Started process (PID=4823) to work on /home/airflow/.local/lib/python3.7/site-packages/airflow/example_dags/example_xcomargs.py
[2024-08-05T06:38:49.300+0000] {processor.py:756} INFO - Processing file /home/airflow/.local/lib/python3.7/site-packages/airflow/example_dags/example_xcomargs.py for tasks to queue
[2024-08-05T06:38:49.301+0000] {logging_mixin.py:120} INFO - [2024-08-05T06:38:49.301+0000] {dagbag.py:537} INFO - Filling up the DagBag from /home/airflow/.local/lib/python3.7/site-packages/airflow/example_dags/example_xcomargs.py
[2024-08-05T06:38:49.340+0000] {processor.py:766} INFO - DAG(s) dict_keys(['example_xcom_args', 'example_xcom_args_with_operators']) retrieved from /home/airflow/.local/lib/python3.7/site-packages/airflow/example_dags/example_xcomargs.py
[2024-08-05T06:38:49.413+0000] {logging_mixin.py:120} INFO - [2024-08-05T06:38:49.412+0000] {dag.py:2585} INFO - Sync 2 DAGs
[2024-08-05T06:38:49.453+0000] {logging_mixin.py:120} INFO - [2024-08-05T06:38:49.453+0000] {dag.py:3340} INFO - Setting next_dagrun for example_xcom_args to None, run_after=None
[2024-08-05T06:38:49.463+0000] {logging_mixin.py:120} INFO - [2024-08-05T06:38:49.462+0000] {dag.py:3340} INFO - Setting next_dagrun for example_xcom_args_with_operators to None, run_after=None
[2024-08-05T06:38:49.512+0000] {processor.py:176} INFO - Processing /home/airflow/.local/lib/python3.7/site-packages/airflow/example_dags/example_xcomargs.py took 0.224 seconds
[2024-08-05T06:39:20.558+0000] {processor.py:154} INFO - Started process (PID=4890) to work on /home/airflow/.local/lib/python3.7/site-packages/airflow/example_dags/example_xcomargs.py
[2024-08-05T06:39:20.566+0000] {processor.py:756} INFO - Processing file /home/airflow/.local/lib/python3.7/site-packages/airflow/example_dags/example_xcomargs.py for tasks to queue
[2024-08-05T06:39:20.596+0000] {logging_mixin.py:120} INFO - [2024-08-05T06:39:20.596+0000] {dagbag.py:537} INFO - Filling up the DagBag from /home/airflow/.local/lib/python3.7/site-packages/airflow/example_dags/example_xcomargs.py
[2024-08-05T06:39:20.633+0000] {processor.py:766} INFO - DAG(s) dict_keys(['example_xcom_args', 'example_xcom_args_with_operators']) retrieved from /home/airflow/.local/lib/python3.7/site-packages/airflow/example_dags/example_xcomargs.py
[2024-08-05T06:39:20.699+0000] {logging_mixin.py:120} INFO - [2024-08-05T06:39:20.698+0000] {dag.py:2585} INFO - Sync 2 DAGs
[2024-08-05T06:39:20.745+0000] {logging_mixin.py:120} INFO - [2024-08-05T06:39:20.745+0000] {dag.py:3340} INFO - Setting next_dagrun for example_xcom_args to None, run_after=None
[2024-08-05T06:39:20.805+0000] {logging_mixin.py:120} INFO - [2024-08-05T06:39:20.805+0000] {dag.py:3340} INFO - Setting next_dagrun for example_xcom_args_with_operators to None, run_after=None
[2024-08-05T06:39:20.859+0000] {processor.py:176} INFO - Processing /home/airflow/.local/lib/python3.7/site-packages/airflow/example_dags/example_xcomargs.py took 0.305 seconds
[2024-08-05T06:39:51.684+0000] {processor.py:154} INFO - Started process (PID=4948) to work on /home/airflow/.local/lib/python3.7/site-packages/airflow/example_dags/example_xcomargs.py
[2024-08-05T06:39:51.687+0000] {processor.py:756} INFO - Processing file /home/airflow/.local/lib/python3.7/site-packages/airflow/example_dags/example_xcomargs.py for tasks to queue
[2024-08-05T06:39:51.688+0000] {logging_mixin.py:120} INFO - [2024-08-05T06:39:51.688+0000] {dagbag.py:537} INFO - Filling up the DagBag from /home/airflow/.local/lib/python3.7/site-packages/airflow/example_dags/example_xcomargs.py
[2024-08-05T06:39:51.728+0000] {processor.py:766} INFO - DAG(s) dict_keys(['example_xcom_args_with_operators', 'example_xcom_args']) retrieved from /home/airflow/.local/lib/python3.7/site-packages/airflow/example_dags/example_xcomargs.py
[2024-08-05T06:39:52.002+0000] {logging_mixin.py:120} INFO - [2024-08-05T06:39:52.002+0000] {dag.py:2585} INFO - Sync 2 DAGs
[2024-08-05T06:39:52.151+0000] {logging_mixin.py:120} INFO - [2024-08-05T06:39:52.151+0000] {dag.py:3340} INFO - Setting next_dagrun for example_xcom_args to None, run_after=None
[2024-08-05T06:39:52.241+0000] {logging_mixin.py:120} INFO - [2024-08-05T06:39:52.241+0000] {dag.py:3340} INFO - Setting next_dagrun for example_xcom_args_with_operators to None, run_after=None
[2024-08-05T06:39:52.389+0000] {processor.py:176} INFO - Processing /home/airflow/.local/lib/python3.7/site-packages/airflow/example_dags/example_xcomargs.py took 0.710 seconds
[2024-08-05T06:40:23.019+0000] {processor.py:154} INFO - Started process (PID=5015) to work on /home/airflow/.local/lib/python3.7/site-packages/airflow/example_dags/example_xcomargs.py
[2024-08-05T06:40:23.023+0000] {processor.py:756} INFO - Processing file /home/airflow/.local/lib/python3.7/site-packages/airflow/example_dags/example_xcomargs.py for tasks to queue
[2024-08-05T06:40:23.024+0000] {logging_mixin.py:120} INFO - [2024-08-05T06:40:23.024+0000] {dagbag.py:537} INFO - Filling up the DagBag from /home/airflow/.local/lib/python3.7/site-packages/airflow/example_dags/example_xcomargs.py
[2024-08-05T06:40:23.065+0000] {processor.py:766} INFO - DAG(s) dict_keys(['example_xcom_args_with_operators', 'example_xcom_args']) retrieved from /home/airflow/.local/lib/python3.7/site-packages/airflow/example_dags/example_xcomargs.py
[2024-08-05T06:40:23.254+0000] {logging_mixin.py:120} INFO - [2024-08-05T06:40:23.254+0000] {dag.py:2585} INFO - Sync 2 DAGs
[2024-08-05T06:40:23.416+0000] {logging_mixin.py:120} INFO - [2024-08-05T06:40:23.416+0000] {dag.py:3340} INFO - Setting next_dagrun for example_xcom_args to None, run_after=None
[2024-08-05T06:40:23.456+0000] {logging_mixin.py:120} INFO - [2024-08-05T06:40:23.455+0000] {dag.py:3340} INFO - Setting next_dagrun for example_xcom_args_with_operators to None, run_after=None
[2024-08-05T06:40:23.487+0000] {processor.py:176} INFO - Processing /home/airflow/.local/lib/python3.7/site-packages/airflow/example_dags/example_xcomargs.py took 0.471 seconds
[2024-08-05T06:40:56.817+0000] {processor.py:154} INFO - Started process (PID=5080) to work on /home/airflow/.local/lib/python3.7/site-packages/airflow/example_dags/example_xcomargs.py
[2024-08-05T06:40:56.819+0000] {processor.py:756} INFO - Processing file /home/airflow/.local/lib/python3.7/site-packages/airflow/example_dags/example_xcomargs.py for tasks to queue
[2024-08-05T06:40:56.821+0000] {logging_mixin.py:120} INFO - [2024-08-05T06:40:56.821+0000] {dagbag.py:537} INFO - Filling up the DagBag from /home/airflow/.local/lib/python3.7/site-packages/airflow/example_dags/example_xcomargs.py
[2024-08-05T06:40:56.854+0000] {processor.py:766} INFO - DAG(s) dict_keys(['example_xcom_args', 'example_xcom_args_with_operators']) retrieved from /home/airflow/.local/lib/python3.7/site-packages/airflow/example_dags/example_xcomargs.py
[2024-08-05T06:40:56.911+0000] {logging_mixin.py:120} INFO - [2024-08-05T06:40:56.911+0000] {dag.py:2585} INFO - Sync 2 DAGs
[2024-08-05T06:40:56.953+0000] {logging_mixin.py:120} INFO - [2024-08-05T06:40:56.953+0000] {dag.py:3340} INFO - Setting next_dagrun for example_xcom_args to None, run_after=None
[2024-08-05T06:40:56.958+0000] {logging_mixin.py:120} INFO - [2024-08-05T06:40:56.957+0000] {dag.py:3340} INFO - Setting next_dagrun for example_xcom_args_with_operators to None, run_after=None
[2024-08-05T06:40:56.983+0000] {processor.py:176} INFO - Processing /home/airflow/.local/lib/python3.7/site-packages/airflow/example_dags/example_xcomargs.py took 0.169 seconds
[2024-08-05T06:41:28.401+0000] {processor.py:154} INFO - Started process (PID=5138) to work on /home/airflow/.local/lib/python3.7/site-packages/airflow/example_dags/example_xcomargs.py
[2024-08-05T06:41:28.403+0000] {processor.py:756} INFO - Processing file /home/airflow/.local/lib/python3.7/site-packages/airflow/example_dags/example_xcomargs.py for tasks to queue
[2024-08-05T06:41:28.404+0000] {logging_mixin.py:120} INFO - [2024-08-05T06:41:28.404+0000] {dagbag.py:537} INFO - Filling up the DagBag from /home/airflow/.local/lib/python3.7/site-packages/airflow/example_dags/example_xcomargs.py
[2024-08-05T06:41:28.436+0000] {processor.py:766} INFO - DAG(s) dict_keys(['example_xcom_args', 'example_xcom_args_with_operators']) retrieved from /home/airflow/.local/lib/python3.7/site-packages/airflow/example_dags/example_xcomargs.py
[2024-08-05T06:41:28.504+0000] {logging_mixin.py:120} INFO - [2024-08-05T06:41:28.503+0000] {dag.py:2585} INFO - Sync 2 DAGs
[2024-08-05T06:41:28.536+0000] {logging_mixin.py:120} INFO - [2024-08-05T06:41:28.536+0000] {dag.py:3340} INFO - Setting next_dagrun for example_xcom_args to None, run_after=None
[2024-08-05T06:41:28.541+0000] {logging_mixin.py:120} INFO - [2024-08-05T06:41:28.540+0000] {dag.py:3340} INFO - Setting next_dagrun for example_xcom_args_with_operators to None, run_after=None
[2024-08-05T06:41:28.571+0000] {processor.py:176} INFO - Processing /home/airflow/.local/lib/python3.7/site-packages/airflow/example_dags/example_xcomargs.py took 0.174 seconds
[2024-08-05T06:42:02.535+0000] {processor.py:154} INFO - Started process (PID=5205) to work on /home/airflow/.local/lib/python3.7/site-packages/airflow/example_dags/example_xcomargs.py
[2024-08-05T06:42:02.536+0000] {processor.py:756} INFO - Processing file /home/airflow/.local/lib/python3.7/site-packages/airflow/example_dags/example_xcomargs.py for tasks to queue
[2024-08-05T06:42:02.537+0000] {logging_mixin.py:120} INFO - [2024-08-05T06:42:02.537+0000] {dagbag.py:537} INFO - Filling up the DagBag from /home/airflow/.local/lib/python3.7/site-packages/airflow/example_dags/example_xcomargs.py
[2024-08-05T06:42:02.561+0000] {processor.py:766} INFO - DAG(s) dict_keys(['example_xcom_args_with_operators', 'example_xcom_args']) retrieved from /home/airflow/.local/lib/python3.7/site-packages/airflow/example_dags/example_xcomargs.py
[2024-08-05T06:42:02.619+0000] {logging_mixin.py:120} INFO - [2024-08-05T06:42:02.619+0000] {dag.py:2585} INFO - Sync 2 DAGs
[2024-08-05T06:42:02.791+0000] {logging_mixin.py:120} INFO - [2024-08-05T06:42:02.791+0000] {dag.py:3340} INFO - Setting next_dagrun for example_xcom_args to None, run_after=None
[2024-08-05T06:42:02.838+0000] {logging_mixin.py:120} INFO - [2024-08-05T06:42:02.838+0000] {dag.py:3340} INFO - Setting next_dagrun for example_xcom_args_with_operators to None, run_after=None
[2024-08-05T06:42:02.858+0000] {processor.py:176} INFO - Processing /home/airflow/.local/lib/python3.7/site-packages/airflow/example_dags/example_xcomargs.py took 0.327 seconds
[2024-08-05T06:42:36.160+0000] {processor.py:154} INFO - Started process (PID=5277) to work on /home/airflow/.local/lib/python3.7/site-packages/airflow/example_dags/example_xcomargs.py
[2024-08-05T06:42:36.162+0000] {processor.py:756} INFO - Processing file /home/airflow/.local/lib/python3.7/site-packages/airflow/example_dags/example_xcomargs.py for tasks to queue
[2024-08-05T06:42:36.163+0000] {logging_mixin.py:120} INFO - [2024-08-05T06:42:36.163+0000] {dagbag.py:537} INFO - Filling up the DagBag from /home/airflow/.local/lib/python3.7/site-packages/airflow/example_dags/example_xcomargs.py
[2024-08-05T06:42:36.197+0000] {processor.py:766} INFO - DAG(s) dict_keys(['example_xcom_args', 'example_xcom_args_with_operators']) retrieved from /home/airflow/.local/lib/python3.7/site-packages/airflow/example_dags/example_xcomargs.py
[2024-08-05T06:42:36.253+0000] {logging_mixin.py:120} INFO - [2024-08-05T06:42:36.253+0000] {dag.py:2585} INFO - Sync 2 DAGs
[2024-08-05T06:42:36.279+0000] {logging_mixin.py:120} INFO - [2024-08-05T06:42:36.279+0000] {dag.py:3340} INFO - Setting next_dagrun for example_xcom_args to None, run_after=None
[2024-08-05T06:42:36.282+0000] {logging_mixin.py:120} INFO - [2024-08-05T06:42:36.282+0000] {dag.py:3340} INFO - Setting next_dagrun for example_xcom_args_with_operators to None, run_after=None
[2024-08-05T06:42:36.305+0000] {processor.py:176} INFO - Processing /home/airflow/.local/lib/python3.7/site-packages/airflow/example_dags/example_xcomargs.py took 0.148 seconds
[2024-08-05T06:43:07.657+0000] {processor.py:154} INFO - Started process (PID=5345) to work on /home/airflow/.local/lib/python3.7/site-packages/airflow/example_dags/example_xcomargs.py
[2024-08-05T06:43:07.658+0000] {processor.py:756} INFO - Processing file /home/airflow/.local/lib/python3.7/site-packages/airflow/example_dags/example_xcomargs.py for tasks to queue
[2024-08-05T06:43:07.660+0000] {logging_mixin.py:120} INFO - [2024-08-05T06:43:07.659+0000] {dagbag.py:537} INFO - Filling up the DagBag from /home/airflow/.local/lib/python3.7/site-packages/airflow/example_dags/example_xcomargs.py
[2024-08-05T06:43:07.687+0000] {processor.py:766} INFO - DAG(s) dict_keys(['example_xcom_args_with_operators', 'example_xcom_args']) retrieved from /home/airflow/.local/lib/python3.7/site-packages/airflow/example_dags/example_xcomargs.py
[2024-08-05T06:43:07.744+0000] {logging_mixin.py:120} INFO - [2024-08-05T06:43:07.744+0000] {dag.py:2585} INFO - Sync 2 DAGs
[2024-08-05T06:43:07.777+0000] {logging_mixin.py:120} INFO - [2024-08-05T06:43:07.776+0000] {dag.py:3340} INFO - Setting next_dagrun for example_xcom_args to None, run_after=None
[2024-08-05T06:43:07.781+0000] {logging_mixin.py:120} INFO - [2024-08-05T06:43:07.781+0000] {dag.py:3340} INFO - Setting next_dagrun for example_xcom_args_with_operators to None, run_after=None
[2024-08-05T06:43:07.809+0000] {processor.py:176} INFO - Processing /home/airflow/.local/lib/python3.7/site-packages/airflow/example_dags/example_xcomargs.py took 0.157 seconds
[2024-08-05T06:43:40.689+0000] {processor.py:154} INFO - Started process (PID=5410) to work on /home/airflow/.local/lib/python3.7/site-packages/airflow/example_dags/example_xcomargs.py
[2024-08-05T06:43:40.699+0000] {processor.py:756} INFO - Processing file /home/airflow/.local/lib/python3.7/site-packages/airflow/example_dags/example_xcomargs.py for tasks to queue
[2024-08-05T06:43:40.704+0000] {logging_mixin.py:120} INFO - [2024-08-05T06:43:40.704+0000] {dagbag.py:537} INFO - Filling up the DagBag from /home/airflow/.local/lib/python3.7/site-packages/airflow/example_dags/example_xcomargs.py
[2024-08-05T06:43:40.737+0000] {processor.py:766} INFO - DAG(s) dict_keys(['example_xcom_args', 'example_xcom_args_with_operators']) retrieved from /home/airflow/.local/lib/python3.7/site-packages/airflow/example_dags/example_xcomargs.py
[2024-08-05T06:43:40.821+0000] {logging_mixin.py:120} INFO - [2024-08-05T06:43:40.820+0000] {dag.py:2585} INFO - Sync 2 DAGs
[2024-08-05T06:43:40.854+0000] {logging_mixin.py:120} INFO - [2024-08-05T06:43:40.854+0000] {dag.py:3340} INFO - Setting next_dagrun for example_xcom_args to None, run_after=None
[2024-08-05T06:43:40.887+0000] {logging_mixin.py:120} INFO - [2024-08-05T06:43:40.887+0000] {dag.py:3340} INFO - Setting next_dagrun for example_xcom_args_with_operators to None, run_after=None
[2024-08-05T06:43:41.045+0000] {processor.py:176} INFO - Processing /home/airflow/.local/lib/python3.7/site-packages/airflow/example_dags/example_xcomargs.py took 0.361 seconds
[2024-08-05T06:44:11.828+0000] {processor.py:154} INFO - Started process (PID=5470) to work on /home/airflow/.local/lib/python3.7/site-packages/airflow/example_dags/example_xcomargs.py
[2024-08-05T06:44:11.830+0000] {processor.py:756} INFO - Processing file /home/airflow/.local/lib/python3.7/site-packages/airflow/example_dags/example_xcomargs.py for tasks to queue
[2024-08-05T06:44:11.831+0000] {logging_mixin.py:120} INFO - [2024-08-05T06:44:11.831+0000] {dagbag.py:537} INFO - Filling up the DagBag from /home/airflow/.local/lib/python3.7/site-packages/airflow/example_dags/example_xcomargs.py
[2024-08-05T06:44:11.867+0000] {processor.py:766} INFO - DAG(s) dict_keys(['example_xcom_args_with_operators', 'example_xcom_args']) retrieved from /home/airflow/.local/lib/python3.7/site-packages/airflow/example_dags/example_xcomargs.py
[2024-08-05T06:44:12.053+0000] {logging_mixin.py:120} INFO - [2024-08-05T06:44:12.053+0000] {dag.py:2585} INFO - Sync 2 DAGs
[2024-08-05T06:44:12.184+0000] {logging_mixin.py:120} INFO - [2024-08-05T06:44:12.184+0000] {dag.py:3340} INFO - Setting next_dagrun for example_xcom_args to None, run_after=None
[2024-08-05T06:44:12.305+0000] {logging_mixin.py:120} INFO - [2024-08-05T06:44:12.305+0000] {dag.py:3340} INFO - Setting next_dagrun for example_xcom_args_with_operators to None, run_after=None
[2024-08-05T06:44:12.333+0000] {processor.py:176} INFO - Processing /home/airflow/.local/lib/python3.7/site-packages/airflow/example_dags/example_xcomargs.py took 0.509 seconds
[2024-08-05T06:44:43.531+0000] {processor.py:154} INFO - Started process (PID=5537) to work on /home/airflow/.local/lib/python3.7/site-packages/airflow/example_dags/example_xcomargs.py
[2024-08-05T06:44:43.533+0000] {processor.py:756} INFO - Processing file /home/airflow/.local/lib/python3.7/site-packages/airflow/example_dags/example_xcomargs.py for tasks to queue
[2024-08-05T06:44:43.535+0000] {logging_mixin.py:120} INFO - [2024-08-05T06:44:43.535+0000] {dagbag.py:537} INFO - Filling up the DagBag from /home/airflow/.local/lib/python3.7/site-packages/airflow/example_dags/example_xcomargs.py
[2024-08-05T06:44:43.581+0000] {processor.py:766} INFO - DAG(s) dict_keys(['example_xcom_args_with_operators', 'example_xcom_args']) retrieved from /home/airflow/.local/lib/python3.7/site-packages/airflow/example_dags/example_xcomargs.py
[2024-08-05T06:44:43.652+0000] {logging_mixin.py:120} INFO - [2024-08-05T06:44:43.652+0000] {dag.py:2585} INFO - Sync 2 DAGs
[2024-08-05T06:44:43.682+0000] {logging_mixin.py:120} INFO - [2024-08-05T06:44:43.682+0000] {dag.py:3340} INFO - Setting next_dagrun for example_xcom_args to None, run_after=None
[2024-08-05T06:44:43.691+0000] {logging_mixin.py:120} INFO - [2024-08-05T06:44:43.690+0000] {dag.py:3340} INFO - Setting next_dagrun for example_xcom_args_with_operators to None, run_after=None
[2024-08-05T06:44:43.713+0000] {processor.py:176} INFO - Processing /home/airflow/.local/lib/python3.7/site-packages/airflow/example_dags/example_xcomargs.py took 0.186 seconds
[2024-08-05T06:45:14.052+0000] {processor.py:154} INFO - Started process (PID=5595) to work on /home/airflow/.local/lib/python3.7/site-packages/airflow/example_dags/example_xcomargs.py
[2024-08-05T06:45:14.055+0000] {processor.py:756} INFO - Processing file /home/airflow/.local/lib/python3.7/site-packages/airflow/example_dags/example_xcomargs.py for tasks to queue
[2024-08-05T06:45:14.058+0000] {logging_mixin.py:120} INFO - [2024-08-05T06:45:14.058+0000] {dagbag.py:537} INFO - Filling up the DagBag from /home/airflow/.local/lib/python3.7/site-packages/airflow/example_dags/example_xcomargs.py
[2024-08-05T06:45:14.094+0000] {processor.py:766} INFO - DAG(s) dict_keys(['example_xcom_args', 'example_xcom_args_with_operators']) retrieved from /home/airflow/.local/lib/python3.7/site-packages/airflow/example_dags/example_xcomargs.py
[2024-08-05T06:45:14.171+0000] {logging_mixin.py:120} INFO - [2024-08-05T06:45:14.171+0000] {dag.py:2585} INFO - Sync 2 DAGs
[2024-08-05T06:45:14.210+0000] {logging_mixin.py:120} INFO - [2024-08-05T06:45:14.210+0000] {dag.py:3340} INFO - Setting next_dagrun for example_xcom_args to None, run_after=None
[2024-08-05T06:45:14.216+0000] {logging_mixin.py:120} INFO - [2024-08-05T06:45:14.216+0000] {dag.py:3340} INFO - Setting next_dagrun for example_xcom_args_with_operators to None, run_after=None
[2024-08-05T06:45:14.242+0000] {processor.py:176} INFO - Processing /home/airflow/.local/lib/python3.7/site-packages/airflow/example_dags/example_xcomargs.py took 0.195 seconds
[2024-08-05T06:45:45.558+0000] {processor.py:154} INFO - Started process (PID=5662) to work on /home/airflow/.local/lib/python3.7/site-packages/airflow/example_dags/example_xcomargs.py
[2024-08-05T06:45:45.559+0000] {processor.py:756} INFO - Processing file /home/airflow/.local/lib/python3.7/site-packages/airflow/example_dags/example_xcomargs.py for tasks to queue
[2024-08-05T06:45:45.560+0000] {logging_mixin.py:120} INFO - [2024-08-05T06:45:45.560+0000] {dagbag.py:537} INFO - Filling up the DagBag from /home/airflow/.local/lib/python3.7/site-packages/airflow/example_dags/example_xcomargs.py
[2024-08-05T06:45:45.587+0000] {processor.py:766} INFO - DAG(s) dict_keys(['example_xcom_args_with_operators', 'example_xcom_args']) retrieved from /home/airflow/.local/lib/python3.7/site-packages/airflow/example_dags/example_xcomargs.py
[2024-08-05T06:45:45.648+0000] {logging_mixin.py:120} INFO - [2024-08-05T06:45:45.648+0000] {dag.py:2585} INFO - Sync 2 DAGs
[2024-08-05T06:45:45.682+0000] {logging_mixin.py:120} INFO - [2024-08-05T06:45:45.682+0000] {dag.py:3340} INFO - Setting next_dagrun for example_xcom_args to None, run_after=None
[2024-08-05T06:45:45.687+0000] {logging_mixin.py:120} INFO - [2024-08-05T06:45:45.687+0000] {dag.py:3340} INFO - Setting next_dagrun for example_xcom_args_with_operators to None, run_after=None
[2024-08-05T06:45:45.712+0000] {processor.py:176} INFO - Processing /home/airflow/.local/lib/python3.7/site-packages/airflow/example_dags/example_xcomargs.py took 0.158 seconds
[2024-08-05T06:46:17.509+0000] {processor.py:154} INFO - Started process (PID=5730) to work on /home/airflow/.local/lib/python3.7/site-packages/airflow/example_dags/example_xcomargs.py
[2024-08-05T06:46:17.515+0000] {processor.py:756} INFO - Processing file /home/airflow/.local/lib/python3.7/site-packages/airflow/example_dags/example_xcomargs.py for tasks to queue
[2024-08-05T06:46:17.520+0000] {logging_mixin.py:120} INFO - [2024-08-05T06:46:17.520+0000] {dagbag.py:537} INFO - Filling up the DagBag from /home/airflow/.local/lib/python3.7/site-packages/airflow/example_dags/example_xcomargs.py
[2024-08-05T06:46:17.660+0000] {processor.py:766} INFO - DAG(s) dict_keys(['example_xcom_args_with_operators', 'example_xcom_args']) retrieved from /home/airflow/.local/lib/python3.7/site-packages/airflow/example_dags/example_xcomargs.py
[2024-08-05T06:46:17.828+0000] {logging_mixin.py:120} INFO - [2024-08-05T06:46:17.828+0000] {dag.py:2585} INFO - Sync 2 DAGs
[2024-08-05T06:46:18.023+0000] {logging_mixin.py:120} INFO - [2024-08-05T06:46:18.023+0000] {dag.py:3340} INFO - Setting next_dagrun for example_xcom_args to None, run_after=None
[2024-08-05T06:46:18.110+0000] {logging_mixin.py:120} INFO - [2024-08-05T06:46:18.110+0000] {dag.py:3340} INFO - Setting next_dagrun for example_xcom_args_with_operators to None, run_after=None
[2024-08-05T06:46:18.143+0000] {processor.py:176} INFO - Processing /home/airflow/.local/lib/python3.7/site-packages/airflow/example_dags/example_xcomargs.py took 0.638 seconds
[2024-08-05T06:46:49.690+0000] {processor.py:154} INFO - Started process (PID=5797) to work on /home/airflow/.local/lib/python3.7/site-packages/airflow/example_dags/example_xcomargs.py
[2024-08-05T06:46:49.691+0000] {processor.py:756} INFO - Processing file /home/airflow/.local/lib/python3.7/site-packages/airflow/example_dags/example_xcomargs.py for tasks to queue
[2024-08-05T06:46:49.706+0000] {logging_mixin.py:120} INFO - [2024-08-05T06:46:49.706+0000] {dagbag.py:537} INFO - Filling up the DagBag from /home/airflow/.local/lib/python3.7/site-packages/airflow/example_dags/example_xcomargs.py
[2024-08-05T06:46:49.749+0000] {processor.py:766} INFO - DAG(s) dict_keys(['example_xcom_args', 'example_xcom_args_with_operators']) retrieved from /home/airflow/.local/lib/python3.7/site-packages/airflow/example_dags/example_xcomargs.py
[2024-08-05T06:46:49.806+0000] {logging_mixin.py:120} INFO - [2024-08-05T06:46:49.805+0000] {dag.py:2585} INFO - Sync 2 DAGs
[2024-08-05T06:46:49.831+0000] {logging_mixin.py:120} INFO - [2024-08-05T06:46:49.831+0000] {dag.py:3340} INFO - Setting next_dagrun for example_xcom_args to None, run_after=None
[2024-08-05T06:46:49.836+0000] {logging_mixin.py:120} INFO - [2024-08-05T06:46:49.836+0000] {dag.py:3340} INFO - Setting next_dagrun for example_xcom_args_with_operators to None, run_after=None
[2024-08-05T06:46:49.865+0000] {processor.py:176} INFO - Processing /home/airflow/.local/lib/python3.7/site-packages/airflow/example_dags/example_xcomargs.py took 0.182 seconds
[2024-08-05T06:47:20.022+0000] {processor.py:154} INFO - Started process (PID=5856) to work on /home/airflow/.local/lib/python3.7/site-packages/airflow/example_dags/example_xcomargs.py
[2024-08-05T06:47:20.027+0000] {processor.py:756} INFO - Processing file /home/airflow/.local/lib/python3.7/site-packages/airflow/example_dags/example_xcomargs.py for tasks to queue
[2024-08-05T06:47:20.030+0000] {logging_mixin.py:120} INFO - [2024-08-05T06:47:20.030+0000] {dagbag.py:537} INFO - Filling up the DagBag from /home/airflow/.local/lib/python3.7/site-packages/airflow/example_dags/example_xcomargs.py
[2024-08-05T06:47:20.076+0000] {processor.py:766} INFO - DAG(s) dict_keys(['example_xcom_args', 'example_xcom_args_with_operators']) retrieved from /home/airflow/.local/lib/python3.7/site-packages/airflow/example_dags/example_xcomargs.py
[2024-08-05T06:47:20.152+0000] {logging_mixin.py:120} INFO - [2024-08-05T06:47:20.151+0000] {dag.py:2585} INFO - Sync 2 DAGs
[2024-08-05T06:47:20.194+0000] {logging_mixin.py:120} INFO - [2024-08-05T06:47:20.193+0000] {dag.py:3340} INFO - Setting next_dagrun for example_xcom_args to None, run_after=None
[2024-08-05T06:47:20.202+0000] {logging_mixin.py:120} INFO - [2024-08-05T06:47:20.202+0000] {dag.py:3340} INFO - Setting next_dagrun for example_xcom_args_with_operators to None, run_after=None
[2024-08-05T06:47:20.239+0000] {processor.py:176} INFO - Processing /home/airflow/.local/lib/python3.7/site-packages/airflow/example_dags/example_xcomargs.py took 0.223 seconds
[2024-08-05T06:47:50.844+0000] {processor.py:154} INFO - Started process (PID=5924) to work on /home/airflow/.local/lib/python3.7/site-packages/airflow/example_dags/example_xcomargs.py
[2024-08-05T06:47:50.845+0000] {processor.py:756} INFO - Processing file /home/airflow/.local/lib/python3.7/site-packages/airflow/example_dags/example_xcomargs.py for tasks to queue
[2024-08-05T06:47:50.846+0000] {logging_mixin.py:120} INFO - [2024-08-05T06:47:50.846+0000] {dagbag.py:537} INFO - Filling up the DagBag from /home/airflow/.local/lib/python3.7/site-packages/airflow/example_dags/example_xcomargs.py
[2024-08-05T06:47:50.872+0000] {processor.py:766} INFO - DAG(s) dict_keys(['example_xcom_args_with_operators', 'example_xcom_args']) retrieved from /home/airflow/.local/lib/python3.7/site-packages/airflow/example_dags/example_xcomargs.py
[2024-08-05T06:47:50.927+0000] {logging_mixin.py:120} INFO - [2024-08-05T06:47:50.926+0000] {dag.py:2585} INFO - Sync 2 DAGs
[2024-08-05T06:47:50.958+0000] {logging_mixin.py:120} INFO - [2024-08-05T06:47:50.958+0000] {dag.py:3340} INFO - Setting next_dagrun for example_xcom_args to None, run_after=None
[2024-08-05T06:47:50.964+0000] {logging_mixin.py:120} INFO - [2024-08-05T06:47:50.964+0000] {dag.py:3340} INFO - Setting next_dagrun for example_xcom_args_with_operators to None, run_after=None
[2024-08-05T06:47:50.994+0000] {processor.py:176} INFO - Processing /home/airflow/.local/lib/python3.7/site-packages/airflow/example_dags/example_xcomargs.py took 0.156 seconds
[2024-08-05T06:48:22.595+0000] {processor.py:154} INFO - Started process (PID=5982) to work on /home/airflow/.local/lib/python3.7/site-packages/airflow/example_dags/example_xcomargs.py
[2024-08-05T06:48:22.597+0000] {processor.py:756} INFO - Processing file /home/airflow/.local/lib/python3.7/site-packages/airflow/example_dags/example_xcomargs.py for tasks to queue
[2024-08-05T06:48:22.598+0000] {logging_mixin.py:120} INFO - [2024-08-05T06:48:22.598+0000] {dagbag.py:537} INFO - Filling up the DagBag from /home/airflow/.local/lib/python3.7/site-packages/airflow/example_dags/example_xcomargs.py
[2024-08-05T06:48:22.625+0000] {processor.py:766} INFO - DAG(s) dict_keys(['example_xcom_args', 'example_xcom_args_with_operators']) retrieved from /home/airflow/.local/lib/python3.7/site-packages/airflow/example_dags/example_xcomargs.py
[2024-08-05T06:48:22.698+0000] {logging_mixin.py:120} INFO - [2024-08-05T06:48:22.697+0000] {dag.py:2585} INFO - Sync 2 DAGs
[2024-08-05T06:48:22.751+0000] {logging_mixin.py:120} INFO - [2024-08-05T06:48:22.750+0000] {dag.py:3340} INFO - Setting next_dagrun for example_xcom_args to None, run_after=None
[2024-08-05T06:48:22.767+0000] {logging_mixin.py:120} INFO - [2024-08-05T06:48:22.767+0000] {dag.py:3340} INFO - Setting next_dagrun for example_xcom_args_with_operators to None, run_after=None
[2024-08-05T06:48:22.802+0000] {processor.py:176} INFO - Processing /home/airflow/.local/lib/python3.7/site-packages/airflow/example_dags/example_xcomargs.py took 0.211 seconds
[2024-08-05T06:48:52.950+0000] {processor.py:154} INFO - Started process (PID=6049) to work on /home/airflow/.local/lib/python3.7/site-packages/airflow/example_dags/example_xcomargs.py
[2024-08-05T06:48:52.953+0000] {processor.py:756} INFO - Processing file /home/airflow/.local/lib/python3.7/site-packages/airflow/example_dags/example_xcomargs.py for tasks to queue
[2024-08-05T06:48:52.954+0000] {logging_mixin.py:120} INFO - [2024-08-05T06:48:52.954+0000] {dagbag.py:537} INFO - Filling up the DagBag from /home/airflow/.local/lib/python3.7/site-packages/airflow/example_dags/example_xcomargs.py
[2024-08-05T06:48:52.984+0000] {processor.py:766} INFO - DAG(s) dict_keys(['example_xcom_args_with_operators', 'example_xcom_args']) retrieved from /home/airflow/.local/lib/python3.7/site-packages/airflow/example_dags/example_xcomargs.py
[2024-08-05T06:48:53.139+0000] {logging_mixin.py:120} INFO - [2024-08-05T06:48:53.138+0000] {dag.py:2585} INFO - Sync 2 DAGs
[2024-08-05T06:48:53.176+0000] {logging_mixin.py:120} INFO - [2024-08-05T06:48:53.176+0000] {dag.py:3340} INFO - Setting next_dagrun for example_xcom_args to None, run_after=None
[2024-08-05T06:48:53.188+0000] {logging_mixin.py:120} INFO - [2024-08-05T06:48:53.188+0000] {dag.py:3340} INFO - Setting next_dagrun for example_xcom_args_with_operators to None, run_after=None
[2024-08-05T06:48:53.210+0000] {processor.py:176} INFO - Processing /home/airflow/.local/lib/python3.7/site-packages/airflow/example_dags/example_xcomargs.py took 0.262 seconds
[2024-08-05T06:49:25.066+0000] {processor.py:154} INFO - Started process (PID=6116) to work on /home/airflow/.local/lib/python3.7/site-packages/airflow/example_dags/example_xcomargs.py
[2024-08-05T06:49:25.068+0000] {processor.py:756} INFO - Processing file /home/airflow/.local/lib/python3.7/site-packages/airflow/example_dags/example_xcomargs.py for tasks to queue
[2024-08-05T06:49:25.070+0000] {logging_mixin.py:120} INFO - [2024-08-05T06:49:25.070+0000] {dagbag.py:537} INFO - Filling up the DagBag from /home/airflow/.local/lib/python3.7/site-packages/airflow/example_dags/example_xcomargs.py
[2024-08-05T06:49:25.097+0000] {processor.py:766} INFO - DAG(s) dict_keys(['example_xcom_args_with_operators', 'example_xcom_args']) retrieved from /home/airflow/.local/lib/python3.7/site-packages/airflow/example_dags/example_xcomargs.py
[2024-08-05T06:49:25.145+0000] {logging_mixin.py:120} INFO - [2024-08-05T06:49:25.145+0000] {dag.py:2585} INFO - Sync 2 DAGs
[2024-08-05T06:49:25.176+0000] {logging_mixin.py:120} INFO - [2024-08-05T06:49:25.176+0000] {dag.py:3340} INFO - Setting next_dagrun for example_xcom_args to None, run_after=None
[2024-08-05T06:49:25.182+0000] {logging_mixin.py:120} INFO - [2024-08-05T06:49:25.181+0000] {dag.py:3340} INFO - Setting next_dagrun for example_xcom_args_with_operators to None, run_after=None
[2024-08-05T06:49:25.208+0000] {processor.py:176} INFO - Processing /home/airflow/.local/lib/python3.7/site-packages/airflow/example_dags/example_xcomargs.py took 0.146 seconds
[2024-08-05T06:49:55.785+0000] {processor.py:154} INFO - Started process (PID=6174) to work on /home/airflow/.local/lib/python3.7/site-packages/airflow/example_dags/example_xcomargs.py
[2024-08-05T06:49:55.786+0000] {processor.py:756} INFO - Processing file /home/airflow/.local/lib/python3.7/site-packages/airflow/example_dags/example_xcomargs.py for tasks to queue
[2024-08-05T06:49:55.787+0000] {logging_mixin.py:120} INFO - [2024-08-05T06:49:55.787+0000] {dagbag.py:537} INFO - Filling up the DagBag from /home/airflow/.local/lib/python3.7/site-packages/airflow/example_dags/example_xcomargs.py
[2024-08-05T06:49:55.809+0000] {processor.py:766} INFO - DAG(s) dict_keys(['example_xcom_args_with_operators', 'example_xcom_args']) retrieved from /home/airflow/.local/lib/python3.7/site-packages/airflow/example_dags/example_xcomargs.py
[2024-08-05T06:49:55.864+0000] {logging_mixin.py:120} INFO - [2024-08-05T06:49:55.864+0000] {dag.py:2585} INFO - Sync 2 DAGs
[2024-08-05T06:49:55.897+0000] {logging_mixin.py:120} INFO - [2024-08-05T06:49:55.897+0000] {dag.py:3340} INFO - Setting next_dagrun for example_xcom_args to None, run_after=None
[2024-08-05T06:49:55.901+0000] {logging_mixin.py:120} INFO - [2024-08-05T06:49:55.901+0000] {dag.py:3340} INFO - Setting next_dagrun for example_xcom_args_with_operators to None, run_after=None
[2024-08-05T06:49:55.922+0000] {processor.py:176} INFO - Processing /home/airflow/.local/lib/python3.7/site-packages/airflow/example_dags/example_xcomargs.py took 0.141 seconds
[2024-08-05T06:50:26.943+0000] {processor.py:154} INFO - Started process (PID=6241) to work on /home/airflow/.local/lib/python3.7/site-packages/airflow/example_dags/example_xcomargs.py
[2024-08-05T06:50:26.944+0000] {processor.py:756} INFO - Processing file /home/airflow/.local/lib/python3.7/site-packages/airflow/example_dags/example_xcomargs.py for tasks to queue
[2024-08-05T06:50:26.945+0000] {logging_mixin.py:120} INFO - [2024-08-05T06:50:26.945+0000] {dagbag.py:537} INFO - Filling up the DagBag from /home/airflow/.local/lib/python3.7/site-packages/airflow/example_dags/example_xcomargs.py
[2024-08-05T06:50:26.980+0000] {processor.py:766} INFO - DAG(s) dict_keys(['example_xcom_args_with_operators', 'example_xcom_args']) retrieved from /home/airflow/.local/lib/python3.7/site-packages/airflow/example_dags/example_xcomargs.py
[2024-08-05T06:50:27.036+0000] {logging_mixin.py:120} INFO - [2024-08-05T06:50:27.036+0000] {dag.py:2585} INFO - Sync 2 DAGs
[2024-08-05T06:50:27.141+0000] {logging_mixin.py:120} INFO - [2024-08-05T06:50:27.141+0000] {dag.py:3340} INFO - Setting next_dagrun for example_xcom_args to None, run_after=None
[2024-08-05T06:50:27.172+0000] {logging_mixin.py:120} INFO - [2024-08-05T06:50:27.172+0000] {dag.py:3340} INFO - Setting next_dagrun for example_xcom_args_with_operators to None, run_after=None
[2024-08-05T06:50:27.222+0000] {processor.py:176} INFO - Processing /home/airflow/.local/lib/python3.7/site-packages/airflow/example_dags/example_xcomargs.py took 0.283 seconds
[2024-08-05T06:50:57.915+0000] {processor.py:154} INFO - Started process (PID=6308) to work on /home/airflow/.local/lib/python3.7/site-packages/airflow/example_dags/example_xcomargs.py
[2024-08-05T06:50:57.919+0000] {processor.py:756} INFO - Processing file /home/airflow/.local/lib/python3.7/site-packages/airflow/example_dags/example_xcomargs.py for tasks to queue
[2024-08-05T06:50:57.922+0000] {logging_mixin.py:120} INFO - [2024-08-05T06:50:57.922+0000] {dagbag.py:537} INFO - Filling up the DagBag from /home/airflow/.local/lib/python3.7/site-packages/airflow/example_dags/example_xcomargs.py
[2024-08-05T06:50:57.991+0000] {processor.py:766} INFO - DAG(s) dict_keys(['example_xcom_args_with_operators', 'example_xcom_args']) retrieved from /home/airflow/.local/lib/python3.7/site-packages/airflow/example_dags/example_xcomargs.py
[2024-08-05T06:50:58.075+0000] {logging_mixin.py:120} INFO - [2024-08-05T06:50:58.075+0000] {dag.py:2585} INFO - Sync 2 DAGs
[2024-08-05T06:50:58.107+0000] {logging_mixin.py:120} INFO - [2024-08-05T06:50:58.107+0000] {dag.py:3340} INFO - Setting next_dagrun for example_xcom_args to None, run_after=None
[2024-08-05T06:50:58.113+0000] {logging_mixin.py:120} INFO - [2024-08-05T06:50:58.113+0000] {dag.py:3340} INFO - Setting next_dagrun for example_xcom_args_with_operators to None, run_after=None
[2024-08-05T06:50:58.145+0000] {processor.py:176} INFO - Processing /home/airflow/.local/lib/python3.7/site-packages/airflow/example_dags/example_xcomargs.py took 0.234 seconds
[2024-08-05T06:51:29.096+0000] {processor.py:154} INFO - Started process (PID=6365) to work on /home/airflow/.local/lib/python3.7/site-packages/airflow/example_dags/example_xcomargs.py
[2024-08-05T06:51:29.098+0000] {processor.py:756} INFO - Processing file /home/airflow/.local/lib/python3.7/site-packages/airflow/example_dags/example_xcomargs.py for tasks to queue
[2024-08-05T06:51:29.100+0000] {logging_mixin.py:120} INFO - [2024-08-05T06:51:29.099+0000] {dagbag.py:537} INFO - Filling up the DagBag from /home/airflow/.local/lib/python3.7/site-packages/airflow/example_dags/example_xcomargs.py
[2024-08-05T06:51:29.129+0000] {processor.py:766} INFO - DAG(s) dict_keys(['example_xcom_args', 'example_xcom_args_with_operators']) retrieved from /home/airflow/.local/lib/python3.7/site-packages/airflow/example_dags/example_xcomargs.py
[2024-08-05T06:51:29.197+0000] {logging_mixin.py:120} INFO - [2024-08-05T06:51:29.196+0000] {dag.py:2585} INFO - Sync 2 DAGs
[2024-08-05T06:51:29.239+0000] {logging_mixin.py:120} INFO - [2024-08-05T06:51:29.239+0000] {dag.py:3340} INFO - Setting next_dagrun for example_xcom_args to None, run_after=None
[2024-08-05T06:51:29.244+0000] {logging_mixin.py:120} INFO - [2024-08-05T06:51:29.244+0000] {dag.py:3340} INFO - Setting next_dagrun for example_xcom_args_with_operators to None, run_after=None
[2024-08-05T06:51:29.275+0000] {processor.py:176} INFO - Processing /home/airflow/.local/lib/python3.7/site-packages/airflow/example_dags/example_xcomargs.py took 0.183 seconds
[2024-08-05T06:52:00.206+0000] {processor.py:154} INFO - Started process (PID=6432) to work on /home/airflow/.local/lib/python3.7/site-packages/airflow/example_dags/example_xcomargs.py
[2024-08-05T06:52:00.208+0000] {processor.py:756} INFO - Processing file /home/airflow/.local/lib/python3.7/site-packages/airflow/example_dags/example_xcomargs.py for tasks to queue
[2024-08-05T06:52:00.209+0000] {logging_mixin.py:120} INFO - [2024-08-05T06:52:00.209+0000] {dagbag.py:537} INFO - Filling up the DagBag from /home/airflow/.local/lib/python3.7/site-packages/airflow/example_dags/example_xcomargs.py
[2024-08-05T06:52:00.244+0000] {processor.py:766} INFO - DAG(s) dict_keys(['example_xcom_args', 'example_xcom_args_with_operators']) retrieved from /home/airflow/.local/lib/python3.7/site-packages/airflow/example_dags/example_xcomargs.py
[2024-08-05T06:52:00.319+0000] {logging_mixin.py:120} INFO - [2024-08-05T06:52:00.319+0000] {dag.py:2585} INFO - Sync 2 DAGs
[2024-08-05T06:52:00.374+0000] {logging_mixin.py:120} INFO - [2024-08-05T06:52:00.373+0000] {dag.py:3340} INFO - Setting next_dagrun for example_xcom_args to None, run_after=None
[2024-08-05T06:52:00.381+0000] {logging_mixin.py:120} INFO - [2024-08-05T06:52:00.381+0000] {dag.py:3340} INFO - Setting next_dagrun for example_xcom_args_with_operators to None, run_after=None
[2024-08-05T06:52:00.412+0000] {processor.py:176} INFO - Processing /home/airflow/.local/lib/python3.7/site-packages/airflow/example_dags/example_xcomargs.py took 0.210 seconds
[2024-08-05T06:52:30.653+0000] {processor.py:154} INFO - Started process (PID=6500) to work on /home/airflow/.local/lib/python3.7/site-packages/airflow/example_dags/example_xcomargs.py
[2024-08-05T06:52:30.654+0000] {processor.py:756} INFO - Processing file /home/airflow/.local/lib/python3.7/site-packages/airflow/example_dags/example_xcomargs.py for tasks to queue
[2024-08-05T06:52:30.655+0000] {logging_mixin.py:120} INFO - [2024-08-05T06:52:30.655+0000] {dagbag.py:537} INFO - Filling up the DagBag from /home/airflow/.local/lib/python3.7/site-packages/airflow/example_dags/example_xcomargs.py
[2024-08-05T06:52:30.681+0000] {processor.py:766} INFO - DAG(s) dict_keys(['example_xcom_args', 'example_xcom_args_with_operators']) retrieved from /home/airflow/.local/lib/python3.7/site-packages/airflow/example_dags/example_xcomargs.py
[2024-08-05T06:52:30.729+0000] {logging_mixin.py:120} INFO - [2024-08-05T06:52:30.728+0000] {dag.py:2585} INFO - Sync 2 DAGs
[2024-08-05T06:52:30.770+0000] {logging_mixin.py:120} INFO - [2024-08-05T06:52:30.769+0000] {dag.py:3340} INFO - Setting next_dagrun for example_xcom_args to None, run_after=None
[2024-08-05T06:52:30.777+0000] {logging_mixin.py:120} INFO - [2024-08-05T06:52:30.777+0000] {dag.py:3340} INFO - Setting next_dagrun for example_xcom_args_with_operators to None, run_after=None
[2024-08-05T06:52:30.817+0000] {processor.py:176} INFO - Processing /home/airflow/.local/lib/python3.7/site-packages/airflow/example_dags/example_xcomargs.py took 0.169 seconds
[2024-08-05T06:53:02.386+0000] {processor.py:154} INFO - Started process (PID=6558) to work on /home/airflow/.local/lib/python3.7/site-packages/airflow/example_dags/example_xcomargs.py
[2024-08-05T06:53:02.408+0000] {processor.py:756} INFO - Processing file /home/airflow/.local/lib/python3.7/site-packages/airflow/example_dags/example_xcomargs.py for tasks to queue
[2024-08-05T06:53:02.490+0000] {logging_mixin.py:120} INFO - [2024-08-05T06:53:02.489+0000] {dagbag.py:537} INFO - Filling up the DagBag from /home/airflow/.local/lib/python3.7/site-packages/airflow/example_dags/example_xcomargs.py
[2024-08-05T06:53:02.567+0000] {processor.py:766} INFO - DAG(s) dict_keys(['example_xcom_args_with_operators', 'example_xcom_args']) retrieved from /home/airflow/.local/lib/python3.7/site-packages/airflow/example_dags/example_xcomargs.py
[2024-08-05T06:53:02.762+0000] {logging_mixin.py:120} INFO - [2024-08-05T06:53:02.762+0000] {dag.py:2585} INFO - Sync 2 DAGs
[2024-08-05T06:53:02.917+0000] {logging_mixin.py:120} INFO - [2024-08-05T06:53:02.917+0000] {dag.py:3340} INFO - Setting next_dagrun for example_xcom_args to None, run_after=None
[2024-08-05T06:53:02.921+0000] {logging_mixin.py:120} INFO - [2024-08-05T06:53:02.921+0000] {dag.py:3340} INFO - Setting next_dagrun for example_xcom_args_with_operators to None, run_after=None
[2024-08-05T06:53:02.971+0000] {processor.py:176} INFO - Processing /home/airflow/.local/lib/python3.7/site-packages/airflow/example_dags/example_xcomargs.py took 0.591 seconds
[2024-08-05T06:53:33.330+0000] {processor.py:154} INFO - Started process (PID=6625) to work on /home/airflow/.local/lib/python3.7/site-packages/airflow/example_dags/example_xcomargs.py
[2024-08-05T06:53:33.332+0000] {processor.py:756} INFO - Processing file /home/airflow/.local/lib/python3.7/site-packages/airflow/example_dags/example_xcomargs.py for tasks to queue
[2024-08-05T06:53:33.333+0000] {logging_mixin.py:120} INFO - [2024-08-05T06:53:33.333+0000] {dagbag.py:537} INFO - Filling up the DagBag from /home/airflow/.local/lib/python3.7/site-packages/airflow/example_dags/example_xcomargs.py
[2024-08-05T06:53:33.420+0000] {processor.py:766} INFO - DAG(s) dict_keys(['example_xcom_args', 'example_xcom_args_with_operators']) retrieved from /home/airflow/.local/lib/python3.7/site-packages/airflow/example_dags/example_xcomargs.py
[2024-08-05T06:53:33.490+0000] {logging_mixin.py:120} INFO - [2024-08-05T06:53:33.490+0000] {dag.py:2585} INFO - Sync 2 DAGs
[2024-08-05T06:53:33.605+0000] {logging_mixin.py:120} INFO - [2024-08-05T06:53:33.605+0000] {dag.py:3340} INFO - Setting next_dagrun for example_xcom_args to None, run_after=None
[2024-08-05T06:53:33.703+0000] {logging_mixin.py:120} INFO - [2024-08-05T06:53:33.703+0000] {dag.py:3340} INFO - Setting next_dagrun for example_xcom_args_with_operators to None, run_after=None
[2024-08-05T06:53:33.744+0000] {processor.py:176} INFO - Processing /home/airflow/.local/lib/python3.7/site-packages/airflow/example_dags/example_xcomargs.py took 0.418 seconds
[2024-08-05T06:54:04.409+0000] {processor.py:154} INFO - Started process (PID=6693) to work on /home/airflow/.local/lib/python3.7/site-packages/airflow/example_dags/example_xcomargs.py
[2024-08-05T06:54:04.411+0000] {processor.py:756} INFO - Processing file /home/airflow/.local/lib/python3.7/site-packages/airflow/example_dags/example_xcomargs.py for tasks to queue
[2024-08-05T06:54:04.416+0000] {logging_mixin.py:120} INFO - [2024-08-05T06:54:04.415+0000] {dagbag.py:537} INFO - Filling up the DagBag from /home/airflow/.local/lib/python3.7/site-packages/airflow/example_dags/example_xcomargs.py
[2024-08-05T06:54:04.474+0000] {processor.py:766} INFO - DAG(s) dict_keys(['example_xcom_args', 'example_xcom_args_with_operators']) retrieved from /home/airflow/.local/lib/python3.7/site-packages/airflow/example_dags/example_xcomargs.py
[2024-08-05T06:54:04.659+0000] {logging_mixin.py:120} INFO - [2024-08-05T06:54:04.659+0000] {dag.py:2585} INFO - Sync 2 DAGs
[2024-08-05T06:54:04.714+0000] {logging_mixin.py:120} INFO - [2024-08-05T06:54:04.714+0000] {dag.py:3340} INFO - Setting next_dagrun for example_xcom_args to None, run_after=None
[2024-08-05T06:54:04.724+0000] {logging_mixin.py:120} INFO - [2024-08-05T06:54:04.724+0000] {dag.py:3340} INFO - Setting next_dagrun for example_xcom_args_with_operators to None, run_after=None
[2024-08-05T06:54:04.761+0000] {processor.py:176} INFO - Processing /home/airflow/.local/lib/python3.7/site-packages/airflow/example_dags/example_xcomargs.py took 0.362 seconds
[2024-08-05T06:54:35.098+0000] {processor.py:154} INFO - Started process (PID=6751) to work on /home/airflow/.local/lib/python3.7/site-packages/airflow/example_dags/example_xcomargs.py
[2024-08-05T06:54:35.100+0000] {processor.py:756} INFO - Processing file /home/airflow/.local/lib/python3.7/site-packages/airflow/example_dags/example_xcomargs.py for tasks to queue
[2024-08-05T06:54:35.102+0000] {logging_mixin.py:120} INFO - [2024-08-05T06:54:35.101+0000] {dagbag.py:537} INFO - Filling up the DagBag from /home/airflow/.local/lib/python3.7/site-packages/airflow/example_dags/example_xcomargs.py
[2024-08-05T06:54:35.139+0000] {processor.py:766} INFO - DAG(s) dict_keys(['example_xcom_args', 'example_xcom_args_with_operators']) retrieved from /home/airflow/.local/lib/python3.7/site-packages/airflow/example_dags/example_xcomargs.py
[2024-08-05T06:54:35.199+0000] {logging_mixin.py:120} INFO - [2024-08-05T06:54:35.199+0000] {dag.py:2585} INFO - Sync 2 DAGs
[2024-08-05T06:54:35.230+0000] {logging_mixin.py:120} INFO - [2024-08-05T06:54:35.230+0000] {dag.py:3340} INFO - Setting next_dagrun for example_xcom_args to None, run_after=None
[2024-08-05T06:54:35.235+0000] {logging_mixin.py:120} INFO - [2024-08-05T06:54:35.235+0000] {dag.py:3340} INFO - Setting next_dagrun for example_xcom_args_with_operators to None, run_after=None
[2024-08-05T06:54:35.262+0000] {processor.py:176} INFO - Processing /home/airflow/.local/lib/python3.7/site-packages/airflow/example_dags/example_xcomargs.py took 0.169 seconds
[2024-08-05T06:55:05.892+0000] {processor.py:154} INFO - Started process (PID=6819) to work on /home/airflow/.local/lib/python3.7/site-packages/airflow/example_dags/example_xcomargs.py
[2024-08-05T06:55:05.893+0000] {processor.py:756} INFO - Processing file /home/airflow/.local/lib/python3.7/site-packages/airflow/example_dags/example_xcomargs.py for tasks to queue
[2024-08-05T06:55:05.895+0000] {logging_mixin.py:120} INFO - [2024-08-05T06:55:05.895+0000] {dagbag.py:537} INFO - Filling up the DagBag from /home/airflow/.local/lib/python3.7/site-packages/airflow/example_dags/example_xcomargs.py
[2024-08-05T06:55:05.916+0000] {processor.py:766} INFO - DAG(s) dict_keys(['example_xcom_args_with_operators', 'example_xcom_args']) retrieved from /home/airflow/.local/lib/python3.7/site-packages/airflow/example_dags/example_xcomargs.py
[2024-08-05T06:55:05.962+0000] {logging_mixin.py:120} INFO - [2024-08-05T06:55:05.961+0000] {dag.py:2585} INFO - Sync 2 DAGs
[2024-08-05T06:55:05.987+0000] {logging_mixin.py:120} INFO - [2024-08-05T06:55:05.987+0000] {dag.py:3340} INFO - Setting next_dagrun for example_xcom_args to None, run_after=None
[2024-08-05T06:55:05.992+0000] {logging_mixin.py:120} INFO - [2024-08-05T06:55:05.992+0000] {dag.py:3340} INFO - Setting next_dagrun for example_xcom_args_with_operators to None, run_after=None
[2024-08-05T06:55:06.015+0000] {processor.py:176} INFO - Processing /home/airflow/.local/lib/python3.7/site-packages/airflow/example_dags/example_xcomargs.py took 0.125 seconds
[2024-08-05T06:55:38.160+0000] {processor.py:154} INFO - Started process (PID=6885) to work on /home/airflow/.local/lib/python3.7/site-packages/airflow/example_dags/example_xcomargs.py
[2024-08-05T06:55:38.167+0000] {processor.py:756} INFO - Processing file /home/airflow/.local/lib/python3.7/site-packages/airflow/example_dags/example_xcomargs.py for tasks to queue
[2024-08-05T06:55:38.173+0000] {logging_mixin.py:120} INFO - [2024-08-05T06:55:38.173+0000] {dagbag.py:537} INFO - Filling up the DagBag from /home/airflow/.local/lib/python3.7/site-packages/airflow/example_dags/example_xcomargs.py
[2024-08-05T06:55:38.346+0000] {processor.py:766} INFO - DAG(s) dict_keys(['example_xcom_args_with_operators', 'example_xcom_args']) retrieved from /home/airflow/.local/lib/python3.7/site-packages/airflow/example_dags/example_xcomargs.py
[2024-08-05T06:55:38.459+0000] {logging_mixin.py:120} INFO - [2024-08-05T06:55:38.459+0000] {dag.py:2585} INFO - Sync 2 DAGs
[2024-08-05T06:55:38.494+0000] {logging_mixin.py:120} INFO - [2024-08-05T06:55:38.494+0000] {dag.py:3340} INFO - Setting next_dagrun for example_xcom_args to None, run_after=None
[2024-08-05T06:55:38.553+0000] {logging_mixin.py:120} INFO - [2024-08-05T06:55:38.553+0000] {dag.py:3340} INFO - Setting next_dagrun for example_xcom_args_with_operators to None, run_after=None
[2024-08-05T06:55:38.645+0000] {processor.py:176} INFO - Processing /home/airflow/.local/lib/python3.7/site-packages/airflow/example_dags/example_xcomargs.py took 0.490 seconds
[2024-08-05T06:56:09.129+0000] {processor.py:154} INFO - Started process (PID=6953) to work on /home/airflow/.local/lib/python3.7/site-packages/airflow/example_dags/example_xcomargs.py
[2024-08-05T06:56:09.130+0000] {processor.py:756} INFO - Processing file /home/airflow/.local/lib/python3.7/site-packages/airflow/example_dags/example_xcomargs.py for tasks to queue
[2024-08-05T06:56:09.131+0000] {logging_mixin.py:120} INFO - [2024-08-05T06:56:09.131+0000] {dagbag.py:537} INFO - Filling up the DagBag from /home/airflow/.local/lib/python3.7/site-packages/airflow/example_dags/example_xcomargs.py
[2024-08-05T06:56:09.168+0000] {processor.py:766} INFO - DAG(s) dict_keys(['example_xcom_args', 'example_xcom_args_with_operators']) retrieved from /home/airflow/.local/lib/python3.7/site-packages/airflow/example_dags/example_xcomargs.py
[2024-08-05T06:56:09.402+0000] {logging_mixin.py:120} INFO - [2024-08-05T06:56:09.401+0000] {dag.py:2585} INFO - Sync 2 DAGs
[2024-08-05T06:56:09.499+0000] {logging_mixin.py:120} INFO - [2024-08-05T06:56:09.499+0000] {dag.py:3340} INFO - Setting next_dagrun for example_xcom_args to None, run_after=None
[2024-08-05T06:56:09.506+0000] {logging_mixin.py:120} INFO - [2024-08-05T06:56:09.506+0000] {dag.py:3340} INFO - Setting next_dagrun for example_xcom_args_with_operators to None, run_after=None
[2024-08-05T06:56:09.529+0000] {processor.py:176} INFO - Processing /home/airflow/.local/lib/python3.7/site-packages/airflow/example_dags/example_xcomargs.py took 0.405 seconds
[2024-08-05T06:56:40.179+0000] {processor.py:154} INFO - Started process (PID=7012) to work on /home/airflow/.local/lib/python3.7/site-packages/airflow/example_dags/example_xcomargs.py
[2024-08-05T06:56:40.186+0000] {processor.py:756} INFO - Processing file /home/airflow/.local/lib/python3.7/site-packages/airflow/example_dags/example_xcomargs.py for tasks to queue
[2024-08-05T06:56:40.189+0000] {logging_mixin.py:120} INFO - [2024-08-05T06:56:40.188+0000] {dagbag.py:537} INFO - Filling up the DagBag from /home/airflow/.local/lib/python3.7/site-packages/airflow/example_dags/example_xcomargs.py
[2024-08-05T06:56:40.218+0000] {processor.py:766} INFO - DAG(s) dict_keys(['example_xcom_args_with_operators', 'example_xcom_args']) retrieved from /home/airflow/.local/lib/python3.7/site-packages/airflow/example_dags/example_xcomargs.py
[2024-08-05T06:56:40.424+0000] {logging_mixin.py:120} INFO - [2024-08-05T06:56:40.424+0000] {dag.py:2585} INFO - Sync 2 DAGs
[2024-08-05T06:56:40.580+0000] {logging_mixin.py:120} INFO - [2024-08-05T06:56:40.580+0000] {dag.py:3340} INFO - Setting next_dagrun for example_xcom_args to None, run_after=None
[2024-08-05T06:56:40.622+0000] {logging_mixin.py:120} INFO - [2024-08-05T06:56:40.622+0000] {dag.py:3340} INFO - Setting next_dagrun for example_xcom_args_with_operators to None, run_after=None
[2024-08-05T06:56:40.675+0000] {processor.py:176} INFO - Processing /home/airflow/.local/lib/python3.7/site-packages/airflow/example_dags/example_xcomargs.py took 0.501 seconds
[2024-08-05T06:57:10.951+0000] {processor.py:154} INFO - Started process (PID=7079) to work on /home/airflow/.local/lib/python3.7/site-packages/airflow/example_dags/example_xcomargs.py
[2024-08-05T06:57:10.952+0000] {processor.py:756} INFO - Processing file /home/airflow/.local/lib/python3.7/site-packages/airflow/example_dags/example_xcomargs.py for tasks to queue
[2024-08-05T06:57:10.954+0000] {logging_mixin.py:120} INFO - [2024-08-05T06:57:10.953+0000] {dagbag.py:537} INFO - Filling up the DagBag from /home/airflow/.local/lib/python3.7/site-packages/airflow/example_dags/example_xcomargs.py
[2024-08-05T06:57:10.983+0000] {processor.py:766} INFO - DAG(s) dict_keys(['example_xcom_args_with_operators', 'example_xcom_args']) retrieved from /home/airflow/.local/lib/python3.7/site-packages/airflow/example_dags/example_xcomargs.py
[2024-08-05T06:57:11.030+0000] {logging_mixin.py:120} INFO - [2024-08-05T06:57:11.030+0000] {dag.py:2585} INFO - Sync 2 DAGs
[2024-08-05T06:57:11.083+0000] {logging_mixin.py:120} INFO - [2024-08-05T06:57:11.083+0000] {dag.py:3340} INFO - Setting next_dagrun for example_xcom_args to None, run_after=None
[2024-08-05T06:57:11.190+0000] {logging_mixin.py:120} INFO - [2024-08-05T06:57:11.190+0000] {dag.py:3340} INFO - Setting next_dagrun for example_xcom_args_with_operators to None, run_after=None
[2024-08-05T06:57:11.226+0000] {processor.py:176} INFO - Processing /home/airflow/.local/lib/python3.7/site-packages/airflow/example_dags/example_xcomargs.py took 0.279 seconds
[2024-08-05T06:57:41.841+0000] {processor.py:154} INFO - Started process (PID=7147) to work on /home/airflow/.local/lib/python3.7/site-packages/airflow/example_dags/example_xcomargs.py
[2024-08-05T06:57:41.845+0000] {processor.py:756} INFO - Processing file /home/airflow/.local/lib/python3.7/site-packages/airflow/example_dags/example_xcomargs.py for tasks to queue
[2024-08-05T06:57:41.846+0000] {logging_mixin.py:120} INFO - [2024-08-05T06:57:41.846+0000] {dagbag.py:537} INFO - Filling up the DagBag from /home/airflow/.local/lib/python3.7/site-packages/airflow/example_dags/example_xcomargs.py
[2024-08-05T06:57:41.881+0000] {processor.py:766} INFO - DAG(s) dict_keys(['example_xcom_args_with_operators', 'example_xcom_args']) retrieved from /home/airflow/.local/lib/python3.7/site-packages/airflow/example_dags/example_xcomargs.py
[2024-08-05T06:57:41.945+0000] {logging_mixin.py:120} INFO - [2024-08-05T06:57:41.945+0000] {dag.py:2585} INFO - Sync 2 DAGs
[2024-08-05T06:57:41.980+0000] {logging_mixin.py:120} INFO - [2024-08-05T06:57:41.980+0000] {dag.py:3340} INFO - Setting next_dagrun for example_xcom_args to None, run_after=None
[2024-08-05T06:57:41.991+0000] {logging_mixin.py:120} INFO - [2024-08-05T06:57:41.991+0000] {dag.py:3340} INFO - Setting next_dagrun for example_xcom_args_with_operators to None, run_after=None
[2024-08-05T06:57:42.281+0000] {processor.py:176} INFO - Processing /home/airflow/.local/lib/python3.7/site-packages/airflow/example_dags/example_xcomargs.py took 0.451 seconds
[2024-08-05T06:58:12.509+0000] {processor.py:154} INFO - Started process (PID=7204) to work on /home/airflow/.local/lib/python3.7/site-packages/airflow/example_dags/example_xcomargs.py
[2024-08-05T06:58:12.511+0000] {processor.py:756} INFO - Processing file /home/airflow/.local/lib/python3.7/site-packages/airflow/example_dags/example_xcomargs.py for tasks to queue
[2024-08-05T06:58:12.512+0000] {logging_mixin.py:120} INFO - [2024-08-05T06:58:12.512+0000] {dagbag.py:537} INFO - Filling up the DagBag from /home/airflow/.local/lib/python3.7/site-packages/airflow/example_dags/example_xcomargs.py
[2024-08-05T06:58:12.549+0000] {processor.py:766} INFO - DAG(s) dict_keys(['example_xcom_args_with_operators', 'example_xcom_args']) retrieved from /home/airflow/.local/lib/python3.7/site-packages/airflow/example_dags/example_xcomargs.py
[2024-08-05T06:58:12.596+0000] {logging_mixin.py:120} INFO - [2024-08-05T06:58:12.596+0000] {dag.py:2585} INFO - Sync 2 DAGs
[2024-08-05T06:58:12.622+0000] {logging_mixin.py:120} INFO - [2024-08-05T06:58:12.622+0000] {dag.py:3340} INFO - Setting next_dagrun for example_xcom_args to None, run_after=None
[2024-08-05T06:58:12.627+0000] {logging_mixin.py:120} INFO - [2024-08-05T06:58:12.627+0000] {dag.py:3340} INFO - Setting next_dagrun for example_xcom_args_with_operators to None, run_after=None
[2024-08-05T06:58:12.648+0000] {processor.py:176} INFO - Processing /home/airflow/.local/lib/python3.7/site-packages/airflow/example_dags/example_xcomargs.py took 0.143 seconds
[2024-08-05T06:58:42.798+0000] {processor.py:154} INFO - Started process (PID=7270) to work on /home/airflow/.local/lib/python3.7/site-packages/airflow/example_dags/example_xcomargs.py
[2024-08-05T06:58:42.799+0000] {processor.py:756} INFO - Processing file /home/airflow/.local/lib/python3.7/site-packages/airflow/example_dags/example_xcomargs.py for tasks to queue
[2024-08-05T06:58:42.801+0000] {logging_mixin.py:120} INFO - [2024-08-05T06:58:42.800+0000] {dagbag.py:537} INFO - Filling up the DagBag from /home/airflow/.local/lib/python3.7/site-packages/airflow/example_dags/example_xcomargs.py
[2024-08-05T06:58:42.837+0000] {processor.py:766} INFO - DAG(s) dict_keys(['example_xcom_args', 'example_xcom_args_with_operators']) retrieved from /home/airflow/.local/lib/python3.7/site-packages/airflow/example_dags/example_xcomargs.py
[2024-08-05T06:58:42.888+0000] {logging_mixin.py:120} INFO - [2024-08-05T06:58:42.888+0000] {dag.py:2585} INFO - Sync 2 DAGs
[2024-08-05T06:58:42.921+0000] {logging_mixin.py:120} INFO - [2024-08-05T06:58:42.921+0000] {dag.py:3340} INFO - Setting next_dagrun for example_xcom_args to None, run_after=None
[2024-08-05T06:58:42.927+0000] {logging_mixin.py:120} INFO - [2024-08-05T06:58:42.927+0000] {dag.py:3340} INFO - Setting next_dagrun for example_xcom_args_with_operators to None, run_after=None
[2024-08-05T06:58:43.003+0000] {processor.py:176} INFO - Processing /home/airflow/.local/lib/python3.7/site-packages/airflow/example_dags/example_xcomargs.py took 0.209 seconds
[2024-08-05T06:59:13.808+0000] {processor.py:154} INFO - Started process (PID=7328) to work on /home/airflow/.local/lib/python3.7/site-packages/airflow/example_dags/example_xcomargs.py
[2024-08-05T06:59:13.809+0000] {processor.py:756} INFO - Processing file /home/airflow/.local/lib/python3.7/site-packages/airflow/example_dags/example_xcomargs.py for tasks to queue
[2024-08-05T06:59:13.810+0000] {logging_mixin.py:120} INFO - [2024-08-05T06:59:13.810+0000] {dagbag.py:537} INFO - Filling up the DagBag from /home/airflow/.local/lib/python3.7/site-packages/airflow/example_dags/example_xcomargs.py
[2024-08-05T06:59:13.857+0000] {processor.py:766} INFO - DAG(s) dict_keys(['example_xcom_args', 'example_xcom_args_with_operators']) retrieved from /home/airflow/.local/lib/python3.7/site-packages/airflow/example_dags/example_xcomargs.py
[2024-08-05T06:59:14.038+0000] {logging_mixin.py:120} INFO - [2024-08-05T06:59:14.038+0000] {dag.py:2585} INFO - Sync 2 DAGs
[2024-08-05T06:59:14.202+0000] {logging_mixin.py:120} INFO - [2024-08-05T06:59:14.202+0000] {dag.py:3340} INFO - Setting next_dagrun for example_xcom_args to None, run_after=None
[2024-08-05T06:59:14.304+0000] {logging_mixin.py:120} INFO - [2024-08-05T06:59:14.303+0000] {dag.py:3340} INFO - Setting next_dagrun for example_xcom_args_with_operators to None, run_after=None
[2024-08-05T06:59:14.361+0000] {processor.py:176} INFO - Processing /home/airflow/.local/lib/python3.7/site-packages/airflow/example_dags/example_xcomargs.py took 0.556 seconds
[2024-08-05T06:59:44.989+0000] {processor.py:154} INFO - Started process (PID=7394) to work on /home/airflow/.local/lib/python3.7/site-packages/airflow/example_dags/example_xcomargs.py
[2024-08-05T06:59:44.990+0000] {processor.py:756} INFO - Processing file /home/airflow/.local/lib/python3.7/site-packages/airflow/example_dags/example_xcomargs.py for tasks to queue
[2024-08-05T06:59:44.992+0000] {logging_mixin.py:120} INFO - [2024-08-05T06:59:44.991+0000] {dagbag.py:537} INFO - Filling up the DagBag from /home/airflow/.local/lib/python3.7/site-packages/airflow/example_dags/example_xcomargs.py
[2024-08-05T06:59:45.023+0000] {processor.py:766} INFO - DAG(s) dict_keys(['example_xcom_args', 'example_xcom_args_with_operators']) retrieved from /home/airflow/.local/lib/python3.7/site-packages/airflow/example_dags/example_xcomargs.py
[2024-08-05T06:59:45.076+0000] {logging_mixin.py:120} INFO - [2024-08-05T06:59:45.076+0000] {dag.py:2585} INFO - Sync 2 DAGs
[2024-08-05T06:59:45.142+0000] {logging_mixin.py:120} INFO - [2024-08-05T06:59:45.141+0000] {dag.py:3340} INFO - Setting next_dagrun for example_xcom_args to None, run_after=None
[2024-08-05T06:59:45.225+0000] {logging_mixin.py:120} INFO - [2024-08-05T06:59:45.224+0000] {dag.py:3340} INFO - Setting next_dagrun for example_xcom_args_with_operators to None, run_after=None
[2024-08-05T06:59:45.258+0000] {processor.py:176} INFO - Processing /home/airflow/.local/lib/python3.7/site-packages/airflow/example_dags/example_xcomargs.py took 0.272 seconds
[2024-08-05T07:00:15.877+0000] {processor.py:154} INFO - Started process (PID=7462) to work on /home/airflow/.local/lib/python3.7/site-packages/airflow/example_dags/example_xcomargs.py
[2024-08-05T07:00:15.879+0000] {processor.py:756} INFO - Processing file /home/airflow/.local/lib/python3.7/site-packages/airflow/example_dags/example_xcomargs.py for tasks to queue
[2024-08-05T07:00:15.881+0000] {logging_mixin.py:120} INFO - [2024-08-05T07:00:15.880+0000] {dagbag.py:537} INFO - Filling up the DagBag from /home/airflow/.local/lib/python3.7/site-packages/airflow/example_dags/example_xcomargs.py
[2024-08-05T07:00:15.913+0000] {processor.py:766} INFO - DAG(s) dict_keys(['example_xcom_args', 'example_xcom_args_with_operators']) retrieved from /home/airflow/.local/lib/python3.7/site-packages/airflow/example_dags/example_xcomargs.py
[2024-08-05T07:00:16.014+0000] {logging_mixin.py:120} INFO - [2024-08-05T07:00:16.014+0000] {dag.py:2585} INFO - Sync 2 DAGs
[2024-08-05T07:00:16.074+0000] {logging_mixin.py:120} INFO - [2024-08-05T07:00:16.074+0000] {dag.py:3340} INFO - Setting next_dagrun for example_xcom_args to None, run_after=None
[2024-08-05T07:00:16.081+0000] {logging_mixin.py:120} INFO - [2024-08-05T07:00:16.081+0000] {dag.py:3340} INFO - Setting next_dagrun for example_xcom_args_with_operators to None, run_after=None
[2024-08-05T07:00:16.116+0000] {processor.py:176} INFO - Processing /home/airflow/.local/lib/python3.7/site-packages/airflow/example_dags/example_xcomargs.py took 0.244 seconds
[2024-08-05T07:00:46.195+0000] {processor.py:154} INFO - Started process (PID=7521) to work on /home/airflow/.local/lib/python3.7/site-packages/airflow/example_dags/example_xcomargs.py
[2024-08-05T07:00:46.198+0000] {processor.py:756} INFO - Processing file /home/airflow/.local/lib/python3.7/site-packages/airflow/example_dags/example_xcomargs.py for tasks to queue
[2024-08-05T07:00:46.202+0000] {logging_mixin.py:120} INFO - [2024-08-05T07:00:46.201+0000] {dagbag.py:537} INFO - Filling up the DagBag from /home/airflow/.local/lib/python3.7/site-packages/airflow/example_dags/example_xcomargs.py
[2024-08-05T07:00:46.247+0000] {processor.py:766} INFO - DAG(s) dict_keys(['example_xcom_args_with_operators', 'example_xcom_args']) retrieved from /home/airflow/.local/lib/python3.7/site-packages/airflow/example_dags/example_xcomargs.py
[2024-08-05T07:00:46.306+0000] {logging_mixin.py:120} INFO - [2024-08-05T07:00:46.306+0000] {dag.py:2585} INFO - Sync 2 DAGs
[2024-08-05T07:00:46.348+0000] {logging_mixin.py:120} INFO - [2024-08-05T07:00:46.348+0000] {dag.py:3340} INFO - Setting next_dagrun for example_xcom_args to None, run_after=None
[2024-08-05T07:00:46.353+0000] {logging_mixin.py:120} INFO - [2024-08-05T07:00:46.353+0000] {dag.py:3340} INFO - Setting next_dagrun for example_xcom_args_with_operators to None, run_after=None
[2024-08-05T07:00:46.387+0000] {processor.py:176} INFO - Processing /home/airflow/.local/lib/python3.7/site-packages/airflow/example_dags/example_xcomargs.py took 0.197 seconds
[2024-08-05T07:01:16.531+0000] {processor.py:154} INFO - Started process (PID=7587) to work on /home/airflow/.local/lib/python3.7/site-packages/airflow/example_dags/example_xcomargs.py
[2024-08-05T07:01:16.532+0000] {processor.py:756} INFO - Processing file /home/airflow/.local/lib/python3.7/site-packages/airflow/example_dags/example_xcomargs.py for tasks to queue
[2024-08-05T07:01:16.535+0000] {logging_mixin.py:120} INFO - [2024-08-05T07:01:16.535+0000] {dagbag.py:537} INFO - Filling up the DagBag from /home/airflow/.local/lib/python3.7/site-packages/airflow/example_dags/example_xcomargs.py
[2024-08-05T07:01:16.570+0000] {processor.py:766} INFO - DAG(s) dict_keys(['example_xcom_args_with_operators', 'example_xcom_args']) retrieved from /home/airflow/.local/lib/python3.7/site-packages/airflow/example_dags/example_xcomargs.py
[2024-08-05T07:01:16.650+0000] {logging_mixin.py:120} INFO - [2024-08-05T07:01:16.650+0000] {dag.py:2585} INFO - Sync 2 DAGs
[2024-08-05T07:01:16.697+0000] {logging_mixin.py:120} INFO - [2024-08-05T07:01:16.696+0000] {dag.py:3340} INFO - Setting next_dagrun for example_xcom_args to None, run_after=None
[2024-08-05T07:01:16.702+0000] {logging_mixin.py:120} INFO - [2024-08-05T07:01:16.702+0000] {dag.py:3340} INFO - Setting next_dagrun for example_xcom_args_with_operators to None, run_after=None
[2024-08-05T07:01:16.734+0000] {processor.py:176} INFO - Processing /home/airflow/.local/lib/python3.7/site-packages/airflow/example_dags/example_xcomargs.py took 0.209 seconds
[2024-08-05T07:01:47.761+0000] {processor.py:154} INFO - Started process (PID=7645) to work on /home/airflow/.local/lib/python3.7/site-packages/airflow/example_dags/example_xcomargs.py
[2024-08-05T07:01:47.767+0000] {processor.py:756} INFO - Processing file /home/airflow/.local/lib/python3.7/site-packages/airflow/example_dags/example_xcomargs.py for tasks to queue
[2024-08-05T07:01:47.769+0000] {logging_mixin.py:120} INFO - [2024-08-05T07:01:47.769+0000] {dagbag.py:537} INFO - Filling up the DagBag from /home/airflow/.local/lib/python3.7/site-packages/airflow/example_dags/example_xcomargs.py
[2024-08-05T07:01:47.842+0000] {processor.py:766} INFO - DAG(s) dict_keys(['example_xcom_args', 'example_xcom_args_with_operators']) retrieved from /home/airflow/.local/lib/python3.7/site-packages/airflow/example_dags/example_xcomargs.py
[2024-08-05T07:01:47.921+0000] {logging_mixin.py:120} INFO - [2024-08-05T07:01:47.920+0000] {dag.py:2585} INFO - Sync 2 DAGs
[2024-08-05T07:01:48.075+0000] {logging_mixin.py:120} INFO - [2024-08-05T07:01:48.074+0000] {dag.py:3340} INFO - Setting next_dagrun for example_xcom_args to None, run_after=None
[2024-08-05T07:01:48.084+0000] {logging_mixin.py:120} INFO - [2024-08-05T07:01:48.084+0000] {dag.py:3340} INFO - Setting next_dagrun for example_xcom_args_with_operators to None, run_after=None
[2024-08-05T07:01:48.150+0000] {processor.py:176} INFO - Processing /home/airflow/.local/lib/python3.7/site-packages/airflow/example_dags/example_xcomargs.py took 0.393 seconds
[2024-08-05T07:02:18.907+0000] {processor.py:154} INFO - Started process (PID=7711) to work on /home/airflow/.local/lib/python3.7/site-packages/airflow/example_dags/example_xcomargs.py
[2024-08-05T07:02:19.005+0000] {processor.py:756} INFO - Processing file /home/airflow/.local/lib/python3.7/site-packages/airflow/example_dags/example_xcomargs.py for tasks to queue
[2024-08-05T07:02:19.025+0000] {logging_mixin.py:120} INFO - [2024-08-05T07:02:19.025+0000] {dagbag.py:537} INFO - Filling up the DagBag from /home/airflow/.local/lib/python3.7/site-packages/airflow/example_dags/example_xcomargs.py
[2024-08-05T07:02:19.100+0000] {processor.py:766} INFO - DAG(s) dict_keys(['example_xcom_args', 'example_xcom_args_with_operators']) retrieved from /home/airflow/.local/lib/python3.7/site-packages/airflow/example_dags/example_xcomargs.py
[2024-08-05T07:02:19.271+0000] {logging_mixin.py:120} INFO - [2024-08-05T07:02:19.271+0000] {dag.py:2585} INFO - Sync 2 DAGs
[2024-08-05T07:02:19.373+0000] {logging_mixin.py:120} INFO - [2024-08-05T07:02:19.373+0000] {dag.py:3340} INFO - Setting next_dagrun for example_xcom_args to None, run_after=None
[2024-08-05T07:02:19.487+0000] {logging_mixin.py:120} INFO - [2024-08-05T07:02:19.487+0000] {dag.py:3340} INFO - Setting next_dagrun for example_xcom_args_with_operators to None, run_after=None
[2024-08-05T07:02:19.616+0000] {processor.py:176} INFO - Processing /home/airflow/.local/lib/python3.7/site-packages/airflow/example_dags/example_xcomargs.py took 0.713 seconds
[2024-08-05T07:02:50.563+0000] {processor.py:154} INFO - Started process (PID=7769) to work on /home/airflow/.local/lib/python3.7/site-packages/airflow/example_dags/example_xcomargs.py
[2024-08-05T07:02:50.569+0000] {processor.py:756} INFO - Processing file /home/airflow/.local/lib/python3.7/site-packages/airflow/example_dags/example_xcomargs.py for tasks to queue
[2024-08-05T07:02:50.571+0000] {logging_mixin.py:120} INFO - [2024-08-05T07:02:50.571+0000] {dagbag.py:537} INFO - Filling up the DagBag from /home/airflow/.local/lib/python3.7/site-packages/airflow/example_dags/example_xcomargs.py
[2024-08-05T07:02:50.604+0000] {processor.py:766} INFO - DAG(s) dict_keys(['example_xcom_args', 'example_xcom_args_with_operators']) retrieved from /home/airflow/.local/lib/python3.7/site-packages/airflow/example_dags/example_xcomargs.py
[2024-08-05T07:02:50.658+0000] {logging_mixin.py:120} INFO - [2024-08-05T07:02:50.658+0000] {dag.py:2585} INFO - Sync 2 DAGs
[2024-08-05T07:02:50.697+0000] {logging_mixin.py:120} INFO - [2024-08-05T07:02:50.697+0000] {dag.py:3340} INFO - Setting next_dagrun for example_xcom_args to None, run_after=None
[2024-08-05T07:02:50.701+0000] {logging_mixin.py:120} INFO - [2024-08-05T07:02:50.701+0000] {dag.py:3340} INFO - Setting next_dagrun for example_xcom_args_with_operators to None, run_after=None
[2024-08-05T07:02:50.728+0000] {processor.py:176} INFO - Processing /home/airflow/.local/lib/python3.7/site-packages/airflow/example_dags/example_xcomargs.py took 0.171 seconds
[2024-08-05T07:03:20.920+0000] {processor.py:154} INFO - Started process (PID=7834) to work on /home/airflow/.local/lib/python3.7/site-packages/airflow/example_dags/example_xcomargs.py
[2024-08-05T07:03:20.921+0000] {processor.py:756} INFO - Processing file /home/airflow/.local/lib/python3.7/site-packages/airflow/example_dags/example_xcomargs.py for tasks to queue
[2024-08-05T07:03:20.922+0000] {logging_mixin.py:120} INFO - [2024-08-05T07:03:20.922+0000] {dagbag.py:537} INFO - Filling up the DagBag from /home/airflow/.local/lib/python3.7/site-packages/airflow/example_dags/example_xcomargs.py
[2024-08-05T07:03:20.950+0000] {processor.py:766} INFO - DAG(s) dict_keys(['example_xcom_args_with_operators', 'example_xcom_args']) retrieved from /home/airflow/.local/lib/python3.7/site-packages/airflow/example_dags/example_xcomargs.py
[2024-08-05T07:03:21.005+0000] {logging_mixin.py:120} INFO - [2024-08-05T07:03:21.005+0000] {dag.py:2585} INFO - Sync 2 DAGs
[2024-08-05T07:03:21.043+0000] {logging_mixin.py:120} INFO - [2024-08-05T07:03:21.043+0000] {dag.py:3340} INFO - Setting next_dagrun for example_xcom_args to None, run_after=None
[2024-08-05T07:03:21.061+0000] {logging_mixin.py:120} INFO - [2024-08-05T07:03:21.061+0000] {dag.py:3340} INFO - Setting next_dagrun for example_xcom_args_with_operators to None, run_after=None
[2024-08-05T07:03:21.107+0000] {processor.py:176} INFO - Processing /home/airflow/.local/lib/python3.7/site-packages/airflow/example_dags/example_xcomargs.py took 0.192 seconds
[2024-08-05T07:03:51.614+0000] {processor.py:154} INFO - Started process (PID=7901) to work on /home/airflow/.local/lib/python3.7/site-packages/airflow/example_dags/example_xcomargs.py
[2024-08-05T07:03:51.628+0000] {processor.py:756} INFO - Processing file /home/airflow/.local/lib/python3.7/site-packages/airflow/example_dags/example_xcomargs.py for tasks to queue
[2024-08-05T07:03:51.653+0000] {logging_mixin.py:120} INFO - [2024-08-05T07:03:51.653+0000] {dagbag.py:537} INFO - Filling up the DagBag from /home/airflow/.local/lib/python3.7/site-packages/airflow/example_dags/example_xcomargs.py
[2024-08-05T07:03:51.743+0000] {processor.py:766} INFO - DAG(s) dict_keys(['example_xcom_args_with_operators', 'example_xcom_args']) retrieved from /home/airflow/.local/lib/python3.7/site-packages/airflow/example_dags/example_xcomargs.py
[2024-08-05T07:03:51.817+0000] {logging_mixin.py:120} INFO - [2024-08-05T07:03:51.817+0000] {dag.py:2585} INFO - Sync 2 DAGs
[2024-08-05T07:03:51.861+0000] {logging_mixin.py:120} INFO - [2024-08-05T07:03:51.861+0000] {dag.py:3340} INFO - Setting next_dagrun for example_xcom_args to None, run_after=None
[2024-08-05T07:03:51.886+0000] {logging_mixin.py:120} INFO - [2024-08-05T07:03:51.886+0000] {dag.py:3340} INFO - Setting next_dagrun for example_xcom_args_with_operators to None, run_after=None
[2024-08-05T07:03:51.974+0000] {processor.py:176} INFO - Processing /home/airflow/.local/lib/python3.7/site-packages/airflow/example_dags/example_xcomargs.py took 0.366 seconds
[2024-08-05T07:04:22.771+0000] {processor.py:154} INFO - Started process (PID=7959) to work on /home/airflow/.local/lib/python3.7/site-packages/airflow/example_dags/example_xcomargs.py
[2024-08-05T07:04:22.774+0000] {processor.py:756} INFO - Processing file /home/airflow/.local/lib/python3.7/site-packages/airflow/example_dags/example_xcomargs.py for tasks to queue
[2024-08-05T07:04:22.776+0000] {logging_mixin.py:120} INFO - [2024-08-05T07:04:22.776+0000] {dagbag.py:537} INFO - Filling up the DagBag from /home/airflow/.local/lib/python3.7/site-packages/airflow/example_dags/example_xcomargs.py
[2024-08-05T07:04:22.832+0000] {processor.py:766} INFO - DAG(s) dict_keys(['example_xcom_args', 'example_xcom_args_with_operators']) retrieved from /home/airflow/.local/lib/python3.7/site-packages/airflow/example_dags/example_xcomargs.py
[2024-08-05T07:04:22.954+0000] {logging_mixin.py:120} INFO - [2024-08-05T07:04:22.954+0000] {dag.py:2585} INFO - Sync 2 DAGs
[2024-08-05T07:04:23.019+0000] {logging_mixin.py:120} INFO - [2024-08-05T07:04:23.019+0000] {dag.py:3340} INFO - Setting next_dagrun for example_xcom_args to None, run_after=None
[2024-08-05T07:04:23.046+0000] {logging_mixin.py:120} INFO - [2024-08-05T07:04:23.046+0000] {dag.py:3340} INFO - Setting next_dagrun for example_xcom_args_with_operators to None, run_after=None
[2024-08-05T07:04:23.121+0000] {processor.py:176} INFO - Processing /home/airflow/.local/lib/python3.7/site-packages/airflow/example_dags/example_xcomargs.py took 0.355 seconds
[2024-08-05T07:04:53.932+0000] {processor.py:154} INFO - Started process (PID=8026) to work on /home/airflow/.local/lib/python3.7/site-packages/airflow/example_dags/example_xcomargs.py
[2024-08-05T07:04:53.933+0000] {processor.py:756} INFO - Processing file /home/airflow/.local/lib/python3.7/site-packages/airflow/example_dags/example_xcomargs.py for tasks to queue
[2024-08-05T07:04:53.934+0000] {logging_mixin.py:120} INFO - [2024-08-05T07:04:53.934+0000] {dagbag.py:537} INFO - Filling up the DagBag from /home/airflow/.local/lib/python3.7/site-packages/airflow/example_dags/example_xcomargs.py
[2024-08-05T07:04:53.966+0000] {processor.py:766} INFO - DAG(s) dict_keys(['example_xcom_args_with_operators', 'example_xcom_args']) retrieved from /home/airflow/.local/lib/python3.7/site-packages/airflow/example_dags/example_xcomargs.py
[2024-08-05T07:04:54.132+0000] {logging_mixin.py:120} INFO - [2024-08-05T07:04:54.131+0000] {dag.py:2585} INFO - Sync 2 DAGs
[2024-08-05T07:04:54.201+0000] {logging_mixin.py:120} INFO - [2024-08-05T07:04:54.201+0000] {dag.py:3340} INFO - Setting next_dagrun for example_xcom_args to None, run_after=None
[2024-08-05T07:04:54.286+0000] {logging_mixin.py:120} INFO - [2024-08-05T07:04:54.286+0000] {dag.py:3340} INFO - Setting next_dagrun for example_xcom_args_with_operators to None, run_after=None
[2024-08-05T07:04:54.332+0000] {processor.py:176} INFO - Processing /home/airflow/.local/lib/python3.7/site-packages/airflow/example_dags/example_xcomargs.py took 0.404 seconds
[2024-08-05T07:05:24.371+0000] {processor.py:154} INFO - Started process (PID=8084) to work on /home/airflow/.local/lib/python3.7/site-packages/airflow/example_dags/example_xcomargs.py
[2024-08-05T07:05:24.373+0000] {processor.py:756} INFO - Processing file /home/airflow/.local/lib/python3.7/site-packages/airflow/example_dags/example_xcomargs.py for tasks to queue
[2024-08-05T07:05:24.374+0000] {logging_mixin.py:120} INFO - [2024-08-05T07:05:24.374+0000] {dagbag.py:537} INFO - Filling up the DagBag from /home/airflow/.local/lib/python3.7/site-packages/airflow/example_dags/example_xcomargs.py
[2024-08-05T07:05:24.402+0000] {processor.py:766} INFO - DAG(s) dict_keys(['example_xcom_args_with_operators', 'example_xcom_args']) retrieved from /home/airflow/.local/lib/python3.7/site-packages/airflow/example_dags/example_xcomargs.py
[2024-08-05T07:05:24.451+0000] {logging_mixin.py:120} INFO - [2024-08-05T07:05:24.451+0000] {dag.py:2585} INFO - Sync 2 DAGs
[2024-08-05T07:05:24.577+0000] {logging_mixin.py:120} INFO - [2024-08-05T07:05:24.577+0000] {dag.py:3340} INFO - Setting next_dagrun for example_xcom_args to None, run_after=None
[2024-08-05T07:05:24.585+0000] {logging_mixin.py:120} INFO - [2024-08-05T07:05:24.584+0000] {dag.py:3340} INFO - Setting next_dagrun for example_xcom_args_with_operators to None, run_after=None
[2024-08-05T07:05:24.619+0000] {processor.py:176} INFO - Processing /home/airflow/.local/lib/python3.7/site-packages/airflow/example_dags/example_xcomargs.py took 0.251 seconds
[2024-08-05T07:05:56.210+0000] {processor.py:154} INFO - Started process (PID=8151) to work on /home/airflow/.local/lib/python3.7/site-packages/airflow/example_dags/example_xcomargs.py
[2024-08-05T07:05:56.216+0000] {processor.py:756} INFO - Processing file /home/airflow/.local/lib/python3.7/site-packages/airflow/example_dags/example_xcomargs.py for tasks to queue
[2024-08-05T07:05:56.219+0000] {logging_mixin.py:120} INFO - [2024-08-05T07:05:56.219+0000] {dagbag.py:537} INFO - Filling up the DagBag from /home/airflow/.local/lib/python3.7/site-packages/airflow/example_dags/example_xcomargs.py
[2024-08-05T07:05:56.247+0000] {processor.py:766} INFO - DAG(s) dict_keys(['example_xcom_args', 'example_xcom_args_with_operators']) retrieved from /home/airflow/.local/lib/python3.7/site-packages/airflow/example_dags/example_xcomargs.py
[2024-08-05T07:05:56.315+0000] {logging_mixin.py:120} INFO - [2024-08-05T07:05:56.315+0000] {dag.py:2585} INFO - Sync 2 DAGs
[2024-08-05T07:05:56.428+0000] {logging_mixin.py:120} INFO - [2024-08-05T07:05:56.428+0000] {dag.py:3340} INFO - Setting next_dagrun for example_xcom_args to None, run_after=None
[2024-08-05T07:05:56.442+0000] {logging_mixin.py:120} INFO - [2024-08-05T07:05:56.442+0000] {dag.py:3340} INFO - Setting next_dagrun for example_xcom_args_with_operators to None, run_after=None
[2024-08-05T07:05:56.560+0000] {processor.py:176} INFO - Processing /home/airflow/.local/lib/python3.7/site-packages/airflow/example_dags/example_xcomargs.py took 0.356 seconds
[2024-08-05T07:06:26.798+0000] {processor.py:154} INFO - Started process (PID=8218) to work on /home/airflow/.local/lib/python3.7/site-packages/airflow/example_dags/example_xcomargs.py
[2024-08-05T07:06:26.802+0000] {processor.py:756} INFO - Processing file /home/airflow/.local/lib/python3.7/site-packages/airflow/example_dags/example_xcomargs.py for tasks to queue
[2024-08-05T07:06:26.803+0000] {logging_mixin.py:120} INFO - [2024-08-05T07:06:26.803+0000] {dagbag.py:537} INFO - Filling up the DagBag from /home/airflow/.local/lib/python3.7/site-packages/airflow/example_dags/example_xcomargs.py
[2024-08-05T07:06:26.844+0000] {processor.py:766} INFO - DAG(s) dict_keys(['example_xcom_args_with_operators', 'example_xcom_args']) retrieved from /home/airflow/.local/lib/python3.7/site-packages/airflow/example_dags/example_xcomargs.py
[2024-08-05T07:06:26.927+0000] {logging_mixin.py:120} INFO - [2024-08-05T07:06:26.926+0000] {dag.py:2585} INFO - Sync 2 DAGs
[2024-08-05T07:06:26.974+0000] {logging_mixin.py:120} INFO - [2024-08-05T07:06:26.974+0000] {dag.py:3340} INFO - Setting next_dagrun for example_xcom_args to None, run_after=None
[2024-08-05T07:06:26.979+0000] {logging_mixin.py:120} INFO - [2024-08-05T07:06:26.979+0000] {dag.py:3340} INFO - Setting next_dagrun for example_xcom_args_with_operators to None, run_after=None
[2024-08-05T07:06:27.009+0000] {processor.py:176} INFO - Processing /home/airflow/.local/lib/python3.7/site-packages/airflow/example_dags/example_xcomargs.py took 0.218 seconds
[2024-08-05T07:06:58.981+0000] {processor.py:154} INFO - Started process (PID=8275) to work on /home/airflow/.local/lib/python3.7/site-packages/airflow/example_dags/example_xcomargs.py
[2024-08-05T07:06:58.993+0000] {processor.py:756} INFO - Processing file /home/airflow/.local/lib/python3.7/site-packages/airflow/example_dags/example_xcomargs.py for tasks to queue
[2024-08-05T07:06:58.996+0000] {logging_mixin.py:120} INFO - [2024-08-05T07:06:58.996+0000] {dagbag.py:537} INFO - Filling up the DagBag from /home/airflow/.local/lib/python3.7/site-packages/airflow/example_dags/example_xcomargs.py
[2024-08-05T07:06:59.033+0000] {processor.py:766} INFO - DAG(s) dict_keys(['example_xcom_args_with_operators', 'example_xcom_args']) retrieved from /home/airflow/.local/lib/python3.7/site-packages/airflow/example_dags/example_xcomargs.py
[2024-08-05T07:06:59.139+0000] {logging_mixin.py:120} INFO - [2024-08-05T07:06:59.139+0000] {dag.py:2585} INFO - Sync 2 DAGs
[2024-08-05T07:06:59.180+0000] {logging_mixin.py:120} INFO - [2024-08-05T07:06:59.180+0000] {dag.py:3340} INFO - Setting next_dagrun for example_xcom_args to None, run_after=None
[2024-08-05T07:06:59.193+0000] {logging_mixin.py:120} INFO - [2024-08-05T07:06:59.192+0000] {dag.py:3340} INFO - Setting next_dagrun for example_xcom_args_with_operators to None, run_after=None
[2024-08-05T07:06:59.218+0000] {processor.py:176} INFO - Processing /home/airflow/.local/lib/python3.7/site-packages/airflow/example_dags/example_xcomargs.py took 0.241 seconds
[2024-08-05T07:07:29.702+0000] {processor.py:154} INFO - Started process (PID=8342) to work on /home/airflow/.local/lib/python3.7/site-packages/airflow/example_dags/example_xcomargs.py
[2024-08-05T07:07:29.704+0000] {processor.py:756} INFO - Processing file /home/airflow/.local/lib/python3.7/site-packages/airflow/example_dags/example_xcomargs.py for tasks to queue
[2024-08-05T07:07:29.706+0000] {logging_mixin.py:120} INFO - [2024-08-05T07:07:29.706+0000] {dagbag.py:537} INFO - Filling up the DagBag from /home/airflow/.local/lib/python3.7/site-packages/airflow/example_dags/example_xcomargs.py
[2024-08-05T07:07:29.734+0000] {processor.py:766} INFO - DAG(s) dict_keys(['example_xcom_args_with_operators', 'example_xcom_args']) retrieved from /home/airflow/.local/lib/python3.7/site-packages/airflow/example_dags/example_xcomargs.py
[2024-08-05T07:07:29.793+0000] {logging_mixin.py:120} INFO - [2024-08-05T07:07:29.793+0000] {dag.py:2585} INFO - Sync 2 DAGs
[2024-08-05T07:07:29.839+0000] {logging_mixin.py:120} INFO - [2024-08-05T07:07:29.839+0000] {dag.py:3340} INFO - Setting next_dagrun for example_xcom_args to None, run_after=None
[2024-08-05T07:07:29.846+0000] {logging_mixin.py:120} INFO - [2024-08-05T07:07:29.846+0000] {dag.py:3340} INFO - Setting next_dagrun for example_xcom_args_with_operators to None, run_after=None
[2024-08-05T07:07:29.875+0000] {processor.py:176} INFO - Processing /home/airflow/.local/lib/python3.7/site-packages/airflow/example_dags/example_xcomargs.py took 0.177 seconds
[2024-08-05T07:08:02.026+0000] {processor.py:154} INFO - Started process (PID=8409) to work on /home/airflow/.local/lib/python3.7/site-packages/airflow/example_dags/example_xcomargs.py
[2024-08-05T07:08:02.029+0000] {processor.py:756} INFO - Processing file /home/airflow/.local/lib/python3.7/site-packages/airflow/example_dags/example_xcomargs.py for tasks to queue
[2024-08-05T07:08:02.030+0000] {logging_mixin.py:120} INFO - [2024-08-05T07:08:02.030+0000] {dagbag.py:537} INFO - Filling up the DagBag from /home/airflow/.local/lib/python3.7/site-packages/airflow/example_dags/example_xcomargs.py
[2024-08-05T07:08:02.099+0000] {processor.py:766} INFO - DAG(s) dict_keys(['example_xcom_args_with_operators', 'example_xcom_args']) retrieved from /home/airflow/.local/lib/python3.7/site-packages/airflow/example_dags/example_xcomargs.py
[2024-08-05T07:08:02.227+0000] {logging_mixin.py:120} INFO - [2024-08-05T07:08:02.227+0000] {dag.py:2585} INFO - Sync 2 DAGs
[2024-08-05T07:08:02.271+0000] {logging_mixin.py:120} INFO - [2024-08-05T07:08:02.271+0000] {dag.py:3340} INFO - Setting next_dagrun for example_xcom_args to None, run_after=None
[2024-08-05T07:08:02.278+0000] {logging_mixin.py:120} INFO - [2024-08-05T07:08:02.278+0000] {dag.py:3340} INFO - Setting next_dagrun for example_xcom_args_with_operators to None, run_after=None
[2024-08-05T07:08:02.315+0000] {processor.py:176} INFO - Processing /home/airflow/.local/lib/python3.7/site-packages/airflow/example_dags/example_xcomargs.py took 0.293 seconds
[2024-08-05T07:08:33.768+0000] {processor.py:154} INFO - Started process (PID=8467) to work on /home/airflow/.local/lib/python3.7/site-packages/airflow/example_dags/example_xcomargs.py
[2024-08-05T07:08:33.770+0000] {processor.py:756} INFO - Processing file /home/airflow/.local/lib/python3.7/site-packages/airflow/example_dags/example_xcomargs.py for tasks to queue
[2024-08-05T07:08:33.772+0000] {logging_mixin.py:120} INFO - [2024-08-05T07:08:33.771+0000] {dagbag.py:537} INFO - Filling up the DagBag from /home/airflow/.local/lib/python3.7/site-packages/airflow/example_dags/example_xcomargs.py
[2024-08-05T07:08:33.804+0000] {processor.py:766} INFO - DAG(s) dict_keys(['example_xcom_args', 'example_xcom_args_with_operators']) retrieved from /home/airflow/.local/lib/python3.7/site-packages/airflow/example_dags/example_xcomargs.py
[2024-08-05T07:08:33.858+0000] {logging_mixin.py:120} INFO - [2024-08-05T07:08:33.858+0000] {dag.py:2585} INFO - Sync 2 DAGs
[2024-08-05T07:08:33.899+0000] {logging_mixin.py:120} INFO - [2024-08-05T07:08:33.899+0000] {dag.py:3340} INFO - Setting next_dagrun for example_xcom_args to None, run_after=None
[2024-08-05T07:08:33.905+0000] {logging_mixin.py:120} INFO - [2024-08-05T07:08:33.905+0000] {dag.py:3340} INFO - Setting next_dagrun for example_xcom_args_with_operators to None, run_after=None
[2024-08-05T07:08:33.933+0000] {processor.py:176} INFO - Processing /home/airflow/.local/lib/python3.7/site-packages/airflow/example_dags/example_xcomargs.py took 0.170 seconds
[2024-08-05T07:09:05.058+0000] {processor.py:154} INFO - Started process (PID=8534) to work on /home/airflow/.local/lib/python3.7/site-packages/airflow/example_dags/example_xcomargs.py
[2024-08-05T07:09:05.060+0000] {processor.py:756} INFO - Processing file /home/airflow/.local/lib/python3.7/site-packages/airflow/example_dags/example_xcomargs.py for tasks to queue
[2024-08-05T07:09:05.083+0000] {logging_mixin.py:120} INFO - [2024-08-05T07:09:05.082+0000] {dagbag.py:537} INFO - Filling up the DagBag from /home/airflow/.local/lib/python3.7/site-packages/airflow/example_dags/example_xcomargs.py
[2024-08-05T07:09:05.148+0000] {processor.py:766} INFO - DAG(s) dict_keys(['example_xcom_args_with_operators', 'example_xcom_args']) retrieved from /home/airflow/.local/lib/python3.7/site-packages/airflow/example_dags/example_xcomargs.py
[2024-08-05T07:09:05.205+0000] {logging_mixin.py:120} INFO - [2024-08-05T07:09:05.205+0000] {dag.py:2585} INFO - Sync 2 DAGs
[2024-08-05T07:09:05.252+0000] {logging_mixin.py:120} INFO - [2024-08-05T07:09:05.252+0000] {dag.py:3340} INFO - Setting next_dagrun for example_xcom_args to None, run_after=None
[2024-08-05T07:09:05.260+0000] {logging_mixin.py:120} INFO - [2024-08-05T07:09:05.259+0000] {dag.py:3340} INFO - Setting next_dagrun for example_xcom_args_with_operators to None, run_after=None
[2024-08-05T07:09:05.307+0000] {processor.py:176} INFO - Processing /home/airflow/.local/lib/python3.7/site-packages/airflow/example_dags/example_xcomargs.py took 0.252 seconds
[2024-08-05T07:09:35.852+0000] {processor.py:154} INFO - Started process (PID=8609) to work on /home/airflow/.local/lib/python3.7/site-packages/airflow/example_dags/example_xcomargs.py
[2024-08-05T07:09:35.866+0000] {processor.py:756} INFO - Processing file /home/airflow/.local/lib/python3.7/site-packages/airflow/example_dags/example_xcomargs.py for tasks to queue
[2024-08-05T07:09:35.868+0000] {logging_mixin.py:120} INFO - [2024-08-05T07:09:35.868+0000] {dagbag.py:537} INFO - Filling up the DagBag from /home/airflow/.local/lib/python3.7/site-packages/airflow/example_dags/example_xcomargs.py
[2024-08-05T07:09:35.935+0000] {processor.py:766} INFO - DAG(s) dict_keys(['example_xcom_args', 'example_xcom_args_with_operators']) retrieved from /home/airflow/.local/lib/python3.7/site-packages/airflow/example_dags/example_xcomargs.py
[2024-08-05T07:09:36.015+0000] {logging_mixin.py:120} INFO - [2024-08-05T07:09:36.014+0000] {dag.py:2585} INFO - Sync 2 DAGs
[2024-08-05T07:09:36.062+0000] {logging_mixin.py:120} INFO - [2024-08-05T07:09:36.062+0000] {dag.py:3340} INFO - Setting next_dagrun for example_xcom_args to None, run_after=None
[2024-08-05T07:09:36.069+0000] {logging_mixin.py:120} INFO - [2024-08-05T07:09:36.068+0000] {dag.py:3340} INFO - Setting next_dagrun for example_xcom_args_with_operators to None, run_after=None
[2024-08-05T07:09:36.099+0000] {processor.py:176} INFO - Processing /home/airflow/.local/lib/python3.7/site-packages/airflow/example_dags/example_xcomargs.py took 0.253 seconds
[2024-08-05T07:10:07.195+0000] {processor.py:154} INFO - Started process (PID=8669) to work on /home/airflow/.local/lib/python3.7/site-packages/airflow/example_dags/example_xcomargs.py
[2024-08-05T07:10:07.267+0000] {processor.py:756} INFO - Processing file /home/airflow/.local/lib/python3.7/site-packages/airflow/example_dags/example_xcomargs.py for tasks to queue
[2024-08-05T07:10:07.279+0000] {logging_mixin.py:120} INFO - [2024-08-05T07:10:07.279+0000] {dagbag.py:537} INFO - Filling up the DagBag from /home/airflow/.local/lib/python3.7/site-packages/airflow/example_dags/example_xcomargs.py
[2024-08-05T07:10:07.326+0000] {processor.py:766} INFO - DAG(s) dict_keys(['example_xcom_args', 'example_xcom_args_with_operators']) retrieved from /home/airflow/.local/lib/python3.7/site-packages/airflow/example_dags/example_xcomargs.py
[2024-08-05T07:10:07.404+0000] {logging_mixin.py:120} INFO - [2024-08-05T07:10:07.403+0000] {dag.py:2585} INFO - Sync 2 DAGs
[2024-08-05T07:10:07.450+0000] {logging_mixin.py:120} INFO - [2024-08-05T07:10:07.449+0000] {dag.py:3340} INFO - Setting next_dagrun for example_xcom_args to None, run_after=None
[2024-08-05T07:10:07.456+0000] {logging_mixin.py:120} INFO - [2024-08-05T07:10:07.456+0000] {dag.py:3340} INFO - Setting next_dagrun for example_xcom_args_with_operators to None, run_after=None
[2024-08-05T07:10:07.504+0000] {processor.py:176} INFO - Processing /home/airflow/.local/lib/python3.7/site-packages/airflow/example_dags/example_xcomargs.py took 0.313 seconds
[2024-08-05T07:10:37.842+0000] {processor.py:154} INFO - Started process (PID=8739) to work on /home/airflow/.local/lib/python3.7/site-packages/airflow/example_dags/example_xcomargs.py
[2024-08-05T07:10:37.847+0000] {processor.py:756} INFO - Processing file /home/airflow/.local/lib/python3.7/site-packages/airflow/example_dags/example_xcomargs.py for tasks to queue
[2024-08-05T07:10:37.858+0000] {logging_mixin.py:120} INFO - [2024-08-05T07:10:37.858+0000] {dagbag.py:537} INFO - Filling up the DagBag from /home/airflow/.local/lib/python3.7/site-packages/airflow/example_dags/example_xcomargs.py
[2024-08-05T07:10:37.914+0000] {processor.py:766} INFO - DAG(s) dict_keys(['example_xcom_args_with_operators', 'example_xcom_args']) retrieved from /home/airflow/.local/lib/python3.7/site-packages/airflow/example_dags/example_xcomargs.py
[2024-08-05T07:10:37.991+0000] {logging_mixin.py:120} INFO - [2024-08-05T07:10:37.991+0000] {dag.py:2585} INFO - Sync 2 DAGs
[2024-08-05T07:10:38.026+0000] {logging_mixin.py:120} INFO - [2024-08-05T07:10:38.025+0000] {dag.py:3340} INFO - Setting next_dagrun for example_xcom_args to None, run_after=None
[2024-08-05T07:10:38.030+0000] {logging_mixin.py:120} INFO - [2024-08-05T07:10:38.030+0000] {dag.py:3340} INFO - Setting next_dagrun for example_xcom_args_with_operators to None, run_after=None
[2024-08-05T07:10:38.063+0000] {processor.py:176} INFO - Processing /home/airflow/.local/lib/python3.7/site-packages/airflow/example_dags/example_xcomargs.py took 0.226 seconds
[2024-08-05T07:11:08.227+0000] {processor.py:154} INFO - Started process (PID=8797) to work on /home/airflow/.local/lib/python3.7/site-packages/airflow/example_dags/example_xcomargs.py
[2024-08-05T07:11:08.229+0000] {processor.py:756} INFO - Processing file /home/airflow/.local/lib/python3.7/site-packages/airflow/example_dags/example_xcomargs.py for tasks to queue
[2024-08-05T07:11:08.230+0000] {logging_mixin.py:120} INFO - [2024-08-05T07:11:08.230+0000] {dagbag.py:537} INFO - Filling up the DagBag from /home/airflow/.local/lib/python3.7/site-packages/airflow/example_dags/example_xcomargs.py
[2024-08-05T07:11:08.251+0000] {processor.py:766} INFO - DAG(s) dict_keys(['example_xcom_args', 'example_xcom_args_with_operators']) retrieved from /home/airflow/.local/lib/python3.7/site-packages/airflow/example_dags/example_xcomargs.py
[2024-08-05T07:11:08.315+0000] {logging_mixin.py:120} INFO - [2024-08-05T07:11:08.315+0000] {dag.py:2585} INFO - Sync 2 DAGs
[2024-08-05T07:11:08.357+0000] {logging_mixin.py:120} INFO - [2024-08-05T07:11:08.356+0000] {dag.py:3340} INFO - Setting next_dagrun for example_xcom_args to None, run_after=None
[2024-08-05T07:11:08.360+0000] {logging_mixin.py:120} INFO - [2024-08-05T07:11:08.360+0000] {dag.py:3340} INFO - Setting next_dagrun for example_xcom_args_with_operators to None, run_after=None
[2024-08-05T07:11:08.379+0000] {processor.py:176} INFO - Processing /home/airflow/.local/lib/python3.7/site-packages/airflow/example_dags/example_xcomargs.py took 0.155 seconds
[2024-08-05T07:11:38.458+0000] {processor.py:154} INFO - Started process (PID=8865) to work on /home/airflow/.local/lib/python3.7/site-packages/airflow/example_dags/example_xcomargs.py
[2024-08-05T07:11:38.460+0000] {processor.py:756} INFO - Processing file /home/airflow/.local/lib/python3.7/site-packages/airflow/example_dags/example_xcomargs.py for tasks to queue
[2024-08-05T07:11:38.461+0000] {logging_mixin.py:120} INFO - [2024-08-05T07:11:38.461+0000] {dagbag.py:537} INFO - Filling up the DagBag from /home/airflow/.local/lib/python3.7/site-packages/airflow/example_dags/example_xcomargs.py
[2024-08-05T07:11:38.498+0000] {processor.py:766} INFO - DAG(s) dict_keys(['example_xcom_args_with_operators', 'example_xcom_args']) retrieved from /home/airflow/.local/lib/python3.7/site-packages/airflow/example_dags/example_xcomargs.py
[2024-08-05T07:11:38.552+0000] {logging_mixin.py:120} INFO - [2024-08-05T07:11:38.552+0000] {dag.py:2585} INFO - Sync 2 DAGs
[2024-08-05T07:11:38.580+0000] {logging_mixin.py:120} INFO - [2024-08-05T07:11:38.580+0000] {dag.py:3340} INFO - Setting next_dagrun for example_xcom_args to None, run_after=None
[2024-08-05T07:11:38.585+0000] {logging_mixin.py:120} INFO - [2024-08-05T07:11:38.585+0000] {dag.py:3340} INFO - Setting next_dagrun for example_xcom_args_with_operators to None, run_after=None
[2024-08-05T07:11:38.609+0000] {processor.py:176} INFO - Processing /home/airflow/.local/lib/python3.7/site-packages/airflow/example_dags/example_xcomargs.py took 0.153 seconds
[2024-08-05T07:12:09.221+0000] {processor.py:154} INFO - Started process (PID=8932) to work on /home/airflow/.local/lib/python3.7/site-packages/airflow/example_dags/example_xcomargs.py
[2024-08-05T07:12:09.222+0000] {processor.py:756} INFO - Processing file /home/airflow/.local/lib/python3.7/site-packages/airflow/example_dags/example_xcomargs.py for tasks to queue
[2024-08-05T07:12:09.223+0000] {logging_mixin.py:120} INFO - [2024-08-05T07:12:09.223+0000] {dagbag.py:537} INFO - Filling up the DagBag from /home/airflow/.local/lib/python3.7/site-packages/airflow/example_dags/example_xcomargs.py
[2024-08-05T07:12:09.249+0000] {processor.py:766} INFO - DAG(s) dict_keys(['example_xcom_args', 'example_xcom_args_with_operators']) retrieved from /home/airflow/.local/lib/python3.7/site-packages/airflow/example_dags/example_xcomargs.py
[2024-08-05T07:12:09.297+0000] {logging_mixin.py:120} INFO - [2024-08-05T07:12:09.297+0000] {dag.py:2585} INFO - Sync 2 DAGs
[2024-08-05T07:12:09.328+0000] {logging_mixin.py:120} INFO - [2024-08-05T07:12:09.327+0000] {dag.py:3340} INFO - Setting next_dagrun for example_xcom_args to None, run_after=None
[2024-08-05T07:12:09.332+0000] {logging_mixin.py:120} INFO - [2024-08-05T07:12:09.332+0000] {dag.py:3340} INFO - Setting next_dagrun for example_xcom_args_with_operators to None, run_after=None
[2024-08-05T07:12:09.362+0000] {processor.py:176} INFO - Processing /home/airflow/.local/lib/python3.7/site-packages/airflow/example_dags/example_xcomargs.py took 0.144 seconds
[2024-08-05T07:12:39.509+0000] {processor.py:154} INFO - Started process (PID=8990) to work on /home/airflow/.local/lib/python3.7/site-packages/airflow/example_dags/example_xcomargs.py
[2024-08-05T07:12:39.510+0000] {processor.py:756} INFO - Processing file /home/airflow/.local/lib/python3.7/site-packages/airflow/example_dags/example_xcomargs.py for tasks to queue
[2024-08-05T07:12:39.511+0000] {logging_mixin.py:120} INFO - [2024-08-05T07:12:39.511+0000] {dagbag.py:537} INFO - Filling up the DagBag from /home/airflow/.local/lib/python3.7/site-packages/airflow/example_dags/example_xcomargs.py
[2024-08-05T07:12:39.536+0000] {processor.py:766} INFO - DAG(s) dict_keys(['example_xcom_args', 'example_xcom_args_with_operators']) retrieved from /home/airflow/.local/lib/python3.7/site-packages/airflow/example_dags/example_xcomargs.py
[2024-08-05T07:12:39.590+0000] {logging_mixin.py:120} INFO - [2024-08-05T07:12:39.590+0000] {dag.py:2585} INFO - Sync 2 DAGs
[2024-08-05T07:12:39.723+0000] {logging_mixin.py:120} INFO - [2024-08-05T07:12:39.723+0000] {dag.py:3340} INFO - Setting next_dagrun for example_xcom_args to None, run_after=None
[2024-08-05T07:12:39.819+0000] {logging_mixin.py:120} INFO - [2024-08-05T07:12:39.818+0000] {dag.py:3340} INFO - Setting next_dagrun for example_xcom_args_with_operators to None, run_after=None
[2024-08-05T07:12:39.862+0000] {processor.py:176} INFO - Processing /home/airflow/.local/lib/python3.7/site-packages/airflow/example_dags/example_xcomargs.py took 0.356 seconds
[2024-08-05T07:13:10.739+0000] {processor.py:154} INFO - Started process (PID=9057) to work on /home/airflow/.local/lib/python3.7/site-packages/airflow/example_dags/example_xcomargs.py
[2024-08-05T07:13:10.742+0000] {processor.py:756} INFO - Processing file /home/airflow/.local/lib/python3.7/site-packages/airflow/example_dags/example_xcomargs.py for tasks to queue
[2024-08-05T07:13:10.745+0000] {logging_mixin.py:120} INFO - [2024-08-05T07:13:10.745+0000] {dagbag.py:537} INFO - Filling up the DagBag from /home/airflow/.local/lib/python3.7/site-packages/airflow/example_dags/example_xcomargs.py
[2024-08-05T07:13:10.770+0000] {processor.py:766} INFO - DAG(s) dict_keys(['example_xcom_args', 'example_xcom_args_with_operators']) retrieved from /home/airflow/.local/lib/python3.7/site-packages/airflow/example_dags/example_xcomargs.py
[2024-08-05T07:13:10.955+0000] {logging_mixin.py:120} INFO - [2024-08-05T07:13:10.955+0000] {dag.py:2585} INFO - Sync 2 DAGs
[2024-08-05T07:13:11.110+0000] {logging_mixin.py:120} INFO - [2024-08-05T07:13:11.110+0000] {dag.py:3340} INFO - Setting next_dagrun for example_xcom_args to None, run_after=None
[2024-08-05T07:13:11.119+0000] {logging_mixin.py:120} INFO - [2024-08-05T07:13:11.119+0000] {dag.py:3340} INFO - Setting next_dagrun for example_xcom_args_with_operators to None, run_after=None
[2024-08-05T07:13:11.264+0000] {processor.py:176} INFO - Processing /home/airflow/.local/lib/python3.7/site-packages/airflow/example_dags/example_xcomargs.py took 0.529 seconds
[2024-08-05T07:13:42.060+0000] {processor.py:154} INFO - Started process (PID=9124) to work on /home/airflow/.local/lib/python3.7/site-packages/airflow/example_dags/example_xcomargs.py
[2024-08-05T07:13:42.062+0000] {processor.py:756} INFO - Processing file /home/airflow/.local/lib/python3.7/site-packages/airflow/example_dags/example_xcomargs.py for tasks to queue
[2024-08-05T07:13:42.063+0000] {logging_mixin.py:120} INFO - [2024-08-05T07:13:42.063+0000] {dagbag.py:537} INFO - Filling up the DagBag from /home/airflow/.local/lib/python3.7/site-packages/airflow/example_dags/example_xcomargs.py
[2024-08-05T07:13:42.092+0000] {processor.py:766} INFO - DAG(s) dict_keys(['example_xcom_args_with_operators', 'example_xcom_args']) retrieved from /home/airflow/.local/lib/python3.7/site-packages/airflow/example_dags/example_xcomargs.py
[2024-08-05T07:13:42.145+0000] {logging_mixin.py:120} INFO - [2024-08-05T07:13:42.145+0000] {dag.py:2585} INFO - Sync 2 DAGs
[2024-08-05T07:13:42.179+0000] {logging_mixin.py:120} INFO - [2024-08-05T07:13:42.179+0000] {dag.py:3340} INFO - Setting next_dagrun for example_xcom_args to None, run_after=None
[2024-08-05T07:13:42.183+0000] {logging_mixin.py:120} INFO - [2024-08-05T07:13:42.183+0000] {dag.py:3340} INFO - Setting next_dagrun for example_xcom_args_with_operators to None, run_after=None
[2024-08-05T07:13:42.213+0000] {processor.py:176} INFO - Processing /home/airflow/.local/lib/python3.7/site-packages/airflow/example_dags/example_xcomargs.py took 0.157 seconds
[2024-08-05T07:14:12.464+0000] {processor.py:154} INFO - Started process (PID=9182) to work on /home/airflow/.local/lib/python3.7/site-packages/airflow/example_dags/example_xcomargs.py
[2024-08-05T07:14:12.466+0000] {processor.py:756} INFO - Processing file /home/airflow/.local/lib/python3.7/site-packages/airflow/example_dags/example_xcomargs.py for tasks to queue
[2024-08-05T07:14:12.467+0000] {logging_mixin.py:120} INFO - [2024-08-05T07:14:12.467+0000] {dagbag.py:537} INFO - Filling up the DagBag from /home/airflow/.local/lib/python3.7/site-packages/airflow/example_dags/example_xcomargs.py
[2024-08-05T07:14:12.496+0000] {processor.py:766} INFO - DAG(s) dict_keys(['example_xcom_args', 'example_xcom_args_with_operators']) retrieved from /home/airflow/.local/lib/python3.7/site-packages/airflow/example_dags/example_xcomargs.py
[2024-08-05T07:14:12.553+0000] {logging_mixin.py:120} INFO - [2024-08-05T07:14:12.553+0000] {dag.py:2585} INFO - Sync 2 DAGs
[2024-08-05T07:14:12.583+0000] {logging_mixin.py:120} INFO - [2024-08-05T07:14:12.583+0000] {dag.py:3340} INFO - Setting next_dagrun for example_xcom_args to None, run_after=None
[2024-08-05T07:14:12.587+0000] {logging_mixin.py:120} INFO - [2024-08-05T07:14:12.587+0000] {dag.py:3340} INFO - Setting next_dagrun for example_xcom_args_with_operators to None, run_after=None
[2024-08-05T07:14:12.609+0000] {processor.py:176} INFO - Processing /home/airflow/.local/lib/python3.7/site-packages/airflow/example_dags/example_xcomargs.py took 0.149 seconds
[2024-08-05T07:14:43.633+0000] {processor.py:154} INFO - Started process (PID=9250) to work on /home/airflow/.local/lib/python3.7/site-packages/airflow/example_dags/example_xcomargs.py
[2024-08-05T07:14:43.635+0000] {processor.py:756} INFO - Processing file /home/airflow/.local/lib/python3.7/site-packages/airflow/example_dags/example_xcomargs.py for tasks to queue
[2024-08-05T07:14:43.636+0000] {logging_mixin.py:120} INFO - [2024-08-05T07:14:43.636+0000] {dagbag.py:537} INFO - Filling up the DagBag from /home/airflow/.local/lib/python3.7/site-packages/airflow/example_dags/example_xcomargs.py
[2024-08-05T07:14:43.678+0000] {processor.py:766} INFO - DAG(s) dict_keys(['example_xcom_args', 'example_xcom_args_with_operators']) retrieved from /home/airflow/.local/lib/python3.7/site-packages/airflow/example_dags/example_xcomargs.py
[2024-08-05T07:14:43.740+0000] {logging_mixin.py:120} INFO - [2024-08-05T07:14:43.740+0000] {dag.py:2585} INFO - Sync 2 DAGs
[2024-08-05T07:14:43.786+0000] {logging_mixin.py:120} INFO - [2024-08-05T07:14:43.786+0000] {dag.py:3340} INFO - Setting next_dagrun for example_xcom_args to None, run_after=None
[2024-08-05T07:14:43.790+0000] {logging_mixin.py:120} INFO - [2024-08-05T07:14:43.789+0000] {dag.py:3340} INFO - Setting next_dagrun for example_xcom_args_with_operators to None, run_after=None
[2024-08-05T07:14:43.822+0000] {processor.py:176} INFO - Processing /home/airflow/.local/lib/python3.7/site-packages/airflow/example_dags/example_xcomargs.py took 0.195 seconds
[2024-08-05T07:15:13.944+0000] {processor.py:154} INFO - Started process (PID=9317) to work on /home/airflow/.local/lib/python3.7/site-packages/airflow/example_dags/example_xcomargs.py
[2024-08-05T07:15:13.946+0000] {processor.py:756} INFO - Processing file /home/airflow/.local/lib/python3.7/site-packages/airflow/example_dags/example_xcomargs.py for tasks to queue
[2024-08-05T07:15:13.949+0000] {logging_mixin.py:120} INFO - [2024-08-05T07:15:13.949+0000] {dagbag.py:537} INFO - Filling up the DagBag from /home/airflow/.local/lib/python3.7/site-packages/airflow/example_dags/example_xcomargs.py
[2024-08-05T07:15:13.987+0000] {processor.py:766} INFO - DAG(s) dict_keys(['example_xcom_args', 'example_xcom_args_with_operators']) retrieved from /home/airflow/.local/lib/python3.7/site-packages/airflow/example_dags/example_xcomargs.py
[2024-08-05T07:15:14.053+0000] {logging_mixin.py:120} INFO - [2024-08-05T07:15:14.052+0000] {dag.py:2585} INFO - Sync 2 DAGs
[2024-08-05T07:15:14.096+0000] {logging_mixin.py:120} INFO - [2024-08-05T07:15:14.095+0000] {dag.py:3340} INFO - Setting next_dagrun for example_xcom_args to None, run_after=None
[2024-08-05T07:15:14.104+0000] {logging_mixin.py:120} INFO - [2024-08-05T07:15:14.104+0000] {dag.py:3340} INFO - Setting next_dagrun for example_xcom_args_with_operators to None, run_after=None
[2024-08-05T07:15:14.141+0000] {processor.py:176} INFO - Processing /home/airflow/.local/lib/python3.7/site-packages/airflow/example_dags/example_xcomargs.py took 0.201 seconds
[2024-08-05T07:15:44.720+0000] {processor.py:154} INFO - Started process (PID=9373) to work on /home/airflow/.local/lib/python3.7/site-packages/airflow/example_dags/example_xcomargs.py
[2024-08-05T07:15:44.722+0000] {processor.py:756} INFO - Processing file /home/airflow/.local/lib/python3.7/site-packages/airflow/example_dags/example_xcomargs.py for tasks to queue
[2024-08-05T07:15:44.723+0000] {logging_mixin.py:120} INFO - [2024-08-05T07:15:44.723+0000] {dagbag.py:537} INFO - Filling up the DagBag from /home/airflow/.local/lib/python3.7/site-packages/airflow/example_dags/example_xcomargs.py
[2024-08-05T07:15:44.753+0000] {processor.py:766} INFO - DAG(s) dict_keys(['example_xcom_args_with_operators', 'example_xcom_args']) retrieved from /home/airflow/.local/lib/python3.7/site-packages/airflow/example_dags/example_xcomargs.py
[2024-08-05T07:15:44.810+0000] {logging_mixin.py:120} INFO - [2024-08-05T07:15:44.810+0000] {dag.py:2585} INFO - Sync 2 DAGs
[2024-08-05T07:15:44.844+0000] {logging_mixin.py:120} INFO - [2024-08-05T07:15:44.844+0000] {dag.py:3340} INFO - Setting next_dagrun for example_xcom_args to None, run_after=None
[2024-08-05T07:15:44.851+0000] {logging_mixin.py:120} INFO - [2024-08-05T07:15:44.851+0000] {dag.py:3340} INFO - Setting next_dagrun for example_xcom_args_with_operators to None, run_after=None
[2024-08-05T07:15:44.875+0000] {processor.py:176} INFO - Processing /home/airflow/.local/lib/python3.7/site-packages/airflow/example_dags/example_xcomargs.py took 0.159 seconds
[2024-08-05T07:16:16.234+0000] {processor.py:154} INFO - Started process (PID=9440) to work on /home/airflow/.local/lib/python3.7/site-packages/airflow/example_dags/example_xcomargs.py
[2024-08-05T07:16:16.237+0000] {processor.py:756} INFO - Processing file /home/airflow/.local/lib/python3.7/site-packages/airflow/example_dags/example_xcomargs.py for tasks to queue
[2024-08-05T07:16:16.246+0000] {logging_mixin.py:120} INFO - [2024-08-05T07:16:16.246+0000] {dagbag.py:537} INFO - Filling up the DagBag from /home/airflow/.local/lib/python3.7/site-packages/airflow/example_dags/example_xcomargs.py
[2024-08-05T07:16:16.284+0000] {processor.py:766} INFO - DAG(s) dict_keys(['example_xcom_args_with_operators', 'example_xcom_args']) retrieved from /home/airflow/.local/lib/python3.7/site-packages/airflow/example_dags/example_xcomargs.py
[2024-08-05T07:16:16.335+0000] {logging_mixin.py:120} INFO - [2024-08-05T07:16:16.335+0000] {dag.py:2585} INFO - Sync 2 DAGs
[2024-08-05T07:16:16.363+0000] {logging_mixin.py:120} INFO - [2024-08-05T07:16:16.363+0000] {dag.py:3340} INFO - Setting next_dagrun for example_xcom_args to None, run_after=None
[2024-08-05T07:16:16.369+0000] {logging_mixin.py:120} INFO - [2024-08-05T07:16:16.369+0000] {dag.py:3340} INFO - Setting next_dagrun for example_xcom_args_with_operators to None, run_after=None
[2024-08-05T07:16:16.403+0000] {processor.py:176} INFO - Processing /home/airflow/.local/lib/python3.7/site-packages/airflow/example_dags/example_xcomargs.py took 0.175 seconds
[2024-08-05T07:16:48.022+0000] {processor.py:154} INFO - Started process (PID=9507) to work on /home/airflow/.local/lib/python3.7/site-packages/airflow/example_dags/example_xcomargs.py
[2024-08-05T07:16:48.025+0000] {processor.py:756} INFO - Processing file /home/airflow/.local/lib/python3.7/site-packages/airflow/example_dags/example_xcomargs.py for tasks to queue
[2024-08-05T07:16:48.027+0000] {logging_mixin.py:120} INFO - [2024-08-05T07:16:48.026+0000] {dagbag.py:537} INFO - Filling up the DagBag from /home/airflow/.local/lib/python3.7/site-packages/airflow/example_dags/example_xcomargs.py
[2024-08-05T07:16:48.061+0000] {processor.py:766} INFO - DAG(s) dict_keys(['example_xcom_args', 'example_xcom_args_with_operators']) retrieved from /home/airflow/.local/lib/python3.7/site-packages/airflow/example_dags/example_xcomargs.py
[2024-08-05T07:16:48.185+0000] {logging_mixin.py:120} INFO - [2024-08-05T07:16:48.185+0000] {dag.py:2585} INFO - Sync 2 DAGs
[2024-08-05T07:16:48.255+0000] {logging_mixin.py:120} INFO - [2024-08-05T07:16:48.254+0000] {dag.py:3340} INFO - Setting next_dagrun for example_xcom_args to None, run_after=None
[2024-08-05T07:16:48.261+0000] {logging_mixin.py:120} INFO - [2024-08-05T07:16:48.261+0000] {dag.py:3340} INFO - Setting next_dagrun for example_xcom_args_with_operators to None, run_after=None
[2024-08-05T07:16:48.299+0000] {processor.py:176} INFO - Processing /home/airflow/.local/lib/python3.7/site-packages/airflow/example_dags/example_xcomargs.py took 0.283 seconds
[2024-08-05T07:17:19.344+0000] {processor.py:154} INFO - Started process (PID=9564) to work on /home/airflow/.local/lib/python3.7/site-packages/airflow/example_dags/example_xcomargs.py
[2024-08-05T07:17:19.348+0000] {processor.py:756} INFO - Processing file /home/airflow/.local/lib/python3.7/site-packages/airflow/example_dags/example_xcomargs.py for tasks to queue
[2024-08-05T07:17:19.350+0000] {logging_mixin.py:120} INFO - [2024-08-05T07:17:19.350+0000] {dagbag.py:537} INFO - Filling up the DagBag from /home/airflow/.local/lib/python3.7/site-packages/airflow/example_dags/example_xcomargs.py
[2024-08-05T07:17:19.418+0000] {processor.py:766} INFO - DAG(s) dict_keys(['example_xcom_args', 'example_xcom_args_with_operators']) retrieved from /home/airflow/.local/lib/python3.7/site-packages/airflow/example_dags/example_xcomargs.py
[2024-08-05T07:17:19.491+0000] {logging_mixin.py:120} INFO - [2024-08-05T07:17:19.491+0000] {dag.py:2585} INFO - Sync 2 DAGs
[2024-08-05T07:17:19.520+0000] {logging_mixin.py:120} INFO - [2024-08-05T07:17:19.520+0000] {dag.py:3340} INFO - Setting next_dagrun for example_xcom_args to None, run_after=None
[2024-08-05T07:17:19.525+0000] {logging_mixin.py:120} INFO - [2024-08-05T07:17:19.525+0000] {dag.py:3340} INFO - Setting next_dagrun for example_xcom_args_with_operators to None, run_after=None
[2024-08-05T07:17:19.555+0000] {processor.py:176} INFO - Processing /home/airflow/.local/lib/python3.7/site-packages/airflow/example_dags/example_xcomargs.py took 0.218 seconds
[2024-08-05T07:17:50.068+0000] {processor.py:154} INFO - Started process (PID=9630) to work on /home/airflow/.local/lib/python3.7/site-packages/airflow/example_dags/example_xcomargs.py
[2024-08-05T07:17:50.075+0000] {processor.py:756} INFO - Processing file /home/airflow/.local/lib/python3.7/site-packages/airflow/example_dags/example_xcomargs.py for tasks to queue
[2024-08-05T07:17:50.076+0000] {logging_mixin.py:120} INFO - [2024-08-05T07:17:50.076+0000] {dagbag.py:537} INFO - Filling up the DagBag from /home/airflow/.local/lib/python3.7/site-packages/airflow/example_dags/example_xcomargs.py
[2024-08-05T07:17:50.115+0000] {processor.py:766} INFO - DAG(s) dict_keys(['example_xcom_args', 'example_xcom_args_with_operators']) retrieved from /home/airflow/.local/lib/python3.7/site-packages/airflow/example_dags/example_xcomargs.py
[2024-08-05T07:17:50.166+0000] {logging_mixin.py:120} INFO - [2024-08-05T07:17:50.166+0000] {dag.py:2585} INFO - Sync 2 DAGs
[2024-08-05T07:17:50.194+0000] {logging_mixin.py:120} INFO - [2024-08-05T07:17:50.194+0000] {dag.py:3340} INFO - Setting next_dagrun for example_xcom_args to None, run_after=None
[2024-08-05T07:17:50.225+0000] {logging_mixin.py:120} INFO - [2024-08-05T07:17:50.225+0000] {dag.py:3340} INFO - Setting next_dagrun for example_xcom_args_with_operators to None, run_after=None
[2024-08-05T07:17:50.257+0000] {processor.py:176} INFO - Processing /home/airflow/.local/lib/python3.7/site-packages/airflow/example_dags/example_xcomargs.py took 0.192 seconds
[2024-08-05T07:18:20.760+0000] {processor.py:154} INFO - Started process (PID=9688) to work on /home/airflow/.local/lib/python3.7/site-packages/airflow/example_dags/example_xcomargs.py
[2024-08-05T07:18:20.761+0000] {processor.py:756} INFO - Processing file /home/airflow/.local/lib/python3.7/site-packages/airflow/example_dags/example_xcomargs.py for tasks to queue
[2024-08-05T07:18:20.763+0000] {logging_mixin.py:120} INFO - [2024-08-05T07:18:20.762+0000] {dagbag.py:537} INFO - Filling up the DagBag from /home/airflow/.local/lib/python3.7/site-packages/airflow/example_dags/example_xcomargs.py
[2024-08-05T07:18:20.793+0000] {processor.py:766} INFO - DAG(s) dict_keys(['example_xcom_args_with_operators', 'example_xcom_args']) retrieved from /home/airflow/.local/lib/python3.7/site-packages/airflow/example_dags/example_xcomargs.py
[2024-08-05T07:18:20.860+0000] {logging_mixin.py:120} INFO - [2024-08-05T07:18:20.860+0000] {dag.py:2585} INFO - Sync 2 DAGs
[2024-08-05T07:18:20.886+0000] {logging_mixin.py:120} INFO - [2024-08-05T07:18:20.886+0000] {dag.py:3340} INFO - Setting next_dagrun for example_xcom_args to None, run_after=None
[2024-08-05T07:18:20.890+0000] {logging_mixin.py:120} INFO - [2024-08-05T07:18:20.890+0000] {dag.py:3340} INFO - Setting next_dagrun for example_xcom_args_with_operators to None, run_after=None
[2024-08-05T07:18:20.941+0000] {processor.py:176} INFO - Processing /home/airflow/.local/lib/python3.7/site-packages/airflow/example_dags/example_xcomargs.py took 0.186 seconds
[2024-08-05T07:18:51.009+0000] {processor.py:154} INFO - Started process (PID=9755) to work on /home/airflow/.local/lib/python3.7/site-packages/airflow/example_dags/example_xcomargs.py
[2024-08-05T07:18:51.011+0000] {processor.py:756} INFO - Processing file /home/airflow/.local/lib/python3.7/site-packages/airflow/example_dags/example_xcomargs.py for tasks to queue
[2024-08-05T07:18:51.012+0000] {logging_mixin.py:120} INFO - [2024-08-05T07:18:51.012+0000] {dagbag.py:537} INFO - Filling up the DagBag from /home/airflow/.local/lib/python3.7/site-packages/airflow/example_dags/example_xcomargs.py
[2024-08-05T07:18:51.049+0000] {processor.py:766} INFO - DAG(s) dict_keys(['example_xcom_args', 'example_xcom_args_with_operators']) retrieved from /home/airflow/.local/lib/python3.7/site-packages/airflow/example_dags/example_xcomargs.py
[2024-08-05T07:18:51.111+0000] {logging_mixin.py:120} INFO - [2024-08-05T07:18:51.111+0000] {dag.py:2585} INFO - Sync 2 DAGs
[2024-08-05T07:18:51.139+0000] {logging_mixin.py:120} INFO - [2024-08-05T07:18:51.139+0000] {dag.py:3340} INFO - Setting next_dagrun for example_xcom_args to None, run_after=None
[2024-08-05T07:18:51.145+0000] {logging_mixin.py:120} INFO - [2024-08-05T07:18:51.145+0000] {dag.py:3340} INFO - Setting next_dagrun for example_xcom_args_with_operators to None, run_after=None
[2024-08-05T07:18:51.171+0000] {processor.py:176} INFO - Processing /home/airflow/.local/lib/python3.7/site-packages/airflow/example_dags/example_xcomargs.py took 0.165 seconds
[2024-08-05T07:19:21.814+0000] {processor.py:154} INFO - Started process (PID=9821) to work on /home/airflow/.local/lib/python3.7/site-packages/airflow/example_dags/example_xcomargs.py
[2024-08-05T07:19:21.815+0000] {processor.py:756} INFO - Processing file /home/airflow/.local/lib/python3.7/site-packages/airflow/example_dags/example_xcomargs.py for tasks to queue
[2024-08-05T07:19:21.817+0000] {logging_mixin.py:120} INFO - [2024-08-05T07:19:21.816+0000] {dagbag.py:537} INFO - Filling up the DagBag from /home/airflow/.local/lib/python3.7/site-packages/airflow/example_dags/example_xcomargs.py
[2024-08-05T07:19:21.870+0000] {processor.py:766} INFO - DAG(s) dict_keys(['example_xcom_args', 'example_xcom_args_with_operators']) retrieved from /home/airflow/.local/lib/python3.7/site-packages/airflow/example_dags/example_xcomargs.py
[2024-08-05T07:19:21.945+0000] {logging_mixin.py:120} INFO - [2024-08-05T07:19:21.945+0000] {dag.py:2585} INFO - Sync 2 DAGs
[2024-08-05T07:19:22.001+0000] {logging_mixin.py:120} INFO - [2024-08-05T07:19:22.001+0000] {dag.py:3340} INFO - Setting next_dagrun for example_xcom_args to None, run_after=None
[2024-08-05T07:19:22.010+0000] {logging_mixin.py:120} INFO - [2024-08-05T07:19:22.009+0000] {dag.py:3340} INFO - Setting next_dagrun for example_xcom_args_with_operators to None, run_after=None
[2024-08-05T07:19:22.045+0000] {processor.py:176} INFO - Processing /home/airflow/.local/lib/python3.7/site-packages/airflow/example_dags/example_xcomargs.py took 0.236 seconds
[2024-08-05T07:19:52.445+0000] {processor.py:154} INFO - Started process (PID=9879) to work on /home/airflow/.local/lib/python3.7/site-packages/airflow/example_dags/example_xcomargs.py
[2024-08-05T07:19:52.447+0000] {processor.py:756} INFO - Processing file /home/airflow/.local/lib/python3.7/site-packages/airflow/example_dags/example_xcomargs.py for tasks to queue
[2024-08-05T07:19:52.448+0000] {logging_mixin.py:120} INFO - [2024-08-05T07:19:52.448+0000] {dagbag.py:537} INFO - Filling up the DagBag from /home/airflow/.local/lib/python3.7/site-packages/airflow/example_dags/example_xcomargs.py
[2024-08-05T07:19:52.480+0000] {processor.py:766} INFO - DAG(s) dict_keys(['example_xcom_args_with_operators', 'example_xcom_args']) retrieved from /home/airflow/.local/lib/python3.7/site-packages/airflow/example_dags/example_xcomargs.py
[2024-08-05T07:19:52.550+0000] {logging_mixin.py:120} INFO - [2024-08-05T07:19:52.550+0000] {dag.py:2585} INFO - Sync 2 DAGs
[2024-08-05T07:19:52.720+0000] {logging_mixin.py:120} INFO - [2024-08-05T07:19:52.720+0000] {dag.py:3340} INFO - Setting next_dagrun for example_xcom_args to None, run_after=None
[2024-08-05T07:19:52.750+0000] {logging_mixin.py:120} INFO - [2024-08-05T07:19:52.750+0000] {dag.py:3340} INFO - Setting next_dagrun for example_xcom_args_with_operators to None, run_after=None
[2024-08-05T07:19:52.786+0000] {processor.py:176} INFO - Processing /home/airflow/.local/lib/python3.7/site-packages/airflow/example_dags/example_xcomargs.py took 0.344 seconds
[2024-08-05T07:20:23.598+0000] {processor.py:154} INFO - Started process (PID=9946) to work on /home/airflow/.local/lib/python3.7/site-packages/airflow/example_dags/example_xcomargs.py
[2024-08-05T07:20:23.607+0000] {processor.py:756} INFO - Processing file /home/airflow/.local/lib/python3.7/site-packages/airflow/example_dags/example_xcomargs.py for tasks to queue
[2024-08-05T07:20:23.609+0000] {logging_mixin.py:120} INFO - [2024-08-05T07:20:23.608+0000] {dagbag.py:537} INFO - Filling up the DagBag from /home/airflow/.local/lib/python3.7/site-packages/airflow/example_dags/example_xcomargs.py
[2024-08-05T07:20:23.635+0000] {processor.py:766} INFO - DAG(s) dict_keys(['example_xcom_args_with_operators', 'example_xcom_args']) retrieved from /home/airflow/.local/lib/python3.7/site-packages/airflow/example_dags/example_xcomargs.py
[2024-08-05T07:20:23.681+0000] {logging_mixin.py:120} INFO - [2024-08-05T07:20:23.680+0000] {dag.py:2585} INFO - Sync 2 DAGs
[2024-08-05T07:20:23.773+0000] {logging_mixin.py:120} INFO - [2024-08-05T07:20:23.773+0000] {dag.py:3340} INFO - Setting next_dagrun for example_xcom_args to None, run_after=None
[2024-08-05T07:20:23.835+0000] {logging_mixin.py:120} INFO - [2024-08-05T07:20:23.835+0000] {dag.py:3340} INFO - Setting next_dagrun for example_xcom_args_with_operators to None, run_after=None
[2024-08-05T07:20:23.900+0000] {processor.py:176} INFO - Processing /home/airflow/.local/lib/python3.7/site-packages/airflow/example_dags/example_xcomargs.py took 0.305 seconds
[2024-08-05T07:20:54.260+0000] {processor.py:154} INFO - Started process (PID=10013) to work on /home/airflow/.local/lib/python3.7/site-packages/airflow/example_dags/example_xcomargs.py
[2024-08-05T07:20:54.262+0000] {processor.py:756} INFO - Processing file /home/airflow/.local/lib/python3.7/site-packages/airflow/example_dags/example_xcomargs.py for tasks to queue
[2024-08-05T07:20:54.263+0000] {logging_mixin.py:120} INFO - [2024-08-05T07:20:54.263+0000] {dagbag.py:537} INFO - Filling up the DagBag from /home/airflow/.local/lib/python3.7/site-packages/airflow/example_dags/example_xcomargs.py
[2024-08-05T07:20:54.290+0000] {processor.py:766} INFO - DAG(s) dict_keys(['example_xcom_args', 'example_xcom_args_with_operators']) retrieved from /home/airflow/.local/lib/python3.7/site-packages/airflow/example_dags/example_xcomargs.py
[2024-08-05T07:20:54.333+0000] {logging_mixin.py:120} INFO - [2024-08-05T07:20:54.333+0000] {dag.py:2585} INFO - Sync 2 DAGs
[2024-08-05T07:20:54.358+0000] {logging_mixin.py:120} INFO - [2024-08-05T07:20:54.358+0000] {dag.py:3340} INFO - Setting next_dagrun for example_xcom_args to None, run_after=None
[2024-08-05T07:20:54.361+0000] {logging_mixin.py:120} INFO - [2024-08-05T07:20:54.361+0000] {dag.py:3340} INFO - Setting next_dagrun for example_xcom_args_with_operators to None, run_after=None
[2024-08-05T07:20:54.382+0000] {processor.py:176} INFO - Processing /home/airflow/.local/lib/python3.7/site-packages/airflow/example_dags/example_xcomargs.py took 0.125 seconds
[2024-08-05T07:21:24.968+0000] {processor.py:154} INFO - Started process (PID=10071) to work on /home/airflow/.local/lib/python3.7/site-packages/airflow/example_dags/example_xcomargs.py
[2024-08-05T07:21:24.970+0000] {processor.py:756} INFO - Processing file /home/airflow/.local/lib/python3.7/site-packages/airflow/example_dags/example_xcomargs.py for tasks to queue
[2024-08-05T07:21:24.971+0000] {logging_mixin.py:120} INFO - [2024-08-05T07:21:24.970+0000] {dagbag.py:537} INFO - Filling up the DagBag from /home/airflow/.local/lib/python3.7/site-packages/airflow/example_dags/example_xcomargs.py
[2024-08-05T07:21:24.991+0000] {processor.py:766} INFO - DAG(s) dict_keys(['example_xcom_args', 'example_xcom_args_with_operators']) retrieved from /home/airflow/.local/lib/python3.7/site-packages/airflow/example_dags/example_xcomargs.py
[2024-08-05T07:21:25.054+0000] {logging_mixin.py:120} INFO - [2024-08-05T07:21:25.054+0000] {dag.py:2585} INFO - Sync 2 DAGs
[2024-08-05T07:21:25.081+0000] {logging_mixin.py:120} INFO - [2024-08-05T07:21:25.081+0000] {dag.py:3340} INFO - Setting next_dagrun for example_xcom_args to None, run_after=None
[2024-08-05T07:21:25.085+0000] {logging_mixin.py:120} INFO - [2024-08-05T07:21:25.085+0000] {dag.py:3340} INFO - Setting next_dagrun for example_xcom_args_with_operators to None, run_after=None
[2024-08-05T07:21:25.105+0000] {processor.py:176} INFO - Processing /home/airflow/.local/lib/python3.7/site-packages/airflow/example_dags/example_xcomargs.py took 0.139 seconds
[2024-08-05T07:21:55.372+0000] {processor.py:154} INFO - Started process (PID=10138) to work on /home/airflow/.local/lib/python3.7/site-packages/airflow/example_dags/example_xcomargs.py
[2024-08-05T07:21:55.374+0000] {processor.py:756} INFO - Processing file /home/airflow/.local/lib/python3.7/site-packages/airflow/example_dags/example_xcomargs.py for tasks to queue
[2024-08-05T07:21:55.377+0000] {logging_mixin.py:120} INFO - [2024-08-05T07:21:55.376+0000] {dagbag.py:537} INFO - Filling up the DagBag from /home/airflow/.local/lib/python3.7/site-packages/airflow/example_dags/example_xcomargs.py
[2024-08-05T07:21:55.406+0000] {processor.py:766} INFO - DAG(s) dict_keys(['example_xcom_args_with_operators', 'example_xcom_args']) retrieved from /home/airflow/.local/lib/python3.7/site-packages/airflow/example_dags/example_xcomargs.py
[2024-08-05T07:21:55.476+0000] {logging_mixin.py:120} INFO - [2024-08-05T07:21:55.476+0000] {dag.py:2585} INFO - Sync 2 DAGs
[2024-08-05T07:21:55.516+0000] {logging_mixin.py:120} INFO - [2024-08-05T07:21:55.515+0000] {dag.py:3340} INFO - Setting next_dagrun for example_xcom_args to None, run_after=None
[2024-08-05T07:21:55.524+0000] {logging_mixin.py:120} INFO - [2024-08-05T07:21:55.524+0000] {dag.py:3340} INFO - Setting next_dagrun for example_xcom_args_with_operators to None, run_after=None
[2024-08-05T07:21:55.550+0000] {processor.py:176} INFO - Processing /home/airflow/.local/lib/python3.7/site-packages/airflow/example_dags/example_xcomargs.py took 0.182 seconds
[2024-08-05T07:22:27.271+0000] {processor.py:154} INFO - Started process (PID=10206) to work on /home/airflow/.local/lib/python3.7/site-packages/airflow/example_dags/example_xcomargs.py
[2024-08-05T07:22:27.273+0000] {processor.py:756} INFO - Processing file /home/airflow/.local/lib/python3.7/site-packages/airflow/example_dags/example_xcomargs.py for tasks to queue
[2024-08-05T07:22:27.274+0000] {logging_mixin.py:120} INFO - [2024-08-05T07:22:27.274+0000] {dagbag.py:537} INFO - Filling up the DagBag from /home/airflow/.local/lib/python3.7/site-packages/airflow/example_dags/example_xcomargs.py
[2024-08-05T07:22:27.305+0000] {processor.py:766} INFO - DAG(s) dict_keys(['example_xcom_args_with_operators', 'example_xcom_args']) retrieved from /home/airflow/.local/lib/python3.7/site-packages/airflow/example_dags/example_xcomargs.py
[2024-08-05T07:22:27.355+0000] {logging_mixin.py:120} INFO - [2024-08-05T07:22:27.355+0000] {dag.py:2585} INFO - Sync 2 DAGs
[2024-08-05T07:22:27.390+0000] {logging_mixin.py:120} INFO - [2024-08-05T07:22:27.390+0000] {dag.py:3340} INFO - Setting next_dagrun for example_xcom_args to None, run_after=None
[2024-08-05T07:22:27.394+0000] {logging_mixin.py:120} INFO - [2024-08-05T07:22:27.394+0000] {dag.py:3340} INFO - Setting next_dagrun for example_xcom_args_with_operators to None, run_after=None
[2024-08-05T07:22:27.413+0000] {processor.py:176} INFO - Processing /home/airflow/.local/lib/python3.7/site-packages/airflow/example_dags/example_xcomargs.py took 0.145 seconds
[2024-08-05T07:22:59.403+0000] {processor.py:154} INFO - Started process (PID=10265) to work on /home/airflow/.local/lib/python3.7/site-packages/airflow/example_dags/example_xcomargs.py
[2024-08-05T07:22:59.406+0000] {processor.py:756} INFO - Processing file /home/airflow/.local/lib/python3.7/site-packages/airflow/example_dags/example_xcomargs.py for tasks to queue
[2024-08-05T07:22:59.428+0000] {logging_mixin.py:120} INFO - [2024-08-05T07:22:59.428+0000] {dagbag.py:537} INFO - Filling up the DagBag from /home/airflow/.local/lib/python3.7/site-packages/airflow/example_dags/example_xcomargs.py
[2024-08-05T07:22:59.460+0000] {processor.py:766} INFO - DAG(s) dict_keys(['example_xcom_args_with_operators', 'example_xcom_args']) retrieved from /home/airflow/.local/lib/python3.7/site-packages/airflow/example_dags/example_xcomargs.py
[2024-08-05T07:22:59.543+0000] {logging_mixin.py:120} INFO - [2024-08-05T07:22:59.542+0000] {dag.py:2585} INFO - Sync 2 DAGs
[2024-08-05T07:22:59.621+0000] {logging_mixin.py:120} INFO - [2024-08-05T07:22:59.621+0000] {dag.py:3340} INFO - Setting next_dagrun for example_xcom_args to None, run_after=None
[2024-08-05T07:22:59.630+0000] {logging_mixin.py:120} INFO - [2024-08-05T07:22:59.630+0000] {dag.py:3340} INFO - Setting next_dagrun for example_xcom_args_with_operators to None, run_after=None
[2024-08-05T07:22:59.650+0000] {processor.py:176} INFO - Processing /home/airflow/.local/lib/python3.7/site-packages/airflow/example_dags/example_xcomargs.py took 0.251 seconds
[2024-08-05T07:23:29.974+0000] {processor.py:154} INFO - Started process (PID=10331) to work on /home/airflow/.local/lib/python3.7/site-packages/airflow/example_dags/example_xcomargs.py
[2024-08-05T07:23:29.976+0000] {processor.py:756} INFO - Processing file /home/airflow/.local/lib/python3.7/site-packages/airflow/example_dags/example_xcomargs.py for tasks to queue
[2024-08-05T07:23:29.977+0000] {logging_mixin.py:120} INFO - [2024-08-05T07:23:29.976+0000] {dagbag.py:537} INFO - Filling up the DagBag from /home/airflow/.local/lib/python3.7/site-packages/airflow/example_dags/example_xcomargs.py
[2024-08-05T07:23:30.006+0000] {processor.py:766} INFO - DAG(s) dict_keys(['example_xcom_args', 'example_xcom_args_with_operators']) retrieved from /home/airflow/.local/lib/python3.7/site-packages/airflow/example_dags/example_xcomargs.py
[2024-08-05T07:23:30.062+0000] {logging_mixin.py:120} INFO - [2024-08-05T07:23:30.061+0000] {dag.py:2585} INFO - Sync 2 DAGs
[2024-08-05T07:23:30.094+0000] {logging_mixin.py:120} INFO - [2024-08-05T07:23:30.094+0000] {dag.py:3340} INFO - Setting next_dagrun for example_xcom_args to None, run_after=None
[2024-08-05T07:23:30.112+0000] {logging_mixin.py:120} INFO - [2024-08-05T07:23:30.111+0000] {dag.py:3340} INFO - Setting next_dagrun for example_xcom_args_with_operators to None, run_after=None
[2024-08-05T07:23:30.153+0000] {processor.py:176} INFO - Processing /home/airflow/.local/lib/python3.7/site-packages/airflow/example_dags/example_xcomargs.py took 0.183 seconds
[2024-08-05T07:24:01.697+0000] {processor.py:154} INFO - Started process (PID=10398) to work on /home/airflow/.local/lib/python3.7/site-packages/airflow/example_dags/example_xcomargs.py
[2024-08-05T07:24:01.701+0000] {processor.py:756} INFO - Processing file /home/airflow/.local/lib/python3.7/site-packages/airflow/example_dags/example_xcomargs.py for tasks to queue
[2024-08-05T07:24:01.703+0000] {logging_mixin.py:120} INFO - [2024-08-05T07:24:01.703+0000] {dagbag.py:537} INFO - Filling up the DagBag from /home/airflow/.local/lib/python3.7/site-packages/airflow/example_dags/example_xcomargs.py
[2024-08-05T07:24:01.732+0000] {processor.py:766} INFO - DAG(s) dict_keys(['example_xcom_args', 'example_xcom_args_with_operators']) retrieved from /home/airflow/.local/lib/python3.7/site-packages/airflow/example_dags/example_xcomargs.py
[2024-08-05T07:24:01.785+0000] {logging_mixin.py:120} INFO - [2024-08-05T07:24:01.785+0000] {dag.py:2585} INFO - Sync 2 DAGs
[2024-08-05T07:24:01.825+0000] {logging_mixin.py:120} INFO - [2024-08-05T07:24:01.825+0000] {dag.py:3340} INFO - Setting next_dagrun for example_xcom_args to None, run_after=None
[2024-08-05T07:24:01.836+0000] {logging_mixin.py:120} INFO - [2024-08-05T07:24:01.835+0000] {dag.py:3340} INFO - Setting next_dagrun for example_xcom_args_with_operators to None, run_after=None
[2024-08-05T07:24:01.862+0000] {processor.py:176} INFO - Processing /home/airflow/.local/lib/python3.7/site-packages/airflow/example_dags/example_xcomargs.py took 0.169 seconds
[2024-08-05T08:25:27.203+0000] {processor.py:154} INFO - Started process (PID=10447) to work on /home/airflow/.local/lib/python3.7/site-packages/airflow/example_dags/example_xcomargs.py
[2024-08-05T08:25:27.214+0000] {processor.py:756} INFO - Processing file /home/airflow/.local/lib/python3.7/site-packages/airflow/example_dags/example_xcomargs.py for tasks to queue
[2024-08-05T08:25:27.221+0000] {logging_mixin.py:120} INFO - [2024-08-05T08:25:27.221+0000] {dagbag.py:537} INFO - Filling up the DagBag from /home/airflow/.local/lib/python3.7/site-packages/airflow/example_dags/example_xcomargs.py
[2024-08-05T08:25:27.268+0000] {processor.py:766} INFO - DAG(s) dict_keys(['example_xcom_args_with_operators', 'example_xcom_args']) retrieved from /home/airflow/.local/lib/python3.7/site-packages/airflow/example_dags/example_xcomargs.py
[2024-08-05T08:25:27.408+0000] {logging_mixin.py:120} INFO - [2024-08-05T08:25:27.408+0000] {dag.py:2585} INFO - Sync 2 DAGs
[2024-08-05T08:25:27.513+0000] {logging_mixin.py:120} INFO - [2024-08-05T08:25:27.512+0000] {dag.py:3340} INFO - Setting next_dagrun for example_xcom_args to None, run_after=None
[2024-08-05T08:25:27.529+0000] {logging_mixin.py:120} INFO - [2024-08-05T08:25:27.528+0000] {dag.py:3340} INFO - Setting next_dagrun for example_xcom_args_with_operators to None, run_after=None
[2024-08-05T08:25:27.604+0000] {processor.py:176} INFO - Processing /home/airflow/.local/lib/python3.7/site-packages/airflow/example_dags/example_xcomargs.py took 0.404 seconds
[2024-08-05T08:25:57.792+0000] {processor.py:154} INFO - Started process (PID=10515) to work on /home/airflow/.local/lib/python3.7/site-packages/airflow/example_dags/example_xcomargs.py
[2024-08-05T08:25:57.794+0000] {processor.py:756} INFO - Processing file /home/airflow/.local/lib/python3.7/site-packages/airflow/example_dags/example_xcomargs.py for tasks to queue
[2024-08-05T08:25:57.795+0000] {logging_mixin.py:120} INFO - [2024-08-05T08:25:57.795+0000] {dagbag.py:537} INFO - Filling up the DagBag from /home/airflow/.local/lib/python3.7/site-packages/airflow/example_dags/example_xcomargs.py
[2024-08-05T08:25:57.813+0000] {processor.py:766} INFO - DAG(s) dict_keys(['example_xcom_args_with_operators', 'example_xcom_args']) retrieved from /home/airflow/.local/lib/python3.7/site-packages/airflow/example_dags/example_xcomargs.py
[2024-08-05T08:25:57.848+0000] {logging_mixin.py:120} INFO - [2024-08-05T08:25:57.848+0000] {dag.py:2585} INFO - Sync 2 DAGs
[2024-08-05T08:25:57.867+0000] {logging_mixin.py:120} INFO - [2024-08-05T08:25:57.867+0000] {dag.py:3340} INFO - Setting next_dagrun for example_xcom_args to None, run_after=None
[2024-08-05T08:25:57.875+0000] {logging_mixin.py:120} INFO - [2024-08-05T08:25:57.875+0000] {dag.py:3340} INFO - Setting next_dagrun for example_xcom_args_with_operators to None, run_after=None
[2024-08-05T08:25:57.892+0000] {processor.py:176} INFO - Processing /home/airflow/.local/lib/python3.7/site-packages/airflow/example_dags/example_xcomargs.py took 0.103 seconds
[2024-08-05T08:26:28.106+0000] {processor.py:154} INFO - Started process (PID=10582) to work on /home/airflow/.local/lib/python3.7/site-packages/airflow/example_dags/example_xcomargs.py
[2024-08-05T08:26:28.108+0000] {processor.py:756} INFO - Processing file /home/airflow/.local/lib/python3.7/site-packages/airflow/example_dags/example_xcomargs.py for tasks to queue
[2024-08-05T08:26:28.110+0000] {logging_mixin.py:120} INFO - [2024-08-05T08:26:28.110+0000] {dagbag.py:537} INFO - Filling up the DagBag from /home/airflow/.local/lib/python3.7/site-packages/airflow/example_dags/example_xcomargs.py
[2024-08-05T08:26:28.157+0000] {processor.py:766} INFO - DAG(s) dict_keys(['example_xcom_args', 'example_xcom_args_with_operators']) retrieved from /home/airflow/.local/lib/python3.7/site-packages/airflow/example_dags/example_xcomargs.py
[2024-08-05T08:26:28.250+0000] {logging_mixin.py:120} INFO - [2024-08-05T08:26:28.249+0000] {dag.py:2585} INFO - Sync 2 DAGs
[2024-08-05T08:26:28.300+0000] {logging_mixin.py:120} INFO - [2024-08-05T08:26:28.300+0000] {dag.py:3340} INFO - Setting next_dagrun for example_xcom_args to None, run_after=None
[2024-08-05T08:26:28.311+0000] {logging_mixin.py:120} INFO - [2024-08-05T08:26:28.311+0000] {dag.py:3340} INFO - Setting next_dagrun for example_xcom_args_with_operators to None, run_after=None
[2024-08-05T08:26:28.356+0000] {processor.py:176} INFO - Processing /home/airflow/.local/lib/python3.7/site-packages/airflow/example_dags/example_xcomargs.py took 0.253 seconds
[2024-08-05T08:26:58.624+0000] {processor.py:154} INFO - Started process (PID=10649) to work on /home/airflow/.local/lib/python3.7/site-packages/airflow/example_dags/example_xcomargs.py
[2024-08-05T08:26:58.627+0000] {processor.py:756} INFO - Processing file /home/airflow/.local/lib/python3.7/site-packages/airflow/example_dags/example_xcomargs.py for tasks to queue
[2024-08-05T08:26:58.630+0000] {logging_mixin.py:120} INFO - [2024-08-05T08:26:58.630+0000] {dagbag.py:537} INFO - Filling up the DagBag from /home/airflow/.local/lib/python3.7/site-packages/airflow/example_dags/example_xcomargs.py
[2024-08-05T08:26:58.655+0000] {processor.py:766} INFO - DAG(s) dict_keys(['example_xcom_args_with_operators', 'example_xcom_args']) retrieved from /home/airflow/.local/lib/python3.7/site-packages/airflow/example_dags/example_xcomargs.py
[2024-08-05T08:26:58.705+0000] {logging_mixin.py:120} INFO - [2024-08-05T08:26:58.705+0000] {dag.py:2585} INFO - Sync 2 DAGs
[2024-08-05T08:26:58.734+0000] {logging_mixin.py:120} INFO - [2024-08-05T08:26:58.733+0000] {dag.py:3340} INFO - Setting next_dagrun for example_xcom_args to None, run_after=None
[2024-08-05T08:26:58.739+0000] {logging_mixin.py:120} INFO - [2024-08-05T08:26:58.738+0000] {dag.py:3340} INFO - Setting next_dagrun for example_xcom_args_with_operators to None, run_after=None
[2024-08-05T08:26:58.763+0000] {processor.py:176} INFO - Processing /home/airflow/.local/lib/python3.7/site-packages/airflow/example_dags/example_xcomargs.py took 0.145 seconds
[2024-08-05T08:27:28.912+0000] {processor.py:154} INFO - Started process (PID=10707) to work on /home/airflow/.local/lib/python3.7/site-packages/airflow/example_dags/example_xcomargs.py
[2024-08-05T08:27:28.913+0000] {processor.py:756} INFO - Processing file /home/airflow/.local/lib/python3.7/site-packages/airflow/example_dags/example_xcomargs.py for tasks to queue
[2024-08-05T08:27:28.915+0000] {logging_mixin.py:120} INFO - [2024-08-05T08:27:28.915+0000] {dagbag.py:537} INFO - Filling up the DagBag from /home/airflow/.local/lib/python3.7/site-packages/airflow/example_dags/example_xcomargs.py
[2024-08-05T08:27:28.939+0000] {processor.py:766} INFO - DAG(s) dict_keys(['example_xcom_args_with_operators', 'example_xcom_args']) retrieved from /home/airflow/.local/lib/python3.7/site-packages/airflow/example_dags/example_xcomargs.py
[2024-08-05T08:27:28.991+0000] {logging_mixin.py:120} INFO - [2024-08-05T08:27:28.991+0000] {dag.py:2585} INFO - Sync 2 DAGs
[2024-08-05T08:27:29.042+0000] {logging_mixin.py:120} INFO - [2024-08-05T08:27:29.042+0000] {dag.py:3340} INFO - Setting next_dagrun for example_xcom_args to None, run_after=None
[2024-08-05T08:27:29.051+0000] {logging_mixin.py:120} INFO - [2024-08-05T08:27:29.051+0000] {dag.py:3340} INFO - Setting next_dagrun for example_xcom_args_with_operators to None, run_after=None
[2024-08-05T08:27:29.098+0000] {processor.py:176} INFO - Processing /home/airflow/.local/lib/python3.7/site-packages/airflow/example_dags/example_xcomargs.py took 0.190 seconds
[2024-08-05T08:27:59.808+0000] {processor.py:154} INFO - Started process (PID=10773) to work on /home/airflow/.local/lib/python3.7/site-packages/airflow/example_dags/example_xcomargs.py
[2024-08-05T08:27:59.809+0000] {processor.py:756} INFO - Processing file /home/airflow/.local/lib/python3.7/site-packages/airflow/example_dags/example_xcomargs.py for tasks to queue
[2024-08-05T08:27:59.811+0000] {logging_mixin.py:120} INFO - [2024-08-05T08:27:59.811+0000] {dagbag.py:537} INFO - Filling up the DagBag from /home/airflow/.local/lib/python3.7/site-packages/airflow/example_dags/example_xcomargs.py
[2024-08-05T08:27:59.828+0000] {processor.py:766} INFO - DAG(s) dict_keys(['example_xcom_args_with_operators', 'example_xcom_args']) retrieved from /home/airflow/.local/lib/python3.7/site-packages/airflow/example_dags/example_xcomargs.py
[2024-08-05T08:27:59.863+0000] {logging_mixin.py:120} INFO - [2024-08-05T08:27:59.863+0000] {dag.py:2585} INFO - Sync 2 DAGs
[2024-08-05T08:27:59.886+0000] {logging_mixin.py:120} INFO - [2024-08-05T08:27:59.885+0000] {dag.py:3340} INFO - Setting next_dagrun for example_xcom_args to None, run_after=None
[2024-08-05T08:27:59.890+0000] {logging_mixin.py:120} INFO - [2024-08-05T08:27:59.890+0000] {dag.py:3340} INFO - Setting next_dagrun for example_xcom_args_with_operators to None, run_after=None
[2024-08-05T08:27:59.911+0000] {processor.py:176} INFO - Processing /home/airflow/.local/lib/python3.7/site-packages/airflow/example_dags/example_xcomargs.py took 0.106 seconds
[2024-08-05T08:28:30.260+0000] {processor.py:154} INFO - Started process (PID=10841) to work on /home/airflow/.local/lib/python3.7/site-packages/airflow/example_dags/example_xcomargs.py
[2024-08-05T08:28:30.261+0000] {processor.py:756} INFO - Processing file /home/airflow/.local/lib/python3.7/site-packages/airflow/example_dags/example_xcomargs.py for tasks to queue
[2024-08-05T08:28:30.262+0000] {logging_mixin.py:120} INFO - [2024-08-05T08:28:30.262+0000] {dagbag.py:537} INFO - Filling up the DagBag from /home/airflow/.local/lib/python3.7/site-packages/airflow/example_dags/example_xcomargs.py
[2024-08-05T08:28:30.278+0000] {processor.py:766} INFO - DAG(s) dict_keys(['example_xcom_args_with_operators', 'example_xcom_args']) retrieved from /home/airflow/.local/lib/python3.7/site-packages/airflow/example_dags/example_xcomargs.py
[2024-08-05T08:28:30.317+0000] {logging_mixin.py:120} INFO - [2024-08-05T08:28:30.317+0000] {dag.py:2585} INFO - Sync 2 DAGs
[2024-08-05T08:28:30.339+0000] {logging_mixin.py:120} INFO - [2024-08-05T08:28:30.339+0000] {dag.py:3340} INFO - Setting next_dagrun for example_xcom_args to None, run_after=None
[2024-08-05T08:28:30.343+0000] {logging_mixin.py:120} INFO - [2024-08-05T08:28:30.343+0000] {dag.py:3340} INFO - Setting next_dagrun for example_xcom_args_with_operators to None, run_after=None
[2024-08-05T08:28:30.361+0000] {processor.py:176} INFO - Processing /home/airflow/.local/lib/python3.7/site-packages/airflow/example_dags/example_xcomargs.py took 0.104 seconds
[2024-08-05T08:29:00.407+0000] {processor.py:154} INFO - Started process (PID=10908) to work on /home/airflow/.local/lib/python3.7/site-packages/airflow/example_dags/example_xcomargs.py
[2024-08-05T08:29:00.409+0000] {processor.py:756} INFO - Processing file /home/airflow/.local/lib/python3.7/site-packages/airflow/example_dags/example_xcomargs.py for tasks to queue
[2024-08-05T08:29:00.410+0000] {logging_mixin.py:120} INFO - [2024-08-05T08:29:00.410+0000] {dagbag.py:537} INFO - Filling up the DagBag from /home/airflow/.local/lib/python3.7/site-packages/airflow/example_dags/example_xcomargs.py
[2024-08-05T08:29:00.431+0000] {processor.py:766} INFO - DAG(s) dict_keys(['example_xcom_args_with_operators', 'example_xcom_args']) retrieved from /home/airflow/.local/lib/python3.7/site-packages/airflow/example_dags/example_xcomargs.py
[2024-08-05T08:29:00.469+0000] {logging_mixin.py:120} INFO - [2024-08-05T08:29:00.469+0000] {dag.py:2585} INFO - Sync 2 DAGs
[2024-08-05T08:29:00.494+0000] {logging_mixin.py:120} INFO - [2024-08-05T08:29:00.493+0000] {dag.py:3340} INFO - Setting next_dagrun for example_xcom_args to None, run_after=None
[2024-08-05T08:29:00.497+0000] {logging_mixin.py:120} INFO - [2024-08-05T08:29:00.496+0000] {dag.py:3340} INFO - Setting next_dagrun for example_xcom_args_with_operators to None, run_after=None
[2024-08-05T08:29:00.520+0000] {processor.py:176} INFO - Processing /home/airflow/.local/lib/python3.7/site-packages/airflow/example_dags/example_xcomargs.py took 0.117 seconds
[2024-08-05T08:29:30.590+0000] {processor.py:154} INFO - Started process (PID=10966) to work on /home/airflow/.local/lib/python3.7/site-packages/airflow/example_dags/example_xcomargs.py
[2024-08-05T08:29:30.591+0000] {processor.py:756} INFO - Processing file /home/airflow/.local/lib/python3.7/site-packages/airflow/example_dags/example_xcomargs.py for tasks to queue
[2024-08-05T08:29:30.592+0000] {logging_mixin.py:120} INFO - [2024-08-05T08:29:30.592+0000] {dagbag.py:537} INFO - Filling up the DagBag from /home/airflow/.local/lib/python3.7/site-packages/airflow/example_dags/example_xcomargs.py
[2024-08-05T08:29:30.612+0000] {processor.py:766} INFO - DAG(s) dict_keys(['example_xcom_args', 'example_xcom_args_with_operators']) retrieved from /home/airflow/.local/lib/python3.7/site-packages/airflow/example_dags/example_xcomargs.py
[2024-08-05T08:29:30.648+0000] {logging_mixin.py:120} INFO - [2024-08-05T08:29:30.648+0000] {dag.py:2585} INFO - Sync 2 DAGs
[2024-08-05T08:29:30.670+0000] {logging_mixin.py:120} INFO - [2024-08-05T08:29:30.670+0000] {dag.py:3340} INFO - Setting next_dagrun for example_xcom_args to None, run_after=None
[2024-08-05T08:29:30.680+0000] {logging_mixin.py:120} INFO - [2024-08-05T08:29:30.680+0000] {dag.py:3340} INFO - Setting next_dagrun for example_xcom_args_with_operators to None, run_after=None
[2024-08-05T08:29:30.697+0000] {processor.py:176} INFO - Processing /home/airflow/.local/lib/python3.7/site-packages/airflow/example_dags/example_xcomargs.py took 0.109 seconds
[2024-08-05T08:30:01.626+0000] {processor.py:154} INFO - Started process (PID=11032) to work on /home/airflow/.local/lib/python3.7/site-packages/airflow/example_dags/example_xcomargs.py
[2024-08-05T08:30:01.628+0000] {processor.py:756} INFO - Processing file /home/airflow/.local/lib/python3.7/site-packages/airflow/example_dags/example_xcomargs.py for tasks to queue
[2024-08-05T08:30:01.629+0000] {logging_mixin.py:120} INFO - [2024-08-05T08:30:01.629+0000] {dagbag.py:537} INFO - Filling up the DagBag from /home/airflow/.local/lib/python3.7/site-packages/airflow/example_dags/example_xcomargs.py
[2024-08-05T08:30:01.645+0000] {processor.py:766} INFO - DAG(s) dict_keys(['example_xcom_args_with_operators', 'example_xcom_args']) retrieved from /home/airflow/.local/lib/python3.7/site-packages/airflow/example_dags/example_xcomargs.py
[2024-08-05T08:30:01.677+0000] {logging_mixin.py:120} INFO - [2024-08-05T08:30:01.677+0000] {dag.py:2585} INFO - Sync 2 DAGs
[2024-08-05T08:30:01.701+0000] {logging_mixin.py:120} INFO - [2024-08-05T08:30:01.701+0000] {dag.py:3340} INFO - Setting next_dagrun for example_xcom_args to None, run_after=None
[2024-08-05T08:30:01.708+0000] {logging_mixin.py:120} INFO - [2024-08-05T08:30:01.708+0000] {dag.py:3340} INFO - Setting next_dagrun for example_xcom_args_with_operators to None, run_after=None
[2024-08-05T08:30:01.730+0000] {processor.py:176} INFO - Processing /home/airflow/.local/lib/python3.7/site-packages/airflow/example_dags/example_xcomargs.py took 0.106 seconds
[2024-08-05T08:30:31.818+0000] {processor.py:154} INFO - Started process (PID=11099) to work on /home/airflow/.local/lib/python3.7/site-packages/airflow/example_dags/example_xcomargs.py
[2024-08-05T08:30:31.819+0000] {processor.py:756} INFO - Processing file /home/airflow/.local/lib/python3.7/site-packages/airflow/example_dags/example_xcomargs.py for tasks to queue
[2024-08-05T08:30:31.820+0000] {logging_mixin.py:120} INFO - [2024-08-05T08:30:31.820+0000] {dagbag.py:537} INFO - Filling up the DagBag from /home/airflow/.local/lib/python3.7/site-packages/airflow/example_dags/example_xcomargs.py
[2024-08-05T08:30:31.839+0000] {processor.py:766} INFO - DAG(s) dict_keys(['example_xcom_args', 'example_xcom_args_with_operators']) retrieved from /home/airflow/.local/lib/python3.7/site-packages/airflow/example_dags/example_xcomargs.py
[2024-08-05T08:30:31.870+0000] {logging_mixin.py:120} INFO - [2024-08-05T08:30:31.870+0000] {dag.py:2585} INFO - Sync 2 DAGs
[2024-08-05T08:30:31.887+0000] {logging_mixin.py:120} INFO - [2024-08-05T08:30:31.887+0000] {dag.py:3340} INFO - Setting next_dagrun for example_xcom_args to None, run_after=None
[2024-08-05T08:30:31.889+0000] {logging_mixin.py:120} INFO - [2024-08-05T08:30:31.889+0000] {dag.py:3340} INFO - Setting next_dagrun for example_xcom_args_with_operators to None, run_after=None
[2024-08-05T08:30:31.905+0000] {processor.py:176} INFO - Processing /home/airflow/.local/lib/python3.7/site-packages/airflow/example_dags/example_xcomargs.py took 0.090 seconds
[2024-08-05T08:31:02.239+0000] {processor.py:154} INFO - Started process (PID=11166) to work on /home/airflow/.local/lib/python3.7/site-packages/airflow/example_dags/example_xcomargs.py
[2024-08-05T08:31:02.241+0000] {processor.py:756} INFO - Processing file /home/airflow/.local/lib/python3.7/site-packages/airflow/example_dags/example_xcomargs.py for tasks to queue
[2024-08-05T08:31:02.242+0000] {logging_mixin.py:120} INFO - [2024-08-05T08:31:02.242+0000] {dagbag.py:537} INFO - Filling up the DagBag from /home/airflow/.local/lib/python3.7/site-packages/airflow/example_dags/example_xcomargs.py
[2024-08-05T08:31:02.263+0000] {processor.py:766} INFO - DAG(s) dict_keys(['example_xcom_args_with_operators', 'example_xcom_args']) retrieved from /home/airflow/.local/lib/python3.7/site-packages/airflow/example_dags/example_xcomargs.py
[2024-08-05T08:31:02.302+0000] {logging_mixin.py:120} INFO - [2024-08-05T08:31:02.302+0000] {dag.py:2585} INFO - Sync 2 DAGs
[2024-08-05T08:31:02.324+0000] {logging_mixin.py:120} INFO - [2024-08-05T08:31:02.324+0000] {dag.py:3340} INFO - Setting next_dagrun for example_xcom_args to None, run_after=None
[2024-08-05T08:31:02.329+0000] {logging_mixin.py:120} INFO - [2024-08-05T08:31:02.329+0000] {dag.py:3340} INFO - Setting next_dagrun for example_xcom_args_with_operators to None, run_after=None
[2024-08-05T08:31:02.351+0000] {processor.py:176} INFO - Processing /home/airflow/.local/lib/python3.7/site-packages/airflow/example_dags/example_xcomargs.py took 0.116 seconds
[2024-08-05T08:31:33.158+0000] {processor.py:154} INFO - Started process (PID=11233) to work on /home/airflow/.local/lib/python3.7/site-packages/airflow/example_dags/example_xcomargs.py
[2024-08-05T08:31:33.159+0000] {processor.py:756} INFO - Processing file /home/airflow/.local/lib/python3.7/site-packages/airflow/example_dags/example_xcomargs.py for tasks to queue
[2024-08-05T08:31:33.160+0000] {logging_mixin.py:120} INFO - [2024-08-05T08:31:33.160+0000] {dagbag.py:537} INFO - Filling up the DagBag from /home/airflow/.local/lib/python3.7/site-packages/airflow/example_dags/example_xcomargs.py
[2024-08-05T08:31:33.179+0000] {processor.py:766} INFO - DAG(s) dict_keys(['example_xcom_args_with_operators', 'example_xcom_args']) retrieved from /home/airflow/.local/lib/python3.7/site-packages/airflow/example_dags/example_xcomargs.py
[2024-08-05T08:31:33.212+0000] {logging_mixin.py:120} INFO - [2024-08-05T08:31:33.212+0000] {dag.py:2585} INFO - Sync 2 DAGs
[2024-08-05T08:31:33.230+0000] {logging_mixin.py:120} INFO - [2024-08-05T08:31:33.230+0000] {dag.py:3340} INFO - Setting next_dagrun for example_xcom_args to None, run_after=None
[2024-08-05T08:31:33.233+0000] {logging_mixin.py:120} INFO - [2024-08-05T08:31:33.233+0000] {dag.py:3340} INFO - Setting next_dagrun for example_xcom_args_with_operators to None, run_after=None
[2024-08-05T08:31:33.251+0000] {processor.py:176} INFO - Processing /home/airflow/.local/lib/python3.7/site-packages/airflow/example_dags/example_xcomargs.py took 0.096 seconds
[2024-08-05T08:32:03.424+0000] {processor.py:154} INFO - Started process (PID=11291) to work on /home/airflow/.local/lib/python3.7/site-packages/airflow/example_dags/example_xcomargs.py
[2024-08-05T08:32:03.426+0000] {processor.py:756} INFO - Processing file /home/airflow/.local/lib/python3.7/site-packages/airflow/example_dags/example_xcomargs.py for tasks to queue
[2024-08-05T08:32:03.427+0000] {logging_mixin.py:120} INFO - [2024-08-05T08:32:03.427+0000] {dagbag.py:537} INFO - Filling up the DagBag from /home/airflow/.local/lib/python3.7/site-packages/airflow/example_dags/example_xcomargs.py
[2024-08-05T08:32:03.445+0000] {processor.py:766} INFO - DAG(s) dict_keys(['example_xcom_args_with_operators', 'example_xcom_args']) retrieved from /home/airflow/.local/lib/python3.7/site-packages/airflow/example_dags/example_xcomargs.py
[2024-08-05T08:32:03.484+0000] {logging_mixin.py:120} INFO - [2024-08-05T08:32:03.484+0000] {dag.py:2585} INFO - Sync 2 DAGs
[2024-08-05T08:32:03.506+0000] {logging_mixin.py:120} INFO - [2024-08-05T08:32:03.505+0000] {dag.py:3340} INFO - Setting next_dagrun for example_xcom_args to None, run_after=None
[2024-08-05T08:32:03.509+0000] {logging_mixin.py:120} INFO - [2024-08-05T08:32:03.509+0000] {dag.py:3340} INFO - Setting next_dagrun for example_xcom_args_with_operators to None, run_after=None
[2024-08-05T08:32:03.522+0000] {processor.py:176} INFO - Processing /home/airflow/.local/lib/python3.7/site-packages/airflow/example_dags/example_xcomargs.py took 0.100 seconds
[2024-08-05T08:32:34.423+0000] {processor.py:154} INFO - Started process (PID=11358) to work on /home/airflow/.local/lib/python3.7/site-packages/airflow/example_dags/example_xcomargs.py
[2024-08-05T08:32:34.424+0000] {processor.py:756} INFO - Processing file /home/airflow/.local/lib/python3.7/site-packages/airflow/example_dags/example_xcomargs.py for tasks to queue
[2024-08-05T08:32:34.425+0000] {logging_mixin.py:120} INFO - [2024-08-05T08:32:34.425+0000] {dagbag.py:537} INFO - Filling up the DagBag from /home/airflow/.local/lib/python3.7/site-packages/airflow/example_dags/example_xcomargs.py
[2024-08-05T08:32:34.446+0000] {processor.py:766} INFO - DAG(s) dict_keys(['example_xcom_args', 'example_xcom_args_with_operators']) retrieved from /home/airflow/.local/lib/python3.7/site-packages/airflow/example_dags/example_xcomargs.py
[2024-08-05T08:32:34.487+0000] {logging_mixin.py:120} INFO - [2024-08-05T08:32:34.487+0000] {dag.py:2585} INFO - Sync 2 DAGs
[2024-08-05T08:32:34.507+0000] {logging_mixin.py:120} INFO - [2024-08-05T08:32:34.507+0000] {dag.py:3340} INFO - Setting next_dagrun for example_xcom_args to None, run_after=None
[2024-08-05T08:32:34.511+0000] {logging_mixin.py:120} INFO - [2024-08-05T08:32:34.511+0000] {dag.py:3340} INFO - Setting next_dagrun for example_xcom_args_with_operators to None, run_after=None
[2024-08-05T08:32:34.528+0000] {processor.py:176} INFO - Processing /home/airflow/.local/lib/python3.7/site-packages/airflow/example_dags/example_xcomargs.py took 0.109 seconds
[2024-08-05T08:33:05.301+0000] {processor.py:154} INFO - Started process (PID=11426) to work on /home/airflow/.local/lib/python3.7/site-packages/airflow/example_dags/example_xcomargs.py
[2024-08-05T08:33:05.303+0000] {processor.py:756} INFO - Processing file /home/airflow/.local/lib/python3.7/site-packages/airflow/example_dags/example_xcomargs.py for tasks to queue
[2024-08-05T08:33:05.303+0000] {logging_mixin.py:120} INFO - [2024-08-05T08:33:05.303+0000] {dagbag.py:537} INFO - Filling up the DagBag from /home/airflow/.local/lib/python3.7/site-packages/airflow/example_dags/example_xcomargs.py
[2024-08-05T08:33:05.324+0000] {processor.py:766} INFO - DAG(s) dict_keys(['example_xcom_args_with_operators', 'example_xcom_args']) retrieved from /home/airflow/.local/lib/python3.7/site-packages/airflow/example_dags/example_xcomargs.py
[2024-08-05T08:33:05.365+0000] {logging_mixin.py:120} INFO - [2024-08-05T08:33:05.365+0000] {dag.py:2585} INFO - Sync 2 DAGs
[2024-08-05T08:33:05.388+0000] {logging_mixin.py:120} INFO - [2024-08-05T08:33:05.388+0000] {dag.py:3340} INFO - Setting next_dagrun for example_xcom_args to None, run_after=None
[2024-08-05T08:33:05.393+0000] {logging_mixin.py:120} INFO - [2024-08-05T08:33:05.393+0000] {dag.py:3340} INFO - Setting next_dagrun for example_xcom_args_with_operators to None, run_after=None
[2024-08-05T08:33:05.413+0000] {processor.py:176} INFO - Processing /home/airflow/.local/lib/python3.7/site-packages/airflow/example_dags/example_xcomargs.py took 0.114 seconds
[2024-08-05T08:33:36.401+0000] {processor.py:154} INFO - Started process (PID=11493) to work on /home/airflow/.local/lib/python3.7/site-packages/airflow/example_dags/example_xcomargs.py
[2024-08-05T08:33:36.402+0000] {processor.py:756} INFO - Processing file /home/airflow/.local/lib/python3.7/site-packages/airflow/example_dags/example_xcomargs.py for tasks to queue
[2024-08-05T08:33:36.404+0000] {logging_mixin.py:120} INFO - [2024-08-05T08:33:36.403+0000] {dagbag.py:537} INFO - Filling up the DagBag from /home/airflow/.local/lib/python3.7/site-packages/airflow/example_dags/example_xcomargs.py
[2024-08-05T08:33:36.425+0000] {processor.py:766} INFO - DAG(s) dict_keys(['example_xcom_args', 'example_xcom_args_with_operators']) retrieved from /home/airflow/.local/lib/python3.7/site-packages/airflow/example_dags/example_xcomargs.py
[2024-08-05T08:33:36.475+0000] {logging_mixin.py:120} INFO - [2024-08-05T08:33:36.474+0000] {dag.py:2585} INFO - Sync 2 DAGs
[2024-08-05T08:33:36.500+0000] {logging_mixin.py:120} INFO - [2024-08-05T08:33:36.500+0000] {dag.py:3340} INFO - Setting next_dagrun for example_xcom_args to None, run_after=None
[2024-08-05T08:33:36.505+0000] {logging_mixin.py:120} INFO - [2024-08-05T08:33:36.505+0000] {dag.py:3340} INFO - Setting next_dagrun for example_xcom_args_with_operators to None, run_after=None
[2024-08-05T08:33:36.528+0000] {processor.py:176} INFO - Processing /home/airflow/.local/lib/python3.7/site-packages/airflow/example_dags/example_xcomargs.py took 0.131 seconds
[2024-08-05T08:34:08.157+0000] {processor.py:154} INFO - Started process (PID=11560) to work on /home/airflow/.local/lib/python3.7/site-packages/airflow/example_dags/example_xcomargs.py
[2024-08-05T08:34:08.158+0000] {processor.py:756} INFO - Processing file /home/airflow/.local/lib/python3.7/site-packages/airflow/example_dags/example_xcomargs.py for tasks to queue
[2024-08-05T08:34:08.159+0000] {logging_mixin.py:120} INFO - [2024-08-05T08:34:08.159+0000] {dagbag.py:537} INFO - Filling up the DagBag from /home/airflow/.local/lib/python3.7/site-packages/airflow/example_dags/example_xcomargs.py
[2024-08-05T08:34:08.177+0000] {processor.py:766} INFO - DAG(s) dict_keys(['example_xcom_args', 'example_xcom_args_with_operators']) retrieved from /home/airflow/.local/lib/python3.7/site-packages/airflow/example_dags/example_xcomargs.py
[2024-08-05T08:34:08.207+0000] {logging_mixin.py:120} INFO - [2024-08-05T08:34:08.207+0000] {dag.py:2585} INFO - Sync 2 DAGs
[2024-08-05T08:34:08.226+0000] {logging_mixin.py:120} INFO - [2024-08-05T08:34:08.226+0000] {dag.py:3340} INFO - Setting next_dagrun for example_xcom_args to None, run_after=None
[2024-08-05T08:34:08.229+0000] {logging_mixin.py:120} INFO - [2024-08-05T08:34:08.229+0000] {dag.py:3340} INFO - Setting next_dagrun for example_xcom_args_with_operators to None, run_after=None
[2024-08-05T08:34:08.243+0000] {processor.py:176} INFO - Processing /home/airflow/.local/lib/python3.7/site-packages/airflow/example_dags/example_xcomargs.py took 0.088 seconds
[2024-08-05T08:34:38.455+0000] {processor.py:154} INFO - Started process (PID=11618) to work on /home/airflow/.local/lib/python3.7/site-packages/airflow/example_dags/example_xcomargs.py
[2024-08-05T08:34:38.457+0000] {processor.py:756} INFO - Processing file /home/airflow/.local/lib/python3.7/site-packages/airflow/example_dags/example_xcomargs.py for tasks to queue
[2024-08-05T08:34:38.458+0000] {logging_mixin.py:120} INFO - [2024-08-05T08:34:38.458+0000] {dagbag.py:537} INFO - Filling up the DagBag from /home/airflow/.local/lib/python3.7/site-packages/airflow/example_dags/example_xcomargs.py
[2024-08-05T08:34:38.477+0000] {processor.py:766} INFO - DAG(s) dict_keys(['example_xcom_args', 'example_xcom_args_with_operators']) retrieved from /home/airflow/.local/lib/python3.7/site-packages/airflow/example_dags/example_xcomargs.py
[2024-08-05T08:34:38.517+0000] {logging_mixin.py:120} INFO - [2024-08-05T08:34:38.517+0000] {dag.py:2585} INFO - Sync 2 DAGs
[2024-08-05T08:34:38.562+0000] {logging_mixin.py:120} INFO - [2024-08-05T08:34:38.561+0000] {dag.py:3340} INFO - Setting next_dagrun for example_xcom_args to None, run_after=None
[2024-08-05T08:34:38.568+0000] {logging_mixin.py:120} INFO - [2024-08-05T08:34:38.568+0000] {dag.py:3340} INFO - Setting next_dagrun for example_xcom_args_with_operators to None, run_after=None
[2024-08-05T08:34:38.596+0000] {processor.py:176} INFO - Processing /home/airflow/.local/lib/python3.7/site-packages/airflow/example_dags/example_xcomargs.py took 0.145 seconds
[2024-08-05T08:35:08.725+0000] {processor.py:154} INFO - Started process (PID=11685) to work on /home/airflow/.local/lib/python3.7/site-packages/airflow/example_dags/example_xcomargs.py
[2024-08-05T08:35:08.727+0000] {processor.py:756} INFO - Processing file /home/airflow/.local/lib/python3.7/site-packages/airflow/example_dags/example_xcomargs.py for tasks to queue
[2024-08-05T08:35:08.727+0000] {logging_mixin.py:120} INFO - [2024-08-05T08:35:08.727+0000] {dagbag.py:537} INFO - Filling up the DagBag from /home/airflow/.local/lib/python3.7/site-packages/airflow/example_dags/example_xcomargs.py
[2024-08-05T08:35:08.747+0000] {processor.py:766} INFO - DAG(s) dict_keys(['example_xcom_args_with_operators', 'example_xcom_args']) retrieved from /home/airflow/.local/lib/python3.7/site-packages/airflow/example_dags/example_xcomargs.py
[2024-08-05T08:35:08.784+0000] {logging_mixin.py:120} INFO - [2024-08-05T08:35:08.784+0000] {dag.py:2585} INFO - Sync 2 DAGs
[2024-08-05T08:35:08.803+0000] {logging_mixin.py:120} INFO - [2024-08-05T08:35:08.803+0000] {dag.py:3340} INFO - Setting next_dagrun for example_xcom_args to None, run_after=None
[2024-08-05T08:35:08.806+0000] {logging_mixin.py:120} INFO - [2024-08-05T08:35:08.806+0000] {dag.py:3340} INFO - Setting next_dagrun for example_xcom_args_with_operators to None, run_after=None
[2024-08-05T08:35:08.822+0000] {processor.py:176} INFO - Processing /home/airflow/.local/lib/python3.7/site-packages/airflow/example_dags/example_xcomargs.py took 0.098 seconds
[2024-08-05T08:35:39.545+0000] {processor.py:154} INFO - Started process (PID=11752) to work on /home/airflow/.local/lib/python3.7/site-packages/airflow/example_dags/example_xcomargs.py
[2024-08-05T08:35:39.546+0000] {processor.py:756} INFO - Processing file /home/airflow/.local/lib/python3.7/site-packages/airflow/example_dags/example_xcomargs.py for tasks to queue
[2024-08-05T08:35:39.547+0000] {logging_mixin.py:120} INFO - [2024-08-05T08:35:39.547+0000] {dagbag.py:537} INFO - Filling up the DagBag from /home/airflow/.local/lib/python3.7/site-packages/airflow/example_dags/example_xcomargs.py
[2024-08-05T08:35:39.567+0000] {processor.py:766} INFO - DAG(s) dict_keys(['example_xcom_args_with_operators', 'example_xcom_args']) retrieved from /home/airflow/.local/lib/python3.7/site-packages/airflow/example_dags/example_xcomargs.py
[2024-08-05T08:35:39.606+0000] {logging_mixin.py:120} INFO - [2024-08-05T08:35:39.606+0000] {dag.py:2585} INFO - Sync 2 DAGs
[2024-08-05T08:35:39.627+0000] {logging_mixin.py:120} INFO - [2024-08-05T08:35:39.627+0000] {dag.py:3340} INFO - Setting next_dagrun for example_xcom_args to None, run_after=None
[2024-08-05T08:35:39.631+0000] {logging_mixin.py:120} INFO - [2024-08-05T08:35:39.630+0000] {dag.py:3340} INFO - Setting next_dagrun for example_xcom_args_with_operators to None, run_after=None
[2024-08-05T08:35:39.648+0000] {processor.py:176} INFO - Processing /home/airflow/.local/lib/python3.7/site-packages/airflow/example_dags/example_xcomargs.py took 0.106 seconds
[2024-08-05T08:36:12.101+0000] {processor.py:154} INFO - Started process (PID=11820) to work on /home/airflow/.local/lib/python3.7/site-packages/airflow/example_dags/example_xcomargs.py
[2024-08-05T08:36:12.103+0000] {processor.py:756} INFO - Processing file /home/airflow/.local/lib/python3.7/site-packages/airflow/example_dags/example_xcomargs.py for tasks to queue
[2024-08-05T08:36:12.105+0000] {logging_mixin.py:120} INFO - [2024-08-05T08:36:12.104+0000] {dagbag.py:537} INFO - Filling up the DagBag from /home/airflow/.local/lib/python3.7/site-packages/airflow/example_dags/example_xcomargs.py
[2024-08-05T08:36:12.141+0000] {processor.py:766} INFO - DAG(s) dict_keys(['example_xcom_args_with_operators', 'example_xcom_args']) retrieved from /home/airflow/.local/lib/python3.7/site-packages/airflow/example_dags/example_xcomargs.py
[2024-08-05T08:36:12.223+0000] {logging_mixin.py:120} INFO - [2024-08-05T08:36:12.222+0000] {dag.py:2585} INFO - Sync 2 DAGs
[2024-08-05T08:36:12.255+0000] {logging_mixin.py:120} INFO - [2024-08-05T08:36:12.255+0000] {dag.py:3340} INFO - Setting next_dagrun for example_xcom_args to None, run_after=None
[2024-08-05T08:36:12.260+0000] {logging_mixin.py:120} INFO - [2024-08-05T08:36:12.260+0000] {dag.py:3340} INFO - Setting next_dagrun for example_xcom_args_with_operators to None, run_after=None
[2024-08-05T08:36:12.287+0000] {processor.py:176} INFO - Processing /home/airflow/.local/lib/python3.7/site-packages/airflow/example_dags/example_xcomargs.py took 0.191 seconds
[2024-08-05T08:36:42.374+0000] {processor.py:154} INFO - Started process (PID=11887) to work on /home/airflow/.local/lib/python3.7/site-packages/airflow/example_dags/example_xcomargs.py
[2024-08-05T08:36:42.375+0000] {processor.py:756} INFO - Processing file /home/airflow/.local/lib/python3.7/site-packages/airflow/example_dags/example_xcomargs.py for tasks to queue
[2024-08-05T08:36:42.376+0000] {logging_mixin.py:120} INFO - [2024-08-05T08:36:42.375+0000] {dagbag.py:537} INFO - Filling up the DagBag from /home/airflow/.local/lib/python3.7/site-packages/airflow/example_dags/example_xcomargs.py
[2024-08-05T08:36:42.394+0000] {processor.py:766} INFO - DAG(s) dict_keys(['example_xcom_args', 'example_xcom_args_with_operators']) retrieved from /home/airflow/.local/lib/python3.7/site-packages/airflow/example_dags/example_xcomargs.py
[2024-08-05T08:36:42.432+0000] {logging_mixin.py:120} INFO - [2024-08-05T08:36:42.432+0000] {dag.py:2585} INFO - Sync 2 DAGs
[2024-08-05T08:36:42.453+0000] {logging_mixin.py:120} INFO - [2024-08-05T08:36:42.453+0000] {dag.py:3340} INFO - Setting next_dagrun for example_xcom_args to None, run_after=None
[2024-08-05T08:36:42.458+0000] {logging_mixin.py:120} INFO - [2024-08-05T08:36:42.458+0000] {dag.py:3340} INFO - Setting next_dagrun for example_xcom_args_with_operators to None, run_after=None
[2024-08-05T08:36:42.478+0000] {processor.py:176} INFO - Processing /home/airflow/.local/lib/python3.7/site-packages/airflow/example_dags/example_xcomargs.py took 0.107 seconds
[2024-08-05T08:37:12.734+0000] {processor.py:154} INFO - Started process (PID=11945) to work on /home/airflow/.local/lib/python3.7/site-packages/airflow/example_dags/example_xcomargs.py
[2024-08-05T08:37:12.735+0000] {processor.py:756} INFO - Processing file /home/airflow/.local/lib/python3.7/site-packages/airflow/example_dags/example_xcomargs.py for tasks to queue
[2024-08-05T08:37:12.736+0000] {logging_mixin.py:120} INFO - [2024-08-05T08:37:12.736+0000] {dagbag.py:537} INFO - Filling up the DagBag from /home/airflow/.local/lib/python3.7/site-packages/airflow/example_dags/example_xcomargs.py
[2024-08-05T08:37:12.762+0000] {processor.py:766} INFO - DAG(s) dict_keys(['example_xcom_args', 'example_xcom_args_with_operators']) retrieved from /home/airflow/.local/lib/python3.7/site-packages/airflow/example_dags/example_xcomargs.py
[2024-08-05T08:37:12.804+0000] {logging_mixin.py:120} INFO - [2024-08-05T08:37:12.804+0000] {dag.py:2585} INFO - Sync 2 DAGs
[2024-08-05T08:37:12.828+0000] {logging_mixin.py:120} INFO - [2024-08-05T08:37:12.828+0000] {dag.py:3340} INFO - Setting next_dagrun for example_xcom_args to None, run_after=None
[2024-08-05T08:37:12.832+0000] {logging_mixin.py:120} INFO - [2024-08-05T08:37:12.831+0000] {dag.py:3340} INFO - Setting next_dagrun for example_xcom_args_with_operators to None, run_after=None
[2024-08-05T08:37:12.853+0000] {processor.py:176} INFO - Processing /home/airflow/.local/lib/python3.7/site-packages/airflow/example_dags/example_xcomargs.py took 0.122 seconds
[2024-08-05T08:37:43.305+0000] {processor.py:154} INFO - Started process (PID=12011) to work on /home/airflow/.local/lib/python3.7/site-packages/airflow/example_dags/example_xcomargs.py
[2024-08-05T08:37:43.306+0000] {processor.py:756} INFO - Processing file /home/airflow/.local/lib/python3.7/site-packages/airflow/example_dags/example_xcomargs.py for tasks to queue
[2024-08-05T08:37:43.308+0000] {logging_mixin.py:120} INFO - [2024-08-05T08:37:43.307+0000] {dagbag.py:537} INFO - Filling up the DagBag from /home/airflow/.local/lib/python3.7/site-packages/airflow/example_dags/example_xcomargs.py
[2024-08-05T08:37:43.332+0000] {processor.py:766} INFO - DAG(s) dict_keys(['example_xcom_args', 'example_xcom_args_with_operators']) retrieved from /home/airflow/.local/lib/python3.7/site-packages/airflow/example_dags/example_xcomargs.py
[2024-08-05T08:37:43.368+0000] {logging_mixin.py:120} INFO - [2024-08-05T08:37:43.368+0000] {dag.py:2585} INFO - Sync 2 DAGs
[2024-08-05T08:37:43.392+0000] {logging_mixin.py:120} INFO - [2024-08-05T08:37:43.392+0000] {dag.py:3340} INFO - Setting next_dagrun for example_xcom_args to None, run_after=None
[2024-08-05T08:37:43.396+0000] {logging_mixin.py:120} INFO - [2024-08-05T08:37:43.396+0000] {dag.py:3340} INFO - Setting next_dagrun for example_xcom_args_with_operators to None, run_after=None
[2024-08-05T08:37:43.415+0000] {processor.py:176} INFO - Processing /home/airflow/.local/lib/python3.7/site-packages/airflow/example_dags/example_xcomargs.py took 0.113 seconds
[2024-08-05T08:38:14.398+0000] {processor.py:154} INFO - Started process (PID=12078) to work on /home/airflow/.local/lib/python3.7/site-packages/airflow/example_dags/example_xcomargs.py
[2024-08-05T08:38:14.399+0000] {processor.py:756} INFO - Processing file /home/airflow/.local/lib/python3.7/site-packages/airflow/example_dags/example_xcomargs.py for tasks to queue
[2024-08-05T08:38:14.400+0000] {logging_mixin.py:120} INFO - [2024-08-05T08:38:14.400+0000] {dagbag.py:537} INFO - Filling up the DagBag from /home/airflow/.local/lib/python3.7/site-packages/airflow/example_dags/example_xcomargs.py
[2024-08-05T08:38:14.417+0000] {processor.py:766} INFO - DAG(s) dict_keys(['example_xcom_args', 'example_xcom_args_with_operators']) retrieved from /home/airflow/.local/lib/python3.7/site-packages/airflow/example_dags/example_xcomargs.py
[2024-08-05T08:38:14.456+0000] {logging_mixin.py:120} INFO - [2024-08-05T08:38:14.456+0000] {dag.py:2585} INFO - Sync 2 DAGs
[2024-08-05T08:38:14.479+0000] {logging_mixin.py:120} INFO - [2024-08-05T08:38:14.478+0000] {dag.py:3340} INFO - Setting next_dagrun for example_xcom_args to None, run_after=None
[2024-08-05T08:38:14.484+0000] {logging_mixin.py:120} INFO - [2024-08-05T08:38:14.484+0000] {dag.py:3340} INFO - Setting next_dagrun for example_xcom_args_with_operators to None, run_after=None
[2024-08-05T08:38:14.500+0000] {processor.py:176} INFO - Processing /home/airflow/.local/lib/python3.7/site-packages/airflow/example_dags/example_xcomargs.py took 0.105 seconds
[2024-08-05T08:38:46.117+0000] {processor.py:154} INFO - Started process (PID=12145) to work on /home/airflow/.local/lib/python3.7/site-packages/airflow/example_dags/example_xcomargs.py
[2024-08-05T08:38:46.119+0000] {processor.py:756} INFO - Processing file /home/airflow/.local/lib/python3.7/site-packages/airflow/example_dags/example_xcomargs.py for tasks to queue
[2024-08-05T08:38:46.200+0000] {logging_mixin.py:120} INFO - [2024-08-05T08:38:46.200+0000] {dagbag.py:537} INFO - Filling up the DagBag from /home/airflow/.local/lib/python3.7/site-packages/airflow/example_dags/example_xcomargs.py
[2024-08-05T08:38:46.241+0000] {processor.py:766} INFO - DAG(s) dict_keys(['example_xcom_args_with_operators', 'example_xcom_args']) retrieved from /home/airflow/.local/lib/python3.7/site-packages/airflow/example_dags/example_xcomargs.py
[2024-08-05T08:38:46.304+0000] {logging_mixin.py:120} INFO - [2024-08-05T08:38:46.304+0000] {dag.py:2585} INFO - Sync 2 DAGs
[2024-08-05T08:38:46.367+0000] {logging_mixin.py:120} INFO - [2024-08-05T08:38:46.366+0000] {dag.py:3340} INFO - Setting next_dagrun for example_xcom_args to None, run_after=None
[2024-08-05T08:38:46.459+0000] {logging_mixin.py:120} INFO - [2024-08-05T08:38:46.459+0000] {dag.py:3340} INFO - Setting next_dagrun for example_xcom_args_with_operators to None, run_after=None
[2024-08-05T08:38:46.495+0000] {processor.py:176} INFO - Processing /home/airflow/.local/lib/python3.7/site-packages/airflow/example_dags/example_xcomargs.py took 0.383 seconds
[2024-08-05T08:39:16.724+0000] {processor.py:154} INFO - Started process (PID=12212) to work on /home/airflow/.local/lib/python3.7/site-packages/airflow/example_dags/example_xcomargs.py
[2024-08-05T08:39:16.725+0000] {processor.py:756} INFO - Processing file /home/airflow/.local/lib/python3.7/site-packages/airflow/example_dags/example_xcomargs.py for tasks to queue
[2024-08-05T08:39:16.726+0000] {logging_mixin.py:120} INFO - [2024-08-05T08:39:16.726+0000] {dagbag.py:537} INFO - Filling up the DagBag from /home/airflow/.local/lib/python3.7/site-packages/airflow/example_dags/example_xcomargs.py
[2024-08-05T08:39:16.746+0000] {processor.py:766} INFO - DAG(s) dict_keys(['example_xcom_args_with_operators', 'example_xcom_args']) retrieved from /home/airflow/.local/lib/python3.7/site-packages/airflow/example_dags/example_xcomargs.py
[2024-08-05T08:39:16.786+0000] {logging_mixin.py:120} INFO - [2024-08-05T08:39:16.786+0000] {dag.py:2585} INFO - Sync 2 DAGs
[2024-08-05T08:39:16.806+0000] {logging_mixin.py:120} INFO - [2024-08-05T08:39:16.806+0000] {dag.py:3340} INFO - Setting next_dagrun for example_xcom_args to None, run_after=None
[2024-08-05T08:39:16.811+0000] {logging_mixin.py:120} INFO - [2024-08-05T08:39:16.811+0000] {dag.py:3340} INFO - Setting next_dagrun for example_xcom_args_with_operators to None, run_after=None
[2024-08-05T08:39:16.828+0000] {processor.py:176} INFO - Processing /home/airflow/.local/lib/python3.7/site-packages/airflow/example_dags/example_xcomargs.py took 0.106 seconds
[2024-08-05T08:39:47.952+0000] {processor.py:154} INFO - Started process (PID=12270) to work on /home/airflow/.local/lib/python3.7/site-packages/airflow/example_dags/example_xcomargs.py
[2024-08-05T08:39:47.953+0000] {processor.py:756} INFO - Processing file /home/airflow/.local/lib/python3.7/site-packages/airflow/example_dags/example_xcomargs.py for tasks to queue
[2024-08-05T08:39:47.953+0000] {logging_mixin.py:120} INFO - [2024-08-05T08:39:47.953+0000] {dagbag.py:537} INFO - Filling up the DagBag from /home/airflow/.local/lib/python3.7/site-packages/airflow/example_dags/example_xcomargs.py
[2024-08-05T08:39:47.985+0000] {processor.py:766} INFO - DAG(s) dict_keys(['example_xcom_args_with_operators', 'example_xcom_args']) retrieved from /home/airflow/.local/lib/python3.7/site-packages/airflow/example_dags/example_xcomargs.py
[2024-08-05T08:39:48.025+0000] {logging_mixin.py:120} INFO - [2024-08-05T08:39:48.025+0000] {dag.py:2585} INFO - Sync 2 DAGs
[2024-08-05T08:39:48.042+0000] {logging_mixin.py:120} INFO - [2024-08-05T08:39:48.042+0000] {dag.py:3340} INFO - Setting next_dagrun for example_xcom_args to None, run_after=None
[2024-08-05T08:39:48.045+0000] {logging_mixin.py:120} INFO - [2024-08-05T08:39:48.044+0000] {dag.py:3340} INFO - Setting next_dagrun for example_xcom_args_with_operators to None, run_after=None
[2024-08-05T08:39:48.059+0000] {processor.py:176} INFO - Processing /home/airflow/.local/lib/python3.7/site-packages/airflow/example_dags/example_xcomargs.py took 0.110 seconds
[2024-08-05T08:40:18.999+0000] {processor.py:154} INFO - Started process (PID=12337) to work on /home/airflow/.local/lib/python3.7/site-packages/airflow/example_dags/example_xcomargs.py
[2024-08-05T08:40:19.001+0000] {processor.py:756} INFO - Processing file /home/airflow/.local/lib/python3.7/site-packages/airflow/example_dags/example_xcomargs.py for tasks to queue
[2024-08-05T08:40:19.001+0000] {logging_mixin.py:120} INFO - [2024-08-05T08:40:19.001+0000] {dagbag.py:537} INFO - Filling up the DagBag from /home/airflow/.local/lib/python3.7/site-packages/airflow/example_dags/example_xcomargs.py
[2024-08-05T08:40:19.018+0000] {processor.py:766} INFO - DAG(s) dict_keys(['example_xcom_args_with_operators', 'example_xcom_args']) retrieved from /home/airflow/.local/lib/python3.7/site-packages/airflow/example_dags/example_xcomargs.py
[2024-08-05T08:40:19.057+0000] {logging_mixin.py:120} INFO - [2024-08-05T08:40:19.057+0000] {dag.py:2585} INFO - Sync 2 DAGs
[2024-08-05T08:40:19.075+0000] {logging_mixin.py:120} INFO - [2024-08-05T08:40:19.075+0000] {dag.py:3340} INFO - Setting next_dagrun for example_xcom_args to None, run_after=None
[2024-08-05T08:40:19.078+0000] {logging_mixin.py:120} INFO - [2024-08-05T08:40:19.078+0000] {dag.py:3340} INFO - Setting next_dagrun for example_xcom_args_with_operators to None, run_after=None
[2024-08-05T08:40:19.098+0000] {processor.py:176} INFO - Processing /home/airflow/.local/lib/python3.7/site-packages/airflow/example_dags/example_xcomargs.py took 0.102 seconds
[2024-08-05T08:40:49.742+0000] {processor.py:154} INFO - Started process (PID=12404) to work on /home/airflow/.local/lib/python3.7/site-packages/airflow/example_dags/example_xcomargs.py
[2024-08-05T08:40:49.744+0000] {processor.py:756} INFO - Processing file /home/airflow/.local/lib/python3.7/site-packages/airflow/example_dags/example_xcomargs.py for tasks to queue
[2024-08-05T08:40:49.745+0000] {logging_mixin.py:120} INFO - [2024-08-05T08:40:49.745+0000] {dagbag.py:537} INFO - Filling up the DagBag from /home/airflow/.local/lib/python3.7/site-packages/airflow/example_dags/example_xcomargs.py
[2024-08-05T08:40:49.773+0000] {processor.py:766} INFO - DAG(s) dict_keys(['example_xcom_args_with_operators', 'example_xcom_args']) retrieved from /home/airflow/.local/lib/python3.7/site-packages/airflow/example_dags/example_xcomargs.py
[2024-08-05T08:40:49.811+0000] {logging_mixin.py:120} INFO - [2024-08-05T08:40:49.811+0000] {dag.py:2585} INFO - Sync 2 DAGs
[2024-08-05T08:40:49.832+0000] {logging_mixin.py:120} INFO - [2024-08-05T08:40:49.832+0000] {dag.py:3340} INFO - Setting next_dagrun for example_xcom_args to None, run_after=None
[2024-08-05T08:40:49.836+0000] {logging_mixin.py:120} INFO - [2024-08-05T08:40:49.836+0000] {dag.py:3340} INFO - Setting next_dagrun for example_xcom_args_with_operators to None, run_after=None
[2024-08-05T08:40:49.858+0000] {processor.py:176} INFO - Processing /home/airflow/.local/lib/python3.7/site-packages/airflow/example_dags/example_xcomargs.py took 0.120 seconds
[2024-08-05T08:41:20.884+0000] {processor.py:154} INFO - Started process (PID=12471) to work on /home/airflow/.local/lib/python3.7/site-packages/airflow/example_dags/example_xcomargs.py
[2024-08-05T08:41:20.885+0000] {processor.py:756} INFO - Processing file /home/airflow/.local/lib/python3.7/site-packages/airflow/example_dags/example_xcomargs.py for tasks to queue
[2024-08-05T08:41:20.886+0000] {logging_mixin.py:120} INFO - [2024-08-05T08:41:20.886+0000] {dagbag.py:537} INFO - Filling up the DagBag from /home/airflow/.local/lib/python3.7/site-packages/airflow/example_dags/example_xcomargs.py
[2024-08-05T08:41:20.904+0000] {processor.py:766} INFO - DAG(s) dict_keys(['example_xcom_args_with_operators', 'example_xcom_args']) retrieved from /home/airflow/.local/lib/python3.7/site-packages/airflow/example_dags/example_xcomargs.py
[2024-08-05T08:41:20.941+0000] {logging_mixin.py:120} INFO - [2024-08-05T08:41:20.941+0000] {dag.py:2585} INFO - Sync 2 DAGs
[2024-08-05T08:41:20.964+0000] {logging_mixin.py:120} INFO - [2024-08-05T08:41:20.964+0000] {dag.py:3340} INFO - Setting next_dagrun for example_xcom_args to None, run_after=None
[2024-08-05T08:41:20.968+0000] {logging_mixin.py:120} INFO - [2024-08-05T08:41:20.967+0000] {dag.py:3340} INFO - Setting next_dagrun for example_xcom_args_with_operators to None, run_after=None
[2024-08-05T08:41:20.991+0000] {processor.py:176} INFO - Processing /home/airflow/.local/lib/python3.7/site-packages/airflow/example_dags/example_xcomargs.py took 0.110 seconds
[2024-08-05T08:41:51.516+0000] {processor.py:154} INFO - Started process (PID=12536) to work on /home/airflow/.local/lib/python3.7/site-packages/airflow/example_dags/example_xcomargs.py
[2024-08-05T08:41:51.518+0000] {processor.py:756} INFO - Processing file /home/airflow/.local/lib/python3.7/site-packages/airflow/example_dags/example_xcomargs.py for tasks to queue
[2024-08-05T08:41:51.519+0000] {logging_mixin.py:120} INFO - [2024-08-05T08:41:51.518+0000] {dagbag.py:537} INFO - Filling up the DagBag from /home/airflow/.local/lib/python3.7/site-packages/airflow/example_dags/example_xcomargs.py
[2024-08-05T08:41:51.535+0000] {processor.py:766} INFO - DAG(s) dict_keys(['example_xcom_args', 'example_xcom_args_with_operators']) retrieved from /home/airflow/.local/lib/python3.7/site-packages/airflow/example_dags/example_xcomargs.py
[2024-08-05T08:41:51.574+0000] {logging_mixin.py:120} INFO - [2024-08-05T08:41:51.574+0000] {dag.py:2585} INFO - Sync 2 DAGs
[2024-08-05T08:41:51.602+0000] {logging_mixin.py:120} INFO - [2024-08-05T08:41:51.601+0000] {dag.py:3340} INFO - Setting next_dagrun for example_xcom_args to None, run_after=None
[2024-08-05T08:41:51.606+0000] {logging_mixin.py:120} INFO - [2024-08-05T08:41:51.606+0000] {dag.py:3340} INFO - Setting next_dagrun for example_xcom_args_with_operators to None, run_after=None
[2024-08-05T08:41:51.627+0000] {processor.py:176} INFO - Processing /home/airflow/.local/lib/python3.7/site-packages/airflow/example_dags/example_xcomargs.py took 0.112 seconds
[2024-08-05T08:42:22.454+0000] {processor.py:154} INFO - Started process (PID=12596) to work on /home/airflow/.local/lib/python3.7/site-packages/airflow/example_dags/example_xcomargs.py
[2024-08-05T08:42:22.456+0000] {processor.py:756} INFO - Processing file /home/airflow/.local/lib/python3.7/site-packages/airflow/example_dags/example_xcomargs.py for tasks to queue
[2024-08-05T08:42:22.457+0000] {logging_mixin.py:120} INFO - [2024-08-05T08:42:22.457+0000] {dagbag.py:537} INFO - Filling up the DagBag from /home/airflow/.local/lib/python3.7/site-packages/airflow/example_dags/example_xcomargs.py
[2024-08-05T08:42:22.477+0000] {processor.py:766} INFO - DAG(s) dict_keys(['example_xcom_args', 'example_xcom_args_with_operators']) retrieved from /home/airflow/.local/lib/python3.7/site-packages/airflow/example_dags/example_xcomargs.py
[2024-08-05T08:42:22.517+0000] {logging_mixin.py:120} INFO - [2024-08-05T08:42:22.517+0000] {dag.py:2585} INFO - Sync 2 DAGs
[2024-08-05T08:42:22.547+0000] {logging_mixin.py:120} INFO - [2024-08-05T08:42:22.546+0000] {dag.py:3340} INFO - Setting next_dagrun for example_xcom_args to None, run_after=None
[2024-08-05T08:42:22.552+0000] {logging_mixin.py:120} INFO - [2024-08-05T08:42:22.552+0000] {dag.py:3340} INFO - Setting next_dagrun for example_xcom_args_with_operators to None, run_after=None
[2024-08-05T08:42:22.576+0000] {processor.py:176} INFO - Processing /home/airflow/.local/lib/python3.7/site-packages/airflow/example_dags/example_xcomargs.py took 0.124 seconds
[2024-08-05T08:42:53.207+0000] {processor.py:154} INFO - Started process (PID=12664) to work on /home/airflow/.local/lib/python3.7/site-packages/airflow/example_dags/example_xcomargs.py
[2024-08-05T08:42:53.208+0000] {processor.py:756} INFO - Processing file /home/airflow/.local/lib/python3.7/site-packages/airflow/example_dags/example_xcomargs.py for tasks to queue
[2024-08-05T08:42:53.209+0000] {logging_mixin.py:120} INFO - [2024-08-05T08:42:53.209+0000] {dagbag.py:537} INFO - Filling up the DagBag from /home/airflow/.local/lib/python3.7/site-packages/airflow/example_dags/example_xcomargs.py
[2024-08-05T08:42:53.227+0000] {processor.py:766} INFO - DAG(s) dict_keys(['example_xcom_args_with_operators', 'example_xcom_args']) retrieved from /home/airflow/.local/lib/python3.7/site-packages/airflow/example_dags/example_xcomargs.py
[2024-08-05T08:42:53.264+0000] {logging_mixin.py:120} INFO - [2024-08-05T08:42:53.264+0000] {dag.py:2585} INFO - Sync 2 DAGs
[2024-08-05T08:42:53.283+0000] {logging_mixin.py:120} INFO - [2024-08-05T08:42:53.283+0000] {dag.py:3340} INFO - Setting next_dagrun for example_xcom_args to None, run_after=None
[2024-08-05T08:42:53.286+0000] {logging_mixin.py:120} INFO - [2024-08-05T08:42:53.286+0000] {dag.py:3340} INFO - Setting next_dagrun for example_xcom_args_with_operators to None, run_after=None
[2024-08-05T08:42:53.306+0000] {processor.py:176} INFO - Processing /home/airflow/.local/lib/python3.7/site-packages/airflow/example_dags/example_xcomargs.py took 0.103 seconds
[2024-08-05T08:43:24.116+0000] {processor.py:154} INFO - Started process (PID=12730) to work on /home/airflow/.local/lib/python3.7/site-packages/airflow/example_dags/example_xcomargs.py
[2024-08-05T08:43:24.117+0000] {processor.py:756} INFO - Processing file /home/airflow/.local/lib/python3.7/site-packages/airflow/example_dags/example_xcomargs.py for tasks to queue
[2024-08-05T08:43:24.118+0000] {logging_mixin.py:120} INFO - [2024-08-05T08:43:24.118+0000] {dagbag.py:537} INFO - Filling up the DagBag from /home/airflow/.local/lib/python3.7/site-packages/airflow/example_dags/example_xcomargs.py
[2024-08-05T08:43:24.143+0000] {processor.py:766} INFO - DAG(s) dict_keys(['example_xcom_args', 'example_xcom_args_with_operators']) retrieved from /home/airflow/.local/lib/python3.7/site-packages/airflow/example_dags/example_xcomargs.py
[2024-08-05T08:43:24.181+0000] {logging_mixin.py:120} INFO - [2024-08-05T08:43:24.181+0000] {dag.py:2585} INFO - Sync 2 DAGs
[2024-08-05T08:43:24.205+0000] {logging_mixin.py:120} INFO - [2024-08-05T08:43:24.204+0000] {dag.py:3340} INFO - Setting next_dagrun for example_xcom_args to None, run_after=None
[2024-08-05T08:43:24.210+0000] {logging_mixin.py:120} INFO - [2024-08-05T08:43:24.209+0000] {dag.py:3340} INFO - Setting next_dagrun for example_xcom_args_with_operators to None, run_after=None
[2024-08-05T08:43:24.233+0000] {processor.py:176} INFO - Processing /home/airflow/.local/lib/python3.7/site-packages/airflow/example_dags/example_xcomargs.py took 0.119 seconds
[2024-08-05T08:43:54.818+0000] {processor.py:154} INFO - Started process (PID=12788) to work on /home/airflow/.local/lib/python3.7/site-packages/airflow/example_dags/example_xcomargs.py
[2024-08-05T08:43:54.819+0000] {processor.py:756} INFO - Processing file /home/airflow/.local/lib/python3.7/site-packages/airflow/example_dags/example_xcomargs.py for tasks to queue
[2024-08-05T08:43:54.820+0000] {logging_mixin.py:120} INFO - [2024-08-05T08:43:54.820+0000] {dagbag.py:537} INFO - Filling up the DagBag from /home/airflow/.local/lib/python3.7/site-packages/airflow/example_dags/example_xcomargs.py
[2024-08-05T08:43:54.837+0000] {processor.py:766} INFO - DAG(s) dict_keys(['example_xcom_args_with_operators', 'example_xcom_args']) retrieved from /home/airflow/.local/lib/python3.7/site-packages/airflow/example_dags/example_xcomargs.py
[2024-08-05T08:43:54.879+0000] {logging_mixin.py:120} INFO - [2024-08-05T08:43:54.879+0000] {dag.py:2585} INFO - Sync 2 DAGs
[2024-08-05T08:43:54.902+0000] {logging_mixin.py:120} INFO - [2024-08-05T08:43:54.902+0000] {dag.py:3340} INFO - Setting next_dagrun for example_xcom_args to None, run_after=None
[2024-08-05T08:43:54.907+0000] {logging_mixin.py:120} INFO - [2024-08-05T08:43:54.906+0000] {dag.py:3340} INFO - Setting next_dagrun for example_xcom_args_with_operators to None, run_after=None
[2024-08-05T08:43:54.930+0000] {processor.py:176} INFO - Processing /home/airflow/.local/lib/python3.7/site-packages/airflow/example_dags/example_xcomargs.py took 0.115 seconds
[2024-08-05T08:44:25.605+0000] {processor.py:154} INFO - Started process (PID=12855) to work on /home/airflow/.local/lib/python3.7/site-packages/airflow/example_dags/example_xcomargs.py
[2024-08-05T08:44:25.606+0000] {processor.py:756} INFO - Processing file /home/airflow/.local/lib/python3.7/site-packages/airflow/example_dags/example_xcomargs.py for tasks to queue
[2024-08-05T08:44:25.607+0000] {logging_mixin.py:120} INFO - [2024-08-05T08:44:25.607+0000] {dagbag.py:537} INFO - Filling up the DagBag from /home/airflow/.local/lib/python3.7/site-packages/airflow/example_dags/example_xcomargs.py
[2024-08-05T08:44:25.629+0000] {processor.py:766} INFO - DAG(s) dict_keys(['example_xcom_args', 'example_xcom_args_with_operators']) retrieved from /home/airflow/.local/lib/python3.7/site-packages/airflow/example_dags/example_xcomargs.py
[2024-08-05T08:44:25.672+0000] {logging_mixin.py:120} INFO - [2024-08-05T08:44:25.672+0000] {dag.py:2585} INFO - Sync 2 DAGs
[2024-08-05T08:44:25.700+0000] {logging_mixin.py:120} INFO - [2024-08-05T08:44:25.700+0000] {dag.py:3340} INFO - Setting next_dagrun for example_xcom_args to None, run_after=None
[2024-08-05T08:44:25.708+0000] {logging_mixin.py:120} INFO - [2024-08-05T08:44:25.708+0000] {dag.py:3340} INFO - Setting next_dagrun for example_xcom_args_with_operators to None, run_after=None
[2024-08-05T08:44:25.732+0000] {processor.py:176} INFO - Processing /home/airflow/.local/lib/python3.7/site-packages/airflow/example_dags/example_xcomargs.py took 0.131 seconds
[2024-08-05T08:44:56.047+0000] {processor.py:154} INFO - Started process (PID=12922) to work on /home/airflow/.local/lib/python3.7/site-packages/airflow/example_dags/example_xcomargs.py
[2024-08-05T08:44:56.048+0000] {processor.py:756} INFO - Processing file /home/airflow/.local/lib/python3.7/site-packages/airflow/example_dags/example_xcomargs.py for tasks to queue
[2024-08-05T08:44:56.049+0000] {logging_mixin.py:120} INFO - [2024-08-05T08:44:56.049+0000] {dagbag.py:537} INFO - Filling up the DagBag from /home/airflow/.local/lib/python3.7/site-packages/airflow/example_dags/example_xcomargs.py
[2024-08-05T08:44:56.072+0000] {processor.py:766} INFO - DAG(s) dict_keys(['example_xcom_args_with_operators', 'example_xcom_args']) retrieved from /home/airflow/.local/lib/python3.7/site-packages/airflow/example_dags/example_xcomargs.py
[2024-08-05T08:44:56.104+0000] {logging_mixin.py:120} INFO - [2024-08-05T08:44:56.104+0000] {dag.py:2585} INFO - Sync 2 DAGs
[2024-08-05T08:44:56.121+0000] {logging_mixin.py:120} INFO - [2024-08-05T08:44:56.121+0000] {dag.py:3340} INFO - Setting next_dagrun for example_xcom_args to None, run_after=None
[2024-08-05T08:44:56.124+0000] {logging_mixin.py:120} INFO - [2024-08-05T08:44:56.124+0000] {dag.py:3340} INFO - Setting next_dagrun for example_xcom_args_with_operators to None, run_after=None
[2024-08-05T08:44:56.138+0000] {processor.py:176} INFO - Processing /home/airflow/.local/lib/python3.7/site-packages/airflow/example_dags/example_xcomargs.py took 0.095 seconds
[2024-08-05T08:45:27.059+0000] {processor.py:154} INFO - Started process (PID=12988) to work on /home/airflow/.local/lib/python3.7/site-packages/airflow/example_dags/example_xcomargs.py
[2024-08-05T08:45:27.060+0000] {processor.py:756} INFO - Processing file /home/airflow/.local/lib/python3.7/site-packages/airflow/example_dags/example_xcomargs.py for tasks to queue
[2024-08-05T08:45:27.061+0000] {logging_mixin.py:120} INFO - [2024-08-05T08:45:27.061+0000] {dagbag.py:537} INFO - Filling up the DagBag from /home/airflow/.local/lib/python3.7/site-packages/airflow/example_dags/example_xcomargs.py
[2024-08-05T08:45:27.081+0000] {processor.py:766} INFO - DAG(s) dict_keys(['example_xcom_args', 'example_xcom_args_with_operators']) retrieved from /home/airflow/.local/lib/python3.7/site-packages/airflow/example_dags/example_xcomargs.py
[2024-08-05T08:45:27.140+0000] {logging_mixin.py:120} INFO - [2024-08-05T08:45:27.139+0000] {dag.py:2585} INFO - Sync 2 DAGs
[2024-08-05T08:45:27.168+0000] {logging_mixin.py:120} INFO - [2024-08-05T08:45:27.168+0000] {dag.py:3340} INFO - Setting next_dagrun for example_xcom_args to None, run_after=None
[2024-08-05T08:45:27.173+0000] {logging_mixin.py:120} INFO - [2024-08-05T08:45:27.173+0000] {dag.py:3340} INFO - Setting next_dagrun for example_xcom_args_with_operators to None, run_after=None
[2024-08-05T08:45:27.197+0000] {processor.py:176} INFO - Processing /home/airflow/.local/lib/python3.7/site-packages/airflow/example_dags/example_xcomargs.py took 0.140 seconds
[2024-08-05T08:45:57.351+0000] {processor.py:154} INFO - Started process (PID=13055) to work on /home/airflow/.local/lib/python3.7/site-packages/airflow/example_dags/example_xcomargs.py
[2024-08-05T08:45:57.353+0000] {processor.py:756} INFO - Processing file /home/airflow/.local/lib/python3.7/site-packages/airflow/example_dags/example_xcomargs.py for tasks to queue
[2024-08-05T08:45:57.354+0000] {logging_mixin.py:120} INFO - [2024-08-05T08:45:57.354+0000] {dagbag.py:537} INFO - Filling up the DagBag from /home/airflow/.local/lib/python3.7/site-packages/airflow/example_dags/example_xcomargs.py
[2024-08-05T08:45:57.372+0000] {processor.py:766} INFO - DAG(s) dict_keys(['example_xcom_args', 'example_xcom_args_with_operators']) retrieved from /home/airflow/.local/lib/python3.7/site-packages/airflow/example_dags/example_xcomargs.py
[2024-08-05T08:45:57.408+0000] {logging_mixin.py:120} INFO - [2024-08-05T08:45:57.408+0000] {dag.py:2585} INFO - Sync 2 DAGs
[2024-08-05T08:45:57.428+0000] {logging_mixin.py:120} INFO - [2024-08-05T08:45:57.428+0000] {dag.py:3340} INFO - Setting next_dagrun for example_xcom_args to None, run_after=None
[2024-08-05T08:45:57.432+0000] {logging_mixin.py:120} INFO - [2024-08-05T08:45:57.432+0000] {dag.py:3340} INFO - Setting next_dagrun for example_xcom_args_with_operators to None, run_after=None
[2024-08-05T08:45:57.454+0000] {processor.py:176} INFO - Processing /home/airflow/.local/lib/python3.7/site-packages/airflow/example_dags/example_xcomargs.py took 0.106 seconds
[2024-08-05T08:46:28.053+0000] {processor.py:154} INFO - Started process (PID=13113) to work on /home/airflow/.local/lib/python3.7/site-packages/airflow/example_dags/example_xcomargs.py
[2024-08-05T08:46:28.054+0000] {processor.py:756} INFO - Processing file /home/airflow/.local/lib/python3.7/site-packages/airflow/example_dags/example_xcomargs.py for tasks to queue
[2024-08-05T08:46:28.055+0000] {logging_mixin.py:120} INFO - [2024-08-05T08:46:28.055+0000] {dagbag.py:537} INFO - Filling up the DagBag from /home/airflow/.local/lib/python3.7/site-packages/airflow/example_dags/example_xcomargs.py
[2024-08-05T08:46:28.072+0000] {processor.py:766} INFO - DAG(s) dict_keys(['example_xcom_args', 'example_xcom_args_with_operators']) retrieved from /home/airflow/.local/lib/python3.7/site-packages/airflow/example_dags/example_xcomargs.py
[2024-08-05T08:46:28.119+0000] {logging_mixin.py:120} INFO - [2024-08-05T08:46:28.119+0000] {dag.py:2585} INFO - Sync 2 DAGs
[2024-08-05T08:46:28.137+0000] {logging_mixin.py:120} INFO - [2024-08-05T08:46:28.137+0000] {dag.py:3340} INFO - Setting next_dagrun for example_xcom_args to None, run_after=None
[2024-08-05T08:46:28.139+0000] {logging_mixin.py:120} INFO - [2024-08-05T08:46:28.139+0000] {dag.py:3340} INFO - Setting next_dagrun for example_xcom_args_with_operators to None, run_after=None
[2024-08-05T08:46:28.153+0000] {processor.py:176} INFO - Processing /home/airflow/.local/lib/python3.7/site-packages/airflow/example_dags/example_xcomargs.py took 0.102 seconds
[2024-08-05T08:46:58.810+0000] {processor.py:154} INFO - Started process (PID=13180) to work on /home/airflow/.local/lib/python3.7/site-packages/airflow/example_dags/example_xcomargs.py
[2024-08-05T08:46:58.811+0000] {processor.py:756} INFO - Processing file /home/airflow/.local/lib/python3.7/site-packages/airflow/example_dags/example_xcomargs.py for tasks to queue
[2024-08-05T08:46:58.813+0000] {logging_mixin.py:120} INFO - [2024-08-05T08:46:58.813+0000] {dagbag.py:537} INFO - Filling up the DagBag from /home/airflow/.local/lib/python3.7/site-packages/airflow/example_dags/example_xcomargs.py
[2024-08-05T08:46:58.849+0000] {processor.py:766} INFO - DAG(s) dict_keys(['example_xcom_args_with_operators', 'example_xcom_args']) retrieved from /home/airflow/.local/lib/python3.7/site-packages/airflow/example_dags/example_xcomargs.py
[2024-08-05T08:46:58.950+0000] {logging_mixin.py:120} INFO - [2024-08-05T08:46:58.949+0000] {dag.py:2585} INFO - Sync 2 DAGs
[2024-08-05T08:46:58.982+0000] {logging_mixin.py:120} INFO - [2024-08-05T08:46:58.982+0000] {dag.py:3340} INFO - Setting next_dagrun for example_xcom_args to None, run_after=None
[2024-08-05T08:46:58.988+0000] {logging_mixin.py:120} INFO - [2024-08-05T08:46:58.988+0000] {dag.py:3340} INFO - Setting next_dagrun for example_xcom_args_with_operators to None, run_after=None
[2024-08-05T08:46:59.006+0000] {processor.py:176} INFO - Processing /home/airflow/.local/lib/python3.7/site-packages/airflow/example_dags/example_xcomargs.py took 0.200 seconds
[2024-08-05T08:47:29.884+0000] {processor.py:154} INFO - Started process (PID=13248) to work on /home/airflow/.local/lib/python3.7/site-packages/airflow/example_dags/example_xcomargs.py
[2024-08-05T08:47:29.885+0000] {processor.py:756} INFO - Processing file /home/airflow/.local/lib/python3.7/site-packages/airflow/example_dags/example_xcomargs.py for tasks to queue
[2024-08-05T08:47:29.887+0000] {logging_mixin.py:120} INFO - [2024-08-05T08:47:29.886+0000] {dagbag.py:537} INFO - Filling up the DagBag from /home/airflow/.local/lib/python3.7/site-packages/airflow/example_dags/example_xcomargs.py
[2024-08-05T08:47:29.903+0000] {processor.py:766} INFO - DAG(s) dict_keys(['example_xcom_args', 'example_xcom_args_with_operators']) retrieved from /home/airflow/.local/lib/python3.7/site-packages/airflow/example_dags/example_xcomargs.py
[2024-08-05T08:47:29.936+0000] {logging_mixin.py:120} INFO - [2024-08-05T08:47:29.936+0000] {dag.py:2585} INFO - Sync 2 DAGs
[2024-08-05T08:47:29.956+0000] {logging_mixin.py:120} INFO - [2024-08-05T08:47:29.956+0000] {dag.py:3340} INFO - Setting next_dagrun for example_xcom_args to None, run_after=None
[2024-08-05T08:47:29.960+0000] {logging_mixin.py:120} INFO - [2024-08-05T08:47:29.960+0000] {dag.py:3340} INFO - Setting next_dagrun for example_xcom_args_with_operators to None, run_after=None
[2024-08-05T08:47:29.980+0000] {processor.py:176} INFO - Processing /home/airflow/.local/lib/python3.7/site-packages/airflow/example_dags/example_xcomargs.py took 0.099 seconds
[2024-08-05T08:48:00.981+0000] {processor.py:154} INFO - Started process (PID=13316) to work on /home/airflow/.local/lib/python3.7/site-packages/airflow/example_dags/example_xcomargs.py
[2024-08-05T08:48:00.982+0000] {processor.py:756} INFO - Processing file /home/airflow/.local/lib/python3.7/site-packages/airflow/example_dags/example_xcomargs.py for tasks to queue
[2024-08-05T08:48:00.983+0000] {logging_mixin.py:120} INFO - [2024-08-05T08:48:00.983+0000] {dagbag.py:537} INFO - Filling up the DagBag from /home/airflow/.local/lib/python3.7/site-packages/airflow/example_dags/example_xcomargs.py
[2024-08-05T08:48:00.999+0000] {processor.py:766} INFO - DAG(s) dict_keys(['example_xcom_args', 'example_xcom_args_with_operators']) retrieved from /home/airflow/.local/lib/python3.7/site-packages/airflow/example_dags/example_xcomargs.py
[2024-08-05T08:48:01.028+0000] {logging_mixin.py:120} INFO - [2024-08-05T08:48:01.028+0000] {dag.py:2585} INFO - Sync 2 DAGs
[2024-08-05T08:48:01.045+0000] {logging_mixin.py:120} INFO - [2024-08-05T08:48:01.045+0000] {dag.py:3340} INFO - Setting next_dagrun for example_xcom_args to None, run_after=None
[2024-08-05T08:48:01.048+0000] {logging_mixin.py:120} INFO - [2024-08-05T08:48:01.047+0000] {dag.py:3340} INFO - Setting next_dagrun for example_xcom_args_with_operators to None, run_after=None
[2024-08-05T08:48:01.065+0000] {processor.py:176} INFO - Processing /home/airflow/.local/lib/python3.7/site-packages/airflow/example_dags/example_xcomargs.py took 0.085 seconds
[2024-08-05T08:48:32.623+0000] {processor.py:154} INFO - Started process (PID=13383) to work on /home/airflow/.local/lib/python3.7/site-packages/airflow/example_dags/example_xcomargs.py
[2024-08-05T08:48:32.661+0000] {processor.py:756} INFO - Processing file /home/airflow/.local/lib/python3.7/site-packages/airflow/example_dags/example_xcomargs.py for tasks to queue
[2024-08-05T08:48:32.677+0000] {logging_mixin.py:120} INFO - [2024-08-05T08:48:32.677+0000] {dagbag.py:537} INFO - Filling up the DagBag from /home/airflow/.local/lib/python3.7/site-packages/airflow/example_dags/example_xcomargs.py
[2024-08-05T08:48:32.696+0000] {processor.py:766} INFO - DAG(s) dict_keys(['example_xcom_args', 'example_xcom_args_with_operators']) retrieved from /home/airflow/.local/lib/python3.7/site-packages/airflow/example_dags/example_xcomargs.py
[2024-08-05T08:48:32.744+0000] {logging_mixin.py:120} INFO - [2024-08-05T08:48:32.744+0000] {dag.py:2585} INFO - Sync 2 DAGs
[2024-08-05T08:48:32.821+0000] {logging_mixin.py:120} INFO - [2024-08-05T08:48:32.821+0000] {dag.py:3340} INFO - Setting next_dagrun for example_xcom_args to None, run_after=None
[2024-08-05T08:48:32.833+0000] {logging_mixin.py:120} INFO - [2024-08-05T08:48:32.833+0000] {dag.py:3340} INFO - Setting next_dagrun for example_xcom_args_with_operators to None, run_after=None
[2024-08-05T08:48:32.852+0000] {processor.py:176} INFO - Processing /home/airflow/.local/lib/python3.7/site-packages/airflow/example_dags/example_xcomargs.py took 0.232 seconds
[2024-08-05T08:49:03.199+0000] {processor.py:154} INFO - Started process (PID=13448) to work on /home/airflow/.local/lib/python3.7/site-packages/airflow/example_dags/example_xcomargs.py
[2024-08-05T08:49:03.200+0000] {processor.py:756} INFO - Processing file /home/airflow/.local/lib/python3.7/site-packages/airflow/example_dags/example_xcomargs.py for tasks to queue
[2024-08-05T08:49:03.201+0000] {logging_mixin.py:120} INFO - [2024-08-05T08:49:03.201+0000] {dagbag.py:537} INFO - Filling up the DagBag from /home/airflow/.local/lib/python3.7/site-packages/airflow/example_dags/example_xcomargs.py
[2024-08-05T08:49:03.221+0000] {processor.py:766} INFO - DAG(s) dict_keys(['example_xcom_args_with_operators', 'example_xcom_args']) retrieved from /home/airflow/.local/lib/python3.7/site-packages/airflow/example_dags/example_xcomargs.py
[2024-08-05T08:49:03.258+0000] {logging_mixin.py:120} INFO - [2024-08-05T08:49:03.257+0000] {dag.py:2585} INFO - Sync 2 DAGs
[2024-08-05T08:49:03.279+0000] {logging_mixin.py:120} INFO - [2024-08-05T08:49:03.278+0000] {dag.py:3340} INFO - Setting next_dagrun for example_xcom_args to None, run_after=None
[2024-08-05T08:49:03.283+0000] {logging_mixin.py:120} INFO - [2024-08-05T08:49:03.283+0000] {dag.py:3340} INFO - Setting next_dagrun for example_xcom_args_with_operators to None, run_after=None
[2024-08-05T08:49:03.302+0000] {processor.py:176} INFO - Processing /home/airflow/.local/lib/python3.7/site-packages/airflow/example_dags/example_xcomargs.py took 0.107 seconds
[2024-08-05T08:49:34.488+0000] {processor.py:154} INFO - Started process (PID=13508) to work on /home/airflow/.local/lib/python3.7/site-packages/airflow/example_dags/example_xcomargs.py
[2024-08-05T08:49:34.505+0000] {processor.py:756} INFO - Processing file /home/airflow/.local/lib/python3.7/site-packages/airflow/example_dags/example_xcomargs.py for tasks to queue
[2024-08-05T08:49:34.608+0000] {logging_mixin.py:120} INFO - [2024-08-05T08:49:34.608+0000] {dagbag.py:537} INFO - Filling up the DagBag from /home/airflow/.local/lib/python3.7/site-packages/airflow/example_dags/example_xcomargs.py
[2024-08-05T08:49:34.638+0000] {processor.py:766} INFO - DAG(s) dict_keys(['example_xcom_args', 'example_xcom_args_with_operators']) retrieved from /home/airflow/.local/lib/python3.7/site-packages/airflow/example_dags/example_xcomargs.py
[2024-08-05T08:49:34.795+0000] {logging_mixin.py:120} INFO - [2024-08-05T08:49:34.795+0000] {dag.py:2585} INFO - Sync 2 DAGs
[2024-08-05T08:49:34.939+0000] {logging_mixin.py:120} INFO - [2024-08-05T08:49:34.939+0000] {dag.py:3340} INFO - Setting next_dagrun for example_xcom_args to None, run_after=None
[2024-08-05T08:49:35.052+0000] {logging_mixin.py:120} INFO - [2024-08-05T08:49:35.052+0000] {dag.py:3340} INFO - Setting next_dagrun for example_xcom_args_with_operators to None, run_after=None
[2024-08-05T08:49:35.114+0000] {processor.py:176} INFO - Processing /home/airflow/.local/lib/python3.7/site-packages/airflow/example_dags/example_xcomargs.py took 0.633 seconds
[2024-08-05T08:50:05.588+0000] {processor.py:154} INFO - Started process (PID=13575) to work on /home/airflow/.local/lib/python3.7/site-packages/airflow/example_dags/example_xcomargs.py
[2024-08-05T08:50:05.589+0000] {processor.py:756} INFO - Processing file /home/airflow/.local/lib/python3.7/site-packages/airflow/example_dags/example_xcomargs.py for tasks to queue
[2024-08-05T08:50:05.590+0000] {logging_mixin.py:120} INFO - [2024-08-05T08:50:05.590+0000] {dagbag.py:537} INFO - Filling up the DagBag from /home/airflow/.local/lib/python3.7/site-packages/airflow/example_dags/example_xcomargs.py
[2024-08-05T08:50:05.607+0000] {processor.py:766} INFO - DAG(s) dict_keys(['example_xcom_args', 'example_xcom_args_with_operators']) retrieved from /home/airflow/.local/lib/python3.7/site-packages/airflow/example_dags/example_xcomargs.py
[2024-08-05T08:50:05.638+0000] {logging_mixin.py:120} INFO - [2024-08-05T08:50:05.638+0000] {dag.py:2585} INFO - Sync 2 DAGs
[2024-08-05T08:50:05.661+0000] {logging_mixin.py:120} INFO - [2024-08-05T08:50:05.661+0000] {dag.py:3340} INFO - Setting next_dagrun for example_xcom_args to None, run_after=None
[2024-08-05T08:50:05.666+0000] {logging_mixin.py:120} INFO - [2024-08-05T08:50:05.666+0000] {dag.py:3340} INFO - Setting next_dagrun for example_xcom_args_with_operators to None, run_after=None
[2024-08-05T08:50:05.683+0000] {processor.py:176} INFO - Processing /home/airflow/.local/lib/python3.7/site-packages/airflow/example_dags/example_xcomargs.py took 0.097 seconds
[2024-08-05T08:50:36.389+0000] {processor.py:154} INFO - Started process (PID=13642) to work on /home/airflow/.local/lib/python3.7/site-packages/airflow/example_dags/example_xcomargs.py
[2024-08-05T08:50:36.391+0000] {processor.py:756} INFO - Processing file /home/airflow/.local/lib/python3.7/site-packages/airflow/example_dags/example_xcomargs.py for tasks to queue
[2024-08-05T08:50:36.391+0000] {logging_mixin.py:120} INFO - [2024-08-05T08:50:36.391+0000] {dagbag.py:537} INFO - Filling up the DagBag from /home/airflow/.local/lib/python3.7/site-packages/airflow/example_dags/example_xcomargs.py
[2024-08-05T08:50:36.411+0000] {processor.py:766} INFO - DAG(s) dict_keys(['example_xcom_args', 'example_xcom_args_with_operators']) retrieved from /home/airflow/.local/lib/python3.7/site-packages/airflow/example_dags/example_xcomargs.py
[2024-08-05T08:50:36.453+0000] {logging_mixin.py:120} INFO - [2024-08-05T08:50:36.452+0000] {dag.py:2585} INFO - Sync 2 DAGs
[2024-08-05T08:50:36.474+0000] {logging_mixin.py:120} INFO - [2024-08-05T08:50:36.474+0000] {dag.py:3340} INFO - Setting next_dagrun for example_xcom_args to None, run_after=None
[2024-08-05T08:50:36.478+0000] {logging_mixin.py:120} INFO - [2024-08-05T08:50:36.477+0000] {dag.py:3340} INFO - Setting next_dagrun for example_xcom_args_with_operators to None, run_after=None
[2024-08-05T08:50:36.497+0000] {processor.py:176} INFO - Processing /home/airflow/.local/lib/python3.7/site-packages/airflow/example_dags/example_xcomargs.py took 0.110 seconds
[2024-08-05T08:51:06.726+0000] {processor.py:154} INFO - Started process (PID=13709) to work on /home/airflow/.local/lib/python3.7/site-packages/airflow/example_dags/example_xcomargs.py
[2024-08-05T08:51:06.727+0000] {processor.py:756} INFO - Processing file /home/airflow/.local/lib/python3.7/site-packages/airflow/example_dags/example_xcomargs.py for tasks to queue
[2024-08-05T08:51:06.728+0000] {logging_mixin.py:120} INFO - [2024-08-05T08:51:06.728+0000] {dagbag.py:537} INFO - Filling up the DagBag from /home/airflow/.local/lib/python3.7/site-packages/airflow/example_dags/example_xcomargs.py
[2024-08-05T08:51:06.744+0000] {processor.py:766} INFO - DAG(s) dict_keys(['example_xcom_args_with_operators', 'example_xcom_args']) retrieved from /home/airflow/.local/lib/python3.7/site-packages/airflow/example_dags/example_xcomargs.py
[2024-08-05T08:51:06.777+0000] {logging_mixin.py:120} INFO - [2024-08-05T08:51:06.777+0000] {dag.py:2585} INFO - Sync 2 DAGs
[2024-08-05T08:51:06.796+0000] {logging_mixin.py:120} INFO - [2024-08-05T08:51:06.796+0000] {dag.py:3340} INFO - Setting next_dagrun for example_xcom_args to None, run_after=None
[2024-08-05T08:51:06.799+0000] {logging_mixin.py:120} INFO - [2024-08-05T08:51:06.799+0000] {dag.py:3340} INFO - Setting next_dagrun for example_xcom_args_with_operators to None, run_after=None
[2024-08-05T08:51:06.816+0000] {processor.py:176} INFO - Processing /home/airflow/.local/lib/python3.7/site-packages/airflow/example_dags/example_xcomargs.py took 0.093 seconds
[2024-08-05T08:51:37.527+0000] {processor.py:154} INFO - Started process (PID=13775) to work on /home/airflow/.local/lib/python3.7/site-packages/airflow/example_dags/example_xcomargs.py
[2024-08-05T08:51:37.528+0000] {processor.py:756} INFO - Processing file /home/airflow/.local/lib/python3.7/site-packages/airflow/example_dags/example_xcomargs.py for tasks to queue
[2024-08-05T08:51:37.528+0000] {logging_mixin.py:120} INFO - [2024-08-05T08:51:37.528+0000] {dagbag.py:537} INFO - Filling up the DagBag from /home/airflow/.local/lib/python3.7/site-packages/airflow/example_dags/example_xcomargs.py
[2024-08-05T08:51:37.544+0000] {processor.py:766} INFO - DAG(s) dict_keys(['example_xcom_args_with_operators', 'example_xcom_args']) retrieved from /home/airflow/.local/lib/python3.7/site-packages/airflow/example_dags/example_xcomargs.py
[2024-08-05T08:51:37.577+0000] {logging_mixin.py:120} INFO - [2024-08-05T08:51:37.577+0000] {dag.py:2585} INFO - Sync 2 DAGs
[2024-08-05T08:51:37.602+0000] {logging_mixin.py:120} INFO - [2024-08-05T08:51:37.602+0000] {dag.py:3340} INFO - Setting next_dagrun for example_xcom_args to None, run_after=None
[2024-08-05T08:51:37.605+0000] {logging_mixin.py:120} INFO - [2024-08-05T08:51:37.604+0000] {dag.py:3340} INFO - Setting next_dagrun for example_xcom_args_with_operators to None, run_after=None
[2024-08-05T08:51:37.620+0000] {processor.py:176} INFO - Processing /home/airflow/.local/lib/python3.7/site-packages/airflow/example_dags/example_xcomargs.py took 0.095 seconds
[2024-08-05T08:52:09.117+0000] {processor.py:154} INFO - Started process (PID=13833) to work on /home/airflow/.local/lib/python3.7/site-packages/airflow/example_dags/example_xcomargs.py
[2024-08-05T08:52:09.125+0000] {processor.py:756} INFO - Processing file /home/airflow/.local/lib/python3.7/site-packages/airflow/example_dags/example_xcomargs.py for tasks to queue
[2024-08-05T08:52:09.129+0000] {logging_mixin.py:120} INFO - [2024-08-05T08:52:09.129+0000] {dagbag.py:537} INFO - Filling up the DagBag from /home/airflow/.local/lib/python3.7/site-packages/airflow/example_dags/example_xcomargs.py
[2024-08-05T08:52:09.164+0000] {processor.py:766} INFO - DAG(s) dict_keys(['example_xcom_args', 'example_xcom_args_with_operators']) retrieved from /home/airflow/.local/lib/python3.7/site-packages/airflow/example_dags/example_xcomargs.py
[2024-08-05T08:52:09.235+0000] {logging_mixin.py:120} INFO - [2024-08-05T08:52:09.235+0000] {dag.py:2585} INFO - Sync 2 DAGs
[2024-08-05T08:52:09.329+0000] {logging_mixin.py:120} INFO - [2024-08-05T08:52:09.329+0000] {dag.py:3340} INFO - Setting next_dagrun for example_xcom_args to None, run_after=None
[2024-08-05T08:52:09.381+0000] {logging_mixin.py:120} INFO - [2024-08-05T08:52:09.381+0000] {dag.py:3340} INFO - Setting next_dagrun for example_xcom_args_with_operators to None, run_after=None
[2024-08-05T08:52:09.575+0000] {processor.py:176} INFO - Processing /home/airflow/.local/lib/python3.7/site-packages/airflow/example_dags/example_xcomargs.py took 0.463 seconds
[2024-08-05T08:52:40.469+0000] {processor.py:154} INFO - Started process (PID=13900) to work on /home/airflow/.local/lib/python3.7/site-packages/airflow/example_dags/example_xcomargs.py
[2024-08-05T08:52:40.470+0000] {processor.py:756} INFO - Processing file /home/airflow/.local/lib/python3.7/site-packages/airflow/example_dags/example_xcomargs.py for tasks to queue
[2024-08-05T08:52:40.472+0000] {logging_mixin.py:120} INFO - [2024-08-05T08:52:40.471+0000] {dagbag.py:537} INFO - Filling up the DagBag from /home/airflow/.local/lib/python3.7/site-packages/airflow/example_dags/example_xcomargs.py
[2024-08-05T08:52:40.488+0000] {processor.py:766} INFO - DAG(s) dict_keys(['example_xcom_args_with_operators', 'example_xcom_args']) retrieved from /home/airflow/.local/lib/python3.7/site-packages/airflow/example_dags/example_xcomargs.py
[2024-08-05T08:52:40.521+0000] {logging_mixin.py:120} INFO - [2024-08-05T08:52:40.520+0000] {dag.py:2585} INFO - Sync 2 DAGs
[2024-08-05T08:52:40.540+0000] {logging_mixin.py:120} INFO - [2024-08-05T08:52:40.540+0000] {dag.py:3340} INFO - Setting next_dagrun for example_xcom_args to None, run_after=None
[2024-08-05T08:52:40.544+0000] {logging_mixin.py:120} INFO - [2024-08-05T08:52:40.544+0000] {dag.py:3340} INFO - Setting next_dagrun for example_xcom_args_with_operators to None, run_after=None
[2024-08-05T08:52:40.560+0000] {processor.py:176} INFO - Processing /home/airflow/.local/lib/python3.7/site-packages/airflow/example_dags/example_xcomargs.py took 0.095 seconds
[2024-08-05T08:53:11.050+0000] {processor.py:154} INFO - Started process (PID=13966) to work on /home/airflow/.local/lib/python3.7/site-packages/airflow/example_dags/example_xcomargs.py
[2024-08-05T08:53:11.051+0000] {processor.py:756} INFO - Processing file /home/airflow/.local/lib/python3.7/site-packages/airflow/example_dags/example_xcomargs.py for tasks to queue
[2024-08-05T08:53:11.052+0000] {logging_mixin.py:120} INFO - [2024-08-05T08:53:11.052+0000] {dagbag.py:537} INFO - Filling up the DagBag from /home/airflow/.local/lib/python3.7/site-packages/airflow/example_dags/example_xcomargs.py
[2024-08-05T08:53:11.070+0000] {processor.py:766} INFO - DAG(s) dict_keys(['example_xcom_args_with_operators', 'example_xcom_args']) retrieved from /home/airflow/.local/lib/python3.7/site-packages/airflow/example_dags/example_xcomargs.py
[2024-08-05T08:53:11.107+0000] {logging_mixin.py:120} INFO - [2024-08-05T08:53:11.107+0000] {dag.py:2585} INFO - Sync 2 DAGs
[2024-08-05T08:53:11.126+0000] {logging_mixin.py:120} INFO - [2024-08-05T08:53:11.126+0000] {dag.py:3340} INFO - Setting next_dagrun for example_xcom_args to None, run_after=None
[2024-08-05T08:53:11.130+0000] {logging_mixin.py:120} INFO - [2024-08-05T08:53:11.130+0000] {dag.py:3340} INFO - Setting next_dagrun for example_xcom_args_with_operators to None, run_after=None
[2024-08-05T08:53:11.146+0000] {processor.py:176} INFO - Processing /home/airflow/.local/lib/python3.7/site-packages/airflow/example_dags/example_xcomargs.py took 0.100 seconds
[2024-08-05T08:53:41.373+0000] {processor.py:154} INFO - Started process (PID=14033) to work on /home/airflow/.local/lib/python3.7/site-packages/airflow/example_dags/example_xcomargs.py
[2024-08-05T08:53:41.374+0000] {processor.py:756} INFO - Processing file /home/airflow/.local/lib/python3.7/site-packages/airflow/example_dags/example_xcomargs.py for tasks to queue
[2024-08-05T08:53:41.375+0000] {logging_mixin.py:120} INFO - [2024-08-05T08:53:41.375+0000] {dagbag.py:537} INFO - Filling up the DagBag from /home/airflow/.local/lib/python3.7/site-packages/airflow/example_dags/example_xcomargs.py
[2024-08-05T08:53:41.400+0000] {processor.py:766} INFO - DAG(s) dict_keys(['example_xcom_args_with_operators', 'example_xcom_args']) retrieved from /home/airflow/.local/lib/python3.7/site-packages/airflow/example_dags/example_xcomargs.py
[2024-08-05T08:53:41.431+0000] {logging_mixin.py:120} INFO - [2024-08-05T08:53:41.431+0000] {dag.py:2585} INFO - Sync 2 DAGs
[2024-08-05T08:53:41.450+0000] {logging_mixin.py:120} INFO - [2024-08-05T08:53:41.450+0000] {dag.py:3340} INFO - Setting next_dagrun for example_xcom_args to None, run_after=None
[2024-08-05T08:53:41.453+0000] {logging_mixin.py:120} INFO - [2024-08-05T08:53:41.453+0000] {dag.py:3340} INFO - Setting next_dagrun for example_xcom_args_with_operators to None, run_after=None
[2024-08-05T08:53:41.474+0000] {processor.py:176} INFO - Processing /home/airflow/.local/lib/python3.7/site-packages/airflow/example_dags/example_xcomargs.py took 0.103 seconds
[2024-08-05T08:54:11.823+0000] {processor.py:154} INFO - Started process (PID=14100) to work on /home/airflow/.local/lib/python3.7/site-packages/airflow/example_dags/example_xcomargs.py
[2024-08-05T08:54:11.825+0000] {processor.py:756} INFO - Processing file /home/airflow/.local/lib/python3.7/site-packages/airflow/example_dags/example_xcomargs.py for tasks to queue
[2024-08-05T08:54:11.827+0000] {logging_mixin.py:120} INFO - [2024-08-05T08:54:11.827+0000] {dagbag.py:537} INFO - Filling up the DagBag from /home/airflow/.local/lib/python3.7/site-packages/airflow/example_dags/example_xcomargs.py
[2024-08-05T08:54:11.871+0000] {processor.py:766} INFO - DAG(s) dict_keys(['example_xcom_args_with_operators', 'example_xcom_args']) retrieved from /home/airflow/.local/lib/python3.7/site-packages/airflow/example_dags/example_xcomargs.py
[2024-08-05T08:54:11.966+0000] {logging_mixin.py:120} INFO - [2024-08-05T08:54:11.965+0000] {dag.py:2585} INFO - Sync 2 DAGs
[2024-08-05T08:54:12.014+0000] {logging_mixin.py:120} INFO - [2024-08-05T08:54:12.014+0000] {dag.py:3340} INFO - Setting next_dagrun for example_xcom_args to None, run_after=None
[2024-08-05T08:54:12.018+0000] {logging_mixin.py:120} INFO - [2024-08-05T08:54:12.018+0000] {dag.py:3340} INFO - Setting next_dagrun for example_xcom_args_with_operators to None, run_after=None
[2024-08-05T08:54:12.039+0000] {processor.py:176} INFO - Processing /home/airflow/.local/lib/python3.7/site-packages/airflow/example_dags/example_xcomargs.py took 0.219 seconds
[2024-08-05T09:02:11.963+0000] {processor.py:154} INFO - Started process (PID=14150) to work on /home/airflow/.local/lib/python3.7/site-packages/airflow/example_dags/example_xcomargs.py
[2024-08-05T09:02:11.965+0000] {processor.py:756} INFO - Processing file /home/airflow/.local/lib/python3.7/site-packages/airflow/example_dags/example_xcomargs.py for tasks to queue
[2024-08-05T09:02:11.966+0000] {logging_mixin.py:120} INFO - [2024-08-05T09:02:11.966+0000] {dagbag.py:537} INFO - Filling up the DagBag from /home/airflow/.local/lib/python3.7/site-packages/airflow/example_dags/example_xcomargs.py
[2024-08-05T09:02:11.997+0000] {processor.py:766} INFO - DAG(s) dict_keys(['example_xcom_args_with_operators', 'example_xcom_args']) retrieved from /home/airflow/.local/lib/python3.7/site-packages/airflow/example_dags/example_xcomargs.py
[2024-08-05T09:02:12.045+0000] {logging_mixin.py:120} INFO - [2024-08-05T09:02:12.045+0000] {dag.py:2585} INFO - Sync 2 DAGs
[2024-08-05T09:02:12.070+0000] {logging_mixin.py:120} INFO - [2024-08-05T09:02:12.070+0000] {dag.py:3340} INFO - Setting next_dagrun for example_xcom_args to None, run_after=None
[2024-08-05T09:02:12.076+0000] {logging_mixin.py:120} INFO - [2024-08-05T09:02:12.075+0000] {dag.py:3340} INFO - Setting next_dagrun for example_xcom_args_with_operators to None, run_after=None
[2024-08-05T09:02:12.100+0000] {processor.py:176} INFO - Processing /home/airflow/.local/lib/python3.7/site-packages/airflow/example_dags/example_xcomargs.py took 0.141 seconds
[2024-08-05T09:02:42.410+0000] {processor.py:154} INFO - Started process (PID=14217) to work on /home/airflow/.local/lib/python3.7/site-packages/airflow/example_dags/example_xcomargs.py
[2024-08-05T09:02:42.412+0000] {processor.py:756} INFO - Processing file /home/airflow/.local/lib/python3.7/site-packages/airflow/example_dags/example_xcomargs.py for tasks to queue
[2024-08-05T09:02:42.414+0000] {logging_mixin.py:120} INFO - [2024-08-05T09:02:42.414+0000] {dagbag.py:537} INFO - Filling up the DagBag from /home/airflow/.local/lib/python3.7/site-packages/airflow/example_dags/example_xcomargs.py
[2024-08-05T09:02:42.441+0000] {processor.py:766} INFO - DAG(s) dict_keys(['example_xcom_args_with_operators', 'example_xcom_args']) retrieved from /home/airflow/.local/lib/python3.7/site-packages/airflow/example_dags/example_xcomargs.py
[2024-08-05T09:02:42.485+0000] {logging_mixin.py:120} INFO - [2024-08-05T09:02:42.485+0000] {dag.py:2585} INFO - Sync 2 DAGs
[2024-08-05T09:02:42.511+0000] {logging_mixin.py:120} INFO - [2024-08-05T09:02:42.511+0000] {dag.py:3340} INFO - Setting next_dagrun for example_xcom_args to None, run_after=None
[2024-08-05T09:02:42.514+0000] {logging_mixin.py:120} INFO - [2024-08-05T09:02:42.514+0000] {dag.py:3340} INFO - Setting next_dagrun for example_xcom_args_with_operators to None, run_after=None
[2024-08-05T09:02:42.544+0000] {processor.py:176} INFO - Processing /home/airflow/.local/lib/python3.7/site-packages/airflow/example_dags/example_xcomargs.py took 0.137 seconds
[2024-08-05T09:03:12.677+0000] {processor.py:154} INFO - Started process (PID=14284) to work on /home/airflow/.local/lib/python3.7/site-packages/airflow/example_dags/example_xcomargs.py
[2024-08-05T09:03:12.678+0000] {processor.py:756} INFO - Processing file /home/airflow/.local/lib/python3.7/site-packages/airflow/example_dags/example_xcomargs.py for tasks to queue
[2024-08-05T09:03:12.679+0000] {logging_mixin.py:120} INFO - [2024-08-05T09:03:12.679+0000] {dagbag.py:537} INFO - Filling up the DagBag from /home/airflow/.local/lib/python3.7/site-packages/airflow/example_dags/example_xcomargs.py
[2024-08-05T09:03:12.699+0000] {processor.py:766} INFO - DAG(s) dict_keys(['example_xcom_args', 'example_xcom_args_with_operators']) retrieved from /home/airflow/.local/lib/python3.7/site-packages/airflow/example_dags/example_xcomargs.py
[2024-08-05T09:03:12.731+0000] {logging_mixin.py:120} INFO - [2024-08-05T09:03:12.731+0000] {dag.py:2585} INFO - Sync 2 DAGs
[2024-08-05T09:03:12.748+0000] {logging_mixin.py:120} INFO - [2024-08-05T09:03:12.748+0000] {dag.py:3340} INFO - Setting next_dagrun for example_xcom_args to None, run_after=None
[2024-08-05T09:03:12.751+0000] {logging_mixin.py:120} INFO - [2024-08-05T09:03:12.751+0000] {dag.py:3340} INFO - Setting next_dagrun for example_xcom_args_with_operators to None, run_after=None
[2024-08-05T09:03:12.766+0000] {processor.py:176} INFO - Processing /home/airflow/.local/lib/python3.7/site-packages/airflow/example_dags/example_xcomargs.py took 0.091 seconds
[2024-08-05T09:03:43.726+0000] {processor.py:154} INFO - Started process (PID=14351) to work on /home/airflow/.local/lib/python3.7/site-packages/airflow/example_dags/example_xcomargs.py
[2024-08-05T09:03:43.727+0000] {processor.py:756} INFO - Processing file /home/airflow/.local/lib/python3.7/site-packages/airflow/example_dags/example_xcomargs.py for tasks to queue
[2024-08-05T09:03:43.730+0000] {logging_mixin.py:120} INFO - [2024-08-05T09:03:43.730+0000] {dagbag.py:537} INFO - Filling up the DagBag from /home/airflow/.local/lib/python3.7/site-packages/airflow/example_dags/example_xcomargs.py
[2024-08-05T09:03:43.749+0000] {processor.py:766} INFO - DAG(s) dict_keys(['example_xcom_args', 'example_xcom_args_with_operators']) retrieved from /home/airflow/.local/lib/python3.7/site-packages/airflow/example_dags/example_xcomargs.py
[2024-08-05T09:03:43.792+0000] {logging_mixin.py:120} INFO - [2024-08-05T09:03:43.792+0000] {dag.py:2585} INFO - Sync 2 DAGs
[2024-08-05T09:03:43.813+0000] {logging_mixin.py:120} INFO - [2024-08-05T09:03:43.813+0000] {dag.py:3340} INFO - Setting next_dagrun for example_xcom_args to None, run_after=None
[2024-08-05T09:03:43.818+0000] {logging_mixin.py:120} INFO - [2024-08-05T09:03:43.817+0000] {dag.py:3340} INFO - Setting next_dagrun for example_xcom_args_with_operators to None, run_after=None
[2024-08-05T09:03:43.839+0000] {processor.py:176} INFO - Processing /home/airflow/.local/lib/python3.7/site-packages/airflow/example_dags/example_xcomargs.py took 0.116 seconds
[2024-08-05T09:04:14.150+0000] {processor.py:154} INFO - Started process (PID=14418) to work on /home/airflow/.local/lib/python3.7/site-packages/airflow/example_dags/example_xcomargs.py
[2024-08-05T09:04:14.151+0000] {processor.py:756} INFO - Processing file /home/airflow/.local/lib/python3.7/site-packages/airflow/example_dags/example_xcomargs.py for tasks to queue
[2024-08-05T09:04:14.152+0000] {logging_mixin.py:120} INFO - [2024-08-05T09:04:14.152+0000] {dagbag.py:537} INFO - Filling up the DagBag from /home/airflow/.local/lib/python3.7/site-packages/airflow/example_dags/example_xcomargs.py
[2024-08-05T09:04:14.174+0000] {processor.py:766} INFO - DAG(s) dict_keys(['example_xcom_args', 'example_xcom_args_with_operators']) retrieved from /home/airflow/.local/lib/python3.7/site-packages/airflow/example_dags/example_xcomargs.py
[2024-08-05T09:04:14.214+0000] {logging_mixin.py:120} INFO - [2024-08-05T09:04:14.214+0000] {dag.py:2585} INFO - Sync 2 DAGs
[2024-08-05T09:04:14.234+0000] {logging_mixin.py:120} INFO - [2024-08-05T09:04:14.233+0000] {dag.py:3340} INFO - Setting next_dagrun for example_xcom_args to None, run_after=None
[2024-08-05T09:04:14.237+0000] {logging_mixin.py:120} INFO - [2024-08-05T09:04:14.236+0000] {dag.py:3340} INFO - Setting next_dagrun for example_xcom_args_with_operators to None, run_after=None
[2024-08-05T09:04:14.255+0000] {processor.py:176} INFO - Processing /home/airflow/.local/lib/python3.7/site-packages/airflow/example_dags/example_xcomargs.py took 0.108 seconds
[2024-08-05T09:04:44.487+0000] {processor.py:154} INFO - Started process (PID=14476) to work on /home/airflow/.local/lib/python3.7/site-packages/airflow/example_dags/example_xcomargs.py
[2024-08-05T09:04:44.489+0000] {processor.py:756} INFO - Processing file /home/airflow/.local/lib/python3.7/site-packages/airflow/example_dags/example_xcomargs.py for tasks to queue
[2024-08-05T09:04:44.490+0000] {logging_mixin.py:120} INFO - [2024-08-05T09:04:44.490+0000] {dagbag.py:537} INFO - Filling up the DagBag from /home/airflow/.local/lib/python3.7/site-packages/airflow/example_dags/example_xcomargs.py
[2024-08-05T09:04:44.510+0000] {processor.py:766} INFO - DAG(s) dict_keys(['example_xcom_args_with_operators', 'example_xcom_args']) retrieved from /home/airflow/.local/lib/python3.7/site-packages/airflow/example_dags/example_xcomargs.py
[2024-08-05T09:04:44.545+0000] {logging_mixin.py:120} INFO - [2024-08-05T09:04:44.544+0000] {dag.py:2585} INFO - Sync 2 DAGs
[2024-08-05T09:04:44.566+0000] {logging_mixin.py:120} INFO - [2024-08-05T09:04:44.566+0000] {dag.py:3340} INFO - Setting next_dagrun for example_xcom_args to None, run_after=None
[2024-08-05T09:04:44.570+0000] {logging_mixin.py:120} INFO - [2024-08-05T09:04:44.569+0000] {dag.py:3340} INFO - Setting next_dagrun for example_xcom_args_with_operators to None, run_after=None
[2024-08-05T09:04:44.585+0000] {processor.py:176} INFO - Processing /home/airflow/.local/lib/python3.7/site-packages/airflow/example_dags/example_xcomargs.py took 0.100 seconds
[2024-08-05T09:05:15.792+0000] {processor.py:154} INFO - Started process (PID=14543) to work on /home/airflow/.local/lib/python3.7/site-packages/airflow/example_dags/example_xcomargs.py
[2024-08-05T09:05:15.793+0000] {processor.py:756} INFO - Processing file /home/airflow/.local/lib/python3.7/site-packages/airflow/example_dags/example_xcomargs.py for tasks to queue
[2024-08-05T09:05:15.795+0000] {logging_mixin.py:120} INFO - [2024-08-05T09:05:15.794+0000] {dagbag.py:537} INFO - Filling up the DagBag from /home/airflow/.local/lib/python3.7/site-packages/airflow/example_dags/example_xcomargs.py
[2024-08-05T09:05:15.817+0000] {processor.py:766} INFO - DAG(s) dict_keys(['example_xcom_args_with_operators', 'example_xcom_args']) retrieved from /home/airflow/.local/lib/python3.7/site-packages/airflow/example_dags/example_xcomargs.py
[2024-08-05T09:05:15.861+0000] {logging_mixin.py:120} INFO - [2024-08-05T09:05:15.861+0000] {dag.py:2585} INFO - Sync 2 DAGs
[2024-08-05T09:05:15.883+0000] {logging_mixin.py:120} INFO - [2024-08-05T09:05:15.883+0000] {dag.py:3340} INFO - Setting next_dagrun for example_xcom_args to None, run_after=None
[2024-08-05T09:05:15.887+0000] {logging_mixin.py:120} INFO - [2024-08-05T09:05:15.887+0000] {dag.py:3340} INFO - Setting next_dagrun for example_xcom_args_with_operators to None, run_after=None
[2024-08-05T09:05:15.910+0000] {processor.py:176} INFO - Processing /home/airflow/.local/lib/python3.7/site-packages/airflow/example_dags/example_xcomargs.py took 0.121 seconds
[2024-08-05T09:05:46.389+0000] {processor.py:154} INFO - Started process (PID=14611) to work on /home/airflow/.local/lib/python3.7/site-packages/airflow/example_dags/example_xcomargs.py
[2024-08-05T09:05:46.390+0000] {processor.py:756} INFO - Processing file /home/airflow/.local/lib/python3.7/site-packages/airflow/example_dags/example_xcomargs.py for tasks to queue
[2024-08-05T09:05:46.391+0000] {logging_mixin.py:120} INFO - [2024-08-05T09:05:46.391+0000] {dagbag.py:537} INFO - Filling up the DagBag from /home/airflow/.local/lib/python3.7/site-packages/airflow/example_dags/example_xcomargs.py
[2024-08-05T09:05:46.410+0000] {processor.py:766} INFO - DAG(s) dict_keys(['example_xcom_args_with_operators', 'example_xcom_args']) retrieved from /home/airflow/.local/lib/python3.7/site-packages/airflow/example_dags/example_xcomargs.py
[2024-08-05T09:05:46.447+0000] {logging_mixin.py:120} INFO - [2024-08-05T09:05:46.447+0000] {dag.py:2585} INFO - Sync 2 DAGs
[2024-08-05T09:05:46.466+0000] {logging_mixin.py:120} INFO - [2024-08-05T09:05:46.465+0000] {dag.py:3340} INFO - Setting next_dagrun for example_xcom_args to None, run_after=None
[2024-08-05T09:05:46.469+0000] {logging_mixin.py:120} INFO - [2024-08-05T09:05:46.469+0000] {dag.py:3340} INFO - Setting next_dagrun for example_xcom_args_with_operators to None, run_after=None
[2024-08-05T09:05:46.497+0000] {processor.py:176} INFO - Processing /home/airflow/.local/lib/python3.7/site-packages/airflow/example_dags/example_xcomargs.py took 0.111 seconds
[2024-08-05T09:06:16.944+0000] {processor.py:154} INFO - Started process (PID=14678) to work on /home/airflow/.local/lib/python3.7/site-packages/airflow/example_dags/example_xcomargs.py
[2024-08-05T09:06:16.946+0000] {processor.py:756} INFO - Processing file /home/airflow/.local/lib/python3.7/site-packages/airflow/example_dags/example_xcomargs.py for tasks to queue
[2024-08-05T09:06:16.947+0000] {logging_mixin.py:120} INFO - [2024-08-05T09:06:16.947+0000] {dagbag.py:537} INFO - Filling up the DagBag from /home/airflow/.local/lib/python3.7/site-packages/airflow/example_dags/example_xcomargs.py
[2024-08-05T09:06:16.971+0000] {processor.py:766} INFO - DAG(s) dict_keys(['example_xcom_args_with_operators', 'example_xcom_args']) retrieved from /home/airflow/.local/lib/python3.7/site-packages/airflow/example_dags/example_xcomargs.py
[2024-08-05T09:06:17.003+0000] {logging_mixin.py:120} INFO - [2024-08-05T09:06:17.003+0000] {dag.py:2585} INFO - Sync 2 DAGs
[2024-08-05T09:06:17.021+0000] {logging_mixin.py:120} INFO - [2024-08-05T09:06:17.021+0000] {dag.py:3340} INFO - Setting next_dagrun for example_xcom_args to None, run_after=None
[2024-08-05T09:06:17.024+0000] {logging_mixin.py:120} INFO - [2024-08-05T09:06:17.024+0000] {dag.py:3340} INFO - Setting next_dagrun for example_xcom_args_with_operators to None, run_after=None
[2024-08-05T09:06:17.041+0000] {processor.py:176} INFO - Processing /home/airflow/.local/lib/python3.7/site-packages/airflow/example_dags/example_xcomargs.py took 0.102 seconds
[2024-08-05T09:06:52.600+0000] {processor.py:154} INFO - Started process (PID=14746) to work on /home/airflow/.local/lib/python3.7/site-packages/airflow/example_dags/example_xcomargs.py
[2024-08-05T09:06:52.602+0000] {processor.py:756} INFO - Processing file /home/airflow/.local/lib/python3.7/site-packages/airflow/example_dags/example_xcomargs.py for tasks to queue
[2024-08-05T09:06:52.603+0000] {logging_mixin.py:120} INFO - [2024-08-05T09:06:52.603+0000] {dagbag.py:537} INFO - Filling up the DagBag from /home/airflow/.local/lib/python3.7/site-packages/airflow/example_dags/example_xcomargs.py
[2024-08-05T09:06:52.623+0000] {processor.py:766} INFO - DAG(s) dict_keys(['example_xcom_args', 'example_xcom_args_with_operators']) retrieved from /home/airflow/.local/lib/python3.7/site-packages/airflow/example_dags/example_xcomargs.py
[2024-08-05T09:06:52.662+0000] {logging_mixin.py:120} INFO - [2024-08-05T09:06:52.662+0000] {dag.py:2585} INFO - Sync 2 DAGs
[2024-08-05T09:06:52.784+0000] {logging_mixin.py:120} INFO - [2024-08-05T09:06:52.784+0000] {dag.py:3340} INFO - Setting next_dagrun for example_xcom_args to None, run_after=None
[2024-08-05T09:06:52.887+0000] {logging_mixin.py:120} INFO - [2024-08-05T09:06:52.887+0000] {dag.py:3340} INFO - Setting next_dagrun for example_xcom_args_with_operators to None, run_after=None
[2024-08-05T09:06:52.923+0000] {processor.py:176} INFO - Processing /home/airflow/.local/lib/python3.7/site-packages/airflow/example_dags/example_xcomargs.py took 0.326 seconds
[2024-08-05T09:07:22.996+0000] {processor.py:154} INFO - Started process (PID=14813) to work on /home/airflow/.local/lib/python3.7/site-packages/airflow/example_dags/example_xcomargs.py
[2024-08-05T09:07:22.998+0000] {processor.py:756} INFO - Processing file /home/airflow/.local/lib/python3.7/site-packages/airflow/example_dags/example_xcomargs.py for tasks to queue
[2024-08-05T09:07:22.999+0000] {logging_mixin.py:120} INFO - [2024-08-05T09:07:22.999+0000] {dagbag.py:537} INFO - Filling up the DagBag from /home/airflow/.local/lib/python3.7/site-packages/airflow/example_dags/example_xcomargs.py
[2024-08-05T09:07:23.024+0000] {processor.py:766} INFO - DAG(s) dict_keys(['example_xcom_args_with_operators', 'example_xcom_args']) retrieved from /home/airflow/.local/lib/python3.7/site-packages/airflow/example_dags/example_xcomargs.py
[2024-08-05T09:07:23.077+0000] {logging_mixin.py:120} INFO - [2024-08-05T09:07:23.076+0000] {dag.py:2585} INFO - Sync 2 DAGs
[2024-08-05T09:07:23.107+0000] {logging_mixin.py:120} INFO - [2024-08-05T09:07:23.107+0000] {dag.py:3340} INFO - Setting next_dagrun for example_xcom_args to None, run_after=None
[2024-08-05T09:07:23.111+0000] {logging_mixin.py:120} INFO - [2024-08-05T09:07:23.111+0000] {dag.py:3340} INFO - Setting next_dagrun for example_xcom_args_with_operators to None, run_after=None
[2024-08-05T09:07:23.131+0000] {processor.py:176} INFO - Processing /home/airflow/.local/lib/python3.7/site-packages/airflow/example_dags/example_xcomargs.py took 0.138 seconds
[2024-08-05T09:16:38.752+0000] {processor.py:154} INFO - Started process (PID=14883) to work on /home/airflow/.local/lib/python3.7/site-packages/airflow/example_dags/example_xcomargs.py
[2024-08-05T09:16:38.756+0000] {processor.py:756} INFO - Processing file /home/airflow/.local/lib/python3.7/site-packages/airflow/example_dags/example_xcomargs.py for tasks to queue
[2024-08-05T09:16:38.761+0000] {logging_mixin.py:120} INFO - [2024-08-05T09:16:38.760+0000] {dagbag.py:537} INFO - Filling up the DagBag from /home/airflow/.local/lib/python3.7/site-packages/airflow/example_dags/example_xcomargs.py
[2024-08-05T09:16:38.843+0000] {processor.py:766} INFO - DAG(s) dict_keys(['example_xcom_args', 'example_xcom_args_with_operators']) retrieved from /home/airflow/.local/lib/python3.7/site-packages/airflow/example_dags/example_xcomargs.py
[2024-08-05T09:16:38.987+0000] {logging_mixin.py:120} INFO - [2024-08-05T09:16:38.986+0000] {dag.py:2585} INFO - Sync 2 DAGs
[2024-08-05T09:16:39.068+0000] {logging_mixin.py:120} INFO - [2024-08-05T09:16:39.067+0000] {dag.py:3340} INFO - Setting next_dagrun for example_xcom_args to None, run_after=None
[2024-08-05T09:16:39.083+0000] {logging_mixin.py:120} INFO - [2024-08-05T09:16:39.083+0000] {dag.py:3340} INFO - Setting next_dagrun for example_xcom_args_with_operators to None, run_after=None
[2024-08-05T09:16:39.169+0000] {processor.py:176} INFO - Processing /home/airflow/.local/lib/python3.7/site-packages/airflow/example_dags/example_xcomargs.py took 0.422 seconds
[2024-08-05T09:17:09.502+0000] {processor.py:154} INFO - Started process (PID=14943) to work on /home/airflow/.local/lib/python3.7/site-packages/airflow/example_dags/example_xcomargs.py
[2024-08-05T09:17:09.503+0000] {processor.py:756} INFO - Processing file /home/airflow/.local/lib/python3.7/site-packages/airflow/example_dags/example_xcomargs.py for tasks to queue
[2024-08-05T09:17:09.505+0000] {logging_mixin.py:120} INFO - [2024-08-05T09:17:09.505+0000] {dagbag.py:537} INFO - Filling up the DagBag from /home/airflow/.local/lib/python3.7/site-packages/airflow/example_dags/example_xcomargs.py
[2024-08-05T09:17:09.542+0000] {processor.py:766} INFO - DAG(s) dict_keys(['example_xcom_args', 'example_xcom_args_with_operators']) retrieved from /home/airflow/.local/lib/python3.7/site-packages/airflow/example_dags/example_xcomargs.py
[2024-08-05T09:17:09.591+0000] {logging_mixin.py:120} INFO - [2024-08-05T09:17:09.591+0000] {dag.py:2585} INFO - Sync 2 DAGs
[2024-08-05T09:17:09.680+0000] {logging_mixin.py:120} INFO - [2024-08-05T09:17:09.679+0000] {dag.py:3340} INFO - Setting next_dagrun for example_xcom_args to None, run_after=None
[2024-08-05T09:17:09.745+0000] {logging_mixin.py:120} INFO - [2024-08-05T09:17:09.745+0000] {dag.py:3340} INFO - Setting next_dagrun for example_xcom_args_with_operators to None, run_after=None
[2024-08-05T09:17:09.793+0000] {processor.py:176} INFO - Processing /home/airflow/.local/lib/python3.7/site-packages/airflow/example_dags/example_xcomargs.py took 0.295 seconds
[2024-08-05T09:17:41.179+0000] {processor.py:154} INFO - Started process (PID=15010) to work on /home/airflow/.local/lib/python3.7/site-packages/airflow/example_dags/example_xcomargs.py
[2024-08-05T09:17:41.194+0000] {processor.py:756} INFO - Processing file /home/airflow/.local/lib/python3.7/site-packages/airflow/example_dags/example_xcomargs.py for tasks to queue
[2024-08-05T09:17:41.294+0000] {logging_mixin.py:120} INFO - [2024-08-05T09:17:41.294+0000] {dagbag.py:537} INFO - Filling up the DagBag from /home/airflow/.local/lib/python3.7/site-packages/airflow/example_dags/example_xcomargs.py
[2024-08-05T09:17:41.342+0000] {processor.py:766} INFO - DAG(s) dict_keys(['example_xcom_args_with_operators', 'example_xcom_args']) retrieved from /home/airflow/.local/lib/python3.7/site-packages/airflow/example_dags/example_xcomargs.py
[2024-08-05T09:17:41.581+0000] {logging_mixin.py:120} INFO - [2024-08-05T09:17:41.580+0000] {dag.py:2585} INFO - Sync 2 DAGs
[2024-08-05T09:17:41.639+0000] {logging_mixin.py:120} INFO - [2024-08-05T09:17:41.638+0000] {dag.py:3340} INFO - Setting next_dagrun for example_xcom_args to None, run_after=None
[2024-08-05T09:17:41.645+0000] {logging_mixin.py:120} INFO - [2024-08-05T09:17:41.644+0000] {dag.py:3340} INFO - Setting next_dagrun for example_xcom_args_with_operators to None, run_after=None
[2024-08-05T09:17:41.685+0000] {processor.py:176} INFO - Processing /home/airflow/.local/lib/python3.7/site-packages/airflow/example_dags/example_xcomargs.py took 0.510 seconds
[2024-08-05T09:18:13.437+0000] {processor.py:154} INFO - Started process (PID=15069) to work on /home/airflow/.local/lib/python3.7/site-packages/airflow/example_dags/example_xcomargs.py
[2024-08-05T09:18:13.439+0000] {processor.py:756} INFO - Processing file /home/airflow/.local/lib/python3.7/site-packages/airflow/example_dags/example_xcomargs.py for tasks to queue
[2024-08-05T09:18:13.534+0000] {logging_mixin.py:120} INFO - [2024-08-05T09:18:13.533+0000] {dagbag.py:537} INFO - Filling up the DagBag from /home/airflow/.local/lib/python3.7/site-packages/airflow/example_dags/example_xcomargs.py
[2024-08-05T09:18:13.574+0000] {processor.py:766} INFO - DAG(s) dict_keys(['example_xcom_args_with_operators', 'example_xcom_args']) retrieved from /home/airflow/.local/lib/python3.7/site-packages/airflow/example_dags/example_xcomargs.py
[2024-08-05T09:18:13.684+0000] {logging_mixin.py:120} INFO - [2024-08-05T09:18:13.684+0000] {dag.py:2585} INFO - Sync 2 DAGs
[2024-08-05T09:18:13.775+0000] {logging_mixin.py:120} INFO - [2024-08-05T09:18:13.775+0000] {dag.py:3340} INFO - Setting next_dagrun for example_xcom_args to None, run_after=None
[2024-08-05T09:18:13.819+0000] {logging_mixin.py:120} INFO - [2024-08-05T09:18:13.818+0000] {dag.py:3340} INFO - Setting next_dagrun for example_xcom_args_with_operators to None, run_after=None
[2024-08-05T09:18:13.894+0000] {processor.py:176} INFO - Processing /home/airflow/.local/lib/python3.7/site-packages/airflow/example_dags/example_xcomargs.py took 0.461 seconds
[2024-08-05T09:18:45.386+0000] {processor.py:154} INFO - Started process (PID=15137) to work on /home/airflow/.local/lib/python3.7/site-packages/airflow/example_dags/example_xcomargs.py
[2024-08-05T09:18:45.389+0000] {processor.py:756} INFO - Processing file /home/airflow/.local/lib/python3.7/site-packages/airflow/example_dags/example_xcomargs.py for tasks to queue
[2024-08-05T09:18:45.507+0000] {logging_mixin.py:120} INFO - [2024-08-05T09:18:45.507+0000] {dagbag.py:537} INFO - Filling up the DagBag from /home/airflow/.local/lib/python3.7/site-packages/airflow/example_dags/example_xcomargs.py
[2024-08-05T09:18:45.584+0000] {processor.py:766} INFO - DAG(s) dict_keys(['example_xcom_args', 'example_xcom_args_with_operators']) retrieved from /home/airflow/.local/lib/python3.7/site-packages/airflow/example_dags/example_xcomargs.py
[2024-08-05T09:18:45.641+0000] {logging_mixin.py:120} INFO - [2024-08-05T09:18:45.640+0000] {dag.py:2585} INFO - Sync 2 DAGs
[2024-08-05T09:18:45.791+0000] {logging_mixin.py:120} INFO - [2024-08-05T09:18:45.791+0000] {dag.py:3340} INFO - Setting next_dagrun for example_xcom_args to None, run_after=None
[2024-08-05T09:18:45.949+0000] {logging_mixin.py:120} INFO - [2024-08-05T09:18:45.949+0000] {dag.py:3340} INFO - Setting next_dagrun for example_xcom_args_with_operators to None, run_after=None
[2024-08-05T09:18:46.104+0000] {processor.py:176} INFO - Processing /home/airflow/.local/lib/python3.7/site-packages/airflow/example_dags/example_xcomargs.py took 0.725 seconds
[2024-08-05T09:19:16.766+0000] {processor.py:154} INFO - Started process (PID=15204) to work on /home/airflow/.local/lib/python3.7/site-packages/airflow/example_dags/example_xcomargs.py
[2024-08-05T09:19:16.767+0000] {processor.py:756} INFO - Processing file /home/airflow/.local/lib/python3.7/site-packages/airflow/example_dags/example_xcomargs.py for tasks to queue
[2024-08-05T09:19:16.770+0000] {logging_mixin.py:120} INFO - [2024-08-05T09:19:16.769+0000] {dagbag.py:537} INFO - Filling up the DagBag from /home/airflow/.local/lib/python3.7/site-packages/airflow/example_dags/example_xcomargs.py
[2024-08-05T09:19:16.798+0000] {processor.py:766} INFO - DAG(s) dict_keys(['example_xcom_args', 'example_xcom_args_with_operators']) retrieved from /home/airflow/.local/lib/python3.7/site-packages/airflow/example_dags/example_xcomargs.py
[2024-08-05T09:19:16.879+0000] {logging_mixin.py:120} INFO - [2024-08-05T09:19:16.879+0000] {dag.py:2585} INFO - Sync 2 DAGs
[2024-08-05T09:19:16.919+0000] {logging_mixin.py:120} INFO - [2024-08-05T09:19:16.919+0000] {dag.py:3340} INFO - Setting next_dagrun for example_xcom_args to None, run_after=None
[2024-08-05T09:19:16.927+0000] {logging_mixin.py:120} INFO - [2024-08-05T09:19:16.926+0000] {dag.py:3340} INFO - Setting next_dagrun for example_xcom_args_with_operators to None, run_after=None
[2024-08-05T09:19:17.034+0000] {processor.py:176} INFO - Processing /home/airflow/.local/lib/python3.7/site-packages/airflow/example_dags/example_xcomargs.py took 0.272 seconds
[2024-08-05T09:19:47.717+0000] {processor.py:154} INFO - Started process (PID=15262) to work on /home/airflow/.local/lib/python3.7/site-packages/airflow/example_dags/example_xcomargs.py
[2024-08-05T09:19:47.818+0000] {processor.py:756} INFO - Processing file /home/airflow/.local/lib/python3.7/site-packages/airflow/example_dags/example_xcomargs.py for tasks to queue
[2024-08-05T09:19:47.901+0000] {logging_mixin.py:120} INFO - [2024-08-05T09:19:47.901+0000] {dagbag.py:537} INFO - Filling up the DagBag from /home/airflow/.local/lib/python3.7/site-packages/airflow/example_dags/example_xcomargs.py
[2024-08-05T09:19:47.933+0000] {processor.py:766} INFO - DAG(s) dict_keys(['example_xcom_args', 'example_xcom_args_with_operators']) retrieved from /home/airflow/.local/lib/python3.7/site-packages/airflow/example_dags/example_xcomargs.py
[2024-08-05T09:19:48.060+0000] {logging_mixin.py:120} INFO - [2024-08-05T09:19:48.060+0000] {dag.py:2585} INFO - Sync 2 DAGs
[2024-08-05T09:19:48.160+0000] {logging_mixin.py:120} INFO - [2024-08-05T09:19:48.160+0000] {dag.py:3340} INFO - Setting next_dagrun for example_xcom_args to None, run_after=None
[2024-08-05T09:19:48.228+0000] {logging_mixin.py:120} INFO - [2024-08-05T09:19:48.228+0000] {dag.py:3340} INFO - Setting next_dagrun for example_xcom_args_with_operators to None, run_after=None
[2024-08-05T09:19:48.278+0000] {processor.py:176} INFO - Processing /home/airflow/.local/lib/python3.7/site-packages/airflow/example_dags/example_xcomargs.py took 0.565 seconds
[2024-08-05T09:20:22.121+0000] {processor.py:154} INFO - Started process (PID=15330) to work on /home/airflow/.local/lib/python3.7/site-packages/airflow/example_dags/example_xcomargs.py
[2024-08-05T09:20:22.136+0000] {processor.py:756} INFO - Processing file /home/airflow/.local/lib/python3.7/site-packages/airflow/example_dags/example_xcomargs.py for tasks to queue
[2024-08-05T09:20:22.241+0000] {logging_mixin.py:120} INFO - [2024-08-05T09:20:22.241+0000] {dagbag.py:537} INFO - Filling up the DagBag from /home/airflow/.local/lib/python3.7/site-packages/airflow/example_dags/example_xcomargs.py
[2024-08-05T09:20:22.315+0000] {processor.py:766} INFO - DAG(s) dict_keys(['example_xcom_args', 'example_xcom_args_with_operators']) retrieved from /home/airflow/.local/lib/python3.7/site-packages/airflow/example_dags/example_xcomargs.py
[2024-08-05T09:20:22.400+0000] {logging_mixin.py:120} INFO - [2024-08-05T09:20:22.400+0000] {dag.py:2585} INFO - Sync 2 DAGs
[2024-08-05T09:20:22.431+0000] {logging_mixin.py:120} INFO - [2024-08-05T09:20:22.431+0000] {dag.py:3340} INFO - Setting next_dagrun for example_xcom_args to None, run_after=None
[2024-08-05T09:20:22.453+0000] {logging_mixin.py:120} INFO - [2024-08-05T09:20:22.452+0000] {dag.py:3340} INFO - Setting next_dagrun for example_xcom_args_with_operators to None, run_after=None
[2024-08-05T09:20:22.517+0000] {processor.py:176} INFO - Processing /home/airflow/.local/lib/python3.7/site-packages/airflow/example_dags/example_xcomargs.py took 0.399 seconds
[2024-08-05T09:20:53.744+0000] {processor.py:154} INFO - Started process (PID=15397) to work on /home/airflow/.local/lib/python3.7/site-packages/airflow/example_dags/example_xcomargs.py
[2024-08-05T09:20:53.746+0000] {processor.py:756} INFO - Processing file /home/airflow/.local/lib/python3.7/site-packages/airflow/example_dags/example_xcomargs.py for tasks to queue
[2024-08-05T09:20:53.844+0000] {logging_mixin.py:120} INFO - [2024-08-05T09:20:53.843+0000] {dagbag.py:537} INFO - Filling up the DagBag from /home/airflow/.local/lib/python3.7/site-packages/airflow/example_dags/example_xcomargs.py
[2024-08-05T09:20:53.903+0000] {processor.py:766} INFO - DAG(s) dict_keys(['example_xcom_args_with_operators', 'example_xcom_args']) retrieved from /home/airflow/.local/lib/python3.7/site-packages/airflow/example_dags/example_xcomargs.py
[2024-08-05T09:20:54.133+0000] {logging_mixin.py:120} INFO - [2024-08-05T09:20:54.133+0000] {dag.py:2585} INFO - Sync 2 DAGs
[2024-08-05T09:20:54.345+0000] {logging_mixin.py:120} INFO - [2024-08-05T09:20:54.345+0000] {dag.py:3340} INFO - Setting next_dagrun for example_xcom_args to None, run_after=None
[2024-08-05T09:20:54.471+0000] {logging_mixin.py:120} INFO - [2024-08-05T09:20:54.471+0000] {dag.py:3340} INFO - Setting next_dagrun for example_xcom_args_with_operators to None, run_after=None
[2024-08-05T09:20:54.583+0000] {processor.py:176} INFO - Processing /home/airflow/.local/lib/python3.7/site-packages/airflow/example_dags/example_xcomargs.py took 0.844 seconds
[2024-08-05T09:21:26.919+0000] {processor.py:154} INFO - Started process (PID=15464) to work on /home/airflow/.local/lib/python3.7/site-packages/airflow/example_dags/example_xcomargs.py
[2024-08-05T09:21:26.998+0000] {processor.py:756} INFO - Processing file /home/airflow/.local/lib/python3.7/site-packages/airflow/example_dags/example_xcomargs.py for tasks to queue
[2024-08-05T09:21:27.019+0000] {logging_mixin.py:120} INFO - [2024-08-05T09:21:27.018+0000] {dagbag.py:537} INFO - Filling up the DagBag from /home/airflow/.local/lib/python3.7/site-packages/airflow/example_dags/example_xcomargs.py
[2024-08-05T09:21:27.065+0000] {processor.py:766} INFO - DAG(s) dict_keys(['example_xcom_args', 'example_xcom_args_with_operators']) retrieved from /home/airflow/.local/lib/python3.7/site-packages/airflow/example_dags/example_xcomargs.py
[2024-08-05T09:21:27.195+0000] {logging_mixin.py:120} INFO - [2024-08-05T09:21:27.195+0000] {dag.py:2585} INFO - Sync 2 DAGs
[2024-08-05T09:21:27.299+0000] {logging_mixin.py:120} INFO - [2024-08-05T09:21:27.299+0000] {dag.py:3340} INFO - Setting next_dagrun for example_xcom_args to None, run_after=None
[2024-08-05T09:21:27.446+0000] {logging_mixin.py:120} INFO - [2024-08-05T09:21:27.446+0000] {dag.py:3340} INFO - Setting next_dagrun for example_xcom_args_with_operators to None, run_after=None
[2024-08-05T09:21:27.505+0000] {processor.py:176} INFO - Processing /home/airflow/.local/lib/python3.7/site-packages/airflow/example_dags/example_xcomargs.py took 0.589 seconds
[2024-08-05T09:21:57.583+0000] {processor.py:154} INFO - Started process (PID=15531) to work on /home/airflow/.local/lib/python3.7/site-packages/airflow/example_dags/example_xcomargs.py
[2024-08-05T09:21:57.585+0000] {processor.py:756} INFO - Processing file /home/airflow/.local/lib/python3.7/site-packages/airflow/example_dags/example_xcomargs.py for tasks to queue
[2024-08-05T09:21:57.586+0000] {logging_mixin.py:120} INFO - [2024-08-05T09:21:57.586+0000] {dagbag.py:537} INFO - Filling up the DagBag from /home/airflow/.local/lib/python3.7/site-packages/airflow/example_dags/example_xcomargs.py
[2024-08-05T09:21:57.622+0000] {processor.py:766} INFO - DAG(s) dict_keys(['example_xcom_args_with_operators', 'example_xcom_args']) retrieved from /home/airflow/.local/lib/python3.7/site-packages/airflow/example_dags/example_xcomargs.py
[2024-08-05T09:21:57.679+0000] {logging_mixin.py:120} INFO - [2024-08-05T09:21:57.678+0000] {dag.py:2585} INFO - Sync 2 DAGs
[2024-08-05T09:21:57.714+0000] {logging_mixin.py:120} INFO - [2024-08-05T09:21:57.714+0000] {dag.py:3340} INFO - Setting next_dagrun for example_xcom_args to None, run_after=None
[2024-08-05T09:21:57.720+0000] {logging_mixin.py:120} INFO - [2024-08-05T09:21:57.720+0000] {dag.py:3340} INFO - Setting next_dagrun for example_xcom_args_with_operators to None, run_after=None
[2024-08-05T09:21:57.744+0000] {processor.py:176} INFO - Processing /home/airflow/.local/lib/python3.7/site-packages/airflow/example_dags/example_xcomargs.py took 0.165 seconds
[2024-08-05T09:22:29.289+0000] {processor.py:154} INFO - Started process (PID=15589) to work on /home/airflow/.local/lib/python3.7/site-packages/airflow/example_dags/example_xcomargs.py
[2024-08-05T09:22:29.290+0000] {processor.py:756} INFO - Processing file /home/airflow/.local/lib/python3.7/site-packages/airflow/example_dags/example_xcomargs.py for tasks to queue
[2024-08-05T09:22:29.291+0000] {logging_mixin.py:120} INFO - [2024-08-05T09:22:29.291+0000] {dagbag.py:537} INFO - Filling up the DagBag from /home/airflow/.local/lib/python3.7/site-packages/airflow/example_dags/example_xcomargs.py
[2024-08-05T09:22:29.325+0000] {processor.py:766} INFO - DAG(s) dict_keys(['example_xcom_args', 'example_xcom_args_with_operators']) retrieved from /home/airflow/.local/lib/python3.7/site-packages/airflow/example_dags/example_xcomargs.py
[2024-08-05T09:22:29.374+0000] {logging_mixin.py:120} INFO - [2024-08-05T09:22:29.374+0000] {dag.py:2585} INFO - Sync 2 DAGs
[2024-08-05T09:22:29.402+0000] {logging_mixin.py:120} INFO - [2024-08-05T09:22:29.402+0000] {dag.py:3340} INFO - Setting next_dagrun for example_xcom_args to None, run_after=None
[2024-08-05T09:22:29.406+0000] {logging_mixin.py:120} INFO - [2024-08-05T09:22:29.406+0000] {dag.py:3340} INFO - Setting next_dagrun for example_xcom_args_with_operators to None, run_after=None
[2024-08-05T09:22:29.498+0000] {processor.py:176} INFO - Processing /home/airflow/.local/lib/python3.7/site-packages/airflow/example_dags/example_xcomargs.py took 0.213 seconds
[2024-08-05T09:23:00.822+0000] {processor.py:154} INFO - Started process (PID=15656) to work on /home/airflow/.local/lib/python3.7/site-packages/airflow/example_dags/example_xcomargs.py
[2024-08-05T09:23:00.824+0000] {processor.py:756} INFO - Processing file /home/airflow/.local/lib/python3.7/site-packages/airflow/example_dags/example_xcomargs.py for tasks to queue
[2024-08-05T09:23:00.825+0000] {logging_mixin.py:120} INFO - [2024-08-05T09:23:00.825+0000] {dagbag.py:537} INFO - Filling up the DagBag from /home/airflow/.local/lib/python3.7/site-packages/airflow/example_dags/example_xcomargs.py
[2024-08-05T09:23:00.870+0000] {processor.py:766} INFO - DAG(s) dict_keys(['example_xcom_args', 'example_xcom_args_with_operators']) retrieved from /home/airflow/.local/lib/python3.7/site-packages/airflow/example_dags/example_xcomargs.py
[2024-08-05T09:23:00.955+0000] {logging_mixin.py:120} INFO - [2024-08-05T09:23:00.954+0000] {dag.py:2585} INFO - Sync 2 DAGs
[2024-08-05T09:23:00.992+0000] {logging_mixin.py:120} INFO - [2024-08-05T09:23:00.991+0000] {dag.py:3340} INFO - Setting next_dagrun for example_xcom_args to None, run_after=None
[2024-08-05T09:23:00.998+0000] {logging_mixin.py:120} INFO - [2024-08-05T09:23:00.998+0000] {dag.py:3340} INFO - Setting next_dagrun for example_xcom_args_with_operators to None, run_after=None
[2024-08-05T09:23:01.023+0000] {processor.py:176} INFO - Processing /home/airflow/.local/lib/python3.7/site-packages/airflow/example_dags/example_xcomargs.py took 0.205 seconds
[2024-08-05T09:23:34.358+0000] {processor.py:154} INFO - Started process (PID=15723) to work on /home/airflow/.local/lib/python3.7/site-packages/airflow/example_dags/example_xcomargs.py
[2024-08-05T09:23:34.360+0000] {processor.py:756} INFO - Processing file /home/airflow/.local/lib/python3.7/site-packages/airflow/example_dags/example_xcomargs.py for tasks to queue
[2024-08-05T09:23:34.452+0000] {logging_mixin.py:120} INFO - [2024-08-05T09:23:34.452+0000] {dagbag.py:537} INFO - Filling up the DagBag from /home/airflow/.local/lib/python3.7/site-packages/airflow/example_dags/example_xcomargs.py
[2024-08-05T09:23:34.495+0000] {processor.py:766} INFO - DAG(s) dict_keys(['example_xcom_args_with_operators', 'example_xcom_args']) retrieved from /home/airflow/.local/lib/python3.7/site-packages/airflow/example_dags/example_xcomargs.py
[2024-08-05T09:23:34.640+0000] {logging_mixin.py:120} INFO - [2024-08-05T09:23:34.640+0000] {dag.py:2585} INFO - Sync 2 DAGs
[2024-08-05T09:23:34.780+0000] {logging_mixin.py:120} INFO - [2024-08-05T09:23:34.780+0000] {dag.py:3340} INFO - Setting next_dagrun for example_xcom_args to None, run_after=None
[2024-08-05T09:23:34.861+0000] {logging_mixin.py:120} INFO - [2024-08-05T09:23:34.860+0000] {dag.py:3340} INFO - Setting next_dagrun for example_xcom_args_with_operators to None, run_after=None
[2024-08-05T09:23:35.028+0000] {processor.py:176} INFO - Processing /home/airflow/.local/lib/python3.7/site-packages/airflow/example_dags/example_xcomargs.py took 0.681 seconds
[2024-08-05T09:24:05.449+0000] {processor.py:154} INFO - Started process (PID=15781) to work on /home/airflow/.local/lib/python3.7/site-packages/airflow/example_dags/example_xcomargs.py
[2024-08-05T09:24:05.451+0000] {processor.py:756} INFO - Processing file /home/airflow/.local/lib/python3.7/site-packages/airflow/example_dags/example_xcomargs.py for tasks to queue
[2024-08-05T09:24:05.453+0000] {logging_mixin.py:120} INFO - [2024-08-05T09:24:05.453+0000] {dagbag.py:537} INFO - Filling up the DagBag from /home/airflow/.local/lib/python3.7/site-packages/airflow/example_dags/example_xcomargs.py
[2024-08-05T09:24:05.495+0000] {processor.py:766} INFO - DAG(s) dict_keys(['example_xcom_args', 'example_xcom_args_with_operators']) retrieved from /home/airflow/.local/lib/python3.7/site-packages/airflow/example_dags/example_xcomargs.py
[2024-08-05T09:24:05.617+0000] {logging_mixin.py:120} INFO - [2024-08-05T09:24:05.613+0000] {dag.py:2585} INFO - Sync 2 DAGs
[2024-08-05T09:24:05.654+0000] {logging_mixin.py:120} INFO - [2024-08-05T09:24:05.654+0000] {dag.py:3340} INFO - Setting next_dagrun for example_xcom_args to None, run_after=None
[2024-08-05T09:24:05.661+0000] {logging_mixin.py:120} INFO - [2024-08-05T09:24:05.661+0000] {dag.py:3340} INFO - Setting next_dagrun for example_xcom_args_with_operators to None, run_after=None
[2024-08-05T09:24:05.700+0000] {processor.py:176} INFO - Processing /home/airflow/.local/lib/python3.7/site-packages/airflow/example_dags/example_xcomargs.py took 0.259 seconds
[2024-08-05T09:24:36.151+0000] {processor.py:154} INFO - Started process (PID=15849) to work on /home/airflow/.local/lib/python3.7/site-packages/airflow/example_dags/example_xcomargs.py
[2024-08-05T09:24:36.153+0000] {processor.py:756} INFO - Processing file /home/airflow/.local/lib/python3.7/site-packages/airflow/example_dags/example_xcomargs.py for tasks to queue
[2024-08-05T09:24:36.154+0000] {logging_mixin.py:120} INFO - [2024-08-05T09:24:36.154+0000] {dagbag.py:537} INFO - Filling up the DagBag from /home/airflow/.local/lib/python3.7/site-packages/airflow/example_dags/example_xcomargs.py
[2024-08-05T09:24:36.179+0000] {processor.py:766} INFO - DAG(s) dict_keys(['example_xcom_args', 'example_xcom_args_with_operators']) retrieved from /home/airflow/.local/lib/python3.7/site-packages/airflow/example_dags/example_xcomargs.py
[2024-08-05T09:24:36.280+0000] {logging_mixin.py:120} INFO - [2024-08-05T09:24:36.280+0000] {dag.py:2585} INFO - Sync 2 DAGs
[2024-08-05T09:24:36.332+0000] {logging_mixin.py:120} INFO - [2024-08-05T09:24:36.331+0000] {dag.py:3340} INFO - Setting next_dagrun for example_xcom_args to None, run_after=None
[2024-08-05T09:24:36.388+0000] {logging_mixin.py:120} INFO - [2024-08-05T09:24:36.388+0000] {dag.py:3340} INFO - Setting next_dagrun for example_xcom_args_with_operators to None, run_after=None
[2024-08-05T09:24:36.462+0000] {processor.py:176} INFO - Processing /home/airflow/.local/lib/python3.7/site-packages/airflow/example_dags/example_xcomargs.py took 0.315 seconds
[2024-08-05T09:25:09.129+0000] {processor.py:154} INFO - Started process (PID=15916) to work on /home/airflow/.local/lib/python3.7/site-packages/airflow/example_dags/example_xcomargs.py
[2024-08-05T09:25:09.131+0000] {processor.py:756} INFO - Processing file /home/airflow/.local/lib/python3.7/site-packages/airflow/example_dags/example_xcomargs.py for tasks to queue
[2024-08-05T09:25:09.131+0000] {logging_mixin.py:120} INFO - [2024-08-05T09:25:09.131+0000] {dagbag.py:537} INFO - Filling up the DagBag from /home/airflow/.local/lib/python3.7/site-packages/airflow/example_dags/example_xcomargs.py
[2024-08-05T09:25:09.165+0000] {processor.py:766} INFO - DAG(s) dict_keys(['example_xcom_args_with_operators', 'example_xcom_args']) retrieved from /home/airflow/.local/lib/python3.7/site-packages/airflow/example_dags/example_xcomargs.py
[2024-08-05T09:25:09.217+0000] {logging_mixin.py:120} INFO - [2024-08-05T09:25:09.217+0000] {dag.py:2585} INFO - Sync 2 DAGs
[2024-08-05T09:25:09.247+0000] {logging_mixin.py:120} INFO - [2024-08-05T09:25:09.247+0000] {dag.py:3340} INFO - Setting next_dagrun for example_xcom_args to None, run_after=None
[2024-08-05T09:25:09.250+0000] {logging_mixin.py:120} INFO - [2024-08-05T09:25:09.250+0000] {dag.py:3340} INFO - Setting next_dagrun for example_xcom_args_with_operators to None, run_after=None
[2024-08-05T09:25:09.268+0000] {processor.py:176} INFO - Processing /home/airflow/.local/lib/python3.7/site-packages/airflow/example_dags/example_xcomargs.py took 0.142 seconds
[2024-08-05T09:25:40.599+0000] {processor.py:154} INFO - Started process (PID=15975) to work on /home/airflow/.local/lib/python3.7/site-packages/airflow/example_dags/example_xcomargs.py
[2024-08-05T09:25:40.603+0000] {processor.py:756} INFO - Processing file /home/airflow/.local/lib/python3.7/site-packages/airflow/example_dags/example_xcomargs.py for tasks to queue
[2024-08-05T09:25:40.733+0000] {logging_mixin.py:120} INFO - [2024-08-05T09:25:40.733+0000] {dagbag.py:537} INFO - Filling up the DagBag from /home/airflow/.local/lib/python3.7/site-packages/airflow/example_dags/example_xcomargs.py
[2024-08-05T09:25:40.770+0000] {processor.py:766} INFO - DAG(s) dict_keys(['example_xcom_args_with_operators', 'example_xcom_args']) retrieved from /home/airflow/.local/lib/python3.7/site-packages/airflow/example_dags/example_xcomargs.py
[2024-08-05T09:25:40.845+0000] {logging_mixin.py:120} INFO - [2024-08-05T09:25:40.845+0000] {dag.py:2585} INFO - Sync 2 DAGs
[2024-08-05T09:25:40.922+0000] {logging_mixin.py:120} INFO - [2024-08-05T09:25:40.922+0000] {dag.py:3340} INFO - Setting next_dagrun for example_xcom_args to None, run_after=None
[2024-08-05T09:25:41.069+0000] {logging_mixin.py:120} INFO - [2024-08-05T09:25:41.068+0000] {dag.py:3340} INFO - Setting next_dagrun for example_xcom_args_with_operators to None, run_after=None
[2024-08-05T09:25:41.148+0000] {processor.py:176} INFO - Processing /home/airflow/.local/lib/python3.7/site-packages/airflow/example_dags/example_xcomargs.py took 0.553 seconds
[2024-08-05T09:26:12.657+0000] {processor.py:154} INFO - Started process (PID=16042) to work on /home/airflow/.local/lib/python3.7/site-packages/airflow/example_dags/example_xcomargs.py
[2024-08-05T09:26:12.670+0000] {processor.py:756} INFO - Processing file /home/airflow/.local/lib/python3.7/site-packages/airflow/example_dags/example_xcomargs.py for tasks to queue
[2024-08-05T09:26:12.674+0000] {logging_mixin.py:120} INFO - [2024-08-05T09:26:12.674+0000] {dagbag.py:537} INFO - Filling up the DagBag from /home/airflow/.local/lib/python3.7/site-packages/airflow/example_dags/example_xcomargs.py
[2024-08-05T09:26:12.716+0000] {processor.py:766} INFO - DAG(s) dict_keys(['example_xcom_args', 'example_xcom_args_with_operators']) retrieved from /home/airflow/.local/lib/python3.7/site-packages/airflow/example_dags/example_xcomargs.py
[2024-08-05T09:26:12.889+0000] {logging_mixin.py:120} INFO - [2024-08-05T09:26:12.889+0000] {dag.py:2585} INFO - Sync 2 DAGs
[2024-08-05T09:26:12.964+0000] {logging_mixin.py:120} INFO - [2024-08-05T09:26:12.963+0000] {dag.py:3340} INFO - Setting next_dagrun for example_xcom_args to None, run_after=None
[2024-08-05T09:26:13.000+0000] {logging_mixin.py:120} INFO - [2024-08-05T09:26:13.000+0000] {dag.py:3340} INFO - Setting next_dagrun for example_xcom_args_with_operators to None, run_after=None
[2024-08-05T09:26:13.041+0000] {processor.py:176} INFO - Processing /home/airflow/.local/lib/python3.7/site-packages/airflow/example_dags/example_xcomargs.py took 0.388 seconds
[2024-08-05T09:26:43.350+0000] {processor.py:154} INFO - Started process (PID=16109) to work on /home/airflow/.local/lib/python3.7/site-packages/airflow/example_dags/example_xcomargs.py
[2024-08-05T09:26:43.352+0000] {processor.py:756} INFO - Processing file /home/airflow/.local/lib/python3.7/site-packages/airflow/example_dags/example_xcomargs.py for tasks to queue
[2024-08-05T09:26:43.353+0000] {logging_mixin.py:120} INFO - [2024-08-05T09:26:43.353+0000] {dagbag.py:537} INFO - Filling up the DagBag from /home/airflow/.local/lib/python3.7/site-packages/airflow/example_dags/example_xcomargs.py
[2024-08-05T09:26:43.397+0000] {processor.py:766} INFO - DAG(s) dict_keys(['example_xcom_args', 'example_xcom_args_with_operators']) retrieved from /home/airflow/.local/lib/python3.7/site-packages/airflow/example_dags/example_xcomargs.py
[2024-08-05T09:26:43.579+0000] {logging_mixin.py:120} INFO - [2024-08-05T09:26:43.579+0000] {dag.py:2585} INFO - Sync 2 DAGs
[2024-08-05T09:26:43.666+0000] {logging_mixin.py:120} INFO - [2024-08-05T09:26:43.666+0000] {dag.py:3340} INFO - Setting next_dagrun for example_xcom_args to None, run_after=None
[2024-08-05T09:26:43.698+0000] {logging_mixin.py:120} INFO - [2024-08-05T09:26:43.698+0000] {dag.py:3340} INFO - Setting next_dagrun for example_xcom_args_with_operators to None, run_after=None
[2024-08-05T09:26:43.748+0000] {processor.py:176} INFO - Processing /home/airflow/.local/lib/python3.7/site-packages/airflow/example_dags/example_xcomargs.py took 0.402 seconds
[2024-08-05T09:27:13.859+0000] {processor.py:154} INFO - Started process (PID=16164) to work on /home/airflow/.local/lib/python3.7/site-packages/airflow/example_dags/example_xcomargs.py
[2024-08-05T09:27:13.860+0000] {processor.py:756} INFO - Processing file /home/airflow/.local/lib/python3.7/site-packages/airflow/example_dags/example_xcomargs.py for tasks to queue
[2024-08-05T09:27:13.861+0000] {logging_mixin.py:120} INFO - [2024-08-05T09:27:13.861+0000] {dagbag.py:537} INFO - Filling up the DagBag from /home/airflow/.local/lib/python3.7/site-packages/airflow/example_dags/example_xcomargs.py
[2024-08-05T09:27:13.907+0000] {processor.py:766} INFO - DAG(s) dict_keys(['example_xcom_args_with_operators', 'example_xcom_args']) retrieved from /home/airflow/.local/lib/python3.7/site-packages/airflow/example_dags/example_xcomargs.py
[2024-08-05T09:27:13.970+0000] {logging_mixin.py:120} INFO - [2024-08-05T09:27:13.970+0000] {dag.py:2585} INFO - Sync 2 DAGs
[2024-08-05T09:27:14.001+0000] {logging_mixin.py:120} INFO - [2024-08-05T09:27:14.001+0000] {dag.py:3340} INFO - Setting next_dagrun for example_xcom_args to None, run_after=None
[2024-08-05T09:27:14.005+0000] {logging_mixin.py:120} INFO - [2024-08-05T09:27:14.005+0000] {dag.py:3340} INFO - Setting next_dagrun for example_xcom_args_with_operators to None, run_after=None
[2024-08-05T09:27:14.027+0000] {processor.py:176} INFO - Processing /home/airflow/.local/lib/python3.7/site-packages/airflow/example_dags/example_xcomargs.py took 0.171 seconds
[2024-08-05T09:27:44.592+0000] {processor.py:154} INFO - Started process (PID=16231) to work on /home/airflow/.local/lib/python3.7/site-packages/airflow/example_dags/example_xcomargs.py
[2024-08-05T09:27:44.593+0000] {processor.py:756} INFO - Processing file /home/airflow/.local/lib/python3.7/site-packages/airflow/example_dags/example_xcomargs.py for tasks to queue
[2024-08-05T09:27:44.594+0000] {logging_mixin.py:120} INFO - [2024-08-05T09:27:44.594+0000] {dagbag.py:537} INFO - Filling up the DagBag from /home/airflow/.local/lib/python3.7/site-packages/airflow/example_dags/example_xcomargs.py
[2024-08-05T09:27:44.615+0000] {processor.py:766} INFO - DAG(s) dict_keys(['example_xcom_args', 'example_xcom_args_with_operators']) retrieved from /home/airflow/.local/lib/python3.7/site-packages/airflow/example_dags/example_xcomargs.py
[2024-08-05T09:27:44.656+0000] {logging_mixin.py:120} INFO - [2024-08-05T09:27:44.656+0000] {dag.py:2585} INFO - Sync 2 DAGs
[2024-08-05T09:27:44.679+0000] {logging_mixin.py:120} INFO - [2024-08-05T09:27:44.679+0000] {dag.py:3340} INFO - Setting next_dagrun for example_xcom_args to None, run_after=None
[2024-08-05T09:27:44.682+0000] {logging_mixin.py:120} INFO - [2024-08-05T09:27:44.682+0000] {dag.py:3340} INFO - Setting next_dagrun for example_xcom_args_with_operators to None, run_after=None
[2024-08-05T09:27:44.700+0000] {processor.py:176} INFO - Processing /home/airflow/.local/lib/python3.7/site-packages/airflow/example_dags/example_xcomargs.py took 0.111 seconds
[2024-08-05T09:28:14.990+0000] {processor.py:154} INFO - Started process (PID=16299) to work on /home/airflow/.local/lib/python3.7/site-packages/airflow/example_dags/example_xcomargs.py
[2024-08-05T09:28:15.005+0000] {processor.py:756} INFO - Processing file /home/airflow/.local/lib/python3.7/site-packages/airflow/example_dags/example_xcomargs.py for tasks to queue
[2024-08-05T09:28:15.018+0000] {logging_mixin.py:120} INFO - [2024-08-05T09:28:15.018+0000] {dagbag.py:537} INFO - Filling up the DagBag from /home/airflow/.local/lib/python3.7/site-packages/airflow/example_dags/example_xcomargs.py
[2024-08-05T09:28:15.071+0000] {processor.py:766} INFO - DAG(s) dict_keys(['example_xcom_args', 'example_xcom_args_with_operators']) retrieved from /home/airflow/.local/lib/python3.7/site-packages/airflow/example_dags/example_xcomargs.py
[2024-08-05T09:28:15.159+0000] {logging_mixin.py:120} INFO - [2024-08-05T09:28:15.159+0000] {dag.py:2585} INFO - Sync 2 DAGs
[2024-08-05T09:28:15.202+0000] {logging_mixin.py:120} INFO - [2024-08-05T09:28:15.202+0000] {dag.py:3340} INFO - Setting next_dagrun for example_xcom_args to None, run_after=None
[2024-08-05T09:28:15.231+0000] {logging_mixin.py:120} INFO - [2024-08-05T09:28:15.231+0000] {dag.py:3340} INFO - Setting next_dagrun for example_xcom_args_with_operators to None, run_after=None
[2024-08-05T09:28:15.265+0000] {processor.py:176} INFO - Processing /home/airflow/.local/lib/python3.7/site-packages/airflow/example_dags/example_xcomargs.py took 0.280 seconds
[2024-08-05T09:28:45.431+0000] {processor.py:154} INFO - Started process (PID=16357) to work on /home/airflow/.local/lib/python3.7/site-packages/airflow/example_dags/example_xcomargs.py
[2024-08-05T09:28:45.432+0000] {processor.py:756} INFO - Processing file /home/airflow/.local/lib/python3.7/site-packages/airflow/example_dags/example_xcomargs.py for tasks to queue
[2024-08-05T09:28:45.433+0000] {logging_mixin.py:120} INFO - [2024-08-05T09:28:45.433+0000] {dagbag.py:537} INFO - Filling up the DagBag from /home/airflow/.local/lib/python3.7/site-packages/airflow/example_dags/example_xcomargs.py
[2024-08-05T09:28:45.463+0000] {processor.py:766} INFO - DAG(s) dict_keys(['example_xcom_args_with_operators', 'example_xcom_args']) retrieved from /home/airflow/.local/lib/python3.7/site-packages/airflow/example_dags/example_xcomargs.py
[2024-08-05T09:28:45.534+0000] {logging_mixin.py:120} INFO - [2024-08-05T09:28:45.534+0000] {dag.py:2585} INFO - Sync 2 DAGs
[2024-08-05T09:28:45.590+0000] {logging_mixin.py:120} INFO - [2024-08-05T09:28:45.590+0000] {dag.py:3340} INFO - Setting next_dagrun for example_xcom_args to None, run_after=None
[2024-08-05T09:28:45.635+0000] {logging_mixin.py:120} INFO - [2024-08-05T09:28:45.635+0000] {dag.py:3340} INFO - Setting next_dagrun for example_xcom_args_with_operators to None, run_after=None
[2024-08-05T09:28:45.683+0000] {processor.py:176} INFO - Processing /home/airflow/.local/lib/python3.7/site-packages/airflow/example_dags/example_xcomargs.py took 0.255 seconds
[2024-08-05T09:29:16.421+0000] {processor.py:154} INFO - Started process (PID=16424) to work on /home/airflow/.local/lib/python3.7/site-packages/airflow/example_dags/example_xcomargs.py
[2024-08-05T09:29:16.423+0000] {processor.py:756} INFO - Processing file /home/airflow/.local/lib/python3.7/site-packages/airflow/example_dags/example_xcomargs.py for tasks to queue
[2024-08-05T09:29:16.424+0000] {logging_mixin.py:120} INFO - [2024-08-05T09:29:16.424+0000] {dagbag.py:537} INFO - Filling up the DagBag from /home/airflow/.local/lib/python3.7/site-packages/airflow/example_dags/example_xcomargs.py
[2024-08-05T09:29:16.446+0000] {processor.py:766} INFO - DAG(s) dict_keys(['example_xcom_args_with_operators', 'example_xcom_args']) retrieved from /home/airflow/.local/lib/python3.7/site-packages/airflow/example_dags/example_xcomargs.py
[2024-08-05T09:29:16.515+0000] {logging_mixin.py:120} INFO - [2024-08-05T09:29:16.514+0000] {dag.py:2585} INFO - Sync 2 DAGs
[2024-08-05T09:29:16.589+0000] {logging_mixin.py:120} INFO - [2024-08-05T09:29:16.588+0000] {dag.py:3340} INFO - Setting next_dagrun for example_xcom_args to None, run_after=None
[2024-08-05T09:29:16.601+0000] {logging_mixin.py:120} INFO - [2024-08-05T09:29:16.601+0000] {dag.py:3340} INFO - Setting next_dagrun for example_xcom_args_with_operators to None, run_after=None
[2024-08-05T09:29:16.623+0000] {processor.py:176} INFO - Processing /home/airflow/.local/lib/python3.7/site-packages/airflow/example_dags/example_xcomargs.py took 0.205 seconds
[2024-08-05T09:29:47.161+0000] {processor.py:154} INFO - Started process (PID=16482) to work on /home/airflow/.local/lib/python3.7/site-packages/airflow/example_dags/example_xcomargs.py
[2024-08-05T09:29:47.162+0000] {processor.py:756} INFO - Processing file /home/airflow/.local/lib/python3.7/site-packages/airflow/example_dags/example_xcomargs.py for tasks to queue
[2024-08-05T09:29:47.163+0000] {logging_mixin.py:120} INFO - [2024-08-05T09:29:47.163+0000] {dagbag.py:537} INFO - Filling up the DagBag from /home/airflow/.local/lib/python3.7/site-packages/airflow/example_dags/example_xcomargs.py
[2024-08-05T09:29:47.185+0000] {processor.py:766} INFO - DAG(s) dict_keys(['example_xcom_args', 'example_xcom_args_with_operators']) retrieved from /home/airflow/.local/lib/python3.7/site-packages/airflow/example_dags/example_xcomargs.py
[2024-08-05T09:29:47.228+0000] {logging_mixin.py:120} INFO - [2024-08-05T09:29:47.227+0000] {dag.py:2585} INFO - Sync 2 DAGs
[2024-08-05T09:29:47.256+0000] {logging_mixin.py:120} INFO - [2024-08-05T09:29:47.255+0000] {dag.py:3340} INFO - Setting next_dagrun for example_xcom_args to None, run_after=None
[2024-08-05T09:29:47.263+0000] {logging_mixin.py:120} INFO - [2024-08-05T09:29:47.263+0000] {dag.py:3340} INFO - Setting next_dagrun for example_xcom_args_with_operators to None, run_after=None
[2024-08-05T09:29:47.294+0000] {processor.py:176} INFO - Processing /home/airflow/.local/lib/python3.7/site-packages/airflow/example_dags/example_xcomargs.py took 0.136 seconds
[2024-08-05T09:30:17.900+0000] {processor.py:154} INFO - Started process (PID=16549) to work on /home/airflow/.local/lib/python3.7/site-packages/airflow/example_dags/example_xcomargs.py
[2024-08-05T09:30:17.901+0000] {processor.py:756} INFO - Processing file /home/airflow/.local/lib/python3.7/site-packages/airflow/example_dags/example_xcomargs.py for tasks to queue
[2024-08-05T09:30:17.902+0000] {logging_mixin.py:120} INFO - [2024-08-05T09:30:17.902+0000] {dagbag.py:537} INFO - Filling up the DagBag from /home/airflow/.local/lib/python3.7/site-packages/airflow/example_dags/example_xcomargs.py
[2024-08-05T09:30:17.937+0000] {processor.py:766} INFO - DAG(s) dict_keys(['example_xcom_args_with_operators', 'example_xcom_args']) retrieved from /home/airflow/.local/lib/python3.7/site-packages/airflow/example_dags/example_xcomargs.py
[2024-08-05T09:30:17.980+0000] {logging_mixin.py:120} INFO - [2024-08-05T09:30:17.980+0000] {dag.py:2585} INFO - Sync 2 DAGs
[2024-08-05T09:30:18.005+0000] {logging_mixin.py:120} INFO - [2024-08-05T09:30:18.005+0000] {dag.py:3340} INFO - Setting next_dagrun for example_xcom_args to None, run_after=None
[2024-08-05T09:30:18.020+0000] {logging_mixin.py:120} INFO - [2024-08-05T09:30:18.019+0000] {dag.py:3340} INFO - Setting next_dagrun for example_xcom_args_with_operators to None, run_after=None
[2024-08-05T09:30:18.055+0000] {processor.py:176} INFO - Processing /home/airflow/.local/lib/python3.7/site-packages/airflow/example_dags/example_xcomargs.py took 0.158 seconds
[2024-08-05T09:30:48.325+0000] {processor.py:154} INFO - Started process (PID=16616) to work on /home/airflow/.local/lib/python3.7/site-packages/airflow/example_dags/example_xcomargs.py
[2024-08-05T09:30:48.333+0000] {processor.py:756} INFO - Processing file /home/airflow/.local/lib/python3.7/site-packages/airflow/example_dags/example_xcomargs.py for tasks to queue
[2024-08-05T09:30:48.337+0000] {logging_mixin.py:120} INFO - [2024-08-05T09:30:48.336+0000] {dagbag.py:537} INFO - Filling up the DagBag from /home/airflow/.local/lib/python3.7/site-packages/airflow/example_dags/example_xcomargs.py
[2024-08-05T09:30:48.366+0000] {processor.py:766} INFO - DAG(s) dict_keys(['example_xcom_args_with_operators', 'example_xcom_args']) retrieved from /home/airflow/.local/lib/python3.7/site-packages/airflow/example_dags/example_xcomargs.py
[2024-08-05T09:30:48.422+0000] {logging_mixin.py:120} INFO - [2024-08-05T09:30:48.422+0000] {dag.py:2585} INFO - Sync 2 DAGs
[2024-08-05T09:30:48.488+0000] {logging_mixin.py:120} INFO - [2024-08-05T09:30:48.487+0000] {dag.py:3340} INFO - Setting next_dagrun for example_xcom_args to None, run_after=None
[2024-08-05T09:30:48.493+0000] {logging_mixin.py:120} INFO - [2024-08-05T09:30:48.493+0000] {dag.py:3340} INFO - Setting next_dagrun for example_xcom_args_with_operators to None, run_after=None
[2024-08-05T09:30:48.520+0000] {processor.py:176} INFO - Processing /home/airflow/.local/lib/python3.7/site-packages/airflow/example_dags/example_xcomargs.py took 0.199 seconds
[2024-08-05T09:31:19.521+0000] {processor.py:154} INFO - Started process (PID=16674) to work on /home/airflow/.local/lib/python3.7/site-packages/airflow/example_dags/example_xcomargs.py
[2024-08-05T09:31:19.523+0000] {processor.py:756} INFO - Processing file /home/airflow/.local/lib/python3.7/site-packages/airflow/example_dags/example_xcomargs.py for tasks to queue
[2024-08-05T09:31:19.645+0000] {logging_mixin.py:120} INFO - [2024-08-05T09:31:19.645+0000] {dagbag.py:537} INFO - Filling up the DagBag from /home/airflow/.local/lib/python3.7/site-packages/airflow/example_dags/example_xcomargs.py
[2024-08-05T09:31:19.690+0000] {processor.py:766} INFO - DAG(s) dict_keys(['example_xcom_args', 'example_xcom_args_with_operators']) retrieved from /home/airflow/.local/lib/python3.7/site-packages/airflow/example_dags/example_xcomargs.py
[2024-08-05T09:31:19.750+0000] {logging_mixin.py:120} INFO - [2024-08-05T09:31:19.750+0000] {dag.py:2585} INFO - Sync 2 DAGs
[2024-08-05T09:31:19.773+0000] {logging_mixin.py:120} INFO - [2024-08-05T09:31:19.773+0000] {dag.py:3340} INFO - Setting next_dagrun for example_xcom_args to None, run_after=None
[2024-08-05T09:31:19.781+0000] {logging_mixin.py:120} INFO - [2024-08-05T09:31:19.781+0000] {dag.py:3340} INFO - Setting next_dagrun for example_xcom_args_with_operators to None, run_after=None
[2024-08-05T09:31:19.806+0000] {processor.py:176} INFO - Processing /home/airflow/.local/lib/python3.7/site-packages/airflow/example_dags/example_xcomargs.py took 0.289 seconds
[2024-08-05T09:31:50.331+0000] {processor.py:154} INFO - Started process (PID=16742) to work on /home/airflow/.local/lib/python3.7/site-packages/airflow/example_dags/example_xcomargs.py
[2024-08-05T09:31:50.333+0000] {processor.py:756} INFO - Processing file /home/airflow/.local/lib/python3.7/site-packages/airflow/example_dags/example_xcomargs.py for tasks to queue
[2024-08-05T09:31:50.334+0000] {logging_mixin.py:120} INFO - [2024-08-05T09:31:50.334+0000] {dagbag.py:537} INFO - Filling up the DagBag from /home/airflow/.local/lib/python3.7/site-packages/airflow/example_dags/example_xcomargs.py
[2024-08-05T09:31:50.360+0000] {processor.py:766} INFO - DAG(s) dict_keys(['example_xcom_args_with_operators', 'example_xcom_args']) retrieved from /home/airflow/.local/lib/python3.7/site-packages/airflow/example_dags/example_xcomargs.py
[2024-08-05T09:31:50.415+0000] {logging_mixin.py:120} INFO - [2024-08-05T09:31:50.415+0000] {dag.py:2585} INFO - Sync 2 DAGs
[2024-08-05T09:31:50.456+0000] {logging_mixin.py:120} INFO - [2024-08-05T09:31:50.456+0000] {dag.py:3340} INFO - Setting next_dagrun for example_xcom_args to None, run_after=None
[2024-08-05T09:31:50.461+0000] {logging_mixin.py:120} INFO - [2024-08-05T09:31:50.461+0000] {dag.py:3340} INFO - Setting next_dagrun for example_xcom_args_with_operators to None, run_after=None
[2024-08-05T09:31:50.484+0000] {processor.py:176} INFO - Processing /home/airflow/.local/lib/python3.7/site-packages/airflow/example_dags/example_xcomargs.py took 0.156 seconds
[2024-08-05T09:32:21.166+0000] {processor.py:154} INFO - Started process (PID=16809) to work on /home/airflow/.local/lib/python3.7/site-packages/airflow/example_dags/example_xcomargs.py
[2024-08-05T09:32:21.167+0000] {processor.py:756} INFO - Processing file /home/airflow/.local/lib/python3.7/site-packages/airflow/example_dags/example_xcomargs.py for tasks to queue
[2024-08-05T09:32:21.178+0000] {logging_mixin.py:120} INFO - [2024-08-05T09:32:21.178+0000] {dagbag.py:537} INFO - Filling up the DagBag from /home/airflow/.local/lib/python3.7/site-packages/airflow/example_dags/example_xcomargs.py
[2024-08-05T09:32:21.210+0000] {processor.py:766} INFO - DAG(s) dict_keys(['example_xcom_args', 'example_xcom_args_with_operators']) retrieved from /home/airflow/.local/lib/python3.7/site-packages/airflow/example_dags/example_xcomargs.py
[2024-08-05T09:32:21.335+0000] {logging_mixin.py:120} INFO - [2024-08-05T09:32:21.335+0000] {dag.py:2585} INFO - Sync 2 DAGs
[2024-08-05T09:32:21.367+0000] {logging_mixin.py:120} INFO - [2024-08-05T09:32:21.367+0000] {dag.py:3340} INFO - Setting next_dagrun for example_xcom_args to None, run_after=None
[2024-08-05T09:32:21.430+0000] {logging_mixin.py:120} INFO - [2024-08-05T09:32:21.429+0000] {dag.py:3340} INFO - Setting next_dagrun for example_xcom_args_with_operators to None, run_after=None
[2024-08-05T09:32:21.468+0000] {processor.py:176} INFO - Processing /home/airflow/.local/lib/python3.7/site-packages/airflow/example_dags/example_xcomargs.py took 0.308 seconds
[2024-08-05T09:32:51.775+0000] {processor.py:154} INFO - Started process (PID=16867) to work on /home/airflow/.local/lib/python3.7/site-packages/airflow/example_dags/example_xcomargs.py
[2024-08-05T09:32:51.776+0000] {processor.py:756} INFO - Processing file /home/airflow/.local/lib/python3.7/site-packages/airflow/example_dags/example_xcomargs.py for tasks to queue
[2024-08-05T09:32:51.778+0000] {logging_mixin.py:120} INFO - [2024-08-05T09:32:51.778+0000] {dagbag.py:537} INFO - Filling up the DagBag from /home/airflow/.local/lib/python3.7/site-packages/airflow/example_dags/example_xcomargs.py
[2024-08-05T09:32:51.811+0000] {processor.py:766} INFO - DAG(s) dict_keys(['example_xcom_args', 'example_xcom_args_with_operators']) retrieved from /home/airflow/.local/lib/python3.7/site-packages/airflow/example_dags/example_xcomargs.py
[2024-08-05T09:32:51.858+0000] {logging_mixin.py:120} INFO - [2024-08-05T09:32:51.857+0000] {dag.py:2585} INFO - Sync 2 DAGs
[2024-08-05T09:32:51.887+0000] {logging_mixin.py:120} INFO - [2024-08-05T09:32:51.886+0000] {dag.py:3340} INFO - Setting next_dagrun for example_xcom_args to None, run_after=None
[2024-08-05T09:32:51.892+0000] {logging_mixin.py:120} INFO - [2024-08-05T09:32:51.892+0000] {dag.py:3340} INFO - Setting next_dagrun for example_xcom_args_with_operators to None, run_after=None
[2024-08-05T09:32:51.913+0000] {processor.py:176} INFO - Processing /home/airflow/.local/lib/python3.7/site-packages/airflow/example_dags/example_xcomargs.py took 0.142 seconds
[2024-08-05T09:33:23.512+0000] {processor.py:154} INFO - Started process (PID=16934) to work on /home/airflow/.local/lib/python3.7/site-packages/airflow/example_dags/example_xcomargs.py
[2024-08-05T09:33:23.518+0000] {processor.py:756} INFO - Processing file /home/airflow/.local/lib/python3.7/site-packages/airflow/example_dags/example_xcomargs.py for tasks to queue
[2024-08-05T09:33:23.539+0000] {logging_mixin.py:120} INFO - [2024-08-05T09:33:23.538+0000] {dagbag.py:537} INFO - Filling up the DagBag from /home/airflow/.local/lib/python3.7/site-packages/airflow/example_dags/example_xcomargs.py
[2024-08-05T09:33:23.687+0000] {processor.py:766} INFO - DAG(s) dict_keys(['example_xcom_args_with_operators', 'example_xcom_args']) retrieved from /home/airflow/.local/lib/python3.7/site-packages/airflow/example_dags/example_xcomargs.py
[2024-08-05T09:33:23.739+0000] {logging_mixin.py:120} INFO - [2024-08-05T09:33:23.739+0000] {dag.py:2585} INFO - Sync 2 DAGs
[2024-08-05T09:33:23.877+0000] {logging_mixin.py:120} INFO - [2024-08-05T09:33:23.877+0000] {dag.py:3340} INFO - Setting next_dagrun for example_xcom_args to None, run_after=None
[2024-08-05T09:33:23.888+0000] {logging_mixin.py:120} INFO - [2024-08-05T09:33:23.888+0000] {dag.py:3340} INFO - Setting next_dagrun for example_xcom_args_with_operators to None, run_after=None
[2024-08-05T09:33:24.042+0000] {processor.py:176} INFO - Processing /home/airflow/.local/lib/python3.7/site-packages/airflow/example_dags/example_xcomargs.py took 0.527 seconds
[2024-08-05T09:33:54.573+0000] {processor.py:154} INFO - Started process (PID=17001) to work on /home/airflow/.local/lib/python3.7/site-packages/airflow/example_dags/example_xcomargs.py
[2024-08-05T09:33:54.574+0000] {processor.py:756} INFO - Processing file /home/airflow/.local/lib/python3.7/site-packages/airflow/example_dags/example_xcomargs.py for tasks to queue
[2024-08-05T09:33:54.575+0000] {logging_mixin.py:120} INFO - [2024-08-05T09:33:54.575+0000] {dagbag.py:537} INFO - Filling up the DagBag from /home/airflow/.local/lib/python3.7/site-packages/airflow/example_dags/example_xcomargs.py
[2024-08-05T09:33:54.603+0000] {processor.py:766} INFO - DAG(s) dict_keys(['example_xcom_args', 'example_xcom_args_with_operators']) retrieved from /home/airflow/.local/lib/python3.7/site-packages/airflow/example_dags/example_xcomargs.py
[2024-08-05T09:33:54.656+0000] {logging_mixin.py:120} INFO - [2024-08-05T09:33:54.656+0000] {dag.py:2585} INFO - Sync 2 DAGs
[2024-08-05T09:33:54.688+0000] {logging_mixin.py:120} INFO - [2024-08-05T09:33:54.688+0000] {dag.py:3340} INFO - Setting next_dagrun for example_xcom_args to None, run_after=None
[2024-08-05T09:33:54.693+0000] {logging_mixin.py:120} INFO - [2024-08-05T09:33:54.693+0000] {dag.py:3340} INFO - Setting next_dagrun for example_xcom_args_with_operators to None, run_after=None
[2024-08-05T09:33:54.726+0000] {processor.py:176} INFO - Processing /home/airflow/.local/lib/python3.7/site-packages/airflow/example_dags/example_xcomargs.py took 0.156 seconds
[2024-08-05T09:34:25.438+0000] {processor.py:154} INFO - Started process (PID=17059) to work on /home/airflow/.local/lib/python3.7/site-packages/airflow/example_dags/example_xcomargs.py
[2024-08-05T09:34:25.439+0000] {processor.py:756} INFO - Processing file /home/airflow/.local/lib/python3.7/site-packages/airflow/example_dags/example_xcomargs.py for tasks to queue
[2024-08-05T09:34:25.440+0000] {logging_mixin.py:120} INFO - [2024-08-05T09:34:25.440+0000] {dagbag.py:537} INFO - Filling up the DagBag from /home/airflow/.local/lib/python3.7/site-packages/airflow/example_dags/example_xcomargs.py
[2024-08-05T09:34:25.475+0000] {processor.py:766} INFO - DAG(s) dict_keys(['example_xcom_args_with_operators', 'example_xcom_args']) retrieved from /home/airflow/.local/lib/python3.7/site-packages/airflow/example_dags/example_xcomargs.py
[2024-08-05T09:34:25.549+0000] {logging_mixin.py:120} INFO - [2024-08-05T09:34:25.548+0000] {dag.py:2585} INFO - Sync 2 DAGs
[2024-08-05T09:34:25.705+0000] {logging_mixin.py:120} INFO - [2024-08-05T09:34:25.705+0000] {dag.py:3340} INFO - Setting next_dagrun for example_xcom_args to None, run_after=None
[2024-08-05T09:34:25.756+0000] {logging_mixin.py:120} INFO - [2024-08-05T09:34:25.756+0000] {dag.py:3340} INFO - Setting next_dagrun for example_xcom_args_with_operators to None, run_after=None
[2024-08-05T09:34:25.850+0000] {processor.py:176} INFO - Processing /home/airflow/.local/lib/python3.7/site-packages/airflow/example_dags/example_xcomargs.py took 0.414 seconds
[2024-08-05T09:34:56.400+0000] {processor.py:154} INFO - Started process (PID=17126) to work on /home/airflow/.local/lib/python3.7/site-packages/airflow/example_dags/example_xcomargs.py
[2024-08-05T09:34:56.402+0000] {processor.py:756} INFO - Processing file /home/airflow/.local/lib/python3.7/site-packages/airflow/example_dags/example_xcomargs.py for tasks to queue
[2024-08-05T09:34:56.403+0000] {logging_mixin.py:120} INFO - [2024-08-05T09:34:56.402+0000] {dagbag.py:537} INFO - Filling up the DagBag from /home/airflow/.local/lib/python3.7/site-packages/airflow/example_dags/example_xcomargs.py
[2024-08-05T09:34:56.432+0000] {processor.py:766} INFO - DAG(s) dict_keys(['example_xcom_args_with_operators', 'example_xcom_args']) retrieved from /home/airflow/.local/lib/python3.7/site-packages/airflow/example_dags/example_xcomargs.py
[2024-08-05T09:34:56.481+0000] {logging_mixin.py:120} INFO - [2024-08-05T09:34:56.481+0000] {dag.py:2585} INFO - Sync 2 DAGs
[2024-08-05T09:34:56.527+0000] {logging_mixin.py:120} INFO - [2024-08-05T09:34:56.526+0000] {dag.py:3340} INFO - Setting next_dagrun for example_xcom_args to None, run_after=None
[2024-08-05T09:34:56.536+0000] {logging_mixin.py:120} INFO - [2024-08-05T09:34:56.536+0000] {dag.py:3340} INFO - Setting next_dagrun for example_xcom_args_with_operators to None, run_after=None
[2024-08-05T09:34:56.569+0000] {processor.py:176} INFO - Processing /home/airflow/.local/lib/python3.7/site-packages/airflow/example_dags/example_xcomargs.py took 0.172 seconds
[2024-08-05T09:35:26.835+0000] {processor.py:154} INFO - Started process (PID=17193) to work on /home/airflow/.local/lib/python3.7/site-packages/airflow/example_dags/example_xcomargs.py
[2024-08-05T09:35:26.867+0000] {processor.py:756} INFO - Processing file /home/airflow/.local/lib/python3.7/site-packages/airflow/example_dags/example_xcomargs.py for tasks to queue
[2024-08-05T09:35:26.872+0000] {logging_mixin.py:120} INFO - [2024-08-05T09:35:26.872+0000] {dagbag.py:537} INFO - Filling up the DagBag from /home/airflow/.local/lib/python3.7/site-packages/airflow/example_dags/example_xcomargs.py
[2024-08-05T09:35:26.912+0000] {processor.py:766} INFO - DAG(s) dict_keys(['example_xcom_args', 'example_xcom_args_with_operators']) retrieved from /home/airflow/.local/lib/python3.7/site-packages/airflow/example_dags/example_xcomargs.py
[2024-08-05T09:35:27.051+0000] {logging_mixin.py:120} INFO - [2024-08-05T09:35:27.051+0000] {dag.py:2585} INFO - Sync 2 DAGs
[2024-08-05T09:35:27.079+0000] {logging_mixin.py:120} INFO - [2024-08-05T09:35:27.079+0000] {dag.py:3340} INFO - Setting next_dagrun for example_xcom_args to None, run_after=None
[2024-08-05T09:35:27.083+0000] {logging_mixin.py:120} INFO - [2024-08-05T09:35:27.083+0000] {dag.py:3340} INFO - Setting next_dagrun for example_xcom_args_with_operators to None, run_after=None
[2024-08-05T09:35:27.102+0000] {processor.py:176} INFO - Processing /home/airflow/.local/lib/python3.7/site-packages/airflow/example_dags/example_xcomargs.py took 0.272 seconds
[2024-08-05T09:35:58.099+0000] {processor.py:154} INFO - Started process (PID=17251) to work on /home/airflow/.local/lib/python3.7/site-packages/airflow/example_dags/example_xcomargs.py
[2024-08-05T09:35:58.106+0000] {processor.py:756} INFO - Processing file /home/airflow/.local/lib/python3.7/site-packages/airflow/example_dags/example_xcomargs.py for tasks to queue
[2024-08-05T09:35:58.111+0000] {logging_mixin.py:120} INFO - [2024-08-05T09:35:58.110+0000] {dagbag.py:537} INFO - Filling up the DagBag from /home/airflow/.local/lib/python3.7/site-packages/airflow/example_dags/example_xcomargs.py
[2024-08-05T09:35:58.142+0000] {processor.py:766} INFO - DAG(s) dict_keys(['example_xcom_args_with_operators', 'example_xcom_args']) retrieved from /home/airflow/.local/lib/python3.7/site-packages/airflow/example_dags/example_xcomargs.py
[2024-08-05T09:35:58.254+0000] {logging_mixin.py:120} INFO - [2024-08-05T09:35:58.254+0000] {dag.py:2585} INFO - Sync 2 DAGs
[2024-08-05T09:35:58.344+0000] {logging_mixin.py:120} INFO - [2024-08-05T09:35:58.344+0000] {dag.py:3340} INFO - Setting next_dagrun for example_xcom_args to None, run_after=None
[2024-08-05T09:35:58.421+0000] {logging_mixin.py:120} INFO - [2024-08-05T09:35:58.421+0000] {dag.py:3340} INFO - Setting next_dagrun for example_xcom_args_with_operators to None, run_after=None
[2024-08-05T09:35:58.470+0000] {processor.py:176} INFO - Processing /home/airflow/.local/lib/python3.7/site-packages/airflow/example_dags/example_xcomargs.py took 0.374 seconds
[2024-08-05T09:36:29.149+0000] {processor.py:154} INFO - Started process (PID=17318) to work on /home/airflow/.local/lib/python3.7/site-packages/airflow/example_dags/example_xcomargs.py
[2024-08-05T09:36:29.151+0000] {processor.py:756} INFO - Processing file /home/airflow/.local/lib/python3.7/site-packages/airflow/example_dags/example_xcomargs.py for tasks to queue
[2024-08-05T09:36:29.152+0000] {logging_mixin.py:120} INFO - [2024-08-05T09:36:29.152+0000] {dagbag.py:537} INFO - Filling up the DagBag from /home/airflow/.local/lib/python3.7/site-packages/airflow/example_dags/example_xcomargs.py
[2024-08-05T09:36:29.209+0000] {processor.py:766} INFO - DAG(s) dict_keys(['example_xcom_args_with_operators', 'example_xcom_args']) retrieved from /home/airflow/.local/lib/python3.7/site-packages/airflow/example_dags/example_xcomargs.py
[2024-08-05T09:36:29.294+0000] {logging_mixin.py:120} INFO - [2024-08-05T09:36:29.293+0000] {dag.py:2585} INFO - Sync 2 DAGs
[2024-08-05T09:36:29.366+0000] {logging_mixin.py:120} INFO - [2024-08-05T09:36:29.366+0000] {dag.py:3340} INFO - Setting next_dagrun for example_xcom_args to None, run_after=None
[2024-08-05T09:36:29.404+0000] {logging_mixin.py:120} INFO - [2024-08-05T09:36:29.404+0000] {dag.py:3340} INFO - Setting next_dagrun for example_xcom_args_with_operators to None, run_after=None
[2024-08-05T09:36:29.451+0000] {processor.py:176} INFO - Processing /home/airflow/.local/lib/python3.7/site-packages/airflow/example_dags/example_xcomargs.py took 0.306 seconds
[2024-08-05T09:36:59.946+0000] {processor.py:154} INFO - Started process (PID=17385) to work on /home/airflow/.local/lib/python3.7/site-packages/airflow/example_dags/example_xcomargs.py
[2024-08-05T09:36:59.947+0000] {processor.py:756} INFO - Processing file /home/airflow/.local/lib/python3.7/site-packages/airflow/example_dags/example_xcomargs.py for tasks to queue
[2024-08-05T09:36:59.948+0000] {logging_mixin.py:120} INFO - [2024-08-05T09:36:59.948+0000] {dagbag.py:537} INFO - Filling up the DagBag from /home/airflow/.local/lib/python3.7/site-packages/airflow/example_dags/example_xcomargs.py
[2024-08-05T09:36:59.972+0000] {processor.py:766} INFO - DAG(s) dict_keys(['example_xcom_args', 'example_xcom_args_with_operators']) retrieved from /home/airflow/.local/lib/python3.7/site-packages/airflow/example_dags/example_xcomargs.py
[2024-08-05T09:37:00.023+0000] {logging_mixin.py:120} INFO - [2024-08-05T09:37:00.023+0000] {dag.py:2585} INFO - Sync 2 DAGs
[2024-08-05T09:37:00.073+0000] {logging_mixin.py:120} INFO - [2024-08-05T09:37:00.073+0000] {dag.py:3340} INFO - Setting next_dagrun for example_xcom_args to None, run_after=None
[2024-08-05T09:37:00.176+0000] {logging_mixin.py:120} INFO - [2024-08-05T09:37:00.175+0000] {dag.py:3340} INFO - Setting next_dagrun for example_xcom_args_with_operators to None, run_after=None
[2024-08-05T09:37:00.217+0000] {processor.py:176} INFO - Processing /home/airflow/.local/lib/python3.7/site-packages/airflow/example_dags/example_xcomargs.py took 0.275 seconds
[2024-08-05T09:37:30.380+0000] {processor.py:154} INFO - Started process (PID=17444) to work on /home/airflow/.local/lib/python3.7/site-packages/airflow/example_dags/example_xcomargs.py
[2024-08-05T09:37:30.381+0000] {processor.py:756} INFO - Processing file /home/airflow/.local/lib/python3.7/site-packages/airflow/example_dags/example_xcomargs.py for tasks to queue
[2024-08-05T09:37:30.382+0000] {logging_mixin.py:120} INFO - [2024-08-05T09:37:30.382+0000] {dagbag.py:537} INFO - Filling up the DagBag from /home/airflow/.local/lib/python3.7/site-packages/airflow/example_dags/example_xcomargs.py
[2024-08-05T09:37:30.404+0000] {processor.py:766} INFO - DAG(s) dict_keys(['example_xcom_args', 'example_xcom_args_with_operators']) retrieved from /home/airflow/.local/lib/python3.7/site-packages/airflow/example_dags/example_xcomargs.py
[2024-08-05T09:37:30.446+0000] {logging_mixin.py:120} INFO - [2024-08-05T09:37:30.446+0000] {dag.py:2585} INFO - Sync 2 DAGs
[2024-08-05T09:37:30.470+0000] {logging_mixin.py:120} INFO - [2024-08-05T09:37:30.470+0000] {dag.py:3340} INFO - Setting next_dagrun for example_xcom_args to None, run_after=None
[2024-08-05T09:37:30.474+0000] {logging_mixin.py:120} INFO - [2024-08-05T09:37:30.473+0000] {dag.py:3340} INFO - Setting next_dagrun for example_xcom_args_with_operators to None, run_after=None
[2024-08-05T09:37:30.497+0000] {processor.py:176} INFO - Processing /home/airflow/.local/lib/python3.7/site-packages/airflow/example_dags/example_xcomargs.py took 0.120 seconds
[2024-08-05T09:38:00.860+0000] {processor.py:154} INFO - Started process (PID=17510) to work on /home/airflow/.local/lib/python3.7/site-packages/airflow/example_dags/example_xcomargs.py
[2024-08-05T09:38:00.871+0000] {processor.py:756} INFO - Processing file /home/airflow/.local/lib/python3.7/site-packages/airflow/example_dags/example_xcomargs.py for tasks to queue
[2024-08-05T09:38:00.957+0000] {logging_mixin.py:120} INFO - [2024-08-05T09:38:00.957+0000] {dagbag.py:537} INFO - Filling up the DagBag from /home/airflow/.local/lib/python3.7/site-packages/airflow/example_dags/example_xcomargs.py
[2024-08-05T09:38:01.048+0000] {processor.py:766} INFO - DAG(s) dict_keys(['example_xcom_args_with_operators', 'example_xcom_args']) retrieved from /home/airflow/.local/lib/python3.7/site-packages/airflow/example_dags/example_xcomargs.py
[2024-08-05T09:38:01.144+0000] {logging_mixin.py:120} INFO - [2024-08-05T09:38:01.143+0000] {dag.py:2585} INFO - Sync 2 DAGs
[2024-08-05T09:38:01.274+0000] {logging_mixin.py:120} INFO - [2024-08-05T09:38:01.274+0000] {dag.py:3340} INFO - Setting next_dagrun for example_xcom_args to None, run_after=None
[2024-08-05T09:38:01.281+0000] {logging_mixin.py:120} INFO - [2024-08-05T09:38:01.281+0000] {dag.py:3340} INFO - Setting next_dagrun for example_xcom_args_with_operators to None, run_after=None
[2024-08-05T09:38:01.320+0000] {processor.py:176} INFO - Processing /home/airflow/.local/lib/python3.7/site-packages/airflow/example_dags/example_xcomargs.py took 0.468 seconds
[2024-08-05T09:38:32.240+0000] {processor.py:154} INFO - Started process (PID=17577) to work on /home/airflow/.local/lib/python3.7/site-packages/airflow/example_dags/example_xcomargs.py
[2024-08-05T09:38:32.242+0000] {processor.py:756} INFO - Processing file /home/airflow/.local/lib/python3.7/site-packages/airflow/example_dags/example_xcomargs.py for tasks to queue
[2024-08-05T09:38:32.244+0000] {logging_mixin.py:120} INFO - [2024-08-05T09:38:32.244+0000] {dagbag.py:537} INFO - Filling up the DagBag from /home/airflow/.local/lib/python3.7/site-packages/airflow/example_dags/example_xcomargs.py
[2024-08-05T09:38:32.276+0000] {processor.py:766} INFO - DAG(s) dict_keys(['example_xcom_args_with_operators', 'example_xcom_args']) retrieved from /home/airflow/.local/lib/python3.7/site-packages/airflow/example_dags/example_xcomargs.py
[2024-08-05T09:38:32.322+0000] {logging_mixin.py:120} INFO - [2024-08-05T09:38:32.322+0000] {dag.py:2585} INFO - Sync 2 DAGs
[2024-08-05T09:38:32.353+0000] {logging_mixin.py:120} INFO - [2024-08-05T09:38:32.352+0000] {dag.py:3340} INFO - Setting next_dagrun for example_xcom_args to None, run_after=None
[2024-08-05T09:38:32.358+0000] {logging_mixin.py:120} INFO - [2024-08-05T09:38:32.357+0000] {dag.py:3340} INFO - Setting next_dagrun for example_xcom_args_with_operators to None, run_after=None
[2024-08-05T09:38:32.379+0000] {processor.py:176} INFO - Processing /home/airflow/.local/lib/python3.7/site-packages/airflow/example_dags/example_xcomargs.py took 0.143 seconds
[2024-08-05T09:39:02.698+0000] {processor.py:154} INFO - Started process (PID=17635) to work on /home/airflow/.local/lib/python3.7/site-packages/airflow/example_dags/example_xcomargs.py
[2024-08-05T09:39:02.700+0000] {processor.py:756} INFO - Processing file /home/airflow/.local/lib/python3.7/site-packages/airflow/example_dags/example_xcomargs.py for tasks to queue
[2024-08-05T09:39:02.702+0000] {logging_mixin.py:120} INFO - [2024-08-05T09:39:02.701+0000] {dagbag.py:537} INFO - Filling up the DagBag from /home/airflow/.local/lib/python3.7/site-packages/airflow/example_dags/example_xcomargs.py
[2024-08-05T09:39:02.736+0000] {processor.py:766} INFO - DAG(s) dict_keys(['example_xcom_args_with_operators', 'example_xcom_args']) retrieved from /home/airflow/.local/lib/python3.7/site-packages/airflow/example_dags/example_xcomargs.py
[2024-08-05T09:39:02.785+0000] {logging_mixin.py:120} INFO - [2024-08-05T09:39:02.785+0000] {dag.py:2585} INFO - Sync 2 DAGs
[2024-08-05T09:39:02.811+0000] {logging_mixin.py:120} INFO - [2024-08-05T09:39:02.811+0000] {dag.py:3340} INFO - Setting next_dagrun for example_xcom_args to None, run_after=None
[2024-08-05T09:39:02.815+0000] {logging_mixin.py:120} INFO - [2024-08-05T09:39:02.815+0000] {dag.py:3340} INFO - Setting next_dagrun for example_xcom_args_with_operators to None, run_after=None
[2024-08-05T09:39:02.837+0000] {processor.py:176} INFO - Processing /home/airflow/.local/lib/python3.7/site-packages/airflow/example_dags/example_xcomargs.py took 0.141 seconds
[2024-08-05T09:39:32.960+0000] {processor.py:154} INFO - Started process (PID=17702) to work on /home/airflow/.local/lib/python3.7/site-packages/airflow/example_dags/example_xcomargs.py
[2024-08-05T09:39:32.965+0000] {processor.py:756} INFO - Processing file /home/airflow/.local/lib/python3.7/site-packages/airflow/example_dags/example_xcomargs.py for tasks to queue
[2024-08-05T09:39:32.967+0000] {logging_mixin.py:120} INFO - [2024-08-05T09:39:32.967+0000] {dagbag.py:537} INFO - Filling up the DagBag from /home/airflow/.local/lib/python3.7/site-packages/airflow/example_dags/example_xcomargs.py
[2024-08-05T09:39:32.998+0000] {processor.py:766} INFO - DAG(s) dict_keys(['example_xcom_args_with_operators', 'example_xcom_args']) retrieved from /home/airflow/.local/lib/python3.7/site-packages/airflow/example_dags/example_xcomargs.py
[2024-08-05T09:39:33.086+0000] {logging_mixin.py:120} INFO - [2024-08-05T09:39:33.086+0000] {dag.py:2585} INFO - Sync 2 DAGs
[2024-08-05T09:39:33.258+0000] {logging_mixin.py:120} INFO - [2024-08-05T09:39:33.257+0000] {dag.py:3340} INFO - Setting next_dagrun for example_xcom_args to None, run_after=None
[2024-08-05T09:39:33.264+0000] {logging_mixin.py:120} INFO - [2024-08-05T09:39:33.264+0000] {dag.py:3340} INFO - Setting next_dagrun for example_xcom_args_with_operators to None, run_after=None
[2024-08-05T09:39:33.295+0000] {processor.py:176} INFO - Processing /home/airflow/.local/lib/python3.7/site-packages/airflow/example_dags/example_xcomargs.py took 0.341 seconds
[2024-08-05T09:40:03.592+0000] {processor.py:154} INFO - Started process (PID=17760) to work on /home/airflow/.local/lib/python3.7/site-packages/airflow/example_dags/example_xcomargs.py
[2024-08-05T09:40:03.593+0000] {processor.py:756} INFO - Processing file /home/airflow/.local/lib/python3.7/site-packages/airflow/example_dags/example_xcomargs.py for tasks to queue
[2024-08-05T09:40:03.594+0000] {logging_mixin.py:120} INFO - [2024-08-05T09:40:03.594+0000] {dagbag.py:537} INFO - Filling up the DagBag from /home/airflow/.local/lib/python3.7/site-packages/airflow/example_dags/example_xcomargs.py
[2024-08-05T09:40:03.618+0000] {processor.py:766} INFO - DAG(s) dict_keys(['example_xcom_args', 'example_xcom_args_with_operators']) retrieved from /home/airflow/.local/lib/python3.7/site-packages/airflow/example_dags/example_xcomargs.py
[2024-08-05T09:40:03.678+0000] {logging_mixin.py:120} INFO - [2024-08-05T09:40:03.678+0000] {dag.py:2585} INFO - Sync 2 DAGs
[2024-08-05T09:40:03.712+0000] {logging_mixin.py:120} INFO - [2024-08-05T09:40:03.712+0000] {dag.py:3340} INFO - Setting next_dagrun for example_xcom_args to None, run_after=None
[2024-08-05T09:40:03.718+0000] {logging_mixin.py:120} INFO - [2024-08-05T09:40:03.717+0000] {dag.py:3340} INFO - Setting next_dagrun for example_xcom_args_with_operators to None, run_after=None
[2024-08-05T09:40:03.747+0000] {processor.py:176} INFO - Processing /home/airflow/.local/lib/python3.7/site-packages/airflow/example_dags/example_xcomargs.py took 0.161 seconds
[2024-08-05T09:40:33.885+0000] {processor.py:154} INFO - Started process (PID=17827) to work on /home/airflow/.local/lib/python3.7/site-packages/airflow/example_dags/example_xcomargs.py
[2024-08-05T09:40:33.886+0000] {processor.py:756} INFO - Processing file /home/airflow/.local/lib/python3.7/site-packages/airflow/example_dags/example_xcomargs.py for tasks to queue
[2024-08-05T09:40:33.887+0000] {logging_mixin.py:120} INFO - [2024-08-05T09:40:33.887+0000] {dagbag.py:537} INFO - Filling up the DagBag from /home/airflow/.local/lib/python3.7/site-packages/airflow/example_dags/example_xcomargs.py
[2024-08-05T09:40:33.928+0000] {processor.py:766} INFO - DAG(s) dict_keys(['example_xcom_args_with_operators', 'example_xcom_args']) retrieved from /home/airflow/.local/lib/python3.7/site-packages/airflow/example_dags/example_xcomargs.py
[2024-08-05T09:40:33.977+0000] {logging_mixin.py:120} INFO - [2024-08-05T09:40:33.977+0000] {dag.py:2585} INFO - Sync 2 DAGs
[2024-08-05T09:40:34.002+0000] {logging_mixin.py:120} INFO - [2024-08-05T09:40:34.002+0000] {dag.py:3340} INFO - Setting next_dagrun for example_xcom_args to None, run_after=None
[2024-08-05T09:40:34.009+0000] {logging_mixin.py:120} INFO - [2024-08-05T09:40:34.008+0000] {dag.py:3340} INFO - Setting next_dagrun for example_xcom_args_with_operators to None, run_after=None
[2024-08-05T09:40:34.034+0000] {processor.py:176} INFO - Processing /home/airflow/.local/lib/python3.7/site-packages/airflow/example_dags/example_xcomargs.py took 0.154 seconds
[2024-08-05T09:41:04.189+0000] {processor.py:154} INFO - Started process (PID=17894) to work on /home/airflow/.local/lib/python3.7/site-packages/airflow/example_dags/example_xcomargs.py
[2024-08-05T09:41:04.191+0000] {processor.py:756} INFO - Processing file /home/airflow/.local/lib/python3.7/site-packages/airflow/example_dags/example_xcomargs.py for tasks to queue
[2024-08-05T09:41:04.193+0000] {logging_mixin.py:120} INFO - [2024-08-05T09:41:04.192+0000] {dagbag.py:537} INFO - Filling up the DagBag from /home/airflow/.local/lib/python3.7/site-packages/airflow/example_dags/example_xcomargs.py
[2024-08-05T09:41:04.233+0000] {processor.py:766} INFO - DAG(s) dict_keys(['example_xcom_args_with_operators', 'example_xcom_args']) retrieved from /home/airflow/.local/lib/python3.7/site-packages/airflow/example_dags/example_xcomargs.py
[2024-08-05T09:41:04.322+0000] {logging_mixin.py:120} INFO - [2024-08-05T09:41:04.321+0000] {dag.py:2585} INFO - Sync 2 DAGs
[2024-08-05T09:41:04.362+0000] {logging_mixin.py:120} INFO - [2024-08-05T09:41:04.361+0000] {dag.py:3340} INFO - Setting next_dagrun for example_xcom_args to None, run_after=None
[2024-08-05T09:41:04.370+0000] {logging_mixin.py:120} INFO - [2024-08-05T09:41:04.370+0000] {dag.py:3340} INFO - Setting next_dagrun for example_xcom_args_with_operators to None, run_after=None
[2024-08-05T09:41:04.406+0000] {processor.py:176} INFO - Processing /home/airflow/.local/lib/python3.7/site-packages/airflow/example_dags/example_xcomargs.py took 0.224 seconds
[2024-08-05T09:41:35.079+0000] {processor.py:154} INFO - Started process (PID=17953) to work on /home/airflow/.local/lib/python3.7/site-packages/airflow/example_dags/example_xcomargs.py
[2024-08-05T09:41:35.080+0000] {processor.py:756} INFO - Processing file /home/airflow/.local/lib/python3.7/site-packages/airflow/example_dags/example_xcomargs.py for tasks to queue
[2024-08-05T09:41:35.081+0000] {logging_mixin.py:120} INFO - [2024-08-05T09:41:35.081+0000] {dagbag.py:537} INFO - Filling up the DagBag from /home/airflow/.local/lib/python3.7/site-packages/airflow/example_dags/example_xcomargs.py
[2024-08-05T09:41:35.115+0000] {processor.py:766} INFO - DAG(s) dict_keys(['example_xcom_args', 'example_xcom_args_with_operators']) retrieved from /home/airflow/.local/lib/python3.7/site-packages/airflow/example_dags/example_xcomargs.py
[2024-08-05T09:41:35.289+0000] {logging_mixin.py:120} INFO - [2024-08-05T09:41:35.289+0000] {dag.py:2585} INFO - Sync 2 DAGs
[2024-08-05T09:41:35.386+0000] {logging_mixin.py:120} INFO - [2024-08-05T09:41:35.386+0000] {dag.py:3340} INFO - Setting next_dagrun for example_xcom_args to None, run_after=None
[2024-08-05T09:41:35.444+0000] {logging_mixin.py:120} INFO - [2024-08-05T09:41:35.443+0000] {dag.py:3340} INFO - Setting next_dagrun for example_xcom_args_with_operators to None, run_after=None
[2024-08-05T09:41:35.520+0000] {processor.py:176} INFO - Processing /home/airflow/.local/lib/python3.7/site-packages/airflow/example_dags/example_xcomargs.py took 0.445 seconds
[2024-08-05T09:42:05.654+0000] {processor.py:154} INFO - Started process (PID=18020) to work on /home/airflow/.local/lib/python3.7/site-packages/airflow/example_dags/example_xcomargs.py
[2024-08-05T09:42:05.655+0000] {processor.py:756} INFO - Processing file /home/airflow/.local/lib/python3.7/site-packages/airflow/example_dags/example_xcomargs.py for tasks to queue
[2024-08-05T09:42:05.656+0000] {logging_mixin.py:120} INFO - [2024-08-05T09:42:05.656+0000] {dagbag.py:537} INFO - Filling up the DagBag from /home/airflow/.local/lib/python3.7/site-packages/airflow/example_dags/example_xcomargs.py
[2024-08-05T09:42:05.683+0000] {processor.py:766} INFO - DAG(s) dict_keys(['example_xcom_args_with_operators', 'example_xcom_args']) retrieved from /home/airflow/.local/lib/python3.7/site-packages/airflow/example_dags/example_xcomargs.py
[2024-08-05T09:42:05.733+0000] {logging_mixin.py:120} INFO - [2024-08-05T09:42:05.733+0000] {dag.py:2585} INFO - Sync 2 DAGs
[2024-08-05T09:42:05.759+0000] {logging_mixin.py:120} INFO - [2024-08-05T09:42:05.759+0000] {dag.py:3340} INFO - Setting next_dagrun for example_xcom_args to None, run_after=None
[2024-08-05T09:42:05.764+0000] {logging_mixin.py:120} INFO - [2024-08-05T09:42:05.764+0000] {dag.py:3340} INFO - Setting next_dagrun for example_xcom_args_with_operators to None, run_after=None
[2024-08-05T09:42:05.791+0000] {processor.py:176} INFO - Processing /home/airflow/.local/lib/python3.7/site-packages/airflow/example_dags/example_xcomargs.py took 0.140 seconds
[2024-08-05T09:42:36.175+0000] {processor.py:154} INFO - Started process (PID=18078) to work on /home/airflow/.local/lib/python3.7/site-packages/airflow/example_dags/example_xcomargs.py
[2024-08-05T09:42:36.176+0000] {processor.py:756} INFO - Processing file /home/airflow/.local/lib/python3.7/site-packages/airflow/example_dags/example_xcomargs.py for tasks to queue
[2024-08-05T09:42:36.177+0000] {logging_mixin.py:120} INFO - [2024-08-05T09:42:36.177+0000] {dagbag.py:537} INFO - Filling up the DagBag from /home/airflow/.local/lib/python3.7/site-packages/airflow/example_dags/example_xcomargs.py
[2024-08-05T09:42:36.212+0000] {processor.py:766} INFO - DAG(s) dict_keys(['example_xcom_args_with_operators', 'example_xcom_args']) retrieved from /home/airflow/.local/lib/python3.7/site-packages/airflow/example_dags/example_xcomargs.py
[2024-08-05T09:42:36.262+0000] {logging_mixin.py:120} INFO - [2024-08-05T09:42:36.262+0000] {dag.py:2585} INFO - Sync 2 DAGs
[2024-08-05T09:42:36.290+0000] {logging_mixin.py:120} INFO - [2024-08-05T09:42:36.290+0000] {dag.py:3340} INFO - Setting next_dagrun for example_xcom_args to None, run_after=None
[2024-08-05T09:42:36.305+0000] {logging_mixin.py:120} INFO - [2024-08-05T09:42:36.305+0000] {dag.py:3340} INFO - Setting next_dagrun for example_xcom_args_with_operators to None, run_after=None
[2024-08-05T09:42:36.334+0000] {processor.py:176} INFO - Processing /home/airflow/.local/lib/python3.7/site-packages/airflow/example_dags/example_xcomargs.py took 0.161 seconds
[2024-08-05T09:43:07.212+0000] {processor.py:154} INFO - Started process (PID=18146) to work on /home/airflow/.local/lib/python3.7/site-packages/airflow/example_dags/example_xcomargs.py
[2024-08-05T09:43:07.213+0000] {processor.py:756} INFO - Processing file /home/airflow/.local/lib/python3.7/site-packages/airflow/example_dags/example_xcomargs.py for tasks to queue
[2024-08-05T09:43:07.215+0000] {logging_mixin.py:120} INFO - [2024-08-05T09:43:07.215+0000] {dagbag.py:537} INFO - Filling up the DagBag from /home/airflow/.local/lib/python3.7/site-packages/airflow/example_dags/example_xcomargs.py
[2024-08-05T09:43:07.257+0000] {processor.py:766} INFO - DAG(s) dict_keys(['example_xcom_args_with_operators', 'example_xcom_args']) retrieved from /home/airflow/.local/lib/python3.7/site-packages/airflow/example_dags/example_xcomargs.py
[2024-08-05T09:43:07.319+0000] {logging_mixin.py:120} INFO - [2024-08-05T09:43:07.319+0000] {dag.py:2585} INFO - Sync 2 DAGs
[2024-08-05T09:43:07.369+0000] {logging_mixin.py:120} INFO - [2024-08-05T09:43:07.369+0000] {dag.py:3340} INFO - Setting next_dagrun for example_xcom_args to None, run_after=None
[2024-08-05T09:43:07.382+0000] {logging_mixin.py:120} INFO - [2024-08-05T09:43:07.381+0000] {dag.py:3340} INFO - Setting next_dagrun for example_xcom_args_with_operators to None, run_after=None
[2024-08-05T09:43:07.418+0000] {processor.py:176} INFO - Processing /home/airflow/.local/lib/python3.7/site-packages/airflow/example_dags/example_xcomargs.py took 0.210 seconds
[2024-08-05T09:43:38.566+0000] {processor.py:154} INFO - Started process (PID=18212) to work on /home/airflow/.local/lib/python3.7/site-packages/airflow/example_dags/example_xcomargs.py
[2024-08-05T09:43:38.568+0000] {processor.py:756} INFO - Processing file /home/airflow/.local/lib/python3.7/site-packages/airflow/example_dags/example_xcomargs.py for tasks to queue
[2024-08-05T09:43:38.569+0000] {logging_mixin.py:120} INFO - [2024-08-05T09:43:38.569+0000] {dagbag.py:537} INFO - Filling up the DagBag from /home/airflow/.local/lib/python3.7/site-packages/airflow/example_dags/example_xcomargs.py
[2024-08-05T09:43:38.610+0000] {processor.py:766} INFO - DAG(s) dict_keys(['example_xcom_args_with_operators', 'example_xcom_args']) retrieved from /home/airflow/.local/lib/python3.7/site-packages/airflow/example_dags/example_xcomargs.py
[2024-08-05T09:43:38.758+0000] {logging_mixin.py:120} INFO - [2024-08-05T09:43:38.758+0000] {dag.py:2585} INFO - Sync 2 DAGs
[2024-08-05T09:43:38.904+0000] {logging_mixin.py:120} INFO - [2024-08-05T09:43:38.904+0000] {dag.py:3340} INFO - Setting next_dagrun for example_xcom_args to None, run_after=None
[2024-08-05T09:43:38.973+0000] {logging_mixin.py:120} INFO - [2024-08-05T09:43:38.973+0000] {dag.py:3340} INFO - Setting next_dagrun for example_xcom_args_with_operators to None, run_after=None
[2024-08-05T09:43:39.023+0000] {processor.py:176} INFO - Processing /home/airflow/.local/lib/python3.7/site-packages/airflow/example_dags/example_xcomargs.py took 0.462 seconds
[2024-08-05T09:44:09.280+0000] {processor.py:154} INFO - Started process (PID=18269) to work on /home/airflow/.local/lib/python3.7/site-packages/airflow/example_dags/example_xcomargs.py
[2024-08-05T09:44:09.282+0000] {processor.py:756} INFO - Processing file /home/airflow/.local/lib/python3.7/site-packages/airflow/example_dags/example_xcomargs.py for tasks to queue
[2024-08-05T09:44:09.284+0000] {logging_mixin.py:120} INFO - [2024-08-05T09:44:09.283+0000] {dagbag.py:537} INFO - Filling up the DagBag from /home/airflow/.local/lib/python3.7/site-packages/airflow/example_dags/example_xcomargs.py
[2024-08-05T09:44:09.314+0000] {processor.py:766} INFO - DAG(s) dict_keys(['example_xcom_args', 'example_xcom_args_with_operators']) retrieved from /home/airflow/.local/lib/python3.7/site-packages/airflow/example_dags/example_xcomargs.py
[2024-08-05T09:44:09.367+0000] {logging_mixin.py:120} INFO - [2024-08-05T09:44:09.367+0000] {dag.py:2585} INFO - Sync 2 DAGs
[2024-08-05T09:44:09.401+0000] {logging_mixin.py:120} INFO - [2024-08-05T09:44:09.401+0000] {dag.py:3340} INFO - Setting next_dagrun for example_xcom_args to None, run_after=None
[2024-08-05T09:44:09.406+0000] {logging_mixin.py:120} INFO - [2024-08-05T09:44:09.406+0000] {dag.py:3340} INFO - Setting next_dagrun for example_xcom_args_with_operators to None, run_after=None
[2024-08-05T09:44:09.437+0000] {processor.py:176} INFO - Processing /home/airflow/.local/lib/python3.7/site-packages/airflow/example_dags/example_xcomargs.py took 0.160 seconds
[2024-08-05T11:03:41.325+0000] {processor.py:154} INFO - Started process (PID=18365) to work on /home/airflow/.local/lib/python3.7/site-packages/airflow/example_dags/example_xcomargs.py
[2024-08-05T11:03:41.328+0000] {processor.py:756} INFO - Processing file /home/airflow/.local/lib/python3.7/site-packages/airflow/example_dags/example_xcomargs.py for tasks to queue
[2024-08-05T11:03:41.330+0000] {logging_mixin.py:120} INFO - [2024-08-05T11:03:41.330+0000] {dagbag.py:537} INFO - Filling up the DagBag from /home/airflow/.local/lib/python3.7/site-packages/airflow/example_dags/example_xcomargs.py
[2024-08-05T11:03:41.377+0000] {processor.py:766} INFO - DAG(s) dict_keys(['example_xcom_args_with_operators', 'example_xcom_args']) retrieved from /home/airflow/.local/lib/python3.7/site-packages/airflow/example_dags/example_xcomargs.py
[2024-08-05T11:03:41.516+0000] {logging_mixin.py:120} INFO - [2024-08-05T11:03:41.516+0000] {dag.py:2585} INFO - Sync 2 DAGs
[2024-08-05T11:03:41.580+0000] {logging_mixin.py:120} INFO - [2024-08-05T11:03:41.580+0000] {dag.py:3340} INFO - Setting next_dagrun for example_xcom_args to None, run_after=None
[2024-08-05T11:03:41.587+0000] {logging_mixin.py:120} INFO - [2024-08-05T11:03:41.587+0000] {dag.py:3340} INFO - Setting next_dagrun for example_xcom_args_with_operators to None, run_after=None
[2024-08-05T11:03:41.654+0000] {processor.py:176} INFO - Processing /home/airflow/.local/lib/python3.7/site-packages/airflow/example_dags/example_xcomargs.py took 0.337 seconds
[2024-08-05T11:04:15.485+0000] {processor.py:154} INFO - Started process (PID=18423) to work on /home/airflow/.local/lib/python3.7/site-packages/airflow/example_dags/example_xcomargs.py
[2024-08-05T11:04:15.505+0000] {processor.py:756} INFO - Processing file /home/airflow/.local/lib/python3.7/site-packages/airflow/example_dags/example_xcomargs.py for tasks to queue
[2024-08-05T11:04:15.519+0000] {logging_mixin.py:120} INFO - [2024-08-05T11:04:15.519+0000] {dagbag.py:537} INFO - Filling up the DagBag from /home/airflow/.local/lib/python3.7/site-packages/airflow/example_dags/example_xcomargs.py
[2024-08-05T11:04:15.562+0000] {processor.py:766} INFO - DAG(s) dict_keys(['example_xcom_args_with_operators', 'example_xcom_args']) retrieved from /home/airflow/.local/lib/python3.7/site-packages/airflow/example_dags/example_xcomargs.py
[2024-08-05T11:04:15.726+0000] {logging_mixin.py:120} INFO - [2024-08-05T11:04:15.726+0000] {dag.py:2585} INFO - Sync 2 DAGs
[2024-08-05T11:04:15.861+0000] {logging_mixin.py:120} INFO - [2024-08-05T11:04:15.860+0000] {dag.py:3340} INFO - Setting next_dagrun for example_xcom_args to None, run_after=None
[2024-08-05T11:04:15.954+0000] {logging_mixin.py:120} INFO - [2024-08-05T11:04:15.954+0000] {dag.py:3340} INFO - Setting next_dagrun for example_xcom_args_with_operators to None, run_after=None
[2024-08-05T11:04:16.028+0000] {processor.py:176} INFO - Processing /home/airflow/.local/lib/python3.7/site-packages/airflow/example_dags/example_xcomargs.py took 0.547 seconds
[2024-08-05T11:04:48.975+0000] {processor.py:154} INFO - Started process (PID=18490) to work on /home/airflow/.local/lib/python3.7/site-packages/airflow/example_dags/example_xcomargs.py
[2024-08-05T11:04:48.992+0000] {processor.py:756} INFO - Processing file /home/airflow/.local/lib/python3.7/site-packages/airflow/example_dags/example_xcomargs.py for tasks to queue
[2024-08-05T11:04:49.001+0000] {logging_mixin.py:120} INFO - [2024-08-05T11:04:49.001+0000] {dagbag.py:537} INFO - Filling up the DagBag from /home/airflow/.local/lib/python3.7/site-packages/airflow/example_dags/example_xcomargs.py
[2024-08-05T11:04:49.048+0000] {processor.py:766} INFO - DAG(s) dict_keys(['example_xcom_args_with_operators', 'example_xcom_args']) retrieved from /home/airflow/.local/lib/python3.7/site-packages/airflow/example_dags/example_xcomargs.py
[2024-08-05T11:04:49.179+0000] {logging_mixin.py:120} INFO - [2024-08-05T11:04:49.179+0000] {dag.py:2585} INFO - Sync 2 DAGs
[2024-08-05T11:04:49.244+0000] {logging_mixin.py:120} INFO - [2024-08-05T11:04:49.244+0000] {dag.py:3340} INFO - Setting next_dagrun for example_xcom_args to None, run_after=None
[2024-08-05T11:04:49.273+0000] {logging_mixin.py:120} INFO - [2024-08-05T11:04:49.273+0000] {dag.py:3340} INFO - Setting next_dagrun for example_xcom_args_with_operators to None, run_after=None
[2024-08-05T11:04:49.354+0000] {processor.py:176} INFO - Processing /home/airflow/.local/lib/python3.7/site-packages/airflow/example_dags/example_xcomargs.py took 0.383 seconds
[2024-08-05T11:05:19.695+0000] {processor.py:154} INFO - Started process (PID=18557) to work on /home/airflow/.local/lib/python3.7/site-packages/airflow/example_dags/example_xcomargs.py
[2024-08-05T11:05:19.700+0000] {processor.py:756} INFO - Processing file /home/airflow/.local/lib/python3.7/site-packages/airflow/example_dags/example_xcomargs.py for tasks to queue
[2024-08-05T11:05:19.702+0000] {logging_mixin.py:120} INFO - [2024-08-05T11:05:19.701+0000] {dagbag.py:537} INFO - Filling up the DagBag from /home/airflow/.local/lib/python3.7/site-packages/airflow/example_dags/example_xcomargs.py
[2024-08-05T11:05:19.749+0000] {processor.py:766} INFO - DAG(s) dict_keys(['example_xcom_args_with_operators', 'example_xcom_args']) retrieved from /home/airflow/.local/lib/python3.7/site-packages/airflow/example_dags/example_xcomargs.py
[2024-08-05T11:05:19.810+0000] {logging_mixin.py:120} INFO - [2024-08-05T11:05:19.810+0000] {dag.py:2585} INFO - Sync 2 DAGs
[2024-08-05T11:05:19.842+0000] {logging_mixin.py:120} INFO - [2024-08-05T11:05:19.842+0000] {dag.py:3340} INFO - Setting next_dagrun for example_xcom_args to None, run_after=None
[2024-08-05T11:05:19.848+0000] {logging_mixin.py:120} INFO - [2024-08-05T11:05:19.848+0000] {dag.py:3340} INFO - Setting next_dagrun for example_xcom_args_with_operators to None, run_after=None
[2024-08-05T11:05:19.880+0000] {processor.py:176} INFO - Processing /home/airflow/.local/lib/python3.7/site-packages/airflow/example_dags/example_xcomargs.py took 0.191 seconds
[2024-08-05T11:05:53.284+0000] {processor.py:154} INFO - Started process (PID=18615) to work on /home/airflow/.local/lib/python3.7/site-packages/airflow/example_dags/example_xcomargs.py
[2024-08-05T11:05:53.413+0000] {processor.py:756} INFO - Processing file /home/airflow/.local/lib/python3.7/site-packages/airflow/example_dags/example_xcomargs.py for tasks to queue
[2024-08-05T11:05:53.620+0000] {logging_mixin.py:120} INFO - [2024-08-05T11:05:53.620+0000] {dagbag.py:537} INFO - Filling up the DagBag from /home/airflow/.local/lib/python3.7/site-packages/airflow/example_dags/example_xcomargs.py
[2024-08-05T11:05:53.674+0000] {processor.py:766} INFO - DAG(s) dict_keys(['example_xcom_args', 'example_xcom_args_with_operators']) retrieved from /home/airflow/.local/lib/python3.7/site-packages/airflow/example_dags/example_xcomargs.py
[2024-08-05T11:05:54.068+0000] {logging_mixin.py:120} INFO - [2024-08-05T11:05:54.067+0000] {dag.py:2585} INFO - Sync 2 DAGs
[2024-08-05T11:05:54.112+0000] {logging_mixin.py:120} INFO - [2024-08-05T11:05:54.111+0000] {dag.py:3340} INFO - Setting next_dagrun for example_xcom_args to None, run_after=None
[2024-08-05T11:05:54.121+0000] {logging_mixin.py:120} INFO - [2024-08-05T11:05:54.121+0000] {dag.py:3340} INFO - Setting next_dagrun for example_xcom_args_with_operators to None, run_after=None
[2024-08-05T11:05:54.159+0000] {processor.py:176} INFO - Processing /home/airflow/.local/lib/python3.7/site-packages/airflow/example_dags/example_xcomargs.py took 0.880 seconds
[2024-08-05T11:06:24.296+0000] {processor.py:154} INFO - Started process (PID=18682) to work on /home/airflow/.local/lib/python3.7/site-packages/airflow/example_dags/example_xcomargs.py
[2024-08-05T11:06:24.297+0000] {processor.py:756} INFO - Processing file /home/airflow/.local/lib/python3.7/site-packages/airflow/example_dags/example_xcomargs.py for tasks to queue
[2024-08-05T11:06:24.298+0000] {logging_mixin.py:120} INFO - [2024-08-05T11:06:24.298+0000] {dagbag.py:537} INFO - Filling up the DagBag from /home/airflow/.local/lib/python3.7/site-packages/airflow/example_dags/example_xcomargs.py
[2024-08-05T11:06:24.322+0000] {processor.py:766} INFO - DAG(s) dict_keys(['example_xcom_args_with_operators', 'example_xcom_args']) retrieved from /home/airflow/.local/lib/python3.7/site-packages/airflow/example_dags/example_xcomargs.py
[2024-08-05T11:06:24.433+0000] {logging_mixin.py:120} INFO - [2024-08-05T11:06:24.432+0000] {dag.py:2585} INFO - Sync 2 DAGs
[2024-08-05T11:06:24.480+0000] {logging_mixin.py:120} INFO - [2024-08-05T11:06:24.479+0000] {dag.py:3340} INFO - Setting next_dagrun for example_xcom_args to None, run_after=None
[2024-08-05T11:06:24.486+0000] {logging_mixin.py:120} INFO - [2024-08-05T11:06:24.486+0000] {dag.py:3340} INFO - Setting next_dagrun for example_xcom_args_with_operators to None, run_after=None
[2024-08-05T11:06:24.520+0000] {processor.py:176} INFO - Processing /home/airflow/.local/lib/python3.7/site-packages/airflow/example_dags/example_xcomargs.py took 0.227 seconds
[2024-08-05T11:06:54.628+0000] {processor.py:154} INFO - Started process (PID=18749) to work on /home/airflow/.local/lib/python3.7/site-packages/airflow/example_dags/example_xcomargs.py
[2024-08-05T11:06:54.630+0000] {processor.py:756} INFO - Processing file /home/airflow/.local/lib/python3.7/site-packages/airflow/example_dags/example_xcomargs.py for tasks to queue
[2024-08-05T11:06:54.634+0000] {logging_mixin.py:120} INFO - [2024-08-05T11:06:54.634+0000] {dagbag.py:537} INFO - Filling up the DagBag from /home/airflow/.local/lib/python3.7/site-packages/airflow/example_dags/example_xcomargs.py
[2024-08-05T11:06:54.676+0000] {processor.py:766} INFO - DAG(s) dict_keys(['example_xcom_args_with_operators', 'example_xcom_args']) retrieved from /home/airflow/.local/lib/python3.7/site-packages/airflow/example_dags/example_xcomargs.py
[2024-08-05T11:06:54.786+0000] {logging_mixin.py:120} INFO - [2024-08-05T11:06:54.786+0000] {dag.py:2585} INFO - Sync 2 DAGs
[2024-08-05T11:06:54.854+0000] {logging_mixin.py:120} INFO - [2024-08-05T11:06:54.854+0000] {dag.py:3340} INFO - Setting next_dagrun for example_xcom_args to None, run_after=None
[2024-08-05T11:06:54.862+0000] {logging_mixin.py:120} INFO - [2024-08-05T11:06:54.862+0000] {dag.py:3340} INFO - Setting next_dagrun for example_xcom_args_with_operators to None, run_after=None
[2024-08-05T11:06:54.925+0000] {processor.py:176} INFO - Processing /home/airflow/.local/lib/python3.7/site-packages/airflow/example_dags/example_xcomargs.py took 0.302 seconds
[2024-08-05T11:07:25.861+0000] {processor.py:154} INFO - Started process (PID=18807) to work on /home/airflow/.local/lib/python3.7/site-packages/airflow/example_dags/example_xcomargs.py
[2024-08-05T11:07:25.862+0000] {processor.py:756} INFO - Processing file /home/airflow/.local/lib/python3.7/site-packages/airflow/example_dags/example_xcomargs.py for tasks to queue
[2024-08-05T11:07:25.863+0000] {logging_mixin.py:120} INFO - [2024-08-05T11:07:25.863+0000] {dagbag.py:537} INFO - Filling up the DagBag from /home/airflow/.local/lib/python3.7/site-packages/airflow/example_dags/example_xcomargs.py
[2024-08-05T11:07:25.887+0000] {processor.py:766} INFO - DAG(s) dict_keys(['example_xcom_args_with_operators', 'example_xcom_args']) retrieved from /home/airflow/.local/lib/python3.7/site-packages/airflow/example_dags/example_xcomargs.py
[2024-08-05T11:07:26.111+0000] {logging_mixin.py:120} INFO - [2024-08-05T11:07:26.110+0000] {dag.py:2585} INFO - Sync 2 DAGs
[2024-08-05T11:07:26.239+0000] {logging_mixin.py:120} INFO - [2024-08-05T11:07:26.239+0000] {dag.py:3340} INFO - Setting next_dagrun for example_xcom_args to None, run_after=None
[2024-08-05T11:07:26.326+0000] {logging_mixin.py:120} INFO - [2024-08-05T11:07:26.326+0000] {dag.py:3340} INFO - Setting next_dagrun for example_xcom_args_with_operators to None, run_after=None
[2024-08-05T11:07:26.364+0000] {processor.py:176} INFO - Processing /home/airflow/.local/lib/python3.7/site-packages/airflow/example_dags/example_xcomargs.py took 0.507 seconds
[2024-08-05T11:07:56.770+0000] {processor.py:154} INFO - Started process (PID=18873) to work on /home/airflow/.local/lib/python3.7/site-packages/airflow/example_dags/example_xcomargs.py
[2024-08-05T11:07:56.786+0000] {processor.py:756} INFO - Processing file /home/airflow/.local/lib/python3.7/site-packages/airflow/example_dags/example_xcomargs.py for tasks to queue
[2024-08-05T11:07:56.815+0000] {logging_mixin.py:120} INFO - [2024-08-05T11:07:56.815+0000] {dagbag.py:537} INFO - Filling up the DagBag from /home/airflow/.local/lib/python3.7/site-packages/airflow/example_dags/example_xcomargs.py
[2024-08-05T11:07:56.868+0000] {processor.py:766} INFO - DAG(s) dict_keys(['example_xcom_args_with_operators', 'example_xcom_args']) retrieved from /home/airflow/.local/lib/python3.7/site-packages/airflow/example_dags/example_xcomargs.py
[2024-08-05T11:07:56.989+0000] {logging_mixin.py:120} INFO - [2024-08-05T11:07:56.989+0000] {dag.py:2585} INFO - Sync 2 DAGs
[2024-08-05T11:07:57.052+0000] {logging_mixin.py:120} INFO - [2024-08-05T11:07:57.052+0000] {dag.py:3340} INFO - Setting next_dagrun for example_xcom_args to None, run_after=None
[2024-08-05T11:07:57.063+0000] {logging_mixin.py:120} INFO - [2024-08-05T11:07:57.062+0000] {dag.py:3340} INFO - Setting next_dagrun for example_xcom_args_with_operators to None, run_after=None
[2024-08-05T11:07:57.126+0000] {processor.py:176} INFO - Processing /home/airflow/.local/lib/python3.7/site-packages/airflow/example_dags/example_xcomargs.py took 0.361 seconds
[2024-08-05T11:08:28.365+0000] {processor.py:154} INFO - Started process (PID=18932) to work on /home/airflow/.local/lib/python3.7/site-packages/airflow/example_dags/example_xcomargs.py
[2024-08-05T11:08:28.367+0000] {processor.py:756} INFO - Processing file /home/airflow/.local/lib/python3.7/site-packages/airflow/example_dags/example_xcomargs.py for tasks to queue
[2024-08-05T11:08:28.368+0000] {logging_mixin.py:120} INFO - [2024-08-05T11:08:28.368+0000] {dagbag.py:537} INFO - Filling up the DagBag from /home/airflow/.local/lib/python3.7/site-packages/airflow/example_dags/example_xcomargs.py
[2024-08-05T11:08:28.401+0000] {processor.py:766} INFO - DAG(s) dict_keys(['example_xcom_args', 'example_xcom_args_with_operators']) retrieved from /home/airflow/.local/lib/python3.7/site-packages/airflow/example_dags/example_xcomargs.py
[2024-08-05T11:08:28.542+0000] {logging_mixin.py:120} INFO - [2024-08-05T11:08:28.542+0000] {dag.py:2585} INFO - Sync 2 DAGs
[2024-08-05T11:08:28.664+0000] {logging_mixin.py:120} INFO - [2024-08-05T11:08:28.664+0000] {dag.py:3340} INFO - Setting next_dagrun for example_xcom_args to None, run_after=None
[2024-08-05T11:08:28.786+0000] {logging_mixin.py:120} INFO - [2024-08-05T11:08:28.786+0000] {dag.py:3340} INFO - Setting next_dagrun for example_xcom_args_with_operators to None, run_after=None
[2024-08-05T11:08:28.839+0000] {processor.py:176} INFO - Processing /home/airflow/.local/lib/python3.7/site-packages/airflow/example_dags/example_xcomargs.py took 0.478 seconds
[2024-08-05T11:08:59.604+0000] {processor.py:154} INFO - Started process (PID=18999) to work on /home/airflow/.local/lib/python3.7/site-packages/airflow/example_dags/example_xcomargs.py
[2024-08-05T11:08:59.605+0000] {processor.py:756} INFO - Processing file /home/airflow/.local/lib/python3.7/site-packages/airflow/example_dags/example_xcomargs.py for tasks to queue
[2024-08-05T11:08:59.607+0000] {logging_mixin.py:120} INFO - [2024-08-05T11:08:59.607+0000] {dagbag.py:537} INFO - Filling up the DagBag from /home/airflow/.local/lib/python3.7/site-packages/airflow/example_dags/example_xcomargs.py
[2024-08-05T11:08:59.643+0000] {processor.py:766} INFO - DAG(s) dict_keys(['example_xcom_args', 'example_xcom_args_with_operators']) retrieved from /home/airflow/.local/lib/python3.7/site-packages/airflow/example_dags/example_xcomargs.py
[2024-08-05T11:08:59.688+0000] {logging_mixin.py:120} INFO - [2024-08-05T11:08:59.687+0000] {dag.py:2585} INFO - Sync 2 DAGs
[2024-08-05T11:08:59.727+0000] {logging_mixin.py:120} INFO - [2024-08-05T11:08:59.727+0000] {dag.py:3340} INFO - Setting next_dagrun for example_xcom_args to None, run_after=None
[2024-08-05T11:08:59.756+0000] {logging_mixin.py:120} INFO - [2024-08-05T11:08:59.756+0000] {dag.py:3340} INFO - Setting next_dagrun for example_xcom_args_with_operators to None, run_after=None
[2024-08-05T11:08:59.784+0000] {processor.py:176} INFO - Processing /home/airflow/.local/lib/python3.7/site-packages/airflow/example_dags/example_xcomargs.py took 0.184 seconds
[2024-08-05T11:09:30.392+0000] {processor.py:154} INFO - Started process (PID=19066) to work on /home/airflow/.local/lib/python3.7/site-packages/airflow/example_dags/example_xcomargs.py
[2024-08-05T11:09:30.393+0000] {processor.py:756} INFO - Processing file /home/airflow/.local/lib/python3.7/site-packages/airflow/example_dags/example_xcomargs.py for tasks to queue
[2024-08-05T11:09:30.395+0000] {logging_mixin.py:120} INFO - [2024-08-05T11:09:30.394+0000] {dagbag.py:537} INFO - Filling up the DagBag from /home/airflow/.local/lib/python3.7/site-packages/airflow/example_dags/example_xcomargs.py
[2024-08-05T11:09:30.422+0000] {processor.py:766} INFO - DAG(s) dict_keys(['example_xcom_args', 'example_xcom_args_with_operators']) retrieved from /home/airflow/.local/lib/python3.7/site-packages/airflow/example_dags/example_xcomargs.py
[2024-08-05T11:09:30.538+0000] {logging_mixin.py:120} INFO - [2024-08-05T11:09:30.538+0000] {dag.py:2585} INFO - Sync 2 DAGs
[2024-08-05T11:09:30.578+0000] {logging_mixin.py:120} INFO - [2024-08-05T11:09:30.578+0000] {dag.py:3340} INFO - Setting next_dagrun for example_xcom_args to None, run_after=None
[2024-08-05T11:09:30.587+0000] {logging_mixin.py:120} INFO - [2024-08-05T11:09:30.587+0000] {dag.py:3340} INFO - Setting next_dagrun for example_xcom_args_with_operators to None, run_after=None
[2024-08-05T11:09:30.619+0000] {processor.py:176} INFO - Processing /home/airflow/.local/lib/python3.7/site-packages/airflow/example_dags/example_xcomargs.py took 0.234 seconds
[2024-08-05T11:10:00.762+0000] {processor.py:154} INFO - Started process (PID=19124) to work on /home/airflow/.local/lib/python3.7/site-packages/airflow/example_dags/example_xcomargs.py
[2024-08-05T11:10:00.763+0000] {processor.py:756} INFO - Processing file /home/airflow/.local/lib/python3.7/site-packages/airflow/example_dags/example_xcomargs.py for tasks to queue
[2024-08-05T11:10:00.765+0000] {logging_mixin.py:120} INFO - [2024-08-05T11:10:00.764+0000] {dagbag.py:537} INFO - Filling up the DagBag from /home/airflow/.local/lib/python3.7/site-packages/airflow/example_dags/example_xcomargs.py
[2024-08-05T11:10:00.793+0000] {processor.py:766} INFO - DAG(s) dict_keys(['example_xcom_args_with_operators', 'example_xcom_args']) retrieved from /home/airflow/.local/lib/python3.7/site-packages/airflow/example_dags/example_xcomargs.py
[2024-08-05T11:10:00.841+0000] {logging_mixin.py:120} INFO - [2024-08-05T11:10:00.841+0000] {dag.py:2585} INFO - Sync 2 DAGs
[2024-08-05T11:10:00.868+0000] {logging_mixin.py:120} INFO - [2024-08-05T11:10:00.868+0000] {dag.py:3340} INFO - Setting next_dagrun for example_xcom_args to None, run_after=None
[2024-08-05T11:10:00.872+0000] {logging_mixin.py:120} INFO - [2024-08-05T11:10:00.871+0000] {dag.py:3340} INFO - Setting next_dagrun for example_xcom_args_with_operators to None, run_after=None
[2024-08-05T11:10:00.894+0000] {processor.py:176} INFO - Processing /home/airflow/.local/lib/python3.7/site-packages/airflow/example_dags/example_xcomargs.py took 0.136 seconds
[2024-08-05T11:10:32.066+0000] {processor.py:154} INFO - Started process (PID=19191) to work on /home/airflow/.local/lib/python3.7/site-packages/airflow/example_dags/example_xcomargs.py
[2024-08-05T11:10:32.068+0000] {processor.py:756} INFO - Processing file /home/airflow/.local/lib/python3.7/site-packages/airflow/example_dags/example_xcomargs.py for tasks to queue
[2024-08-05T11:10:32.070+0000] {logging_mixin.py:120} INFO - [2024-08-05T11:10:32.070+0000] {dagbag.py:537} INFO - Filling up the DagBag from /home/airflow/.local/lib/python3.7/site-packages/airflow/example_dags/example_xcomargs.py
[2024-08-05T11:10:32.110+0000] {processor.py:766} INFO - DAG(s) dict_keys(['example_xcom_args_with_operators', 'example_xcom_args']) retrieved from /home/airflow/.local/lib/python3.7/site-packages/airflow/example_dags/example_xcomargs.py
[2024-08-05T11:10:32.177+0000] {logging_mixin.py:120} INFO - [2024-08-05T11:10:32.176+0000] {dag.py:2585} INFO - Sync 2 DAGs
[2024-08-05T11:10:32.229+0000] {logging_mixin.py:120} INFO - [2024-08-05T11:10:32.229+0000] {dag.py:3340} INFO - Setting next_dagrun for example_xcom_args to None, run_after=None
[2024-08-05T11:10:32.368+0000] {logging_mixin.py:120} INFO - [2024-08-05T11:10:32.368+0000] {dag.py:3340} INFO - Setting next_dagrun for example_xcom_args_with_operators to None, run_after=None
[2024-08-05T11:10:32.423+0000] {processor.py:176} INFO - Processing /home/airflow/.local/lib/python3.7/site-packages/airflow/example_dags/example_xcomargs.py took 0.373 seconds
[2024-08-05T11:11:03.976+0000] {processor.py:154} INFO - Started process (PID=19258) to work on /home/airflow/.local/lib/python3.7/site-packages/airflow/example_dags/example_xcomargs.py
[2024-08-05T11:11:03.978+0000] {processor.py:756} INFO - Processing file /home/airflow/.local/lib/python3.7/site-packages/airflow/example_dags/example_xcomargs.py for tasks to queue
[2024-08-05T11:11:03.979+0000] {logging_mixin.py:120} INFO - [2024-08-05T11:11:03.978+0000] {dagbag.py:537} INFO - Filling up the DagBag from /home/airflow/.local/lib/python3.7/site-packages/airflow/example_dags/example_xcomargs.py
[2024-08-05T11:11:04.019+0000] {processor.py:766} INFO - DAG(s) dict_keys(['example_xcom_args_with_operators', 'example_xcom_args']) retrieved from /home/airflow/.local/lib/python3.7/site-packages/airflow/example_dags/example_xcomargs.py
[2024-08-05T11:11:04.148+0000] {logging_mixin.py:120} INFO - [2024-08-05T11:11:04.148+0000] {dag.py:2585} INFO - Sync 2 DAGs
[2024-08-05T11:11:04.250+0000] {logging_mixin.py:120} INFO - [2024-08-05T11:11:04.250+0000] {dag.py:3340} INFO - Setting next_dagrun for example_xcom_args to None, run_after=None
[2024-08-05T11:11:04.328+0000] {logging_mixin.py:120} INFO - [2024-08-05T11:11:04.328+0000] {dag.py:3340} INFO - Setting next_dagrun for example_xcom_args_with_operators to None, run_after=None
[2024-08-05T11:11:04.367+0000] {processor.py:176} INFO - Processing /home/airflow/.local/lib/python3.7/site-packages/airflow/example_dags/example_xcomargs.py took 0.395 seconds
[2024-08-05T11:11:35.484+0000] {processor.py:154} INFO - Started process (PID=19316) to work on /home/airflow/.local/lib/python3.7/site-packages/airflow/example_dags/example_xcomargs.py
[2024-08-05T11:11:35.576+0000] {processor.py:756} INFO - Processing file /home/airflow/.local/lib/python3.7/site-packages/airflow/example_dags/example_xcomargs.py for tasks to queue
[2024-08-05T11:11:35.590+0000] {logging_mixin.py:120} INFO - [2024-08-05T11:11:35.589+0000] {dagbag.py:537} INFO - Filling up the DagBag from /home/airflow/.local/lib/python3.7/site-packages/airflow/example_dags/example_xcomargs.py
[2024-08-05T11:11:35.650+0000] {processor.py:766} INFO - DAG(s) dict_keys(['example_xcom_args', 'example_xcom_args_with_operators']) retrieved from /home/airflow/.local/lib/python3.7/site-packages/airflow/example_dags/example_xcomargs.py
[2024-08-05T11:11:35.790+0000] {logging_mixin.py:120} INFO - [2024-08-05T11:11:35.790+0000] {dag.py:2585} INFO - Sync 2 DAGs
[2024-08-05T11:11:35.912+0000] {logging_mixin.py:120} INFO - [2024-08-05T11:11:35.911+0000] {dag.py:3340} INFO - Setting next_dagrun for example_xcom_args to None, run_after=None
[2024-08-05T11:11:36.004+0000] {logging_mixin.py:120} INFO - [2024-08-05T11:11:36.003+0000] {dag.py:3340} INFO - Setting next_dagrun for example_xcom_args_with_operators to None, run_after=None
[2024-08-05T11:11:36.064+0000] {processor.py:176} INFO - Processing /home/airflow/.local/lib/python3.7/site-packages/airflow/example_dags/example_xcomargs.py took 0.584 seconds
[2024-08-05T11:12:06.648+0000] {processor.py:154} INFO - Started process (PID=19383) to work on /home/airflow/.local/lib/python3.7/site-packages/airflow/example_dags/example_xcomargs.py
[2024-08-05T11:12:06.649+0000] {processor.py:756} INFO - Processing file /home/airflow/.local/lib/python3.7/site-packages/airflow/example_dags/example_xcomargs.py for tasks to queue
[2024-08-05T11:12:06.651+0000] {logging_mixin.py:120} INFO - [2024-08-05T11:12:06.650+0000] {dagbag.py:537} INFO - Filling up the DagBag from /home/airflow/.local/lib/python3.7/site-packages/airflow/example_dags/example_xcomargs.py
[2024-08-05T11:12:06.674+0000] {processor.py:766} INFO - DAG(s) dict_keys(['example_xcom_args', 'example_xcom_args_with_operators']) retrieved from /home/airflow/.local/lib/python3.7/site-packages/airflow/example_dags/example_xcomargs.py
[2024-08-05T11:12:06.735+0000] {logging_mixin.py:120} INFO - [2024-08-05T11:12:06.734+0000] {dag.py:2585} INFO - Sync 2 DAGs
[2024-08-05T11:12:06.759+0000] {logging_mixin.py:120} INFO - [2024-08-05T11:12:06.758+0000] {dag.py:3340} INFO - Setting next_dagrun for example_xcom_args to None, run_after=None
[2024-08-05T11:12:06.762+0000] {logging_mixin.py:120} INFO - [2024-08-05T11:12:06.762+0000] {dag.py:3340} INFO - Setting next_dagrun for example_xcom_args_with_operators to None, run_after=None
[2024-08-05T11:12:06.784+0000] {processor.py:176} INFO - Processing /home/airflow/.local/lib/python3.7/site-packages/airflow/example_dags/example_xcomargs.py took 0.139 seconds
[2024-08-05T11:12:38.434+0000] {processor.py:154} INFO - Started process (PID=19450) to work on /home/airflow/.local/lib/python3.7/site-packages/airflow/example_dags/example_xcomargs.py
[2024-08-05T11:12:38.436+0000] {processor.py:756} INFO - Processing file /home/airflow/.local/lib/python3.7/site-packages/airflow/example_dags/example_xcomargs.py for tasks to queue
[2024-08-05T11:12:38.438+0000] {logging_mixin.py:120} INFO - [2024-08-05T11:12:38.438+0000] {dagbag.py:537} INFO - Filling up the DagBag from /home/airflow/.local/lib/python3.7/site-packages/airflow/example_dags/example_xcomargs.py
[2024-08-05T11:12:38.475+0000] {processor.py:766} INFO - DAG(s) dict_keys(['example_xcom_args', 'example_xcom_args_with_operators']) retrieved from /home/airflow/.local/lib/python3.7/site-packages/airflow/example_dags/example_xcomargs.py
[2024-08-05T11:12:38.625+0000] {logging_mixin.py:120} INFO - [2024-08-05T11:12:38.624+0000] {dag.py:2585} INFO - Sync 2 DAGs
[2024-08-05T11:12:38.741+0000] {logging_mixin.py:120} INFO - [2024-08-05T11:12:38.741+0000] {dag.py:3340} INFO - Setting next_dagrun for example_xcom_args to None, run_after=None
[2024-08-05T11:12:38.857+0000] {logging_mixin.py:120} INFO - [2024-08-05T11:12:38.857+0000] {dag.py:3340} INFO - Setting next_dagrun for example_xcom_args_with_operators to None, run_after=None
[2024-08-05T11:12:38.919+0000] {processor.py:176} INFO - Processing /home/airflow/.local/lib/python3.7/site-packages/airflow/example_dags/example_xcomargs.py took 0.489 seconds
[2024-08-05T11:13:09.817+0000] {processor.py:154} INFO - Started process (PID=19508) to work on /home/airflow/.local/lib/python3.7/site-packages/airflow/example_dags/example_xcomargs.py
[2024-08-05T11:13:09.818+0000] {processor.py:756} INFO - Processing file /home/airflow/.local/lib/python3.7/site-packages/airflow/example_dags/example_xcomargs.py for tasks to queue
[2024-08-05T11:13:09.829+0000] {logging_mixin.py:120} INFO - [2024-08-05T11:13:09.820+0000] {dagbag.py:537} INFO - Filling up the DagBag from /home/airflow/.local/lib/python3.7/site-packages/airflow/example_dags/example_xcomargs.py
[2024-08-05T11:13:09.856+0000] {processor.py:766} INFO - DAG(s) dict_keys(['example_xcom_args_with_operators', 'example_xcom_args']) retrieved from /home/airflow/.local/lib/python3.7/site-packages/airflow/example_dags/example_xcomargs.py
[2024-08-05T11:13:09.950+0000] {logging_mixin.py:120} INFO - [2024-08-05T11:13:09.950+0000] {dag.py:2585} INFO - Sync 2 DAGs
[2024-08-05T11:13:09.993+0000] {logging_mixin.py:120} INFO - [2024-08-05T11:13:09.993+0000] {dag.py:3340} INFO - Setting next_dagrun for example_xcom_args to None, run_after=None
[2024-08-05T11:13:10.002+0000] {logging_mixin.py:120} INFO - [2024-08-05T11:13:10.002+0000] {dag.py:3340} INFO - Setting next_dagrun for example_xcom_args_with_operators to None, run_after=None
[2024-08-05T11:13:10.032+0000] {processor.py:176} INFO - Processing /home/airflow/.local/lib/python3.7/site-packages/airflow/example_dags/example_xcomargs.py took 0.219 seconds
[2024-08-05T11:13:40.866+0000] {processor.py:154} INFO - Started process (PID=19575) to work on /home/airflow/.local/lib/python3.7/site-packages/airflow/example_dags/example_xcomargs.py
[2024-08-05T11:13:40.872+0000] {processor.py:756} INFO - Processing file /home/airflow/.local/lib/python3.7/site-packages/airflow/example_dags/example_xcomargs.py for tasks to queue
[2024-08-05T11:13:40.874+0000] {logging_mixin.py:120} INFO - [2024-08-05T11:13:40.873+0000] {dagbag.py:537} INFO - Filling up the DagBag from /home/airflow/.local/lib/python3.7/site-packages/airflow/example_dags/example_xcomargs.py
[2024-08-05T11:13:40.907+0000] {processor.py:766} INFO - DAG(s) dict_keys(['example_xcom_args', 'example_xcom_args_with_operators']) retrieved from /home/airflow/.local/lib/python3.7/site-packages/airflow/example_dags/example_xcomargs.py
[2024-08-05T11:13:40.984+0000] {logging_mixin.py:120} INFO - [2024-08-05T11:13:40.984+0000] {dag.py:2585} INFO - Sync 2 DAGs
[2024-08-05T11:13:41.054+0000] {logging_mixin.py:120} INFO - [2024-08-05T11:13:41.053+0000] {dag.py:3340} INFO - Setting next_dagrun for example_xcom_args to None, run_after=None
[2024-08-05T11:13:41.060+0000] {logging_mixin.py:120} INFO - [2024-08-05T11:13:41.060+0000] {dag.py:3340} INFO - Setting next_dagrun for example_xcom_args_with_operators to None, run_after=None
[2024-08-05T11:13:41.095+0000] {processor.py:176} INFO - Processing /home/airflow/.local/lib/python3.7/site-packages/airflow/example_dags/example_xcomargs.py took 0.236 seconds
[2024-08-05T11:14:13.101+0000] {processor.py:154} INFO - Started process (PID=19642) to work on /home/airflow/.local/lib/python3.7/site-packages/airflow/example_dags/example_xcomargs.py
[2024-08-05T11:14:13.102+0000] {processor.py:756} INFO - Processing file /home/airflow/.local/lib/python3.7/site-packages/airflow/example_dags/example_xcomargs.py for tasks to queue
[2024-08-05T11:14:13.103+0000] {logging_mixin.py:120} INFO - [2024-08-05T11:14:13.103+0000] {dagbag.py:537} INFO - Filling up the DagBag from /home/airflow/.local/lib/python3.7/site-packages/airflow/example_dags/example_xcomargs.py
[2024-08-05T11:14:13.139+0000] {processor.py:766} INFO - DAG(s) dict_keys(['example_xcom_args', 'example_xcom_args_with_operators']) retrieved from /home/airflow/.local/lib/python3.7/site-packages/airflow/example_dags/example_xcomargs.py
[2024-08-05T11:14:13.255+0000] {logging_mixin.py:120} INFO - [2024-08-05T11:14:13.255+0000] {dag.py:2585} INFO - Sync 2 DAGs
[2024-08-05T11:14:13.401+0000] {logging_mixin.py:120} INFO - [2024-08-05T11:14:13.401+0000] {dag.py:3340} INFO - Setting next_dagrun for example_xcom_args to None, run_after=None
[2024-08-05T11:14:13.488+0000] {logging_mixin.py:120} INFO - [2024-08-05T11:14:13.488+0000] {dag.py:3340} INFO - Setting next_dagrun for example_xcom_args_with_operators to None, run_after=None
[2024-08-05T11:14:13.541+0000] {processor.py:176} INFO - Processing /home/airflow/.local/lib/python3.7/site-packages/airflow/example_dags/example_xcomargs.py took 0.444 seconds
[2024-08-05T11:14:44.466+0000] {processor.py:154} INFO - Started process (PID=19700) to work on /home/airflow/.local/lib/python3.7/site-packages/airflow/example_dags/example_xcomargs.py
[2024-08-05T11:14:44.515+0000] {processor.py:756} INFO - Processing file /home/airflow/.local/lib/python3.7/site-packages/airflow/example_dags/example_xcomargs.py for tasks to queue
[2024-08-05T11:14:44.570+0000] {logging_mixin.py:120} INFO - [2024-08-05T11:14:44.570+0000] {dagbag.py:537} INFO - Filling up the DagBag from /home/airflow/.local/lib/python3.7/site-packages/airflow/example_dags/example_xcomargs.py
[2024-08-05T11:14:44.649+0000] {processor.py:766} INFO - DAG(s) dict_keys(['example_xcom_args', 'example_xcom_args_with_operators']) retrieved from /home/airflow/.local/lib/python3.7/site-packages/airflow/example_dags/example_xcomargs.py
[2024-08-05T11:14:44.839+0000] {logging_mixin.py:120} INFO - [2024-08-05T11:14:44.839+0000] {dag.py:2585} INFO - Sync 2 DAGs
[2024-08-05T11:14:45.004+0000] {logging_mixin.py:120} INFO - [2024-08-05T11:14:45.004+0000] {dag.py:3340} INFO - Setting next_dagrun for example_xcom_args to None, run_after=None
[2024-08-05T11:14:45.137+0000] {logging_mixin.py:120} INFO - [2024-08-05T11:14:45.136+0000] {dag.py:3340} INFO - Setting next_dagrun for example_xcom_args_with_operators to None, run_after=None
[2024-08-05T11:14:45.189+0000] {processor.py:176} INFO - Processing /home/airflow/.local/lib/python3.7/site-packages/airflow/example_dags/example_xcomargs.py took 0.726 seconds
[2024-08-05T11:15:16.203+0000] {processor.py:154} INFO - Started process (PID=19767) to work on /home/airflow/.local/lib/python3.7/site-packages/airflow/example_dags/example_xcomargs.py
[2024-08-05T11:15:16.317+0000] {processor.py:756} INFO - Processing file /home/airflow/.local/lib/python3.7/site-packages/airflow/example_dags/example_xcomargs.py for tasks to queue
[2024-08-05T11:15:16.336+0000] {logging_mixin.py:120} INFO - [2024-08-05T11:15:16.335+0000] {dagbag.py:537} INFO - Filling up the DagBag from /home/airflow/.local/lib/python3.7/site-packages/airflow/example_dags/example_xcomargs.py
[2024-08-05T11:15:16.373+0000] {processor.py:766} INFO - DAG(s) dict_keys(['example_xcom_args', 'example_xcom_args_with_operators']) retrieved from /home/airflow/.local/lib/python3.7/site-packages/airflow/example_dags/example_xcomargs.py
[2024-08-05T11:15:16.564+0000] {logging_mixin.py:120} INFO - [2024-08-05T11:15:16.564+0000] {dag.py:2585} INFO - Sync 2 DAGs
[2024-08-05T11:15:16.680+0000] {logging_mixin.py:120} INFO - [2024-08-05T11:15:16.679+0000] {dag.py:3340} INFO - Setting next_dagrun for example_xcom_args to None, run_after=None
[2024-08-05T11:15:16.694+0000] {logging_mixin.py:120} INFO - [2024-08-05T11:15:16.694+0000] {dag.py:3340} INFO - Setting next_dagrun for example_xcom_args_with_operators to None, run_after=None
[2024-08-05T11:15:16.729+0000] {processor.py:176} INFO - Processing /home/airflow/.local/lib/python3.7/site-packages/airflow/example_dags/example_xcomargs.py took 0.543 seconds
[2024-08-05T11:15:47.163+0000] {processor.py:154} INFO - Started process (PID=19832) to work on /home/airflow/.local/lib/python3.7/site-packages/airflow/example_dags/example_xcomargs.py
[2024-08-05T11:15:47.164+0000] {processor.py:756} INFO - Processing file /home/airflow/.local/lib/python3.7/site-packages/airflow/example_dags/example_xcomargs.py for tasks to queue
[2024-08-05T11:15:47.165+0000] {logging_mixin.py:120} INFO - [2024-08-05T11:15:47.165+0000] {dagbag.py:537} INFO - Filling up the DagBag from /home/airflow/.local/lib/python3.7/site-packages/airflow/example_dags/example_xcomargs.py
[2024-08-05T11:15:47.194+0000] {processor.py:766} INFO - DAG(s) dict_keys(['example_xcom_args', 'example_xcom_args_with_operators']) retrieved from /home/airflow/.local/lib/python3.7/site-packages/airflow/example_dags/example_xcomargs.py
[2024-08-05T11:15:47.259+0000] {logging_mixin.py:120} INFO - [2024-08-05T11:15:47.259+0000] {dag.py:2585} INFO - Sync 2 DAGs
[2024-08-05T11:15:47.337+0000] {logging_mixin.py:120} INFO - [2024-08-05T11:15:47.337+0000] {dag.py:3340} INFO - Setting next_dagrun for example_xcom_args to None, run_after=None
[2024-08-05T11:15:47.383+0000] {logging_mixin.py:120} INFO - [2024-08-05T11:15:47.382+0000] {dag.py:3340} INFO - Setting next_dagrun for example_xcom_args_with_operators to None, run_after=None
[2024-08-05T11:15:47.405+0000] {processor.py:176} INFO - Processing /home/airflow/.local/lib/python3.7/site-packages/airflow/example_dags/example_xcomargs.py took 0.246 seconds
[2024-08-05T11:16:18.542+0000] {processor.py:154} INFO - Started process (PID=19893) to work on /home/airflow/.local/lib/python3.7/site-packages/airflow/example_dags/example_xcomargs.py
[2024-08-05T11:16:18.577+0000] {processor.py:756} INFO - Processing file /home/airflow/.local/lib/python3.7/site-packages/airflow/example_dags/example_xcomargs.py for tasks to queue
[2024-08-05T11:16:18.588+0000] {logging_mixin.py:120} INFO - [2024-08-05T11:16:18.588+0000] {dagbag.py:537} INFO - Filling up the DagBag from /home/airflow/.local/lib/python3.7/site-packages/airflow/example_dags/example_xcomargs.py
[2024-08-05T11:16:18.642+0000] {processor.py:766} INFO - DAG(s) dict_keys(['example_xcom_args', 'example_xcom_args_with_operators']) retrieved from /home/airflow/.local/lib/python3.7/site-packages/airflow/example_dags/example_xcomargs.py
[2024-08-05T11:16:18.693+0000] {logging_mixin.py:120} INFO - [2024-08-05T11:16:18.693+0000] {dag.py:2585} INFO - Sync 2 DAGs
[2024-08-05T11:16:18.741+0000] {logging_mixin.py:120} INFO - [2024-08-05T11:16:18.741+0000] {dag.py:3340} INFO - Setting next_dagrun for example_xcom_args to None, run_after=None
[2024-08-05T11:16:18.802+0000] {logging_mixin.py:120} INFO - [2024-08-05T11:16:18.802+0000] {dag.py:3340} INFO - Setting next_dagrun for example_xcom_args_with_operators to None, run_after=None
[2024-08-05T11:16:18.848+0000] {processor.py:176} INFO - Processing /home/airflow/.local/lib/python3.7/site-packages/airflow/example_dags/example_xcomargs.py took 0.310 seconds
[2024-08-05T11:16:49.850+0000] {processor.py:154} INFO - Started process (PID=19961) to work on /home/airflow/.local/lib/python3.7/site-packages/airflow/example_dags/example_xcomargs.py
[2024-08-05T11:16:49.860+0000] {processor.py:756} INFO - Processing file /home/airflow/.local/lib/python3.7/site-packages/airflow/example_dags/example_xcomargs.py for tasks to queue
[2024-08-05T11:16:49.867+0000] {logging_mixin.py:120} INFO - [2024-08-05T11:16:49.867+0000] {dagbag.py:537} INFO - Filling up the DagBag from /home/airflow/.local/lib/python3.7/site-packages/airflow/example_dags/example_xcomargs.py
[2024-08-05T11:16:49.895+0000] {processor.py:766} INFO - DAG(s) dict_keys(['example_xcom_args', 'example_xcom_args_with_operators']) retrieved from /home/airflow/.local/lib/python3.7/site-packages/airflow/example_dags/example_xcomargs.py
[2024-08-05T11:16:49.952+0000] {logging_mixin.py:120} INFO - [2024-08-05T11:16:49.951+0000] {dag.py:2585} INFO - Sync 2 DAGs
[2024-08-05T11:16:49.982+0000] {logging_mixin.py:120} INFO - [2024-08-05T11:16:49.982+0000] {dag.py:3340} INFO - Setting next_dagrun for example_xcom_args to None, run_after=None
[2024-08-05T11:16:49.990+0000] {logging_mixin.py:120} INFO - [2024-08-05T11:16:49.990+0000] {dag.py:3340} INFO - Setting next_dagrun for example_xcom_args_with_operators to None, run_after=None
[2024-08-05T11:16:50.042+0000] {processor.py:176} INFO - Processing /home/airflow/.local/lib/python3.7/site-packages/airflow/example_dags/example_xcomargs.py took 0.195 seconds
[2024-08-05T11:17:20.285+0000] {processor.py:154} INFO - Started process (PID=20018) to work on /home/airflow/.local/lib/python3.7/site-packages/airflow/example_dags/example_xcomargs.py
[2024-08-05T11:17:20.287+0000] {processor.py:756} INFO - Processing file /home/airflow/.local/lib/python3.7/site-packages/airflow/example_dags/example_xcomargs.py for tasks to queue
[2024-08-05T11:17:20.288+0000] {logging_mixin.py:120} INFO - [2024-08-05T11:17:20.288+0000] {dagbag.py:537} INFO - Filling up the DagBag from /home/airflow/.local/lib/python3.7/site-packages/airflow/example_dags/example_xcomargs.py
[2024-08-05T11:17:20.314+0000] {processor.py:766} INFO - DAG(s) dict_keys(['example_xcom_args_with_operators', 'example_xcom_args']) retrieved from /home/airflow/.local/lib/python3.7/site-packages/airflow/example_dags/example_xcomargs.py
[2024-08-05T11:17:20.401+0000] {logging_mixin.py:120} INFO - [2024-08-05T11:17:20.401+0000] {dag.py:2585} INFO - Sync 2 DAGs
[2024-08-05T11:17:20.440+0000] {logging_mixin.py:120} INFO - [2024-08-05T11:17:20.440+0000] {dag.py:3340} INFO - Setting next_dagrun for example_xcom_args to None, run_after=None
[2024-08-05T11:17:20.445+0000] {logging_mixin.py:120} INFO - [2024-08-05T11:17:20.444+0000] {dag.py:3340} INFO - Setting next_dagrun for example_xcom_args_with_operators to None, run_after=None
[2024-08-05T11:17:20.480+0000] {processor.py:176} INFO - Processing /home/airflow/.local/lib/python3.7/site-packages/airflow/example_dags/example_xcomargs.py took 0.198 seconds
[2024-08-05T11:17:50.998+0000] {processor.py:154} INFO - Started process (PID=20086) to work on /home/airflow/.local/lib/python3.7/site-packages/airflow/example_dags/example_xcomargs.py
[2024-08-05T11:17:51.000+0000] {processor.py:756} INFO - Processing file /home/airflow/.local/lib/python3.7/site-packages/airflow/example_dags/example_xcomargs.py for tasks to queue
[2024-08-05T11:17:51.001+0000] {logging_mixin.py:120} INFO - [2024-08-05T11:17:51.001+0000] {dagbag.py:537} INFO - Filling up the DagBag from /home/airflow/.local/lib/python3.7/site-packages/airflow/example_dags/example_xcomargs.py
[2024-08-05T11:17:51.023+0000] {processor.py:766} INFO - DAG(s) dict_keys(['example_xcom_args_with_operators', 'example_xcom_args']) retrieved from /home/airflow/.local/lib/python3.7/site-packages/airflow/example_dags/example_xcomargs.py
[2024-08-05T11:17:51.071+0000] {logging_mixin.py:120} INFO - [2024-08-05T11:17:51.070+0000] {dag.py:2585} INFO - Sync 2 DAGs
[2024-08-05T11:17:51.097+0000] {logging_mixin.py:120} INFO - [2024-08-05T11:17:51.096+0000] {dag.py:3340} INFO - Setting next_dagrun for example_xcom_args to None, run_after=None
[2024-08-05T11:17:51.100+0000] {logging_mixin.py:120} INFO - [2024-08-05T11:17:51.100+0000] {dag.py:3340} INFO - Setting next_dagrun for example_xcom_args_with_operators to None, run_after=None
[2024-08-05T11:17:51.123+0000] {processor.py:176} INFO - Processing /home/airflow/.local/lib/python3.7/site-packages/airflow/example_dags/example_xcomargs.py took 0.128 seconds
[2024-08-05T11:18:22.084+0000] {processor.py:154} INFO - Started process (PID=20153) to work on /home/airflow/.local/lib/python3.7/site-packages/airflow/example_dags/example_xcomargs.py
[2024-08-05T11:18:22.087+0000] {processor.py:756} INFO - Processing file /home/airflow/.local/lib/python3.7/site-packages/airflow/example_dags/example_xcomargs.py for tasks to queue
[2024-08-05T11:18:22.090+0000] {logging_mixin.py:120} INFO - [2024-08-05T11:18:22.090+0000] {dagbag.py:537} INFO - Filling up the DagBag from /home/airflow/.local/lib/python3.7/site-packages/airflow/example_dags/example_xcomargs.py
[2024-08-05T11:18:22.135+0000] {processor.py:766} INFO - DAG(s) dict_keys(['example_xcom_args', 'example_xcom_args_with_operators']) retrieved from /home/airflow/.local/lib/python3.7/site-packages/airflow/example_dags/example_xcomargs.py
[2024-08-05T11:18:22.225+0000] {logging_mixin.py:120} INFO - [2024-08-05T11:18:22.224+0000] {dag.py:2585} INFO - Sync 2 DAGs
[2024-08-05T11:18:22.279+0000] {logging_mixin.py:120} INFO - [2024-08-05T11:18:22.278+0000] {dag.py:3340} INFO - Setting next_dagrun for example_xcom_args to None, run_after=None
[2024-08-05T11:18:22.288+0000] {logging_mixin.py:120} INFO - [2024-08-05T11:18:22.287+0000] {dag.py:3340} INFO - Setting next_dagrun for example_xcom_args_with_operators to None, run_after=None
[2024-08-05T11:18:22.324+0000] {processor.py:176} INFO - Processing /home/airflow/.local/lib/python3.7/site-packages/airflow/example_dags/example_xcomargs.py took 0.248 seconds
[2024-08-05T11:18:55.354+0000] {processor.py:154} INFO - Started process (PID=20213) to work on /home/airflow/.local/lib/python3.7/site-packages/airflow/example_dags/example_xcomargs.py
[2024-08-05T11:18:55.355+0000] {processor.py:756} INFO - Processing file /home/airflow/.local/lib/python3.7/site-packages/airflow/example_dags/example_xcomargs.py for tasks to queue
[2024-08-05T11:18:55.357+0000] {logging_mixin.py:120} INFO - [2024-08-05T11:18:55.356+0000] {dagbag.py:537} INFO - Filling up the DagBag from /home/airflow/.local/lib/python3.7/site-packages/airflow/example_dags/example_xcomargs.py
[2024-08-05T11:18:55.391+0000] {processor.py:766} INFO - DAG(s) dict_keys(['example_xcom_args', 'example_xcom_args_with_operators']) retrieved from /home/airflow/.local/lib/python3.7/site-packages/airflow/example_dags/example_xcomargs.py
[2024-08-05T11:18:55.455+0000] {logging_mixin.py:120} INFO - [2024-08-05T11:18:55.455+0000] {dag.py:2585} INFO - Sync 2 DAGs
[2024-08-05T11:18:55.488+0000] {logging_mixin.py:120} INFO - [2024-08-05T11:18:55.488+0000] {dag.py:3340} INFO - Setting next_dagrun for example_xcom_args to None, run_after=None
[2024-08-05T11:18:55.492+0000] {logging_mixin.py:120} INFO - [2024-08-05T11:18:55.492+0000] {dag.py:3340} INFO - Setting next_dagrun for example_xcom_args_with_operators to None, run_after=None
[2024-08-05T11:18:55.515+0000] {processor.py:176} INFO - Processing /home/airflow/.local/lib/python3.7/site-packages/airflow/example_dags/example_xcomargs.py took 0.165 seconds
[2024-08-05T11:19:27.091+0000] {processor.py:154} INFO - Started process (PID=20280) to work on /home/airflow/.local/lib/python3.7/site-packages/airflow/example_dags/example_xcomargs.py
[2024-08-05T11:19:27.237+0000] {processor.py:756} INFO - Processing file /home/airflow/.local/lib/python3.7/site-packages/airflow/example_dags/example_xcomargs.py for tasks to queue
[2024-08-05T11:19:27.243+0000] {logging_mixin.py:120} INFO - [2024-08-05T11:19:27.242+0000] {dagbag.py:537} INFO - Filling up the DagBag from /home/airflow/.local/lib/python3.7/site-packages/airflow/example_dags/example_xcomargs.py
[2024-08-05T11:19:27.289+0000] {processor.py:766} INFO - DAG(s) dict_keys(['example_xcom_args_with_operators', 'example_xcom_args']) retrieved from /home/airflow/.local/lib/python3.7/site-packages/airflow/example_dags/example_xcomargs.py
[2024-08-05T11:19:27.462+0000] {logging_mixin.py:120} INFO - [2024-08-05T11:19:27.461+0000] {dag.py:2585} INFO - Sync 2 DAGs
[2024-08-05T11:19:27.549+0000] {logging_mixin.py:120} INFO - [2024-08-05T11:19:27.549+0000] {dag.py:3340} INFO - Setting next_dagrun for example_xcom_args to None, run_after=None
[2024-08-05T11:19:27.594+0000] {logging_mixin.py:120} INFO - [2024-08-05T11:19:27.594+0000] {dag.py:3340} INFO - Setting next_dagrun for example_xcom_args_with_operators to None, run_after=None
[2024-08-05T11:19:27.628+0000] {processor.py:176} INFO - Processing /home/airflow/.local/lib/python3.7/site-packages/airflow/example_dags/example_xcomargs.py took 0.540 seconds
[2024-08-05T11:19:58.169+0000] {processor.py:154} INFO - Started process (PID=20347) to work on /home/airflow/.local/lib/python3.7/site-packages/airflow/example_dags/example_xcomargs.py
[2024-08-05T11:19:58.185+0000] {processor.py:756} INFO - Processing file /home/airflow/.local/lib/python3.7/site-packages/airflow/example_dags/example_xcomargs.py for tasks to queue
[2024-08-05T11:19:58.189+0000] {logging_mixin.py:120} INFO - [2024-08-05T11:19:58.189+0000] {dagbag.py:537} INFO - Filling up the DagBag from /home/airflow/.local/lib/python3.7/site-packages/airflow/example_dags/example_xcomargs.py
[2024-08-05T11:19:58.364+0000] {processor.py:766} INFO - DAG(s) dict_keys(['example_xcom_args_with_operators', 'example_xcom_args']) retrieved from /home/airflow/.local/lib/python3.7/site-packages/airflow/example_dags/example_xcomargs.py
[2024-08-05T11:19:58.483+0000] {logging_mixin.py:120} INFO - [2024-08-05T11:19:58.483+0000] {dag.py:2585} INFO - Sync 2 DAGs
[2024-08-05T11:19:58.568+0000] {logging_mixin.py:120} INFO - [2024-08-05T11:19:58.568+0000] {dag.py:3340} INFO - Setting next_dagrun for example_xcom_args to None, run_after=None
[2024-08-05T11:19:58.640+0000] {logging_mixin.py:120} INFO - [2024-08-05T11:19:58.640+0000] {dag.py:3340} INFO - Setting next_dagrun for example_xcom_args_with_operators to None, run_after=None
[2024-08-05T11:19:58.706+0000] {processor.py:176} INFO - Processing /home/airflow/.local/lib/python3.7/site-packages/airflow/example_dags/example_xcomargs.py took 0.542 seconds
[2024-08-05T11:20:31.441+0000] {processor.py:154} INFO - Started process (PID=20414) to work on /home/airflow/.local/lib/python3.7/site-packages/airflow/example_dags/example_xcomargs.py
[2024-08-05T11:20:31.443+0000] {processor.py:756} INFO - Processing file /home/airflow/.local/lib/python3.7/site-packages/airflow/example_dags/example_xcomargs.py for tasks to queue
[2024-08-05T11:20:31.444+0000] {logging_mixin.py:120} INFO - [2024-08-05T11:20:31.444+0000] {dagbag.py:537} INFO - Filling up the DagBag from /home/airflow/.local/lib/python3.7/site-packages/airflow/example_dags/example_xcomargs.py
[2024-08-05T11:20:31.485+0000] {processor.py:766} INFO - DAG(s) dict_keys(['example_xcom_args_with_operators', 'example_xcom_args']) retrieved from /home/airflow/.local/lib/python3.7/site-packages/airflow/example_dags/example_xcomargs.py
[2024-08-05T11:20:31.544+0000] {logging_mixin.py:120} INFO - [2024-08-05T11:20:31.544+0000] {dag.py:2585} INFO - Sync 2 DAGs
[2024-08-05T11:20:31.585+0000] {logging_mixin.py:120} INFO - [2024-08-05T11:20:31.585+0000] {dag.py:3340} INFO - Setting next_dagrun for example_xcom_args to None, run_after=None
[2024-08-05T11:20:31.593+0000] {logging_mixin.py:120} INFO - [2024-08-05T11:20:31.593+0000] {dag.py:3340} INFO - Setting next_dagrun for example_xcom_args_with_operators to None, run_after=None
[2024-08-05T11:20:31.625+0000] {processor.py:176} INFO - Processing /home/airflow/.local/lib/python3.7/site-packages/airflow/example_dags/example_xcomargs.py took 0.189 seconds
[2024-08-05T11:21:03.797+0000] {processor.py:154} INFO - Started process (PID=20472) to work on /home/airflow/.local/lib/python3.7/site-packages/airflow/example_dags/example_xcomargs.py
[2024-08-05T11:21:03.798+0000] {processor.py:756} INFO - Processing file /home/airflow/.local/lib/python3.7/site-packages/airflow/example_dags/example_xcomargs.py for tasks to queue
[2024-08-05T11:21:03.802+0000] {logging_mixin.py:120} INFO - [2024-08-05T11:21:03.802+0000] {dagbag.py:537} INFO - Filling up the DagBag from /home/airflow/.local/lib/python3.7/site-packages/airflow/example_dags/example_xcomargs.py
[2024-08-05T11:21:03.840+0000] {processor.py:766} INFO - DAG(s) dict_keys(['example_xcom_args', 'example_xcom_args_with_operators']) retrieved from /home/airflow/.local/lib/python3.7/site-packages/airflow/example_dags/example_xcomargs.py
[2024-08-05T11:21:03.974+0000] {logging_mixin.py:120} INFO - [2024-08-05T11:21:03.974+0000] {dag.py:2585} INFO - Sync 2 DAGs
[2024-08-05T11:21:04.131+0000] {logging_mixin.py:120} INFO - [2024-08-05T11:21:04.131+0000] {dag.py:3340} INFO - Setting next_dagrun for example_xcom_args to None, run_after=None
[2024-08-05T11:21:04.175+0000] {logging_mixin.py:120} INFO - [2024-08-05T11:21:04.175+0000] {dag.py:3340} INFO - Setting next_dagrun for example_xcom_args_with_operators to None, run_after=None
[2024-08-05T11:21:04.262+0000] {processor.py:176} INFO - Processing /home/airflow/.local/lib/python3.7/site-packages/airflow/example_dags/example_xcomargs.py took 0.469 seconds
[2024-08-05T11:21:37.264+0000] {processor.py:154} INFO - Started process (PID=20541) to work on /home/airflow/.local/lib/python3.7/site-packages/airflow/example_dags/example_xcomargs.py
[2024-08-05T11:21:37.327+0000] {processor.py:756} INFO - Processing file /home/airflow/.local/lib/python3.7/site-packages/airflow/example_dags/example_xcomargs.py for tasks to queue
[2024-08-05T11:21:37.387+0000] {logging_mixin.py:120} INFO - [2024-08-05T11:21:37.387+0000] {dagbag.py:537} INFO - Filling up the DagBag from /home/airflow/.local/lib/python3.7/site-packages/airflow/example_dags/example_xcomargs.py
[2024-08-05T11:21:37.454+0000] {processor.py:766} INFO - DAG(s) dict_keys(['example_xcom_args_with_operators', 'example_xcom_args']) retrieved from /home/airflow/.local/lib/python3.7/site-packages/airflow/example_dags/example_xcomargs.py
[2024-08-05T11:21:37.564+0000] {logging_mixin.py:120} INFO - [2024-08-05T11:21:37.563+0000] {dag.py:2585} INFO - Sync 2 DAGs
[2024-08-05T11:21:37.653+0000] {logging_mixin.py:120} INFO - [2024-08-05T11:21:37.652+0000] {dag.py:3340} INFO - Setting next_dagrun for example_xcom_args to None, run_after=None
[2024-08-05T11:21:37.764+0000] {logging_mixin.py:120} INFO - [2024-08-05T11:21:37.764+0000] {dag.py:3340} INFO - Setting next_dagrun for example_xcom_args_with_operators to None, run_after=None
[2024-08-05T11:21:37.820+0000] {processor.py:176} INFO - Processing /home/airflow/.local/lib/python3.7/site-packages/airflow/example_dags/example_xcomargs.py took 0.560 seconds
[2024-08-05T11:22:08.512+0000] {processor.py:154} INFO - Started process (PID=20608) to work on /home/airflow/.local/lib/python3.7/site-packages/airflow/example_dags/example_xcomargs.py
[2024-08-05T11:22:08.513+0000] {processor.py:756} INFO - Processing file /home/airflow/.local/lib/python3.7/site-packages/airflow/example_dags/example_xcomargs.py for tasks to queue
[2024-08-05T11:22:08.516+0000] {logging_mixin.py:120} INFO - [2024-08-05T11:22:08.516+0000] {dagbag.py:537} INFO - Filling up the DagBag from /home/airflow/.local/lib/python3.7/site-packages/airflow/example_dags/example_xcomargs.py
[2024-08-05T11:22:08.550+0000] {processor.py:766} INFO - DAG(s) dict_keys(['example_xcom_args', 'example_xcom_args_with_operators']) retrieved from /home/airflow/.local/lib/python3.7/site-packages/airflow/example_dags/example_xcomargs.py
[2024-08-05T11:22:08.733+0000] {logging_mixin.py:120} INFO - [2024-08-05T11:22:08.733+0000] {dag.py:2585} INFO - Sync 2 DAGs
[2024-08-05T11:22:08.880+0000] {logging_mixin.py:120} INFO - [2024-08-05T11:22:08.880+0000] {dag.py:3340} INFO - Setting next_dagrun for example_xcom_args to None, run_after=None
[2024-08-05T11:22:08.885+0000] {logging_mixin.py:120} INFO - [2024-08-05T11:22:08.885+0000] {dag.py:3340} INFO - Setting next_dagrun for example_xcom_args_with_operators to None, run_after=None
[2024-08-05T11:22:08.915+0000] {processor.py:176} INFO - Processing /home/airflow/.local/lib/python3.7/site-packages/airflow/example_dags/example_xcomargs.py took 0.407 seconds
[2024-08-05T11:22:40.121+0000] {processor.py:154} INFO - Started process (PID=20666) to work on /home/airflow/.local/lib/python3.7/site-packages/airflow/example_dags/example_xcomargs.py
[2024-08-05T11:22:40.131+0000] {processor.py:756} INFO - Processing file /home/airflow/.local/lib/python3.7/site-packages/airflow/example_dags/example_xcomargs.py for tasks to queue
[2024-08-05T11:22:40.271+0000] {logging_mixin.py:120} INFO - [2024-08-05T11:22:40.271+0000] {dagbag.py:537} INFO - Filling up the DagBag from /home/airflow/.local/lib/python3.7/site-packages/airflow/example_dags/example_xcomargs.py
[2024-08-05T11:22:40.317+0000] {processor.py:766} INFO - DAG(s) dict_keys(['example_xcom_args', 'example_xcom_args_with_operators']) retrieved from /home/airflow/.local/lib/python3.7/site-packages/airflow/example_dags/example_xcomargs.py
[2024-08-05T11:22:40.442+0000] {logging_mixin.py:120} INFO - [2024-08-05T11:22:40.441+0000] {dag.py:2585} INFO - Sync 2 DAGs
[2024-08-05T11:22:40.577+0000] {logging_mixin.py:120} INFO - [2024-08-05T11:22:40.576+0000] {dag.py:3340} INFO - Setting next_dagrun for example_xcom_args to None, run_after=None
[2024-08-05T11:22:40.668+0000] {logging_mixin.py:120} INFO - [2024-08-05T11:22:40.668+0000] {dag.py:3340} INFO - Setting next_dagrun for example_xcom_args_with_operators to None, run_after=None
[2024-08-05T11:22:40.713+0000] {processor.py:176} INFO - Processing /home/airflow/.local/lib/python3.7/site-packages/airflow/example_dags/example_xcomargs.py took 0.596 seconds
[2024-08-05T11:23:12.283+0000] {processor.py:154} INFO - Started process (PID=20734) to work on /home/airflow/.local/lib/python3.7/site-packages/airflow/example_dags/example_xcomargs.py
[2024-08-05T11:23:12.284+0000] {processor.py:756} INFO - Processing file /home/airflow/.local/lib/python3.7/site-packages/airflow/example_dags/example_xcomargs.py for tasks to queue
[2024-08-05T11:23:12.285+0000] {logging_mixin.py:120} INFO - [2024-08-05T11:23:12.285+0000] {dagbag.py:537} INFO - Filling up the DagBag from /home/airflow/.local/lib/python3.7/site-packages/airflow/example_dags/example_xcomargs.py
[2024-08-05T11:23:12.323+0000] {processor.py:766} INFO - DAG(s) dict_keys(['example_xcom_args_with_operators', 'example_xcom_args']) retrieved from /home/airflow/.local/lib/python3.7/site-packages/airflow/example_dags/example_xcomargs.py
[2024-08-05T11:23:12.427+0000] {logging_mixin.py:120} INFO - [2024-08-05T11:23:12.426+0000] {dag.py:2585} INFO - Sync 2 DAGs
[2024-08-05T11:23:12.483+0000] {logging_mixin.py:120} INFO - [2024-08-05T11:23:12.483+0000] {dag.py:3340} INFO - Setting next_dagrun for example_xcom_args to None, run_after=None
[2024-08-05T11:23:12.556+0000] {logging_mixin.py:120} INFO - [2024-08-05T11:23:12.555+0000] {dag.py:3340} INFO - Setting next_dagrun for example_xcom_args_with_operators to None, run_after=None
[2024-08-05T11:23:12.594+0000] {processor.py:176} INFO - Processing /home/airflow/.local/lib/python3.7/site-packages/airflow/example_dags/example_xcomargs.py took 0.316 seconds
[2024-08-05T11:23:43.658+0000] {processor.py:154} INFO - Started process (PID=20801) to work on /home/airflow/.local/lib/python3.7/site-packages/airflow/example_dags/example_xcomargs.py
[2024-08-05T11:23:43.699+0000] {processor.py:756} INFO - Processing file /home/airflow/.local/lib/python3.7/site-packages/airflow/example_dags/example_xcomargs.py for tasks to queue
[2024-08-05T11:23:43.725+0000] {logging_mixin.py:120} INFO - [2024-08-05T11:23:43.725+0000] {dagbag.py:537} INFO - Filling up the DagBag from /home/airflow/.local/lib/python3.7/site-packages/airflow/example_dags/example_xcomargs.py
[2024-08-05T11:23:43.789+0000] {processor.py:766} INFO - DAG(s) dict_keys(['example_xcom_args_with_operators', 'example_xcom_args']) retrieved from /home/airflow/.local/lib/python3.7/site-packages/airflow/example_dags/example_xcomargs.py
[2024-08-05T11:23:43.874+0000] {logging_mixin.py:120} INFO - [2024-08-05T11:23:43.873+0000] {dag.py:2585} INFO - Sync 2 DAGs
[2024-08-05T11:23:43.915+0000] {logging_mixin.py:120} INFO - [2024-08-05T11:23:43.915+0000] {dag.py:3340} INFO - Setting next_dagrun for example_xcom_args to None, run_after=None
[2024-08-05T11:23:43.935+0000] {logging_mixin.py:120} INFO - [2024-08-05T11:23:43.935+0000] {dag.py:3340} INFO - Setting next_dagrun for example_xcom_args_with_operators to None, run_after=None
[2024-08-05T11:23:43.971+0000] {processor.py:176} INFO - Processing /home/airflow/.local/lib/python3.7/site-packages/airflow/example_dags/example_xcomargs.py took 0.320 seconds
[2024-08-05T11:24:14.493+0000] {processor.py:154} INFO - Started process (PID=20859) to work on /home/airflow/.local/lib/python3.7/site-packages/airflow/example_dags/example_xcomargs.py
[2024-08-05T11:24:14.495+0000] {processor.py:756} INFO - Processing file /home/airflow/.local/lib/python3.7/site-packages/airflow/example_dags/example_xcomargs.py for tasks to queue
[2024-08-05T11:24:14.526+0000] {logging_mixin.py:120} INFO - [2024-08-05T11:24:14.526+0000] {dagbag.py:537} INFO - Filling up the DagBag from /home/airflow/.local/lib/python3.7/site-packages/airflow/example_dags/example_xcomargs.py
[2024-08-05T11:24:14.609+0000] {processor.py:766} INFO - DAG(s) dict_keys(['example_xcom_args_with_operators', 'example_xcom_args']) retrieved from /home/airflow/.local/lib/python3.7/site-packages/airflow/example_dags/example_xcomargs.py
[2024-08-05T11:24:14.727+0000] {logging_mixin.py:120} INFO - [2024-08-05T11:24:14.727+0000] {dag.py:2585} INFO - Sync 2 DAGs
[2024-08-05T11:24:14.785+0000] {logging_mixin.py:120} INFO - [2024-08-05T11:24:14.785+0000] {dag.py:3340} INFO - Setting next_dagrun for example_xcom_args to None, run_after=None
[2024-08-05T11:24:14.793+0000] {logging_mixin.py:120} INFO - [2024-08-05T11:24:14.793+0000] {dag.py:3340} INFO - Setting next_dagrun for example_xcom_args_with_operators to None, run_after=None
[2024-08-05T11:24:14.819+0000] {processor.py:176} INFO - Processing /home/airflow/.local/lib/python3.7/site-packages/airflow/example_dags/example_xcomargs.py took 0.330 seconds
[2024-08-05T11:24:45.302+0000] {processor.py:154} INFO - Started process (PID=20926) to work on /home/airflow/.local/lib/python3.7/site-packages/airflow/example_dags/example_xcomargs.py
[2024-08-05T11:24:45.311+0000] {processor.py:756} INFO - Processing file /home/airflow/.local/lib/python3.7/site-packages/airflow/example_dags/example_xcomargs.py for tasks to queue
[2024-08-05T11:24:45.318+0000] {logging_mixin.py:120} INFO - [2024-08-05T11:24:45.318+0000] {dagbag.py:537} INFO - Filling up the DagBag from /home/airflow/.local/lib/python3.7/site-packages/airflow/example_dags/example_xcomargs.py
[2024-08-05T11:24:45.356+0000] {processor.py:766} INFO - DAG(s) dict_keys(['example_xcom_args_with_operators', 'example_xcom_args']) retrieved from /home/airflow/.local/lib/python3.7/site-packages/airflow/example_dags/example_xcomargs.py
[2024-08-05T11:24:45.461+0000] {logging_mixin.py:120} INFO - [2024-08-05T11:24:45.461+0000] {dag.py:2585} INFO - Sync 2 DAGs
[2024-08-05T11:24:45.552+0000] {logging_mixin.py:120} INFO - [2024-08-05T11:24:45.552+0000] {dag.py:3340} INFO - Setting next_dagrun for example_xcom_args to None, run_after=None
[2024-08-05T11:24:45.560+0000] {logging_mixin.py:120} INFO - [2024-08-05T11:24:45.559+0000] {dag.py:3340} INFO - Setting next_dagrun for example_xcom_args_with_operators to None, run_after=None
[2024-08-05T11:24:45.584+0000] {processor.py:176} INFO - Processing /home/airflow/.local/lib/python3.7/site-packages/airflow/example_dags/example_xcomargs.py took 0.285 seconds
[2024-08-05T11:25:17.047+0000] {processor.py:154} INFO - Started process (PID=20992) to work on /home/airflow/.local/lib/python3.7/site-packages/airflow/example_dags/example_xcomargs.py
[2024-08-05T11:25:17.048+0000] {processor.py:756} INFO - Processing file /home/airflow/.local/lib/python3.7/site-packages/airflow/example_dags/example_xcomargs.py for tasks to queue
[2024-08-05T11:25:17.049+0000] {logging_mixin.py:120} INFO - [2024-08-05T11:25:17.049+0000] {dagbag.py:537} INFO - Filling up the DagBag from /home/airflow/.local/lib/python3.7/site-packages/airflow/example_dags/example_xcomargs.py
[2024-08-05T11:25:17.088+0000] {processor.py:766} INFO - DAG(s) dict_keys(['example_xcom_args_with_operators', 'example_xcom_args']) retrieved from /home/airflow/.local/lib/python3.7/site-packages/airflow/example_dags/example_xcomargs.py
[2024-08-05T11:25:17.168+0000] {logging_mixin.py:120} INFO - [2024-08-05T11:25:17.168+0000] {dag.py:2585} INFO - Sync 2 DAGs
[2024-08-05T11:25:17.206+0000] {logging_mixin.py:120} INFO - [2024-08-05T11:25:17.206+0000] {dag.py:3340} INFO - Setting next_dagrun for example_xcom_args to None, run_after=None
[2024-08-05T11:25:17.212+0000] {logging_mixin.py:120} INFO - [2024-08-05T11:25:17.212+0000] {dag.py:3340} INFO - Setting next_dagrun for example_xcom_args_with_operators to None, run_after=None
[2024-08-05T11:25:17.253+0000] {processor.py:176} INFO - Processing /home/airflow/.local/lib/python3.7/site-packages/airflow/example_dags/example_xcomargs.py took 0.210 seconds
[2024-08-05T11:25:47.950+0000] {processor.py:154} INFO - Started process (PID=21049) to work on /home/airflow/.local/lib/python3.7/site-packages/airflow/example_dags/example_xcomargs.py
[2024-08-05T11:25:47.964+0000] {processor.py:756} INFO - Processing file /home/airflow/.local/lib/python3.7/site-packages/airflow/example_dags/example_xcomargs.py for tasks to queue
[2024-08-05T11:25:47.968+0000] {logging_mixin.py:120} INFO - [2024-08-05T11:25:47.968+0000] {dagbag.py:537} INFO - Filling up the DagBag from /home/airflow/.local/lib/python3.7/site-packages/airflow/example_dags/example_xcomargs.py
[2024-08-05T11:25:47.995+0000] {processor.py:766} INFO - DAG(s) dict_keys(['example_xcom_args', 'example_xcom_args_with_operators']) retrieved from /home/airflow/.local/lib/python3.7/site-packages/airflow/example_dags/example_xcomargs.py
[2024-08-05T11:25:48.035+0000] {logging_mixin.py:120} INFO - [2024-08-05T11:25:48.035+0000] {dag.py:2585} INFO - Sync 2 DAGs
[2024-08-05T11:25:48.062+0000] {logging_mixin.py:120} INFO - [2024-08-05T11:25:48.062+0000] {dag.py:3340} INFO - Setting next_dagrun for example_xcom_args to None, run_after=None
[2024-08-05T11:25:48.066+0000] {logging_mixin.py:120} INFO - [2024-08-05T11:25:48.066+0000] {dag.py:3340} INFO - Setting next_dagrun for example_xcom_args_with_operators to None, run_after=None
[2024-08-05T11:25:48.116+0000] {processor.py:176} INFO - Processing /home/airflow/.local/lib/python3.7/site-packages/airflow/example_dags/example_xcomargs.py took 0.170 seconds
[2024-08-05T11:26:19.805+0000] {processor.py:154} INFO - Started process (PID=21116) to work on /home/airflow/.local/lib/python3.7/site-packages/airflow/example_dags/example_xcomargs.py
[2024-08-05T11:26:19.808+0000] {processor.py:756} INFO - Processing file /home/airflow/.local/lib/python3.7/site-packages/airflow/example_dags/example_xcomargs.py for tasks to queue
[2024-08-05T11:26:19.811+0000] {logging_mixin.py:120} INFO - [2024-08-05T11:26:19.811+0000] {dagbag.py:537} INFO - Filling up the DagBag from /home/airflow/.local/lib/python3.7/site-packages/airflow/example_dags/example_xcomargs.py
[2024-08-05T11:26:19.852+0000] {processor.py:766} INFO - DAG(s) dict_keys(['example_xcom_args_with_operators', 'example_xcom_args']) retrieved from /home/airflow/.local/lib/python3.7/site-packages/airflow/example_dags/example_xcomargs.py
[2024-08-05T11:26:20.009+0000] {logging_mixin.py:120} INFO - [2024-08-05T11:26:20.009+0000] {dag.py:2585} INFO - Sync 2 DAGs
[2024-08-05T11:26:20.108+0000] {logging_mixin.py:120} INFO - [2024-08-05T11:26:20.107+0000] {dag.py:3340} INFO - Setting next_dagrun for example_xcom_args to None, run_after=None
[2024-08-05T11:26:20.134+0000] {logging_mixin.py:120} INFO - [2024-08-05T11:26:20.133+0000] {dag.py:3340} INFO - Setting next_dagrun for example_xcom_args_with_operators to None, run_after=None
[2024-08-05T11:26:20.174+0000] {processor.py:176} INFO - Processing /home/airflow/.local/lib/python3.7/site-packages/airflow/example_dags/example_xcomargs.py took 0.373 seconds
[2024-08-05T11:26:50.435+0000] {processor.py:154} INFO - Started process (PID=21183) to work on /home/airflow/.local/lib/python3.7/site-packages/airflow/example_dags/example_xcomargs.py
[2024-08-05T11:26:50.436+0000] {processor.py:756} INFO - Processing file /home/airflow/.local/lib/python3.7/site-packages/airflow/example_dags/example_xcomargs.py for tasks to queue
[2024-08-05T11:26:50.437+0000] {logging_mixin.py:120} INFO - [2024-08-05T11:26:50.437+0000] {dagbag.py:537} INFO - Filling up the DagBag from /home/airflow/.local/lib/python3.7/site-packages/airflow/example_dags/example_xcomargs.py
[2024-08-05T11:26:50.460+0000] {processor.py:766} INFO - DAG(s) dict_keys(['example_xcom_args_with_operators', 'example_xcom_args']) retrieved from /home/airflow/.local/lib/python3.7/site-packages/airflow/example_dags/example_xcomargs.py
[2024-08-05T11:26:50.506+0000] {logging_mixin.py:120} INFO - [2024-08-05T11:26:50.505+0000] {dag.py:2585} INFO - Sync 2 DAGs
[2024-08-05T11:26:50.529+0000] {logging_mixin.py:120} INFO - [2024-08-05T11:26:50.529+0000] {dag.py:3340} INFO - Setting next_dagrun for example_xcom_args to None, run_after=None
[2024-08-05T11:26:50.533+0000] {logging_mixin.py:120} INFO - [2024-08-05T11:26:50.533+0000] {dag.py:3340} INFO - Setting next_dagrun for example_xcom_args_with_operators to None, run_after=None
[2024-08-05T11:26:50.554+0000] {processor.py:176} INFO - Processing /home/airflow/.local/lib/python3.7/site-packages/airflow/example_dags/example_xcomargs.py took 0.122 seconds
[2024-08-05T11:27:21.999+0000] {processor.py:154} INFO - Started process (PID=21241) to work on /home/airflow/.local/lib/python3.7/site-packages/airflow/example_dags/example_xcomargs.py
[2024-08-05T11:27:22.003+0000] {processor.py:756} INFO - Processing file /home/airflow/.local/lib/python3.7/site-packages/airflow/example_dags/example_xcomargs.py for tasks to queue
[2024-08-05T11:27:22.010+0000] {logging_mixin.py:120} INFO - [2024-08-05T11:27:22.010+0000] {dagbag.py:537} INFO - Filling up the DagBag from /home/airflow/.local/lib/python3.7/site-packages/airflow/example_dags/example_xcomargs.py
[2024-08-05T11:27:22.044+0000] {processor.py:766} INFO - DAG(s) dict_keys(['example_xcom_args', 'example_xcom_args_with_operators']) retrieved from /home/airflow/.local/lib/python3.7/site-packages/airflow/example_dags/example_xcomargs.py
[2024-08-05T11:27:22.225+0000] {logging_mixin.py:120} INFO - [2024-08-05T11:27:22.225+0000] {dag.py:2585} INFO - Sync 2 DAGs
[2024-08-05T11:27:22.397+0000] {logging_mixin.py:120} INFO - [2024-08-05T11:27:22.397+0000] {dag.py:3340} INFO - Setting next_dagrun for example_xcom_args to None, run_after=None
[2024-08-05T11:27:22.428+0000] {logging_mixin.py:120} INFO - [2024-08-05T11:27:22.427+0000] {dag.py:3340} INFO - Setting next_dagrun for example_xcom_args_with_operators to None, run_after=None
[2024-08-05T11:27:22.550+0000] {processor.py:176} INFO - Processing /home/airflow/.local/lib/python3.7/site-packages/airflow/example_dags/example_xcomargs.py took 0.555 seconds
[2024-08-05T11:27:53.596+0000] {processor.py:154} INFO - Started process (PID=21308) to work on /home/airflow/.local/lib/python3.7/site-packages/airflow/example_dags/example_xcomargs.py
[2024-08-05T11:27:53.599+0000] {processor.py:756} INFO - Processing file /home/airflow/.local/lib/python3.7/site-packages/airflow/example_dags/example_xcomargs.py for tasks to queue
[2024-08-05T11:27:53.602+0000] {logging_mixin.py:120} INFO - [2024-08-05T11:27:53.602+0000] {dagbag.py:537} INFO - Filling up the DagBag from /home/airflow/.local/lib/python3.7/site-packages/airflow/example_dags/example_xcomargs.py
[2024-08-05T11:27:53.648+0000] {processor.py:766} INFO - DAG(s) dict_keys(['example_xcom_args', 'example_xcom_args_with_operators']) retrieved from /home/airflow/.local/lib/python3.7/site-packages/airflow/example_dags/example_xcomargs.py
[2024-08-05T11:27:53.842+0000] {logging_mixin.py:120} INFO - [2024-08-05T11:27:53.842+0000] {dag.py:2585} INFO - Sync 2 DAGs
[2024-08-05T11:27:54.001+0000] {logging_mixin.py:120} INFO - [2024-08-05T11:27:54.000+0000] {dag.py:3340} INFO - Setting next_dagrun for example_xcom_args to None, run_after=None
[2024-08-05T11:27:54.121+0000] {logging_mixin.py:120} INFO - [2024-08-05T11:27:54.121+0000] {dag.py:3340} INFO - Setting next_dagrun for example_xcom_args_with_operators to None, run_after=None
[2024-08-05T11:27:54.186+0000] {processor.py:176} INFO - Processing /home/airflow/.local/lib/python3.7/site-packages/airflow/example_dags/example_xcomargs.py took 0.593 seconds
[2024-08-05T11:28:24.767+0000] {processor.py:154} INFO - Started process (PID=21375) to work on /home/airflow/.local/lib/python3.7/site-packages/airflow/example_dags/example_xcomargs.py
[2024-08-05T11:28:24.791+0000] {processor.py:756} INFO - Processing file /home/airflow/.local/lib/python3.7/site-packages/airflow/example_dags/example_xcomargs.py for tasks to queue
[2024-08-05T11:28:24.794+0000] {logging_mixin.py:120} INFO - [2024-08-05T11:28:24.794+0000] {dagbag.py:537} INFO - Filling up the DagBag from /home/airflow/.local/lib/python3.7/site-packages/airflow/example_dags/example_xcomargs.py
[2024-08-05T11:28:24.847+0000] {processor.py:766} INFO - DAG(s) dict_keys(['example_xcom_args', 'example_xcom_args_with_operators']) retrieved from /home/airflow/.local/lib/python3.7/site-packages/airflow/example_dags/example_xcomargs.py
[2024-08-05T11:28:25.011+0000] {logging_mixin.py:120} INFO - [2024-08-05T11:28:25.011+0000] {dag.py:2585} INFO - Sync 2 DAGs
[2024-08-05T11:28:25.053+0000] {logging_mixin.py:120} INFO - [2024-08-05T11:28:25.053+0000] {dag.py:3340} INFO - Setting next_dagrun for example_xcom_args to None, run_after=None
[2024-08-05T11:28:25.104+0000] {logging_mixin.py:120} INFO - [2024-08-05T11:28:25.103+0000] {dag.py:3340} INFO - Setting next_dagrun for example_xcom_args_with_operators to None, run_after=None
[2024-08-05T11:28:25.142+0000] {processor.py:176} INFO - Processing /home/airflow/.local/lib/python3.7/site-packages/airflow/example_dags/example_xcomargs.py took 0.380 seconds
[2024-08-05T11:28:55.583+0000] {processor.py:154} INFO - Started process (PID=21433) to work on /home/airflow/.local/lib/python3.7/site-packages/airflow/example_dags/example_xcomargs.py
[2024-08-05T11:28:55.585+0000] {processor.py:756} INFO - Processing file /home/airflow/.local/lib/python3.7/site-packages/airflow/example_dags/example_xcomargs.py for tasks to queue
[2024-08-05T11:28:55.586+0000] {logging_mixin.py:120} INFO - [2024-08-05T11:28:55.586+0000] {dagbag.py:537} INFO - Filling up the DagBag from /home/airflow/.local/lib/python3.7/site-packages/airflow/example_dags/example_xcomargs.py
[2024-08-05T11:28:55.608+0000] {processor.py:766} INFO - DAG(s) dict_keys(['example_xcom_args_with_operators', 'example_xcom_args']) retrieved from /home/airflow/.local/lib/python3.7/site-packages/airflow/example_dags/example_xcomargs.py
[2024-08-05T11:28:55.654+0000] {logging_mixin.py:120} INFO - [2024-08-05T11:28:55.654+0000] {dag.py:2585} INFO - Sync 2 DAGs
[2024-08-05T11:28:55.677+0000] {logging_mixin.py:120} INFO - [2024-08-05T11:28:55.677+0000] {dag.py:3340} INFO - Setting next_dagrun for example_xcom_args to None, run_after=None
[2024-08-05T11:28:55.681+0000] {logging_mixin.py:120} INFO - [2024-08-05T11:28:55.680+0000] {dag.py:3340} INFO - Setting next_dagrun for example_xcom_args_with_operators to None, run_after=None
[2024-08-05T11:28:55.699+0000] {processor.py:176} INFO - Processing /home/airflow/.local/lib/python3.7/site-packages/airflow/example_dags/example_xcomargs.py took 0.118 seconds
[2024-08-05T11:29:26.364+0000] {processor.py:154} INFO - Started process (PID=21500) to work on /home/airflow/.local/lib/python3.7/site-packages/airflow/example_dags/example_xcomargs.py
[2024-08-05T11:29:26.366+0000] {processor.py:756} INFO - Processing file /home/airflow/.local/lib/python3.7/site-packages/airflow/example_dags/example_xcomargs.py for tasks to queue
[2024-08-05T11:29:26.367+0000] {logging_mixin.py:120} INFO - [2024-08-05T11:29:26.367+0000] {dagbag.py:537} INFO - Filling up the DagBag from /home/airflow/.local/lib/python3.7/site-packages/airflow/example_dags/example_xcomargs.py
[2024-08-05T11:29:26.546+0000] {processor.py:766} INFO - DAG(s) dict_keys(['example_xcom_args', 'example_xcom_args_with_operators']) retrieved from /home/airflow/.local/lib/python3.7/site-packages/airflow/example_dags/example_xcomargs.py
[2024-08-05T11:29:26.689+0000] {logging_mixin.py:120} INFO - [2024-08-05T11:29:26.689+0000] {dag.py:2585} INFO - Sync 2 DAGs
[2024-08-05T11:29:26.842+0000] {logging_mixin.py:120} INFO - [2024-08-05T11:29:26.841+0000] {dag.py:3340} INFO - Setting next_dagrun for example_xcom_args to None, run_after=None
[2024-08-05T11:29:26.959+0000] {logging_mixin.py:120} INFO - [2024-08-05T11:29:26.958+0000] {dag.py:3340} INFO - Setting next_dagrun for example_xcom_args_with_operators to None, run_after=None
[2024-08-05T11:29:27.125+0000] {processor.py:176} INFO - Processing /home/airflow/.local/lib/python3.7/site-packages/airflow/example_dags/example_xcomargs.py took 0.764 seconds
[2024-08-05T11:29:57.947+0000] {processor.py:154} INFO - Started process (PID=21567) to work on /home/airflow/.local/lib/python3.7/site-packages/airflow/example_dags/example_xcomargs.py
[2024-08-05T11:29:57.948+0000] {processor.py:756} INFO - Processing file /home/airflow/.local/lib/python3.7/site-packages/airflow/example_dags/example_xcomargs.py for tasks to queue
[2024-08-05T11:29:57.950+0000] {logging_mixin.py:120} INFO - [2024-08-05T11:29:57.950+0000] {dagbag.py:537} INFO - Filling up the DagBag from /home/airflow/.local/lib/python3.7/site-packages/airflow/example_dags/example_xcomargs.py
[2024-08-05T11:29:57.994+0000] {processor.py:766} INFO - DAG(s) dict_keys(['example_xcom_args_with_operators', 'example_xcom_args']) retrieved from /home/airflow/.local/lib/python3.7/site-packages/airflow/example_dags/example_xcomargs.py
[2024-08-05T11:29:58.102+0000] {logging_mixin.py:120} INFO - [2024-08-05T11:29:58.102+0000] {dag.py:2585} INFO - Sync 2 DAGs
[2024-08-05T11:29:58.149+0000] {logging_mixin.py:120} INFO - [2024-08-05T11:29:58.149+0000] {dag.py:3340} INFO - Setting next_dagrun for example_xcom_args to None, run_after=None
[2024-08-05T11:29:58.156+0000] {logging_mixin.py:120} INFO - [2024-08-05T11:29:58.156+0000] {dag.py:3340} INFO - Setting next_dagrun for example_xcom_args_with_operators to None, run_after=None
[2024-08-05T11:29:58.257+0000] {processor.py:176} INFO - Processing /home/airflow/.local/lib/python3.7/site-packages/airflow/example_dags/example_xcomargs.py took 0.314 seconds
[2024-08-05T11:30:29.917+0000] {processor.py:154} INFO - Started process (PID=21634) to work on /home/airflow/.local/lib/python3.7/site-packages/airflow/example_dags/example_xcomargs.py
[2024-08-05T11:30:29.933+0000] {processor.py:756} INFO - Processing file /home/airflow/.local/lib/python3.7/site-packages/airflow/example_dags/example_xcomargs.py for tasks to queue
[2024-08-05T11:30:29.938+0000] {logging_mixin.py:120} INFO - [2024-08-05T11:30:29.938+0000] {dagbag.py:537} INFO - Filling up the DagBag from /home/airflow/.local/lib/python3.7/site-packages/airflow/example_dags/example_xcomargs.py
[2024-08-05T11:30:29.976+0000] {processor.py:766} INFO - DAG(s) dict_keys(['example_xcom_args_with_operators', 'example_xcom_args']) retrieved from /home/airflow/.local/lib/python3.7/site-packages/airflow/example_dags/example_xcomargs.py
[2024-08-05T11:30:30.226+0000] {logging_mixin.py:120} INFO - [2024-08-05T11:30:30.226+0000] {dag.py:2585} INFO - Sync 2 DAGs
[2024-08-05T11:30:30.339+0000] {logging_mixin.py:120} INFO - [2024-08-05T11:30:30.339+0000] {dag.py:3340} INFO - Setting next_dagrun for example_xcom_args to None, run_after=None
[2024-08-05T11:30:30.349+0000] {logging_mixin.py:120} INFO - [2024-08-05T11:30:30.349+0000] {dag.py:3340} INFO - Setting next_dagrun for example_xcom_args_with_operators to None, run_after=None
[2024-08-05T11:30:30.382+0000] {processor.py:176} INFO - Processing /home/airflow/.local/lib/python3.7/site-packages/airflow/example_dags/example_xcomargs.py took 0.468 seconds
[2024-08-05T11:31:00.766+0000] {processor.py:154} INFO - Started process (PID=21692) to work on /home/airflow/.local/lib/python3.7/site-packages/airflow/example_dags/example_xcomargs.py
[2024-08-05T11:31:00.768+0000] {processor.py:756} INFO - Processing file /home/airflow/.local/lib/python3.7/site-packages/airflow/example_dags/example_xcomargs.py for tasks to queue
[2024-08-05T11:31:00.769+0000] {logging_mixin.py:120} INFO - [2024-08-05T11:31:00.769+0000] {dagbag.py:537} INFO - Filling up the DagBag from /home/airflow/.local/lib/python3.7/site-packages/airflow/example_dags/example_xcomargs.py
[2024-08-05T11:31:00.802+0000] {processor.py:766} INFO - DAG(s) dict_keys(['example_xcom_args_with_operators', 'example_xcom_args']) retrieved from /home/airflow/.local/lib/python3.7/site-packages/airflow/example_dags/example_xcomargs.py
[2024-08-05T11:31:00.869+0000] {logging_mixin.py:120} INFO - [2024-08-05T11:31:00.868+0000] {dag.py:2585} INFO - Sync 2 DAGs
[2024-08-05T11:31:00.897+0000] {logging_mixin.py:120} INFO - [2024-08-05T11:31:00.897+0000] {dag.py:3340} INFO - Setting next_dagrun for example_xcom_args to None, run_after=None
[2024-08-05T11:31:00.902+0000] {logging_mixin.py:120} INFO - [2024-08-05T11:31:00.901+0000] {dag.py:3340} INFO - Setting next_dagrun for example_xcom_args_with_operators to None, run_after=None
[2024-08-05T11:31:00.948+0000] {processor.py:176} INFO - Processing /home/airflow/.local/lib/python3.7/site-packages/airflow/example_dags/example_xcomargs.py took 0.186 seconds
[2024-08-05T11:31:31.652+0000] {processor.py:154} INFO - Started process (PID=21758) to work on /home/airflow/.local/lib/python3.7/site-packages/airflow/example_dags/example_xcomargs.py
[2024-08-05T11:31:31.654+0000] {processor.py:756} INFO - Processing file /home/airflow/.local/lib/python3.7/site-packages/airflow/example_dags/example_xcomargs.py for tasks to queue
[2024-08-05T11:31:31.655+0000] {logging_mixin.py:120} INFO - [2024-08-05T11:31:31.655+0000] {dagbag.py:537} INFO - Filling up the DagBag from /home/airflow/.local/lib/python3.7/site-packages/airflow/example_dags/example_xcomargs.py
[2024-08-05T11:31:31.683+0000] {processor.py:766} INFO - DAG(s) dict_keys(['example_xcom_args', 'example_xcom_args_with_operators']) retrieved from /home/airflow/.local/lib/python3.7/site-packages/airflow/example_dags/example_xcomargs.py
[2024-08-05T11:31:31.734+0000] {logging_mixin.py:120} INFO - [2024-08-05T11:31:31.733+0000] {dag.py:2585} INFO - Sync 2 DAGs
[2024-08-05T11:31:31.783+0000] {logging_mixin.py:120} INFO - [2024-08-05T11:31:31.782+0000] {dag.py:3340} INFO - Setting next_dagrun for example_xcom_args to None, run_after=None
[2024-08-05T11:31:31.789+0000] {logging_mixin.py:120} INFO - [2024-08-05T11:31:31.789+0000] {dag.py:3340} INFO - Setting next_dagrun for example_xcom_args_with_operators to None, run_after=None
[2024-08-05T11:31:31.822+0000] {processor.py:176} INFO - Processing /home/airflow/.local/lib/python3.7/site-packages/airflow/example_dags/example_xcomargs.py took 0.175 seconds
[2024-08-05T11:32:02.518+0000] {processor.py:154} INFO - Started process (PID=21824) to work on /home/airflow/.local/lib/python3.7/site-packages/airflow/example_dags/example_xcomargs.py
[2024-08-05T11:32:02.520+0000] {processor.py:756} INFO - Processing file /home/airflow/.local/lib/python3.7/site-packages/airflow/example_dags/example_xcomargs.py for tasks to queue
[2024-08-05T11:32:02.521+0000] {logging_mixin.py:120} INFO - [2024-08-05T11:32:02.521+0000] {dagbag.py:537} INFO - Filling up the DagBag from /home/airflow/.local/lib/python3.7/site-packages/airflow/example_dags/example_xcomargs.py
[2024-08-05T11:32:02.574+0000] {processor.py:766} INFO - DAG(s) dict_keys(['example_xcom_args', 'example_xcom_args_with_operators']) retrieved from /home/airflow/.local/lib/python3.7/site-packages/airflow/example_dags/example_xcomargs.py
[2024-08-05T11:32:02.742+0000] {logging_mixin.py:120} INFO - [2024-08-05T11:32:02.742+0000] {dag.py:2585} INFO - Sync 2 DAGs
[2024-08-05T11:32:02.866+0000] {logging_mixin.py:120} INFO - [2024-08-05T11:32:02.866+0000] {dag.py:3340} INFO - Setting next_dagrun for example_xcom_args to None, run_after=None
[2024-08-05T11:32:02.898+0000] {logging_mixin.py:120} INFO - [2024-08-05T11:32:02.897+0000] {dag.py:3340} INFO - Setting next_dagrun for example_xcom_args_with_operators to None, run_after=None
[2024-08-05T11:32:03.026+0000] {processor.py:176} INFO - Processing /home/airflow/.local/lib/python3.7/site-packages/airflow/example_dags/example_xcomargs.py took 0.511 seconds
[2024-08-05T11:32:34.389+0000] {processor.py:154} INFO - Started process (PID=21883) to work on /home/airflow/.local/lib/python3.7/site-packages/airflow/example_dags/example_xcomargs.py
[2024-08-05T11:32:34.495+0000] {processor.py:756} INFO - Processing file /home/airflow/.local/lib/python3.7/site-packages/airflow/example_dags/example_xcomargs.py for tasks to queue
[2024-08-05T11:32:34.513+0000] {logging_mixin.py:120} INFO - [2024-08-05T11:32:34.513+0000] {dagbag.py:537} INFO - Filling up the DagBag from /home/airflow/.local/lib/python3.7/site-packages/airflow/example_dags/example_xcomargs.py
[2024-08-05T11:32:34.570+0000] {processor.py:766} INFO - DAG(s) dict_keys(['example_xcom_args_with_operators', 'example_xcom_args']) retrieved from /home/airflow/.local/lib/python3.7/site-packages/airflow/example_dags/example_xcomargs.py
[2024-08-05T11:32:34.734+0000] {logging_mixin.py:120} INFO - [2024-08-05T11:32:34.734+0000] {dag.py:2585} INFO - Sync 2 DAGs
[2024-08-05T11:32:34.863+0000] {logging_mixin.py:120} INFO - [2024-08-05T11:32:34.863+0000] {dag.py:3340} INFO - Setting next_dagrun for example_xcom_args to None, run_after=None
[2024-08-05T11:32:34.960+0000] {logging_mixin.py:120} INFO - [2024-08-05T11:32:34.960+0000] {dag.py:3340} INFO - Setting next_dagrun for example_xcom_args_with_operators to None, run_after=None
[2024-08-05T11:32:35.104+0000] {processor.py:176} INFO - Processing /home/airflow/.local/lib/python3.7/site-packages/airflow/example_dags/example_xcomargs.py took 0.719 seconds
[2024-08-05T11:33:05.749+0000] {processor.py:154} INFO - Started process (PID=21950) to work on /home/airflow/.local/lib/python3.7/site-packages/airflow/example_dags/example_xcomargs.py
[2024-08-05T11:33:05.751+0000] {processor.py:756} INFO - Processing file /home/airflow/.local/lib/python3.7/site-packages/airflow/example_dags/example_xcomargs.py for tasks to queue
[2024-08-05T11:33:05.752+0000] {logging_mixin.py:120} INFO - [2024-08-05T11:33:05.752+0000] {dagbag.py:537} INFO - Filling up the DagBag from /home/airflow/.local/lib/python3.7/site-packages/airflow/example_dags/example_xcomargs.py
[2024-08-05T11:33:05.775+0000] {processor.py:766} INFO - DAG(s) dict_keys(['example_xcom_args', 'example_xcom_args_with_operators']) retrieved from /home/airflow/.local/lib/python3.7/site-packages/airflow/example_dags/example_xcomargs.py
[2024-08-05T11:33:05.818+0000] {logging_mixin.py:120} INFO - [2024-08-05T11:33:05.818+0000] {dag.py:2585} INFO - Sync 2 DAGs
[2024-08-05T11:33:05.841+0000] {logging_mixin.py:120} INFO - [2024-08-05T11:33:05.841+0000] {dag.py:3340} INFO - Setting next_dagrun for example_xcom_args to None, run_after=None
[2024-08-05T11:33:05.846+0000] {logging_mixin.py:120} INFO - [2024-08-05T11:33:05.845+0000] {dag.py:3340} INFO - Setting next_dagrun for example_xcom_args_with_operators to None, run_after=None
[2024-08-05T11:33:05.865+0000] {processor.py:176} INFO - Processing /home/airflow/.local/lib/python3.7/site-packages/airflow/example_dags/example_xcomargs.py took 0.121 seconds
[2024-08-05T11:33:37.063+0000] {processor.py:154} INFO - Started process (PID=22019) to work on /home/airflow/.local/lib/python3.7/site-packages/airflow/example_dags/example_xcomargs.py
[2024-08-05T11:33:37.064+0000] {processor.py:756} INFO - Processing file /home/airflow/.local/lib/python3.7/site-packages/airflow/example_dags/example_xcomargs.py for tasks to queue
[2024-08-05T11:33:37.065+0000] {logging_mixin.py:120} INFO - [2024-08-05T11:33:37.065+0000] {dagbag.py:537} INFO - Filling up the DagBag from /home/airflow/.local/lib/python3.7/site-packages/airflow/example_dags/example_xcomargs.py
[2024-08-05T11:33:37.100+0000] {processor.py:766} INFO - DAG(s) dict_keys(['example_xcom_args', 'example_xcom_args_with_operators']) retrieved from /home/airflow/.local/lib/python3.7/site-packages/airflow/example_dags/example_xcomargs.py
[2024-08-05T11:33:37.151+0000] {logging_mixin.py:120} INFO - [2024-08-05T11:33:37.150+0000] {dag.py:2585} INFO - Sync 2 DAGs
[2024-08-05T11:33:37.185+0000] {logging_mixin.py:120} INFO - [2024-08-05T11:33:37.185+0000] {dag.py:3340} INFO - Setting next_dagrun for example_xcom_args to None, run_after=None
[2024-08-05T11:33:37.191+0000] {logging_mixin.py:120} INFO - [2024-08-05T11:33:37.191+0000] {dag.py:3340} INFO - Setting next_dagrun for example_xcom_args_with_operators to None, run_after=None
[2024-08-05T11:33:37.217+0000] {processor.py:176} INFO - Processing /home/airflow/.local/lib/python3.7/site-packages/airflow/example_dags/example_xcomargs.py took 0.159 seconds
[2024-08-05T11:34:07.803+0000] {processor.py:154} INFO - Started process (PID=22077) to work on /home/airflow/.local/lib/python3.7/site-packages/airflow/example_dags/example_xcomargs.py
[2024-08-05T11:34:07.805+0000] {processor.py:756} INFO - Processing file /home/airflow/.local/lib/python3.7/site-packages/airflow/example_dags/example_xcomargs.py for tasks to queue
[2024-08-05T11:34:07.870+0000] {logging_mixin.py:120} INFO - [2024-08-05T11:34:07.870+0000] {dagbag.py:537} INFO - Filling up the DagBag from /home/airflow/.local/lib/python3.7/site-packages/airflow/example_dags/example_xcomargs.py
[2024-08-05T11:34:08.020+0000] {processor.py:766} INFO - DAG(s) dict_keys(['example_xcom_args', 'example_xcom_args_with_operators']) retrieved from /home/airflow/.local/lib/python3.7/site-packages/airflow/example_dags/example_xcomargs.py
[2024-08-05T11:34:08.105+0000] {logging_mixin.py:120} INFO - [2024-08-05T11:34:08.104+0000] {dag.py:2585} INFO - Sync 2 DAGs
[2024-08-05T11:34:08.176+0000] {logging_mixin.py:120} INFO - [2024-08-05T11:34:08.176+0000] {dag.py:3340} INFO - Setting next_dagrun for example_xcom_args to None, run_after=None
[2024-08-05T11:34:08.218+0000] {logging_mixin.py:120} INFO - [2024-08-05T11:34:08.218+0000] {dag.py:3340} INFO - Setting next_dagrun for example_xcom_args_with_operators to None, run_after=None
[2024-08-05T11:34:08.308+0000] {processor.py:176} INFO - Processing /home/airflow/.local/lib/python3.7/site-packages/airflow/example_dags/example_xcomargs.py took 0.509 seconds
[2024-08-05T11:34:39.287+0000] {processor.py:154} INFO - Started process (PID=22144) to work on /home/airflow/.local/lib/python3.7/site-packages/airflow/example_dags/example_xcomargs.py
[2024-08-05T11:34:39.288+0000] {processor.py:756} INFO - Processing file /home/airflow/.local/lib/python3.7/site-packages/airflow/example_dags/example_xcomargs.py for tasks to queue
[2024-08-05T11:34:39.295+0000] {logging_mixin.py:120} INFO - [2024-08-05T11:34:39.295+0000] {dagbag.py:537} INFO - Filling up the DagBag from /home/airflow/.local/lib/python3.7/site-packages/airflow/example_dags/example_xcomargs.py
[2024-08-05T11:34:39.325+0000] {processor.py:766} INFO - DAG(s) dict_keys(['example_xcom_args_with_operators', 'example_xcom_args']) retrieved from /home/airflow/.local/lib/python3.7/site-packages/airflow/example_dags/example_xcomargs.py
[2024-08-05T11:34:39.424+0000] {logging_mixin.py:120} INFO - [2024-08-05T11:34:39.424+0000] {dag.py:2585} INFO - Sync 2 DAGs
[2024-08-05T11:34:39.523+0000] {logging_mixin.py:120} INFO - [2024-08-05T11:34:39.522+0000] {dag.py:3340} INFO - Setting next_dagrun for example_xcom_args to None, run_after=None
[2024-08-05T11:34:39.624+0000] {logging_mixin.py:120} INFO - [2024-08-05T11:34:39.624+0000] {dag.py:3340} INFO - Setting next_dagrun for example_xcom_args_with_operators to None, run_after=None
[2024-08-05T11:34:39.676+0000] {processor.py:176} INFO - Processing /home/airflow/.local/lib/python3.7/site-packages/airflow/example_dags/example_xcomargs.py took 0.393 seconds
[2024-08-05T11:35:09.881+0000] {processor.py:154} INFO - Started process (PID=22211) to work on /home/airflow/.local/lib/python3.7/site-packages/airflow/example_dags/example_xcomargs.py
[2024-08-05T11:35:09.882+0000] {processor.py:756} INFO - Processing file /home/airflow/.local/lib/python3.7/site-packages/airflow/example_dags/example_xcomargs.py for tasks to queue
[2024-08-05T11:35:09.883+0000] {logging_mixin.py:120} INFO - [2024-08-05T11:35:09.883+0000] {dagbag.py:537} INFO - Filling up the DagBag from /home/airflow/.local/lib/python3.7/site-packages/airflow/example_dags/example_xcomargs.py
[2024-08-05T11:35:09.911+0000] {processor.py:766} INFO - DAG(s) dict_keys(['example_xcom_args_with_operators', 'example_xcom_args']) retrieved from /home/airflow/.local/lib/python3.7/site-packages/airflow/example_dags/example_xcomargs.py
[2024-08-05T11:35:09.965+0000] {logging_mixin.py:120} INFO - [2024-08-05T11:35:09.965+0000] {dag.py:2585} INFO - Sync 2 DAGs
[2024-08-05T11:35:10.032+0000] {logging_mixin.py:120} INFO - [2024-08-05T11:35:10.032+0000] {dag.py:3340} INFO - Setting next_dagrun for example_xcom_args to None, run_after=None
[2024-08-05T11:35:10.075+0000] {logging_mixin.py:120} INFO - [2024-08-05T11:35:10.075+0000] {dag.py:3340} INFO - Setting next_dagrun for example_xcom_args_with_operators to None, run_after=None
[2024-08-05T11:35:10.115+0000] {processor.py:176} INFO - Processing /home/airflow/.local/lib/python3.7/site-packages/airflow/example_dags/example_xcomargs.py took 0.240 seconds
[2024-08-05T11:35:41.099+0000] {processor.py:154} INFO - Started process (PID=22269) to work on /home/airflow/.local/lib/python3.7/site-packages/airflow/example_dags/example_xcomargs.py
[2024-08-05T11:35:41.107+0000] {processor.py:756} INFO - Processing file /home/airflow/.local/lib/python3.7/site-packages/airflow/example_dags/example_xcomargs.py for tasks to queue
[2024-08-05T11:35:41.111+0000] {logging_mixin.py:120} INFO - [2024-08-05T11:35:41.110+0000] {dagbag.py:537} INFO - Filling up the DagBag from /home/airflow/.local/lib/python3.7/site-packages/airflow/example_dags/example_xcomargs.py
[2024-08-05T11:35:41.161+0000] {processor.py:766} INFO - DAG(s) dict_keys(['example_xcom_args', 'example_xcom_args_with_operators']) retrieved from /home/airflow/.local/lib/python3.7/site-packages/airflow/example_dags/example_xcomargs.py
[2024-08-05T11:35:41.237+0000] {logging_mixin.py:120} INFO - [2024-08-05T11:35:41.236+0000] {dag.py:2585} INFO - Sync 2 DAGs
[2024-08-05T11:35:41.351+0000] {logging_mixin.py:120} INFO - [2024-08-05T11:35:41.350+0000] {dag.py:3340} INFO - Setting next_dagrun for example_xcom_args to None, run_after=None
[2024-08-05T11:35:41.357+0000] {logging_mixin.py:120} INFO - [2024-08-05T11:35:41.356+0000] {dag.py:3340} INFO - Setting next_dagrun for example_xcom_args_with_operators to None, run_after=None
[2024-08-05T11:35:41.381+0000] {processor.py:176} INFO - Processing /home/airflow/.local/lib/python3.7/site-packages/airflow/example_dags/example_xcomargs.py took 0.285 seconds
[2024-08-05T11:36:11.421+0000] {processor.py:154} INFO - Started process (PID=22336) to work on /home/airflow/.local/lib/python3.7/site-packages/airflow/example_dags/example_xcomargs.py
[2024-08-05T11:36:11.422+0000] {processor.py:756} INFO - Processing file /home/airflow/.local/lib/python3.7/site-packages/airflow/example_dags/example_xcomargs.py for tasks to queue
[2024-08-05T11:36:11.423+0000] {logging_mixin.py:120} INFO - [2024-08-05T11:36:11.423+0000] {dagbag.py:537} INFO - Filling up the DagBag from /home/airflow/.local/lib/python3.7/site-packages/airflow/example_dags/example_xcomargs.py
[2024-08-05T11:36:11.451+0000] {processor.py:766} INFO - DAG(s) dict_keys(['example_xcom_args_with_operators', 'example_xcom_args']) retrieved from /home/airflow/.local/lib/python3.7/site-packages/airflow/example_dags/example_xcomargs.py
[2024-08-05T11:36:11.517+0000] {logging_mixin.py:120} INFO - [2024-08-05T11:36:11.516+0000] {dag.py:2585} INFO - Sync 2 DAGs
[2024-08-05T11:36:11.555+0000] {logging_mixin.py:120} INFO - [2024-08-05T11:36:11.555+0000] {dag.py:3340} INFO - Setting next_dagrun for example_xcom_args to None, run_after=None
[2024-08-05T11:36:11.561+0000] {logging_mixin.py:120} INFO - [2024-08-05T11:36:11.560+0000] {dag.py:3340} INFO - Setting next_dagrun for example_xcom_args_with_operators to None, run_after=None
[2024-08-05T11:36:11.590+0000] {processor.py:176} INFO - Processing /home/airflow/.local/lib/python3.7/site-packages/airflow/example_dags/example_xcomargs.py took 0.174 seconds
[2024-08-05T11:36:42.625+0000] {processor.py:154} INFO - Started process (PID=22394) to work on /home/airflow/.local/lib/python3.7/site-packages/airflow/example_dags/example_xcomargs.py
[2024-08-05T11:36:42.627+0000] {processor.py:756} INFO - Processing file /home/airflow/.local/lib/python3.7/site-packages/airflow/example_dags/example_xcomargs.py for tasks to queue
[2024-08-05T11:36:42.628+0000] {logging_mixin.py:120} INFO - [2024-08-05T11:36:42.628+0000] {dagbag.py:537} INFO - Filling up the DagBag from /home/airflow/.local/lib/python3.7/site-packages/airflow/example_dags/example_xcomargs.py
[2024-08-05T11:36:42.656+0000] {processor.py:766} INFO - DAG(s) dict_keys(['example_xcom_args_with_operators', 'example_xcom_args']) retrieved from /home/airflow/.local/lib/python3.7/site-packages/airflow/example_dags/example_xcomargs.py
[2024-08-05T11:36:42.702+0000] {logging_mixin.py:120} INFO - [2024-08-05T11:36:42.702+0000] {dag.py:2585} INFO - Sync 2 DAGs
[2024-08-05T11:36:42.735+0000] {logging_mixin.py:120} INFO - [2024-08-05T11:36:42.735+0000] {dag.py:3340} INFO - Setting next_dagrun for example_xcom_args to None, run_after=None
[2024-08-05T11:36:42.739+0000] {logging_mixin.py:120} INFO - [2024-08-05T11:36:42.739+0000] {dag.py:3340} INFO - Setting next_dagrun for example_xcom_args_with_operators to None, run_after=None
[2024-08-05T11:36:42.760+0000] {processor.py:176} INFO - Processing /home/airflow/.local/lib/python3.7/site-packages/airflow/example_dags/example_xcomargs.py took 0.139 seconds
[2024-08-05T11:37:12.911+0000] {processor.py:154} INFO - Started process (PID=22461) to work on /home/airflow/.local/lib/python3.7/site-packages/airflow/example_dags/example_xcomargs.py
[2024-08-05T11:37:12.912+0000] {processor.py:756} INFO - Processing file /home/airflow/.local/lib/python3.7/site-packages/airflow/example_dags/example_xcomargs.py for tasks to queue
[2024-08-05T11:37:12.914+0000] {logging_mixin.py:120} INFO - [2024-08-05T11:37:12.914+0000] {dagbag.py:537} INFO - Filling up the DagBag from /home/airflow/.local/lib/python3.7/site-packages/airflow/example_dags/example_xcomargs.py
[2024-08-05T11:37:12.952+0000] {processor.py:766} INFO - DAG(s) dict_keys(['example_xcom_args', 'example_xcom_args_with_operators']) retrieved from /home/airflow/.local/lib/python3.7/site-packages/airflow/example_dags/example_xcomargs.py
[2024-08-05T11:37:13.039+0000] {logging_mixin.py:120} INFO - [2024-08-05T11:37:13.039+0000] {dag.py:2585} INFO - Sync 2 DAGs
[2024-08-05T11:37:13.094+0000] {logging_mixin.py:120} INFO - [2024-08-05T11:37:13.093+0000] {dag.py:3340} INFO - Setting next_dagrun for example_xcom_args to None, run_after=None
[2024-08-05T11:37:13.156+0000] {logging_mixin.py:120} INFO - [2024-08-05T11:37:13.156+0000] {dag.py:3340} INFO - Setting next_dagrun for example_xcom_args_with_operators to None, run_after=None
[2024-08-05T11:37:13.201+0000] {processor.py:176} INFO - Processing /home/airflow/.local/lib/python3.7/site-packages/airflow/example_dags/example_xcomargs.py took 0.295 seconds
[2024-08-05T11:37:43.473+0000] {processor.py:154} INFO - Started process (PID=22519) to work on /home/airflow/.local/lib/python3.7/site-packages/airflow/example_dags/example_xcomargs.py
[2024-08-05T11:37:43.474+0000] {processor.py:756} INFO - Processing file /home/airflow/.local/lib/python3.7/site-packages/airflow/example_dags/example_xcomargs.py for tasks to queue
[2024-08-05T11:37:43.475+0000] {logging_mixin.py:120} INFO - [2024-08-05T11:37:43.475+0000] {dagbag.py:537} INFO - Filling up the DagBag from /home/airflow/.local/lib/python3.7/site-packages/airflow/example_dags/example_xcomargs.py
[2024-08-05T11:37:43.503+0000] {processor.py:766} INFO - DAG(s) dict_keys(['example_xcom_args_with_operators', 'example_xcom_args']) retrieved from /home/airflow/.local/lib/python3.7/site-packages/airflow/example_dags/example_xcomargs.py
[2024-08-05T11:37:43.560+0000] {logging_mixin.py:120} INFO - [2024-08-05T11:37:43.559+0000] {dag.py:2585} INFO - Sync 2 DAGs
[2024-08-05T11:37:43.586+0000] {logging_mixin.py:120} INFO - [2024-08-05T11:37:43.585+0000] {dag.py:3340} INFO - Setting next_dagrun for example_xcom_args to None, run_after=None
[2024-08-05T11:37:43.589+0000] {logging_mixin.py:120} INFO - [2024-08-05T11:37:43.589+0000] {dag.py:3340} INFO - Setting next_dagrun for example_xcom_args_with_operators to None, run_after=None
[2024-08-05T11:37:43.609+0000] {processor.py:176} INFO - Processing /home/airflow/.local/lib/python3.7/site-packages/airflow/example_dags/example_xcomargs.py took 0.140 seconds
[2024-08-05T11:38:14.612+0000] {processor.py:154} INFO - Started process (PID=22586) to work on /home/airflow/.local/lib/python3.7/site-packages/airflow/example_dags/example_xcomargs.py
[2024-08-05T11:38:14.613+0000] {processor.py:756} INFO - Processing file /home/airflow/.local/lib/python3.7/site-packages/airflow/example_dags/example_xcomargs.py for tasks to queue
[2024-08-05T11:38:14.614+0000] {logging_mixin.py:120} INFO - [2024-08-05T11:38:14.614+0000] {dagbag.py:537} INFO - Filling up the DagBag from /home/airflow/.local/lib/python3.7/site-packages/airflow/example_dags/example_xcomargs.py
[2024-08-05T11:38:14.650+0000] {processor.py:766} INFO - DAG(s) dict_keys(['example_xcom_args_with_operators', 'example_xcom_args']) retrieved from /home/airflow/.local/lib/python3.7/site-packages/airflow/example_dags/example_xcomargs.py
[2024-08-05T11:38:14.822+0000] {logging_mixin.py:120} INFO - [2024-08-05T11:38:14.822+0000] {dag.py:2585} INFO - Sync 2 DAGs
[2024-08-05T11:38:14.982+0000] {logging_mixin.py:120} INFO - [2024-08-05T11:38:14.981+0000] {dag.py:3340} INFO - Setting next_dagrun for example_xcom_args to None, run_after=None
[2024-08-05T11:38:14.986+0000] {logging_mixin.py:120} INFO - [2024-08-05T11:38:14.986+0000] {dag.py:3340} INFO - Setting next_dagrun for example_xcom_args_with_operators to None, run_after=None
[2024-08-05T11:38:15.127+0000] {processor.py:176} INFO - Processing /home/airflow/.local/lib/python3.7/site-packages/airflow/example_dags/example_xcomargs.py took 0.519 seconds
[2024-08-05T11:38:45.587+0000] {processor.py:154} INFO - Started process (PID=22653) to work on /home/airflow/.local/lib/python3.7/site-packages/airflow/example_dags/example_xcomargs.py
[2024-08-05T11:38:45.588+0000] {processor.py:756} INFO - Processing file /home/airflow/.local/lib/python3.7/site-packages/airflow/example_dags/example_xcomargs.py for tasks to queue
[2024-08-05T11:38:45.589+0000] {logging_mixin.py:120} INFO - [2024-08-05T11:38:45.589+0000] {dagbag.py:537} INFO - Filling up the DagBag from /home/airflow/.local/lib/python3.7/site-packages/airflow/example_dags/example_xcomargs.py
[2024-08-05T11:38:45.629+0000] {processor.py:766} INFO - DAG(s) dict_keys(['example_xcom_args', 'example_xcom_args_with_operators']) retrieved from /home/airflow/.local/lib/python3.7/site-packages/airflow/example_dags/example_xcomargs.py
[2024-08-05T11:38:45.810+0000] {logging_mixin.py:120} INFO - [2024-08-05T11:38:45.810+0000] {dag.py:2585} INFO - Sync 2 DAGs
[2024-08-05T11:38:45.839+0000] {logging_mixin.py:120} INFO - [2024-08-05T11:38:45.839+0000] {dag.py:3340} INFO - Setting next_dagrun for example_xcom_args to None, run_after=None
[2024-08-05T11:38:45.900+0000] {logging_mixin.py:120} INFO - [2024-08-05T11:38:45.900+0000] {dag.py:3340} INFO - Setting next_dagrun for example_xcom_args_with_operators to None, run_after=None
[2024-08-05T11:38:45.957+0000] {processor.py:176} INFO - Processing /home/airflow/.local/lib/python3.7/site-packages/airflow/example_dags/example_xcomargs.py took 0.374 seconds
[2024-08-05T11:39:17.263+0000] {processor.py:154} INFO - Started process (PID=22711) to work on /home/airflow/.local/lib/python3.7/site-packages/airflow/example_dags/example_xcomargs.py
[2024-08-05T11:39:17.265+0000] {processor.py:756} INFO - Processing file /home/airflow/.local/lib/python3.7/site-packages/airflow/example_dags/example_xcomargs.py for tasks to queue
[2024-08-05T11:39:17.266+0000] {logging_mixin.py:120} INFO - [2024-08-05T11:39:17.266+0000] {dagbag.py:537} INFO - Filling up the DagBag from /home/airflow/.local/lib/python3.7/site-packages/airflow/example_dags/example_xcomargs.py
[2024-08-05T11:39:17.346+0000] {processor.py:766} INFO - DAG(s) dict_keys(['example_xcom_args', 'example_xcom_args_with_operators']) retrieved from /home/airflow/.local/lib/python3.7/site-packages/airflow/example_dags/example_xcomargs.py
[2024-08-05T11:39:17.556+0000] {logging_mixin.py:120} INFO - [2024-08-05T11:39:17.556+0000] {dag.py:2585} INFO - Sync 2 DAGs
[2024-08-05T11:39:17.698+0000] {logging_mixin.py:120} INFO - [2024-08-05T11:39:17.698+0000] {dag.py:3340} INFO - Setting next_dagrun for example_xcom_args to None, run_after=None
[2024-08-05T11:39:17.702+0000] {logging_mixin.py:120} INFO - [2024-08-05T11:39:17.701+0000] {dag.py:3340} INFO - Setting next_dagrun for example_xcom_args_with_operators to None, run_after=None
[2024-08-05T11:39:17.721+0000] {processor.py:176} INFO - Processing /home/airflow/.local/lib/python3.7/site-packages/airflow/example_dags/example_xcomargs.py took 0.463 seconds
[2024-08-05T11:39:48.344+0000] {processor.py:154} INFO - Started process (PID=22778) to work on /home/airflow/.local/lib/python3.7/site-packages/airflow/example_dags/example_xcomargs.py
[2024-08-05T11:39:48.346+0000] {processor.py:756} INFO - Processing file /home/airflow/.local/lib/python3.7/site-packages/airflow/example_dags/example_xcomargs.py for tasks to queue
[2024-08-05T11:39:48.347+0000] {logging_mixin.py:120} INFO - [2024-08-05T11:39:48.347+0000] {dagbag.py:537} INFO - Filling up the DagBag from /home/airflow/.local/lib/python3.7/site-packages/airflow/example_dags/example_xcomargs.py
[2024-08-05T11:39:48.402+0000] {processor.py:766} INFO - DAG(s) dict_keys(['example_xcom_args', 'example_xcom_args_with_operators']) retrieved from /home/airflow/.local/lib/python3.7/site-packages/airflow/example_dags/example_xcomargs.py
[2024-08-05T11:39:48.464+0000] {logging_mixin.py:120} INFO - [2024-08-05T11:39:48.464+0000] {dag.py:2585} INFO - Sync 2 DAGs
[2024-08-05T11:39:48.584+0000] {logging_mixin.py:120} INFO - [2024-08-05T11:39:48.584+0000] {dag.py:3340} INFO - Setting next_dagrun for example_xcom_args to None, run_after=None
[2024-08-05T11:39:48.636+0000] {logging_mixin.py:120} INFO - [2024-08-05T11:39:48.635+0000] {dag.py:3340} INFO - Setting next_dagrun for example_xcom_args_with_operators to None, run_after=None
[2024-08-05T11:39:48.699+0000] {processor.py:176} INFO - Processing /home/airflow/.local/lib/python3.7/site-packages/airflow/example_dags/example_xcomargs.py took 0.370 seconds
[2024-08-05T11:40:19.589+0000] {processor.py:154} INFO - Started process (PID=22846) to work on /home/airflow/.local/lib/python3.7/site-packages/airflow/example_dags/example_xcomargs.py
[2024-08-05T11:40:19.592+0000] {processor.py:756} INFO - Processing file /home/airflow/.local/lib/python3.7/site-packages/airflow/example_dags/example_xcomargs.py for tasks to queue
[2024-08-05T11:40:19.594+0000] {logging_mixin.py:120} INFO - [2024-08-05T11:40:19.593+0000] {dagbag.py:537} INFO - Filling up the DagBag from /home/airflow/.local/lib/python3.7/site-packages/airflow/example_dags/example_xcomargs.py
[2024-08-05T11:40:19.643+0000] {processor.py:766} INFO - DAG(s) dict_keys(['example_xcom_args', 'example_xcom_args_with_operators']) retrieved from /home/airflow/.local/lib/python3.7/site-packages/airflow/example_dags/example_xcomargs.py
[2024-08-05T11:40:19.741+0000] {logging_mixin.py:120} INFO - [2024-08-05T11:40:19.741+0000] {dag.py:2585} INFO - Sync 2 DAGs
[2024-08-05T11:40:19.785+0000] {logging_mixin.py:120} INFO - [2024-08-05T11:40:19.785+0000] {dag.py:3340} INFO - Setting next_dagrun for example_xcom_args to None, run_after=None
[2024-08-05T11:40:19.795+0000] {logging_mixin.py:120} INFO - [2024-08-05T11:40:19.795+0000] {dag.py:3340} INFO - Setting next_dagrun for example_xcom_args_with_operators to None, run_after=None
[2024-08-05T11:40:19.834+0000] {processor.py:176} INFO - Processing /home/airflow/.local/lib/python3.7/site-packages/airflow/example_dags/example_xcomargs.py took 0.251 seconds
[2024-08-05T11:40:50.375+0000] {processor.py:154} INFO - Started process (PID=22904) to work on /home/airflow/.local/lib/python3.7/site-packages/airflow/example_dags/example_xcomargs.py
[2024-08-05T11:40:50.376+0000] {processor.py:756} INFO - Processing file /home/airflow/.local/lib/python3.7/site-packages/airflow/example_dags/example_xcomargs.py for tasks to queue
[2024-08-05T11:40:50.377+0000] {logging_mixin.py:120} INFO - [2024-08-05T11:40:50.377+0000] {dagbag.py:537} INFO - Filling up the DagBag from /home/airflow/.local/lib/python3.7/site-packages/airflow/example_dags/example_xcomargs.py
[2024-08-05T11:40:50.418+0000] {processor.py:766} INFO - DAG(s) dict_keys(['example_xcom_args_with_operators', 'example_xcom_args']) retrieved from /home/airflow/.local/lib/python3.7/site-packages/airflow/example_dags/example_xcomargs.py
[2024-08-05T11:40:50.602+0000] {logging_mixin.py:120} INFO - [2024-08-05T11:40:50.602+0000] {dag.py:2585} INFO - Sync 2 DAGs
[2024-08-05T11:40:50.742+0000] {logging_mixin.py:120} INFO - [2024-08-05T11:40:50.742+0000] {dag.py:3340} INFO - Setting next_dagrun for example_xcom_args to None, run_after=None
[2024-08-05T11:40:50.826+0000] {logging_mixin.py:120} INFO - [2024-08-05T11:40:50.826+0000] {dag.py:3340} INFO - Setting next_dagrun for example_xcom_args_with_operators to None, run_after=None
[2024-08-05T11:40:50.896+0000] {processor.py:176} INFO - Processing /home/airflow/.local/lib/python3.7/site-packages/airflow/example_dags/example_xcomargs.py took 0.525 seconds
[2024-08-05T11:41:27.552+0000] {processor.py:154} INFO - Started process (PID=22973) to work on /home/airflow/.local/lib/python3.7/site-packages/airflow/example_dags/example_xcomargs.py
[2024-08-05T11:41:27.562+0000] {processor.py:756} INFO - Processing file /home/airflow/.local/lib/python3.7/site-packages/airflow/example_dags/example_xcomargs.py for tasks to queue
[2024-08-05T11:41:27.563+0000] {logging_mixin.py:120} INFO - [2024-08-05T11:41:27.563+0000] {dagbag.py:537} INFO - Filling up the DagBag from /home/airflow/.local/lib/python3.7/site-packages/airflow/example_dags/example_xcomargs.py
[2024-08-05T11:41:27.607+0000] {processor.py:766} INFO - DAG(s) dict_keys(['example_xcom_args', 'example_xcom_args_with_operators']) retrieved from /home/airflow/.local/lib/python3.7/site-packages/airflow/example_dags/example_xcomargs.py
[2024-08-05T11:41:27.816+0000] {logging_mixin.py:120} INFO - [2024-08-05T11:41:27.815+0000] {dag.py:2585} INFO - Sync 2 DAGs
[2024-08-05T11:41:27.980+0000] {logging_mixin.py:120} INFO - [2024-08-05T11:41:27.980+0000] {dag.py:3340} INFO - Setting next_dagrun for example_xcom_args to None, run_after=None
[2024-08-05T11:41:28.063+0000] {logging_mixin.py:120} INFO - [2024-08-05T11:41:28.063+0000] {dag.py:3340} INFO - Setting next_dagrun for example_xcom_args_with_operators to None, run_after=None
[2024-08-05T11:41:28.123+0000] {processor.py:176} INFO - Processing /home/airflow/.local/lib/python3.7/site-packages/airflow/example_dags/example_xcomargs.py took 0.577 seconds
[2024-08-05T11:41:58.504+0000] {processor.py:154} INFO - Started process (PID=23040) to work on /home/airflow/.local/lib/python3.7/site-packages/airflow/example_dags/example_xcomargs.py
[2024-08-05T11:41:58.505+0000] {processor.py:756} INFO - Processing file /home/airflow/.local/lib/python3.7/site-packages/airflow/example_dags/example_xcomargs.py for tasks to queue
[2024-08-05T11:41:58.506+0000] {logging_mixin.py:120} INFO - [2024-08-05T11:41:58.505+0000] {dagbag.py:537} INFO - Filling up the DagBag from /home/airflow/.local/lib/python3.7/site-packages/airflow/example_dags/example_xcomargs.py
[2024-08-05T11:41:58.528+0000] {processor.py:766} INFO - DAG(s) dict_keys(['example_xcom_args_with_operators', 'example_xcom_args']) retrieved from /home/airflow/.local/lib/python3.7/site-packages/airflow/example_dags/example_xcomargs.py
[2024-08-05T11:41:58.571+0000] {logging_mixin.py:120} INFO - [2024-08-05T11:41:58.571+0000] {dag.py:2585} INFO - Sync 2 DAGs
[2024-08-05T11:41:58.599+0000] {logging_mixin.py:120} INFO - [2024-08-05T11:41:58.599+0000] {dag.py:3340} INFO - Setting next_dagrun for example_xcom_args to None, run_after=None
[2024-08-05T11:41:58.603+0000] {logging_mixin.py:120} INFO - [2024-08-05T11:41:58.603+0000] {dag.py:3340} INFO - Setting next_dagrun for example_xcom_args_with_operators to None, run_after=None
[2024-08-05T11:41:58.623+0000] {processor.py:176} INFO - Processing /home/airflow/.local/lib/python3.7/site-packages/airflow/example_dags/example_xcomargs.py took 0.123 seconds
[2024-08-05T11:42:29.462+0000] {processor.py:154} INFO - Started process (PID=23107) to work on /home/airflow/.local/lib/python3.7/site-packages/airflow/example_dags/example_xcomargs.py
[2024-08-05T11:42:29.463+0000] {processor.py:756} INFO - Processing file /home/airflow/.local/lib/python3.7/site-packages/airflow/example_dags/example_xcomargs.py for tasks to queue
[2024-08-05T11:42:29.464+0000] {logging_mixin.py:120} INFO - [2024-08-05T11:42:29.464+0000] {dagbag.py:537} INFO - Filling up the DagBag from /home/airflow/.local/lib/python3.7/site-packages/airflow/example_dags/example_xcomargs.py
[2024-08-05T11:42:29.485+0000] {processor.py:766} INFO - DAG(s) dict_keys(['example_xcom_args_with_operators', 'example_xcom_args']) retrieved from /home/airflow/.local/lib/python3.7/site-packages/airflow/example_dags/example_xcomargs.py
[2024-08-05T11:42:29.587+0000] {logging_mixin.py:120} INFO - [2024-08-05T11:42:29.586+0000] {dag.py:2585} INFO - Sync 2 DAGs
[2024-08-05T11:42:29.614+0000] {logging_mixin.py:120} INFO - [2024-08-05T11:42:29.614+0000] {dag.py:3340} INFO - Setting next_dagrun for example_xcom_args to None, run_after=None
[2024-08-05T11:42:29.621+0000] {logging_mixin.py:120} INFO - [2024-08-05T11:42:29.621+0000] {dag.py:3340} INFO - Setting next_dagrun for example_xcom_args_with_operators to None, run_after=None
[2024-08-05T11:42:29.655+0000] {processor.py:176} INFO - Processing /home/airflow/.local/lib/python3.7/site-packages/airflow/example_dags/example_xcomargs.py took 0.197 seconds
[2024-08-05T11:42:59.894+0000] {processor.py:154} INFO - Started process (PID=23175) to work on /home/airflow/.local/lib/python3.7/site-packages/airflow/example_dags/example_xcomargs.py
[2024-08-05T11:42:59.895+0000] {processor.py:756} INFO - Processing file /home/airflow/.local/lib/python3.7/site-packages/airflow/example_dags/example_xcomargs.py for tasks to queue
[2024-08-05T11:42:59.897+0000] {logging_mixin.py:120} INFO - [2024-08-05T11:42:59.897+0000] {dagbag.py:537} INFO - Filling up the DagBag from /home/airflow/.local/lib/python3.7/site-packages/airflow/example_dags/example_xcomargs.py
[2024-08-05T11:42:59.919+0000] {processor.py:766} INFO - DAG(s) dict_keys(['example_xcom_args_with_operators', 'example_xcom_args']) retrieved from /home/airflow/.local/lib/python3.7/site-packages/airflow/example_dags/example_xcomargs.py
[2024-08-05T11:42:59.973+0000] {logging_mixin.py:120} INFO - [2024-08-05T11:42:59.972+0000] {dag.py:2585} INFO - Sync 2 DAGs
[2024-08-05T11:42:59.997+0000] {logging_mixin.py:120} INFO - [2024-08-05T11:42:59.997+0000] {dag.py:3340} INFO - Setting next_dagrun for example_xcom_args to None, run_after=None
[2024-08-05T11:43:00.002+0000] {logging_mixin.py:120} INFO - [2024-08-05T11:43:00.002+0000] {dag.py:3340} INFO - Setting next_dagrun for example_xcom_args_with_operators to None, run_after=None
[2024-08-05T11:43:00.030+0000] {processor.py:176} INFO - Processing /home/airflow/.local/lib/python3.7/site-packages/airflow/example_dags/example_xcomargs.py took 0.141 seconds
[2024-08-05T11:43:30.136+0000] {processor.py:154} INFO - Started process (PID=23233) to work on /home/airflow/.local/lib/python3.7/site-packages/airflow/example_dags/example_xcomargs.py
[2024-08-05T11:43:30.138+0000] {processor.py:756} INFO - Processing file /home/airflow/.local/lib/python3.7/site-packages/airflow/example_dags/example_xcomargs.py for tasks to queue
[2024-08-05T11:43:30.139+0000] {logging_mixin.py:120} INFO - [2024-08-05T11:43:30.139+0000] {dagbag.py:537} INFO - Filling up the DagBag from /home/airflow/.local/lib/python3.7/site-packages/airflow/example_dags/example_xcomargs.py
[2024-08-05T11:43:30.161+0000] {processor.py:766} INFO - DAG(s) dict_keys(['example_xcom_args_with_operators', 'example_xcom_args']) retrieved from /home/airflow/.local/lib/python3.7/site-packages/airflow/example_dags/example_xcomargs.py
[2024-08-05T11:43:30.220+0000] {logging_mixin.py:120} INFO - [2024-08-05T11:43:30.220+0000] {dag.py:2585} INFO - Sync 2 DAGs
[2024-08-05T11:43:30.247+0000] {logging_mixin.py:120} INFO - [2024-08-05T11:43:30.247+0000] {dag.py:3340} INFO - Setting next_dagrun for example_xcom_args to None, run_after=None
[2024-08-05T11:43:30.251+0000] {logging_mixin.py:120} INFO - [2024-08-05T11:43:30.251+0000] {dag.py:3340} INFO - Setting next_dagrun for example_xcom_args_with_operators to None, run_after=None
[2024-08-05T11:43:30.274+0000] {processor.py:176} INFO - Processing /home/airflow/.local/lib/python3.7/site-packages/airflow/example_dags/example_xcomargs.py took 0.143 seconds
[2024-08-05T11:44:00.961+0000] {processor.py:154} INFO - Started process (PID=23300) to work on /home/airflow/.local/lib/python3.7/site-packages/airflow/example_dags/example_xcomargs.py
[2024-08-05T11:44:00.963+0000] {processor.py:756} INFO - Processing file /home/airflow/.local/lib/python3.7/site-packages/airflow/example_dags/example_xcomargs.py for tasks to queue
[2024-08-05T11:44:00.964+0000] {logging_mixin.py:120} INFO - [2024-08-05T11:44:00.964+0000] {dagbag.py:537} INFO - Filling up the DagBag from /home/airflow/.local/lib/python3.7/site-packages/airflow/example_dags/example_xcomargs.py
[2024-08-05T11:44:01.014+0000] {processor.py:766} INFO - DAG(s) dict_keys(['example_xcom_args', 'example_xcom_args_with_operators']) retrieved from /home/airflow/.local/lib/python3.7/site-packages/airflow/example_dags/example_xcomargs.py
[2024-08-05T11:44:01.054+0000] {logging_mixin.py:120} INFO - [2024-08-05T11:44:01.054+0000] {dag.py:2585} INFO - Sync 2 DAGs
[2024-08-05T11:44:01.079+0000] {logging_mixin.py:120} INFO - [2024-08-05T11:44:01.079+0000] {dag.py:3340} INFO - Setting next_dagrun for example_xcom_args to None, run_after=None
[2024-08-05T11:44:01.082+0000] {logging_mixin.py:120} INFO - [2024-08-05T11:44:01.082+0000] {dag.py:3340} INFO - Setting next_dagrun for example_xcom_args_with_operators to None, run_after=None
[2024-08-05T11:44:01.097+0000] {processor.py:176} INFO - Processing /home/airflow/.local/lib/python3.7/site-packages/airflow/example_dags/example_xcomargs.py took 0.140 seconds
[2024-08-05T11:44:32.173+0000] {processor.py:154} INFO - Started process (PID=23368) to work on /home/airflow/.local/lib/python3.7/site-packages/airflow/example_dags/example_xcomargs.py
[2024-08-05T11:44:32.175+0000] {processor.py:756} INFO - Processing file /home/airflow/.local/lib/python3.7/site-packages/airflow/example_dags/example_xcomargs.py for tasks to queue
[2024-08-05T11:44:32.176+0000] {logging_mixin.py:120} INFO - [2024-08-05T11:44:32.176+0000] {dagbag.py:537} INFO - Filling up the DagBag from /home/airflow/.local/lib/python3.7/site-packages/airflow/example_dags/example_xcomargs.py
[2024-08-05T11:44:32.215+0000] {processor.py:766} INFO - DAG(s) dict_keys(['example_xcom_args_with_operators', 'example_xcom_args']) retrieved from /home/airflow/.local/lib/python3.7/site-packages/airflow/example_dags/example_xcomargs.py
[2024-08-05T11:44:32.297+0000] {logging_mixin.py:120} INFO - [2024-08-05T11:44:32.297+0000] {dag.py:2585} INFO - Sync 2 DAGs
[2024-08-05T11:44:32.341+0000] {logging_mixin.py:120} INFO - [2024-08-05T11:44:32.340+0000] {dag.py:3340} INFO - Setting next_dagrun for example_xcom_args to None, run_after=None
[2024-08-05T11:44:32.349+0000] {logging_mixin.py:120} INFO - [2024-08-05T11:44:32.349+0000] {dag.py:3340} INFO - Setting next_dagrun for example_xcom_args_with_operators to None, run_after=None
[2024-08-05T11:44:32.387+0000] {processor.py:176} INFO - Processing /home/airflow/.local/lib/python3.7/site-packages/airflow/example_dags/example_xcomargs.py took 0.218 seconds
[2024-08-05T11:45:02.597+0000] {processor.py:154} INFO - Started process (PID=23425) to work on /home/airflow/.local/lib/python3.7/site-packages/airflow/example_dags/example_xcomargs.py
[2024-08-05T11:45:02.599+0000] {processor.py:756} INFO - Processing file /home/airflow/.local/lib/python3.7/site-packages/airflow/example_dags/example_xcomargs.py for tasks to queue
[2024-08-05T11:45:02.600+0000] {logging_mixin.py:120} INFO - [2024-08-05T11:45:02.600+0000] {dagbag.py:537} INFO - Filling up the DagBag from /home/airflow/.local/lib/python3.7/site-packages/airflow/example_dags/example_xcomargs.py
[2024-08-05T11:45:02.632+0000] {processor.py:766} INFO - DAG(s) dict_keys(['example_xcom_args_with_operators', 'example_xcom_args']) retrieved from /home/airflow/.local/lib/python3.7/site-packages/airflow/example_dags/example_xcomargs.py
[2024-08-05T11:45:02.692+0000] {logging_mixin.py:120} INFO - [2024-08-05T11:45:02.691+0000] {dag.py:2585} INFO - Sync 2 DAGs
[2024-08-05T11:45:02.720+0000] {logging_mixin.py:120} INFO - [2024-08-05T11:45:02.720+0000] {dag.py:3340} INFO - Setting next_dagrun for example_xcom_args to None, run_after=None
[2024-08-05T11:45:02.725+0000] {logging_mixin.py:120} INFO - [2024-08-05T11:45:02.725+0000] {dag.py:3340} INFO - Setting next_dagrun for example_xcom_args_with_operators to None, run_after=None
[2024-08-05T11:45:02.755+0000] {processor.py:176} INFO - Processing /home/airflow/.local/lib/python3.7/site-packages/airflow/example_dags/example_xcomargs.py took 0.162 seconds
[2024-08-05T11:45:33.398+0000] {processor.py:154} INFO - Started process (PID=23492) to work on /home/airflow/.local/lib/python3.7/site-packages/airflow/example_dags/example_xcomargs.py
[2024-08-05T11:45:33.401+0000] {processor.py:756} INFO - Processing file /home/airflow/.local/lib/python3.7/site-packages/airflow/example_dags/example_xcomargs.py for tasks to queue
[2024-08-05T11:45:33.403+0000] {logging_mixin.py:120} INFO - [2024-08-05T11:45:33.403+0000] {dagbag.py:537} INFO - Filling up the DagBag from /home/airflow/.local/lib/python3.7/site-packages/airflow/example_dags/example_xcomargs.py
[2024-08-05T11:45:33.431+0000] {processor.py:766} INFO - DAG(s) dict_keys(['example_xcom_args', 'example_xcom_args_with_operators']) retrieved from /home/airflow/.local/lib/python3.7/site-packages/airflow/example_dags/example_xcomargs.py
[2024-08-05T11:45:33.487+0000] {logging_mixin.py:120} INFO - [2024-08-05T11:45:33.487+0000] {dag.py:2585} INFO - Sync 2 DAGs
[2024-08-05T11:45:33.521+0000] {logging_mixin.py:120} INFO - [2024-08-05T11:45:33.521+0000] {dag.py:3340} INFO - Setting next_dagrun for example_xcom_args to None, run_after=None
[2024-08-05T11:45:33.527+0000] {logging_mixin.py:120} INFO - [2024-08-05T11:45:33.527+0000] {dag.py:3340} INFO - Setting next_dagrun for example_xcom_args_with_operators to None, run_after=None
[2024-08-05T11:45:33.556+0000] {processor.py:176} INFO - Processing /home/airflow/.local/lib/python3.7/site-packages/airflow/example_dags/example_xcomargs.py took 0.162 seconds
[2024-08-05T11:46:05.230+0000] {processor.py:154} INFO - Started process (PID=23560) to work on /home/airflow/.local/lib/python3.7/site-packages/airflow/example_dags/example_xcomargs.py
[2024-08-05T11:46:05.234+0000] {processor.py:756} INFO - Processing file /home/airflow/.local/lib/python3.7/site-packages/airflow/example_dags/example_xcomargs.py for tasks to queue
[2024-08-05T11:46:05.241+0000] {logging_mixin.py:120} INFO - [2024-08-05T11:46:05.240+0000] {dagbag.py:537} INFO - Filling up the DagBag from /home/airflow/.local/lib/python3.7/site-packages/airflow/example_dags/example_xcomargs.py
[2024-08-05T11:46:05.313+0000] {processor.py:766} INFO - DAG(s) dict_keys(['example_xcom_args', 'example_xcom_args_with_operators']) retrieved from /home/airflow/.local/lib/python3.7/site-packages/airflow/example_dags/example_xcomargs.py
[2024-08-05T11:46:05.416+0000] {logging_mixin.py:120} INFO - [2024-08-05T11:46:05.415+0000] {dag.py:2585} INFO - Sync 2 DAGs
[2024-08-05T11:46:05.491+0000] {logging_mixin.py:120} INFO - [2024-08-05T11:46:05.491+0000] {dag.py:3340} INFO - Setting next_dagrun for example_xcom_args to None, run_after=None
[2024-08-05T11:46:05.499+0000] {logging_mixin.py:120} INFO - [2024-08-05T11:46:05.498+0000] {dag.py:3340} INFO - Setting next_dagrun for example_xcom_args_with_operators to None, run_after=None
[2024-08-05T11:46:05.554+0000] {processor.py:176} INFO - Processing /home/airflow/.local/lib/python3.7/site-packages/airflow/example_dags/example_xcomargs.py took 0.333 seconds
[2024-08-05T11:46:38.302+0000] {processor.py:154} INFO - Started process (PID=23619) to work on /home/airflow/.local/lib/python3.7/site-packages/airflow/example_dags/example_xcomargs.py
[2024-08-05T11:46:38.304+0000] {processor.py:756} INFO - Processing file /home/airflow/.local/lib/python3.7/site-packages/airflow/example_dags/example_xcomargs.py for tasks to queue
[2024-08-05T11:46:38.305+0000] {logging_mixin.py:120} INFO - [2024-08-05T11:46:38.305+0000] {dagbag.py:537} INFO - Filling up the DagBag from /home/airflow/.local/lib/python3.7/site-packages/airflow/example_dags/example_xcomargs.py
[2024-08-05T11:46:38.343+0000] {processor.py:766} INFO - DAG(s) dict_keys(['example_xcom_args_with_operators', 'example_xcom_args']) retrieved from /home/airflow/.local/lib/python3.7/site-packages/airflow/example_dags/example_xcomargs.py
[2024-08-05T11:46:38.405+0000] {logging_mixin.py:120} INFO - [2024-08-05T11:46:38.405+0000] {dag.py:2585} INFO - Sync 2 DAGs
[2024-08-05T11:46:38.460+0000] {logging_mixin.py:120} INFO - [2024-08-05T11:46:38.460+0000] {dag.py:3340} INFO - Setting next_dagrun for example_xcom_args to None, run_after=None
[2024-08-05T11:46:38.467+0000] {logging_mixin.py:120} INFO - [2024-08-05T11:46:38.466+0000] {dag.py:3340} INFO - Setting next_dagrun for example_xcom_args_with_operators to None, run_after=None
[2024-08-05T11:46:38.497+0000] {processor.py:176} INFO - Processing /home/airflow/.local/lib/python3.7/site-packages/airflow/example_dags/example_xcomargs.py took 0.199 seconds
[2024-08-05T11:47:09.531+0000] {processor.py:154} INFO - Started process (PID=23686) to work on /home/airflow/.local/lib/python3.7/site-packages/airflow/example_dags/example_xcomargs.py
[2024-08-05T11:47:09.533+0000] {processor.py:756} INFO - Processing file /home/airflow/.local/lib/python3.7/site-packages/airflow/example_dags/example_xcomargs.py for tasks to queue
[2024-08-05T11:47:09.536+0000] {logging_mixin.py:120} INFO - [2024-08-05T11:47:09.535+0000] {dagbag.py:537} INFO - Filling up the DagBag from /home/airflow/.local/lib/python3.7/site-packages/airflow/example_dags/example_xcomargs.py
[2024-08-05T11:47:09.581+0000] {processor.py:766} INFO - DAG(s) dict_keys(['example_xcom_args_with_operators', 'example_xcom_args']) retrieved from /home/airflow/.local/lib/python3.7/site-packages/airflow/example_dags/example_xcomargs.py
[2024-08-05T11:47:09.689+0000] {logging_mixin.py:120} INFO - [2024-08-05T11:47:09.689+0000] {dag.py:2585} INFO - Sync 2 DAGs
[2024-08-05T11:47:09.744+0000] {logging_mixin.py:120} INFO - [2024-08-05T11:47:09.744+0000] {dag.py:3340} INFO - Setting next_dagrun for example_xcom_args to None, run_after=None
[2024-08-05T11:47:09.753+0000] {logging_mixin.py:120} INFO - [2024-08-05T11:47:09.753+0000] {dag.py:3340} INFO - Setting next_dagrun for example_xcom_args_with_operators to None, run_after=None
[2024-08-05T11:47:09.797+0000] {processor.py:176} INFO - Processing /home/airflow/.local/lib/python3.7/site-packages/airflow/example_dags/example_xcomargs.py took 0.272 seconds
[2024-08-05T11:47:41.755+0000] {processor.py:154} INFO - Started process (PID=23754) to work on /home/airflow/.local/lib/python3.7/site-packages/airflow/example_dags/example_xcomargs.py
[2024-08-05T11:47:41.757+0000] {processor.py:756} INFO - Processing file /home/airflow/.local/lib/python3.7/site-packages/airflow/example_dags/example_xcomargs.py for tasks to queue
[2024-08-05T11:47:41.760+0000] {logging_mixin.py:120} INFO - [2024-08-05T11:47:41.759+0000] {dagbag.py:537} INFO - Filling up the DagBag from /home/airflow/.local/lib/python3.7/site-packages/airflow/example_dags/example_xcomargs.py
[2024-08-05T11:47:41.822+0000] {processor.py:766} INFO - DAG(s) dict_keys(['example_xcom_args', 'example_xcom_args_with_operators']) retrieved from /home/airflow/.local/lib/python3.7/site-packages/airflow/example_dags/example_xcomargs.py
[2024-08-05T11:47:41.929+0000] {logging_mixin.py:120} INFO - [2024-08-05T11:47:41.929+0000] {dag.py:2585} INFO - Sync 2 DAGs
[2024-08-05T11:47:42.002+0000] {logging_mixin.py:120} INFO - [2024-08-05T11:47:42.001+0000] {dag.py:3340} INFO - Setting next_dagrun for example_xcom_args to None, run_after=None
[2024-08-05T11:47:42.016+0000] {logging_mixin.py:120} INFO - [2024-08-05T11:47:42.016+0000] {dag.py:3340} INFO - Setting next_dagrun for example_xcom_args_with_operators to None, run_after=None
[2024-08-05T11:47:42.064+0000] {processor.py:176} INFO - Processing /home/airflow/.local/lib/python3.7/site-packages/airflow/example_dags/example_xcomargs.py took 0.315 seconds
[2024-08-05T11:48:12.738+0000] {processor.py:154} INFO - Started process (PID=23813) to work on /home/airflow/.local/lib/python3.7/site-packages/airflow/example_dags/example_xcomargs.py
[2024-08-05T11:48:12.739+0000] {processor.py:756} INFO - Processing file /home/airflow/.local/lib/python3.7/site-packages/airflow/example_dags/example_xcomargs.py for tasks to queue
[2024-08-05T11:48:12.740+0000] {logging_mixin.py:120} INFO - [2024-08-05T11:48:12.740+0000] {dagbag.py:537} INFO - Filling up the DagBag from /home/airflow/.local/lib/python3.7/site-packages/airflow/example_dags/example_xcomargs.py
[2024-08-05T11:48:12.763+0000] {processor.py:766} INFO - DAG(s) dict_keys(['example_xcom_args_with_operators', 'example_xcom_args']) retrieved from /home/airflow/.local/lib/python3.7/site-packages/airflow/example_dags/example_xcomargs.py
[2024-08-05T11:48:12.815+0000] {logging_mixin.py:120} INFO - [2024-08-05T11:48:12.815+0000] {dag.py:2585} INFO - Sync 2 DAGs
[2024-08-05T11:48:12.849+0000] {logging_mixin.py:120} INFO - [2024-08-05T11:48:12.849+0000] {dag.py:3340} INFO - Setting next_dagrun for example_xcom_args to None, run_after=None
[2024-08-05T11:48:12.855+0000] {logging_mixin.py:120} INFO - [2024-08-05T11:48:12.855+0000] {dag.py:3340} INFO - Setting next_dagrun for example_xcom_args_with_operators to None, run_after=None
[2024-08-05T11:48:12.881+0000] {processor.py:176} INFO - Processing /home/airflow/.local/lib/python3.7/site-packages/airflow/example_dags/example_xcomargs.py took 0.146 seconds
[2024-08-05T11:48:44.318+0000] {processor.py:154} INFO - Started process (PID=23881) to work on /home/airflow/.local/lib/python3.7/site-packages/airflow/example_dags/example_xcomargs.py
[2024-08-05T11:48:44.319+0000] {processor.py:756} INFO - Processing file /home/airflow/.local/lib/python3.7/site-packages/airflow/example_dags/example_xcomargs.py for tasks to queue
[2024-08-05T11:48:44.320+0000] {logging_mixin.py:120} INFO - [2024-08-05T11:48:44.320+0000] {dagbag.py:537} INFO - Filling up the DagBag from /home/airflow/.local/lib/python3.7/site-packages/airflow/example_dags/example_xcomargs.py
[2024-08-05T11:48:44.340+0000] {processor.py:766} INFO - DAG(s) dict_keys(['example_xcom_args', 'example_xcom_args_with_operators']) retrieved from /home/airflow/.local/lib/python3.7/site-packages/airflow/example_dags/example_xcomargs.py
[2024-08-05T11:48:44.377+0000] {logging_mixin.py:120} INFO - [2024-08-05T11:48:44.377+0000] {dag.py:2585} INFO - Sync 2 DAGs
[2024-08-05T11:48:44.400+0000] {logging_mixin.py:120} INFO - [2024-08-05T11:48:44.400+0000] {dag.py:3340} INFO - Setting next_dagrun for example_xcom_args to None, run_after=None
[2024-08-05T11:48:44.406+0000] {logging_mixin.py:120} INFO - [2024-08-05T11:48:44.405+0000] {dag.py:3340} INFO - Setting next_dagrun for example_xcom_args_with_operators to None, run_after=None
[2024-08-05T11:48:44.437+0000] {processor.py:176} INFO - Processing /home/airflow/.local/lib/python3.7/site-packages/airflow/example_dags/example_xcomargs.py took 0.121 seconds
[2024-08-05T11:49:14.851+0000] {processor.py:154} INFO - Started process (PID=23947) to work on /home/airflow/.local/lib/python3.7/site-packages/airflow/example_dags/example_xcomargs.py
[2024-08-05T11:49:14.853+0000] {processor.py:756} INFO - Processing file /home/airflow/.local/lib/python3.7/site-packages/airflow/example_dags/example_xcomargs.py for tasks to queue
[2024-08-05T11:49:14.855+0000] {logging_mixin.py:120} INFO - [2024-08-05T11:49:14.854+0000] {dagbag.py:537} INFO - Filling up the DagBag from /home/airflow/.local/lib/python3.7/site-packages/airflow/example_dags/example_xcomargs.py
[2024-08-05T11:49:14.884+0000] {processor.py:766} INFO - DAG(s) dict_keys(['example_xcom_args_with_operators', 'example_xcom_args']) retrieved from /home/airflow/.local/lib/python3.7/site-packages/airflow/example_dags/example_xcomargs.py
[2024-08-05T11:49:14.950+0000] {logging_mixin.py:120} INFO - [2024-08-05T11:49:14.949+0000] {dag.py:2585} INFO - Sync 2 DAGs
[2024-08-05T11:49:15.000+0000] {logging_mixin.py:120} INFO - [2024-08-05T11:49:14.999+0000] {dag.py:3340} INFO - Setting next_dagrun for example_xcom_args to None, run_after=None
[2024-08-05T11:49:15.006+0000] {logging_mixin.py:120} INFO - [2024-08-05T11:49:15.006+0000] {dag.py:3340} INFO - Setting next_dagrun for example_xcom_args_with_operators to None, run_after=None
[2024-08-05T11:49:15.039+0000] {processor.py:176} INFO - Processing /home/airflow/.local/lib/python3.7/site-packages/airflow/example_dags/example_xcomargs.py took 0.193 seconds
[2024-08-05T11:49:46.355+0000] {processor.py:154} INFO - Started process (PID=24003) to work on /home/airflow/.local/lib/python3.7/site-packages/airflow/example_dags/example_xcomargs.py
[2024-08-05T11:49:46.358+0000] {processor.py:756} INFO - Processing file /home/airflow/.local/lib/python3.7/site-packages/airflow/example_dags/example_xcomargs.py for tasks to queue
[2024-08-05T11:49:46.360+0000] {logging_mixin.py:120} INFO - [2024-08-05T11:49:46.360+0000] {dagbag.py:537} INFO - Filling up the DagBag from /home/airflow/.local/lib/python3.7/site-packages/airflow/example_dags/example_xcomargs.py
[2024-08-05T11:49:46.389+0000] {processor.py:766} INFO - DAG(s) dict_keys(['example_xcom_args_with_operators', 'example_xcom_args']) retrieved from /home/airflow/.local/lib/python3.7/site-packages/airflow/example_dags/example_xcomargs.py
[2024-08-05T11:49:46.458+0000] {logging_mixin.py:120} INFO - [2024-08-05T11:49:46.458+0000] {dag.py:2585} INFO - Sync 2 DAGs
[2024-08-05T11:49:46.501+0000] {logging_mixin.py:120} INFO - [2024-08-05T11:49:46.501+0000] {dag.py:3340} INFO - Setting next_dagrun for example_xcom_args to None, run_after=None
[2024-08-05T11:49:46.508+0000] {logging_mixin.py:120} INFO - [2024-08-05T11:49:46.508+0000] {dag.py:3340} INFO - Setting next_dagrun for example_xcom_args_with_operators to None, run_after=None
[2024-08-05T11:49:46.550+0000] {processor.py:176} INFO - Processing /home/airflow/.local/lib/python3.7/site-packages/airflow/example_dags/example_xcomargs.py took 0.198 seconds
[2024-08-05T11:50:17.293+0000] {processor.py:154} INFO - Started process (PID=24070) to work on /home/airflow/.local/lib/python3.7/site-packages/airflow/example_dags/example_xcomargs.py
[2024-08-05T11:50:17.295+0000] {processor.py:756} INFO - Processing file /home/airflow/.local/lib/python3.7/site-packages/airflow/example_dags/example_xcomargs.py for tasks to queue
[2024-08-05T11:50:17.296+0000] {logging_mixin.py:120} INFO - [2024-08-05T11:50:17.296+0000] {dagbag.py:537} INFO - Filling up the DagBag from /home/airflow/.local/lib/python3.7/site-packages/airflow/example_dags/example_xcomargs.py
[2024-08-05T11:50:17.314+0000] {processor.py:766} INFO - DAG(s) dict_keys(['example_xcom_args_with_operators', 'example_xcom_args']) retrieved from /home/airflow/.local/lib/python3.7/site-packages/airflow/example_dags/example_xcomargs.py
[2024-08-05T11:50:17.349+0000] {logging_mixin.py:120} INFO - [2024-08-05T11:50:17.348+0000] {dag.py:2585} INFO - Sync 2 DAGs
[2024-08-05T11:50:17.369+0000] {logging_mixin.py:120} INFO - [2024-08-05T11:50:17.369+0000] {dag.py:3340} INFO - Setting next_dagrun for example_xcom_args to None, run_after=None
[2024-08-05T11:50:17.373+0000] {logging_mixin.py:120} INFO - [2024-08-05T11:50:17.373+0000] {dag.py:3340} INFO - Setting next_dagrun for example_xcom_args_with_operators to None, run_after=None
[2024-08-05T11:50:17.390+0000] {processor.py:176} INFO - Processing /home/airflow/.local/lib/python3.7/site-packages/airflow/example_dags/example_xcomargs.py took 0.099 seconds
[2024-08-05T11:50:52.278+0000] {processor.py:154} INFO - Started process (PID=24141) to work on /home/airflow/.local/lib/python3.7/site-packages/airflow/example_dags/example_xcomargs.py
[2024-08-05T11:50:52.280+0000] {processor.py:756} INFO - Processing file /home/airflow/.local/lib/python3.7/site-packages/airflow/example_dags/example_xcomargs.py for tasks to queue
[2024-08-05T11:50:52.281+0000] {logging_mixin.py:120} INFO - [2024-08-05T11:50:52.281+0000] {dagbag.py:537} INFO - Filling up the DagBag from /home/airflow/.local/lib/python3.7/site-packages/airflow/example_dags/example_xcomargs.py
[2024-08-05T11:50:52.303+0000] {processor.py:766} INFO - DAG(s) dict_keys(['example_xcom_args_with_operators', 'example_xcom_args']) retrieved from /home/airflow/.local/lib/python3.7/site-packages/airflow/example_dags/example_xcomargs.py
[2024-08-05T11:50:52.339+0000] {logging_mixin.py:120} INFO - [2024-08-05T11:50:52.339+0000] {dag.py:2585} INFO - Sync 2 DAGs
[2024-08-05T11:50:52.363+0000] {logging_mixin.py:120} INFO - [2024-08-05T11:50:52.363+0000] {dag.py:3340} INFO - Setting next_dagrun for example_xcom_args to None, run_after=None
[2024-08-05T11:50:52.366+0000] {logging_mixin.py:120} INFO - [2024-08-05T11:50:52.366+0000] {dag.py:3340} INFO - Setting next_dagrun for example_xcom_args_with_operators to None, run_after=None
[2024-08-05T11:50:52.383+0000] {processor.py:176} INFO - Processing /home/airflow/.local/lib/python3.7/site-packages/airflow/example_dags/example_xcomargs.py took 0.108 seconds
[2024-08-05T11:51:22.942+0000] {processor.py:154} INFO - Started process (PID=24208) to work on /home/airflow/.local/lib/python3.7/site-packages/airflow/example_dags/example_xcomargs.py
[2024-08-05T11:51:22.943+0000] {processor.py:756} INFO - Processing file /home/airflow/.local/lib/python3.7/site-packages/airflow/example_dags/example_xcomargs.py for tasks to queue
[2024-08-05T11:51:22.944+0000] {logging_mixin.py:120} INFO - [2024-08-05T11:51:22.943+0000] {dagbag.py:537} INFO - Filling up the DagBag from /home/airflow/.local/lib/python3.7/site-packages/airflow/example_dags/example_xcomargs.py
[2024-08-05T11:51:22.964+0000] {processor.py:766} INFO - DAG(s) dict_keys(['example_xcom_args_with_operators', 'example_xcom_args']) retrieved from /home/airflow/.local/lib/python3.7/site-packages/airflow/example_dags/example_xcomargs.py
[2024-08-05T11:51:23.003+0000] {logging_mixin.py:120} INFO - [2024-08-05T11:51:23.003+0000] {dag.py:2585} INFO - Sync 2 DAGs
[2024-08-05T11:51:23.025+0000] {logging_mixin.py:120} INFO - [2024-08-05T11:51:23.025+0000] {dag.py:3340} INFO - Setting next_dagrun for example_xcom_args to None, run_after=None
[2024-08-05T11:51:23.029+0000] {logging_mixin.py:120} INFO - [2024-08-05T11:51:23.029+0000] {dag.py:3340} INFO - Setting next_dagrun for example_xcom_args_with_operators to None, run_after=None
[2024-08-05T11:51:23.050+0000] {processor.py:176} INFO - Processing /home/airflow/.local/lib/python3.7/site-packages/airflow/example_dags/example_xcomargs.py took 0.111 seconds
[2024-08-05T11:51:54.041+0000] {processor.py:154} INFO - Started process (PID=24276) to work on /home/airflow/.local/lib/python3.7/site-packages/airflow/example_dags/example_xcomargs.py
[2024-08-05T11:51:54.043+0000] {processor.py:756} INFO - Processing file /home/airflow/.local/lib/python3.7/site-packages/airflow/example_dags/example_xcomargs.py for tasks to queue
[2024-08-05T11:51:54.045+0000] {logging_mixin.py:120} INFO - [2024-08-05T11:51:54.044+0000] {dagbag.py:537} INFO - Filling up the DagBag from /home/airflow/.local/lib/python3.7/site-packages/airflow/example_dags/example_xcomargs.py
[2024-08-05T11:51:54.088+0000] {processor.py:766} INFO - DAG(s) dict_keys(['example_xcom_args_with_operators', 'example_xcom_args']) retrieved from /home/airflow/.local/lib/python3.7/site-packages/airflow/example_dags/example_xcomargs.py
[2024-08-05T11:51:54.147+0000] {logging_mixin.py:120} INFO - [2024-08-05T11:51:54.147+0000] {dag.py:2585} INFO - Sync 2 DAGs
[2024-08-05T11:51:54.182+0000] {logging_mixin.py:120} INFO - [2024-08-05T11:51:54.181+0000] {dag.py:3340} INFO - Setting next_dagrun for example_xcom_args to None, run_after=None
[2024-08-05T11:51:54.187+0000] {logging_mixin.py:120} INFO - [2024-08-05T11:51:54.187+0000] {dag.py:3340} INFO - Setting next_dagrun for example_xcom_args_with_operators to None, run_after=None
[2024-08-05T11:51:54.216+0000] {processor.py:176} INFO - Processing /home/airflow/.local/lib/python3.7/site-packages/airflow/example_dags/example_xcomargs.py took 0.179 seconds
[2024-08-05T11:52:24.734+0000] {processor.py:154} INFO - Started process (PID=24333) to work on /home/airflow/.local/lib/python3.7/site-packages/airflow/example_dags/example_xcomargs.py
[2024-08-05T11:52:24.737+0000] {processor.py:756} INFO - Processing file /home/airflow/.local/lib/python3.7/site-packages/airflow/example_dags/example_xcomargs.py for tasks to queue
[2024-08-05T11:52:24.738+0000] {logging_mixin.py:120} INFO - [2024-08-05T11:52:24.738+0000] {dagbag.py:537} INFO - Filling up the DagBag from /home/airflow/.local/lib/python3.7/site-packages/airflow/example_dags/example_xcomargs.py
[2024-08-05T11:52:24.767+0000] {processor.py:766} INFO - DAG(s) dict_keys(['example_xcom_args_with_operators', 'example_xcom_args']) retrieved from /home/airflow/.local/lib/python3.7/site-packages/airflow/example_dags/example_xcomargs.py
[2024-08-05T11:52:24.818+0000] {logging_mixin.py:120} INFO - [2024-08-05T11:52:24.818+0000] {dag.py:2585} INFO - Sync 2 DAGs
[2024-08-05T11:52:24.847+0000] {logging_mixin.py:120} INFO - [2024-08-05T11:52:24.847+0000] {dag.py:3340} INFO - Setting next_dagrun for example_xcom_args to None, run_after=None
[2024-08-05T11:52:24.851+0000] {logging_mixin.py:120} INFO - [2024-08-05T11:52:24.851+0000] {dag.py:3340} INFO - Setting next_dagrun for example_xcom_args_with_operators to None, run_after=None
[2024-08-05T11:52:24.881+0000] {processor.py:176} INFO - Processing /home/airflow/.local/lib/python3.7/site-packages/airflow/example_dags/example_xcomargs.py took 0.153 seconds
[2024-08-05T11:52:55.353+0000] {processor.py:154} INFO - Started process (PID=24400) to work on /home/airflow/.local/lib/python3.7/site-packages/airflow/example_dags/example_xcomargs.py
[2024-08-05T11:52:55.354+0000] {processor.py:756} INFO - Processing file /home/airflow/.local/lib/python3.7/site-packages/airflow/example_dags/example_xcomargs.py for tasks to queue
[2024-08-05T11:52:55.356+0000] {logging_mixin.py:120} INFO - [2024-08-05T11:52:55.355+0000] {dagbag.py:537} INFO - Filling up the DagBag from /home/airflow/.local/lib/python3.7/site-packages/airflow/example_dags/example_xcomargs.py
[2024-08-05T11:52:55.373+0000] {processor.py:766} INFO - DAG(s) dict_keys(['example_xcom_args', 'example_xcom_args_with_operators']) retrieved from /home/airflow/.local/lib/python3.7/site-packages/airflow/example_dags/example_xcomargs.py
[2024-08-05T11:52:55.405+0000] {logging_mixin.py:120} INFO - [2024-08-05T11:52:55.405+0000] {dag.py:2585} INFO - Sync 2 DAGs
[2024-08-05T11:52:55.428+0000] {logging_mixin.py:120} INFO - [2024-08-05T11:52:55.428+0000] {dag.py:3340} INFO - Setting next_dagrun for example_xcom_args to None, run_after=None
[2024-08-05T11:52:55.432+0000] {logging_mixin.py:120} INFO - [2024-08-05T11:52:55.432+0000] {dag.py:3340} INFO - Setting next_dagrun for example_xcom_args_with_operators to None, run_after=None
[2024-08-05T11:52:55.567+0000] {processor.py:176} INFO - Processing /home/airflow/.local/lib/python3.7/site-packages/airflow/example_dags/example_xcomargs.py took 0.217 seconds
[2024-08-05T11:53:25.910+0000] {processor.py:154} INFO - Started process (PID=24467) to work on /home/airflow/.local/lib/python3.7/site-packages/airflow/example_dags/example_xcomargs.py
[2024-08-05T11:53:25.912+0000] {processor.py:756} INFO - Processing file /home/airflow/.local/lib/python3.7/site-packages/airflow/example_dags/example_xcomargs.py for tasks to queue
[2024-08-05T11:53:25.914+0000] {logging_mixin.py:120} INFO - [2024-08-05T11:53:25.914+0000] {dagbag.py:537} INFO - Filling up the DagBag from /home/airflow/.local/lib/python3.7/site-packages/airflow/example_dags/example_xcomargs.py
[2024-08-05T11:53:25.949+0000] {processor.py:766} INFO - DAG(s) dict_keys(['example_xcom_args', 'example_xcom_args_with_operators']) retrieved from /home/airflow/.local/lib/python3.7/site-packages/airflow/example_dags/example_xcomargs.py
[2024-08-05T11:53:26.036+0000] {logging_mixin.py:120} INFO - [2024-08-05T11:53:26.036+0000] {dag.py:2585} INFO - Sync 2 DAGs
[2024-08-05T11:53:26.082+0000] {logging_mixin.py:120} INFO - [2024-08-05T11:53:26.082+0000] {dag.py:3340} INFO - Setting next_dagrun for example_xcom_args to None, run_after=None
[2024-08-05T11:53:26.092+0000] {logging_mixin.py:120} INFO - [2024-08-05T11:53:26.092+0000] {dag.py:3340} INFO - Setting next_dagrun for example_xcom_args_with_operators to None, run_after=None
[2024-08-05T11:53:26.128+0000] {processor.py:176} INFO - Processing /home/airflow/.local/lib/python3.7/site-packages/airflow/example_dags/example_xcomargs.py took 0.223 seconds
[2024-08-05T11:53:57.013+0000] {processor.py:154} INFO - Started process (PID=24526) to work on /home/airflow/.local/lib/python3.7/site-packages/airflow/example_dags/example_xcomargs.py
[2024-08-05T11:53:57.015+0000] {processor.py:756} INFO - Processing file /home/airflow/.local/lib/python3.7/site-packages/airflow/example_dags/example_xcomargs.py for tasks to queue
[2024-08-05T11:53:57.019+0000] {logging_mixin.py:120} INFO - [2024-08-05T11:53:57.018+0000] {dagbag.py:537} INFO - Filling up the DagBag from /home/airflow/.local/lib/python3.7/site-packages/airflow/example_dags/example_xcomargs.py
[2024-08-05T11:53:57.040+0000] {processor.py:766} INFO - DAG(s) dict_keys(['example_xcom_args', 'example_xcom_args_with_operators']) retrieved from /home/airflow/.local/lib/python3.7/site-packages/airflow/example_dags/example_xcomargs.py
[2024-08-05T11:53:57.079+0000] {logging_mixin.py:120} INFO - [2024-08-05T11:53:57.079+0000] {dag.py:2585} INFO - Sync 2 DAGs
[2024-08-05T11:53:57.103+0000] {logging_mixin.py:120} INFO - [2024-08-05T11:53:57.102+0000] {dag.py:3340} INFO - Setting next_dagrun for example_xcom_args to None, run_after=None
[2024-08-05T11:53:57.107+0000] {logging_mixin.py:120} INFO - [2024-08-05T11:53:57.107+0000] {dag.py:3340} INFO - Setting next_dagrun for example_xcom_args_with_operators to None, run_after=None
[2024-08-05T11:53:57.128+0000] {processor.py:176} INFO - Processing /home/airflow/.local/lib/python3.7/site-packages/airflow/example_dags/example_xcomargs.py took 0.121 seconds
[2024-08-05T11:54:27.598+0000] {processor.py:154} INFO - Started process (PID=24593) to work on /home/airflow/.local/lib/python3.7/site-packages/airflow/example_dags/example_xcomargs.py
[2024-08-05T11:54:27.600+0000] {processor.py:756} INFO - Processing file /home/airflow/.local/lib/python3.7/site-packages/airflow/example_dags/example_xcomargs.py for tasks to queue
[2024-08-05T11:54:27.602+0000] {logging_mixin.py:120} INFO - [2024-08-05T11:54:27.602+0000] {dagbag.py:537} INFO - Filling up the DagBag from /home/airflow/.local/lib/python3.7/site-packages/airflow/example_dags/example_xcomargs.py
[2024-08-05T11:54:27.657+0000] {processor.py:766} INFO - DAG(s) dict_keys(['example_xcom_args_with_operators', 'example_xcom_args']) retrieved from /home/airflow/.local/lib/python3.7/site-packages/airflow/example_dags/example_xcomargs.py
[2024-08-05T11:54:27.746+0000] {logging_mixin.py:120} INFO - [2024-08-05T11:54:27.746+0000] {dag.py:2585} INFO - Sync 2 DAGs
[2024-08-05T11:54:27.792+0000] {logging_mixin.py:120} INFO - [2024-08-05T11:54:27.792+0000] {dag.py:3340} INFO - Setting next_dagrun for example_xcom_args to None, run_after=None
[2024-08-05T11:54:27.802+0000] {logging_mixin.py:120} INFO - [2024-08-05T11:54:27.801+0000] {dag.py:3340} INFO - Setting next_dagrun for example_xcom_args_with_operators to None, run_after=None
[2024-08-05T11:54:27.841+0000] {processor.py:176} INFO - Processing /home/airflow/.local/lib/python3.7/site-packages/airflow/example_dags/example_xcomargs.py took 0.247 seconds
[2024-08-05T11:54:58.739+0000] {processor.py:154} INFO - Started process (PID=24660) to work on /home/airflow/.local/lib/python3.7/site-packages/airflow/example_dags/example_xcomargs.py
[2024-08-05T11:54:58.741+0000] {processor.py:756} INFO - Processing file /home/airflow/.local/lib/python3.7/site-packages/airflow/example_dags/example_xcomargs.py for tasks to queue
[2024-08-05T11:54:58.744+0000] {logging_mixin.py:120} INFO - [2024-08-05T11:54:58.744+0000] {dagbag.py:537} INFO - Filling up the DagBag from /home/airflow/.local/lib/python3.7/site-packages/airflow/example_dags/example_xcomargs.py
[2024-08-05T11:54:58.789+0000] {processor.py:766} INFO - DAG(s) dict_keys(['example_xcom_args_with_operators', 'example_xcom_args']) retrieved from /home/airflow/.local/lib/python3.7/site-packages/airflow/example_dags/example_xcomargs.py
[2024-08-05T11:54:58.855+0000] {logging_mixin.py:120} INFO - [2024-08-05T11:54:58.855+0000] {dag.py:2585} INFO - Sync 2 DAGs
[2024-08-05T11:54:58.909+0000] {logging_mixin.py:120} INFO - [2024-08-05T11:54:58.908+0000] {dag.py:3340} INFO - Setting next_dagrun for example_xcom_args to None, run_after=None
[2024-08-05T11:54:58.919+0000] {logging_mixin.py:120} INFO - [2024-08-05T11:54:58.918+0000] {dag.py:3340} INFO - Setting next_dagrun for example_xcom_args_with_operators to None, run_after=None
[2024-08-05T11:54:59.122+0000] {processor.py:176} INFO - Processing /home/airflow/.local/lib/python3.7/site-packages/airflow/example_dags/example_xcomargs.py took 0.390 seconds
[2024-08-05T11:55:29.972+0000] {processor.py:154} INFO - Started process (PID=24718) to work on /home/airflow/.local/lib/python3.7/site-packages/airflow/example_dags/example_xcomargs.py
[2024-08-05T11:55:29.973+0000] {processor.py:756} INFO - Processing file /home/airflow/.local/lib/python3.7/site-packages/airflow/example_dags/example_xcomargs.py for tasks to queue
[2024-08-05T11:55:29.975+0000] {logging_mixin.py:120} INFO - [2024-08-05T11:55:29.975+0000] {dagbag.py:537} INFO - Filling up the DagBag from /home/airflow/.local/lib/python3.7/site-packages/airflow/example_dags/example_xcomargs.py
[2024-08-05T11:55:30.002+0000] {processor.py:766} INFO - DAG(s) dict_keys(['example_xcom_args_with_operators', 'example_xcom_args']) retrieved from /home/airflow/.local/lib/python3.7/site-packages/airflow/example_dags/example_xcomargs.py
[2024-08-05T11:55:30.062+0000] {logging_mixin.py:120} INFO - [2024-08-05T11:55:30.061+0000] {dag.py:2585} INFO - Sync 2 DAGs
[2024-08-05T11:55:30.092+0000] {logging_mixin.py:120} INFO - [2024-08-05T11:55:30.092+0000] {dag.py:3340} INFO - Setting next_dagrun for example_xcom_args to None, run_after=None
[2024-08-05T11:55:30.098+0000] {logging_mixin.py:120} INFO - [2024-08-05T11:55:30.097+0000] {dag.py:3340} INFO - Setting next_dagrun for example_xcom_args_with_operators to None, run_after=None
[2024-08-05T11:55:30.123+0000] {processor.py:176} INFO - Processing /home/airflow/.local/lib/python3.7/site-packages/airflow/example_dags/example_xcomargs.py took 0.156 seconds
[2024-08-05T11:56:00.829+0000] {processor.py:154} INFO - Started process (PID=24785) to work on /home/airflow/.local/lib/python3.7/site-packages/airflow/example_dags/example_xcomargs.py
[2024-08-05T11:56:00.830+0000] {processor.py:756} INFO - Processing file /home/airflow/.local/lib/python3.7/site-packages/airflow/example_dags/example_xcomargs.py for tasks to queue
[2024-08-05T11:56:00.831+0000] {logging_mixin.py:120} INFO - [2024-08-05T11:56:00.831+0000] {dagbag.py:537} INFO - Filling up the DagBag from /home/airflow/.local/lib/python3.7/site-packages/airflow/example_dags/example_xcomargs.py
[2024-08-05T11:56:00.855+0000] {processor.py:766} INFO - DAG(s) dict_keys(['example_xcom_args_with_operators', 'example_xcom_args']) retrieved from /home/airflow/.local/lib/python3.7/site-packages/airflow/example_dags/example_xcomargs.py
[2024-08-05T11:56:00.911+0000] {logging_mixin.py:120} INFO - [2024-08-05T11:56:00.911+0000] {dag.py:2585} INFO - Sync 2 DAGs
[2024-08-05T11:56:00.940+0000] {logging_mixin.py:120} INFO - [2024-08-05T11:56:00.940+0000] {dag.py:3340} INFO - Setting next_dagrun for example_xcom_args to None, run_after=None
[2024-08-05T11:56:00.944+0000] {logging_mixin.py:120} INFO - [2024-08-05T11:56:00.944+0000] {dag.py:3340} INFO - Setting next_dagrun for example_xcom_args_with_operators to None, run_after=None
[2024-08-05T11:56:00.971+0000] {processor.py:176} INFO - Processing /home/airflow/.local/lib/python3.7/site-packages/airflow/example_dags/example_xcomargs.py took 0.145 seconds
[2024-08-05T11:56:31.738+0000] {processor.py:154} INFO - Started process (PID=24851) to work on /home/airflow/.local/lib/python3.7/site-packages/airflow/example_dags/example_xcomargs.py
[2024-08-05T11:56:31.740+0000] {processor.py:756} INFO - Processing file /home/airflow/.local/lib/python3.7/site-packages/airflow/example_dags/example_xcomargs.py for tasks to queue
[2024-08-05T11:56:31.741+0000] {logging_mixin.py:120} INFO - [2024-08-05T11:56:31.741+0000] {dagbag.py:537} INFO - Filling up the DagBag from /home/airflow/.local/lib/python3.7/site-packages/airflow/example_dags/example_xcomargs.py
[2024-08-05T11:56:31.778+0000] {processor.py:766} INFO - DAG(s) dict_keys(['example_xcom_args', 'example_xcom_args_with_operators']) retrieved from /home/airflow/.local/lib/python3.7/site-packages/airflow/example_dags/example_xcomargs.py
[2024-08-05T11:56:31.855+0000] {logging_mixin.py:120} INFO - [2024-08-05T11:56:31.855+0000] {dag.py:2585} INFO - Sync 2 DAGs
[2024-08-05T11:56:31.891+0000] {logging_mixin.py:120} INFO - [2024-08-05T11:56:31.891+0000] {dag.py:3340} INFO - Setting next_dagrun for example_xcom_args to None, run_after=None
[2024-08-05T11:56:31.898+0000] {logging_mixin.py:120} INFO - [2024-08-05T11:56:31.898+0000] {dag.py:3340} INFO - Setting next_dagrun for example_xcom_args_with_operators to None, run_after=None
[2024-08-05T11:56:31.935+0000] {processor.py:176} INFO - Processing /home/airflow/.local/lib/python3.7/site-packages/airflow/example_dags/example_xcomargs.py took 0.201 seconds
[2024-08-05T11:57:02.216+0000] {processor.py:154} INFO - Started process (PID=24908) to work on /home/airflow/.local/lib/python3.7/site-packages/airflow/example_dags/example_xcomargs.py
[2024-08-05T11:57:02.217+0000] {processor.py:756} INFO - Processing file /home/airflow/.local/lib/python3.7/site-packages/airflow/example_dags/example_xcomargs.py for tasks to queue
[2024-08-05T11:57:02.218+0000] {logging_mixin.py:120} INFO - [2024-08-05T11:57:02.218+0000] {dagbag.py:537} INFO - Filling up the DagBag from /home/airflow/.local/lib/python3.7/site-packages/airflow/example_dags/example_xcomargs.py
[2024-08-05T11:57:02.242+0000] {processor.py:766} INFO - DAG(s) dict_keys(['example_xcom_args', 'example_xcom_args_with_operators']) retrieved from /home/airflow/.local/lib/python3.7/site-packages/airflow/example_dags/example_xcomargs.py
[2024-08-05T11:57:02.307+0000] {logging_mixin.py:120} INFO - [2024-08-05T11:57:02.306+0000] {dag.py:2585} INFO - Sync 2 DAGs
[2024-08-05T11:57:02.332+0000] {logging_mixin.py:120} INFO - [2024-08-05T11:57:02.332+0000] {dag.py:3340} INFO - Setting next_dagrun for example_xcom_args to None, run_after=None
[2024-08-05T11:57:02.341+0000] {logging_mixin.py:120} INFO - [2024-08-05T11:57:02.341+0000] {dag.py:3340} INFO - Setting next_dagrun for example_xcom_args_with_operators to None, run_after=None
[2024-08-05T11:57:02.383+0000] {processor.py:176} INFO - Processing /home/airflow/.local/lib/python3.7/site-packages/airflow/example_dags/example_xcomargs.py took 0.171 seconds
[2024-08-05T11:57:32.736+0000] {processor.py:154} INFO - Started process (PID=24976) to work on /home/airflow/.local/lib/python3.7/site-packages/airflow/example_dags/example_xcomargs.py
[2024-08-05T11:57:32.742+0000] {processor.py:756} INFO - Processing file /home/airflow/.local/lib/python3.7/site-packages/airflow/example_dags/example_xcomargs.py for tasks to queue
[2024-08-05T11:57:32.746+0000] {logging_mixin.py:120} INFO - [2024-08-05T11:57:32.745+0000] {dagbag.py:537} INFO - Filling up the DagBag from /home/airflow/.local/lib/python3.7/site-packages/airflow/example_dags/example_xcomargs.py
[2024-08-05T11:57:32.809+0000] {processor.py:766} INFO - DAG(s) dict_keys(['example_xcom_args_with_operators', 'example_xcom_args']) retrieved from /home/airflow/.local/lib/python3.7/site-packages/airflow/example_dags/example_xcomargs.py
[2024-08-05T11:57:32.900+0000] {logging_mixin.py:120} INFO - [2024-08-05T11:57:32.900+0000] {dag.py:2585} INFO - Sync 2 DAGs
[2024-08-05T11:57:32.926+0000] {logging_mixin.py:120} INFO - [2024-08-05T11:57:32.926+0000] {dag.py:3340} INFO - Setting next_dagrun for example_xcom_args to None, run_after=None
[2024-08-05T11:57:32.930+0000] {logging_mixin.py:120} INFO - [2024-08-05T11:57:32.930+0000] {dag.py:3340} INFO - Setting next_dagrun for example_xcom_args_with_operators to None, run_after=None
[2024-08-05T11:57:32.950+0000] {processor.py:176} INFO - Processing /home/airflow/.local/lib/python3.7/site-packages/airflow/example_dags/example_xcomargs.py took 0.224 seconds
[2024-08-05T11:58:03.587+0000] {processor.py:154} INFO - Started process (PID=25042) to work on /home/airflow/.local/lib/python3.7/site-packages/airflow/example_dags/example_xcomargs.py
[2024-08-05T11:58:03.588+0000] {processor.py:756} INFO - Processing file /home/airflow/.local/lib/python3.7/site-packages/airflow/example_dags/example_xcomargs.py for tasks to queue
[2024-08-05T11:58:03.590+0000] {logging_mixin.py:120} INFO - [2024-08-05T11:58:03.589+0000] {dagbag.py:537} INFO - Filling up the DagBag from /home/airflow/.local/lib/python3.7/site-packages/airflow/example_dags/example_xcomargs.py
[2024-08-05T11:58:03.619+0000] {processor.py:766} INFO - DAG(s) dict_keys(['example_xcom_args_with_operators', 'example_xcom_args']) retrieved from /home/airflow/.local/lib/python3.7/site-packages/airflow/example_dags/example_xcomargs.py
[2024-08-05T11:58:03.691+0000] {logging_mixin.py:120} INFO - [2024-08-05T11:58:03.690+0000] {dag.py:2585} INFO - Sync 2 DAGs
[2024-08-05T11:58:03.727+0000] {logging_mixin.py:120} INFO - [2024-08-05T11:58:03.727+0000] {dag.py:3340} INFO - Setting next_dagrun for example_xcom_args to None, run_after=None
[2024-08-05T11:58:03.733+0000] {logging_mixin.py:120} INFO - [2024-08-05T11:58:03.733+0000] {dag.py:3340} INFO - Setting next_dagrun for example_xcom_args_with_operators to None, run_after=None
[2024-08-05T11:58:03.765+0000] {processor.py:176} INFO - Processing /home/airflow/.local/lib/python3.7/site-packages/airflow/example_dags/example_xcomargs.py took 0.183 seconds
[2024-08-05T11:58:33.903+0000] {processor.py:154} INFO - Started process (PID=25099) to work on /home/airflow/.local/lib/python3.7/site-packages/airflow/example_dags/example_xcomargs.py
[2024-08-05T11:58:33.905+0000] {processor.py:756} INFO - Processing file /home/airflow/.local/lib/python3.7/site-packages/airflow/example_dags/example_xcomargs.py for tasks to queue
[2024-08-05T11:58:33.907+0000] {logging_mixin.py:120} INFO - [2024-08-05T11:58:33.907+0000] {dagbag.py:537} INFO - Filling up the DagBag from /home/airflow/.local/lib/python3.7/site-packages/airflow/example_dags/example_xcomargs.py
[2024-08-05T11:58:33.937+0000] {processor.py:766} INFO - DAG(s) dict_keys(['example_xcom_args', 'example_xcom_args_with_operators']) retrieved from /home/airflow/.local/lib/python3.7/site-packages/airflow/example_dags/example_xcomargs.py
[2024-08-05T11:58:33.970+0000] {logging_mixin.py:120} INFO - [2024-08-05T11:58:33.970+0000] {dag.py:2585} INFO - Sync 2 DAGs
[2024-08-05T11:58:33.992+0000] {logging_mixin.py:120} INFO - [2024-08-05T11:58:33.992+0000] {dag.py:3340} INFO - Setting next_dagrun for example_xcom_args to None, run_after=None
[2024-08-05T11:58:33.994+0000] {logging_mixin.py:120} INFO - [2024-08-05T11:58:33.994+0000] {dag.py:3340} INFO - Setting next_dagrun for example_xcom_args_with_operators to None, run_after=None
[2024-08-05T11:58:34.010+0000] {processor.py:176} INFO - Processing /home/airflow/.local/lib/python3.7/site-packages/airflow/example_dags/example_xcomargs.py took 0.114 seconds
[2024-08-05T11:59:04.700+0000] {processor.py:154} INFO - Started process (PID=25167) to work on /home/airflow/.local/lib/python3.7/site-packages/airflow/example_dags/example_xcomargs.py
[2024-08-05T11:59:04.701+0000] {processor.py:756} INFO - Processing file /home/airflow/.local/lib/python3.7/site-packages/airflow/example_dags/example_xcomargs.py for tasks to queue
[2024-08-05T11:59:04.703+0000] {logging_mixin.py:120} INFO - [2024-08-05T11:59:04.702+0000] {dagbag.py:537} INFO - Filling up the DagBag from /home/airflow/.local/lib/python3.7/site-packages/airflow/example_dags/example_xcomargs.py
[2024-08-05T11:59:04.722+0000] {processor.py:766} INFO - DAG(s) dict_keys(['example_xcom_args_with_operators', 'example_xcom_args']) retrieved from /home/airflow/.local/lib/python3.7/site-packages/airflow/example_dags/example_xcomargs.py
[2024-08-05T11:59:04.762+0000] {logging_mixin.py:120} INFO - [2024-08-05T11:59:04.761+0000] {dag.py:2585} INFO - Sync 2 DAGs
[2024-08-05T11:59:04.783+0000] {logging_mixin.py:120} INFO - [2024-08-05T11:59:04.783+0000] {dag.py:3340} INFO - Setting next_dagrun for example_xcom_args to None, run_after=None
[2024-08-05T11:59:04.788+0000] {logging_mixin.py:120} INFO - [2024-08-05T11:59:04.788+0000] {dag.py:3340} INFO - Setting next_dagrun for example_xcom_args_with_operators to None, run_after=None
[2024-08-05T11:59:04.924+0000] {processor.py:176} INFO - Processing /home/airflow/.local/lib/python3.7/site-packages/airflow/example_dags/example_xcomargs.py took 0.227 seconds
[2024-08-05T12:00:36.184+0000] {processor.py:154} INFO - Started process (PID=84) to work on /home/airflow/.local/lib/python3.7/site-packages/airflow/example_dags/example_xcomargs.py
[2024-08-05T12:00:36.186+0000] {processor.py:756} INFO - Processing file /home/airflow/.local/lib/python3.7/site-packages/airflow/example_dags/example_xcomargs.py for tasks to queue
[2024-08-05T12:00:36.188+0000] {logging_mixin.py:120} INFO - [2024-08-05T12:00:36.188+0000] {dagbag.py:537} INFO - Filling up the DagBag from /home/airflow/.local/lib/python3.7/site-packages/airflow/example_dags/example_xcomargs.py
[2024-08-05T12:00:36.242+0000] {processor.py:766} INFO - DAG(s) dict_keys(['example_xcom_args', 'example_xcom_args_with_operators']) retrieved from /home/airflow/.local/lib/python3.7/site-packages/airflow/example_dags/example_xcomargs.py
[2024-08-05T12:00:36.331+0000] {logging_mixin.py:120} INFO - [2024-08-05T12:00:36.331+0000] {dag.py:2585} INFO - Sync 2 DAGs
[2024-08-05T12:00:36.387+0000] {logging_mixin.py:120} INFO - [2024-08-05T12:00:36.386+0000] {dag.py:3340} INFO - Setting next_dagrun for example_xcom_args to None, run_after=None
[2024-08-05T12:00:36.399+0000] {logging_mixin.py:120} INFO - [2024-08-05T12:00:36.398+0000] {dag.py:3340} INFO - Setting next_dagrun for example_xcom_args_with_operators to None, run_after=None
[2024-08-05T12:00:36.443+0000] {processor.py:176} INFO - Processing /home/airflow/.local/lib/python3.7/site-packages/airflow/example_dags/example_xcomargs.py took 0.267 seconds
[2024-08-05T12:01:07.035+0000] {processor.py:154} INFO - Started process (PID=143) to work on /home/airflow/.local/lib/python3.7/site-packages/airflow/example_dags/example_xcomargs.py
[2024-08-05T12:01:07.037+0000] {processor.py:756} INFO - Processing file /home/airflow/.local/lib/python3.7/site-packages/airflow/example_dags/example_xcomargs.py for tasks to queue
[2024-08-05T12:01:07.038+0000] {logging_mixin.py:120} INFO - [2024-08-05T12:01:07.038+0000] {dagbag.py:537} INFO - Filling up the DagBag from /home/airflow/.local/lib/python3.7/site-packages/airflow/example_dags/example_xcomargs.py
[2024-08-05T12:01:07.091+0000] {processor.py:766} INFO - DAG(s) dict_keys(['example_xcom_args_with_operators', 'example_xcom_args']) retrieved from /home/airflow/.local/lib/python3.7/site-packages/airflow/example_dags/example_xcomargs.py
[2024-08-05T12:01:07.163+0000] {logging_mixin.py:120} INFO - [2024-08-05T12:01:07.163+0000] {dag.py:2585} INFO - Sync 2 DAGs
[2024-08-05T12:01:07.188+0000] {logging_mixin.py:120} INFO - [2024-08-05T12:01:07.188+0000] {dag.py:3340} INFO - Setting next_dagrun for example_xcom_args to None, run_after=None
[2024-08-05T12:01:07.192+0000] {logging_mixin.py:120} INFO - [2024-08-05T12:01:07.192+0000] {dag.py:3340} INFO - Setting next_dagrun for example_xcom_args_with_operators to None, run_after=None
[2024-08-05T12:01:07.218+0000] {processor.py:176} INFO - Processing /home/airflow/.local/lib/python3.7/site-packages/airflow/example_dags/example_xcomargs.py took 0.189 seconds
[2024-08-05T12:01:37.742+0000] {processor.py:154} INFO - Started process (PID=211) to work on /home/airflow/.local/lib/python3.7/site-packages/airflow/example_dags/example_xcomargs.py
[2024-08-05T12:01:37.745+0000] {processor.py:756} INFO - Processing file /home/airflow/.local/lib/python3.7/site-packages/airflow/example_dags/example_xcomargs.py for tasks to queue
[2024-08-05T12:01:37.748+0000] {logging_mixin.py:120} INFO - [2024-08-05T12:01:37.748+0000] {dagbag.py:537} INFO - Filling up the DagBag from /home/airflow/.local/lib/python3.7/site-packages/airflow/example_dags/example_xcomargs.py
[2024-08-05T12:01:37.798+0000] {processor.py:766} INFO - DAG(s) dict_keys(['example_xcom_args_with_operators', 'example_xcom_args']) retrieved from /home/airflow/.local/lib/python3.7/site-packages/airflow/example_dags/example_xcomargs.py
[2024-08-05T12:01:37.880+0000] {logging_mixin.py:120} INFO - [2024-08-05T12:01:37.880+0000] {dag.py:2585} INFO - Sync 2 DAGs
[2024-08-05T12:01:37.939+0000] {logging_mixin.py:120} INFO - [2024-08-05T12:01:37.939+0000] {dag.py:3340} INFO - Setting next_dagrun for example_xcom_args to None, run_after=None
[2024-08-05T12:01:37.950+0000] {logging_mixin.py:120} INFO - [2024-08-05T12:01:37.950+0000] {dag.py:3340} INFO - Setting next_dagrun for example_xcom_args_with_operators to None, run_after=None
[2024-08-05T12:01:37.994+0000] {processor.py:176} INFO - Processing /home/airflow/.local/lib/python3.7/site-packages/airflow/example_dags/example_xcomargs.py took 0.257 seconds
[2024-08-05T12:02:11.818+0000] {processor.py:154} INFO - Started process (PID=277) to work on /home/airflow/.local/lib/python3.7/site-packages/airflow/example_dags/example_xcomargs.py
[2024-08-05T12:02:11.820+0000] {processor.py:756} INFO - Processing file /home/airflow/.local/lib/python3.7/site-packages/airflow/example_dags/example_xcomargs.py for tasks to queue
[2024-08-05T12:02:11.823+0000] {logging_mixin.py:120} INFO - [2024-08-05T12:02:11.823+0000] {dagbag.py:537} INFO - Filling up the DagBag from /home/airflow/.local/lib/python3.7/site-packages/airflow/example_dags/example_xcomargs.py
[2024-08-05T12:02:11.952+0000] {processor.py:766} INFO - DAG(s) dict_keys(['example_xcom_args', 'example_xcom_args_with_operators']) retrieved from /home/airflow/.local/lib/python3.7/site-packages/airflow/example_dags/example_xcomargs.py
[2024-08-05T12:02:12.231+0000] {logging_mixin.py:120} INFO - [2024-08-05T12:02:12.229+0000] {dag.py:2585} INFO - Sync 2 DAGs
[2024-08-05T12:02:12.329+0000] {logging_mixin.py:120} INFO - [2024-08-05T12:02:12.329+0000] {dag.py:3340} INFO - Setting next_dagrun for example_xcom_args to None, run_after=None
[2024-08-05T12:02:12.350+0000] {logging_mixin.py:120} INFO - [2024-08-05T12:02:12.350+0000] {dag.py:3340} INFO - Setting next_dagrun for example_xcom_args_with_operators to None, run_after=None
[2024-08-05T12:02:12.431+0000] {processor.py:176} INFO - Processing /home/airflow/.local/lib/python3.7/site-packages/airflow/example_dags/example_xcomargs.py took 0.624 seconds
[2024-08-05T12:02:42.795+0000] {processor.py:154} INFO - Started process (PID=336) to work on /home/airflow/.local/lib/python3.7/site-packages/airflow/example_dags/example_xcomargs.py
[2024-08-05T12:02:42.798+0000] {processor.py:756} INFO - Processing file /home/airflow/.local/lib/python3.7/site-packages/airflow/example_dags/example_xcomargs.py for tasks to queue
[2024-08-05T12:02:42.800+0000] {logging_mixin.py:120} INFO - [2024-08-05T12:02:42.800+0000] {dagbag.py:537} INFO - Filling up the DagBag from /home/airflow/.local/lib/python3.7/site-packages/airflow/example_dags/example_xcomargs.py
[2024-08-05T12:02:42.868+0000] {processor.py:766} INFO - DAG(s) dict_keys(['example_xcom_args_with_operators', 'example_xcom_args']) retrieved from /home/airflow/.local/lib/python3.7/site-packages/airflow/example_dags/example_xcomargs.py
[2024-08-05T12:02:42.961+0000] {logging_mixin.py:120} INFO - [2024-08-05T12:02:42.961+0000] {dag.py:2585} INFO - Sync 2 DAGs
[2024-08-05T12:02:42.993+0000] {logging_mixin.py:120} INFO - [2024-08-05T12:02:42.993+0000] {dag.py:3340} INFO - Setting next_dagrun for example_xcom_args to None, run_after=None
[2024-08-05T12:02:42.999+0000] {logging_mixin.py:120} INFO - [2024-08-05T12:02:42.998+0000] {dag.py:3340} INFO - Setting next_dagrun for example_xcom_args_with_operators to None, run_after=None
[2024-08-05T12:02:43.028+0000] {processor.py:176} INFO - Processing /home/airflow/.local/lib/python3.7/site-packages/airflow/example_dags/example_xcomargs.py took 0.244 seconds
[2024-08-05T12:03:13.904+0000] {processor.py:154} INFO - Started process (PID=403) to work on /home/airflow/.local/lib/python3.7/site-packages/airflow/example_dags/example_xcomargs.py
[2024-08-05T12:03:13.906+0000] {processor.py:756} INFO - Processing file /home/airflow/.local/lib/python3.7/site-packages/airflow/example_dags/example_xcomargs.py for tasks to queue
[2024-08-05T12:03:13.910+0000] {logging_mixin.py:120} INFO - [2024-08-05T12:03:13.910+0000] {dagbag.py:537} INFO - Filling up the DagBag from /home/airflow/.local/lib/python3.7/site-packages/airflow/example_dags/example_xcomargs.py
[2024-08-05T12:03:13.982+0000] {processor.py:766} INFO - DAG(s) dict_keys(['example_xcom_args', 'example_xcom_args_with_operators']) retrieved from /home/airflow/.local/lib/python3.7/site-packages/airflow/example_dags/example_xcomargs.py
[2024-08-05T12:03:14.119+0000] {logging_mixin.py:120} INFO - [2024-08-05T12:03:14.119+0000] {dag.py:2585} INFO - Sync 2 DAGs
[2024-08-05T12:03:14.208+0000] {logging_mixin.py:120} INFO - [2024-08-05T12:03:14.207+0000] {dag.py:3340} INFO - Setting next_dagrun for example_xcom_args to None, run_after=None
[2024-08-05T12:03:14.219+0000] {logging_mixin.py:120} INFO - [2024-08-05T12:03:14.219+0000] {dag.py:3340} INFO - Setting next_dagrun for example_xcom_args_with_operators to None, run_after=None
[2024-08-05T12:03:14.296+0000] {processor.py:176} INFO - Processing /home/airflow/.local/lib/python3.7/site-packages/airflow/example_dags/example_xcomargs.py took 0.398 seconds
[2024-08-05T12:03:45.154+0000] {processor.py:154} INFO - Started process (PID=461) to work on /home/airflow/.local/lib/python3.7/site-packages/airflow/example_dags/example_xcomargs.py
[2024-08-05T12:03:45.155+0000] {processor.py:756} INFO - Processing file /home/airflow/.local/lib/python3.7/site-packages/airflow/example_dags/example_xcomargs.py for tasks to queue
[2024-08-05T12:03:45.157+0000] {logging_mixin.py:120} INFO - [2024-08-05T12:03:45.156+0000] {dagbag.py:537} INFO - Filling up the DagBag from /home/airflow/.local/lib/python3.7/site-packages/airflow/example_dags/example_xcomargs.py
[2024-08-05T12:03:45.184+0000] {processor.py:766} INFO - DAG(s) dict_keys(['example_xcom_args', 'example_xcom_args_with_operators']) retrieved from /home/airflow/.local/lib/python3.7/site-packages/airflow/example_dags/example_xcomargs.py
[2024-08-05T12:03:45.228+0000] {logging_mixin.py:120} INFO - [2024-08-05T12:03:45.228+0000] {dag.py:2585} INFO - Sync 2 DAGs
[2024-08-05T12:03:45.252+0000] {logging_mixin.py:120} INFO - [2024-08-05T12:03:45.251+0000] {dag.py:3340} INFO - Setting next_dagrun for example_xcom_args to None, run_after=None
[2024-08-05T12:03:45.256+0000] {logging_mixin.py:120} INFO - [2024-08-05T12:03:45.256+0000] {dag.py:3340} INFO - Setting next_dagrun for example_xcom_args_with_operators to None, run_after=None
[2024-08-05T12:03:45.293+0000] {processor.py:176} INFO - Processing /home/airflow/.local/lib/python3.7/site-packages/airflow/example_dags/example_xcomargs.py took 0.144 seconds
[2024-08-05T12:04:15.576+0000] {processor.py:154} INFO - Started process (PID=528) to work on /home/airflow/.local/lib/python3.7/site-packages/airflow/example_dags/example_xcomargs.py
[2024-08-05T12:04:15.578+0000] {processor.py:756} INFO - Processing file /home/airflow/.local/lib/python3.7/site-packages/airflow/example_dags/example_xcomargs.py for tasks to queue
[2024-08-05T12:04:15.589+0000] {logging_mixin.py:120} INFO - [2024-08-05T12:04:15.588+0000] {dagbag.py:537} INFO - Filling up the DagBag from /home/airflow/.local/lib/python3.7/site-packages/airflow/example_dags/example_xcomargs.py
[2024-08-05T12:04:15.642+0000] {processor.py:766} INFO - DAG(s) dict_keys(['example_xcom_args_with_operators', 'example_xcom_args']) retrieved from /home/airflow/.local/lib/python3.7/site-packages/airflow/example_dags/example_xcomargs.py
[2024-08-05T12:04:15.714+0000] {logging_mixin.py:120} INFO - [2024-08-05T12:04:15.714+0000] {dag.py:2585} INFO - Sync 2 DAGs
[2024-08-05T12:04:15.750+0000] {logging_mixin.py:120} INFO - [2024-08-05T12:04:15.750+0000] {dag.py:3340} INFO - Setting next_dagrun for example_xcom_args to None, run_after=None
[2024-08-05T12:04:15.757+0000] {logging_mixin.py:120} INFO - [2024-08-05T12:04:15.757+0000] {dag.py:3340} INFO - Setting next_dagrun for example_xcom_args_with_operators to None, run_after=None
[2024-08-05T12:04:15.796+0000] {processor.py:176} INFO - Processing /home/airflow/.local/lib/python3.7/site-packages/airflow/example_dags/example_xcomargs.py took 0.225 seconds
[2024-08-05T12:04:46.633+0000] {processor.py:154} INFO - Started process (PID=595) to work on /home/airflow/.local/lib/python3.7/site-packages/airflow/example_dags/example_xcomargs.py
[2024-08-05T12:04:46.635+0000] {processor.py:756} INFO - Processing file /home/airflow/.local/lib/python3.7/site-packages/airflow/example_dags/example_xcomargs.py for tasks to queue
[2024-08-05T12:04:46.637+0000] {logging_mixin.py:120} INFO - [2024-08-05T12:04:46.636+0000] {dagbag.py:537} INFO - Filling up the DagBag from /home/airflow/.local/lib/python3.7/site-packages/airflow/example_dags/example_xcomargs.py
[2024-08-05T12:04:46.671+0000] {processor.py:766} INFO - DAG(s) dict_keys(['example_xcom_args', 'example_xcom_args_with_operators']) retrieved from /home/airflow/.local/lib/python3.7/site-packages/airflow/example_dags/example_xcomargs.py
[2024-08-05T12:04:46.720+0000] {logging_mixin.py:120} INFO - [2024-08-05T12:04:46.720+0000] {dag.py:2585} INFO - Sync 2 DAGs
[2024-08-05T12:04:46.746+0000] {logging_mixin.py:120} INFO - [2024-08-05T12:04:46.746+0000] {dag.py:3340} INFO - Setting next_dagrun for example_xcom_args to None, run_after=None
[2024-08-05T12:04:46.750+0000] {logging_mixin.py:120} INFO - [2024-08-05T12:04:46.749+0000] {dag.py:3340} INFO - Setting next_dagrun for example_xcom_args_with_operators to None, run_after=None
[2024-08-05T12:04:46.775+0000] {processor.py:176} INFO - Processing /home/airflow/.local/lib/python3.7/site-packages/airflow/example_dags/example_xcomargs.py took 0.145 seconds
[2024-08-05T12:05:17.816+0000] {processor.py:154} INFO - Started process (PID=653) to work on /home/airflow/.local/lib/python3.7/site-packages/airflow/example_dags/example_xcomargs.py
[2024-08-05T12:05:17.817+0000] {processor.py:756} INFO - Processing file /home/airflow/.local/lib/python3.7/site-packages/airflow/example_dags/example_xcomargs.py for tasks to queue
[2024-08-05T12:05:17.818+0000] {logging_mixin.py:120} INFO - [2024-08-05T12:05:17.818+0000] {dagbag.py:537} INFO - Filling up the DagBag from /home/airflow/.local/lib/python3.7/site-packages/airflow/example_dags/example_xcomargs.py
[2024-08-05T12:05:17.855+0000] {processor.py:766} INFO - DAG(s) dict_keys(['example_xcom_args_with_operators', 'example_xcom_args']) retrieved from /home/airflow/.local/lib/python3.7/site-packages/airflow/example_dags/example_xcomargs.py
[2024-08-05T12:05:17.912+0000] {logging_mixin.py:120} INFO - [2024-08-05T12:05:17.912+0000] {dag.py:2585} INFO - Sync 2 DAGs
[2024-08-05T12:05:17.949+0000] {logging_mixin.py:120} INFO - [2024-08-05T12:05:17.949+0000] {dag.py:3340} INFO - Setting next_dagrun for example_xcom_args to None, run_after=None
[2024-08-05T12:05:17.956+0000] {logging_mixin.py:120} INFO - [2024-08-05T12:05:17.956+0000] {dag.py:3340} INFO - Setting next_dagrun for example_xcom_args_with_operators to None, run_after=None
[2024-08-05T12:05:17.994+0000] {processor.py:176} INFO - Processing /home/airflow/.local/lib/python3.7/site-packages/airflow/example_dags/example_xcomargs.py took 0.181 seconds
[2024-08-05T12:05:48.553+0000] {processor.py:154} INFO - Started process (PID=720) to work on /home/airflow/.local/lib/python3.7/site-packages/airflow/example_dags/example_xcomargs.py
[2024-08-05T12:05:48.555+0000] {processor.py:756} INFO - Processing file /home/airflow/.local/lib/python3.7/site-packages/airflow/example_dags/example_xcomargs.py for tasks to queue
[2024-08-05T12:05:48.557+0000] {logging_mixin.py:120} INFO - [2024-08-05T12:05:48.557+0000] {dagbag.py:537} INFO - Filling up the DagBag from /home/airflow/.local/lib/python3.7/site-packages/airflow/example_dags/example_xcomargs.py
[2024-08-05T12:05:48.594+0000] {processor.py:766} INFO - DAG(s) dict_keys(['example_xcom_args_with_operators', 'example_xcom_args']) retrieved from /home/airflow/.local/lib/python3.7/site-packages/airflow/example_dags/example_xcomargs.py
[2024-08-05T12:05:48.662+0000] {logging_mixin.py:120} INFO - [2024-08-05T12:05:48.662+0000] {dag.py:2585} INFO - Sync 2 DAGs
[2024-08-05T12:05:48.701+0000] {logging_mixin.py:120} INFO - [2024-08-05T12:05:48.701+0000] {dag.py:3340} INFO - Setting next_dagrun for example_xcom_args to None, run_after=None
[2024-08-05T12:05:48.708+0000] {logging_mixin.py:120} INFO - [2024-08-05T12:05:48.707+0000] {dag.py:3340} INFO - Setting next_dagrun for example_xcom_args_with_operators to None, run_after=None
[2024-08-05T12:05:48.747+0000] {processor.py:176} INFO - Processing /home/airflow/.local/lib/python3.7/site-packages/airflow/example_dags/example_xcomargs.py took 0.199 seconds
