[2024-08-05T05:54:31.987+0000] {processor.py:154} INFO - Started process (PID=74) to work on /home/airflow/.local/lib/python3.7/site-packages/airflow/example_dags/example_branch_labels.py
[2024-08-05T05:54:31.996+0000] {processor.py:756} INFO - Processing file /home/airflow/.local/lib/python3.7/site-packages/airflow/example_dags/example_branch_labels.py for tasks to queue
[2024-08-05T05:54:32.014+0000] {logging_mixin.py:120} INFO - [2024-08-05T05:54:32.013+0000] {dagbag.py:537} INFO - Filling up the DagBag from /home/airflow/.local/lib/python3.7/site-packages/airflow/example_dags/example_branch_labels.py
[2024-08-05T05:54:32.048+0000] {processor.py:766} INFO - DAG(s) dict_keys(['example_branch_labels']) retrieved from /home/airflow/.local/lib/python3.7/site-packages/airflow/example_dags/example_branch_labels.py
[2024-08-05T05:54:32.117+0000] {logging_mixin.py:120} INFO - [2024-08-05T05:54:32.116+0000] {dag.py:2585} INFO - Sync 1 DAGs
[2024-08-05T05:54:32.172+0000] {logging_mixin.py:120} INFO - [2024-08-05T05:54:32.172+0000] {dag.py:3340} INFO - Setting next_dagrun for example_branch_labels to 2024-08-04T00:00:00+00:00, run_after=2024-08-05T00:00:00+00:00
[2024-08-05T05:54:32.207+0000] {processor.py:176} INFO - Processing /home/airflow/.local/lib/python3.7/site-packages/airflow/example_dags/example_branch_labels.py took 0.226 seconds
[2024-08-05T05:55:03.417+0000] {processor.py:154} INFO - Started process (PID=140) to work on /home/airflow/.local/lib/python3.7/site-packages/airflow/example_dags/example_branch_labels.py
[2024-08-05T05:55:03.419+0000] {processor.py:756} INFO - Processing file /home/airflow/.local/lib/python3.7/site-packages/airflow/example_dags/example_branch_labels.py for tasks to queue
[2024-08-05T05:55:03.421+0000] {logging_mixin.py:120} INFO - [2024-08-05T05:55:03.421+0000] {dagbag.py:537} INFO - Filling up the DagBag from /home/airflow/.local/lib/python3.7/site-packages/airflow/example_dags/example_branch_labels.py
[2024-08-05T05:55:03.448+0000] {processor.py:766} INFO - DAG(s) dict_keys(['example_branch_labels']) retrieved from /home/airflow/.local/lib/python3.7/site-packages/airflow/example_dags/example_branch_labels.py
[2024-08-05T05:55:03.519+0000] {logging_mixin.py:120} INFO - [2024-08-05T05:55:03.519+0000] {dag.py:2585} INFO - Sync 1 DAGs
[2024-08-05T05:55:03.571+0000] {logging_mixin.py:120} INFO - [2024-08-05T05:55:03.571+0000] {dag.py:3340} INFO - Setting next_dagrun for example_branch_labels to 2024-08-04T00:00:00+00:00, run_after=2024-08-05T00:00:00+00:00
[2024-08-05T05:55:03.598+0000] {processor.py:176} INFO - Processing /home/airflow/.local/lib/python3.7/site-packages/airflow/example_dags/example_branch_labels.py took 0.185 seconds
[2024-08-05T05:55:34.484+0000] {processor.py:154} INFO - Started process (PID=197) to work on /home/airflow/.local/lib/python3.7/site-packages/airflow/example_dags/example_branch_labels.py
[2024-08-05T05:55:34.486+0000] {processor.py:756} INFO - Processing file /home/airflow/.local/lib/python3.7/site-packages/airflow/example_dags/example_branch_labels.py for tasks to queue
[2024-08-05T05:55:34.488+0000] {logging_mixin.py:120} INFO - [2024-08-05T05:55:34.488+0000] {dagbag.py:537} INFO - Filling up the DagBag from /home/airflow/.local/lib/python3.7/site-packages/airflow/example_dags/example_branch_labels.py
[2024-08-05T05:55:34.504+0000] {processor.py:766} INFO - DAG(s) dict_keys(['example_branch_labels']) retrieved from /home/airflow/.local/lib/python3.7/site-packages/airflow/example_dags/example_branch_labels.py
[2024-08-05T05:55:34.556+0000] {logging_mixin.py:120} INFO - [2024-08-05T05:55:34.556+0000] {dag.py:2585} INFO - Sync 1 DAGs
[2024-08-05T05:55:34.581+0000] {logging_mixin.py:120} INFO - [2024-08-05T05:55:34.581+0000] {dag.py:3340} INFO - Setting next_dagrun for example_branch_labels to 2024-08-04T00:00:00+00:00, run_after=2024-08-05T00:00:00+00:00
[2024-08-05T05:55:34.604+0000] {processor.py:176} INFO - Processing /home/airflow/.local/lib/python3.7/site-packages/airflow/example_dags/example_branch_labels.py took 0.123 seconds
[2024-08-05T05:56:06.044+0000] {processor.py:154} INFO - Started process (PID=261) to work on /home/airflow/.local/lib/python3.7/site-packages/airflow/example_dags/example_branch_labels.py
[2024-08-05T05:56:06.046+0000] {processor.py:756} INFO - Processing file /home/airflow/.local/lib/python3.7/site-packages/airflow/example_dags/example_branch_labels.py for tasks to queue
[2024-08-05T05:56:06.047+0000] {logging_mixin.py:120} INFO - [2024-08-05T05:56:06.047+0000] {dagbag.py:537} INFO - Filling up the DagBag from /home/airflow/.local/lib/python3.7/site-packages/airflow/example_dags/example_branch_labels.py
[2024-08-05T05:56:06.069+0000] {processor.py:766} INFO - DAG(s) dict_keys(['example_branch_labels']) retrieved from /home/airflow/.local/lib/python3.7/site-packages/airflow/example_dags/example_branch_labels.py
[2024-08-05T05:56:06.137+0000] {logging_mixin.py:120} INFO - [2024-08-05T05:56:06.137+0000] {dag.py:2585} INFO - Sync 1 DAGs
[2024-08-05T05:56:06.178+0000] {logging_mixin.py:120} INFO - [2024-08-05T05:56:06.178+0000] {dag.py:3340} INFO - Setting next_dagrun for example_branch_labels to 2024-08-04T00:00:00+00:00, run_after=2024-08-05T00:00:00+00:00
[2024-08-05T05:56:06.215+0000] {processor.py:176} INFO - Processing /home/airflow/.local/lib/python3.7/site-packages/airflow/example_dags/example_branch_labels.py took 0.175 seconds
[2024-08-05T05:56:37.390+0000] {processor.py:154} INFO - Started process (PID=326) to work on /home/airflow/.local/lib/python3.7/site-packages/airflow/example_dags/example_branch_labels.py
[2024-08-05T05:56:37.392+0000] {processor.py:756} INFO - Processing file /home/airflow/.local/lib/python3.7/site-packages/airflow/example_dags/example_branch_labels.py for tasks to queue
[2024-08-05T05:56:37.393+0000] {logging_mixin.py:120} INFO - [2024-08-05T05:56:37.393+0000] {dagbag.py:537} INFO - Filling up the DagBag from /home/airflow/.local/lib/python3.7/site-packages/airflow/example_dags/example_branch_labels.py
[2024-08-05T05:56:37.412+0000] {processor.py:766} INFO - DAG(s) dict_keys(['example_branch_labels']) retrieved from /home/airflow/.local/lib/python3.7/site-packages/airflow/example_dags/example_branch_labels.py
[2024-08-05T05:56:37.476+0000] {logging_mixin.py:120} INFO - [2024-08-05T05:56:37.476+0000] {dag.py:2585} INFO - Sync 1 DAGs
[2024-08-05T05:56:37.506+0000] {logging_mixin.py:120} INFO - [2024-08-05T05:56:37.506+0000] {dag.py:3340} INFO - Setting next_dagrun for example_branch_labels to 2024-08-04T00:00:00+00:00, run_after=2024-08-05T00:00:00+00:00
[2024-08-05T05:56:37.542+0000] {processor.py:176} INFO - Processing /home/airflow/.local/lib/python3.7/site-packages/airflow/example_dags/example_branch_labels.py took 0.156 seconds
[2024-08-05T05:57:08.311+0000] {processor.py:154} INFO - Started process (PID=391) to work on /home/airflow/.local/lib/python3.7/site-packages/airflow/example_dags/example_branch_labels.py
[2024-08-05T05:57:08.312+0000] {processor.py:756} INFO - Processing file /home/airflow/.local/lib/python3.7/site-packages/airflow/example_dags/example_branch_labels.py for tasks to queue
[2024-08-05T05:57:08.314+0000] {logging_mixin.py:120} INFO - [2024-08-05T05:57:08.313+0000] {dagbag.py:537} INFO - Filling up the DagBag from /home/airflow/.local/lib/python3.7/site-packages/airflow/example_dags/example_branch_labels.py
[2024-08-05T05:57:08.332+0000] {processor.py:766} INFO - DAG(s) dict_keys(['example_branch_labels']) retrieved from /home/airflow/.local/lib/python3.7/site-packages/airflow/example_dags/example_branch_labels.py
[2024-08-05T05:57:08.376+0000] {logging_mixin.py:120} INFO - [2024-08-05T05:57:08.376+0000] {dag.py:2585} INFO - Sync 1 DAGs
[2024-08-05T05:57:08.408+0000] {logging_mixin.py:120} INFO - [2024-08-05T05:57:08.408+0000] {dag.py:3340} INFO - Setting next_dagrun for example_branch_labels to 2024-08-04T00:00:00+00:00, run_after=2024-08-05T00:00:00+00:00
[2024-08-05T05:57:08.437+0000] {processor.py:176} INFO - Processing /home/airflow/.local/lib/python3.7/site-packages/airflow/example_dags/example_branch_labels.py took 0.130 seconds
[2024-08-05T05:57:38.713+0000] {processor.py:154} INFO - Started process (PID=453) to work on /home/airflow/.local/lib/python3.7/site-packages/airflow/example_dags/example_branch_labels.py
[2024-08-05T05:57:38.714+0000] {processor.py:756} INFO - Processing file /home/airflow/.local/lib/python3.7/site-packages/airflow/example_dags/example_branch_labels.py for tasks to queue
[2024-08-05T05:57:38.715+0000] {logging_mixin.py:120} INFO - [2024-08-05T05:57:38.715+0000] {dagbag.py:537} INFO - Filling up the DagBag from /home/airflow/.local/lib/python3.7/site-packages/airflow/example_dags/example_branch_labels.py
[2024-08-05T05:57:38.725+0000] {processor.py:766} INFO - DAG(s) dict_keys(['example_branch_labels']) retrieved from /home/airflow/.local/lib/python3.7/site-packages/airflow/example_dags/example_branch_labels.py
[2024-08-05T05:57:38.757+0000] {logging_mixin.py:120} INFO - [2024-08-05T05:57:38.757+0000] {dag.py:2585} INFO - Sync 1 DAGs
[2024-08-05T05:57:38.780+0000] {logging_mixin.py:120} INFO - [2024-08-05T05:57:38.780+0000] {dag.py:3340} INFO - Setting next_dagrun for example_branch_labels to 2024-08-04T00:00:00+00:00, run_after=2024-08-05T00:00:00+00:00
[2024-08-05T05:57:38.800+0000] {processor.py:176} INFO - Processing /home/airflow/.local/lib/python3.7/site-packages/airflow/example_dags/example_branch_labels.py took 0.091 seconds
[2024-08-05T05:58:11.168+0000] {processor.py:154} INFO - Started process (PID=511) to work on /home/airflow/.local/lib/python3.7/site-packages/airflow/example_dags/example_branch_labels.py
[2024-08-05T05:58:11.170+0000] {processor.py:756} INFO - Processing file /home/airflow/.local/lib/python3.7/site-packages/airflow/example_dags/example_branch_labels.py for tasks to queue
[2024-08-05T05:58:11.171+0000] {logging_mixin.py:120} INFO - [2024-08-05T05:58:11.171+0000] {dagbag.py:537} INFO - Filling up the DagBag from /home/airflow/.local/lib/python3.7/site-packages/airflow/example_dags/example_branch_labels.py
[2024-08-05T05:58:11.182+0000] {processor.py:766} INFO - DAG(s) dict_keys(['example_branch_labels']) retrieved from /home/airflow/.local/lib/python3.7/site-packages/airflow/example_dags/example_branch_labels.py
[2024-08-05T05:58:11.213+0000] {logging_mixin.py:120} INFO - [2024-08-05T05:58:11.213+0000] {dag.py:2585} INFO - Sync 1 DAGs
[2024-08-05T05:58:11.230+0000] {logging_mixin.py:120} INFO - [2024-08-05T05:58:11.230+0000] {dag.py:3340} INFO - Setting next_dagrun for example_branch_labels to 2024-08-04T00:00:00+00:00, run_after=2024-08-05T00:00:00+00:00
[2024-08-05T05:58:11.245+0000] {processor.py:176} INFO - Processing /home/airflow/.local/lib/python3.7/site-packages/airflow/example_dags/example_branch_labels.py took 0.080 seconds
[2024-08-05T05:58:41.564+0000] {processor.py:154} INFO - Started process (PID=576) to work on /home/airflow/.local/lib/python3.7/site-packages/airflow/example_dags/example_branch_labels.py
[2024-08-05T05:58:41.565+0000] {processor.py:756} INFO - Processing file /home/airflow/.local/lib/python3.7/site-packages/airflow/example_dags/example_branch_labels.py for tasks to queue
[2024-08-05T05:58:41.566+0000] {logging_mixin.py:120} INFO - [2024-08-05T05:58:41.566+0000] {dagbag.py:537} INFO - Filling up the DagBag from /home/airflow/.local/lib/python3.7/site-packages/airflow/example_dags/example_branch_labels.py
[2024-08-05T05:58:41.577+0000] {processor.py:766} INFO - DAG(s) dict_keys(['example_branch_labels']) retrieved from /home/airflow/.local/lib/python3.7/site-packages/airflow/example_dags/example_branch_labels.py
[2024-08-05T05:58:41.607+0000] {logging_mixin.py:120} INFO - [2024-08-05T05:58:41.606+0000] {dag.py:2585} INFO - Sync 1 DAGs
[2024-08-05T05:58:41.625+0000] {logging_mixin.py:120} INFO - [2024-08-05T05:58:41.625+0000] {dag.py:3340} INFO - Setting next_dagrun for example_branch_labels to 2024-08-04T00:00:00+00:00, run_after=2024-08-05T00:00:00+00:00
[2024-08-05T05:58:41.642+0000] {processor.py:176} INFO - Processing /home/airflow/.local/lib/python3.7/site-packages/airflow/example_dags/example_branch_labels.py took 0.080 seconds
[2024-08-05T05:59:12.399+0000] {processor.py:154} INFO - Started process (PID=642) to work on /home/airflow/.local/lib/python3.7/site-packages/airflow/example_dags/example_branch_labels.py
[2024-08-05T05:59:12.400+0000] {processor.py:756} INFO - Processing file /home/airflow/.local/lib/python3.7/site-packages/airflow/example_dags/example_branch_labels.py for tasks to queue
[2024-08-05T05:59:12.402+0000] {logging_mixin.py:120} INFO - [2024-08-05T05:59:12.402+0000] {dagbag.py:537} INFO - Filling up the DagBag from /home/airflow/.local/lib/python3.7/site-packages/airflow/example_dags/example_branch_labels.py
[2024-08-05T05:59:12.415+0000] {processor.py:766} INFO - DAG(s) dict_keys(['example_branch_labels']) retrieved from /home/airflow/.local/lib/python3.7/site-packages/airflow/example_dags/example_branch_labels.py
[2024-08-05T05:59:12.453+0000] {logging_mixin.py:120} INFO - [2024-08-05T05:59:12.453+0000] {dag.py:2585} INFO - Sync 1 DAGs
[2024-08-05T05:59:12.478+0000] {logging_mixin.py:120} INFO - [2024-08-05T05:59:12.478+0000] {dag.py:3340} INFO - Setting next_dagrun for example_branch_labels to 2024-08-04T00:00:00+00:00, run_after=2024-08-05T00:00:00+00:00
[2024-08-05T05:59:12.507+0000] {processor.py:176} INFO - Processing /home/airflow/.local/lib/python3.7/site-packages/airflow/example_dags/example_branch_labels.py took 0.110 seconds
[2024-08-05T05:59:43.113+0000] {processor.py:154} INFO - Started process (PID=711) to work on /home/airflow/.local/lib/python3.7/site-packages/airflow/example_dags/example_branch_labels.py
[2024-08-05T05:59:43.114+0000] {processor.py:756} INFO - Processing file /home/airflow/.local/lib/python3.7/site-packages/airflow/example_dags/example_branch_labels.py for tasks to queue
[2024-08-05T05:59:43.116+0000] {logging_mixin.py:120} INFO - [2024-08-05T05:59:43.115+0000] {dagbag.py:537} INFO - Filling up the DagBag from /home/airflow/.local/lib/python3.7/site-packages/airflow/example_dags/example_branch_labels.py
[2024-08-05T05:59:43.129+0000] {processor.py:766} INFO - DAG(s) dict_keys(['example_branch_labels']) retrieved from /home/airflow/.local/lib/python3.7/site-packages/airflow/example_dags/example_branch_labels.py
[2024-08-05T05:59:43.172+0000] {logging_mixin.py:120} INFO - [2024-08-05T05:59:43.171+0000] {dag.py:2585} INFO - Sync 1 DAGs
[2024-08-05T05:59:43.199+0000] {logging_mixin.py:120} INFO - [2024-08-05T05:59:43.199+0000] {dag.py:3340} INFO - Setting next_dagrun for example_branch_labels to 2024-08-04T00:00:00+00:00, run_after=2024-08-05T00:00:00+00:00
[2024-08-05T05:59:43.218+0000] {processor.py:176} INFO - Processing /home/airflow/.local/lib/python3.7/site-packages/airflow/example_dags/example_branch_labels.py took 0.109 seconds
[2024-08-05T06:00:13.714+0000] {processor.py:154} INFO - Started process (PID=769) to work on /home/airflow/.local/lib/python3.7/site-packages/airflow/example_dags/example_branch_labels.py
[2024-08-05T06:00:13.716+0000] {processor.py:756} INFO - Processing file /home/airflow/.local/lib/python3.7/site-packages/airflow/example_dags/example_branch_labels.py for tasks to queue
[2024-08-05T06:00:13.718+0000] {logging_mixin.py:120} INFO - [2024-08-05T06:00:13.717+0000] {dagbag.py:537} INFO - Filling up the DagBag from /home/airflow/.local/lib/python3.7/site-packages/airflow/example_dags/example_branch_labels.py
[2024-08-05T06:00:13.735+0000] {processor.py:766} INFO - DAG(s) dict_keys(['example_branch_labels']) retrieved from /home/airflow/.local/lib/python3.7/site-packages/airflow/example_dags/example_branch_labels.py
[2024-08-05T06:00:13.778+0000] {logging_mixin.py:120} INFO - [2024-08-05T06:00:13.778+0000] {dag.py:2585} INFO - Sync 1 DAGs
[2024-08-05T06:00:13.802+0000] {logging_mixin.py:120} INFO - [2024-08-05T06:00:13.802+0000] {dag.py:3340} INFO - Setting next_dagrun for example_branch_labels to 2024-08-04T00:00:00+00:00, run_after=2024-08-05T00:00:00+00:00
[2024-08-05T06:00:13.826+0000] {processor.py:176} INFO - Processing /home/airflow/.local/lib/python3.7/site-packages/airflow/example_dags/example_branch_labels.py took 0.116 seconds
[2024-08-05T06:00:44.580+0000] {processor.py:154} INFO - Started process (PID=837) to work on /home/airflow/.local/lib/python3.7/site-packages/airflow/example_dags/example_branch_labels.py
[2024-08-05T06:00:44.584+0000] {processor.py:756} INFO - Processing file /home/airflow/.local/lib/python3.7/site-packages/airflow/example_dags/example_branch_labels.py for tasks to queue
[2024-08-05T06:00:44.586+0000] {logging_mixin.py:120} INFO - [2024-08-05T06:00:44.586+0000] {dagbag.py:537} INFO - Filling up the DagBag from /home/airflow/.local/lib/python3.7/site-packages/airflow/example_dags/example_branch_labels.py
[2024-08-05T06:00:44.613+0000] {processor.py:766} INFO - DAG(s) dict_keys(['example_branch_labels']) retrieved from /home/airflow/.local/lib/python3.7/site-packages/airflow/example_dags/example_branch_labels.py
[2024-08-05T06:00:44.676+0000] {logging_mixin.py:120} INFO - [2024-08-05T06:00:44.676+0000] {dag.py:2585} INFO - Sync 1 DAGs
[2024-08-05T06:00:44.725+0000] {logging_mixin.py:120} INFO - [2024-08-05T06:00:44.725+0000] {dag.py:3340} INFO - Setting next_dagrun for example_branch_labels to 2024-08-04T00:00:00+00:00, run_after=2024-08-05T00:00:00+00:00
[2024-08-05T06:00:44.762+0000] {processor.py:176} INFO - Processing /home/airflow/.local/lib/python3.7/site-packages/airflow/example_dags/example_branch_labels.py took 0.187 seconds
[2024-08-05T06:01:14.843+0000] {processor.py:154} INFO - Started process (PID=902) to work on /home/airflow/.local/lib/python3.7/site-packages/airflow/example_dags/example_branch_labels.py
[2024-08-05T06:01:14.845+0000] {processor.py:756} INFO - Processing file /home/airflow/.local/lib/python3.7/site-packages/airflow/example_dags/example_branch_labels.py for tasks to queue
[2024-08-05T06:01:14.845+0000] {logging_mixin.py:120} INFO - [2024-08-05T06:01:14.845+0000] {dagbag.py:537} INFO - Filling up the DagBag from /home/airflow/.local/lib/python3.7/site-packages/airflow/example_dags/example_branch_labels.py
[2024-08-05T06:01:14.867+0000] {processor.py:766} INFO - DAG(s) dict_keys(['example_branch_labels']) retrieved from /home/airflow/.local/lib/python3.7/site-packages/airflow/example_dags/example_branch_labels.py
[2024-08-05T06:01:14.911+0000] {logging_mixin.py:120} INFO - [2024-08-05T06:01:14.911+0000] {dag.py:2585} INFO - Sync 1 DAGs
[2024-08-05T06:01:14.942+0000] {logging_mixin.py:120} INFO - [2024-08-05T06:01:14.942+0000] {dag.py:3340} INFO - Setting next_dagrun for example_branch_labels to 2024-08-04T00:00:00+00:00, run_after=2024-08-05T00:00:00+00:00
[2024-08-05T06:01:14.976+0000] {processor.py:176} INFO - Processing /home/airflow/.local/lib/python3.7/site-packages/airflow/example_dags/example_branch_labels.py took 0.138 seconds
[2024-08-05T06:01:45.366+0000] {processor.py:154} INFO - Started process (PID=970) to work on /home/airflow/.local/lib/python3.7/site-packages/airflow/example_dags/example_branch_labels.py
[2024-08-05T06:01:45.368+0000] {processor.py:756} INFO - Processing file /home/airflow/.local/lib/python3.7/site-packages/airflow/example_dags/example_branch_labels.py for tasks to queue
[2024-08-05T06:01:45.369+0000] {logging_mixin.py:120} INFO - [2024-08-05T06:01:45.369+0000] {dagbag.py:537} INFO - Filling up the DagBag from /home/airflow/.local/lib/python3.7/site-packages/airflow/example_dags/example_branch_labels.py
[2024-08-05T06:01:45.397+0000] {processor.py:766} INFO - DAG(s) dict_keys(['example_branch_labels']) retrieved from /home/airflow/.local/lib/python3.7/site-packages/airflow/example_dags/example_branch_labels.py
[2024-08-05T06:01:45.457+0000] {logging_mixin.py:120} INFO - [2024-08-05T06:01:45.456+0000] {dag.py:2585} INFO - Sync 1 DAGs
[2024-08-05T06:01:45.495+0000] {logging_mixin.py:120} INFO - [2024-08-05T06:01:45.495+0000] {dag.py:3340} INFO - Setting next_dagrun for example_branch_labels to 2024-08-04T00:00:00+00:00, run_after=2024-08-05T00:00:00+00:00
[2024-08-05T06:01:45.525+0000] {processor.py:176} INFO - Processing /home/airflow/.local/lib/python3.7/site-packages/airflow/example_dags/example_branch_labels.py took 0.164 seconds
[2024-08-05T06:02:16.168+0000] {processor.py:154} INFO - Started process (PID=1028) to work on /home/airflow/.local/lib/python3.7/site-packages/airflow/example_dags/example_branch_labels.py
[2024-08-05T06:02:16.170+0000] {processor.py:756} INFO - Processing file /home/airflow/.local/lib/python3.7/site-packages/airflow/example_dags/example_branch_labels.py for tasks to queue
[2024-08-05T06:02:16.171+0000] {logging_mixin.py:120} INFO - [2024-08-05T06:02:16.171+0000] {dagbag.py:537} INFO - Filling up the DagBag from /home/airflow/.local/lib/python3.7/site-packages/airflow/example_dags/example_branch_labels.py
[2024-08-05T06:02:16.192+0000] {processor.py:766} INFO - DAG(s) dict_keys(['example_branch_labels']) retrieved from /home/airflow/.local/lib/python3.7/site-packages/airflow/example_dags/example_branch_labels.py
[2024-08-05T06:02:16.245+0000] {logging_mixin.py:120} INFO - [2024-08-05T06:02:16.245+0000] {dag.py:2585} INFO - Sync 1 DAGs
[2024-08-05T06:02:16.276+0000] {logging_mixin.py:120} INFO - [2024-08-05T06:02:16.276+0000] {dag.py:3340} INFO - Setting next_dagrun for example_branch_labels to 2024-08-04T00:00:00+00:00, run_after=2024-08-05T00:00:00+00:00
[2024-08-05T06:02:16.310+0000] {processor.py:176} INFO - Processing /home/airflow/.local/lib/python3.7/site-packages/airflow/example_dags/example_branch_labels.py took 0.146 seconds
[2024-08-05T06:02:47.086+0000] {processor.py:154} INFO - Started process (PID=1095) to work on /home/airflow/.local/lib/python3.7/site-packages/airflow/example_dags/example_branch_labels.py
[2024-08-05T06:02:47.087+0000] {processor.py:756} INFO - Processing file /home/airflow/.local/lib/python3.7/site-packages/airflow/example_dags/example_branch_labels.py for tasks to queue
[2024-08-05T06:02:47.089+0000] {logging_mixin.py:120} INFO - [2024-08-05T06:02:47.089+0000] {dagbag.py:537} INFO - Filling up the DagBag from /home/airflow/.local/lib/python3.7/site-packages/airflow/example_dags/example_branch_labels.py
[2024-08-05T06:02:47.108+0000] {processor.py:766} INFO - DAG(s) dict_keys(['example_branch_labels']) retrieved from /home/airflow/.local/lib/python3.7/site-packages/airflow/example_dags/example_branch_labels.py
[2024-08-05T06:02:47.163+0000] {logging_mixin.py:120} INFO - [2024-08-05T06:02:47.162+0000] {dag.py:2585} INFO - Sync 1 DAGs
[2024-08-05T06:02:47.197+0000] {logging_mixin.py:120} INFO - [2024-08-05T06:02:47.197+0000] {dag.py:3340} INFO - Setting next_dagrun for example_branch_labels to 2024-08-04T00:00:00+00:00, run_after=2024-08-05T00:00:00+00:00
[2024-08-05T06:02:47.226+0000] {processor.py:176} INFO - Processing /home/airflow/.local/lib/python3.7/site-packages/airflow/example_dags/example_branch_labels.py took 0.144 seconds
[2024-08-05T06:03:17.694+0000] {processor.py:154} INFO - Started process (PID=1163) to work on /home/airflow/.local/lib/python3.7/site-packages/airflow/example_dags/example_branch_labels.py
[2024-08-05T06:03:17.695+0000] {processor.py:756} INFO - Processing file /home/airflow/.local/lib/python3.7/site-packages/airflow/example_dags/example_branch_labels.py for tasks to queue
[2024-08-05T06:03:17.696+0000] {logging_mixin.py:120} INFO - [2024-08-05T06:03:17.696+0000] {dagbag.py:537} INFO - Filling up the DagBag from /home/airflow/.local/lib/python3.7/site-packages/airflow/example_dags/example_branch_labels.py
[2024-08-05T06:03:17.713+0000] {processor.py:766} INFO - DAG(s) dict_keys(['example_branch_labels']) retrieved from /home/airflow/.local/lib/python3.7/site-packages/airflow/example_dags/example_branch_labels.py
[2024-08-05T06:03:17.758+0000] {logging_mixin.py:120} INFO - [2024-08-05T06:03:17.757+0000] {dag.py:2585} INFO - Sync 1 DAGs
[2024-08-05T06:03:17.785+0000] {logging_mixin.py:120} INFO - [2024-08-05T06:03:17.785+0000] {dag.py:3340} INFO - Setting next_dagrun for example_branch_labels to 2024-08-04T00:00:00+00:00, run_after=2024-08-05T00:00:00+00:00
[2024-08-05T06:03:17.811+0000] {processor.py:176} INFO - Processing /home/airflow/.local/lib/python3.7/site-packages/airflow/example_dags/example_branch_labels.py took 0.120 seconds
[2024-08-05T06:03:48.141+0000] {processor.py:154} INFO - Started process (PID=1220) to work on /home/airflow/.local/lib/python3.7/site-packages/airflow/example_dags/example_branch_labels.py
[2024-08-05T06:03:48.143+0000] {processor.py:756} INFO - Processing file /home/airflow/.local/lib/python3.7/site-packages/airflow/example_dags/example_branch_labels.py for tasks to queue
[2024-08-05T06:03:48.146+0000] {logging_mixin.py:120} INFO - [2024-08-05T06:03:48.146+0000] {dagbag.py:537} INFO - Filling up the DagBag from /home/airflow/.local/lib/python3.7/site-packages/airflow/example_dags/example_branch_labels.py
[2024-08-05T06:03:48.185+0000] {processor.py:766} INFO - DAG(s) dict_keys(['example_branch_labels']) retrieved from /home/airflow/.local/lib/python3.7/site-packages/airflow/example_dags/example_branch_labels.py
[2024-08-05T06:03:48.269+0000] {logging_mixin.py:120} INFO - [2024-08-05T06:03:48.269+0000] {dag.py:2585} INFO - Sync 1 DAGs
[2024-08-05T06:03:48.323+0000] {logging_mixin.py:120} INFO - [2024-08-05T06:03:48.323+0000] {dag.py:3340} INFO - Setting next_dagrun for example_branch_labels to 2024-08-04T00:00:00+00:00, run_after=2024-08-05T00:00:00+00:00
[2024-08-05T06:03:48.355+0000] {processor.py:176} INFO - Processing /home/airflow/.local/lib/python3.7/site-packages/airflow/example_dags/example_branch_labels.py took 0.221 seconds
[2024-08-05T06:04:18.703+0000] {processor.py:154} INFO - Started process (PID=1287) to work on /home/airflow/.local/lib/python3.7/site-packages/airflow/example_dags/example_branch_labels.py
[2024-08-05T06:04:18.705+0000] {processor.py:756} INFO - Processing file /home/airflow/.local/lib/python3.7/site-packages/airflow/example_dags/example_branch_labels.py for tasks to queue
[2024-08-05T06:04:18.706+0000] {logging_mixin.py:120} INFO - [2024-08-05T06:04:18.706+0000] {dagbag.py:537} INFO - Filling up the DagBag from /home/airflow/.local/lib/python3.7/site-packages/airflow/example_dags/example_branch_labels.py
[2024-08-05T06:04:18.722+0000] {processor.py:766} INFO - DAG(s) dict_keys(['example_branch_labels']) retrieved from /home/airflow/.local/lib/python3.7/site-packages/airflow/example_dags/example_branch_labels.py
[2024-08-05T06:04:18.837+0000] {logging_mixin.py:120} INFO - [2024-08-05T06:04:18.837+0000] {dag.py:2585} INFO - Sync 1 DAGs
[2024-08-05T06:04:18.922+0000] {logging_mixin.py:120} INFO - [2024-08-05T06:04:18.921+0000] {dag.py:3340} INFO - Setting next_dagrun for example_branch_labels to 2024-08-04T00:00:00+00:00, run_after=2024-08-05T00:00:00+00:00
[2024-08-05T06:04:18.943+0000] {processor.py:176} INFO - Processing /home/airflow/.local/lib/python3.7/site-packages/airflow/example_dags/example_branch_labels.py took 0.244 seconds
[2024-08-05T06:04:49.047+0000] {processor.py:154} INFO - Started process (PID=1354) to work on /home/airflow/.local/lib/python3.7/site-packages/airflow/example_dags/example_branch_labels.py
[2024-08-05T06:04:49.048+0000] {processor.py:756} INFO - Processing file /home/airflow/.local/lib/python3.7/site-packages/airflow/example_dags/example_branch_labels.py for tasks to queue
[2024-08-05T06:04:49.049+0000] {logging_mixin.py:120} INFO - [2024-08-05T06:04:49.049+0000] {dagbag.py:537} INFO - Filling up the DagBag from /home/airflow/.local/lib/python3.7/site-packages/airflow/example_dags/example_branch_labels.py
[2024-08-05T06:04:49.067+0000] {processor.py:766} INFO - DAG(s) dict_keys(['example_branch_labels']) retrieved from /home/airflow/.local/lib/python3.7/site-packages/airflow/example_dags/example_branch_labels.py
[2024-08-05T06:04:49.142+0000] {logging_mixin.py:120} INFO - [2024-08-05T06:04:49.142+0000] {dag.py:2585} INFO - Sync 1 DAGs
[2024-08-05T06:04:49.178+0000] {logging_mixin.py:120} INFO - [2024-08-05T06:04:49.178+0000] {dag.py:3340} INFO - Setting next_dagrun for example_branch_labels to 2024-08-04T00:00:00+00:00, run_after=2024-08-05T00:00:00+00:00
[2024-08-05T06:04:49.218+0000] {processor.py:176} INFO - Processing /home/airflow/.local/lib/python3.7/site-packages/airflow/example_dags/example_branch_labels.py took 0.176 seconds
[2024-08-05T06:05:19.705+0000] {processor.py:154} INFO - Started process (PID=1419) to work on /home/airflow/.local/lib/python3.7/site-packages/airflow/example_dags/example_branch_labels.py
[2024-08-05T06:05:19.706+0000] {processor.py:756} INFO - Processing file /home/airflow/.local/lib/python3.7/site-packages/airflow/example_dags/example_branch_labels.py for tasks to queue
[2024-08-05T06:05:19.708+0000] {logging_mixin.py:120} INFO - [2024-08-05T06:05:19.708+0000] {dagbag.py:537} INFO - Filling up the DagBag from /home/airflow/.local/lib/python3.7/site-packages/airflow/example_dags/example_branch_labels.py
[2024-08-05T06:05:19.737+0000] {processor.py:766} INFO - DAG(s) dict_keys(['example_branch_labels']) retrieved from /home/airflow/.local/lib/python3.7/site-packages/airflow/example_dags/example_branch_labels.py
[2024-08-05T06:05:19.800+0000] {logging_mixin.py:120} INFO - [2024-08-05T06:05:19.799+0000] {dag.py:2585} INFO - Sync 1 DAGs
[2024-08-05T06:05:19.846+0000] {logging_mixin.py:120} INFO - [2024-08-05T06:05:19.846+0000] {dag.py:3340} INFO - Setting next_dagrun for example_branch_labels to 2024-08-04T00:00:00+00:00, run_after=2024-08-05T00:00:00+00:00
[2024-08-05T06:05:19.884+0000] {processor.py:176} INFO - Processing /home/airflow/.local/lib/python3.7/site-packages/airflow/example_dags/example_branch_labels.py took 0.185 seconds
[2024-08-05T06:05:51.185+0000] {processor.py:154} INFO - Started process (PID=1479) to work on /home/airflow/.local/lib/python3.7/site-packages/airflow/example_dags/example_branch_labels.py
[2024-08-05T06:05:51.187+0000] {processor.py:756} INFO - Processing file /home/airflow/.local/lib/python3.7/site-packages/airflow/example_dags/example_branch_labels.py for tasks to queue
[2024-08-05T06:05:51.189+0000] {logging_mixin.py:120} INFO - [2024-08-05T06:05:51.189+0000] {dagbag.py:537} INFO - Filling up the DagBag from /home/airflow/.local/lib/python3.7/site-packages/airflow/example_dags/example_branch_labels.py
[2024-08-05T06:05:51.207+0000] {processor.py:766} INFO - DAG(s) dict_keys(['example_branch_labels']) retrieved from /home/airflow/.local/lib/python3.7/site-packages/airflow/example_dags/example_branch_labels.py
[2024-08-05T06:05:51.253+0000] {logging_mixin.py:120} INFO - [2024-08-05T06:05:51.252+0000] {dag.py:2585} INFO - Sync 1 DAGs
[2024-08-05T06:05:51.285+0000] {logging_mixin.py:120} INFO - [2024-08-05T06:05:51.285+0000] {dag.py:3340} INFO - Setting next_dagrun for example_branch_labels to 2024-08-04T00:00:00+00:00, run_after=2024-08-05T00:00:00+00:00
[2024-08-05T06:05:51.313+0000] {processor.py:176} INFO - Processing /home/airflow/.local/lib/python3.7/site-packages/airflow/example_dags/example_branch_labels.py took 0.132 seconds
[2024-08-05T06:06:23.486+0000] {processor.py:154} INFO - Started process (PID=1546) to work on /home/airflow/.local/lib/python3.7/site-packages/airflow/example_dags/example_branch_labels.py
[2024-08-05T06:06:23.487+0000] {processor.py:756} INFO - Processing file /home/airflow/.local/lib/python3.7/site-packages/airflow/example_dags/example_branch_labels.py for tasks to queue
[2024-08-05T06:06:23.488+0000] {logging_mixin.py:120} INFO - [2024-08-05T06:06:23.488+0000] {dagbag.py:537} INFO - Filling up the DagBag from /home/airflow/.local/lib/python3.7/site-packages/airflow/example_dags/example_branch_labels.py
[2024-08-05T06:06:23.501+0000] {processor.py:766} INFO - DAG(s) dict_keys(['example_branch_labels']) retrieved from /home/airflow/.local/lib/python3.7/site-packages/airflow/example_dags/example_branch_labels.py
[2024-08-05T06:06:23.533+0000] {logging_mixin.py:120} INFO - [2024-08-05T06:06:23.533+0000] {dag.py:2585} INFO - Sync 1 DAGs
[2024-08-05T06:06:23.557+0000] {logging_mixin.py:120} INFO - [2024-08-05T06:06:23.556+0000] {dag.py:3340} INFO - Setting next_dagrun for example_branch_labels to 2024-08-04T00:00:00+00:00, run_after=2024-08-05T00:00:00+00:00
[2024-08-05T06:06:23.576+0000] {processor.py:176} INFO - Processing /home/airflow/.local/lib/python3.7/site-packages/airflow/example_dags/example_branch_labels.py took 0.093 seconds
[2024-08-05T06:06:54.503+0000] {processor.py:154} INFO - Started process (PID=1614) to work on /home/airflow/.local/lib/python3.7/site-packages/airflow/example_dags/example_branch_labels.py
[2024-08-05T06:06:54.504+0000] {processor.py:756} INFO - Processing file /home/airflow/.local/lib/python3.7/site-packages/airflow/example_dags/example_branch_labels.py for tasks to queue
[2024-08-05T06:06:54.505+0000] {logging_mixin.py:120} INFO - [2024-08-05T06:06:54.505+0000] {dagbag.py:537} INFO - Filling up the DagBag from /home/airflow/.local/lib/python3.7/site-packages/airflow/example_dags/example_branch_labels.py
[2024-08-05T06:06:54.518+0000] {processor.py:766} INFO - DAG(s) dict_keys(['example_branch_labels']) retrieved from /home/airflow/.local/lib/python3.7/site-packages/airflow/example_dags/example_branch_labels.py
[2024-08-05T06:06:54.555+0000] {logging_mixin.py:120} INFO - [2024-08-05T06:06:54.555+0000] {dag.py:2585} INFO - Sync 1 DAGs
[2024-08-05T06:06:54.578+0000] {logging_mixin.py:120} INFO - [2024-08-05T06:06:54.578+0000] {dag.py:3340} INFO - Setting next_dagrun for example_branch_labels to 2024-08-04T00:00:00+00:00, run_after=2024-08-05T00:00:00+00:00
[2024-08-05T06:06:54.597+0000] {processor.py:176} INFO - Processing /home/airflow/.local/lib/python3.7/site-packages/airflow/example_dags/example_branch_labels.py took 0.096 seconds
[2024-08-05T06:07:25.790+0000] {processor.py:154} INFO - Started process (PID=1681) to work on /home/airflow/.local/lib/python3.7/site-packages/airflow/example_dags/example_branch_labels.py
[2024-08-05T06:07:25.791+0000] {processor.py:756} INFO - Processing file /home/airflow/.local/lib/python3.7/site-packages/airflow/example_dags/example_branch_labels.py for tasks to queue
[2024-08-05T06:07:25.793+0000] {logging_mixin.py:120} INFO - [2024-08-05T06:07:25.792+0000] {dagbag.py:537} INFO - Filling up the DagBag from /home/airflow/.local/lib/python3.7/site-packages/airflow/example_dags/example_branch_labels.py
[2024-08-05T06:07:25.814+0000] {processor.py:766} INFO - DAG(s) dict_keys(['example_branch_labels']) retrieved from /home/airflow/.local/lib/python3.7/site-packages/airflow/example_dags/example_branch_labels.py
[2024-08-05T06:07:25.886+0000] {logging_mixin.py:120} INFO - [2024-08-05T06:07:25.886+0000] {dag.py:2585} INFO - Sync 1 DAGs
[2024-08-05T06:07:25.926+0000] {logging_mixin.py:120} INFO - [2024-08-05T06:07:25.926+0000] {dag.py:3340} INFO - Setting next_dagrun for example_branch_labels to 2024-08-04T00:00:00+00:00, run_after=2024-08-05T00:00:00+00:00
[2024-08-05T06:07:25.960+0000] {processor.py:176} INFO - Processing /home/airflow/.local/lib/python3.7/site-packages/airflow/example_dags/example_branch_labels.py took 0.176 seconds
[2024-08-05T06:07:57.787+0000] {processor.py:154} INFO - Started process (PID=1739) to work on /home/airflow/.local/lib/python3.7/site-packages/airflow/example_dags/example_branch_labels.py
[2024-08-05T06:07:57.788+0000] {processor.py:756} INFO - Processing file /home/airflow/.local/lib/python3.7/site-packages/airflow/example_dags/example_branch_labels.py for tasks to queue
[2024-08-05T06:07:57.789+0000] {logging_mixin.py:120} INFO - [2024-08-05T06:07:57.789+0000] {dagbag.py:537} INFO - Filling up the DagBag from /home/airflow/.local/lib/python3.7/site-packages/airflow/example_dags/example_branch_labels.py
[2024-08-05T06:07:57.805+0000] {processor.py:766} INFO - DAG(s) dict_keys(['example_branch_labels']) retrieved from /home/airflow/.local/lib/python3.7/site-packages/airflow/example_dags/example_branch_labels.py
[2024-08-05T06:07:57.871+0000] {logging_mixin.py:120} INFO - [2024-08-05T06:07:57.871+0000] {dag.py:2585} INFO - Sync 1 DAGs
[2024-08-05T06:07:57.899+0000] {logging_mixin.py:120} INFO - [2024-08-05T06:07:57.899+0000] {dag.py:3340} INFO - Setting next_dagrun for example_branch_labels to 2024-08-04T00:00:00+00:00, run_after=2024-08-05T00:00:00+00:00
[2024-08-05T06:07:57.920+0000] {processor.py:176} INFO - Processing /home/airflow/.local/lib/python3.7/site-packages/airflow/example_dags/example_branch_labels.py took 0.136 seconds
[2024-08-05T06:08:29.876+0000] {processor.py:154} INFO - Started process (PID=1807) to work on /home/airflow/.local/lib/python3.7/site-packages/airflow/example_dags/example_branch_labels.py
[2024-08-05T06:08:29.877+0000] {processor.py:756} INFO - Processing file /home/airflow/.local/lib/python3.7/site-packages/airflow/example_dags/example_branch_labels.py for tasks to queue
[2024-08-05T06:08:29.878+0000] {logging_mixin.py:120} INFO - [2024-08-05T06:08:29.878+0000] {dagbag.py:537} INFO - Filling up the DagBag from /home/airflow/.local/lib/python3.7/site-packages/airflow/example_dags/example_branch_labels.py
[2024-08-05T06:08:29.897+0000] {processor.py:766} INFO - DAG(s) dict_keys(['example_branch_labels']) retrieved from /home/airflow/.local/lib/python3.7/site-packages/airflow/example_dags/example_branch_labels.py
[2024-08-05T06:08:29.946+0000] {logging_mixin.py:120} INFO - [2024-08-05T06:08:29.945+0000] {dag.py:2585} INFO - Sync 1 DAGs
[2024-08-05T06:08:29.973+0000] {logging_mixin.py:120} INFO - [2024-08-05T06:08:29.973+0000] {dag.py:3340} INFO - Setting next_dagrun for example_branch_labels to 2024-08-04T00:00:00+00:00, run_after=2024-08-05T00:00:00+00:00
[2024-08-05T06:08:30.000+0000] {processor.py:176} INFO - Processing /home/airflow/.local/lib/python3.7/site-packages/airflow/example_dags/example_branch_labels.py took 0.127 seconds
[2024-08-05T06:09:00.425+0000] {processor.py:154} INFO - Started process (PID=1874) to work on /home/airflow/.local/lib/python3.7/site-packages/airflow/example_dags/example_branch_labels.py
[2024-08-05T06:09:00.427+0000] {processor.py:756} INFO - Processing file /home/airflow/.local/lib/python3.7/site-packages/airflow/example_dags/example_branch_labels.py for tasks to queue
[2024-08-05T06:09:00.428+0000] {logging_mixin.py:120} INFO - [2024-08-05T06:09:00.428+0000] {dagbag.py:537} INFO - Filling up the DagBag from /home/airflow/.local/lib/python3.7/site-packages/airflow/example_dags/example_branch_labels.py
[2024-08-05T06:09:00.450+0000] {processor.py:766} INFO - DAG(s) dict_keys(['example_branch_labels']) retrieved from /home/airflow/.local/lib/python3.7/site-packages/airflow/example_dags/example_branch_labels.py
[2024-08-05T06:09:00.511+0000] {logging_mixin.py:120} INFO - [2024-08-05T06:09:00.511+0000] {dag.py:2585} INFO - Sync 1 DAGs
[2024-08-05T06:09:00.561+0000] {logging_mixin.py:120} INFO - [2024-08-05T06:09:00.560+0000] {dag.py:3340} INFO - Setting next_dagrun for example_branch_labels to 2024-08-04T00:00:00+00:00, run_after=2024-08-05T00:00:00+00:00
[2024-08-05T06:09:00.598+0000] {processor.py:176} INFO - Processing /home/airflow/.local/lib/python3.7/site-packages/airflow/example_dags/example_branch_labels.py took 0.176 seconds
[2024-08-05T06:09:31.463+0000] {processor.py:154} INFO - Started process (PID=1941) to work on /home/airflow/.local/lib/python3.7/site-packages/airflow/example_dags/example_branch_labels.py
[2024-08-05T06:09:31.464+0000] {processor.py:756} INFO - Processing file /home/airflow/.local/lib/python3.7/site-packages/airflow/example_dags/example_branch_labels.py for tasks to queue
[2024-08-05T06:09:31.465+0000] {logging_mixin.py:120} INFO - [2024-08-05T06:09:31.465+0000] {dagbag.py:537} INFO - Filling up the DagBag from /home/airflow/.local/lib/python3.7/site-packages/airflow/example_dags/example_branch_labels.py
[2024-08-05T06:09:31.487+0000] {processor.py:766} INFO - DAG(s) dict_keys(['example_branch_labels']) retrieved from /home/airflow/.local/lib/python3.7/site-packages/airflow/example_dags/example_branch_labels.py
[2024-08-05T06:09:31.546+0000] {logging_mixin.py:120} INFO - [2024-08-05T06:09:31.546+0000] {dag.py:2585} INFO - Sync 1 DAGs
[2024-08-05T06:09:31.580+0000] {logging_mixin.py:120} INFO - [2024-08-05T06:09:31.580+0000] {dag.py:3340} INFO - Setting next_dagrun for example_branch_labels to 2024-08-04T00:00:00+00:00, run_after=2024-08-05T00:00:00+00:00
[2024-08-05T06:09:31.613+0000] {processor.py:176} INFO - Processing /home/airflow/.local/lib/python3.7/site-packages/airflow/example_dags/example_branch_labels.py took 0.154 seconds
[2024-08-05T06:10:02.042+0000] {processor.py:154} INFO - Started process (PID=1999) to work on /home/airflow/.local/lib/python3.7/site-packages/airflow/example_dags/example_branch_labels.py
[2024-08-05T06:10:02.044+0000] {processor.py:756} INFO - Processing file /home/airflow/.local/lib/python3.7/site-packages/airflow/example_dags/example_branch_labels.py for tasks to queue
[2024-08-05T06:10:02.045+0000] {logging_mixin.py:120} INFO - [2024-08-05T06:10:02.045+0000] {dagbag.py:537} INFO - Filling up the DagBag from /home/airflow/.local/lib/python3.7/site-packages/airflow/example_dags/example_branch_labels.py
[2024-08-05T06:10:02.063+0000] {processor.py:766} INFO - DAG(s) dict_keys(['example_branch_labels']) retrieved from /home/airflow/.local/lib/python3.7/site-packages/airflow/example_dags/example_branch_labels.py
[2024-08-05T06:10:02.101+0000] {logging_mixin.py:120} INFO - [2024-08-05T06:10:02.101+0000] {dag.py:2585} INFO - Sync 1 DAGs
[2024-08-05T06:10:02.124+0000] {logging_mixin.py:120} INFO - [2024-08-05T06:10:02.124+0000] {dag.py:3340} INFO - Setting next_dagrun for example_branch_labels to 2024-08-04T00:00:00+00:00, run_after=2024-08-05T00:00:00+00:00
[2024-08-05T06:10:02.147+0000] {processor.py:176} INFO - Processing /home/airflow/.local/lib/python3.7/site-packages/airflow/example_dags/example_branch_labels.py took 0.108 seconds
[2024-08-05T06:10:32.438+0000] {processor.py:154} INFO - Started process (PID=2067) to work on /home/airflow/.local/lib/python3.7/site-packages/airflow/example_dags/example_branch_labels.py
[2024-08-05T06:10:32.439+0000] {processor.py:756} INFO - Processing file /home/airflow/.local/lib/python3.7/site-packages/airflow/example_dags/example_branch_labels.py for tasks to queue
[2024-08-05T06:10:32.441+0000] {logging_mixin.py:120} INFO - [2024-08-05T06:10:32.441+0000] {dagbag.py:537} INFO - Filling up the DagBag from /home/airflow/.local/lib/python3.7/site-packages/airflow/example_dags/example_branch_labels.py
[2024-08-05T06:10:32.470+0000] {processor.py:766} INFO - DAG(s) dict_keys(['example_branch_labels']) retrieved from /home/airflow/.local/lib/python3.7/site-packages/airflow/example_dags/example_branch_labels.py
[2024-08-05T06:10:32.541+0000] {logging_mixin.py:120} INFO - [2024-08-05T06:10:32.540+0000] {dag.py:2585} INFO - Sync 1 DAGs
[2024-08-05T06:10:32.584+0000] {logging_mixin.py:120} INFO - [2024-08-05T06:10:32.583+0000] {dag.py:3340} INFO - Setting next_dagrun for example_branch_labels to 2024-08-04T00:00:00+00:00, run_after=2024-08-05T00:00:00+00:00
[2024-08-05T06:10:32.620+0000] {processor.py:176} INFO - Processing /home/airflow/.local/lib/python3.7/site-packages/airflow/example_dags/example_branch_labels.py took 0.186 seconds
[2024-08-05T06:11:03.425+0000] {processor.py:154} INFO - Started process (PID=2134) to work on /home/airflow/.local/lib/python3.7/site-packages/airflow/example_dags/example_branch_labels.py
[2024-08-05T06:11:03.428+0000] {processor.py:756} INFO - Processing file /home/airflow/.local/lib/python3.7/site-packages/airflow/example_dags/example_branch_labels.py for tasks to queue
[2024-08-05T06:11:03.430+0000] {logging_mixin.py:120} INFO - [2024-08-05T06:11:03.429+0000] {dagbag.py:537} INFO - Filling up the DagBag from /home/airflow/.local/lib/python3.7/site-packages/airflow/example_dags/example_branch_labels.py
[2024-08-05T06:11:03.456+0000] {processor.py:766} INFO - DAG(s) dict_keys(['example_branch_labels']) retrieved from /home/airflow/.local/lib/python3.7/site-packages/airflow/example_dags/example_branch_labels.py
[2024-08-05T06:11:03.540+0000] {logging_mixin.py:120} INFO - [2024-08-05T06:11:03.540+0000] {dag.py:2585} INFO - Sync 1 DAGs
[2024-08-05T06:11:03.591+0000] {logging_mixin.py:120} INFO - [2024-08-05T06:11:03.591+0000] {dag.py:3340} INFO - Setting next_dagrun for example_branch_labels to 2024-08-04T00:00:00+00:00, run_after=2024-08-05T00:00:00+00:00
[2024-08-05T06:11:03.635+0000] {processor.py:176} INFO - Processing /home/airflow/.local/lib/python3.7/site-packages/airflow/example_dags/example_branch_labels.py took 0.214 seconds
[2024-08-05T06:11:33.878+0000] {processor.py:154} INFO - Started process (PID=2192) to work on /home/airflow/.local/lib/python3.7/site-packages/airflow/example_dags/example_branch_labels.py
[2024-08-05T06:11:33.879+0000] {processor.py:756} INFO - Processing file /home/airflow/.local/lib/python3.7/site-packages/airflow/example_dags/example_branch_labels.py for tasks to queue
[2024-08-05T06:11:33.880+0000] {logging_mixin.py:120} INFO - [2024-08-05T06:11:33.880+0000] {dagbag.py:537} INFO - Filling up the DagBag from /home/airflow/.local/lib/python3.7/site-packages/airflow/example_dags/example_branch_labels.py
[2024-08-05T06:11:33.893+0000] {processor.py:766} INFO - DAG(s) dict_keys(['example_branch_labels']) retrieved from /home/airflow/.local/lib/python3.7/site-packages/airflow/example_dags/example_branch_labels.py
[2024-08-05T06:11:33.934+0000] {logging_mixin.py:120} INFO - [2024-08-05T06:11:33.933+0000] {dag.py:2585} INFO - Sync 1 DAGs
[2024-08-05T06:11:33.958+0000] {logging_mixin.py:120} INFO - [2024-08-05T06:11:33.958+0000] {dag.py:3340} INFO - Setting next_dagrun for example_branch_labels to 2024-08-04T00:00:00+00:00, run_after=2024-08-05T00:00:00+00:00
[2024-08-05T06:11:33.982+0000] {processor.py:176} INFO - Processing /home/airflow/.local/lib/python3.7/site-packages/airflow/example_dags/example_branch_labels.py took 0.107 seconds
[2024-08-05T06:12:05.107+0000] {processor.py:154} INFO - Started process (PID=2258) to work on /home/airflow/.local/lib/python3.7/site-packages/airflow/example_dags/example_branch_labels.py
[2024-08-05T06:12:05.109+0000] {processor.py:756} INFO - Processing file /home/airflow/.local/lib/python3.7/site-packages/airflow/example_dags/example_branch_labels.py for tasks to queue
[2024-08-05T06:12:05.110+0000] {logging_mixin.py:120} INFO - [2024-08-05T06:12:05.110+0000] {dagbag.py:537} INFO - Filling up the DagBag from /home/airflow/.local/lib/python3.7/site-packages/airflow/example_dags/example_branch_labels.py
[2024-08-05T06:12:05.126+0000] {processor.py:766} INFO - DAG(s) dict_keys(['example_branch_labels']) retrieved from /home/airflow/.local/lib/python3.7/site-packages/airflow/example_dags/example_branch_labels.py
[2024-08-05T06:12:05.185+0000] {logging_mixin.py:120} INFO - [2024-08-05T06:12:05.185+0000] {dag.py:2585} INFO - Sync 1 DAGs
[2024-08-05T06:12:05.226+0000] {logging_mixin.py:120} INFO - [2024-08-05T06:12:05.225+0000] {dag.py:3340} INFO - Setting next_dagrun for example_branch_labels to 2024-08-04T00:00:00+00:00, run_after=2024-08-05T00:00:00+00:00
[2024-08-05T06:12:05.256+0000] {processor.py:176} INFO - Processing /home/airflow/.local/lib/python3.7/site-packages/airflow/example_dags/example_branch_labels.py took 0.154 seconds
[2024-08-05T06:12:35.908+0000] {processor.py:154} INFO - Started process (PID=2324) to work on /home/airflow/.local/lib/python3.7/site-packages/airflow/example_dags/example_branch_labels.py
[2024-08-05T06:12:35.910+0000] {processor.py:756} INFO - Processing file /home/airflow/.local/lib/python3.7/site-packages/airflow/example_dags/example_branch_labels.py for tasks to queue
[2024-08-05T06:12:35.912+0000] {logging_mixin.py:120} INFO - [2024-08-05T06:12:35.912+0000] {dagbag.py:537} INFO - Filling up the DagBag from /home/airflow/.local/lib/python3.7/site-packages/airflow/example_dags/example_branch_labels.py
[2024-08-05T06:12:35.936+0000] {processor.py:766} INFO - DAG(s) dict_keys(['example_branch_labels']) retrieved from /home/airflow/.local/lib/python3.7/site-packages/airflow/example_dags/example_branch_labels.py
[2024-08-05T06:12:36.005+0000] {logging_mixin.py:120} INFO - [2024-08-05T06:12:36.005+0000] {dag.py:2585} INFO - Sync 1 DAGs
[2024-08-05T06:12:36.052+0000] {logging_mixin.py:120} INFO - [2024-08-05T06:12:36.052+0000] {dag.py:3340} INFO - Setting next_dagrun for example_branch_labels to 2024-08-04T00:00:00+00:00, run_after=2024-08-05T00:00:00+00:00
[2024-08-05T06:12:36.082+0000] {processor.py:176} INFO - Processing /home/airflow/.local/lib/python3.7/site-packages/airflow/example_dags/example_branch_labels.py took 0.182 seconds
[2024-08-05T06:13:06.774+0000] {processor.py:154} INFO - Started process (PID=2383) to work on /home/airflow/.local/lib/python3.7/site-packages/airflow/example_dags/example_branch_labels.py
[2024-08-05T06:13:06.775+0000] {processor.py:756} INFO - Processing file /home/airflow/.local/lib/python3.7/site-packages/airflow/example_dags/example_branch_labels.py for tasks to queue
[2024-08-05T06:13:06.777+0000] {logging_mixin.py:120} INFO - [2024-08-05T06:13:06.777+0000] {dagbag.py:537} INFO - Filling up the DagBag from /home/airflow/.local/lib/python3.7/site-packages/airflow/example_dags/example_branch_labels.py
[2024-08-05T06:13:06.796+0000] {processor.py:766} INFO - DAG(s) dict_keys(['example_branch_labels']) retrieved from /home/airflow/.local/lib/python3.7/site-packages/airflow/example_dags/example_branch_labels.py
[2024-08-05T06:13:06.865+0000] {logging_mixin.py:120} INFO - [2024-08-05T06:13:06.865+0000] {dag.py:2585} INFO - Sync 1 DAGs
[2024-08-05T06:13:06.902+0000] {logging_mixin.py:120} INFO - [2024-08-05T06:13:06.902+0000] {dag.py:3340} INFO - Setting next_dagrun for example_branch_labels to 2024-08-04T00:00:00+00:00, run_after=2024-08-05T00:00:00+00:00
[2024-08-05T06:13:06.931+0000] {processor.py:176} INFO - Processing /home/airflow/.local/lib/python3.7/site-packages/airflow/example_dags/example_branch_labels.py took 0.161 seconds
[2024-08-05T06:13:37.528+0000] {processor.py:154} INFO - Started process (PID=2450) to work on /home/airflow/.local/lib/python3.7/site-packages/airflow/example_dags/example_branch_labels.py
[2024-08-05T06:13:37.534+0000] {processor.py:756} INFO - Processing file /home/airflow/.local/lib/python3.7/site-packages/airflow/example_dags/example_branch_labels.py for tasks to queue
[2024-08-05T06:13:37.537+0000] {logging_mixin.py:120} INFO - [2024-08-05T06:13:37.536+0000] {dagbag.py:537} INFO - Filling up the DagBag from /home/airflow/.local/lib/python3.7/site-packages/airflow/example_dags/example_branch_labels.py
[2024-08-05T06:13:37.555+0000] {processor.py:766} INFO - DAG(s) dict_keys(['example_branch_labels']) retrieved from /home/airflow/.local/lib/python3.7/site-packages/airflow/example_dags/example_branch_labels.py
[2024-08-05T06:13:37.644+0000] {logging_mixin.py:120} INFO - [2024-08-05T06:13:37.643+0000] {dag.py:2585} INFO - Sync 1 DAGs
[2024-08-05T06:13:37.674+0000] {logging_mixin.py:120} INFO - [2024-08-05T06:13:37.673+0000] {dag.py:3340} INFO - Setting next_dagrun for example_branch_labels to 2024-08-04T00:00:00+00:00, run_after=2024-08-05T00:00:00+00:00
[2024-08-05T06:13:37.704+0000] {processor.py:176} INFO - Processing /home/airflow/.local/lib/python3.7/site-packages/airflow/example_dags/example_branch_labels.py took 0.181 seconds
[2024-08-05T06:14:08.531+0000] {processor.py:154} INFO - Started process (PID=2517) to work on /home/airflow/.local/lib/python3.7/site-packages/airflow/example_dags/example_branch_labels.py
[2024-08-05T06:14:08.533+0000] {processor.py:756} INFO - Processing file /home/airflow/.local/lib/python3.7/site-packages/airflow/example_dags/example_branch_labels.py for tasks to queue
[2024-08-05T06:14:08.535+0000] {logging_mixin.py:120} INFO - [2024-08-05T06:14:08.535+0000] {dagbag.py:537} INFO - Filling up the DagBag from /home/airflow/.local/lib/python3.7/site-packages/airflow/example_dags/example_branch_labels.py
[2024-08-05T06:14:08.555+0000] {processor.py:766} INFO - DAG(s) dict_keys(['example_branch_labels']) retrieved from /home/airflow/.local/lib/python3.7/site-packages/airflow/example_dags/example_branch_labels.py
[2024-08-05T06:14:08.600+0000] {logging_mixin.py:120} INFO - [2024-08-05T06:14:08.600+0000] {dag.py:2585} INFO - Sync 1 DAGs
[2024-08-05T06:14:08.623+0000] {logging_mixin.py:120} INFO - [2024-08-05T06:14:08.622+0000] {dag.py:3340} INFO - Setting next_dagrun for example_branch_labels to 2024-08-04T00:00:00+00:00, run_after=2024-08-05T00:00:00+00:00
[2024-08-05T06:14:08.645+0000] {processor.py:176} INFO - Processing /home/airflow/.local/lib/python3.7/site-packages/airflow/example_dags/example_branch_labels.py took 0.117 seconds
[2024-08-05T06:14:40.109+0000] {processor.py:154} INFO - Started process (PID=2584) to work on /home/airflow/.local/lib/python3.7/site-packages/airflow/example_dags/example_branch_labels.py
[2024-08-05T06:14:40.113+0000] {processor.py:756} INFO - Processing file /home/airflow/.local/lib/python3.7/site-packages/airflow/example_dags/example_branch_labels.py for tasks to queue
[2024-08-05T06:14:40.117+0000] {logging_mixin.py:120} INFO - [2024-08-05T06:14:40.116+0000] {dagbag.py:537} INFO - Filling up the DagBag from /home/airflow/.local/lib/python3.7/site-packages/airflow/example_dags/example_branch_labels.py
[2024-08-05T06:14:40.155+0000] {processor.py:766} INFO - DAG(s) dict_keys(['example_branch_labels']) retrieved from /home/airflow/.local/lib/python3.7/site-packages/airflow/example_dags/example_branch_labels.py
[2024-08-05T06:14:40.240+0000] {logging_mixin.py:120} INFO - [2024-08-05T06:14:40.239+0000] {dag.py:2585} INFO - Sync 1 DAGs
[2024-08-05T06:14:40.299+0000] {logging_mixin.py:120} INFO - [2024-08-05T06:14:40.299+0000] {dag.py:3340} INFO - Setting next_dagrun for example_branch_labels to 2024-08-04T00:00:00+00:00, run_after=2024-08-05T00:00:00+00:00
[2024-08-05T06:14:40.350+0000] {processor.py:176} INFO - Processing /home/airflow/.local/lib/python3.7/site-packages/airflow/example_dags/example_branch_labels.py took 0.248 seconds
[2024-08-05T06:15:10.553+0000] {processor.py:154} INFO - Started process (PID=2642) to work on /home/airflow/.local/lib/python3.7/site-packages/airflow/example_dags/example_branch_labels.py
[2024-08-05T06:15:10.554+0000] {processor.py:756} INFO - Processing file /home/airflow/.local/lib/python3.7/site-packages/airflow/example_dags/example_branch_labels.py for tasks to queue
[2024-08-05T06:15:10.555+0000] {logging_mixin.py:120} INFO - [2024-08-05T06:15:10.555+0000] {dagbag.py:537} INFO - Filling up the DagBag from /home/airflow/.local/lib/python3.7/site-packages/airflow/example_dags/example_branch_labels.py
[2024-08-05T06:15:10.572+0000] {processor.py:766} INFO - DAG(s) dict_keys(['example_branch_labels']) retrieved from /home/airflow/.local/lib/python3.7/site-packages/airflow/example_dags/example_branch_labels.py
[2024-08-05T06:15:10.624+0000] {logging_mixin.py:120} INFO - [2024-08-05T06:15:10.623+0000] {dag.py:2585} INFO - Sync 1 DAGs
[2024-08-05T06:15:10.661+0000] {logging_mixin.py:120} INFO - [2024-08-05T06:15:10.661+0000] {dag.py:3340} INFO - Setting next_dagrun for example_branch_labels to 2024-08-04T00:00:00+00:00, run_after=2024-08-05T00:00:00+00:00
[2024-08-05T06:15:10.686+0000] {processor.py:176} INFO - Processing /home/airflow/.local/lib/python3.7/site-packages/airflow/example_dags/example_branch_labels.py took 0.136 seconds
[2024-08-05T06:15:41.272+0000] {processor.py:154} INFO - Started process (PID=2710) to work on /home/airflow/.local/lib/python3.7/site-packages/airflow/example_dags/example_branch_labels.py
[2024-08-05T06:15:41.273+0000] {processor.py:756} INFO - Processing file /home/airflow/.local/lib/python3.7/site-packages/airflow/example_dags/example_branch_labels.py for tasks to queue
[2024-08-05T06:15:41.274+0000] {logging_mixin.py:120} INFO - [2024-08-05T06:15:41.273+0000] {dagbag.py:537} INFO - Filling up the DagBag from /home/airflow/.local/lib/python3.7/site-packages/airflow/example_dags/example_branch_labels.py
[2024-08-05T06:15:41.289+0000] {processor.py:766} INFO - DAG(s) dict_keys(['example_branch_labels']) retrieved from /home/airflow/.local/lib/python3.7/site-packages/airflow/example_dags/example_branch_labels.py
[2024-08-05T06:15:41.332+0000] {logging_mixin.py:120} INFO - [2024-08-05T06:15:41.331+0000] {dag.py:2585} INFO - Sync 1 DAGs
[2024-08-05T06:15:41.362+0000] {logging_mixin.py:120} INFO - [2024-08-05T06:15:41.361+0000] {dag.py:3340} INFO - Setting next_dagrun for example_branch_labels to 2024-08-04T00:00:00+00:00, run_after=2024-08-05T00:00:00+00:00
[2024-08-05T06:15:41.387+0000] {processor.py:176} INFO - Processing /home/airflow/.local/lib/python3.7/site-packages/airflow/example_dags/example_branch_labels.py took 0.119 seconds
[2024-08-05T06:16:16.555+0000] {processor.py:154} INFO - Started process (PID=2777) to work on /home/airflow/.local/lib/python3.7/site-packages/airflow/example_dags/example_branch_labels.py
[2024-08-05T06:16:16.556+0000] {processor.py:756} INFO - Processing file /home/airflow/.local/lib/python3.7/site-packages/airflow/example_dags/example_branch_labels.py for tasks to queue
[2024-08-05T06:16:16.557+0000] {logging_mixin.py:120} INFO - [2024-08-05T06:16:16.556+0000] {dagbag.py:537} INFO - Filling up the DagBag from /home/airflow/.local/lib/python3.7/site-packages/airflow/example_dags/example_branch_labels.py
[2024-08-05T06:16:16.573+0000] {processor.py:766} INFO - DAG(s) dict_keys(['example_branch_labels']) retrieved from /home/airflow/.local/lib/python3.7/site-packages/airflow/example_dags/example_branch_labels.py
[2024-08-05T06:16:16.617+0000] {logging_mixin.py:120} INFO - [2024-08-05T06:16:16.617+0000] {dag.py:2585} INFO - Sync 1 DAGs
[2024-08-05T06:16:16.643+0000] {logging_mixin.py:120} INFO - [2024-08-05T06:16:16.643+0000] {dag.py:3340} INFO - Setting next_dagrun for example_branch_labels to 2024-08-04T00:00:00+00:00, run_after=2024-08-05T00:00:00+00:00
[2024-08-05T06:16:16.663+0000] {processor.py:176} INFO - Processing /home/airflow/.local/lib/python3.7/site-packages/airflow/example_dags/example_branch_labels.py took 0.112 seconds
[2024-08-05T06:22:35.512+0000] {processor.py:154} INFO - Started process (PID=2834) to work on /home/airflow/.local/lib/python3.7/site-packages/airflow/example_dags/example_branch_labels.py
[2024-08-05T06:22:35.514+0000] {processor.py:756} INFO - Processing file /home/airflow/.local/lib/python3.7/site-packages/airflow/example_dags/example_branch_labels.py for tasks to queue
[2024-08-05T06:22:35.516+0000] {logging_mixin.py:120} INFO - [2024-08-05T06:22:35.516+0000] {dagbag.py:537} INFO - Filling up the DagBag from /home/airflow/.local/lib/python3.7/site-packages/airflow/example_dags/example_branch_labels.py
[2024-08-05T06:22:35.550+0000] {processor.py:766} INFO - DAG(s) dict_keys(['example_branch_labels']) retrieved from /home/airflow/.local/lib/python3.7/site-packages/airflow/example_dags/example_branch_labels.py
[2024-08-05T06:22:35.654+0000] {logging_mixin.py:120} INFO - [2024-08-05T06:22:35.654+0000] {dag.py:2585} INFO - Sync 1 DAGs
[2024-08-05T06:22:35.714+0000] {logging_mixin.py:120} INFO - [2024-08-05T06:22:35.714+0000] {dag.py:3340} INFO - Setting next_dagrun for example_branch_labels to 2024-08-04T00:00:00+00:00, run_after=2024-08-05T00:00:00+00:00
[2024-08-05T06:22:35.752+0000] {processor.py:176} INFO - Processing /home/airflow/.local/lib/python3.7/site-packages/airflow/example_dags/example_branch_labels.py took 0.244 seconds
[2024-08-05T06:23:06.610+0000] {processor.py:154} INFO - Started process (PID=2901) to work on /home/airflow/.local/lib/python3.7/site-packages/airflow/example_dags/example_branch_labels.py
[2024-08-05T06:23:06.611+0000] {processor.py:756} INFO - Processing file /home/airflow/.local/lib/python3.7/site-packages/airflow/example_dags/example_branch_labels.py for tasks to queue
[2024-08-05T06:23:06.613+0000] {logging_mixin.py:120} INFO - [2024-08-05T06:23:06.613+0000] {dagbag.py:537} INFO - Filling up the DagBag from /home/airflow/.local/lib/python3.7/site-packages/airflow/example_dags/example_branch_labels.py
[2024-08-05T06:23:06.672+0000] {processor.py:766} INFO - DAG(s) dict_keys(['example_branch_labels']) retrieved from /home/airflow/.local/lib/python3.7/site-packages/airflow/example_dags/example_branch_labels.py
[2024-08-05T06:23:06.778+0000] {logging_mixin.py:120} INFO - [2024-08-05T06:23:06.778+0000] {dag.py:2585} INFO - Sync 1 DAGs
[2024-08-05T06:23:06.938+0000] {logging_mixin.py:120} INFO - [2024-08-05T06:23:06.937+0000] {dag.py:3340} INFO - Setting next_dagrun for example_branch_labels to 2024-08-04T00:00:00+00:00, run_after=2024-08-05T00:00:00+00:00
[2024-08-05T06:23:07.092+0000] {processor.py:176} INFO - Processing /home/airflow/.local/lib/python3.7/site-packages/airflow/example_dags/example_branch_labels.py took 0.486 seconds
[2024-08-05T06:23:39.539+0000] {processor.py:154} INFO - Started process (PID=2968) to work on /home/airflow/.local/lib/python3.7/site-packages/airflow/example_dags/example_branch_labels.py
[2024-08-05T06:23:39.541+0000] {processor.py:756} INFO - Processing file /home/airflow/.local/lib/python3.7/site-packages/airflow/example_dags/example_branch_labels.py for tasks to queue
[2024-08-05T06:23:39.542+0000] {logging_mixin.py:120} INFO - [2024-08-05T06:23:39.542+0000] {dagbag.py:537} INFO - Filling up the DagBag from /home/airflow/.local/lib/python3.7/site-packages/airflow/example_dags/example_branch_labels.py
[2024-08-05T06:23:39.558+0000] {processor.py:766} INFO - DAG(s) dict_keys(['example_branch_labels']) retrieved from /home/airflow/.local/lib/python3.7/site-packages/airflow/example_dags/example_branch_labels.py
[2024-08-05T06:23:39.628+0000] {logging_mixin.py:120} INFO - [2024-08-05T06:23:39.627+0000] {dag.py:2585} INFO - Sync 1 DAGs
[2024-08-05T06:23:39.738+0000] {logging_mixin.py:120} INFO - [2024-08-05T06:23:39.738+0000] {dag.py:3340} INFO - Setting next_dagrun for example_branch_labels to 2024-08-04T00:00:00+00:00, run_after=2024-08-05T00:00:00+00:00
[2024-08-05T06:23:39.768+0000] {processor.py:176} INFO - Processing /home/airflow/.local/lib/python3.7/site-packages/airflow/example_dags/example_branch_labels.py took 0.232 seconds
[2024-08-05T06:24:10.203+0000] {processor.py:154} INFO - Started process (PID=3027) to work on /home/airflow/.local/lib/python3.7/site-packages/airflow/example_dags/example_branch_labels.py
[2024-08-05T06:24:10.264+0000] {processor.py:756} INFO - Processing file /home/airflow/.local/lib/python3.7/site-packages/airflow/example_dags/example_branch_labels.py for tasks to queue
[2024-08-05T06:24:10.321+0000] {logging_mixin.py:120} INFO - [2024-08-05T06:24:10.321+0000] {dagbag.py:537} INFO - Filling up the DagBag from /home/airflow/.local/lib/python3.7/site-packages/airflow/example_dags/example_branch_labels.py
[2024-08-05T06:24:10.402+0000] {processor.py:766} INFO - DAG(s) dict_keys(['example_branch_labels']) retrieved from /home/airflow/.local/lib/python3.7/site-packages/airflow/example_dags/example_branch_labels.py
[2024-08-05T06:24:10.453+0000] {logging_mixin.py:120} INFO - [2024-08-05T06:24:10.453+0000] {dag.py:2585} INFO - Sync 1 DAGs
[2024-08-05T06:24:10.492+0000] {logging_mixin.py:120} INFO - [2024-08-05T06:24:10.491+0000] {dag.py:3340} INFO - Setting next_dagrun for example_branch_labels to 2024-08-04T00:00:00+00:00, run_after=2024-08-05T00:00:00+00:00
[2024-08-05T06:24:10.517+0000] {processor.py:176} INFO - Processing /home/airflow/.local/lib/python3.7/site-packages/airflow/example_dags/example_branch_labels.py took 0.317 seconds
[2024-08-05T06:24:42.348+0000] {processor.py:154} INFO - Started process (PID=3094) to work on /home/airflow/.local/lib/python3.7/site-packages/airflow/example_dags/example_branch_labels.py
[2024-08-05T06:24:42.357+0000] {processor.py:756} INFO - Processing file /home/airflow/.local/lib/python3.7/site-packages/airflow/example_dags/example_branch_labels.py for tasks to queue
[2024-08-05T06:24:42.411+0000] {logging_mixin.py:120} INFO - [2024-08-05T06:24:42.410+0000] {dagbag.py:537} INFO - Filling up the DagBag from /home/airflow/.local/lib/python3.7/site-packages/airflow/example_dags/example_branch_labels.py
[2024-08-05T06:24:42.475+0000] {processor.py:766} INFO - DAG(s) dict_keys(['example_branch_labels']) retrieved from /home/airflow/.local/lib/python3.7/site-packages/airflow/example_dags/example_branch_labels.py
[2024-08-05T06:24:42.624+0000] {logging_mixin.py:120} INFO - [2024-08-05T06:24:42.624+0000] {dag.py:2585} INFO - Sync 1 DAGs
[2024-08-05T06:24:42.696+0000] {logging_mixin.py:120} INFO - [2024-08-05T06:24:42.696+0000] {dag.py:3340} INFO - Setting next_dagrun for example_branch_labels to 2024-08-04T00:00:00+00:00, run_after=2024-08-05T00:00:00+00:00
[2024-08-05T06:24:42.894+0000] {processor.py:176} INFO - Processing /home/airflow/.local/lib/python3.7/site-packages/airflow/example_dags/example_branch_labels.py took 0.550 seconds
[2024-08-05T06:25:16.180+0000] {processor.py:154} INFO - Started process (PID=3162) to work on /home/airflow/.local/lib/python3.7/site-packages/airflow/example_dags/example_branch_labels.py
[2024-08-05T06:25:16.183+0000] {processor.py:756} INFO - Processing file /home/airflow/.local/lib/python3.7/site-packages/airflow/example_dags/example_branch_labels.py for tasks to queue
[2024-08-05T06:25:16.184+0000] {logging_mixin.py:120} INFO - [2024-08-05T06:25:16.184+0000] {dagbag.py:537} INFO - Filling up the DagBag from /home/airflow/.local/lib/python3.7/site-packages/airflow/example_dags/example_branch_labels.py
[2024-08-05T06:25:16.206+0000] {processor.py:766} INFO - DAG(s) dict_keys(['example_branch_labels']) retrieved from /home/airflow/.local/lib/python3.7/site-packages/airflow/example_dags/example_branch_labels.py
[2024-08-05T06:25:16.252+0000] {logging_mixin.py:120} INFO - [2024-08-05T06:25:16.252+0000] {dag.py:2585} INFO - Sync 1 DAGs
[2024-08-05T06:25:16.277+0000] {logging_mixin.py:120} INFO - [2024-08-05T06:25:16.277+0000] {dag.py:3340} INFO - Setting next_dagrun for example_branch_labels to 2024-08-04T00:00:00+00:00, run_after=2024-08-05T00:00:00+00:00
[2024-08-05T06:25:16.298+0000] {processor.py:176} INFO - Processing /home/airflow/.local/lib/python3.7/site-packages/airflow/example_dags/example_branch_labels.py took 0.121 seconds
[2024-08-05T06:25:46.689+0000] {processor.py:154} INFO - Started process (PID=3220) to work on /home/airflow/.local/lib/python3.7/site-packages/airflow/example_dags/example_branch_labels.py
[2024-08-05T06:25:46.691+0000] {processor.py:756} INFO - Processing file /home/airflow/.local/lib/python3.7/site-packages/airflow/example_dags/example_branch_labels.py for tasks to queue
[2024-08-05T06:25:46.693+0000] {logging_mixin.py:120} INFO - [2024-08-05T06:25:46.693+0000] {dagbag.py:537} INFO - Filling up the DagBag from /home/airflow/.local/lib/python3.7/site-packages/airflow/example_dags/example_branch_labels.py
[2024-08-05T06:25:46.719+0000] {processor.py:766} INFO - DAG(s) dict_keys(['example_branch_labels']) retrieved from /home/airflow/.local/lib/python3.7/site-packages/airflow/example_dags/example_branch_labels.py
[2024-08-05T06:25:46.783+0000] {logging_mixin.py:120} INFO - [2024-08-05T06:25:46.782+0000] {dag.py:2585} INFO - Sync 1 DAGs
[2024-08-05T06:25:46.816+0000] {logging_mixin.py:120} INFO - [2024-08-05T06:25:46.816+0000] {dag.py:3340} INFO - Setting next_dagrun for example_branch_labels to 2024-08-04T00:00:00+00:00, run_after=2024-08-05T00:00:00+00:00
[2024-08-05T06:25:46.853+0000] {processor.py:176} INFO - Processing /home/airflow/.local/lib/python3.7/site-packages/airflow/example_dags/example_branch_labels.py took 0.169 seconds
[2024-08-05T06:26:17.943+0000] {processor.py:154} INFO - Started process (PID=3287) to work on /home/airflow/.local/lib/python3.7/site-packages/airflow/example_dags/example_branch_labels.py
[2024-08-05T06:26:17.944+0000] {processor.py:756} INFO - Processing file /home/airflow/.local/lib/python3.7/site-packages/airflow/example_dags/example_branch_labels.py for tasks to queue
[2024-08-05T06:26:17.945+0000] {logging_mixin.py:120} INFO - [2024-08-05T06:26:17.945+0000] {dagbag.py:537} INFO - Filling up the DagBag from /home/airflow/.local/lib/python3.7/site-packages/airflow/example_dags/example_branch_labels.py
[2024-08-05T06:26:17.959+0000] {processor.py:766} INFO - DAG(s) dict_keys(['example_branch_labels']) retrieved from /home/airflow/.local/lib/python3.7/site-packages/airflow/example_dags/example_branch_labels.py
[2024-08-05T06:26:18.000+0000] {logging_mixin.py:120} INFO - [2024-08-05T06:26:18.000+0000] {dag.py:2585} INFO - Sync 1 DAGs
[2024-08-05T06:26:18.028+0000] {logging_mixin.py:120} INFO - [2024-08-05T06:26:18.028+0000] {dag.py:3340} INFO - Setting next_dagrun for example_branch_labels to 2024-08-04T00:00:00+00:00, run_after=2024-08-05T00:00:00+00:00
[2024-08-05T06:26:18.062+0000] {processor.py:176} INFO - Processing /home/airflow/.local/lib/python3.7/site-packages/airflow/example_dags/example_branch_labels.py took 0.121 seconds
[2024-08-05T06:26:48.981+0000] {processor.py:154} INFO - Started process (PID=3354) to work on /home/airflow/.local/lib/python3.7/site-packages/airflow/example_dags/example_branch_labels.py
[2024-08-05T06:26:48.984+0000] {processor.py:756} INFO - Processing file /home/airflow/.local/lib/python3.7/site-packages/airflow/example_dags/example_branch_labels.py for tasks to queue
[2024-08-05T06:26:48.986+0000] {logging_mixin.py:120} INFO - [2024-08-05T06:26:48.986+0000] {dagbag.py:537} INFO - Filling up the DagBag from /home/airflow/.local/lib/python3.7/site-packages/airflow/example_dags/example_branch_labels.py
[2024-08-05T06:26:49.015+0000] {processor.py:766} INFO - DAG(s) dict_keys(['example_branch_labels']) retrieved from /home/airflow/.local/lib/python3.7/site-packages/airflow/example_dags/example_branch_labels.py
[2024-08-05T06:26:49.096+0000] {logging_mixin.py:120} INFO - [2024-08-05T06:26:49.095+0000] {dag.py:2585} INFO - Sync 1 DAGs
[2024-08-05T06:26:49.149+0000] {logging_mixin.py:120} INFO - [2024-08-05T06:26:49.149+0000] {dag.py:3340} INFO - Setting next_dagrun for example_branch_labels to 2024-08-04T00:00:00+00:00, run_after=2024-08-05T00:00:00+00:00
[2024-08-05T06:26:49.203+0000] {processor.py:176} INFO - Processing /home/airflow/.local/lib/python3.7/site-packages/airflow/example_dags/example_branch_labels.py took 0.228 seconds
[2024-08-05T06:27:25.728+0000] {processor.py:154} INFO - Started process (PID=3421) to work on /home/airflow/.local/lib/python3.7/site-packages/airflow/example_dags/example_branch_labels.py
[2024-08-05T06:27:25.731+0000] {processor.py:756} INFO - Processing file /home/airflow/.local/lib/python3.7/site-packages/airflow/example_dags/example_branch_labels.py for tasks to queue
[2024-08-05T06:27:25.732+0000] {logging_mixin.py:120} INFO - [2024-08-05T06:27:25.732+0000] {dagbag.py:537} INFO - Filling up the DagBag from /home/airflow/.local/lib/python3.7/site-packages/airflow/example_dags/example_branch_labels.py
[2024-08-05T06:27:25.753+0000] {processor.py:766} INFO - DAG(s) dict_keys(['example_branch_labels']) retrieved from /home/airflow/.local/lib/python3.7/site-packages/airflow/example_dags/example_branch_labels.py
[2024-08-05T06:27:25.813+0000] {logging_mixin.py:120} INFO - [2024-08-05T06:27:25.813+0000] {dag.py:2585} INFO - Sync 1 DAGs
[2024-08-05T06:27:25.852+0000] {logging_mixin.py:120} INFO - [2024-08-05T06:27:25.852+0000] {dag.py:3340} INFO - Setting next_dagrun for example_branch_labels to 2024-08-04T00:00:00+00:00, run_after=2024-08-05T00:00:00+00:00
[2024-08-05T06:27:25.883+0000] {processor.py:176} INFO - Processing /home/airflow/.local/lib/python3.7/site-packages/airflow/example_dags/example_branch_labels.py took 0.159 seconds
[2024-08-05T06:27:57.314+0000] {processor.py:154} INFO - Started process (PID=3479) to work on /home/airflow/.local/lib/python3.7/site-packages/airflow/example_dags/example_branch_labels.py
[2024-08-05T06:27:57.424+0000] {processor.py:756} INFO - Processing file /home/airflow/.local/lib/python3.7/site-packages/airflow/example_dags/example_branch_labels.py for tasks to queue
[2024-08-05T06:27:57.523+0000] {logging_mixin.py:120} INFO - [2024-08-05T06:27:57.523+0000] {dagbag.py:537} INFO - Filling up the DagBag from /home/airflow/.local/lib/python3.7/site-packages/airflow/example_dags/example_branch_labels.py
[2024-08-05T06:27:57.565+0000] {processor.py:766} INFO - DAG(s) dict_keys(['example_branch_labels']) retrieved from /home/airflow/.local/lib/python3.7/site-packages/airflow/example_dags/example_branch_labels.py
[2024-08-05T06:27:57.619+0000] {logging_mixin.py:120} INFO - [2024-08-05T06:27:57.619+0000] {dag.py:2585} INFO - Sync 1 DAGs
[2024-08-05T06:27:57.659+0000] {logging_mixin.py:120} INFO - [2024-08-05T06:27:57.659+0000] {dag.py:3340} INFO - Setting next_dagrun for example_branch_labels to 2024-08-04T00:00:00+00:00, run_after=2024-08-05T00:00:00+00:00
[2024-08-05T06:27:57.683+0000] {processor.py:176} INFO - Processing /home/airflow/.local/lib/python3.7/site-packages/airflow/example_dags/example_branch_labels.py took 0.375 seconds
[2024-08-05T06:28:28.400+0000] {processor.py:154} INFO - Started process (PID=3546) to work on /home/airflow/.local/lib/python3.7/site-packages/airflow/example_dags/example_branch_labels.py
[2024-08-05T06:28:28.401+0000] {processor.py:756} INFO - Processing file /home/airflow/.local/lib/python3.7/site-packages/airflow/example_dags/example_branch_labels.py for tasks to queue
[2024-08-05T06:28:28.402+0000] {logging_mixin.py:120} INFO - [2024-08-05T06:28:28.402+0000] {dagbag.py:537} INFO - Filling up the DagBag from /home/airflow/.local/lib/python3.7/site-packages/airflow/example_dags/example_branch_labels.py
[2024-08-05T06:28:28.424+0000] {processor.py:766} INFO - DAG(s) dict_keys(['example_branch_labels']) retrieved from /home/airflow/.local/lib/python3.7/site-packages/airflow/example_dags/example_branch_labels.py
[2024-08-05T06:28:28.523+0000] {logging_mixin.py:120} INFO - [2024-08-05T06:28:28.523+0000] {dag.py:2585} INFO - Sync 1 DAGs
[2024-08-05T06:28:28.582+0000] {logging_mixin.py:120} INFO - [2024-08-05T06:28:28.582+0000] {dag.py:3340} INFO - Setting next_dagrun for example_branch_labels to 2024-08-04T00:00:00+00:00, run_after=2024-08-05T00:00:00+00:00
[2024-08-05T06:28:28.642+0000] {processor.py:176} INFO - Processing /home/airflow/.local/lib/python3.7/site-packages/airflow/example_dags/example_branch_labels.py took 0.246 seconds
[2024-08-05T06:28:59.655+0000] {processor.py:154} INFO - Started process (PID=3613) to work on /home/airflow/.local/lib/python3.7/site-packages/airflow/example_dags/example_branch_labels.py
[2024-08-05T06:28:59.676+0000] {processor.py:756} INFO - Processing file /home/airflow/.local/lib/python3.7/site-packages/airflow/example_dags/example_branch_labels.py for tasks to queue
[2024-08-05T06:28:59.682+0000] {logging_mixin.py:120} INFO - [2024-08-05T06:28:59.682+0000] {dagbag.py:537} INFO - Filling up the DagBag from /home/airflow/.local/lib/python3.7/site-packages/airflow/example_dags/example_branch_labels.py
[2024-08-05T06:28:59.704+0000] {processor.py:766} INFO - DAG(s) dict_keys(['example_branch_labels']) retrieved from /home/airflow/.local/lib/python3.7/site-packages/airflow/example_dags/example_branch_labels.py
[2024-08-05T06:28:59.856+0000] {logging_mixin.py:120} INFO - [2024-08-05T06:28:59.856+0000] {dag.py:2585} INFO - Sync 1 DAGs
[2024-08-05T06:28:59.886+0000] {logging_mixin.py:120} INFO - [2024-08-05T06:28:59.885+0000] {dag.py:3340} INFO - Setting next_dagrun for example_branch_labels to 2024-08-04T00:00:00+00:00, run_after=2024-08-05T00:00:00+00:00
[2024-08-05T06:28:59.911+0000] {processor.py:176} INFO - Processing /home/airflow/.local/lib/python3.7/site-packages/airflow/example_dags/example_branch_labels.py took 0.259 seconds
[2024-08-05T06:29:30.509+0000] {processor.py:154} INFO - Started process (PID=3671) to work on /home/airflow/.local/lib/python3.7/site-packages/airflow/example_dags/example_branch_labels.py
[2024-08-05T06:29:30.616+0000] {processor.py:756} INFO - Processing file /home/airflow/.local/lib/python3.7/site-packages/airflow/example_dags/example_branch_labels.py for tasks to queue
[2024-08-05T06:29:30.720+0000] {logging_mixin.py:120} INFO - [2024-08-05T06:29:30.720+0000] {dagbag.py:537} INFO - Filling up the DagBag from /home/airflow/.local/lib/python3.7/site-packages/airflow/example_dags/example_branch_labels.py
[2024-08-05T06:29:30.754+0000] {processor.py:766} INFO - DAG(s) dict_keys(['example_branch_labels']) retrieved from /home/airflow/.local/lib/python3.7/site-packages/airflow/example_dags/example_branch_labels.py
[2024-08-05T06:29:30.829+0000] {logging_mixin.py:120} INFO - [2024-08-05T06:29:30.829+0000] {dag.py:2585} INFO - Sync 1 DAGs
[2024-08-05T06:29:31.004+0000] {logging_mixin.py:120} INFO - [2024-08-05T06:29:31.004+0000] {dag.py:3340} INFO - Setting next_dagrun for example_branch_labels to 2024-08-04T00:00:00+00:00, run_after=2024-08-05T00:00:00+00:00
[2024-08-05T06:29:31.108+0000] {processor.py:176} INFO - Processing /home/airflow/.local/lib/python3.7/site-packages/airflow/example_dags/example_branch_labels.py took 0.602 seconds
[2024-08-05T06:30:02.244+0000] {processor.py:154} INFO - Started process (PID=3740) to work on /home/airflow/.local/lib/python3.7/site-packages/airflow/example_dags/example_branch_labels.py
[2024-08-05T06:30:02.247+0000] {processor.py:756} INFO - Processing file /home/airflow/.local/lib/python3.7/site-packages/airflow/example_dags/example_branch_labels.py for tasks to queue
[2024-08-05T06:30:02.323+0000] {logging_mixin.py:120} INFO - [2024-08-05T06:30:02.323+0000] {dagbag.py:537} INFO - Filling up the DagBag from /home/airflow/.local/lib/python3.7/site-packages/airflow/example_dags/example_branch_labels.py
[2024-08-05T06:30:02.375+0000] {processor.py:766} INFO - DAG(s) dict_keys(['example_branch_labels']) retrieved from /home/airflow/.local/lib/python3.7/site-packages/airflow/example_dags/example_branch_labels.py
[2024-08-05T06:30:02.452+0000] {logging_mixin.py:120} INFO - [2024-08-05T06:30:02.451+0000] {dag.py:2585} INFO - Sync 1 DAGs
[2024-08-05T06:30:02.533+0000] {logging_mixin.py:120} INFO - [2024-08-05T06:30:02.533+0000] {dag.py:3340} INFO - Setting next_dagrun for example_branch_labels to 2024-08-04T00:00:00+00:00, run_after=2024-08-05T00:00:00+00:00
[2024-08-05T06:30:02.653+0000] {processor.py:176} INFO - Processing /home/airflow/.local/lib/python3.7/site-packages/airflow/example_dags/example_branch_labels.py took 0.413 seconds
[2024-08-05T06:30:33.184+0000] {processor.py:154} INFO - Started process (PID=3808) to work on /home/airflow/.local/lib/python3.7/site-packages/airflow/example_dags/example_branch_labels.py
[2024-08-05T06:30:33.185+0000] {processor.py:756} INFO - Processing file /home/airflow/.local/lib/python3.7/site-packages/airflow/example_dags/example_branch_labels.py for tasks to queue
[2024-08-05T06:30:33.186+0000] {logging_mixin.py:120} INFO - [2024-08-05T06:30:33.186+0000] {dagbag.py:537} INFO - Filling up the DagBag from /home/airflow/.local/lib/python3.7/site-packages/airflow/example_dags/example_branch_labels.py
[2024-08-05T06:30:33.202+0000] {processor.py:766} INFO - DAG(s) dict_keys(['example_branch_labels']) retrieved from /home/airflow/.local/lib/python3.7/site-packages/airflow/example_dags/example_branch_labels.py
[2024-08-05T06:30:33.261+0000] {logging_mixin.py:120} INFO - [2024-08-05T06:30:33.260+0000] {dag.py:2585} INFO - Sync 1 DAGs
[2024-08-05T06:30:33.302+0000] {logging_mixin.py:120} INFO - [2024-08-05T06:30:33.302+0000] {dag.py:3340} INFO - Setting next_dagrun for example_branch_labels to 2024-08-04T00:00:00+00:00, run_after=2024-08-05T00:00:00+00:00
[2024-08-05T06:30:33.332+0000] {processor.py:176} INFO - Processing /home/airflow/.local/lib/python3.7/site-packages/airflow/example_dags/example_branch_labels.py took 0.152 seconds
[2024-08-05T06:31:04.430+0000] {processor.py:154} INFO - Started process (PID=3864) to work on /home/airflow/.local/lib/python3.7/site-packages/airflow/example_dags/example_branch_labels.py
[2024-08-05T06:31:04.439+0000] {processor.py:756} INFO - Processing file /home/airflow/.local/lib/python3.7/site-packages/airflow/example_dags/example_branch_labels.py for tasks to queue
[2024-08-05T06:31:04.446+0000] {logging_mixin.py:120} INFO - [2024-08-05T06:31:04.446+0000] {dagbag.py:537} INFO - Filling up the DagBag from /home/airflow/.local/lib/python3.7/site-packages/airflow/example_dags/example_branch_labels.py
[2024-08-05T06:31:04.463+0000] {processor.py:766} INFO - DAG(s) dict_keys(['example_branch_labels']) retrieved from /home/airflow/.local/lib/python3.7/site-packages/airflow/example_dags/example_branch_labels.py
[2024-08-05T06:31:04.507+0000] {logging_mixin.py:120} INFO - [2024-08-05T06:31:04.506+0000] {dag.py:2585} INFO - Sync 1 DAGs
[2024-08-05T06:31:04.547+0000] {logging_mixin.py:120} INFO - [2024-08-05T06:31:04.547+0000] {dag.py:3340} INFO - Setting next_dagrun for example_branch_labels to 2024-08-04T00:00:00+00:00, run_after=2024-08-05T00:00:00+00:00
[2024-08-05T06:31:04.572+0000] {processor.py:176} INFO - Processing /home/airflow/.local/lib/python3.7/site-packages/airflow/example_dags/example_branch_labels.py took 0.146 seconds
[2024-08-05T06:31:35.593+0000] {processor.py:154} INFO - Started process (PID=3930) to work on /home/airflow/.local/lib/python3.7/site-packages/airflow/example_dags/example_branch_labels.py
[2024-08-05T06:31:35.596+0000] {processor.py:756} INFO - Processing file /home/airflow/.local/lib/python3.7/site-packages/airflow/example_dags/example_branch_labels.py for tasks to queue
[2024-08-05T06:31:35.598+0000] {logging_mixin.py:120} INFO - [2024-08-05T06:31:35.598+0000] {dagbag.py:537} INFO - Filling up the DagBag from /home/airflow/.local/lib/python3.7/site-packages/airflow/example_dags/example_branch_labels.py
[2024-08-05T06:31:35.628+0000] {processor.py:766} INFO - DAG(s) dict_keys(['example_branch_labels']) retrieved from /home/airflow/.local/lib/python3.7/site-packages/airflow/example_dags/example_branch_labels.py
[2024-08-05T06:31:35.700+0000] {logging_mixin.py:120} INFO - [2024-08-05T06:31:35.700+0000] {dag.py:2585} INFO - Sync 1 DAGs
[2024-08-05T06:31:35.745+0000] {logging_mixin.py:120} INFO - [2024-08-05T06:31:35.745+0000] {dag.py:3340} INFO - Setting next_dagrun for example_branch_labels to 2024-08-04T00:00:00+00:00, run_after=2024-08-05T00:00:00+00:00
[2024-08-05T06:31:35.781+0000] {processor.py:176} INFO - Processing /home/airflow/.local/lib/python3.7/site-packages/airflow/example_dags/example_branch_labels.py took 0.193 seconds
[2024-08-05T06:32:07.201+0000] {processor.py:154} INFO - Started process (PID=3997) to work on /home/airflow/.local/lib/python3.7/site-packages/airflow/example_dags/example_branch_labels.py
[2024-08-05T06:32:07.323+0000] {processor.py:756} INFO - Processing file /home/airflow/.local/lib/python3.7/site-packages/airflow/example_dags/example_branch_labels.py for tasks to queue
[2024-08-05T06:32:07.390+0000] {logging_mixin.py:120} INFO - [2024-08-05T06:32:07.390+0000] {dagbag.py:537} INFO - Filling up the DagBag from /home/airflow/.local/lib/python3.7/site-packages/airflow/example_dags/example_branch_labels.py
[2024-08-05T06:32:07.499+0000] {processor.py:766} INFO - DAG(s) dict_keys(['example_branch_labels']) retrieved from /home/airflow/.local/lib/python3.7/site-packages/airflow/example_dags/example_branch_labels.py
[2024-08-05T06:32:07.748+0000] {logging_mixin.py:120} INFO - [2024-08-05T06:32:07.747+0000] {dag.py:2585} INFO - Sync 1 DAGs
[2024-08-05T06:32:07.874+0000] {logging_mixin.py:120} INFO - [2024-08-05T06:32:07.873+0000] {dag.py:3340} INFO - Setting next_dagrun for example_branch_labels to 2024-08-04T00:00:00+00:00, run_after=2024-08-05T00:00:00+00:00
[2024-08-05T06:32:07.897+0000] {processor.py:176} INFO - Processing /home/airflow/.local/lib/python3.7/site-packages/airflow/example_dags/example_branch_labels.py took 0.699 seconds
[2024-08-05T06:32:38.207+0000] {processor.py:154} INFO - Started process (PID=4054) to work on /home/airflow/.local/lib/python3.7/site-packages/airflow/example_dags/example_branch_labels.py
[2024-08-05T06:32:38.208+0000] {processor.py:756} INFO - Processing file /home/airflow/.local/lib/python3.7/site-packages/airflow/example_dags/example_branch_labels.py for tasks to queue
[2024-08-05T06:32:38.209+0000] {logging_mixin.py:120} INFO - [2024-08-05T06:32:38.209+0000] {dagbag.py:537} INFO - Filling up the DagBag from /home/airflow/.local/lib/python3.7/site-packages/airflow/example_dags/example_branch_labels.py
[2024-08-05T06:32:38.225+0000] {processor.py:766} INFO - DAG(s) dict_keys(['example_branch_labels']) retrieved from /home/airflow/.local/lib/python3.7/site-packages/airflow/example_dags/example_branch_labels.py
[2024-08-05T06:32:38.280+0000] {logging_mixin.py:120} INFO - [2024-08-05T06:32:38.279+0000] {dag.py:2585} INFO - Sync 1 DAGs
[2024-08-05T06:32:38.307+0000] {logging_mixin.py:120} INFO - [2024-08-05T06:32:38.307+0000] {dag.py:3340} INFO - Setting next_dagrun for example_branch_labels to 2024-08-04T00:00:00+00:00, run_after=2024-08-05T00:00:00+00:00
[2024-08-05T06:32:38.336+0000] {processor.py:176} INFO - Processing /home/airflow/.local/lib/python3.7/site-packages/airflow/example_dags/example_branch_labels.py took 0.134 seconds
[2024-08-05T06:33:10.039+0000] {processor.py:154} INFO - Started process (PID=4121) to work on /home/airflow/.local/lib/python3.7/site-packages/airflow/example_dags/example_branch_labels.py
[2024-08-05T06:33:10.067+0000] {processor.py:756} INFO - Processing file /home/airflow/.local/lib/python3.7/site-packages/airflow/example_dags/example_branch_labels.py for tasks to queue
[2024-08-05T06:33:10.157+0000] {logging_mixin.py:120} INFO - [2024-08-05T06:33:10.157+0000] {dagbag.py:537} INFO - Filling up the DagBag from /home/airflow/.local/lib/python3.7/site-packages/airflow/example_dags/example_branch_labels.py
[2024-08-05T06:33:10.225+0000] {processor.py:766} INFO - DAG(s) dict_keys(['example_branch_labels']) retrieved from /home/airflow/.local/lib/python3.7/site-packages/airflow/example_dags/example_branch_labels.py
[2024-08-05T06:33:10.381+0000] {logging_mixin.py:120} INFO - [2024-08-05T06:33:10.381+0000] {dag.py:2585} INFO - Sync 1 DAGs
[2024-08-05T06:33:10.486+0000] {logging_mixin.py:120} INFO - [2024-08-05T06:33:10.486+0000] {dag.py:3340} INFO - Setting next_dagrun for example_branch_labels to 2024-08-04T00:00:00+00:00, run_after=2024-08-05T00:00:00+00:00
[2024-08-05T06:33:10.599+0000] {processor.py:176} INFO - Processing /home/airflow/.local/lib/python3.7/site-packages/airflow/example_dags/example_branch_labels.py took 0.566 seconds
[2024-08-05T06:33:40.907+0000] {processor.py:154} INFO - Started process (PID=4188) to work on /home/airflow/.local/lib/python3.7/site-packages/airflow/example_dags/example_branch_labels.py
[2024-08-05T06:33:40.908+0000] {processor.py:756} INFO - Processing file /home/airflow/.local/lib/python3.7/site-packages/airflow/example_dags/example_branch_labels.py for tasks to queue
[2024-08-05T06:33:40.910+0000] {logging_mixin.py:120} INFO - [2024-08-05T06:33:40.909+0000] {dagbag.py:537} INFO - Filling up the DagBag from /home/airflow/.local/lib/python3.7/site-packages/airflow/example_dags/example_branch_labels.py
[2024-08-05T06:33:40.931+0000] {processor.py:766} INFO - DAG(s) dict_keys(['example_branch_labels']) retrieved from /home/airflow/.local/lib/python3.7/site-packages/airflow/example_dags/example_branch_labels.py
[2024-08-05T06:33:41.009+0000] {logging_mixin.py:120} INFO - [2024-08-05T06:33:41.009+0000] {dag.py:2585} INFO - Sync 1 DAGs
[2024-08-05T06:33:41.059+0000] {logging_mixin.py:120} INFO - [2024-08-05T06:33:41.058+0000] {dag.py:3340} INFO - Setting next_dagrun for example_branch_labels to 2024-08-04T00:00:00+00:00, run_after=2024-08-05T00:00:00+00:00
[2024-08-05T06:33:41.106+0000] {processor.py:176} INFO - Processing /home/airflow/.local/lib/python3.7/site-packages/airflow/example_dags/example_branch_labels.py took 0.202 seconds
[2024-08-05T06:34:11.359+0000] {processor.py:154} INFO - Started process (PID=4246) to work on /home/airflow/.local/lib/python3.7/site-packages/airflow/example_dags/example_branch_labels.py
[2024-08-05T06:34:11.361+0000] {processor.py:756} INFO - Processing file /home/airflow/.local/lib/python3.7/site-packages/airflow/example_dags/example_branch_labels.py for tasks to queue
[2024-08-05T06:34:11.361+0000] {logging_mixin.py:120} INFO - [2024-08-05T06:34:11.361+0000] {dagbag.py:537} INFO - Filling up the DagBag from /home/airflow/.local/lib/python3.7/site-packages/airflow/example_dags/example_branch_labels.py
[2024-08-05T06:34:11.377+0000] {processor.py:766} INFO - DAG(s) dict_keys(['example_branch_labels']) retrieved from /home/airflow/.local/lib/python3.7/site-packages/airflow/example_dags/example_branch_labels.py
[2024-08-05T06:34:11.421+0000] {logging_mixin.py:120} INFO - [2024-08-05T06:34:11.421+0000] {dag.py:2585} INFO - Sync 1 DAGs
[2024-08-05T06:34:11.461+0000] {logging_mixin.py:120} INFO - [2024-08-05T06:34:11.461+0000] {dag.py:3340} INFO - Setting next_dagrun for example_branch_labels to 2024-08-04T00:00:00+00:00, run_after=2024-08-05T00:00:00+00:00
[2024-08-05T06:34:11.485+0000] {processor.py:176} INFO - Processing /home/airflow/.local/lib/python3.7/site-packages/airflow/example_dags/example_branch_labels.py took 0.129 seconds
[2024-08-05T06:34:42.353+0000] {processor.py:154} INFO - Started process (PID=4313) to work on /home/airflow/.local/lib/python3.7/site-packages/airflow/example_dags/example_branch_labels.py
[2024-08-05T06:34:42.354+0000] {processor.py:756} INFO - Processing file /home/airflow/.local/lib/python3.7/site-packages/airflow/example_dags/example_branch_labels.py for tasks to queue
[2024-08-05T06:34:42.357+0000] {logging_mixin.py:120} INFO - [2024-08-05T06:34:42.357+0000] {dagbag.py:537} INFO - Filling up the DagBag from /home/airflow/.local/lib/python3.7/site-packages/airflow/example_dags/example_branch_labels.py
[2024-08-05T06:34:42.377+0000] {processor.py:766} INFO - DAG(s) dict_keys(['example_branch_labels']) retrieved from /home/airflow/.local/lib/python3.7/site-packages/airflow/example_dags/example_branch_labels.py
[2024-08-05T06:34:42.456+0000] {logging_mixin.py:120} INFO - [2024-08-05T06:34:42.456+0000] {dag.py:2585} INFO - Sync 1 DAGs
[2024-08-05T06:34:42.496+0000] {logging_mixin.py:120} INFO - [2024-08-05T06:34:42.496+0000] {dag.py:3340} INFO - Setting next_dagrun for example_branch_labels to 2024-08-04T00:00:00+00:00, run_after=2024-08-05T00:00:00+00:00
[2024-08-05T06:34:42.522+0000] {processor.py:176} INFO - Processing /home/airflow/.local/lib/python3.7/site-packages/airflow/example_dags/example_branch_labels.py took 0.174 seconds
[2024-08-05T06:35:13.228+0000] {processor.py:154} INFO - Started process (PID=4380) to work on /home/airflow/.local/lib/python3.7/site-packages/airflow/example_dags/example_branch_labels.py
[2024-08-05T06:35:13.229+0000] {processor.py:756} INFO - Processing file /home/airflow/.local/lib/python3.7/site-packages/airflow/example_dags/example_branch_labels.py for tasks to queue
[2024-08-05T06:35:13.230+0000] {logging_mixin.py:120} INFO - [2024-08-05T06:35:13.230+0000] {dagbag.py:537} INFO - Filling up the DagBag from /home/airflow/.local/lib/python3.7/site-packages/airflow/example_dags/example_branch_labels.py
[2024-08-05T06:35:13.249+0000] {processor.py:766} INFO - DAG(s) dict_keys(['example_branch_labels']) retrieved from /home/airflow/.local/lib/python3.7/site-packages/airflow/example_dags/example_branch_labels.py
[2024-08-05T06:35:13.309+0000] {logging_mixin.py:120} INFO - [2024-08-05T06:35:13.309+0000] {dag.py:2585} INFO - Sync 1 DAGs
[2024-08-05T06:35:13.353+0000] {logging_mixin.py:120} INFO - [2024-08-05T06:35:13.353+0000] {dag.py:3340} INFO - Setting next_dagrun for example_branch_labels to 2024-08-04T00:00:00+00:00, run_after=2024-08-05T00:00:00+00:00
[2024-08-05T06:35:13.410+0000] {processor.py:176} INFO - Processing /home/airflow/.local/lib/python3.7/site-packages/airflow/example_dags/example_branch_labels.py took 0.187 seconds
[2024-08-05T06:35:44.032+0000] {processor.py:154} INFO - Started process (PID=4439) to work on /home/airflow/.local/lib/python3.7/site-packages/airflow/example_dags/example_branch_labels.py
[2024-08-05T06:35:44.060+0000] {processor.py:756} INFO - Processing file /home/airflow/.local/lib/python3.7/site-packages/airflow/example_dags/example_branch_labels.py for tasks to queue
[2024-08-05T06:35:44.084+0000] {logging_mixin.py:120} INFO - [2024-08-05T06:35:44.084+0000] {dagbag.py:537} INFO - Filling up the DagBag from /home/airflow/.local/lib/python3.7/site-packages/airflow/example_dags/example_branch_labels.py
[2024-08-05T06:35:44.115+0000] {processor.py:766} INFO - DAG(s) dict_keys(['example_branch_labels']) retrieved from /home/airflow/.local/lib/python3.7/site-packages/airflow/example_dags/example_branch_labels.py
[2024-08-05T06:35:44.198+0000] {logging_mixin.py:120} INFO - [2024-08-05T06:35:44.198+0000] {dag.py:2585} INFO - Sync 1 DAGs
[2024-08-05T06:35:44.237+0000] {logging_mixin.py:120} INFO - [2024-08-05T06:35:44.237+0000] {dag.py:3340} INFO - Setting next_dagrun for example_branch_labels to 2024-08-04T00:00:00+00:00, run_after=2024-08-05T00:00:00+00:00
[2024-08-05T06:35:44.268+0000] {processor.py:176} INFO - Processing /home/airflow/.local/lib/python3.7/site-packages/airflow/example_dags/example_branch_labels.py took 0.240 seconds
[2024-08-05T06:36:14.763+0000] {processor.py:154} INFO - Started process (PID=4507) to work on /home/airflow/.local/lib/python3.7/site-packages/airflow/example_dags/example_branch_labels.py
[2024-08-05T06:36:14.765+0000] {processor.py:756} INFO - Processing file /home/airflow/.local/lib/python3.7/site-packages/airflow/example_dags/example_branch_labels.py for tasks to queue
[2024-08-05T06:36:14.766+0000] {logging_mixin.py:120} INFO - [2024-08-05T06:36:14.766+0000] {dagbag.py:537} INFO - Filling up the DagBag from /home/airflow/.local/lib/python3.7/site-packages/airflow/example_dags/example_branch_labels.py
[2024-08-05T06:36:14.783+0000] {processor.py:766} INFO - DAG(s) dict_keys(['example_branch_labels']) retrieved from /home/airflow/.local/lib/python3.7/site-packages/airflow/example_dags/example_branch_labels.py
[2024-08-05T06:36:14.826+0000] {logging_mixin.py:120} INFO - [2024-08-05T06:36:14.826+0000] {dag.py:2585} INFO - Sync 1 DAGs
[2024-08-05T06:36:14.851+0000] {logging_mixin.py:120} INFO - [2024-08-05T06:36:14.851+0000] {dag.py:3340} INFO - Setting next_dagrun for example_branch_labels to 2024-08-04T00:00:00+00:00, run_after=2024-08-05T00:00:00+00:00
[2024-08-05T06:36:14.922+0000] {processor.py:176} INFO - Processing /home/airflow/.local/lib/python3.7/site-packages/airflow/example_dags/example_branch_labels.py took 0.162 seconds
[2024-08-05T06:36:45.863+0000] {processor.py:154} INFO - Started process (PID=4574) to work on /home/airflow/.local/lib/python3.7/site-packages/airflow/example_dags/example_branch_labels.py
[2024-08-05T06:36:45.864+0000] {processor.py:756} INFO - Processing file /home/airflow/.local/lib/python3.7/site-packages/airflow/example_dags/example_branch_labels.py for tasks to queue
[2024-08-05T06:36:45.866+0000] {logging_mixin.py:120} INFO - [2024-08-05T06:36:45.866+0000] {dagbag.py:537} INFO - Filling up the DagBag from /home/airflow/.local/lib/python3.7/site-packages/airflow/example_dags/example_branch_labels.py
[2024-08-05T06:36:45.890+0000] {processor.py:766} INFO - DAG(s) dict_keys(['example_branch_labels']) retrieved from /home/airflow/.local/lib/python3.7/site-packages/airflow/example_dags/example_branch_labels.py
[2024-08-05T06:36:45.941+0000] {logging_mixin.py:120} INFO - [2024-08-05T06:36:45.940+0000] {dag.py:2585} INFO - Sync 1 DAGs
[2024-08-05T06:36:45.988+0000] {logging_mixin.py:120} INFO - [2024-08-05T06:36:45.988+0000] {dag.py:3340} INFO - Setting next_dagrun for example_branch_labels to 2024-08-04T00:00:00+00:00, run_after=2024-08-05T00:00:00+00:00
[2024-08-05T06:36:46.019+0000] {processor.py:176} INFO - Processing /home/airflow/.local/lib/python3.7/site-packages/airflow/example_dags/example_branch_labels.py took 0.162 seconds
[2024-08-05T06:37:16.681+0000] {processor.py:154} INFO - Started process (PID=4632) to work on /home/airflow/.local/lib/python3.7/site-packages/airflow/example_dags/example_branch_labels.py
[2024-08-05T06:37:16.689+0000] {processor.py:756} INFO - Processing file /home/airflow/.local/lib/python3.7/site-packages/airflow/example_dags/example_branch_labels.py for tasks to queue
[2024-08-05T06:37:16.690+0000] {logging_mixin.py:120} INFO - [2024-08-05T06:37:16.690+0000] {dagbag.py:537} INFO - Filling up the DagBag from /home/airflow/.local/lib/python3.7/site-packages/airflow/example_dags/example_branch_labels.py
[2024-08-05T06:37:16.711+0000] {processor.py:766} INFO - DAG(s) dict_keys(['example_branch_labels']) retrieved from /home/airflow/.local/lib/python3.7/site-packages/airflow/example_dags/example_branch_labels.py
[2024-08-05T06:37:16.763+0000] {logging_mixin.py:120} INFO - [2024-08-05T06:37:16.763+0000] {dag.py:2585} INFO - Sync 1 DAGs
[2024-08-05T06:37:16.801+0000] {logging_mixin.py:120} INFO - [2024-08-05T06:37:16.801+0000] {dag.py:3340} INFO - Setting next_dagrun for example_branch_labels to 2024-08-04T00:00:00+00:00, run_after=2024-08-05T00:00:00+00:00
[2024-08-05T06:37:16.822+0000] {processor.py:176} INFO - Processing /home/airflow/.local/lib/python3.7/site-packages/airflow/example_dags/example_branch_labels.py took 0.145 seconds
[2024-08-05T06:37:47.711+0000] {processor.py:154} INFO - Started process (PID=4699) to work on /home/airflow/.local/lib/python3.7/site-packages/airflow/example_dags/example_branch_labels.py
[2024-08-05T06:37:47.714+0000] {processor.py:756} INFO - Processing file /home/airflow/.local/lib/python3.7/site-packages/airflow/example_dags/example_branch_labels.py for tasks to queue
[2024-08-05T06:37:47.716+0000] {logging_mixin.py:120} INFO - [2024-08-05T06:37:47.715+0000] {dagbag.py:537} INFO - Filling up the DagBag from /home/airflow/.local/lib/python3.7/site-packages/airflow/example_dags/example_branch_labels.py
[2024-08-05T06:37:47.739+0000] {processor.py:766} INFO - DAG(s) dict_keys(['example_branch_labels']) retrieved from /home/airflow/.local/lib/python3.7/site-packages/airflow/example_dags/example_branch_labels.py
[2024-08-05T06:37:47.911+0000] {logging_mixin.py:120} INFO - [2024-08-05T06:37:47.911+0000] {dag.py:2585} INFO - Sync 1 DAGs
[2024-08-05T06:37:48.124+0000] {logging_mixin.py:120} INFO - [2024-08-05T06:37:48.124+0000] {dag.py:3340} INFO - Setting next_dagrun for example_branch_labels to 2024-08-04T00:00:00+00:00, run_after=2024-08-05T00:00:00+00:00
[2024-08-05T06:37:48.282+0000] {processor.py:176} INFO - Processing /home/airflow/.local/lib/python3.7/site-packages/airflow/example_dags/example_branch_labels.py took 0.575 seconds
[2024-08-05T06:38:19.057+0000] {processor.py:154} INFO - Started process (PID=4757) to work on /home/airflow/.local/lib/python3.7/site-packages/airflow/example_dags/example_branch_labels.py
[2024-08-05T06:38:19.059+0000] {processor.py:756} INFO - Processing file /home/airflow/.local/lib/python3.7/site-packages/airflow/example_dags/example_branch_labels.py for tasks to queue
[2024-08-05T06:38:19.089+0000] {logging_mixin.py:120} INFO - [2024-08-05T06:38:19.089+0000] {dagbag.py:537} INFO - Filling up the DagBag from /home/airflow/.local/lib/python3.7/site-packages/airflow/example_dags/example_branch_labels.py
[2024-08-05T06:38:19.141+0000] {processor.py:766} INFO - DAG(s) dict_keys(['example_branch_labels']) retrieved from /home/airflow/.local/lib/python3.7/site-packages/airflow/example_dags/example_branch_labels.py
[2024-08-05T06:38:19.193+0000] {logging_mixin.py:120} INFO - [2024-08-05T06:38:19.193+0000] {dag.py:2585} INFO - Sync 1 DAGs
[2024-08-05T06:38:19.252+0000] {logging_mixin.py:120} INFO - [2024-08-05T06:38:19.252+0000] {dag.py:3340} INFO - Setting next_dagrun for example_branch_labels to 2024-08-04T00:00:00+00:00, run_after=2024-08-05T00:00:00+00:00
[2024-08-05T06:38:19.329+0000] {processor.py:176} INFO - Processing /home/airflow/.local/lib/python3.7/site-packages/airflow/example_dags/example_branch_labels.py took 0.275 seconds
[2024-08-05T06:38:49.513+0000] {processor.py:154} INFO - Started process (PID=4824) to work on /home/airflow/.local/lib/python3.7/site-packages/airflow/example_dags/example_branch_labels.py
[2024-08-05T06:38:49.517+0000] {processor.py:756} INFO - Processing file /home/airflow/.local/lib/python3.7/site-packages/airflow/example_dags/example_branch_labels.py for tasks to queue
[2024-08-05T06:38:49.524+0000] {logging_mixin.py:120} INFO - [2024-08-05T06:38:49.524+0000] {dagbag.py:537} INFO - Filling up the DagBag from /home/airflow/.local/lib/python3.7/site-packages/airflow/example_dags/example_branch_labels.py
[2024-08-05T06:38:49.562+0000] {processor.py:766} INFO - DAG(s) dict_keys(['example_branch_labels']) retrieved from /home/airflow/.local/lib/python3.7/site-packages/airflow/example_dags/example_branch_labels.py
[2024-08-05T06:38:49.643+0000] {logging_mixin.py:120} INFO - [2024-08-05T06:38:49.643+0000] {dag.py:2585} INFO - Sync 1 DAGs
[2024-08-05T06:38:49.705+0000] {logging_mixin.py:120} INFO - [2024-08-05T06:38:49.702+0000] {dag.py:3340} INFO - Setting next_dagrun for example_branch_labels to 2024-08-04T00:00:00+00:00, run_after=2024-08-05T00:00:00+00:00
[2024-08-05T06:38:49.744+0000] {processor.py:176} INFO - Processing /home/airflow/.local/lib/python3.7/site-packages/airflow/example_dags/example_branch_labels.py took 0.235 seconds
[2024-08-05T06:39:21.177+0000] {processor.py:154} INFO - Started process (PID=4891) to work on /home/airflow/.local/lib/python3.7/site-packages/airflow/example_dags/example_branch_labels.py
[2024-08-05T06:39:21.309+0000] {processor.py:756} INFO - Processing file /home/airflow/.local/lib/python3.7/site-packages/airflow/example_dags/example_branch_labels.py for tasks to queue
[2024-08-05T06:39:21.324+0000] {logging_mixin.py:120} INFO - [2024-08-05T06:39:21.323+0000] {dagbag.py:537} INFO - Filling up the DagBag from /home/airflow/.local/lib/python3.7/site-packages/airflow/example_dags/example_branch_labels.py
[2024-08-05T06:39:21.476+0000] {processor.py:766} INFO - DAG(s) dict_keys(['example_branch_labels']) retrieved from /home/airflow/.local/lib/python3.7/site-packages/airflow/example_dags/example_branch_labels.py
[2024-08-05T06:39:21.662+0000] {logging_mixin.py:120} INFO - [2024-08-05T06:39:21.662+0000] {dag.py:2585} INFO - Sync 1 DAGs
[2024-08-05T06:39:21.775+0000] {logging_mixin.py:120} INFO - [2024-08-05T06:39:21.775+0000] {dag.py:3340} INFO - Setting next_dagrun for example_branch_labels to 2024-08-04T00:00:00+00:00, run_after=2024-08-05T00:00:00+00:00
[2024-08-05T06:39:21.942+0000] {processor.py:176} INFO - Processing /home/airflow/.local/lib/python3.7/site-packages/airflow/example_dags/example_branch_labels.py took 0.769 seconds
[2024-08-05T06:39:52.671+0000] {processor.py:154} INFO - Started process (PID=4949) to work on /home/airflow/.local/lib/python3.7/site-packages/airflow/example_dags/example_branch_labels.py
[2024-08-05T06:39:52.888+0000] {processor.py:756} INFO - Processing file /home/airflow/.local/lib/python3.7/site-packages/airflow/example_dags/example_branch_labels.py for tasks to queue
[2024-08-05T06:39:52.898+0000] {logging_mixin.py:120} INFO - [2024-08-05T06:39:52.898+0000] {dagbag.py:537} INFO - Filling up the DagBag from /home/airflow/.local/lib/python3.7/site-packages/airflow/example_dags/example_branch_labels.py
[2024-08-05T06:39:52.939+0000] {processor.py:766} INFO - DAG(s) dict_keys(['example_branch_labels']) retrieved from /home/airflow/.local/lib/python3.7/site-packages/airflow/example_dags/example_branch_labels.py
[2024-08-05T06:39:53.012+0000] {logging_mixin.py:120} INFO - [2024-08-05T06:39:53.011+0000] {dag.py:2585} INFO - Sync 1 DAGs
[2024-08-05T06:39:53.141+0000] {logging_mixin.py:120} INFO - [2024-08-05T06:39:53.141+0000] {dag.py:3340} INFO - Setting next_dagrun for example_branch_labels to 2024-08-04T00:00:00+00:00, run_after=2024-08-05T00:00:00+00:00
[2024-08-05T06:39:53.288+0000] {processor.py:176} INFO - Processing /home/airflow/.local/lib/python3.7/site-packages/airflow/example_dags/example_branch_labels.py took 0.620 seconds
[2024-08-05T06:40:24.174+0000] {processor.py:154} INFO - Started process (PID=5016) to work on /home/airflow/.local/lib/python3.7/site-packages/airflow/example_dags/example_branch_labels.py
[2024-08-05T06:40:24.176+0000] {processor.py:756} INFO - Processing file /home/airflow/.local/lib/python3.7/site-packages/airflow/example_dags/example_branch_labels.py for tasks to queue
[2024-08-05T06:40:24.177+0000] {logging_mixin.py:120} INFO - [2024-08-05T06:40:24.177+0000] {dagbag.py:537} INFO - Filling up the DagBag from /home/airflow/.local/lib/python3.7/site-packages/airflow/example_dags/example_branch_labels.py
[2024-08-05T06:40:24.215+0000] {processor.py:766} INFO - DAG(s) dict_keys(['example_branch_labels']) retrieved from /home/airflow/.local/lib/python3.7/site-packages/airflow/example_dags/example_branch_labels.py
[2024-08-05T06:40:24.255+0000] {logging_mixin.py:120} INFO - [2024-08-05T06:40:24.254+0000] {dag.py:2585} INFO - Sync 1 DAGs
[2024-08-05T06:40:24.280+0000] {logging_mixin.py:120} INFO - [2024-08-05T06:40:24.280+0000] {dag.py:3340} INFO - Setting next_dagrun for example_branch_labels to 2024-08-04T00:00:00+00:00, run_after=2024-08-05T00:00:00+00:00
[2024-08-05T06:40:24.333+0000] {processor.py:176} INFO - Processing /home/airflow/.local/lib/python3.7/site-packages/airflow/example_dags/example_branch_labels.py took 0.170 seconds
[2024-08-05T06:40:56.854+0000] {processor.py:154} INFO - Started process (PID=5081) to work on /home/airflow/.local/lib/python3.7/site-packages/airflow/example_dags/example_branch_labels.py
[2024-08-05T06:40:56.856+0000] {processor.py:756} INFO - Processing file /home/airflow/.local/lib/python3.7/site-packages/airflow/example_dags/example_branch_labels.py for tasks to queue
[2024-08-05T06:40:56.859+0000] {logging_mixin.py:120} INFO - [2024-08-05T06:40:56.858+0000] {dagbag.py:537} INFO - Filling up the DagBag from /home/airflow/.local/lib/python3.7/site-packages/airflow/example_dags/example_branch_labels.py
[2024-08-05T06:40:56.880+0000] {processor.py:766} INFO - DAG(s) dict_keys(['example_branch_labels']) retrieved from /home/airflow/.local/lib/python3.7/site-packages/airflow/example_dags/example_branch_labels.py
[2024-08-05T06:40:56.932+0000] {logging_mixin.py:120} INFO - [2024-08-05T06:40:56.932+0000] {dag.py:2585} INFO - Sync 1 DAGs
[2024-08-05T06:40:56.962+0000] {logging_mixin.py:120} INFO - [2024-08-05T06:40:56.961+0000] {dag.py:3340} INFO - Setting next_dagrun for example_branch_labels to 2024-08-04T00:00:00+00:00, run_after=2024-08-05T00:00:00+00:00
[2024-08-05T06:40:56.991+0000] {processor.py:176} INFO - Processing /home/airflow/.local/lib/python3.7/site-packages/airflow/example_dags/example_branch_labels.py took 0.143 seconds
[2024-08-05T06:41:28.545+0000] {processor.py:154} INFO - Started process (PID=5139) to work on /home/airflow/.local/lib/python3.7/site-packages/airflow/example_dags/example_branch_labels.py
[2024-08-05T06:41:28.547+0000] {processor.py:756} INFO - Processing file /home/airflow/.local/lib/python3.7/site-packages/airflow/example_dags/example_branch_labels.py for tasks to queue
[2024-08-05T06:41:28.549+0000] {logging_mixin.py:120} INFO - [2024-08-05T06:41:28.549+0000] {dagbag.py:537} INFO - Filling up the DagBag from /home/airflow/.local/lib/python3.7/site-packages/airflow/example_dags/example_branch_labels.py
[2024-08-05T06:41:28.568+0000] {processor.py:766} INFO - DAG(s) dict_keys(['example_branch_labels']) retrieved from /home/airflow/.local/lib/python3.7/site-packages/airflow/example_dags/example_branch_labels.py
[2024-08-05T06:41:28.622+0000] {logging_mixin.py:120} INFO - [2024-08-05T06:41:28.621+0000] {dag.py:2585} INFO - Sync 1 DAGs
[2024-08-05T06:41:28.657+0000] {logging_mixin.py:120} INFO - [2024-08-05T06:41:28.657+0000] {dag.py:3340} INFO - Setting next_dagrun for example_branch_labels to 2024-08-04T00:00:00+00:00, run_after=2024-08-05T00:00:00+00:00
[2024-08-05T06:41:28.688+0000] {processor.py:176} INFO - Processing /home/airflow/.local/lib/python3.7/site-packages/airflow/example_dags/example_branch_labels.py took 0.147 seconds
[2024-08-05T06:42:02.757+0000] {processor.py:154} INFO - Started process (PID=5206) to work on /home/airflow/.local/lib/python3.7/site-packages/airflow/example_dags/example_branch_labels.py
[2024-08-05T06:42:02.759+0000] {processor.py:756} INFO - Processing file /home/airflow/.local/lib/python3.7/site-packages/airflow/example_dags/example_branch_labels.py for tasks to queue
[2024-08-05T06:42:02.761+0000] {logging_mixin.py:120} INFO - [2024-08-05T06:42:02.761+0000] {dagbag.py:537} INFO - Filling up the DagBag from /home/airflow/.local/lib/python3.7/site-packages/airflow/example_dags/example_branch_labels.py
[2024-08-05T06:42:02.796+0000] {processor.py:766} INFO - DAG(s) dict_keys(['example_branch_labels']) retrieved from /home/airflow/.local/lib/python3.7/site-packages/airflow/example_dags/example_branch_labels.py
[2024-08-05T06:42:02.875+0000] {logging_mixin.py:120} INFO - [2024-08-05T06:42:02.875+0000] {dag.py:2585} INFO - Sync 1 DAGs
[2024-08-05T06:42:03.132+0000] {logging_mixin.py:120} INFO - [2024-08-05T06:42:03.132+0000] {dag.py:3340} INFO - Setting next_dagrun for example_branch_labels to 2024-08-04T00:00:00+00:00, run_after=2024-08-05T00:00:00+00:00
[2024-08-05T06:42:03.276+0000] {processor.py:176} INFO - Processing /home/airflow/.local/lib/python3.7/site-packages/airflow/example_dags/example_branch_labels.py took 0.523 seconds
[2024-08-05T06:42:36.202+0000] {processor.py:154} INFO - Started process (PID=5278) to work on /home/airflow/.local/lib/python3.7/site-packages/airflow/example_dags/example_branch_labels.py
[2024-08-05T06:42:36.204+0000] {processor.py:756} INFO - Processing file /home/airflow/.local/lib/python3.7/site-packages/airflow/example_dags/example_branch_labels.py for tasks to queue
[2024-08-05T06:42:36.205+0000] {logging_mixin.py:120} INFO - [2024-08-05T06:42:36.205+0000] {dagbag.py:537} INFO - Filling up the DagBag from /home/airflow/.local/lib/python3.7/site-packages/airflow/example_dags/example_branch_labels.py
[2024-08-05T06:42:36.229+0000] {processor.py:766} INFO - DAG(s) dict_keys(['example_branch_labels']) retrieved from /home/airflow/.local/lib/python3.7/site-packages/airflow/example_dags/example_branch_labels.py
[2024-08-05T06:42:36.277+0000] {logging_mixin.py:120} INFO - [2024-08-05T06:42:36.277+0000] {dag.py:2585} INFO - Sync 1 DAGs
[2024-08-05T06:42:36.304+0000] {logging_mixin.py:120} INFO - [2024-08-05T06:42:36.304+0000] {dag.py:3340} INFO - Setting next_dagrun for example_branch_labels to 2024-08-04T00:00:00+00:00, run_after=2024-08-05T00:00:00+00:00
[2024-08-05T06:42:36.334+0000] {processor.py:176} INFO - Processing /home/airflow/.local/lib/python3.7/site-packages/airflow/example_dags/example_branch_labels.py took 0.138 seconds
[2024-08-05T06:43:07.869+0000] {processor.py:154} INFO - Started process (PID=5346) to work on /home/airflow/.local/lib/python3.7/site-packages/airflow/example_dags/example_branch_labels.py
[2024-08-05T06:43:07.870+0000] {processor.py:756} INFO - Processing file /home/airflow/.local/lib/python3.7/site-packages/airflow/example_dags/example_branch_labels.py for tasks to queue
[2024-08-05T06:43:07.871+0000] {logging_mixin.py:120} INFO - [2024-08-05T06:43:07.871+0000] {dagbag.py:537} INFO - Filling up the DagBag from /home/airflow/.local/lib/python3.7/site-packages/airflow/example_dags/example_branch_labels.py
[2024-08-05T06:43:07.888+0000] {processor.py:766} INFO - DAG(s) dict_keys(['example_branch_labels']) retrieved from /home/airflow/.local/lib/python3.7/site-packages/airflow/example_dags/example_branch_labels.py
[2024-08-05T06:43:07.961+0000] {logging_mixin.py:120} INFO - [2024-08-05T06:43:07.960+0000] {dag.py:2585} INFO - Sync 1 DAGs
[2024-08-05T06:43:08.003+0000] {logging_mixin.py:120} INFO - [2024-08-05T06:43:08.002+0000] {dag.py:3340} INFO - Setting next_dagrun for example_branch_labels to 2024-08-04T00:00:00+00:00, run_after=2024-08-05T00:00:00+00:00
[2024-08-05T06:43:08.053+0000] {processor.py:176} INFO - Processing /home/airflow/.local/lib/python3.7/site-packages/airflow/example_dags/example_branch_labels.py took 0.188 seconds
[2024-08-05T06:43:40.696+0000] {processor.py:154} INFO - Started process (PID=5411) to work on /home/airflow/.local/lib/python3.7/site-packages/airflow/example_dags/example_branch_labels.py
[2024-08-05T06:43:40.711+0000] {processor.py:756} INFO - Processing file /home/airflow/.local/lib/python3.7/site-packages/airflow/example_dags/example_branch_labels.py for tasks to queue
[2024-08-05T06:43:40.764+0000] {logging_mixin.py:120} INFO - [2024-08-05T06:43:40.764+0000] {dagbag.py:537} INFO - Filling up the DagBag from /home/airflow/.local/lib/python3.7/site-packages/airflow/example_dags/example_branch_labels.py
[2024-08-05T06:43:40.794+0000] {processor.py:766} INFO - DAG(s) dict_keys(['example_branch_labels']) retrieved from /home/airflow/.local/lib/python3.7/site-packages/airflow/example_dags/example_branch_labels.py
[2024-08-05T06:43:40.843+0000] {logging_mixin.py:120} INFO - [2024-08-05T06:43:40.843+0000] {dag.py:2585} INFO - Sync 1 DAGs
[2024-08-05T06:43:40.910+0000] {logging_mixin.py:120} INFO - [2024-08-05T06:43:40.910+0000] {dag.py:3340} INFO - Setting next_dagrun for example_branch_labels to 2024-08-04T00:00:00+00:00, run_after=2024-08-05T00:00:00+00:00
[2024-08-05T06:43:41.064+0000] {processor.py:176} INFO - Processing /home/airflow/.local/lib/python3.7/site-packages/airflow/example_dags/example_branch_labels.py took 0.372 seconds
[2024-08-05T06:44:11.828+0000] {processor.py:154} INFO - Started process (PID=5471) to work on /home/airflow/.local/lib/python3.7/site-packages/airflow/example_dags/example_branch_labels.py
[2024-08-05T06:44:11.830+0000] {processor.py:756} INFO - Processing file /home/airflow/.local/lib/python3.7/site-packages/airflow/example_dags/example_branch_labels.py for tasks to queue
[2024-08-05T06:44:11.831+0000] {logging_mixin.py:120} INFO - [2024-08-05T06:44:11.831+0000] {dagbag.py:537} INFO - Filling up the DagBag from /home/airflow/.local/lib/python3.7/site-packages/airflow/example_dags/example_branch_labels.py
[2024-08-05T06:44:11.857+0000] {processor.py:766} INFO - DAG(s) dict_keys(['example_branch_labels']) retrieved from /home/airflow/.local/lib/python3.7/site-packages/airflow/example_dags/example_branch_labels.py
[2024-08-05T06:44:12.050+0000] {logging_mixin.py:120} INFO - [2024-08-05T06:44:12.050+0000] {dag.py:2585} INFO - Sync 1 DAGs
[2024-08-05T06:44:12.184+0000] {logging_mixin.py:120} INFO - [2024-08-05T06:44:12.183+0000] {dag.py:3340} INFO - Setting next_dagrun for example_branch_labels to 2024-08-04T00:00:00+00:00, run_after=2024-08-05T00:00:00+00:00
[2024-08-05T06:44:12.336+0000] {processor.py:176} INFO - Processing /home/airflow/.local/lib/python3.7/site-packages/airflow/example_dags/example_branch_labels.py took 0.512 seconds
[2024-08-05T06:44:43.537+0000] {processor.py:154} INFO - Started process (PID=5538) to work on /home/airflow/.local/lib/python3.7/site-packages/airflow/example_dags/example_branch_labels.py
[2024-08-05T06:44:43.553+0000] {processor.py:756} INFO - Processing file /home/airflow/.local/lib/python3.7/site-packages/airflow/example_dags/example_branch_labels.py for tasks to queue
[2024-08-05T06:44:43.558+0000] {logging_mixin.py:120} INFO - [2024-08-05T06:44:43.558+0000] {dagbag.py:537} INFO - Filling up the DagBag from /home/airflow/.local/lib/python3.7/site-packages/airflow/example_dags/example_branch_labels.py
[2024-08-05T06:44:43.577+0000] {processor.py:766} INFO - DAG(s) dict_keys(['example_branch_labels']) retrieved from /home/airflow/.local/lib/python3.7/site-packages/airflow/example_dags/example_branch_labels.py
[2024-08-05T06:44:43.649+0000] {logging_mixin.py:120} INFO - [2024-08-05T06:44:43.648+0000] {dag.py:2585} INFO - Sync 1 DAGs
[2024-08-05T06:44:43.682+0000] {logging_mixin.py:120} INFO - [2024-08-05T06:44:43.682+0000] {dag.py:3340} INFO - Setting next_dagrun for example_branch_labels to 2024-08-04T00:00:00+00:00, run_after=2024-08-05T00:00:00+00:00
[2024-08-05T06:44:43.710+0000] {processor.py:176} INFO - Processing /home/airflow/.local/lib/python3.7/site-packages/airflow/example_dags/example_branch_labels.py took 0.178 seconds
[2024-08-05T06:45:14.236+0000] {processor.py:154} INFO - Started process (PID=5603) to work on /home/airflow/.local/lib/python3.7/site-packages/airflow/example_dags/example_branch_labels.py
[2024-08-05T06:45:14.238+0000] {processor.py:756} INFO - Processing file /home/airflow/.local/lib/python3.7/site-packages/airflow/example_dags/example_branch_labels.py for tasks to queue
[2024-08-05T06:45:14.239+0000] {logging_mixin.py:120} INFO - [2024-08-05T06:45:14.239+0000] {dagbag.py:537} INFO - Filling up the DagBag from /home/airflow/.local/lib/python3.7/site-packages/airflow/example_dags/example_branch_labels.py
[2024-08-05T06:45:14.258+0000] {processor.py:766} INFO - DAG(s) dict_keys(['example_branch_labels']) retrieved from /home/airflow/.local/lib/python3.7/site-packages/airflow/example_dags/example_branch_labels.py
[2024-08-05T06:45:14.315+0000] {logging_mixin.py:120} INFO - [2024-08-05T06:45:14.315+0000] {dag.py:2585} INFO - Sync 1 DAGs
[2024-08-05T06:45:14.350+0000] {logging_mixin.py:120} INFO - [2024-08-05T06:45:14.350+0000] {dag.py:3340} INFO - Setting next_dagrun for example_branch_labels to 2024-08-04T00:00:00+00:00, run_after=2024-08-05T00:00:00+00:00
[2024-08-05T06:45:14.382+0000] {processor.py:176} INFO - Processing /home/airflow/.local/lib/python3.7/site-packages/airflow/example_dags/example_branch_labels.py took 0.150 seconds
[2024-08-05T06:45:45.674+0000] {processor.py:154} INFO - Started process (PID=5663) to work on /home/airflow/.local/lib/python3.7/site-packages/airflow/example_dags/example_branch_labels.py
[2024-08-05T06:45:45.676+0000] {processor.py:756} INFO - Processing file /home/airflow/.local/lib/python3.7/site-packages/airflow/example_dags/example_branch_labels.py for tasks to queue
[2024-08-05T06:45:45.677+0000] {logging_mixin.py:120} INFO - [2024-08-05T06:45:45.677+0000] {dagbag.py:537} INFO - Filling up the DagBag from /home/airflow/.local/lib/python3.7/site-packages/airflow/example_dags/example_branch_labels.py
[2024-08-05T06:45:45.694+0000] {processor.py:766} INFO - DAG(s) dict_keys(['example_branch_labels']) retrieved from /home/airflow/.local/lib/python3.7/site-packages/airflow/example_dags/example_branch_labels.py
[2024-08-05T06:45:45.746+0000] {logging_mixin.py:120} INFO - [2024-08-05T06:45:45.746+0000] {dag.py:2585} INFO - Sync 1 DAGs
[2024-08-05T06:45:45.780+0000] {logging_mixin.py:120} INFO - [2024-08-05T06:45:45.780+0000] {dag.py:3340} INFO - Setting next_dagrun for example_branch_labels to 2024-08-04T00:00:00+00:00, run_after=2024-08-05T00:00:00+00:00
[2024-08-05T06:45:45.813+0000] {processor.py:176} INFO - Processing /home/airflow/.local/lib/python3.7/site-packages/airflow/example_dags/example_branch_labels.py took 0.143 seconds
[2024-08-05T06:46:17.992+0000] {processor.py:154} INFO - Started process (PID=5731) to work on /home/airflow/.local/lib/python3.7/site-packages/airflow/example_dags/example_branch_labels.py
[2024-08-05T06:46:17.996+0000] {processor.py:756} INFO - Processing file /home/airflow/.local/lib/python3.7/site-packages/airflow/example_dags/example_branch_labels.py for tasks to queue
[2024-08-05T06:46:17.997+0000] {logging_mixin.py:120} INFO - [2024-08-05T06:46:17.997+0000] {dagbag.py:537} INFO - Filling up the DagBag from /home/airflow/.local/lib/python3.7/site-packages/airflow/example_dags/example_branch_labels.py
[2024-08-05T06:46:18.028+0000] {processor.py:766} INFO - DAG(s) dict_keys(['example_branch_labels']) retrieved from /home/airflow/.local/lib/python3.7/site-packages/airflow/example_dags/example_branch_labels.py
[2024-08-05T06:46:18.160+0000] {logging_mixin.py:120} INFO - [2024-08-05T06:46:18.159+0000] {dag.py:2585} INFO - Sync 1 DAGs
[2024-08-05T06:46:18.290+0000] {logging_mixin.py:120} INFO - [2024-08-05T06:46:18.290+0000] {dag.py:3340} INFO - Setting next_dagrun for example_branch_labels to 2024-08-04T00:00:00+00:00, run_after=2024-08-05T00:00:00+00:00
[2024-08-05T06:46:18.316+0000] {processor.py:176} INFO - Processing /home/airflow/.local/lib/python3.7/site-packages/airflow/example_dags/example_branch_labels.py took 0.328 seconds
[2024-08-05T06:46:49.689+0000] {processor.py:154} INFO - Started process (PID=5798) to work on /home/airflow/.local/lib/python3.7/site-packages/airflow/example_dags/example_branch_labels.py
[2024-08-05T06:46:49.691+0000] {processor.py:756} INFO - Processing file /home/airflow/.local/lib/python3.7/site-packages/airflow/example_dags/example_branch_labels.py for tasks to queue
[2024-08-05T06:46:49.706+0000] {logging_mixin.py:120} INFO - [2024-08-05T06:46:49.706+0000] {dagbag.py:537} INFO - Filling up the DagBag from /home/airflow/.local/lib/python3.7/site-packages/airflow/example_dags/example_branch_labels.py
[2024-08-05T06:46:49.736+0000] {processor.py:766} INFO - DAG(s) dict_keys(['example_branch_labels']) retrieved from /home/airflow/.local/lib/python3.7/site-packages/airflow/example_dags/example_branch_labels.py
[2024-08-05T06:46:49.785+0000] {logging_mixin.py:120} INFO - [2024-08-05T06:46:49.785+0000] {dag.py:2585} INFO - Sync 1 DAGs
[2024-08-05T06:46:49.815+0000] {logging_mixin.py:120} INFO - [2024-08-05T06:46:49.815+0000] {dag.py:3340} INFO - Setting next_dagrun for example_branch_labels to 2024-08-04T00:00:00+00:00, run_after=2024-08-05T00:00:00+00:00
[2024-08-05T06:46:49.842+0000] {processor.py:176} INFO - Processing /home/airflow/.local/lib/python3.7/site-packages/airflow/example_dags/example_branch_labels.py took 0.157 seconds
[2024-08-05T06:47:20.091+0000] {processor.py:154} INFO - Started process (PID=5857) to work on /home/airflow/.local/lib/python3.7/site-packages/airflow/example_dags/example_branch_labels.py
[2024-08-05T06:47:20.093+0000] {processor.py:756} INFO - Processing file /home/airflow/.local/lib/python3.7/site-packages/airflow/example_dags/example_branch_labels.py for tasks to queue
[2024-08-05T06:47:20.094+0000] {logging_mixin.py:120} INFO - [2024-08-05T06:47:20.094+0000] {dagbag.py:537} INFO - Filling up the DagBag from /home/airflow/.local/lib/python3.7/site-packages/airflow/example_dags/example_branch_labels.py
[2024-08-05T06:47:20.121+0000] {processor.py:766} INFO - DAG(s) dict_keys(['example_branch_labels']) retrieved from /home/airflow/.local/lib/python3.7/site-packages/airflow/example_dags/example_branch_labels.py
[2024-08-05T06:47:20.187+0000] {logging_mixin.py:120} INFO - [2024-08-05T06:47:20.187+0000] {dag.py:2585} INFO - Sync 1 DAGs
[2024-08-05T06:47:20.226+0000] {logging_mixin.py:120} INFO - [2024-08-05T06:47:20.225+0000] {dag.py:3340} INFO - Setting next_dagrun for example_branch_labels to 2024-08-04T00:00:00+00:00, run_after=2024-08-05T00:00:00+00:00
[2024-08-05T06:47:20.268+0000] {processor.py:176} INFO - Processing /home/airflow/.local/lib/python3.7/site-packages/airflow/example_dags/example_branch_labels.py took 0.183 seconds
[2024-08-05T06:47:51.041+0000] {processor.py:154} INFO - Started process (PID=5925) to work on /home/airflow/.local/lib/python3.7/site-packages/airflow/example_dags/example_branch_labels.py
[2024-08-05T06:47:51.042+0000] {processor.py:756} INFO - Processing file /home/airflow/.local/lib/python3.7/site-packages/airflow/example_dags/example_branch_labels.py for tasks to queue
[2024-08-05T06:47:51.043+0000] {logging_mixin.py:120} INFO - [2024-08-05T06:47:51.043+0000] {dagbag.py:537} INFO - Filling up the DagBag from /home/airflow/.local/lib/python3.7/site-packages/airflow/example_dags/example_branch_labels.py
[2024-08-05T06:47:51.059+0000] {processor.py:766} INFO - DAG(s) dict_keys(['example_branch_labels']) retrieved from /home/airflow/.local/lib/python3.7/site-packages/airflow/example_dags/example_branch_labels.py
[2024-08-05T06:47:51.114+0000] {logging_mixin.py:120} INFO - [2024-08-05T06:47:51.113+0000] {dag.py:2585} INFO - Sync 1 DAGs
[2024-08-05T06:47:51.142+0000] {logging_mixin.py:120} INFO - [2024-08-05T06:47:51.142+0000] {dag.py:3340} INFO - Setting next_dagrun for example_branch_labels to 2024-08-04T00:00:00+00:00, run_after=2024-08-05T00:00:00+00:00
[2024-08-05T06:47:51.168+0000] {processor.py:176} INFO - Processing /home/airflow/.local/lib/python3.7/site-packages/airflow/example_dags/example_branch_labels.py took 0.130 seconds
[2024-08-05T06:48:22.733+0000] {processor.py:154} INFO - Started process (PID=5983) to work on /home/airflow/.local/lib/python3.7/site-packages/airflow/example_dags/example_branch_labels.py
[2024-08-05T06:48:22.739+0000] {processor.py:756} INFO - Processing file /home/airflow/.local/lib/python3.7/site-packages/airflow/example_dags/example_branch_labels.py for tasks to queue
[2024-08-05T06:48:22.740+0000] {logging_mixin.py:120} INFO - [2024-08-05T06:48:22.740+0000] {dagbag.py:537} INFO - Filling up the DagBag from /home/airflow/.local/lib/python3.7/site-packages/airflow/example_dags/example_branch_labels.py
[2024-08-05T06:48:22.759+0000] {processor.py:766} INFO - DAG(s) dict_keys(['example_branch_labels']) retrieved from /home/airflow/.local/lib/python3.7/site-packages/airflow/example_dags/example_branch_labels.py
[2024-08-05T06:48:22.816+0000] {logging_mixin.py:120} INFO - [2024-08-05T06:48:22.816+0000] {dag.py:2585} INFO - Sync 1 DAGs
[2024-08-05T06:48:22.852+0000] {logging_mixin.py:120} INFO - [2024-08-05T06:48:22.852+0000] {dag.py:3340} INFO - Setting next_dagrun for example_branch_labels to 2024-08-04T00:00:00+00:00, run_after=2024-08-05T00:00:00+00:00
[2024-08-05T06:48:22.910+0000] {processor.py:176} INFO - Processing /home/airflow/.local/lib/python3.7/site-packages/airflow/example_dags/example_branch_labels.py took 0.181 seconds
[2024-08-05T06:48:53.215+0000] {processor.py:154} INFO - Started process (PID=6050) to work on /home/airflow/.local/lib/python3.7/site-packages/airflow/example_dags/example_branch_labels.py
[2024-08-05T06:48:53.242+0000] {processor.py:756} INFO - Processing file /home/airflow/.local/lib/python3.7/site-packages/airflow/example_dags/example_branch_labels.py for tasks to queue
[2024-08-05T06:48:53.246+0000] {logging_mixin.py:120} INFO - [2024-08-05T06:48:53.246+0000] {dagbag.py:537} INFO - Filling up the DagBag from /home/airflow/.local/lib/python3.7/site-packages/airflow/example_dags/example_branch_labels.py
[2024-08-05T06:48:53.265+0000] {processor.py:766} INFO - DAG(s) dict_keys(['example_branch_labels']) retrieved from /home/airflow/.local/lib/python3.7/site-packages/airflow/example_dags/example_branch_labels.py
[2024-08-05T06:48:53.311+0000] {logging_mixin.py:120} INFO - [2024-08-05T06:48:53.310+0000] {dag.py:2585} INFO - Sync 1 DAGs
[2024-08-05T06:48:53.368+0000] {logging_mixin.py:120} INFO - [2024-08-05T06:48:53.368+0000] {dag.py:3340} INFO - Setting next_dagrun for example_branch_labels to 2024-08-04T00:00:00+00:00, run_after=2024-08-05T00:00:00+00:00
[2024-08-05T06:48:53.405+0000] {processor.py:176} INFO - Processing /home/airflow/.local/lib/python3.7/site-packages/airflow/example_dags/example_branch_labels.py took 0.194 seconds
[2024-08-05T06:49:25.287+0000] {processor.py:154} INFO - Started process (PID=6117) to work on /home/airflow/.local/lib/python3.7/site-packages/airflow/example_dags/example_branch_labels.py
[2024-08-05T06:49:25.288+0000] {processor.py:756} INFO - Processing file /home/airflow/.local/lib/python3.7/site-packages/airflow/example_dags/example_branch_labels.py for tasks to queue
[2024-08-05T06:49:25.289+0000] {logging_mixin.py:120} INFO - [2024-08-05T06:49:25.289+0000] {dagbag.py:537} INFO - Filling up the DagBag from /home/airflow/.local/lib/python3.7/site-packages/airflow/example_dags/example_branch_labels.py
[2024-08-05T06:49:25.308+0000] {processor.py:766} INFO - DAG(s) dict_keys(['example_branch_labels']) retrieved from /home/airflow/.local/lib/python3.7/site-packages/airflow/example_dags/example_branch_labels.py
[2024-08-05T06:49:25.354+0000] {logging_mixin.py:120} INFO - [2024-08-05T06:49:25.354+0000] {dag.py:2585} INFO - Sync 1 DAGs
[2024-08-05T06:49:25.388+0000] {logging_mixin.py:120} INFO - [2024-08-05T06:49:25.388+0000] {dag.py:3340} INFO - Setting next_dagrun for example_branch_labels to 2024-08-04T00:00:00+00:00, run_after=2024-08-05T00:00:00+00:00
[2024-08-05T06:49:25.410+0000] {processor.py:176} INFO - Processing /home/airflow/.local/lib/python3.7/site-packages/airflow/example_dags/example_branch_labels.py took 0.128 seconds
[2024-08-05T06:49:55.960+0000] {processor.py:154} INFO - Started process (PID=6175) to work on /home/airflow/.local/lib/python3.7/site-packages/airflow/example_dags/example_branch_labels.py
[2024-08-05T06:49:55.961+0000] {processor.py:756} INFO - Processing file /home/airflow/.local/lib/python3.7/site-packages/airflow/example_dags/example_branch_labels.py for tasks to queue
[2024-08-05T06:49:55.962+0000] {logging_mixin.py:120} INFO - [2024-08-05T06:49:55.962+0000] {dagbag.py:537} INFO - Filling up the DagBag from /home/airflow/.local/lib/python3.7/site-packages/airflow/example_dags/example_branch_labels.py
[2024-08-05T06:49:55.986+0000] {processor.py:766} INFO - DAG(s) dict_keys(['example_branch_labels']) retrieved from /home/airflow/.local/lib/python3.7/site-packages/airflow/example_dags/example_branch_labels.py
[2024-08-05T06:49:56.045+0000] {logging_mixin.py:120} INFO - [2024-08-05T06:49:56.045+0000] {dag.py:2585} INFO - Sync 1 DAGs
[2024-08-05T06:49:56.143+0000] {logging_mixin.py:120} INFO - [2024-08-05T06:49:56.143+0000] {dag.py:3340} INFO - Setting next_dagrun for example_branch_labels to 2024-08-04T00:00:00+00:00, run_after=2024-08-05T00:00:00+00:00
[2024-08-05T06:49:56.170+0000] {processor.py:176} INFO - Processing /home/airflow/.local/lib/python3.7/site-packages/airflow/example_dags/example_branch_labels.py took 0.214 seconds
[2024-08-05T06:50:27.304+0000] {processor.py:154} INFO - Started process (PID=6242) to work on /home/airflow/.local/lib/python3.7/site-packages/airflow/example_dags/example_branch_labels.py
[2024-08-05T06:50:27.305+0000] {processor.py:756} INFO - Processing file /home/airflow/.local/lib/python3.7/site-packages/airflow/example_dags/example_branch_labels.py for tasks to queue
[2024-08-05T06:50:27.306+0000] {logging_mixin.py:120} INFO - [2024-08-05T06:50:27.306+0000] {dagbag.py:537} INFO - Filling up the DagBag from /home/airflow/.local/lib/python3.7/site-packages/airflow/example_dags/example_branch_labels.py
[2024-08-05T06:50:27.338+0000] {processor.py:766} INFO - DAG(s) dict_keys(['example_branch_labels']) retrieved from /home/airflow/.local/lib/python3.7/site-packages/airflow/example_dags/example_branch_labels.py
[2024-08-05T06:50:27.384+0000] {logging_mixin.py:120} INFO - [2024-08-05T06:50:27.384+0000] {dag.py:2585} INFO - Sync 1 DAGs
[2024-08-05T06:50:27.425+0000] {logging_mixin.py:120} INFO - [2024-08-05T06:50:27.424+0000] {dag.py:3340} INFO - Setting next_dagrun for example_branch_labels to 2024-08-04T00:00:00+00:00, run_after=2024-08-05T00:00:00+00:00
[2024-08-05T06:50:27.448+0000] {processor.py:176} INFO - Processing /home/airflow/.local/lib/python3.7/site-packages/airflow/example_dags/example_branch_labels.py took 0.149 seconds
[2024-08-05T06:50:58.394+0000] {processor.py:154} INFO - Started process (PID=6309) to work on /home/airflow/.local/lib/python3.7/site-packages/airflow/example_dags/example_branch_labels.py
[2024-08-05T06:50:58.396+0000] {processor.py:756} INFO - Processing file /home/airflow/.local/lib/python3.7/site-packages/airflow/example_dags/example_branch_labels.py for tasks to queue
[2024-08-05T06:50:58.400+0000] {logging_mixin.py:120} INFO - [2024-08-05T06:50:58.400+0000] {dagbag.py:537} INFO - Filling up the DagBag from /home/airflow/.local/lib/python3.7/site-packages/airflow/example_dags/example_branch_labels.py
[2024-08-05T06:50:58.429+0000] {processor.py:766} INFO - DAG(s) dict_keys(['example_branch_labels']) retrieved from /home/airflow/.local/lib/python3.7/site-packages/airflow/example_dags/example_branch_labels.py
[2024-08-05T06:50:58.544+0000] {logging_mixin.py:120} INFO - [2024-08-05T06:50:58.543+0000] {dag.py:2585} INFO - Sync 1 DAGs
[2024-08-05T06:50:58.579+0000] {logging_mixin.py:120} INFO - [2024-08-05T06:50:58.579+0000] {dag.py:3340} INFO - Setting next_dagrun for example_branch_labels to 2024-08-04T00:00:00+00:00, run_after=2024-08-05T00:00:00+00:00
[2024-08-05T06:50:58.606+0000] {processor.py:176} INFO - Processing /home/airflow/.local/lib/python3.7/site-packages/airflow/example_dags/example_branch_labels.py took 0.216 seconds
[2024-08-05T06:51:29.149+0000] {processor.py:154} INFO - Started process (PID=6366) to work on /home/airflow/.local/lib/python3.7/site-packages/airflow/example_dags/example_branch_labels.py
[2024-08-05T06:51:29.154+0000] {processor.py:756} INFO - Processing file /home/airflow/.local/lib/python3.7/site-packages/airflow/example_dags/example_branch_labels.py for tasks to queue
[2024-08-05T06:51:29.156+0000] {logging_mixin.py:120} INFO - [2024-08-05T06:51:29.156+0000] {dagbag.py:537} INFO - Filling up the DagBag from /home/airflow/.local/lib/python3.7/site-packages/airflow/example_dags/example_branch_labels.py
[2024-08-05T06:51:29.180+0000] {processor.py:766} INFO - DAG(s) dict_keys(['example_branch_labels']) retrieved from /home/airflow/.local/lib/python3.7/site-packages/airflow/example_dags/example_branch_labels.py
[2024-08-05T06:51:29.247+0000] {logging_mixin.py:120} INFO - [2024-08-05T06:51:29.246+0000] {dag.py:2585} INFO - Sync 1 DAGs
[2024-08-05T06:51:29.278+0000] {logging_mixin.py:120} INFO - [2024-08-05T06:51:29.278+0000] {dag.py:3340} INFO - Setting next_dagrun for example_branch_labels to 2024-08-04T00:00:00+00:00, run_after=2024-08-05T00:00:00+00:00
[2024-08-05T06:51:29.300+0000] {processor.py:176} INFO - Processing /home/airflow/.local/lib/python3.7/site-packages/airflow/example_dags/example_branch_labels.py took 0.156 seconds
[2024-08-05T06:52:00.278+0000] {processor.py:154} INFO - Started process (PID=6433) to work on /home/airflow/.local/lib/python3.7/site-packages/airflow/example_dags/example_branch_labels.py
[2024-08-05T06:52:00.280+0000] {processor.py:756} INFO - Processing file /home/airflow/.local/lib/python3.7/site-packages/airflow/example_dags/example_branch_labels.py for tasks to queue
[2024-08-05T06:52:00.281+0000] {logging_mixin.py:120} INFO - [2024-08-05T06:52:00.281+0000] {dagbag.py:537} INFO - Filling up the DagBag from /home/airflow/.local/lib/python3.7/site-packages/airflow/example_dags/example_branch_labels.py
[2024-08-05T06:52:00.298+0000] {processor.py:766} INFO - DAG(s) dict_keys(['example_branch_labels']) retrieved from /home/airflow/.local/lib/python3.7/site-packages/airflow/example_dags/example_branch_labels.py
[2024-08-05T06:52:00.354+0000] {logging_mixin.py:120} INFO - [2024-08-05T06:52:00.354+0000] {dag.py:2585} INFO - Sync 1 DAGs
[2024-08-05T06:52:00.383+0000] {logging_mixin.py:120} INFO - [2024-08-05T06:52:00.382+0000] {dag.py:3340} INFO - Setting next_dagrun for example_branch_labels to 2024-08-04T00:00:00+00:00, run_after=2024-08-05T00:00:00+00:00
[2024-08-05T06:52:00.413+0000] {processor.py:176} INFO - Processing /home/airflow/.local/lib/python3.7/site-packages/airflow/example_dags/example_branch_labels.py took 0.139 seconds
[2024-08-05T06:52:30.654+0000] {processor.py:154} INFO - Started process (PID=6501) to work on /home/airflow/.local/lib/python3.7/site-packages/airflow/example_dags/example_branch_labels.py
[2024-08-05T06:52:30.655+0000] {processor.py:756} INFO - Processing file /home/airflow/.local/lib/python3.7/site-packages/airflow/example_dags/example_branch_labels.py for tasks to queue
[2024-08-05T06:52:30.656+0000] {logging_mixin.py:120} INFO - [2024-08-05T06:52:30.655+0000] {dagbag.py:537} INFO - Filling up the DagBag from /home/airflow/.local/lib/python3.7/site-packages/airflow/example_dags/example_branch_labels.py
[2024-08-05T06:52:30.670+0000] {processor.py:766} INFO - DAG(s) dict_keys(['example_branch_labels']) retrieved from /home/airflow/.local/lib/python3.7/site-packages/airflow/example_dags/example_branch_labels.py
[2024-08-05T06:52:30.716+0000] {logging_mixin.py:120} INFO - [2024-08-05T06:52:30.716+0000] {dag.py:2585} INFO - Sync 1 DAGs
[2024-08-05T06:52:30.744+0000] {logging_mixin.py:120} INFO - [2024-08-05T06:52:30.744+0000] {dag.py:3340} INFO - Setting next_dagrun for example_branch_labels to 2024-08-04T00:00:00+00:00, run_after=2024-08-05T00:00:00+00:00
[2024-08-05T06:52:30.786+0000] {processor.py:176} INFO - Processing /home/airflow/.local/lib/python3.7/site-packages/airflow/example_dags/example_branch_labels.py took 0.138 seconds
[2024-08-05T06:53:02.739+0000] {processor.py:154} INFO - Started process (PID=6559) to work on /home/airflow/.local/lib/python3.7/site-packages/airflow/example_dags/example_branch_labels.py
[2024-08-05T06:53:02.741+0000] {processor.py:756} INFO - Processing file /home/airflow/.local/lib/python3.7/site-packages/airflow/example_dags/example_branch_labels.py for tasks to queue
[2024-08-05T06:53:02.744+0000] {logging_mixin.py:120} INFO - [2024-08-05T06:53:02.744+0000] {dagbag.py:537} INFO - Filling up the DagBag from /home/airflow/.local/lib/python3.7/site-packages/airflow/example_dags/example_branch_labels.py
[2024-08-05T06:53:02.823+0000] {processor.py:766} INFO - DAG(s) dict_keys(['example_branch_labels']) retrieved from /home/airflow/.local/lib/python3.7/site-packages/airflow/example_dags/example_branch_labels.py
[2024-08-05T06:53:02.971+0000] {logging_mixin.py:120} INFO - [2024-08-05T06:53:02.970+0000] {dag.py:2585} INFO - Sync 1 DAGs
[2024-08-05T06:53:03.110+0000] {logging_mixin.py:120} INFO - [2024-08-05T06:53:03.110+0000] {dag.py:3340} INFO - Setting next_dagrun for example_branch_labels to 2024-08-04T00:00:00+00:00, run_after=2024-08-05T00:00:00+00:00
[2024-08-05T06:53:03.246+0000] {processor.py:176} INFO - Processing /home/airflow/.local/lib/python3.7/site-packages/airflow/example_dags/example_branch_labels.py took 0.510 seconds
[2024-08-05T06:53:33.679+0000] {processor.py:154} INFO - Started process (PID=6626) to work on /home/airflow/.local/lib/python3.7/site-packages/airflow/example_dags/example_branch_labels.py
[2024-08-05T06:53:33.705+0000] {processor.py:756} INFO - Processing file /home/airflow/.local/lib/python3.7/site-packages/airflow/example_dags/example_branch_labels.py for tasks to queue
[2024-08-05T06:53:33.718+0000] {logging_mixin.py:120} INFO - [2024-08-05T06:53:33.718+0000] {dagbag.py:537} INFO - Filling up the DagBag from /home/airflow/.local/lib/python3.7/site-packages/airflow/example_dags/example_branch_labels.py
[2024-08-05T06:53:33.779+0000] {processor.py:766} INFO - DAG(s) dict_keys(['example_branch_labels']) retrieved from /home/airflow/.local/lib/python3.7/site-packages/airflow/example_dags/example_branch_labels.py
[2024-08-05T06:53:33.921+0000] {logging_mixin.py:120} INFO - [2024-08-05T06:53:33.921+0000] {dag.py:2585} INFO - Sync 1 DAGs
[2024-08-05T06:53:34.073+0000] {logging_mixin.py:120} INFO - [2024-08-05T06:53:34.073+0000] {dag.py:3340} INFO - Setting next_dagrun for example_branch_labels to 2024-08-04T00:00:00+00:00, run_after=2024-08-05T00:00:00+00:00
[2024-08-05T06:53:34.197+0000] {processor.py:176} INFO - Processing /home/airflow/.local/lib/python3.7/site-packages/airflow/example_dags/example_branch_labels.py took 0.522 seconds
[2024-08-05T06:54:04.731+0000] {processor.py:154} INFO - Started process (PID=6694) to work on /home/airflow/.local/lib/python3.7/site-packages/airflow/example_dags/example_branch_labels.py
[2024-08-05T06:54:04.735+0000] {processor.py:756} INFO - Processing file /home/airflow/.local/lib/python3.7/site-packages/airflow/example_dags/example_branch_labels.py for tasks to queue
[2024-08-05T06:54:04.737+0000] {logging_mixin.py:120} INFO - [2024-08-05T06:54:04.737+0000] {dagbag.py:537} INFO - Filling up the DagBag from /home/airflow/.local/lib/python3.7/site-packages/airflow/example_dags/example_branch_labels.py
[2024-08-05T06:54:04.759+0000] {processor.py:766} INFO - DAG(s) dict_keys(['example_branch_labels']) retrieved from /home/airflow/.local/lib/python3.7/site-packages/airflow/example_dags/example_branch_labels.py
[2024-08-05T06:54:04.829+0000] {logging_mixin.py:120} INFO - [2024-08-05T06:54:04.828+0000] {dag.py:2585} INFO - Sync 1 DAGs
[2024-08-05T06:54:04.878+0000] {logging_mixin.py:120} INFO - [2024-08-05T06:54:04.877+0000] {dag.py:3340} INFO - Setting next_dagrun for example_branch_labels to 2024-08-04T00:00:00+00:00, run_after=2024-08-05T00:00:00+00:00
[2024-08-05T06:54:04.921+0000] {processor.py:176} INFO - Processing /home/airflow/.local/lib/python3.7/site-packages/airflow/example_dags/example_branch_labels.py took 0.198 seconds
[2024-08-05T06:54:35.098+0000] {processor.py:154} INFO - Started process (PID=6752) to work on /home/airflow/.local/lib/python3.7/site-packages/airflow/example_dags/example_branch_labels.py
[2024-08-05T06:54:35.100+0000] {processor.py:756} INFO - Processing file /home/airflow/.local/lib/python3.7/site-packages/airflow/example_dags/example_branch_labels.py for tasks to queue
[2024-08-05T06:54:35.102+0000] {logging_mixin.py:120} INFO - [2024-08-05T06:54:35.102+0000] {dagbag.py:537} INFO - Filling up the DagBag from /home/airflow/.local/lib/python3.7/site-packages/airflow/example_dags/example_branch_labels.py
[2024-08-05T06:54:35.122+0000] {processor.py:766} INFO - DAG(s) dict_keys(['example_branch_labels']) retrieved from /home/airflow/.local/lib/python3.7/site-packages/airflow/example_dags/example_branch_labels.py
[2024-08-05T06:54:35.183+0000] {logging_mixin.py:120} INFO - [2024-08-05T06:54:35.183+0000] {dag.py:2585} INFO - Sync 1 DAGs
[2024-08-05T06:54:35.223+0000] {logging_mixin.py:120} INFO - [2024-08-05T06:54:35.223+0000] {dag.py:3340} INFO - Setting next_dagrun for example_branch_labels to 2024-08-04T00:00:00+00:00, run_after=2024-08-05T00:00:00+00:00
[2024-08-05T06:54:35.256+0000] {processor.py:176} INFO - Processing /home/airflow/.local/lib/python3.7/site-packages/airflow/example_dags/example_branch_labels.py took 0.163 seconds
[2024-08-05T06:55:06.055+0000] {processor.py:154} INFO - Started process (PID=6820) to work on /home/airflow/.local/lib/python3.7/site-packages/airflow/example_dags/example_branch_labels.py
[2024-08-05T06:55:06.057+0000] {processor.py:756} INFO - Processing file /home/airflow/.local/lib/python3.7/site-packages/airflow/example_dags/example_branch_labels.py for tasks to queue
[2024-08-05T06:55:06.058+0000] {logging_mixin.py:120} INFO - [2024-08-05T06:55:06.058+0000] {dagbag.py:537} INFO - Filling up the DagBag from /home/airflow/.local/lib/python3.7/site-packages/airflow/example_dags/example_branch_labels.py
[2024-08-05T06:55:06.074+0000] {processor.py:766} INFO - DAG(s) dict_keys(['example_branch_labels']) retrieved from /home/airflow/.local/lib/python3.7/site-packages/airflow/example_dags/example_branch_labels.py
[2024-08-05T06:55:06.116+0000] {logging_mixin.py:120} INFO - [2024-08-05T06:55:06.116+0000] {dag.py:2585} INFO - Sync 1 DAGs
[2024-08-05T06:55:06.145+0000] {logging_mixin.py:120} INFO - [2024-08-05T06:55:06.145+0000] {dag.py:3340} INFO - Setting next_dagrun for example_branch_labels to 2024-08-04T00:00:00+00:00, run_after=2024-08-05T00:00:00+00:00
[2024-08-05T06:55:06.168+0000] {processor.py:176} INFO - Processing /home/airflow/.local/lib/python3.7/site-packages/airflow/example_dags/example_branch_labels.py took 0.116 seconds
[2024-08-05T06:55:38.554+0000] {processor.py:154} INFO - Started process (PID=6886) to work on /home/airflow/.local/lib/python3.7/site-packages/airflow/example_dags/example_branch_labels.py
[2024-08-05T06:55:38.608+0000] {processor.py:756} INFO - Processing file /home/airflow/.local/lib/python3.7/site-packages/airflow/example_dags/example_branch_labels.py for tasks to queue
[2024-08-05T06:55:38.622+0000] {logging_mixin.py:120} INFO - [2024-08-05T06:55:38.622+0000] {dagbag.py:537} INFO - Filling up the DagBag from /home/airflow/.local/lib/python3.7/site-packages/airflow/example_dags/example_branch_labels.py
[2024-08-05T06:55:38.761+0000] {processor.py:766} INFO - DAG(s) dict_keys(['example_branch_labels']) retrieved from /home/airflow/.local/lib/python3.7/site-packages/airflow/example_dags/example_branch_labels.py
[2024-08-05T06:55:38.814+0000] {logging_mixin.py:120} INFO - [2024-08-05T06:55:38.814+0000] {dag.py:2585} INFO - Sync 1 DAGs
[2024-08-05T06:55:38.936+0000] {logging_mixin.py:120} INFO - [2024-08-05T06:55:38.936+0000] {dag.py:3340} INFO - Setting next_dagrun for example_branch_labels to 2024-08-04T00:00:00+00:00, run_after=2024-08-05T00:00:00+00:00
[2024-08-05T06:55:38.958+0000] {processor.py:176} INFO - Processing /home/airflow/.local/lib/python3.7/site-packages/airflow/example_dags/example_branch_labels.py took 0.408 seconds
[2024-08-05T06:56:09.127+0000] {processor.py:154} INFO - Started process (PID=6954) to work on /home/airflow/.local/lib/python3.7/site-packages/airflow/example_dags/example_branch_labels.py
[2024-08-05T06:56:09.128+0000] {processor.py:756} INFO - Processing file /home/airflow/.local/lib/python3.7/site-packages/airflow/example_dags/example_branch_labels.py for tasks to queue
[2024-08-05T06:56:09.129+0000] {logging_mixin.py:120} INFO - [2024-08-05T06:56:09.129+0000] {dagbag.py:537} INFO - Filling up the DagBag from /home/airflow/.local/lib/python3.7/site-packages/airflow/example_dags/example_branch_labels.py
[2024-08-05T06:56:09.156+0000] {processor.py:766} INFO - DAG(s) dict_keys(['example_branch_labels']) retrieved from /home/airflow/.local/lib/python3.7/site-packages/airflow/example_dags/example_branch_labels.py
[2024-08-05T06:56:09.215+0000] {logging_mixin.py:120} INFO - [2024-08-05T06:56:09.215+0000] {dag.py:2585} INFO - Sync 1 DAGs
[2024-08-05T06:56:09.386+0000] {logging_mixin.py:120} INFO - [2024-08-05T06:56:09.385+0000] {dag.py:3340} INFO - Setting next_dagrun for example_branch_labels to 2024-08-04T00:00:00+00:00, run_after=2024-08-05T00:00:00+00:00
[2024-08-05T06:56:09.514+0000] {processor.py:176} INFO - Processing /home/airflow/.local/lib/python3.7/site-packages/airflow/example_dags/example_branch_labels.py took 0.400 seconds
[2024-08-05T06:56:40.187+0000] {processor.py:154} INFO - Started process (PID=7013) to work on /home/airflow/.local/lib/python3.7/site-packages/airflow/example_dags/example_branch_labels.py
[2024-08-05T06:56:40.191+0000] {processor.py:756} INFO - Processing file /home/airflow/.local/lib/python3.7/site-packages/airflow/example_dags/example_branch_labels.py for tasks to queue
[2024-08-05T06:56:40.193+0000] {logging_mixin.py:120} INFO - [2024-08-05T06:56:40.193+0000] {dagbag.py:537} INFO - Filling up the DagBag from /home/airflow/.local/lib/python3.7/site-packages/airflow/example_dags/example_branch_labels.py
[2024-08-05T06:56:40.360+0000] {processor.py:766} INFO - DAG(s) dict_keys(['example_branch_labels']) retrieved from /home/airflow/.local/lib/python3.7/site-packages/airflow/example_dags/example_branch_labels.py
[2024-08-05T06:56:40.427+0000] {logging_mixin.py:120} INFO - [2024-08-05T06:56:40.426+0000] {dag.py:2585} INFO - Sync 1 DAGs
[2024-08-05T06:56:40.587+0000] {logging_mixin.py:120} INFO - [2024-08-05T06:56:40.587+0000] {dag.py:3340} INFO - Setting next_dagrun for example_branch_labels to 2024-08-04T00:00:00+00:00, run_after=2024-08-05T00:00:00+00:00
[2024-08-05T06:56:40.638+0000] {processor.py:176} INFO - Processing /home/airflow/.local/lib/python3.7/site-packages/airflow/example_dags/example_branch_labels.py took 0.455 seconds
[2024-08-05T06:57:10.951+0000] {processor.py:154} INFO - Started process (PID=7080) to work on /home/airflow/.local/lib/python3.7/site-packages/airflow/example_dags/example_branch_labels.py
[2024-08-05T06:57:10.952+0000] {processor.py:756} INFO - Processing file /home/airflow/.local/lib/python3.7/site-packages/airflow/example_dags/example_branch_labels.py for tasks to queue
[2024-08-05T06:57:10.953+0000] {logging_mixin.py:120} INFO - [2024-08-05T06:57:10.953+0000] {dagbag.py:537} INFO - Filling up the DagBag from /home/airflow/.local/lib/python3.7/site-packages/airflow/example_dags/example_branch_labels.py
[2024-08-05T06:57:10.970+0000] {processor.py:766} INFO - DAG(s) dict_keys(['example_branch_labels']) retrieved from /home/airflow/.local/lib/python3.7/site-packages/airflow/example_dags/example_branch_labels.py
[2024-08-05T06:57:11.019+0000] {logging_mixin.py:120} INFO - [2024-08-05T06:57:11.019+0000] {dag.py:2585} INFO - Sync 1 DAGs
[2024-08-05T06:57:11.085+0000] {logging_mixin.py:120} INFO - [2024-08-05T06:57:11.085+0000] {dag.py:3340} INFO - Setting next_dagrun for example_branch_labels to 2024-08-04T00:00:00+00:00, run_after=2024-08-05T00:00:00+00:00
[2024-08-05T06:57:11.226+0000] {processor.py:176} INFO - Processing /home/airflow/.local/lib/python3.7/site-packages/airflow/example_dags/example_branch_labels.py took 0.279 seconds
[2024-08-05T06:57:42.269+0000] {processor.py:154} INFO - Started process (PID=7148) to work on /home/airflow/.local/lib/python3.7/site-packages/airflow/example_dags/example_branch_labels.py
[2024-08-05T06:57:42.370+0000] {processor.py:756} INFO - Processing file /home/airflow/.local/lib/python3.7/site-packages/airflow/example_dags/example_branch_labels.py for tasks to queue
[2024-08-05T06:57:42.775+0000] {logging_mixin.py:120} INFO - [2024-08-05T06:57:42.775+0000] {dagbag.py:537} INFO - Filling up the DagBag from /home/airflow/.local/lib/python3.7/site-packages/airflow/example_dags/example_branch_labels.py
[2024-08-05T06:57:42.838+0000] {processor.py:766} INFO - DAG(s) dict_keys(['example_branch_labels']) retrieved from /home/airflow/.local/lib/python3.7/site-packages/airflow/example_dags/example_branch_labels.py
[2024-08-05T06:57:42.916+0000] {logging_mixin.py:120} INFO - [2024-08-05T06:57:42.916+0000] {dag.py:2585} INFO - Sync 1 DAGs
[2024-08-05T06:57:42.960+0000] {logging_mixin.py:120} INFO - [2024-08-05T06:57:42.960+0000] {dag.py:3340} INFO - Setting next_dagrun for example_branch_labels to 2024-08-04T00:00:00+00:00, run_after=2024-08-05T00:00:00+00:00
[2024-08-05T06:57:42.991+0000] {processor.py:176} INFO - Processing /home/airflow/.local/lib/python3.7/site-packages/airflow/example_dags/example_branch_labels.py took 0.727 seconds
[2024-08-05T06:58:13.249+0000] {processor.py:154} INFO - Started process (PID=7206) to work on /home/airflow/.local/lib/python3.7/site-packages/airflow/example_dags/example_branch_labels.py
[2024-08-05T06:58:13.250+0000] {processor.py:756} INFO - Processing file /home/airflow/.local/lib/python3.7/site-packages/airflow/example_dags/example_branch_labels.py for tasks to queue
[2024-08-05T06:58:13.251+0000] {logging_mixin.py:120} INFO - [2024-08-05T06:58:13.251+0000] {dagbag.py:537} INFO - Filling up the DagBag from /home/airflow/.local/lib/python3.7/site-packages/airflow/example_dags/example_branch_labels.py
[2024-08-05T06:58:13.265+0000] {processor.py:766} INFO - DAG(s) dict_keys(['example_branch_labels']) retrieved from /home/airflow/.local/lib/python3.7/site-packages/airflow/example_dags/example_branch_labels.py
[2024-08-05T06:58:13.308+0000] {logging_mixin.py:120} INFO - [2024-08-05T06:58:13.308+0000] {dag.py:2585} INFO - Sync 1 DAGs
[2024-08-05T06:58:13.342+0000] {logging_mixin.py:120} INFO - [2024-08-05T06:58:13.342+0000] {dag.py:3340} INFO - Setting next_dagrun for example_branch_labels to 2024-08-04T00:00:00+00:00, run_after=2024-08-05T00:00:00+00:00
[2024-08-05T06:58:13.365+0000] {processor.py:176} INFO - Processing /home/airflow/.local/lib/python3.7/site-packages/airflow/example_dags/example_branch_labels.py took 0.121 seconds
[2024-08-05T06:58:43.819+0000] {processor.py:154} INFO - Started process (PID=7272) to work on /home/airflow/.local/lib/python3.7/site-packages/airflow/example_dags/example_branch_labels.py
[2024-08-05T06:58:43.821+0000] {processor.py:756} INFO - Processing file /home/airflow/.local/lib/python3.7/site-packages/airflow/example_dags/example_branch_labels.py for tasks to queue
[2024-08-05T06:58:43.822+0000] {logging_mixin.py:120} INFO - [2024-08-05T06:58:43.822+0000] {dagbag.py:537} INFO - Filling up the DagBag from /home/airflow/.local/lib/python3.7/site-packages/airflow/example_dags/example_branch_labels.py
[2024-08-05T06:58:43.837+0000] {processor.py:766} INFO - DAG(s) dict_keys(['example_branch_labels']) retrieved from /home/airflow/.local/lib/python3.7/site-packages/airflow/example_dags/example_branch_labels.py
[2024-08-05T06:58:43.894+0000] {logging_mixin.py:120} INFO - [2024-08-05T06:58:43.894+0000] {dag.py:2585} INFO - Sync 1 DAGs
[2024-08-05T06:58:43.933+0000] {logging_mixin.py:120} INFO - [2024-08-05T06:58:43.933+0000] {dag.py:3340} INFO - Setting next_dagrun for example_branch_labels to 2024-08-04T00:00:00+00:00, run_after=2024-08-05T00:00:00+00:00
[2024-08-05T06:58:43.956+0000] {processor.py:176} INFO - Processing /home/airflow/.local/lib/python3.7/site-packages/airflow/example_dags/example_branch_labels.py took 0.141 seconds
[2024-08-05T06:59:14.343+0000] {processor.py:154} INFO - Started process (PID=7329) to work on /home/airflow/.local/lib/python3.7/site-packages/airflow/example_dags/example_branch_labels.py
[2024-08-05T06:59:14.346+0000] {processor.py:756} INFO - Processing file /home/airflow/.local/lib/python3.7/site-packages/airflow/example_dags/example_branch_labels.py for tasks to queue
[2024-08-05T06:59:14.350+0000] {logging_mixin.py:120} INFO - [2024-08-05T06:59:14.350+0000] {dagbag.py:537} INFO - Filling up the DagBag from /home/airflow/.local/lib/python3.7/site-packages/airflow/example_dags/example_branch_labels.py
[2024-08-05T06:59:14.380+0000] {processor.py:766} INFO - DAG(s) dict_keys(['example_branch_labels']) retrieved from /home/airflow/.local/lib/python3.7/site-packages/airflow/example_dags/example_branch_labels.py
[2024-08-05T06:59:14.540+0000] {logging_mixin.py:120} INFO - [2024-08-05T06:59:14.540+0000] {dag.py:2585} INFO - Sync 1 DAGs
[2024-08-05T06:59:14.702+0000] {logging_mixin.py:120} INFO - [2024-08-05T06:59:14.702+0000] {dag.py:3340} INFO - Setting next_dagrun for example_branch_labels to 2024-08-04T00:00:00+00:00, run_after=2024-08-05T00:00:00+00:00
[2024-08-05T06:59:14.735+0000] {processor.py:176} INFO - Processing /home/airflow/.local/lib/python3.7/site-packages/airflow/example_dags/example_branch_labels.py took 0.395 seconds
[2024-08-05T06:59:44.990+0000] {processor.py:154} INFO - Started process (PID=7395) to work on /home/airflow/.local/lib/python3.7/site-packages/airflow/example_dags/example_branch_labels.py
[2024-08-05T06:59:44.991+0000] {processor.py:756} INFO - Processing file /home/airflow/.local/lib/python3.7/site-packages/airflow/example_dags/example_branch_labels.py for tasks to queue
[2024-08-05T06:59:44.992+0000] {logging_mixin.py:120} INFO - [2024-08-05T06:59:44.992+0000] {dagbag.py:537} INFO - Filling up the DagBag from /home/airflow/.local/lib/python3.7/site-packages/airflow/example_dags/example_branch_labels.py
[2024-08-05T06:59:45.010+0000] {processor.py:766} INFO - DAG(s) dict_keys(['example_branch_labels']) retrieved from /home/airflow/.local/lib/python3.7/site-packages/airflow/example_dags/example_branch_labels.py
[2024-08-05T06:59:45.057+0000] {logging_mixin.py:120} INFO - [2024-08-05T06:59:45.056+0000] {dag.py:2585} INFO - Sync 1 DAGs
[2024-08-05T06:59:45.090+0000] {logging_mixin.py:120} INFO - [2024-08-05T06:59:45.090+0000] {dag.py:3340} INFO - Setting next_dagrun for example_branch_labels to 2024-08-04T00:00:00+00:00, run_after=2024-08-05T00:00:00+00:00
[2024-08-05T06:59:45.146+0000] {processor.py:176} INFO - Processing /home/airflow/.local/lib/python3.7/site-packages/airflow/example_dags/example_branch_labels.py took 0.158 seconds
[2024-08-05T07:00:15.664+0000] {processor.py:154} INFO - Started process (PID=7452) to work on /home/airflow/.local/lib/python3.7/site-packages/airflow/example_dags/example_branch_labels.py
[2024-08-05T07:00:15.665+0000] {processor.py:756} INFO - Processing file /home/airflow/.local/lib/python3.7/site-packages/airflow/example_dags/example_branch_labels.py for tasks to queue
[2024-08-05T07:00:15.666+0000] {logging_mixin.py:120} INFO - [2024-08-05T07:00:15.666+0000] {dagbag.py:537} INFO - Filling up the DagBag from /home/airflow/.local/lib/python3.7/site-packages/airflow/example_dags/example_branch_labels.py
[2024-08-05T07:00:15.684+0000] {processor.py:766} INFO - DAG(s) dict_keys(['example_branch_labels']) retrieved from /home/airflow/.local/lib/python3.7/site-packages/airflow/example_dags/example_branch_labels.py
[2024-08-05T07:00:15.762+0000] {logging_mixin.py:120} INFO - [2024-08-05T07:00:15.762+0000] {dag.py:2585} INFO - Sync 1 DAGs
[2024-08-05T07:00:15.799+0000] {logging_mixin.py:120} INFO - [2024-08-05T07:00:15.799+0000] {dag.py:3340} INFO - Setting next_dagrun for example_branch_labels to 2024-08-04T00:00:00+00:00, run_after=2024-08-05T00:00:00+00:00
[2024-08-05T07:00:15.833+0000] {processor.py:176} INFO - Processing /home/airflow/.local/lib/python3.7/site-packages/airflow/example_dags/example_branch_labels.py took 0.173 seconds
[2024-08-05T07:00:46.005+0000] {processor.py:154} INFO - Started process (PID=7520) to work on /home/airflow/.local/lib/python3.7/site-packages/airflow/example_dags/example_branch_labels.py
[2024-08-05T07:00:46.006+0000] {processor.py:756} INFO - Processing file /home/airflow/.local/lib/python3.7/site-packages/airflow/example_dags/example_branch_labels.py for tasks to queue
[2024-08-05T07:00:46.008+0000] {logging_mixin.py:120} INFO - [2024-08-05T07:00:46.007+0000] {dagbag.py:537} INFO - Filling up the DagBag from /home/airflow/.local/lib/python3.7/site-packages/airflow/example_dags/example_branch_labels.py
[2024-08-05T07:00:46.024+0000] {processor.py:766} INFO - DAG(s) dict_keys(['example_branch_labels']) retrieved from /home/airflow/.local/lib/python3.7/site-packages/airflow/example_dags/example_branch_labels.py
[2024-08-05T07:00:46.071+0000] {logging_mixin.py:120} INFO - [2024-08-05T07:00:46.071+0000] {dag.py:2585} INFO - Sync 1 DAGs
[2024-08-05T07:00:46.104+0000] {logging_mixin.py:120} INFO - [2024-08-05T07:00:46.104+0000] {dag.py:3340} INFO - Setting next_dagrun for example_branch_labels to 2024-08-04T00:00:00+00:00, run_after=2024-08-05T00:00:00+00:00
[2024-08-05T07:00:46.133+0000] {processor.py:176} INFO - Processing /home/airflow/.local/lib/python3.7/site-packages/airflow/example_dags/example_branch_labels.py took 0.132 seconds
[2024-08-05T07:01:16.730+0000] {processor.py:154} INFO - Started process (PID=7588) to work on /home/airflow/.local/lib/python3.7/site-packages/airflow/example_dags/example_branch_labels.py
[2024-08-05T07:01:16.731+0000] {processor.py:756} INFO - Processing file /home/airflow/.local/lib/python3.7/site-packages/airflow/example_dags/example_branch_labels.py for tasks to queue
[2024-08-05T07:01:16.733+0000] {logging_mixin.py:120} INFO - [2024-08-05T07:01:16.733+0000] {dagbag.py:537} INFO - Filling up the DagBag from /home/airflow/.local/lib/python3.7/site-packages/airflow/example_dags/example_branch_labels.py
[2024-08-05T07:01:16.754+0000] {processor.py:766} INFO - DAG(s) dict_keys(['example_branch_labels']) retrieved from /home/airflow/.local/lib/python3.7/site-packages/airflow/example_dags/example_branch_labels.py
[2024-08-05T07:01:16.806+0000] {logging_mixin.py:120} INFO - [2024-08-05T07:01:16.806+0000] {dag.py:2585} INFO - Sync 1 DAGs
[2024-08-05T07:01:16.841+0000] {logging_mixin.py:120} INFO - [2024-08-05T07:01:16.841+0000] {dag.py:3340} INFO - Setting next_dagrun for example_branch_labels to 2024-08-04T00:00:00+00:00, run_after=2024-08-05T00:00:00+00:00
[2024-08-05T07:01:16.889+0000] {processor.py:176} INFO - Processing /home/airflow/.local/lib/python3.7/site-packages/airflow/example_dags/example_branch_labels.py took 0.164 seconds
[2024-08-05T07:01:48.044+0000] {processor.py:154} INFO - Started process (PID=7646) to work on /home/airflow/.local/lib/python3.7/site-packages/airflow/example_dags/example_branch_labels.py
[2024-08-05T07:01:48.046+0000] {processor.py:756} INFO - Processing file /home/airflow/.local/lib/python3.7/site-packages/airflow/example_dags/example_branch_labels.py for tasks to queue
[2024-08-05T07:01:48.048+0000] {logging_mixin.py:120} INFO - [2024-08-05T07:01:48.047+0000] {dagbag.py:537} INFO - Filling up the DagBag from /home/airflow/.local/lib/python3.7/site-packages/airflow/example_dags/example_branch_labels.py
[2024-08-05T07:01:48.081+0000] {processor.py:766} INFO - DAG(s) dict_keys(['example_branch_labels']) retrieved from /home/airflow/.local/lib/python3.7/site-packages/airflow/example_dags/example_branch_labels.py
[2024-08-05T07:01:48.181+0000] {logging_mixin.py:120} INFO - [2024-08-05T07:01:48.181+0000] {dag.py:2585} INFO - Sync 1 DAGs
[2024-08-05T07:01:48.213+0000] {logging_mixin.py:120} INFO - [2024-08-05T07:01:48.213+0000] {dag.py:3340} INFO - Setting next_dagrun for example_branch_labels to 2024-08-04T00:00:00+00:00, run_after=2024-08-05T00:00:00+00:00
[2024-08-05T07:01:48.254+0000] {processor.py:176} INFO - Processing /home/airflow/.local/lib/python3.7/site-packages/airflow/example_dags/example_branch_labels.py took 0.214 seconds
[2024-08-05T07:02:19.872+0000] {processor.py:154} INFO - Started process (PID=7712) to work on /home/airflow/.local/lib/python3.7/site-packages/airflow/example_dags/example_branch_labels.py
[2024-08-05T07:02:19.878+0000] {processor.py:756} INFO - Processing file /home/airflow/.local/lib/python3.7/site-packages/airflow/example_dags/example_branch_labels.py for tasks to queue
[2024-08-05T07:02:19.879+0000] {logging_mixin.py:120} INFO - [2024-08-05T07:02:19.879+0000] {dagbag.py:537} INFO - Filling up the DagBag from /home/airflow/.local/lib/python3.7/site-packages/airflow/example_dags/example_branch_labels.py
[2024-08-05T07:02:19.907+0000] {processor.py:766} INFO - DAG(s) dict_keys(['example_branch_labels']) retrieved from /home/airflow/.local/lib/python3.7/site-packages/airflow/example_dags/example_branch_labels.py
[2024-08-05T07:02:19.993+0000] {logging_mixin.py:120} INFO - [2024-08-05T07:02:19.993+0000] {dag.py:2585} INFO - Sync 1 DAGs
[2024-08-05T07:02:20.144+0000] {logging_mixin.py:120} INFO - [2024-08-05T07:02:20.144+0000] {dag.py:3340} INFO - Setting next_dagrun for example_branch_labels to 2024-08-04T00:00:00+00:00, run_after=2024-08-05T00:00:00+00:00
[2024-08-05T07:02:20.189+0000] {processor.py:176} INFO - Processing /home/airflow/.local/lib/python3.7/site-packages/airflow/example_dags/example_branch_labels.py took 0.321 seconds
[2024-08-05T07:02:50.755+0000] {processor.py:154} INFO - Started process (PID=7770) to work on /home/airflow/.local/lib/python3.7/site-packages/airflow/example_dags/example_branch_labels.py
[2024-08-05T07:02:50.757+0000] {processor.py:756} INFO - Processing file /home/airflow/.local/lib/python3.7/site-packages/airflow/example_dags/example_branch_labels.py for tasks to queue
[2024-08-05T07:02:50.758+0000] {logging_mixin.py:120} INFO - [2024-08-05T07:02:50.758+0000] {dagbag.py:537} INFO - Filling up the DagBag from /home/airflow/.local/lib/python3.7/site-packages/airflow/example_dags/example_branch_labels.py
[2024-08-05T07:02:50.775+0000] {processor.py:766} INFO - DAG(s) dict_keys(['example_branch_labels']) retrieved from /home/airflow/.local/lib/python3.7/site-packages/airflow/example_dags/example_branch_labels.py
[2024-08-05T07:02:50.825+0000] {logging_mixin.py:120} INFO - [2024-08-05T07:02:50.825+0000] {dag.py:2585} INFO - Sync 1 DAGs
[2024-08-05T07:02:50.854+0000] {logging_mixin.py:120} INFO - [2024-08-05T07:02:50.854+0000] {dag.py:3340} INFO - Setting next_dagrun for example_branch_labels to 2024-08-04T00:00:00+00:00, run_after=2024-08-05T00:00:00+00:00
[2024-08-05T07:02:50.880+0000] {processor.py:176} INFO - Processing /home/airflow/.local/lib/python3.7/site-packages/airflow/example_dags/example_branch_labels.py took 0.128 seconds
[2024-08-05T07:03:21.265+0000] {processor.py:154} INFO - Started process (PID=7836) to work on /home/airflow/.local/lib/python3.7/site-packages/airflow/example_dags/example_branch_labels.py
[2024-08-05T07:03:21.267+0000] {processor.py:756} INFO - Processing file /home/airflow/.local/lib/python3.7/site-packages/airflow/example_dags/example_branch_labels.py for tasks to queue
[2024-08-05T07:03:21.275+0000] {logging_mixin.py:120} INFO - [2024-08-05T07:03:21.274+0000] {dagbag.py:537} INFO - Filling up the DagBag from /home/airflow/.local/lib/python3.7/site-packages/airflow/example_dags/example_branch_labels.py
[2024-08-05T07:03:21.296+0000] {processor.py:766} INFO - DAG(s) dict_keys(['example_branch_labels']) retrieved from /home/airflow/.local/lib/python3.7/site-packages/airflow/example_dags/example_branch_labels.py
[2024-08-05T07:03:21.456+0000] {logging_mixin.py:120} INFO - [2024-08-05T07:03:21.456+0000] {dag.py:2585} INFO - Sync 1 DAGs
[2024-08-05T07:03:21.545+0000] {logging_mixin.py:120} INFO - [2024-08-05T07:03:21.545+0000] {dag.py:3340} INFO - Setting next_dagrun for example_branch_labels to 2024-08-04T00:00:00+00:00, run_after=2024-08-05T00:00:00+00:00
[2024-08-05T07:03:21.708+0000] {processor.py:176} INFO - Processing /home/airflow/.local/lib/python3.7/site-packages/airflow/example_dags/example_branch_labels.py took 0.446 seconds
[2024-08-05T07:03:52.748+0000] {processor.py:154} INFO - Started process (PID=7903) to work on /home/airflow/.local/lib/python3.7/site-packages/airflow/example_dags/example_branch_labels.py
[2024-08-05T07:03:52.750+0000] {processor.py:756} INFO - Processing file /home/airflow/.local/lib/python3.7/site-packages/airflow/example_dags/example_branch_labels.py for tasks to queue
[2024-08-05T07:03:52.751+0000] {logging_mixin.py:120} INFO - [2024-08-05T07:03:52.751+0000] {dagbag.py:537} INFO - Filling up the DagBag from /home/airflow/.local/lib/python3.7/site-packages/airflow/example_dags/example_branch_labels.py
[2024-08-05T07:03:52.784+0000] {processor.py:766} INFO - DAG(s) dict_keys(['example_branch_labels']) retrieved from /home/airflow/.local/lib/python3.7/site-packages/airflow/example_dags/example_branch_labels.py
[2024-08-05T07:03:52.872+0000] {logging_mixin.py:120} INFO - [2024-08-05T07:03:52.872+0000] {dag.py:2585} INFO - Sync 1 DAGs
[2024-08-05T07:03:52.920+0000] {logging_mixin.py:120} INFO - [2024-08-05T07:03:52.919+0000] {dag.py:3340} INFO - Setting next_dagrun for example_branch_labels to 2024-08-04T00:00:00+00:00, run_after=2024-08-05T00:00:00+00:00
[2024-08-05T07:03:52.961+0000] {processor.py:176} INFO - Processing /home/airflow/.local/lib/python3.7/site-packages/airflow/example_dags/example_branch_labels.py took 0.218 seconds
[2024-08-05T07:04:23.253+0000] {processor.py:154} INFO - Started process (PID=7961) to work on /home/airflow/.local/lib/python3.7/site-packages/airflow/example_dags/example_branch_labels.py
[2024-08-05T07:04:23.254+0000] {processor.py:756} INFO - Processing file /home/airflow/.local/lib/python3.7/site-packages/airflow/example_dags/example_branch_labels.py for tasks to queue
[2024-08-05T07:04:23.255+0000] {logging_mixin.py:120} INFO - [2024-08-05T07:04:23.255+0000] {dagbag.py:537} INFO - Filling up the DagBag from /home/airflow/.local/lib/python3.7/site-packages/airflow/example_dags/example_branch_labels.py
[2024-08-05T07:04:23.270+0000] {processor.py:766} INFO - DAG(s) dict_keys(['example_branch_labels']) retrieved from /home/airflow/.local/lib/python3.7/site-packages/airflow/example_dags/example_branch_labels.py
[2024-08-05T07:04:23.362+0000] {logging_mixin.py:120} INFO - [2024-08-05T07:04:23.362+0000] {dag.py:2585} INFO - Sync 1 DAGs
[2024-08-05T07:04:23.469+0000] {logging_mixin.py:120} INFO - [2024-08-05T07:04:23.469+0000] {dag.py:3340} INFO - Setting next_dagrun for example_branch_labels to 2024-08-04T00:00:00+00:00, run_after=2024-08-05T00:00:00+00:00
[2024-08-05T07:04:23.612+0000] {processor.py:176} INFO - Processing /home/airflow/.local/lib/python3.7/site-packages/airflow/example_dags/example_branch_labels.py took 0.362 seconds
[2024-08-05T07:04:54.939+0000] {processor.py:154} INFO - Started process (PID=8028) to work on /home/airflow/.local/lib/python3.7/site-packages/airflow/example_dags/example_branch_labels.py
[2024-08-05T07:04:55.035+0000] {processor.py:756} INFO - Processing file /home/airflow/.local/lib/python3.7/site-packages/airflow/example_dags/example_branch_labels.py for tasks to queue
[2024-08-05T07:04:55.039+0000] {logging_mixin.py:120} INFO - [2024-08-05T07:04:55.039+0000] {dagbag.py:537} INFO - Filling up the DagBag from /home/airflow/.local/lib/python3.7/site-packages/airflow/example_dags/example_branch_labels.py
[2024-08-05T07:04:55.066+0000] {processor.py:766} INFO - DAG(s) dict_keys(['example_branch_labels']) retrieved from /home/airflow/.local/lib/python3.7/site-packages/airflow/example_dags/example_branch_labels.py
[2024-08-05T07:04:55.216+0000] {logging_mixin.py:120} INFO - [2024-08-05T07:04:55.216+0000] {dag.py:2585} INFO - Sync 1 DAGs
[2024-08-05T07:04:55.342+0000] {logging_mixin.py:120} INFO - [2024-08-05T07:04:55.342+0000] {dag.py:3340} INFO - Setting next_dagrun for example_branch_labels to 2024-08-04T00:00:00+00:00, run_after=2024-08-05T00:00:00+00:00
[2024-08-05T07:04:55.477+0000] {processor.py:176} INFO - Processing /home/airflow/.local/lib/python3.7/site-packages/airflow/example_dags/example_branch_labels.py took 0.541 seconds
[2024-08-05T07:05:25.666+0000] {processor.py:154} INFO - Started process (PID=8086) to work on /home/airflow/.local/lib/python3.7/site-packages/airflow/example_dags/example_branch_labels.py
[2024-08-05T07:05:25.669+0000] {processor.py:756} INFO - Processing file /home/airflow/.local/lib/python3.7/site-packages/airflow/example_dags/example_branch_labels.py for tasks to queue
[2024-08-05T07:05:25.671+0000] {logging_mixin.py:120} INFO - [2024-08-05T07:05:25.671+0000] {dagbag.py:537} INFO - Filling up the DagBag from /home/airflow/.local/lib/python3.7/site-packages/airflow/example_dags/example_branch_labels.py
[2024-08-05T07:05:25.692+0000] {processor.py:766} INFO - DAG(s) dict_keys(['example_branch_labels']) retrieved from /home/airflow/.local/lib/python3.7/site-packages/airflow/example_dags/example_branch_labels.py
[2024-08-05T07:05:25.763+0000] {logging_mixin.py:120} INFO - [2024-08-05T07:05:25.763+0000] {dag.py:2585} INFO - Sync 1 DAGs
[2024-08-05T07:05:25.844+0000] {logging_mixin.py:120} INFO - [2024-08-05T07:05:25.844+0000] {dag.py:3340} INFO - Setting next_dagrun for example_branch_labels to 2024-08-04T00:00:00+00:00, run_after=2024-08-05T00:00:00+00:00
[2024-08-05T07:05:25.878+0000] {processor.py:176} INFO - Processing /home/airflow/.local/lib/python3.7/site-packages/airflow/example_dags/example_branch_labels.py took 0.216 seconds
[2024-08-05T07:05:56.429+0000] {processor.py:154} INFO - Started process (PID=8152) to work on /home/airflow/.local/lib/python3.7/site-packages/airflow/example_dags/example_branch_labels.py
[2024-08-05T07:05:56.434+0000] {processor.py:756} INFO - Processing file /home/airflow/.local/lib/python3.7/site-packages/airflow/example_dags/example_branch_labels.py for tasks to queue
[2024-08-05T07:05:56.535+0000] {logging_mixin.py:120} INFO - [2024-08-05T07:05:56.535+0000] {dagbag.py:537} INFO - Filling up the DagBag from /home/airflow/.local/lib/python3.7/site-packages/airflow/example_dags/example_branch_labels.py
[2024-08-05T07:05:56.668+0000] {processor.py:766} INFO - DAG(s) dict_keys(['example_branch_labels']) retrieved from /home/airflow/.local/lib/python3.7/site-packages/airflow/example_dags/example_branch_labels.py
[2024-08-05T07:05:56.719+0000] {logging_mixin.py:120} INFO - [2024-08-05T07:05:56.719+0000] {dag.py:2585} INFO - Sync 1 DAGs
[2024-08-05T07:05:56.828+0000] {logging_mixin.py:120} INFO - [2024-08-05T07:05:56.828+0000] {dag.py:3340} INFO - Setting next_dagrun for example_branch_labels to 2024-08-04T00:00:00+00:00, run_after=2024-08-05T00:00:00+00:00
[2024-08-05T07:05:56.917+0000] {processor.py:176} INFO - Processing /home/airflow/.local/lib/python3.7/site-packages/airflow/example_dags/example_branch_labels.py took 0.492 seconds
[2024-08-05T07:06:27.062+0000] {processor.py:154} INFO - Started process (PID=8219) to work on /home/airflow/.local/lib/python3.7/site-packages/airflow/example_dags/example_branch_labels.py
[2024-08-05T07:06:27.064+0000] {processor.py:756} INFO - Processing file /home/airflow/.local/lib/python3.7/site-packages/airflow/example_dags/example_branch_labels.py for tasks to queue
[2024-08-05T07:06:27.066+0000] {logging_mixin.py:120} INFO - [2024-08-05T07:06:27.065+0000] {dagbag.py:537} INFO - Filling up the DagBag from /home/airflow/.local/lib/python3.7/site-packages/airflow/example_dags/example_branch_labels.py
[2024-08-05T07:06:27.086+0000] {processor.py:766} INFO - DAG(s) dict_keys(['example_branch_labels']) retrieved from /home/airflow/.local/lib/python3.7/site-packages/airflow/example_dags/example_branch_labels.py
[2024-08-05T07:06:27.135+0000] {logging_mixin.py:120} INFO - [2024-08-05T07:06:27.134+0000] {dag.py:2585} INFO - Sync 1 DAGs
[2024-08-05T07:06:27.163+0000] {logging_mixin.py:120} INFO - [2024-08-05T07:06:27.163+0000] {dag.py:3340} INFO - Setting next_dagrun for example_branch_labels to 2024-08-04T00:00:00+00:00, run_after=2024-08-05T00:00:00+00:00
[2024-08-05T07:06:27.185+0000] {processor.py:176} INFO - Processing /home/airflow/.local/lib/python3.7/site-packages/airflow/example_dags/example_branch_labels.py took 0.126 seconds
[2024-08-05T07:07:00.760+0000] {processor.py:154} INFO - Started process (PID=8278) to work on /home/airflow/.local/lib/python3.7/site-packages/airflow/example_dags/example_branch_labels.py
[2024-08-05T07:07:00.762+0000] {processor.py:756} INFO - Processing file /home/airflow/.local/lib/python3.7/site-packages/airflow/example_dags/example_branch_labels.py for tasks to queue
[2024-08-05T07:07:00.764+0000] {logging_mixin.py:120} INFO - [2024-08-05T07:07:00.764+0000] {dagbag.py:537} INFO - Filling up the DagBag from /home/airflow/.local/lib/python3.7/site-packages/airflow/example_dags/example_branch_labels.py
[2024-08-05T07:07:00.801+0000] {processor.py:766} INFO - DAG(s) dict_keys(['example_branch_labels']) retrieved from /home/airflow/.local/lib/python3.7/site-packages/airflow/example_dags/example_branch_labels.py
[2024-08-05T07:07:00.937+0000] {logging_mixin.py:120} INFO - [2024-08-05T07:07:00.937+0000] {dag.py:2585} INFO - Sync 1 DAGs
[2024-08-05T07:07:00.996+0000] {logging_mixin.py:120} INFO - [2024-08-05T07:07:00.995+0000] {dag.py:3340} INFO - Setting next_dagrun for example_branch_labels to 2024-08-04T00:00:00+00:00, run_after=2024-08-05T00:00:00+00:00
[2024-08-05T07:07:01.045+0000] {processor.py:176} INFO - Processing /home/airflow/.local/lib/python3.7/site-packages/airflow/example_dags/example_branch_labels.py took 0.288 seconds
[2024-08-05T07:07:31.950+0000] {processor.py:154} INFO - Started process (PID=8345) to work on /home/airflow/.local/lib/python3.7/site-packages/airflow/example_dags/example_branch_labels.py
[2024-08-05T07:07:31.951+0000] {processor.py:756} INFO - Processing file /home/airflow/.local/lib/python3.7/site-packages/airflow/example_dags/example_branch_labels.py for tasks to queue
[2024-08-05T07:07:31.954+0000] {logging_mixin.py:120} INFO - [2024-08-05T07:07:31.954+0000] {dagbag.py:537} INFO - Filling up the DagBag from /home/airflow/.local/lib/python3.7/site-packages/airflow/example_dags/example_branch_labels.py
[2024-08-05T07:07:31.987+0000] {processor.py:766} INFO - DAG(s) dict_keys(['example_branch_labels']) retrieved from /home/airflow/.local/lib/python3.7/site-packages/airflow/example_dags/example_branch_labels.py
[2024-08-05T07:07:32.039+0000] {logging_mixin.py:120} INFO - [2024-08-05T07:07:32.038+0000] {dag.py:2585} INFO - Sync 1 DAGs
[2024-08-05T07:07:32.067+0000] {logging_mixin.py:120} INFO - [2024-08-05T07:07:32.067+0000] {dag.py:3340} INFO - Setting next_dagrun for example_branch_labels to 2024-08-04T00:00:00+00:00, run_after=2024-08-05T00:00:00+00:00
[2024-08-05T07:07:32.099+0000] {processor.py:176} INFO - Processing /home/airflow/.local/lib/python3.7/site-packages/airflow/example_dags/example_branch_labels.py took 0.152 seconds
[2024-08-05T07:08:02.418+0000] {processor.py:154} INFO - Started process (PID=8412) to work on /home/airflow/.local/lib/python3.7/site-packages/airflow/example_dags/example_branch_labels.py
[2024-08-05T07:08:02.420+0000] {processor.py:756} INFO - Processing file /home/airflow/.local/lib/python3.7/site-packages/airflow/example_dags/example_branch_labels.py for tasks to queue
[2024-08-05T07:08:02.422+0000] {logging_mixin.py:120} INFO - [2024-08-05T07:08:02.421+0000] {dagbag.py:537} INFO - Filling up the DagBag from /home/airflow/.local/lib/python3.7/site-packages/airflow/example_dags/example_branch_labels.py
[2024-08-05T07:08:02.448+0000] {processor.py:766} INFO - DAG(s) dict_keys(['example_branch_labels']) retrieved from /home/airflow/.local/lib/python3.7/site-packages/airflow/example_dags/example_branch_labels.py
[2024-08-05T07:08:02.527+0000] {logging_mixin.py:120} INFO - [2024-08-05T07:08:02.527+0000] {dag.py:2585} INFO - Sync 1 DAGs
[2024-08-05T07:08:02.572+0000] {logging_mixin.py:120} INFO - [2024-08-05T07:08:02.572+0000] {dag.py:3340} INFO - Setting next_dagrun for example_branch_labels to 2024-08-04T00:00:00+00:00, run_after=2024-08-05T00:00:00+00:00
[2024-08-05T07:08:02.611+0000] {processor.py:176} INFO - Processing /home/airflow/.local/lib/python3.7/site-packages/airflow/example_dags/example_branch_labels.py took 0.199 seconds
[2024-08-05T07:08:34.618+0000] {processor.py:154} INFO - Started process (PID=8469) to work on /home/airflow/.local/lib/python3.7/site-packages/airflow/example_dags/example_branch_labels.py
[2024-08-05T07:08:34.711+0000] {processor.py:756} INFO - Processing file /home/airflow/.local/lib/python3.7/site-packages/airflow/example_dags/example_branch_labels.py for tasks to queue
[2024-08-05T07:08:34.724+0000] {logging_mixin.py:120} INFO - [2024-08-05T07:08:34.724+0000] {dagbag.py:537} INFO - Filling up the DagBag from /home/airflow/.local/lib/python3.7/site-packages/airflow/example_dags/example_branch_labels.py
[2024-08-05T07:08:34.769+0000] {processor.py:766} INFO - DAG(s) dict_keys(['example_branch_labels']) retrieved from /home/airflow/.local/lib/python3.7/site-packages/airflow/example_dags/example_branch_labels.py
[2024-08-05T07:08:34.954+0000] {logging_mixin.py:120} INFO - [2024-08-05T07:08:34.954+0000] {dag.py:2585} INFO - Sync 1 DAGs
[2024-08-05T07:08:35.067+0000] {logging_mixin.py:120} INFO - [2024-08-05T07:08:35.067+0000] {dag.py:3340} INFO - Setting next_dagrun for example_branch_labels to 2024-08-04T00:00:00+00:00, run_after=2024-08-05T00:00:00+00:00
[2024-08-05T07:08:35.107+0000] {processor.py:176} INFO - Processing /home/airflow/.local/lib/python3.7/site-packages/airflow/example_dags/example_branch_labels.py took 0.493 seconds
[2024-08-05T07:09:06.025+0000] {processor.py:154} INFO - Started process (PID=8536) to work on /home/airflow/.local/lib/python3.7/site-packages/airflow/example_dags/example_branch_labels.py
[2024-08-05T07:09:06.027+0000] {processor.py:756} INFO - Processing file /home/airflow/.local/lib/python3.7/site-packages/airflow/example_dags/example_branch_labels.py for tasks to queue
[2024-08-05T07:09:06.030+0000] {logging_mixin.py:120} INFO - [2024-08-05T07:09:06.030+0000] {dagbag.py:537} INFO - Filling up the DagBag from /home/airflow/.local/lib/python3.7/site-packages/airflow/example_dags/example_branch_labels.py
[2024-08-05T07:09:06.051+0000] {processor.py:766} INFO - DAG(s) dict_keys(['example_branch_labels']) retrieved from /home/airflow/.local/lib/python3.7/site-packages/airflow/example_dags/example_branch_labels.py
[2024-08-05T07:09:06.116+0000] {logging_mixin.py:120} INFO - [2024-08-05T07:09:06.115+0000] {dag.py:2585} INFO - Sync 1 DAGs
[2024-08-05T07:09:06.162+0000] {logging_mixin.py:120} INFO - [2024-08-05T07:09:06.162+0000] {dag.py:3340} INFO - Setting next_dagrun for example_branch_labels to 2024-08-04T00:00:00+00:00, run_after=2024-08-05T00:00:00+00:00
[2024-08-05T07:09:06.196+0000] {processor.py:176} INFO - Processing /home/airflow/.local/lib/python3.7/site-packages/airflow/example_dags/example_branch_labels.py took 0.177 seconds
[2024-08-05T07:09:36.405+0000] {processor.py:154} INFO - Started process (PID=8612) to work on /home/airflow/.local/lib/python3.7/site-packages/airflow/example_dags/example_branch_labels.py
[2024-08-05T07:09:36.407+0000] {processor.py:756} INFO - Processing file /home/airflow/.local/lib/python3.7/site-packages/airflow/example_dags/example_branch_labels.py for tasks to queue
[2024-08-05T07:09:36.408+0000] {logging_mixin.py:120} INFO - [2024-08-05T07:09:36.408+0000] {dagbag.py:537} INFO - Filling up the DagBag from /home/airflow/.local/lib/python3.7/site-packages/airflow/example_dags/example_branch_labels.py
[2024-08-05T07:09:36.447+0000] {processor.py:766} INFO - DAG(s) dict_keys(['example_branch_labels']) retrieved from /home/airflow/.local/lib/python3.7/site-packages/airflow/example_dags/example_branch_labels.py
[2024-08-05T07:09:36.538+0000] {logging_mixin.py:120} INFO - [2024-08-05T07:09:36.537+0000] {dag.py:2585} INFO - Sync 1 DAGs
[2024-08-05T07:09:36.581+0000] {logging_mixin.py:120} INFO - [2024-08-05T07:09:36.581+0000] {dag.py:3340} INFO - Setting next_dagrun for example_branch_labels to 2024-08-04T00:00:00+00:00, run_after=2024-08-05T00:00:00+00:00
[2024-08-05T07:09:36.620+0000] {processor.py:176} INFO - Processing /home/airflow/.local/lib/python3.7/site-packages/airflow/example_dags/example_branch_labels.py took 0.218 seconds
[2024-08-05T07:10:07.544+0000] {processor.py:154} INFO - Started process (PID=8670) to work on /home/airflow/.local/lib/python3.7/site-packages/airflow/example_dags/example_branch_labels.py
[2024-08-05T07:10:07.545+0000] {processor.py:756} INFO - Processing file /home/airflow/.local/lib/python3.7/site-packages/airflow/example_dags/example_branch_labels.py for tasks to queue
[2024-08-05T07:10:07.547+0000] {logging_mixin.py:120} INFO - [2024-08-05T07:10:07.546+0000] {dagbag.py:537} INFO - Filling up the DagBag from /home/airflow/.local/lib/python3.7/site-packages/airflow/example_dags/example_branch_labels.py
[2024-08-05T07:10:07.570+0000] {processor.py:766} INFO - DAG(s) dict_keys(['example_branch_labels']) retrieved from /home/airflow/.local/lib/python3.7/site-packages/airflow/example_dags/example_branch_labels.py
[2024-08-05T07:10:07.640+0000] {logging_mixin.py:120} INFO - [2024-08-05T07:10:07.639+0000] {dag.py:2585} INFO - Sync 1 DAGs
[2024-08-05T07:10:07.698+0000] {logging_mixin.py:120} INFO - [2024-08-05T07:10:07.698+0000] {dag.py:3340} INFO - Setting next_dagrun for example_branch_labels to 2024-08-04T00:00:00+00:00, run_after=2024-08-05T00:00:00+00:00
[2024-08-05T07:10:07.734+0000] {processor.py:176} INFO - Processing /home/airflow/.local/lib/python3.7/site-packages/airflow/example_dags/example_branch_labels.py took 0.198 seconds
[2024-08-05T07:10:38.109+0000] {processor.py:154} INFO - Started process (PID=8741) to work on /home/airflow/.local/lib/python3.7/site-packages/airflow/example_dags/example_branch_labels.py
[2024-08-05T07:10:38.111+0000] {processor.py:756} INFO - Processing file /home/airflow/.local/lib/python3.7/site-packages/airflow/example_dags/example_branch_labels.py for tasks to queue
[2024-08-05T07:10:38.112+0000] {logging_mixin.py:120} INFO - [2024-08-05T07:10:38.112+0000] {dagbag.py:537} INFO - Filling up the DagBag from /home/airflow/.local/lib/python3.7/site-packages/airflow/example_dags/example_branch_labels.py
[2024-08-05T07:10:38.131+0000] {processor.py:766} INFO - DAG(s) dict_keys(['example_branch_labels']) retrieved from /home/airflow/.local/lib/python3.7/site-packages/airflow/example_dags/example_branch_labels.py
[2024-08-05T07:10:38.189+0000] {logging_mixin.py:120} INFO - [2024-08-05T07:10:38.188+0000] {dag.py:2585} INFO - Sync 1 DAGs
[2024-08-05T07:10:38.218+0000] {logging_mixin.py:120} INFO - [2024-08-05T07:10:38.218+0000] {dag.py:3340} INFO - Setting next_dagrun for example_branch_labels to 2024-08-04T00:00:00+00:00, run_after=2024-08-05T00:00:00+00:00
[2024-08-05T07:10:38.243+0000] {processor.py:176} INFO - Processing /home/airflow/.local/lib/python3.7/site-packages/airflow/example_dags/example_branch_labels.py took 0.139 seconds
[2024-08-05T07:11:08.412+0000] {processor.py:154} INFO - Started process (PID=8798) to work on /home/airflow/.local/lib/python3.7/site-packages/airflow/example_dags/example_branch_labels.py
[2024-08-05T07:11:08.413+0000] {processor.py:756} INFO - Processing file /home/airflow/.local/lib/python3.7/site-packages/airflow/example_dags/example_branch_labels.py for tasks to queue
[2024-08-05T07:11:08.414+0000] {logging_mixin.py:120} INFO - [2024-08-05T07:11:08.414+0000] {dagbag.py:537} INFO - Filling up the DagBag from /home/airflow/.local/lib/python3.7/site-packages/airflow/example_dags/example_branch_labels.py
[2024-08-05T07:11:08.429+0000] {processor.py:766} INFO - DAG(s) dict_keys(['example_branch_labels']) retrieved from /home/airflow/.local/lib/python3.7/site-packages/airflow/example_dags/example_branch_labels.py
[2024-08-05T07:11:08.467+0000] {logging_mixin.py:120} INFO - [2024-08-05T07:11:08.467+0000] {dag.py:2585} INFO - Sync 1 DAGs
[2024-08-05T07:11:08.492+0000] {logging_mixin.py:120} INFO - [2024-08-05T07:11:08.492+0000] {dag.py:3340} INFO - Setting next_dagrun for example_branch_labels to 2024-08-04T00:00:00+00:00, run_after=2024-08-05T00:00:00+00:00
[2024-08-05T07:11:08.517+0000] {processor.py:176} INFO - Processing /home/airflow/.local/lib/python3.7/site-packages/airflow/example_dags/example_branch_labels.py took 0.108 seconds
[2024-08-05T07:11:38.671+0000] {processor.py:154} INFO - Started process (PID=8866) to work on /home/airflow/.local/lib/python3.7/site-packages/airflow/example_dags/example_branch_labels.py
[2024-08-05T07:11:38.672+0000] {processor.py:756} INFO - Processing file /home/airflow/.local/lib/python3.7/site-packages/airflow/example_dags/example_branch_labels.py for tasks to queue
[2024-08-05T07:11:38.674+0000] {logging_mixin.py:120} INFO - [2024-08-05T07:11:38.673+0000] {dagbag.py:537} INFO - Filling up the DagBag from /home/airflow/.local/lib/python3.7/site-packages/airflow/example_dags/example_branch_labels.py
[2024-08-05T07:11:38.691+0000] {processor.py:766} INFO - DAG(s) dict_keys(['example_branch_labels']) retrieved from /home/airflow/.local/lib/python3.7/site-packages/airflow/example_dags/example_branch_labels.py
[2024-08-05T07:11:38.734+0000] {logging_mixin.py:120} INFO - [2024-08-05T07:11:38.734+0000] {dag.py:2585} INFO - Sync 1 DAGs
[2024-08-05T07:11:38.761+0000] {logging_mixin.py:120} INFO - [2024-08-05T07:11:38.761+0000] {dag.py:3340} INFO - Setting next_dagrun for example_branch_labels to 2024-08-04T00:00:00+00:00, run_after=2024-08-05T00:00:00+00:00
[2024-08-05T07:11:38.787+0000] {processor.py:176} INFO - Processing /home/airflow/.local/lib/python3.7/site-packages/airflow/example_dags/example_branch_labels.py took 0.119 seconds
[2024-08-05T07:12:09.222+0000] {processor.py:154} INFO - Started process (PID=8933) to work on /home/airflow/.local/lib/python3.7/site-packages/airflow/example_dags/example_branch_labels.py
[2024-08-05T07:12:09.224+0000] {processor.py:756} INFO - Processing file /home/airflow/.local/lib/python3.7/site-packages/airflow/example_dags/example_branch_labels.py for tasks to queue
[2024-08-05T07:12:09.224+0000] {logging_mixin.py:120} INFO - [2024-08-05T07:12:09.224+0000] {dagbag.py:537} INFO - Filling up the DagBag from /home/airflow/.local/lib/python3.7/site-packages/airflow/example_dags/example_branch_labels.py
[2024-08-05T07:12:09.238+0000] {processor.py:766} INFO - DAG(s) dict_keys(['example_branch_labels']) retrieved from /home/airflow/.local/lib/python3.7/site-packages/airflow/example_dags/example_branch_labels.py
[2024-08-05T07:12:09.285+0000] {logging_mixin.py:120} INFO - [2024-08-05T07:12:09.285+0000] {dag.py:2585} INFO - Sync 1 DAGs
[2024-08-05T07:12:09.318+0000] {logging_mixin.py:120} INFO - [2024-08-05T07:12:09.317+0000] {dag.py:3340} INFO - Setting next_dagrun for example_branch_labels to 2024-08-04T00:00:00+00:00, run_after=2024-08-05T00:00:00+00:00
[2024-08-05T07:12:09.341+0000] {processor.py:176} INFO - Processing /home/airflow/.local/lib/python3.7/site-packages/airflow/example_dags/example_branch_labels.py took 0.123 seconds
[2024-08-05T07:12:39.509+0000] {processor.py:154} INFO - Started process (PID=8991) to work on /home/airflow/.local/lib/python3.7/site-packages/airflow/example_dags/example_branch_labels.py
[2024-08-05T07:12:39.510+0000] {processor.py:756} INFO - Processing file /home/airflow/.local/lib/python3.7/site-packages/airflow/example_dags/example_branch_labels.py for tasks to queue
[2024-08-05T07:12:39.511+0000] {logging_mixin.py:120} INFO - [2024-08-05T07:12:39.511+0000] {dagbag.py:537} INFO - Filling up the DagBag from /home/airflow/.local/lib/python3.7/site-packages/airflow/example_dags/example_branch_labels.py
[2024-08-05T07:12:39.528+0000] {processor.py:766} INFO - DAG(s) dict_keys(['example_branch_labels']) retrieved from /home/airflow/.local/lib/python3.7/site-packages/airflow/example_dags/example_branch_labels.py
[2024-08-05T07:12:39.577+0000] {logging_mixin.py:120} INFO - [2024-08-05T07:12:39.577+0000] {dag.py:2585} INFO - Sync 1 DAGs
[2024-08-05T07:12:39.642+0000] {logging_mixin.py:120} INFO - [2024-08-05T07:12:39.642+0000] {dag.py:3340} INFO - Setting next_dagrun for example_branch_labels to 2024-08-04T00:00:00+00:00, run_after=2024-08-05T00:00:00+00:00
[2024-08-05T07:12:39.722+0000] {processor.py:176} INFO - Processing /home/airflow/.local/lib/python3.7/site-packages/airflow/example_dags/example_branch_labels.py took 0.217 seconds
[2024-08-05T07:13:11.503+0000] {processor.py:154} INFO - Started process (PID=9058) to work on /home/airflow/.local/lib/python3.7/site-packages/airflow/example_dags/example_branch_labels.py
[2024-08-05T07:13:11.543+0000] {processor.py:756} INFO - Processing file /home/airflow/.local/lib/python3.7/site-packages/airflow/example_dags/example_branch_labels.py for tasks to queue
[2024-08-05T07:13:11.557+0000] {logging_mixin.py:120} INFO - [2024-08-05T07:13:11.557+0000] {dagbag.py:537} INFO - Filling up the DagBag from /home/airflow/.local/lib/python3.7/site-packages/airflow/example_dags/example_branch_labels.py
[2024-08-05T07:13:11.579+0000] {processor.py:766} INFO - DAG(s) dict_keys(['example_branch_labels']) retrieved from /home/airflow/.local/lib/python3.7/site-packages/airflow/example_dags/example_branch_labels.py
[2024-08-05T07:13:11.750+0000] {logging_mixin.py:120} INFO - [2024-08-05T07:13:11.750+0000] {dag.py:2585} INFO - Sync 1 DAGs
[2024-08-05T07:13:11.838+0000] {logging_mixin.py:120} INFO - [2024-08-05T07:13:11.837+0000] {dag.py:3340} INFO - Setting next_dagrun for example_branch_labels to 2024-08-04T00:00:00+00:00, run_after=2024-08-05T00:00:00+00:00
[2024-08-05T07:13:11.978+0000] {processor.py:176} INFO - Processing /home/airflow/.local/lib/python3.7/site-packages/airflow/example_dags/example_branch_labels.py took 0.479 seconds
[2024-08-05T07:13:42.060+0000] {processor.py:154} INFO - Started process (PID=9125) to work on /home/airflow/.local/lib/python3.7/site-packages/airflow/example_dags/example_branch_labels.py
[2024-08-05T07:13:42.062+0000] {processor.py:756} INFO - Processing file /home/airflow/.local/lib/python3.7/site-packages/airflow/example_dags/example_branch_labels.py for tasks to queue
[2024-08-05T07:13:42.063+0000] {logging_mixin.py:120} INFO - [2024-08-05T07:13:42.063+0000] {dagbag.py:537} INFO - Filling up the DagBag from /home/airflow/.local/lib/python3.7/site-packages/airflow/example_dags/example_branch_labels.py
[2024-08-05T07:13:42.082+0000] {processor.py:766} INFO - DAG(s) dict_keys(['example_branch_labels']) retrieved from /home/airflow/.local/lib/python3.7/site-packages/airflow/example_dags/example_branch_labels.py
[2024-08-05T07:13:42.136+0000] {logging_mixin.py:120} INFO - [2024-08-05T07:13:42.136+0000] {dag.py:2585} INFO - Sync 1 DAGs
[2024-08-05T07:13:42.180+0000] {logging_mixin.py:120} INFO - [2024-08-05T07:13:42.180+0000] {dag.py:3340} INFO - Setting next_dagrun for example_branch_labels to 2024-08-04T00:00:00+00:00, run_after=2024-08-05T00:00:00+00:00
[2024-08-05T07:13:42.215+0000] {processor.py:176} INFO - Processing /home/airflow/.local/lib/python3.7/site-packages/airflow/example_dags/example_branch_labels.py took 0.158 seconds
[2024-08-05T07:14:12.464+0000] {processor.py:154} INFO - Started process (PID=9183) to work on /home/airflow/.local/lib/python3.7/site-packages/airflow/example_dags/example_branch_labels.py
[2024-08-05T07:14:12.466+0000] {processor.py:756} INFO - Processing file /home/airflow/.local/lib/python3.7/site-packages/airflow/example_dags/example_branch_labels.py for tasks to queue
[2024-08-05T07:14:12.467+0000] {logging_mixin.py:120} INFO - [2024-08-05T07:14:12.467+0000] {dagbag.py:537} INFO - Filling up the DagBag from /home/airflow/.local/lib/python3.7/site-packages/airflow/example_dags/example_branch_labels.py
[2024-08-05T07:14:12.487+0000] {processor.py:766} INFO - DAG(s) dict_keys(['example_branch_labels']) retrieved from /home/airflow/.local/lib/python3.7/site-packages/airflow/example_dags/example_branch_labels.py
[2024-08-05T07:14:12.540+0000] {logging_mixin.py:120} INFO - [2024-08-05T07:14:12.540+0000] {dag.py:2585} INFO - Sync 1 DAGs
[2024-08-05T07:14:12.573+0000] {logging_mixin.py:120} INFO - [2024-08-05T07:14:12.572+0000] {dag.py:3340} INFO - Setting next_dagrun for example_branch_labels to 2024-08-04T00:00:00+00:00, run_after=2024-08-05T00:00:00+00:00
[2024-08-05T07:14:12.597+0000] {processor.py:176} INFO - Processing /home/airflow/.local/lib/python3.7/site-packages/airflow/example_dags/example_branch_labels.py took 0.137 seconds
[2024-08-05T07:14:43.857+0000] {processor.py:154} INFO - Started process (PID=9251) to work on /home/airflow/.local/lib/python3.7/site-packages/airflow/example_dags/example_branch_labels.py
[2024-08-05T07:14:43.858+0000] {processor.py:756} INFO - Processing file /home/airflow/.local/lib/python3.7/site-packages/airflow/example_dags/example_branch_labels.py for tasks to queue
[2024-08-05T07:14:43.859+0000] {logging_mixin.py:120} INFO - [2024-08-05T07:14:43.859+0000] {dagbag.py:537} INFO - Filling up the DagBag from /home/airflow/.local/lib/python3.7/site-packages/airflow/example_dags/example_branch_labels.py
[2024-08-05T07:14:43.879+0000] {processor.py:766} INFO - DAG(s) dict_keys(['example_branch_labels']) retrieved from /home/airflow/.local/lib/python3.7/site-packages/airflow/example_dags/example_branch_labels.py
[2024-08-05T07:14:43.929+0000] {logging_mixin.py:120} INFO - [2024-08-05T07:14:43.929+0000] {dag.py:2585} INFO - Sync 1 DAGs
[2024-08-05T07:14:43.959+0000] {logging_mixin.py:120} INFO - [2024-08-05T07:14:43.959+0000] {dag.py:3340} INFO - Setting next_dagrun for example_branch_labels to 2024-08-04T00:00:00+00:00, run_after=2024-08-05T00:00:00+00:00
[2024-08-05T07:14:43.988+0000] {processor.py:176} INFO - Processing /home/airflow/.local/lib/python3.7/site-packages/airflow/example_dags/example_branch_labels.py took 0.136 seconds
[2024-08-05T07:15:14.208+0000] {processor.py:154} INFO - Started process (PID=9318) to work on /home/airflow/.local/lib/python3.7/site-packages/airflow/example_dags/example_branch_labels.py
[2024-08-05T07:15:14.210+0000] {processor.py:756} INFO - Processing file /home/airflow/.local/lib/python3.7/site-packages/airflow/example_dags/example_branch_labels.py for tasks to queue
[2024-08-05T07:15:14.214+0000] {logging_mixin.py:120} INFO - [2024-08-05T07:15:14.213+0000] {dagbag.py:537} INFO - Filling up the DagBag from /home/airflow/.local/lib/python3.7/site-packages/airflow/example_dags/example_branch_labels.py
[2024-08-05T07:15:14.236+0000] {processor.py:766} INFO - DAG(s) dict_keys(['example_branch_labels']) retrieved from /home/airflow/.local/lib/python3.7/site-packages/airflow/example_dags/example_branch_labels.py
[2024-08-05T07:15:14.313+0000] {logging_mixin.py:120} INFO - [2024-08-05T07:15:14.313+0000] {dag.py:2585} INFO - Sync 1 DAGs
[2024-08-05T07:15:14.365+0000] {logging_mixin.py:120} INFO - [2024-08-05T07:15:14.365+0000] {dag.py:3340} INFO - Setting next_dagrun for example_branch_labels to 2024-08-04T00:00:00+00:00, run_after=2024-08-05T00:00:00+00:00
[2024-08-05T07:15:14.419+0000] {processor.py:176} INFO - Processing /home/airflow/.local/lib/python3.7/site-packages/airflow/example_dags/example_branch_labels.py took 0.217 seconds
[2024-08-05T07:15:44.766+0000] {processor.py:154} INFO - Started process (PID=9374) to work on /home/airflow/.local/lib/python3.7/site-packages/airflow/example_dags/example_branch_labels.py
[2024-08-05T07:15:44.767+0000] {processor.py:756} INFO - Processing file /home/airflow/.local/lib/python3.7/site-packages/airflow/example_dags/example_branch_labels.py for tasks to queue
[2024-08-05T07:15:44.768+0000] {logging_mixin.py:120} INFO - [2024-08-05T07:15:44.768+0000] {dagbag.py:537} INFO - Filling up the DagBag from /home/airflow/.local/lib/python3.7/site-packages/airflow/example_dags/example_branch_labels.py
[2024-08-05T07:15:44.786+0000] {processor.py:766} INFO - DAG(s) dict_keys(['example_branch_labels']) retrieved from /home/airflow/.local/lib/python3.7/site-packages/airflow/example_dags/example_branch_labels.py
[2024-08-05T07:15:44.834+0000] {logging_mixin.py:120} INFO - [2024-08-05T07:15:44.834+0000] {dag.py:2585} INFO - Sync 1 DAGs
[2024-08-05T07:15:44.870+0000] {logging_mixin.py:120} INFO - [2024-08-05T07:15:44.870+0000] {dag.py:3340} INFO - Setting next_dagrun for example_branch_labels to 2024-08-04T00:00:00+00:00, run_after=2024-08-05T00:00:00+00:00
[2024-08-05T07:15:44.895+0000] {processor.py:176} INFO - Processing /home/airflow/.local/lib/python3.7/site-packages/airflow/example_dags/example_branch_labels.py took 0.134 seconds
[2024-08-05T07:16:16.332+0000] {processor.py:154} INFO - Started process (PID=9441) to work on /home/airflow/.local/lib/python3.7/site-packages/airflow/example_dags/example_branch_labels.py
[2024-08-05T07:16:16.334+0000] {processor.py:756} INFO - Processing file /home/airflow/.local/lib/python3.7/site-packages/airflow/example_dags/example_branch_labels.py for tasks to queue
[2024-08-05T07:16:16.335+0000] {logging_mixin.py:120} INFO - [2024-08-05T07:16:16.335+0000] {dagbag.py:537} INFO - Filling up the DagBag from /home/airflow/.local/lib/python3.7/site-packages/airflow/example_dags/example_branch_labels.py
[2024-08-05T07:16:16.349+0000] {processor.py:766} INFO - DAG(s) dict_keys(['example_branch_labels']) retrieved from /home/airflow/.local/lib/python3.7/site-packages/airflow/example_dags/example_branch_labels.py
[2024-08-05T07:16:16.406+0000] {logging_mixin.py:120} INFO - [2024-08-05T07:16:16.406+0000] {dag.py:2585} INFO - Sync 1 DAGs
[2024-08-05T07:16:16.447+0000] {logging_mixin.py:120} INFO - [2024-08-05T07:16:16.447+0000] {dag.py:3340} INFO - Setting next_dagrun for example_branch_labels to 2024-08-04T00:00:00+00:00, run_after=2024-08-05T00:00:00+00:00
[2024-08-05T07:16:16.496+0000] {processor.py:176} INFO - Processing /home/airflow/.local/lib/python3.7/site-packages/airflow/example_dags/example_branch_labels.py took 0.167 seconds
[2024-08-05T07:16:48.338+0000] {processor.py:154} INFO - Started process (PID=9508) to work on /home/airflow/.local/lib/python3.7/site-packages/airflow/example_dags/example_branch_labels.py
[2024-08-05T07:16:48.339+0000] {processor.py:756} INFO - Processing file /home/airflow/.local/lib/python3.7/site-packages/airflow/example_dags/example_branch_labels.py for tasks to queue
[2024-08-05T07:16:48.340+0000] {logging_mixin.py:120} INFO - [2024-08-05T07:16:48.340+0000] {dagbag.py:537} INFO - Filling up the DagBag from /home/airflow/.local/lib/python3.7/site-packages/airflow/example_dags/example_branch_labels.py
[2024-08-05T07:16:48.365+0000] {processor.py:766} INFO - DAG(s) dict_keys(['example_branch_labels']) retrieved from /home/airflow/.local/lib/python3.7/site-packages/airflow/example_dags/example_branch_labels.py
[2024-08-05T07:16:48.432+0000] {logging_mixin.py:120} INFO - [2024-08-05T07:16:48.432+0000] {dag.py:2585} INFO - Sync 1 DAGs
[2024-08-05T07:16:48.471+0000] {logging_mixin.py:120} INFO - [2024-08-05T07:16:48.471+0000] {dag.py:3340} INFO - Setting next_dagrun for example_branch_labels to 2024-08-04T00:00:00+00:00, run_after=2024-08-05T00:00:00+00:00
[2024-08-05T07:16:48.505+0000] {processor.py:176} INFO - Processing /home/airflow/.local/lib/python3.7/site-packages/airflow/example_dags/example_branch_labels.py took 0.171 seconds
[2024-08-05T07:17:19.605+0000] {processor.py:154} INFO - Started process (PID=9566) to work on /home/airflow/.local/lib/python3.7/site-packages/airflow/example_dags/example_branch_labels.py
[2024-08-05T07:17:19.606+0000] {processor.py:756} INFO - Processing file /home/airflow/.local/lib/python3.7/site-packages/airflow/example_dags/example_branch_labels.py for tasks to queue
[2024-08-05T07:17:19.607+0000] {logging_mixin.py:120} INFO - [2024-08-05T07:17:19.607+0000] {dagbag.py:537} INFO - Filling up the DagBag from /home/airflow/.local/lib/python3.7/site-packages/airflow/example_dags/example_branch_labels.py
[2024-08-05T07:17:19.627+0000] {processor.py:766} INFO - DAG(s) dict_keys(['example_branch_labels']) retrieved from /home/airflow/.local/lib/python3.7/site-packages/airflow/example_dags/example_branch_labels.py
[2024-08-05T07:17:19.678+0000] {logging_mixin.py:120} INFO - [2024-08-05T07:17:19.678+0000] {dag.py:2585} INFO - Sync 1 DAGs
[2024-08-05T07:17:19.713+0000] {logging_mixin.py:120} INFO - [2024-08-05T07:17:19.713+0000] {dag.py:3340} INFO - Setting next_dagrun for example_branch_labels to 2024-08-04T00:00:00+00:00, run_after=2024-08-05T00:00:00+00:00
[2024-08-05T07:17:19.740+0000] {processor.py:176} INFO - Processing /home/airflow/.local/lib/python3.7/site-packages/airflow/example_dags/example_branch_labels.py took 0.139 seconds
[2024-08-05T07:17:50.069+0000] {processor.py:154} INFO - Started process (PID=9631) to work on /home/airflow/.local/lib/python3.7/site-packages/airflow/example_dags/example_branch_labels.py
[2024-08-05T07:17:50.075+0000] {processor.py:756} INFO - Processing file /home/airflow/.local/lib/python3.7/site-packages/airflow/example_dags/example_branch_labels.py for tasks to queue
[2024-08-05T07:17:50.076+0000] {logging_mixin.py:120} INFO - [2024-08-05T07:17:50.076+0000] {dagbag.py:537} INFO - Filling up the DagBag from /home/airflow/.local/lib/python3.7/site-packages/airflow/example_dags/example_branch_labels.py
[2024-08-05T07:17:50.105+0000] {processor.py:766} INFO - DAG(s) dict_keys(['example_branch_labels']) retrieved from /home/airflow/.local/lib/python3.7/site-packages/airflow/example_dags/example_branch_labels.py
[2024-08-05T07:17:50.151+0000] {logging_mixin.py:120} INFO - [2024-08-05T07:17:50.151+0000] {dag.py:2585} INFO - Sync 1 DAGs
[2024-08-05T07:17:50.182+0000] {logging_mixin.py:120} INFO - [2024-08-05T07:17:50.182+0000] {dag.py:3340} INFO - Setting next_dagrun for example_branch_labels to 2024-08-04T00:00:00+00:00, run_after=2024-08-05T00:00:00+00:00
[2024-08-05T07:17:50.213+0000] {processor.py:176} INFO - Processing /home/airflow/.local/lib/python3.7/site-packages/airflow/example_dags/example_branch_labels.py took 0.147 seconds
[2024-08-05T07:18:20.760+0000] {processor.py:154} INFO - Started process (PID=9689) to work on /home/airflow/.local/lib/python3.7/site-packages/airflow/example_dags/example_branch_labels.py
[2024-08-05T07:18:20.761+0000] {processor.py:756} INFO - Processing file /home/airflow/.local/lib/python3.7/site-packages/airflow/example_dags/example_branch_labels.py for tasks to queue
[2024-08-05T07:18:20.763+0000] {logging_mixin.py:120} INFO - [2024-08-05T07:18:20.762+0000] {dagbag.py:537} INFO - Filling up the DagBag from /home/airflow/.local/lib/python3.7/site-packages/airflow/example_dags/example_branch_labels.py
[2024-08-05T07:18:20.782+0000] {processor.py:766} INFO - DAG(s) dict_keys(['example_branch_labels']) retrieved from /home/airflow/.local/lib/python3.7/site-packages/airflow/example_dags/example_branch_labels.py
[2024-08-05T07:18:20.839+0000] {logging_mixin.py:120} INFO - [2024-08-05T07:18:20.839+0000] {dag.py:2585} INFO - Sync 1 DAGs
[2024-08-05T07:18:20.873+0000] {logging_mixin.py:120} INFO - [2024-08-05T07:18:20.873+0000] {dag.py:3340} INFO - Setting next_dagrun for example_branch_labels to 2024-08-04T00:00:00+00:00, run_after=2024-08-05T00:00:00+00:00
[2024-08-05T07:18:20.912+0000] {processor.py:176} INFO - Processing /home/airflow/.local/lib/python3.7/site-packages/airflow/example_dags/example_branch_labels.py took 0.156 seconds
[2024-08-05T07:18:51.009+0000] {processor.py:154} INFO - Started process (PID=9756) to work on /home/airflow/.local/lib/python3.7/site-packages/airflow/example_dags/example_branch_labels.py
[2024-08-05T07:18:51.011+0000] {processor.py:756} INFO - Processing file /home/airflow/.local/lib/python3.7/site-packages/airflow/example_dags/example_branch_labels.py for tasks to queue
[2024-08-05T07:18:51.012+0000] {logging_mixin.py:120} INFO - [2024-08-05T07:18:51.012+0000] {dagbag.py:537} INFO - Filling up the DagBag from /home/airflow/.local/lib/python3.7/site-packages/airflow/example_dags/example_branch_labels.py
[2024-08-05T07:18:51.027+0000] {processor.py:766} INFO - DAG(s) dict_keys(['example_branch_labels']) retrieved from /home/airflow/.local/lib/python3.7/site-packages/airflow/example_dags/example_branch_labels.py
[2024-08-05T07:18:51.093+0000] {logging_mixin.py:120} INFO - [2024-08-05T07:18:51.093+0000] {dag.py:2585} INFO - Sync 1 DAGs
[2024-08-05T07:18:51.138+0000] {logging_mixin.py:120} INFO - [2024-08-05T07:18:51.137+0000] {dag.py:3340} INFO - Setting next_dagrun for example_branch_labels to 2024-08-04T00:00:00+00:00, run_after=2024-08-05T00:00:00+00:00
[2024-08-05T07:18:51.166+0000] {processor.py:176} INFO - Processing /home/airflow/.local/lib/python3.7/site-packages/airflow/example_dags/example_branch_labels.py took 0.160 seconds
[2024-08-05T07:19:21.814+0000] {processor.py:154} INFO - Started process (PID=9822) to work on /home/airflow/.local/lib/python3.7/site-packages/airflow/example_dags/example_branch_labels.py
[2024-08-05T07:19:21.815+0000] {processor.py:756} INFO - Processing file /home/airflow/.local/lib/python3.7/site-packages/airflow/example_dags/example_branch_labels.py for tasks to queue
[2024-08-05T07:19:21.819+0000] {logging_mixin.py:120} INFO - [2024-08-05T07:19:21.818+0000] {dagbag.py:537} INFO - Filling up the DagBag from /home/airflow/.local/lib/python3.7/site-packages/airflow/example_dags/example_branch_labels.py
[2024-08-05T07:19:21.865+0000] {processor.py:766} INFO - DAG(s) dict_keys(['example_branch_labels']) retrieved from /home/airflow/.local/lib/python3.7/site-packages/airflow/example_dags/example_branch_labels.py
[2024-08-05T07:19:21.944+0000] {logging_mixin.py:120} INFO - [2024-08-05T07:19:21.943+0000] {dag.py:2585} INFO - Sync 1 DAGs
[2024-08-05T07:19:22.010+0000] {logging_mixin.py:120} INFO - [2024-08-05T07:19:22.010+0000] {dag.py:3340} INFO - Setting next_dagrun for example_branch_labels to 2024-08-04T00:00:00+00:00, run_after=2024-08-05T00:00:00+00:00
[2024-08-05T07:19:22.044+0000] {processor.py:176} INFO - Processing /home/airflow/.local/lib/python3.7/site-packages/airflow/example_dags/example_branch_labels.py took 0.235 seconds
[2024-08-05T07:19:52.445+0000] {processor.py:154} INFO - Started process (PID=9880) to work on /home/airflow/.local/lib/python3.7/site-packages/airflow/example_dags/example_branch_labels.py
[2024-08-05T07:19:52.447+0000] {processor.py:756} INFO - Processing file /home/airflow/.local/lib/python3.7/site-packages/airflow/example_dags/example_branch_labels.py for tasks to queue
[2024-08-05T07:19:52.448+0000] {logging_mixin.py:120} INFO - [2024-08-05T07:19:52.448+0000] {dagbag.py:537} INFO - Filling up the DagBag from /home/airflow/.local/lib/python3.7/site-packages/airflow/example_dags/example_branch_labels.py
[2024-08-05T07:19:52.467+0000] {processor.py:766} INFO - DAG(s) dict_keys(['example_branch_labels']) retrieved from /home/airflow/.local/lib/python3.7/site-packages/airflow/example_dags/example_branch_labels.py
[2024-08-05T07:19:52.536+0000] {logging_mixin.py:120} INFO - [2024-08-05T07:19:52.536+0000] {dag.py:2585} INFO - Sync 1 DAGs
[2024-08-05T07:19:52.719+0000] {logging_mixin.py:120} INFO - [2024-08-05T07:19:52.718+0000] {dag.py:3340} INFO - Setting next_dagrun for example_branch_labels to 2024-08-04T00:00:00+00:00, run_after=2024-08-05T00:00:00+00:00
[2024-08-05T07:19:52.781+0000] {processor.py:176} INFO - Processing /home/airflow/.local/lib/python3.7/site-packages/airflow/example_dags/example_branch_labels.py took 0.339 seconds
[2024-08-05T07:20:23.598+0000] {processor.py:154} INFO - Started process (PID=9947) to work on /home/airflow/.local/lib/python3.7/site-packages/airflow/example_dags/example_branch_labels.py
[2024-08-05T07:20:23.600+0000] {processor.py:756} INFO - Processing file /home/airflow/.local/lib/python3.7/site-packages/airflow/example_dags/example_branch_labels.py for tasks to queue
[2024-08-05T07:20:23.603+0000] {logging_mixin.py:120} INFO - [2024-08-05T07:20:23.603+0000] {dagbag.py:537} INFO - Filling up the DagBag from /home/airflow/.local/lib/python3.7/site-packages/airflow/example_dags/example_branch_labels.py
[2024-08-05T07:20:23.624+0000] {processor.py:766} INFO - DAG(s) dict_keys(['example_branch_labels']) retrieved from /home/airflow/.local/lib/python3.7/site-packages/airflow/example_dags/example_branch_labels.py
[2024-08-05T07:20:23.668+0000] {logging_mixin.py:120} INFO - [2024-08-05T07:20:23.668+0000] {dag.py:2585} INFO - Sync 1 DAGs
[2024-08-05T07:20:23.778+0000] {logging_mixin.py:120} INFO - [2024-08-05T07:20:23.778+0000] {dag.py:3340} INFO - Setting next_dagrun for example_branch_labels to 2024-08-04T00:00:00+00:00, run_after=2024-08-05T00:00:00+00:00
[2024-08-05T07:20:23.812+0000] {processor.py:176} INFO - Processing /home/airflow/.local/lib/python3.7/site-packages/airflow/example_dags/example_branch_labels.py took 0.218 seconds
[2024-08-05T07:20:54.267+0000] {processor.py:154} INFO - Started process (PID=10014) to work on /home/airflow/.local/lib/python3.7/site-packages/airflow/example_dags/example_branch_labels.py
[2024-08-05T07:20:54.269+0000] {processor.py:756} INFO - Processing file /home/airflow/.local/lib/python3.7/site-packages/airflow/example_dags/example_branch_labels.py for tasks to queue
[2024-08-05T07:20:54.270+0000] {logging_mixin.py:120} INFO - [2024-08-05T07:20:54.270+0000] {dagbag.py:537} INFO - Filling up the DagBag from /home/airflow/.local/lib/python3.7/site-packages/airflow/example_dags/example_branch_labels.py
[2024-08-05T07:20:54.287+0000] {processor.py:766} INFO - DAG(s) dict_keys(['example_branch_labels']) retrieved from /home/airflow/.local/lib/python3.7/site-packages/airflow/example_dags/example_branch_labels.py
[2024-08-05T07:20:54.330+0000] {logging_mixin.py:120} INFO - [2024-08-05T07:20:54.330+0000] {dag.py:2585} INFO - Sync 1 DAGs
[2024-08-05T07:20:54.359+0000] {logging_mixin.py:120} INFO - [2024-08-05T07:20:54.359+0000] {dag.py:3340} INFO - Setting next_dagrun for example_branch_labels to 2024-08-04T00:00:00+00:00, run_after=2024-08-05T00:00:00+00:00
[2024-08-05T07:20:54.380+0000] {processor.py:176} INFO - Processing /home/airflow/.local/lib/python3.7/site-packages/airflow/example_dags/example_branch_labels.py took 0.117 seconds
[2024-08-05T07:21:24.968+0000] {processor.py:154} INFO - Started process (PID=10072) to work on /home/airflow/.local/lib/python3.7/site-packages/airflow/example_dags/example_branch_labels.py
[2024-08-05T07:21:24.970+0000] {processor.py:756} INFO - Processing file /home/airflow/.local/lib/python3.7/site-packages/airflow/example_dags/example_branch_labels.py for tasks to queue
[2024-08-05T07:21:24.971+0000] {logging_mixin.py:120} INFO - [2024-08-05T07:21:24.971+0000] {dagbag.py:537} INFO - Filling up the DagBag from /home/airflow/.local/lib/python3.7/site-packages/airflow/example_dags/example_branch_labels.py
[2024-08-05T07:21:24.984+0000] {processor.py:766} INFO - DAG(s) dict_keys(['example_branch_labels']) retrieved from /home/airflow/.local/lib/python3.7/site-packages/airflow/example_dags/example_branch_labels.py
[2024-08-05T07:21:25.040+0000] {logging_mixin.py:120} INFO - [2024-08-05T07:21:25.040+0000] {dag.py:2585} INFO - Sync 1 DAGs
[2024-08-05T07:21:25.068+0000] {logging_mixin.py:120} INFO - [2024-08-05T07:21:25.068+0000] {dag.py:3340} INFO - Setting next_dagrun for example_branch_labels to 2024-08-04T00:00:00+00:00, run_after=2024-08-05T00:00:00+00:00
[2024-08-05T07:21:25.092+0000] {processor.py:176} INFO - Processing /home/airflow/.local/lib/python3.7/site-packages/airflow/example_dags/example_branch_labels.py took 0.127 seconds
[2024-08-05T07:21:55.374+0000] {processor.py:154} INFO - Started process (PID=10139) to work on /home/airflow/.local/lib/python3.7/site-packages/airflow/example_dags/example_branch_labels.py
[2024-08-05T07:21:55.376+0000] {processor.py:756} INFO - Processing file /home/airflow/.local/lib/python3.7/site-packages/airflow/example_dags/example_branch_labels.py for tasks to queue
[2024-08-05T07:21:55.377+0000] {logging_mixin.py:120} INFO - [2024-08-05T07:21:55.377+0000] {dagbag.py:537} INFO - Filling up the DagBag from /home/airflow/.local/lib/python3.7/site-packages/airflow/example_dags/example_branch_labels.py
[2024-08-05T07:21:55.400+0000] {processor.py:766} INFO - DAG(s) dict_keys(['example_branch_labels']) retrieved from /home/airflow/.local/lib/python3.7/site-packages/airflow/example_dags/example_branch_labels.py
[2024-08-05T07:21:55.455+0000] {logging_mixin.py:120} INFO - [2024-08-05T07:21:55.455+0000] {dag.py:2585} INFO - Sync 1 DAGs
[2024-08-05T07:21:55.493+0000] {logging_mixin.py:120} INFO - [2024-08-05T07:21:55.493+0000] {dag.py:3340} INFO - Setting next_dagrun for example_branch_labels to 2024-08-04T00:00:00+00:00, run_after=2024-08-05T00:00:00+00:00
[2024-08-05T07:21:55.525+0000] {processor.py:176} INFO - Processing /home/airflow/.local/lib/python3.7/site-packages/airflow/example_dags/example_branch_labels.py took 0.156 seconds
[2024-08-05T07:22:27.314+0000] {processor.py:154} INFO - Started process (PID=10207) to work on /home/airflow/.local/lib/python3.7/site-packages/airflow/example_dags/example_branch_labels.py
[2024-08-05T07:22:27.315+0000] {processor.py:756} INFO - Processing file /home/airflow/.local/lib/python3.7/site-packages/airflow/example_dags/example_branch_labels.py for tasks to queue
[2024-08-05T07:22:27.316+0000] {logging_mixin.py:120} INFO - [2024-08-05T07:22:27.316+0000] {dagbag.py:537} INFO - Filling up the DagBag from /home/airflow/.local/lib/python3.7/site-packages/airflow/example_dags/example_branch_labels.py
[2024-08-05T07:22:27.335+0000] {processor.py:766} INFO - DAG(s) dict_keys(['example_branch_labels']) retrieved from /home/airflow/.local/lib/python3.7/site-packages/airflow/example_dags/example_branch_labels.py
[2024-08-05T07:22:27.383+0000] {logging_mixin.py:120} INFO - [2024-08-05T07:22:27.382+0000] {dag.py:2585} INFO - Sync 1 DAGs
[2024-08-05T07:22:27.411+0000] {logging_mixin.py:120} INFO - [2024-08-05T07:22:27.411+0000] {dag.py:3340} INFO - Setting next_dagrun for example_branch_labels to 2024-08-04T00:00:00+00:00, run_after=2024-08-05T00:00:00+00:00
[2024-08-05T07:22:27.452+0000] {processor.py:176} INFO - Processing /home/airflow/.local/lib/python3.7/site-packages/airflow/example_dags/example_branch_labels.py took 0.141 seconds
[2024-08-05T07:22:59.868+0000] {processor.py:154} INFO - Started process (PID=10266) to work on /home/airflow/.local/lib/python3.7/site-packages/airflow/example_dags/example_branch_labels.py
[2024-08-05T07:22:59.870+0000] {processor.py:756} INFO - Processing file /home/airflow/.local/lib/python3.7/site-packages/airflow/example_dags/example_branch_labels.py for tasks to queue
[2024-08-05T07:22:59.886+0000] {logging_mixin.py:120} INFO - [2024-08-05T07:22:59.886+0000] {dagbag.py:537} INFO - Filling up the DagBag from /home/airflow/.local/lib/python3.7/site-packages/airflow/example_dags/example_branch_labels.py
[2024-08-05T07:22:59.920+0000] {processor.py:766} INFO - DAG(s) dict_keys(['example_branch_labels']) retrieved from /home/airflow/.local/lib/python3.7/site-packages/airflow/example_dags/example_branch_labels.py
[2024-08-05T07:23:00.067+0000] {logging_mixin.py:120} INFO - [2024-08-05T07:23:00.067+0000] {dag.py:2585} INFO - Sync 1 DAGs
[2024-08-05T07:23:00.232+0000] {logging_mixin.py:120} INFO - [2024-08-05T07:23:00.231+0000] {dag.py:3340} INFO - Setting next_dagrun for example_branch_labels to 2024-08-04T00:00:00+00:00, run_after=2024-08-05T00:00:00+00:00
[2024-08-05T07:23:00.391+0000] {processor.py:176} INFO - Processing /home/airflow/.local/lib/python3.7/site-packages/airflow/example_dags/example_branch_labels.py took 0.527 seconds
[2024-08-05T07:23:31.069+0000] {processor.py:154} INFO - Started process (PID=10333) to work on /home/airflow/.local/lib/python3.7/site-packages/airflow/example_dags/example_branch_labels.py
[2024-08-05T07:23:31.073+0000] {processor.py:756} INFO - Processing file /home/airflow/.local/lib/python3.7/site-packages/airflow/example_dags/example_branch_labels.py for tasks to queue
[2024-08-05T07:23:31.075+0000] {logging_mixin.py:120} INFO - [2024-08-05T07:23:31.075+0000] {dagbag.py:537} INFO - Filling up the DagBag from /home/airflow/.local/lib/python3.7/site-packages/airflow/example_dags/example_branch_labels.py
[2024-08-05T07:23:31.093+0000] {processor.py:766} INFO - DAG(s) dict_keys(['example_branch_labels']) retrieved from /home/airflow/.local/lib/python3.7/site-packages/airflow/example_dags/example_branch_labels.py
[2024-08-05T07:23:31.150+0000] {logging_mixin.py:120} INFO - [2024-08-05T07:23:31.150+0000] {dag.py:2585} INFO - Sync 1 DAGs
[2024-08-05T07:23:31.203+0000] {logging_mixin.py:120} INFO - [2024-08-05T07:23:31.203+0000] {dag.py:3340} INFO - Setting next_dagrun for example_branch_labels to 2024-08-04T00:00:00+00:00, run_after=2024-08-05T00:00:00+00:00
[2024-08-05T07:23:31.276+0000] {processor.py:176} INFO - Processing /home/airflow/.local/lib/python3.7/site-packages/airflow/example_dags/example_branch_labels.py took 0.210 seconds
[2024-08-05T07:24:01.924+0000] {processor.py:154} INFO - Started process (PID=10400) to work on /home/airflow/.local/lib/python3.7/site-packages/airflow/example_dags/example_branch_labels.py
[2024-08-05T07:24:01.927+0000] {processor.py:756} INFO - Processing file /home/airflow/.local/lib/python3.7/site-packages/airflow/example_dags/example_branch_labels.py for tasks to queue
[2024-08-05T07:24:01.980+0000] {logging_mixin.py:120} INFO - [2024-08-05T07:24:01.980+0000] {dagbag.py:537} INFO - Filling up the DagBag from /home/airflow/.local/lib/python3.7/site-packages/airflow/example_dags/example_branch_labels.py
[2024-08-05T07:24:02.006+0000] {processor.py:766} INFO - DAG(s) dict_keys(['example_branch_labels']) retrieved from /home/airflow/.local/lib/python3.7/site-packages/airflow/example_dags/example_branch_labels.py
[2024-08-05T07:24:02.062+0000] {logging_mixin.py:120} INFO - [2024-08-05T07:24:02.061+0000] {dag.py:2585} INFO - Sync 1 DAGs
[2024-08-05T07:24:02.180+0000] {logging_mixin.py:120} INFO - [2024-08-05T07:24:02.179+0000] {dag.py:3340} INFO - Setting next_dagrun for example_branch_labels to 2024-08-04T00:00:00+00:00, run_after=2024-08-05T00:00:00+00:00
[2024-08-05T07:24:02.266+0000] {processor.py:176} INFO - Processing /home/airflow/.local/lib/python3.7/site-packages/airflow/example_dags/example_branch_labels.py took 0.347 seconds
[2024-08-05T08:25:27.216+0000] {processor.py:154} INFO - Started process (PID=10448) to work on /home/airflow/.local/lib/python3.7/site-packages/airflow/example_dags/example_branch_labels.py
[2024-08-05T08:25:27.225+0000] {processor.py:756} INFO - Processing file /home/airflow/.local/lib/python3.7/site-packages/airflow/example_dags/example_branch_labels.py for tasks to queue
[2024-08-05T08:25:27.229+0000] {logging_mixin.py:120} INFO - [2024-08-05T08:25:27.228+0000] {dagbag.py:537} INFO - Filling up the DagBag from /home/airflow/.local/lib/python3.7/site-packages/airflow/example_dags/example_branch_labels.py
[2024-08-05T08:25:27.277+0000] {processor.py:766} INFO - DAG(s) dict_keys(['example_branch_labels']) retrieved from /home/airflow/.local/lib/python3.7/site-packages/airflow/example_dags/example_branch_labels.py
[2024-08-05T08:25:27.376+0000] {logging_mixin.py:120} INFO - [2024-08-05T08:25:27.376+0000] {dag.py:2585} INFO - Sync 1 DAGs
[2024-08-05T08:25:27.455+0000] {logging_mixin.py:120} INFO - [2024-08-05T08:25:27.454+0000] {dag.py:3340} INFO - Setting next_dagrun for example_branch_labels to 2024-08-04T00:00:00+00:00, run_after=2024-08-05T00:00:00+00:00
[2024-08-05T08:25:27.509+0000] {processor.py:176} INFO - Processing /home/airflow/.local/lib/python3.7/site-packages/airflow/example_dags/example_branch_labels.py took 0.299 seconds
[2024-08-05T08:25:57.792+0000] {processor.py:154} INFO - Started process (PID=10516) to work on /home/airflow/.local/lib/python3.7/site-packages/airflow/example_dags/example_branch_labels.py
[2024-08-05T08:25:57.794+0000] {processor.py:756} INFO - Processing file /home/airflow/.local/lib/python3.7/site-packages/airflow/example_dags/example_branch_labels.py for tasks to queue
[2024-08-05T08:25:57.795+0000] {logging_mixin.py:120} INFO - [2024-08-05T08:25:57.795+0000] {dagbag.py:537} INFO - Filling up the DagBag from /home/airflow/.local/lib/python3.7/site-packages/airflow/example_dags/example_branch_labels.py
[2024-08-05T08:25:57.807+0000] {processor.py:766} INFO - DAG(s) dict_keys(['example_branch_labels']) retrieved from /home/airflow/.local/lib/python3.7/site-packages/airflow/example_dags/example_branch_labels.py
[2024-08-05T08:25:57.837+0000] {logging_mixin.py:120} INFO - [2024-08-05T08:25:57.837+0000] {dag.py:2585} INFO - Sync 1 DAGs
[2024-08-05T08:25:57.857+0000] {logging_mixin.py:120} INFO - [2024-08-05T08:25:57.857+0000] {dag.py:3340} INFO - Setting next_dagrun for example_branch_labels to 2024-08-04T00:00:00+00:00, run_after=2024-08-05T00:00:00+00:00
[2024-08-05T08:25:57.889+0000] {processor.py:176} INFO - Processing /home/airflow/.local/lib/python3.7/site-packages/airflow/example_dags/example_branch_labels.py took 0.100 seconds
[2024-08-05T08:26:28.109+0000] {processor.py:154} INFO - Started process (PID=10583) to work on /home/airflow/.local/lib/python3.7/site-packages/airflow/example_dags/example_branch_labels.py
[2024-08-05T08:26:28.110+0000] {processor.py:756} INFO - Processing file /home/airflow/.local/lib/python3.7/site-packages/airflow/example_dags/example_branch_labels.py for tasks to queue
[2024-08-05T08:26:28.112+0000] {logging_mixin.py:120} INFO - [2024-08-05T08:26:28.112+0000] {dagbag.py:537} INFO - Filling up the DagBag from /home/airflow/.local/lib/python3.7/site-packages/airflow/example_dags/example_branch_labels.py
[2024-08-05T08:26:28.145+0000] {processor.py:766} INFO - DAG(s) dict_keys(['example_branch_labels']) retrieved from /home/airflow/.local/lib/python3.7/site-packages/airflow/example_dags/example_branch_labels.py
[2024-08-05T08:26:28.250+0000] {logging_mixin.py:120} INFO - [2024-08-05T08:26:28.250+0000] {dag.py:2585} INFO - Sync 1 DAGs
[2024-08-05T08:26:28.300+0000] {logging_mixin.py:120} INFO - [2024-08-05T08:26:28.300+0000] {dag.py:3340} INFO - Setting next_dagrun for example_branch_labels to 2024-08-04T00:00:00+00:00, run_after=2024-08-05T00:00:00+00:00
[2024-08-05T08:26:28.347+0000] {processor.py:176} INFO - Processing /home/airflow/.local/lib/python3.7/site-packages/airflow/example_dags/example_branch_labels.py took 0.243 seconds
[2024-08-05T08:26:58.647+0000] {processor.py:154} INFO - Started process (PID=10650) to work on /home/airflow/.local/lib/python3.7/site-packages/airflow/example_dags/example_branch_labels.py
[2024-08-05T08:26:58.649+0000] {processor.py:756} INFO - Processing file /home/airflow/.local/lib/python3.7/site-packages/airflow/example_dags/example_branch_labels.py for tasks to queue
[2024-08-05T08:26:58.650+0000] {logging_mixin.py:120} INFO - [2024-08-05T08:26:58.650+0000] {dagbag.py:537} INFO - Filling up the DagBag from /home/airflow/.local/lib/python3.7/site-packages/airflow/example_dags/example_branch_labels.py
[2024-08-05T08:26:58.667+0000] {processor.py:766} INFO - DAG(s) dict_keys(['example_branch_labels']) retrieved from /home/airflow/.local/lib/python3.7/site-packages/airflow/example_dags/example_branch_labels.py
[2024-08-05T08:26:58.715+0000] {logging_mixin.py:120} INFO - [2024-08-05T08:26:58.715+0000] {dag.py:2585} INFO - Sync 1 DAGs
[2024-08-05T08:26:58.742+0000] {logging_mixin.py:120} INFO - [2024-08-05T08:26:58.742+0000] {dag.py:3340} INFO - Setting next_dagrun for example_branch_labels to 2024-08-04T00:00:00+00:00, run_after=2024-08-05T00:00:00+00:00
[2024-08-05T08:26:58.770+0000] {processor.py:176} INFO - Processing /home/airflow/.local/lib/python3.7/site-packages/airflow/example_dags/example_branch_labels.py took 0.126 seconds
[2024-08-05T08:27:30.653+0000] {processor.py:154} INFO - Started process (PID=10708) to work on /home/airflow/.local/lib/python3.7/site-packages/airflow/example_dags/example_branch_labels.py
[2024-08-05T08:27:30.668+0000] {processor.py:756} INFO - Processing file /home/airflow/.local/lib/python3.7/site-packages/airflow/example_dags/example_branch_labels.py for tasks to queue
[2024-08-05T08:27:30.679+0000] {logging_mixin.py:120} INFO - [2024-08-05T08:27:30.678+0000] {dagbag.py:537} INFO - Filling up the DagBag from /home/airflow/.local/lib/python3.7/site-packages/airflow/example_dags/example_branch_labels.py
[2024-08-05T08:27:30.697+0000] {processor.py:766} INFO - DAG(s) dict_keys(['example_branch_labels']) retrieved from /home/airflow/.local/lib/python3.7/site-packages/airflow/example_dags/example_branch_labels.py
[2024-08-05T08:27:30.762+0000] {logging_mixin.py:120} INFO - [2024-08-05T08:27:30.761+0000] {dag.py:2585} INFO - Sync 1 DAGs
[2024-08-05T08:27:30.797+0000] {logging_mixin.py:120} INFO - [2024-08-05T08:27:30.797+0000] {dag.py:3340} INFO - Setting next_dagrun for example_branch_labels to 2024-08-04T00:00:00+00:00, run_after=2024-08-05T00:00:00+00:00
[2024-08-05T08:27:30.839+0000] {processor.py:176} INFO - Processing /home/airflow/.local/lib/python3.7/site-packages/airflow/example_dags/example_branch_labels.py took 0.188 seconds
[2024-08-05T08:28:01.016+0000] {processor.py:154} INFO - Started process (PID=10774) to work on /home/airflow/.local/lib/python3.7/site-packages/airflow/example_dags/example_branch_labels.py
[2024-08-05T08:28:01.017+0000] {processor.py:756} INFO - Processing file /home/airflow/.local/lib/python3.7/site-packages/airflow/example_dags/example_branch_labels.py for tasks to queue
[2024-08-05T08:28:01.018+0000] {logging_mixin.py:120} INFO - [2024-08-05T08:28:01.018+0000] {dagbag.py:537} INFO - Filling up the DagBag from /home/airflow/.local/lib/python3.7/site-packages/airflow/example_dags/example_branch_labels.py
[2024-08-05T08:28:01.028+0000] {processor.py:766} INFO - DAG(s) dict_keys(['example_branch_labels']) retrieved from /home/airflow/.local/lib/python3.7/site-packages/airflow/example_dags/example_branch_labels.py
[2024-08-05T08:28:01.072+0000] {logging_mixin.py:120} INFO - [2024-08-05T08:28:01.071+0000] {dag.py:2585} INFO - Sync 1 DAGs
[2024-08-05T08:28:01.095+0000] {logging_mixin.py:120} INFO - [2024-08-05T08:28:01.094+0000] {dag.py:3340} INFO - Setting next_dagrun for example_branch_labels to 2024-08-04T00:00:00+00:00, run_after=2024-08-05T00:00:00+00:00
[2024-08-05T08:28:01.114+0000] {processor.py:176} INFO - Processing /home/airflow/.local/lib/python3.7/site-packages/airflow/example_dags/example_branch_labels.py took 0.101 seconds
[2024-08-05T08:28:32.402+0000] {processor.py:154} INFO - Started process (PID=10842) to work on /home/airflow/.local/lib/python3.7/site-packages/airflow/example_dags/example_branch_labels.py
[2024-08-05T08:28:32.417+0000] {processor.py:756} INFO - Processing file /home/airflow/.local/lib/python3.7/site-packages/airflow/example_dags/example_branch_labels.py for tasks to queue
[2024-08-05T08:28:32.513+0000] {logging_mixin.py:120} INFO - [2024-08-05T08:28:32.513+0000] {dagbag.py:537} INFO - Filling up the DagBag from /home/airflow/.local/lib/python3.7/site-packages/airflow/example_dags/example_branch_labels.py
[2024-08-05T08:28:32.548+0000] {processor.py:766} INFO - DAG(s) dict_keys(['example_branch_labels']) retrieved from /home/airflow/.local/lib/python3.7/site-packages/airflow/example_dags/example_branch_labels.py
[2024-08-05T08:28:32.706+0000] {logging_mixin.py:120} INFO - [2024-08-05T08:28:32.706+0000] {dag.py:2585} INFO - Sync 1 DAGs
[2024-08-05T08:28:32.806+0000] {logging_mixin.py:120} INFO - [2024-08-05T08:28:32.806+0000] {dag.py:3340} INFO - Setting next_dagrun for example_branch_labels to 2024-08-04T00:00:00+00:00, run_after=2024-08-05T00:00:00+00:00
[2024-08-05T08:28:32.919+0000] {processor.py:176} INFO - Processing /home/airflow/.local/lib/python3.7/site-packages/airflow/example_dags/example_branch_labels.py took 0.522 seconds
[2024-08-05T08:29:03.671+0000] {processor.py:154} INFO - Started process (PID=10909) to work on /home/airflow/.local/lib/python3.7/site-packages/airflow/example_dags/example_branch_labels.py
[2024-08-05T08:29:03.674+0000] {processor.py:756} INFO - Processing file /home/airflow/.local/lib/python3.7/site-packages/airflow/example_dags/example_branch_labels.py for tasks to queue
[2024-08-05T08:29:03.678+0000] {logging_mixin.py:120} INFO - [2024-08-05T08:29:03.678+0000] {dagbag.py:537} INFO - Filling up the DagBag from /home/airflow/.local/lib/python3.7/site-packages/airflow/example_dags/example_branch_labels.py
[2024-08-05T08:29:03.727+0000] {processor.py:766} INFO - DAG(s) dict_keys(['example_branch_labels']) retrieved from /home/airflow/.local/lib/python3.7/site-packages/airflow/example_dags/example_branch_labels.py
[2024-08-05T08:29:03.845+0000] {logging_mixin.py:120} INFO - [2024-08-05T08:29:03.845+0000] {dag.py:2585} INFO - Sync 1 DAGs
[2024-08-05T08:29:03.962+0000] {logging_mixin.py:120} INFO - [2024-08-05T08:29:03.962+0000] {dag.py:3340} INFO - Setting next_dagrun for example_branch_labels to 2024-08-04T00:00:00+00:00, run_after=2024-08-05T00:00:00+00:00
[2024-08-05T08:29:04.050+0000] {processor.py:176} INFO - Processing /home/airflow/.local/lib/python3.7/site-packages/airflow/example_dags/example_branch_labels.py took 0.381 seconds
[2024-08-05T08:29:34.917+0000] {processor.py:154} INFO - Started process (PID=10975) to work on /home/airflow/.local/lib/python3.7/site-packages/airflow/example_dags/example_branch_labels.py
[2024-08-05T08:29:34.920+0000] {processor.py:756} INFO - Processing file /home/airflow/.local/lib/python3.7/site-packages/airflow/example_dags/example_branch_labels.py for tasks to queue
[2024-08-05T08:29:34.921+0000] {logging_mixin.py:120} INFO - [2024-08-05T08:29:34.921+0000] {dagbag.py:537} INFO - Filling up the DagBag from /home/airflow/.local/lib/python3.7/site-packages/airflow/example_dags/example_branch_labels.py
[2024-08-05T08:29:34.933+0000] {processor.py:766} INFO - DAG(s) dict_keys(['example_branch_labels']) retrieved from /home/airflow/.local/lib/python3.7/site-packages/airflow/example_dags/example_branch_labels.py
[2024-08-05T08:29:34.973+0000] {logging_mixin.py:120} INFO - [2024-08-05T08:29:34.973+0000] {dag.py:2585} INFO - Sync 1 DAGs
[2024-08-05T08:29:34.995+0000] {logging_mixin.py:120} INFO - [2024-08-05T08:29:34.995+0000] {dag.py:3340} INFO - Setting next_dagrun for example_branch_labels to 2024-08-04T00:00:00+00:00, run_after=2024-08-05T00:00:00+00:00
[2024-08-05T08:29:35.017+0000] {processor.py:176} INFO - Processing /home/airflow/.local/lib/python3.7/site-packages/airflow/example_dags/example_branch_labels.py took 0.101 seconds
[2024-08-05T08:30:05.153+0000] {processor.py:154} INFO - Started process (PID=11042) to work on /home/airflow/.local/lib/python3.7/site-packages/airflow/example_dags/example_branch_labels.py
[2024-08-05T08:30:05.154+0000] {processor.py:756} INFO - Processing file /home/airflow/.local/lib/python3.7/site-packages/airflow/example_dags/example_branch_labels.py for tasks to queue
[2024-08-05T08:30:05.155+0000] {logging_mixin.py:120} INFO - [2024-08-05T08:30:05.155+0000] {dagbag.py:537} INFO - Filling up the DagBag from /home/airflow/.local/lib/python3.7/site-packages/airflow/example_dags/example_branch_labels.py
[2024-08-05T08:30:05.170+0000] {processor.py:766} INFO - DAG(s) dict_keys(['example_branch_labels']) retrieved from /home/airflow/.local/lib/python3.7/site-packages/airflow/example_dags/example_branch_labels.py
[2024-08-05T08:30:05.210+0000] {logging_mixin.py:120} INFO - [2024-08-05T08:30:05.210+0000] {dag.py:2585} INFO - Sync 1 DAGs
[2024-08-05T08:30:05.241+0000] {logging_mixin.py:120} INFO - [2024-08-05T08:30:05.241+0000] {dag.py:3340} INFO - Setting next_dagrun for example_branch_labels to 2024-08-04T00:00:00+00:00, run_after=2024-08-05T00:00:00+00:00
[2024-08-05T08:30:05.266+0000] {processor.py:176} INFO - Processing /home/airflow/.local/lib/python3.7/site-packages/airflow/example_dags/example_branch_labels.py took 0.117 seconds
[2024-08-05T08:30:37.574+0000] {processor.py:154} INFO - Started process (PID=11101) to work on /home/airflow/.local/lib/python3.7/site-packages/airflow/example_dags/example_branch_labels.py
[2024-08-05T08:30:37.578+0000] {processor.py:756} INFO - Processing file /home/airflow/.local/lib/python3.7/site-packages/airflow/example_dags/example_branch_labels.py for tasks to queue
[2024-08-05T08:30:37.588+0000] {logging_mixin.py:120} INFO - [2024-08-05T08:30:37.588+0000] {dagbag.py:537} INFO - Filling up the DagBag from /home/airflow/.local/lib/python3.7/site-packages/airflow/example_dags/example_branch_labels.py
[2024-08-05T08:30:37.602+0000] {processor.py:766} INFO - DAG(s) dict_keys(['example_branch_labels']) retrieved from /home/airflow/.local/lib/python3.7/site-packages/airflow/example_dags/example_branch_labels.py
[2024-08-05T08:30:37.650+0000] {logging_mixin.py:120} INFO - [2024-08-05T08:30:37.649+0000] {dag.py:2585} INFO - Sync 1 DAGs
[2024-08-05T08:30:37.674+0000] {logging_mixin.py:120} INFO - [2024-08-05T08:30:37.674+0000] {dag.py:3340} INFO - Setting next_dagrun for example_branch_labels to 2024-08-04T00:00:00+00:00, run_after=2024-08-05T00:00:00+00:00
[2024-08-05T08:30:37.707+0000] {processor.py:176} INFO - Processing /home/airflow/.local/lib/python3.7/site-packages/airflow/example_dags/example_branch_labels.py took 0.136 seconds
[2024-08-05T08:31:08.602+0000] {processor.py:154} INFO - Started process (PID=11168) to work on /home/airflow/.local/lib/python3.7/site-packages/airflow/example_dags/example_branch_labels.py
[2024-08-05T08:31:08.603+0000] {processor.py:756} INFO - Processing file /home/airflow/.local/lib/python3.7/site-packages/airflow/example_dags/example_branch_labels.py for tasks to queue
[2024-08-05T08:31:08.604+0000] {logging_mixin.py:120} INFO - [2024-08-05T08:31:08.603+0000] {dagbag.py:537} INFO - Filling up the DagBag from /home/airflow/.local/lib/python3.7/site-packages/airflow/example_dags/example_branch_labels.py
[2024-08-05T08:31:08.620+0000] {processor.py:766} INFO - DAG(s) dict_keys(['example_branch_labels']) retrieved from /home/airflow/.local/lib/python3.7/site-packages/airflow/example_dags/example_branch_labels.py
[2024-08-05T08:31:08.664+0000] {logging_mixin.py:120} INFO - [2024-08-05T08:31:08.664+0000] {dag.py:2585} INFO - Sync 1 DAGs
[2024-08-05T08:31:08.689+0000] {logging_mixin.py:120} INFO - [2024-08-05T08:31:08.689+0000] {dag.py:3340} INFO - Setting next_dagrun for example_branch_labels to 2024-08-04T00:00:00+00:00, run_after=2024-08-05T00:00:00+00:00
[2024-08-05T08:31:08.709+0000] {processor.py:176} INFO - Processing /home/airflow/.local/lib/python3.7/site-packages/airflow/example_dags/example_branch_labels.py took 0.111 seconds
[2024-08-05T08:31:39.589+0000] {processor.py:154} INFO - Started process (PID=11235) to work on /home/airflow/.local/lib/python3.7/site-packages/airflow/example_dags/example_branch_labels.py
[2024-08-05T08:31:39.667+0000] {processor.py:756} INFO - Processing file /home/airflow/.local/lib/python3.7/site-packages/airflow/example_dags/example_branch_labels.py for tasks to queue
[2024-08-05T08:31:39.674+0000] {logging_mixin.py:120} INFO - [2024-08-05T08:31:39.674+0000] {dagbag.py:537} INFO - Filling up the DagBag from /home/airflow/.local/lib/python3.7/site-packages/airflow/example_dags/example_branch_labels.py
[2024-08-05T08:31:39.697+0000] {processor.py:766} INFO - DAG(s) dict_keys(['example_branch_labels']) retrieved from /home/airflow/.local/lib/python3.7/site-packages/airflow/example_dags/example_branch_labels.py
[2024-08-05T08:31:39.760+0000] {logging_mixin.py:120} INFO - [2024-08-05T08:31:39.760+0000] {dag.py:2585} INFO - Sync 1 DAGs
[2024-08-05T08:31:39.819+0000] {logging_mixin.py:120} INFO - [2024-08-05T08:31:39.819+0000] {dag.py:3340} INFO - Setting next_dagrun for example_branch_labels to 2024-08-04T00:00:00+00:00, run_after=2024-08-05T00:00:00+00:00
[2024-08-05T08:31:39.873+0000] {processor.py:176} INFO - Processing /home/airflow/.local/lib/python3.7/site-packages/airflow/example_dags/example_branch_labels.py took 0.288 seconds
[2024-08-05T08:32:10.940+0000] {processor.py:154} INFO - Started process (PID=11301) to work on /home/airflow/.local/lib/python3.7/site-packages/airflow/example_dags/example_branch_labels.py
[2024-08-05T08:32:10.946+0000] {processor.py:756} INFO - Processing file /home/airflow/.local/lib/python3.7/site-packages/airflow/example_dags/example_branch_labels.py for tasks to queue
[2024-08-05T08:32:11.127+0000] {logging_mixin.py:120} INFO - [2024-08-05T08:32:11.127+0000] {dagbag.py:537} INFO - Filling up the DagBag from /home/airflow/.local/lib/python3.7/site-packages/airflow/example_dags/example_branch_labels.py
[2024-08-05T08:32:11.162+0000] {processor.py:766} INFO - DAG(s) dict_keys(['example_branch_labels']) retrieved from /home/airflow/.local/lib/python3.7/site-packages/airflow/example_dags/example_branch_labels.py
[2024-08-05T08:32:11.326+0000] {logging_mixin.py:120} INFO - [2024-08-05T08:32:11.326+0000] {dag.py:2585} INFO - Sync 1 DAGs
[2024-08-05T08:32:11.392+0000] {logging_mixin.py:120} INFO - [2024-08-05T08:32:11.392+0000] {dag.py:3340} INFO - Setting next_dagrun for example_branch_labels to 2024-08-04T00:00:00+00:00, run_after=2024-08-05T00:00:00+00:00
[2024-08-05T08:32:11.458+0000] {processor.py:176} INFO - Processing /home/airflow/.local/lib/python3.7/site-packages/airflow/example_dags/example_branch_labels.py took 0.525 seconds
[2024-08-05T08:32:41.710+0000] {processor.py:154} INFO - Started process (PID=11368) to work on /home/airflow/.local/lib/python3.7/site-packages/airflow/example_dags/example_branch_labels.py
[2024-08-05T08:32:41.711+0000] {processor.py:756} INFO - Processing file /home/airflow/.local/lib/python3.7/site-packages/airflow/example_dags/example_branch_labels.py for tasks to queue
[2024-08-05T08:32:41.712+0000] {logging_mixin.py:120} INFO - [2024-08-05T08:32:41.711+0000] {dagbag.py:537} INFO - Filling up the DagBag from /home/airflow/.local/lib/python3.7/site-packages/airflow/example_dags/example_branch_labels.py
[2024-08-05T08:32:41.725+0000] {processor.py:766} INFO - DAG(s) dict_keys(['example_branch_labels']) retrieved from /home/airflow/.local/lib/python3.7/site-packages/airflow/example_dags/example_branch_labels.py
[2024-08-05T08:32:41.755+0000] {logging_mixin.py:120} INFO - [2024-08-05T08:32:41.755+0000] {dag.py:2585} INFO - Sync 1 DAGs
[2024-08-05T08:32:41.779+0000] {logging_mixin.py:120} INFO - [2024-08-05T08:32:41.779+0000] {dag.py:3340} INFO - Setting next_dagrun for example_branch_labels to 2024-08-04T00:00:00+00:00, run_after=2024-08-05T00:00:00+00:00
[2024-08-05T08:32:41.799+0000] {processor.py:176} INFO - Processing /home/airflow/.local/lib/python3.7/site-packages/airflow/example_dags/example_branch_labels.py took 0.092 seconds
[2024-08-05T08:33:11.830+0000] {processor.py:154} INFO - Started process (PID=11436) to work on /home/airflow/.local/lib/python3.7/site-packages/airflow/example_dags/example_branch_labels.py
[2024-08-05T08:33:11.832+0000] {processor.py:756} INFO - Processing file /home/airflow/.local/lib/python3.7/site-packages/airflow/example_dags/example_branch_labels.py for tasks to queue
[2024-08-05T08:33:11.833+0000] {logging_mixin.py:120} INFO - [2024-08-05T08:33:11.833+0000] {dagbag.py:537} INFO - Filling up the DagBag from /home/airflow/.local/lib/python3.7/site-packages/airflow/example_dags/example_branch_labels.py
[2024-08-05T08:33:11.847+0000] {processor.py:766} INFO - DAG(s) dict_keys(['example_branch_labels']) retrieved from /home/airflow/.local/lib/python3.7/site-packages/airflow/example_dags/example_branch_labels.py
[2024-08-05T08:33:11.888+0000] {logging_mixin.py:120} INFO - [2024-08-05T08:33:11.888+0000] {dag.py:2585} INFO - Sync 1 DAGs
[2024-08-05T08:33:11.906+0000] {logging_mixin.py:120} INFO - [2024-08-05T08:33:11.906+0000] {dag.py:3340} INFO - Setting next_dagrun for example_branch_labels to 2024-08-04T00:00:00+00:00, run_after=2024-08-05T00:00:00+00:00
[2024-08-05T08:33:11.923+0000] {processor.py:176} INFO - Processing /home/airflow/.local/lib/python3.7/site-packages/airflow/example_dags/example_branch_labels.py took 0.096 seconds
[2024-08-05T08:33:44.164+0000] {processor.py:154} INFO - Started process (PID=11494) to work on /home/airflow/.local/lib/python3.7/site-packages/airflow/example_dags/example_branch_labels.py
[2024-08-05T08:33:44.166+0000] {processor.py:756} INFO - Processing file /home/airflow/.local/lib/python3.7/site-packages/airflow/example_dags/example_branch_labels.py for tasks to queue
[2024-08-05T08:33:44.303+0000] {logging_mixin.py:120} INFO - [2024-08-05T08:33:44.303+0000] {dagbag.py:537} INFO - Filling up the DagBag from /home/airflow/.local/lib/python3.7/site-packages/airflow/example_dags/example_branch_labels.py
[2024-08-05T08:33:44.599+0000] {processor.py:766} INFO - DAG(s) dict_keys(['example_branch_labels']) retrieved from /home/airflow/.local/lib/python3.7/site-packages/airflow/example_dags/example_branch_labels.py
[2024-08-05T08:33:44.782+0000] {logging_mixin.py:120} INFO - [2024-08-05T08:33:44.782+0000] {dag.py:2585} INFO - Sync 1 DAGs
[2024-08-05T08:33:44.809+0000] {logging_mixin.py:120} INFO - [2024-08-05T08:33:44.809+0000] {dag.py:3340} INFO - Setting next_dagrun for example_branch_labels to 2024-08-04T00:00:00+00:00, run_after=2024-08-05T00:00:00+00:00
[2024-08-05T08:33:44.877+0000] {processor.py:176} INFO - Processing /home/airflow/.local/lib/python3.7/site-packages/airflow/example_dags/example_branch_labels.py took 0.718 seconds
[2024-08-05T08:34:15.823+0000] {processor.py:154} INFO - Started process (PID=11565) to work on /home/airflow/.local/lib/python3.7/site-packages/airflow/example_dags/example_branch_labels.py
[2024-08-05T08:34:15.824+0000] {processor.py:756} INFO - Processing file /home/airflow/.local/lib/python3.7/site-packages/airflow/example_dags/example_branch_labels.py for tasks to queue
[2024-08-05T08:34:15.825+0000] {logging_mixin.py:120} INFO - [2024-08-05T08:34:15.825+0000] {dagbag.py:537} INFO - Filling up the DagBag from /home/airflow/.local/lib/python3.7/site-packages/airflow/example_dags/example_branch_labels.py
[2024-08-05T08:34:15.837+0000] {processor.py:766} INFO - DAG(s) dict_keys(['example_branch_labels']) retrieved from /home/airflow/.local/lib/python3.7/site-packages/airflow/example_dags/example_branch_labels.py
[2024-08-05T08:34:15.895+0000] {logging_mixin.py:120} INFO - [2024-08-05T08:34:15.895+0000] {dag.py:2585} INFO - Sync 1 DAGs
[2024-08-05T08:34:15.921+0000] {logging_mixin.py:120} INFO - [2024-08-05T08:34:15.921+0000] {dag.py:3340} INFO - Setting next_dagrun for example_branch_labels to 2024-08-04T00:00:00+00:00, run_after=2024-08-05T00:00:00+00:00
[2024-08-05T08:34:15.943+0000] {processor.py:176} INFO - Processing /home/airflow/.local/lib/python3.7/site-packages/airflow/example_dags/example_branch_labels.py took 0.122 seconds
[2024-08-05T08:34:47.089+0000] {processor.py:154} INFO - Started process (PID=11632) to work on /home/airflow/.local/lib/python3.7/site-packages/airflow/example_dags/example_branch_labels.py
[2024-08-05T08:34:47.091+0000] {processor.py:756} INFO - Processing file /home/airflow/.local/lib/python3.7/site-packages/airflow/example_dags/example_branch_labels.py for tasks to queue
[2024-08-05T08:34:47.091+0000] {logging_mixin.py:120} INFO - [2024-08-05T08:34:47.091+0000] {dagbag.py:537} INFO - Filling up the DagBag from /home/airflow/.local/lib/python3.7/site-packages/airflow/example_dags/example_branch_labels.py
[2024-08-05T08:34:47.105+0000] {processor.py:766} INFO - DAG(s) dict_keys(['example_branch_labels']) retrieved from /home/airflow/.local/lib/python3.7/site-packages/airflow/example_dags/example_branch_labels.py
[2024-08-05T08:34:47.141+0000] {logging_mixin.py:120} INFO - [2024-08-05T08:34:47.141+0000] {dag.py:2585} INFO - Sync 1 DAGs
[2024-08-05T08:34:47.164+0000] {logging_mixin.py:120} INFO - [2024-08-05T08:34:47.164+0000] {dag.py:3340} INFO - Setting next_dagrun for example_branch_labels to 2024-08-04T00:00:00+00:00, run_after=2024-08-05T00:00:00+00:00
[2024-08-05T08:34:47.185+0000] {processor.py:176} INFO - Processing /home/airflow/.local/lib/python3.7/site-packages/airflow/example_dags/example_branch_labels.py took 0.099 seconds
[2024-08-05T08:35:17.729+0000] {processor.py:154} INFO - Started process (PID=11701) to work on /home/airflow/.local/lib/python3.7/site-packages/airflow/example_dags/example_branch_labels.py
[2024-08-05T08:35:17.730+0000] {processor.py:756} INFO - Processing file /home/airflow/.local/lib/python3.7/site-packages/airflow/example_dags/example_branch_labels.py for tasks to queue
[2024-08-05T08:35:17.731+0000] {logging_mixin.py:120} INFO - [2024-08-05T08:35:17.731+0000] {dagbag.py:537} INFO - Filling up the DagBag from /home/airflow/.local/lib/python3.7/site-packages/airflow/example_dags/example_branch_labels.py
[2024-08-05T08:35:17.744+0000] {processor.py:766} INFO - DAG(s) dict_keys(['example_branch_labels']) retrieved from /home/airflow/.local/lib/python3.7/site-packages/airflow/example_dags/example_branch_labels.py
[2024-08-05T08:35:17.793+0000] {logging_mixin.py:120} INFO - [2024-08-05T08:35:17.792+0000] {dag.py:2585} INFO - Sync 1 DAGs
[2024-08-05T08:35:17.823+0000] {logging_mixin.py:120} INFO - [2024-08-05T08:35:17.823+0000] {dag.py:3340} INFO - Setting next_dagrun for example_branch_labels to 2024-08-04T00:00:00+00:00, run_after=2024-08-05T00:00:00+00:00
[2024-08-05T08:35:17.846+0000] {processor.py:176} INFO - Processing /home/airflow/.local/lib/python3.7/site-packages/airflow/example_dags/example_branch_labels.py took 0.120 seconds
[2024-08-05T08:35:50.864+0000] {processor.py:154} INFO - Started process (PID=11774) to work on /home/airflow/.local/lib/python3.7/site-packages/airflow/example_dags/example_branch_labels.py
[2024-08-05T08:35:50.865+0000] {processor.py:756} INFO - Processing file /home/airflow/.local/lib/python3.7/site-packages/airflow/example_dags/example_branch_labels.py for tasks to queue
[2024-08-05T08:35:50.866+0000] {logging_mixin.py:120} INFO - [2024-08-05T08:35:50.866+0000] {dagbag.py:537} INFO - Filling up the DagBag from /home/airflow/.local/lib/python3.7/site-packages/airflow/example_dags/example_branch_labels.py
[2024-08-05T08:35:50.877+0000] {processor.py:766} INFO - DAG(s) dict_keys(['example_branch_labels']) retrieved from /home/airflow/.local/lib/python3.7/site-packages/airflow/example_dags/example_branch_labels.py
[2024-08-05T08:35:50.916+0000] {logging_mixin.py:120} INFO - [2024-08-05T08:35:50.916+0000] {dag.py:2585} INFO - Sync 1 DAGs
[2024-08-05T08:35:50.941+0000] {logging_mixin.py:120} INFO - [2024-08-05T08:35:50.941+0000] {dag.py:3340} INFO - Setting next_dagrun for example_branch_labels to 2024-08-04T00:00:00+00:00, run_after=2024-08-05T00:00:00+00:00
[2024-08-05T08:35:50.964+0000] {processor.py:176} INFO - Processing /home/airflow/.local/lib/python3.7/site-packages/airflow/example_dags/example_branch_labels.py took 0.103 seconds
[2024-08-05T08:36:21.359+0000] {processor.py:154} INFO - Started process (PID=11842) to work on /home/airflow/.local/lib/python3.7/site-packages/airflow/example_dags/example_branch_labels.py
[2024-08-05T08:36:21.360+0000] {processor.py:756} INFO - Processing file /home/airflow/.local/lib/python3.7/site-packages/airflow/example_dags/example_branch_labels.py for tasks to queue
[2024-08-05T08:36:21.369+0000] {logging_mixin.py:120} INFO - [2024-08-05T08:36:21.369+0000] {dagbag.py:537} INFO - Filling up the DagBag from /home/airflow/.local/lib/python3.7/site-packages/airflow/example_dags/example_branch_labels.py
[2024-08-05T08:36:21.385+0000] {processor.py:766} INFO - DAG(s) dict_keys(['example_branch_labels']) retrieved from /home/airflow/.local/lib/python3.7/site-packages/airflow/example_dags/example_branch_labels.py
[2024-08-05T08:36:21.423+0000] {logging_mixin.py:120} INFO - [2024-08-05T08:36:21.423+0000] {dag.py:2585} INFO - Sync 1 DAGs
[2024-08-05T08:36:21.449+0000] {logging_mixin.py:120} INFO - [2024-08-05T08:36:21.449+0000] {dag.py:3340} INFO - Setting next_dagrun for example_branch_labels to 2024-08-04T00:00:00+00:00, run_after=2024-08-05T00:00:00+00:00
[2024-08-05T08:36:21.492+0000] {processor.py:176} INFO - Processing /home/airflow/.local/lib/python3.7/site-packages/airflow/example_dags/example_branch_labels.py took 0.136 seconds
[2024-08-05T08:36:54.184+0000] {processor.py:154} INFO - Started process (PID=11914) to work on /home/airflow/.local/lib/python3.7/site-packages/airflow/example_dags/example_branch_labels.py
[2024-08-05T08:36:54.185+0000] {processor.py:756} INFO - Processing file /home/airflow/.local/lib/python3.7/site-packages/airflow/example_dags/example_branch_labels.py for tasks to queue
[2024-08-05T08:36:54.186+0000] {logging_mixin.py:120} INFO - [2024-08-05T08:36:54.186+0000] {dagbag.py:537} INFO - Filling up the DagBag from /home/airflow/.local/lib/python3.7/site-packages/airflow/example_dags/example_branch_labels.py
[2024-08-05T08:36:54.202+0000] {processor.py:766} INFO - DAG(s) dict_keys(['example_branch_labels']) retrieved from /home/airflow/.local/lib/python3.7/site-packages/airflow/example_dags/example_branch_labels.py
[2024-08-05T08:36:54.248+0000] {logging_mixin.py:120} INFO - [2024-08-05T08:36:54.248+0000] {dag.py:2585} INFO - Sync 1 DAGs
[2024-08-05T08:36:54.275+0000] {logging_mixin.py:120} INFO - [2024-08-05T08:36:54.275+0000] {dag.py:3340} INFO - Setting next_dagrun for example_branch_labels to 2024-08-04T00:00:00+00:00, run_after=2024-08-05T00:00:00+00:00
[2024-08-05T08:36:54.295+0000] {processor.py:176} INFO - Processing /home/airflow/.local/lib/python3.7/site-packages/airflow/example_dags/example_branch_labels.py took 0.114 seconds
[2024-08-05T08:37:25.444+0000] {processor.py:154} INFO - Started process (PID=11979) to work on /home/airflow/.local/lib/python3.7/site-packages/airflow/example_dags/example_branch_labels.py
[2024-08-05T08:37:25.445+0000] {processor.py:756} INFO - Processing file /home/airflow/.local/lib/python3.7/site-packages/airflow/example_dags/example_branch_labels.py for tasks to queue
[2024-08-05T08:37:25.446+0000] {logging_mixin.py:120} INFO - [2024-08-05T08:37:25.446+0000] {dagbag.py:537} INFO - Filling up the DagBag from /home/airflow/.local/lib/python3.7/site-packages/airflow/example_dags/example_branch_labels.py
[2024-08-05T08:37:25.467+0000] {processor.py:766} INFO - DAG(s) dict_keys(['example_branch_labels']) retrieved from /home/airflow/.local/lib/python3.7/site-packages/airflow/example_dags/example_branch_labels.py
[2024-08-05T08:37:25.508+0000] {logging_mixin.py:120} INFO - [2024-08-05T08:37:25.508+0000] {dag.py:2585} INFO - Sync 1 DAGs
[2024-08-05T08:37:25.535+0000] {logging_mixin.py:120} INFO - [2024-08-05T08:37:25.535+0000] {dag.py:3340} INFO - Setting next_dagrun for example_branch_labels to 2024-08-04T00:00:00+00:00, run_after=2024-08-05T00:00:00+00:00
[2024-08-05T08:37:25.562+0000] {processor.py:176} INFO - Processing /home/airflow/.local/lib/python3.7/site-packages/airflow/example_dags/example_branch_labels.py took 0.121 seconds
[2024-08-05T08:37:56.202+0000] {processor.py:154} INFO - Started process (PID=12038) to work on /home/airflow/.local/lib/python3.7/site-packages/airflow/example_dags/example_branch_labels.py
[2024-08-05T08:37:56.204+0000] {processor.py:756} INFO - Processing file /home/airflow/.local/lib/python3.7/site-packages/airflow/example_dags/example_branch_labels.py for tasks to queue
[2024-08-05T08:37:56.205+0000] {logging_mixin.py:120} INFO - [2024-08-05T08:37:56.205+0000] {dagbag.py:537} INFO - Filling up the DagBag from /home/airflow/.local/lib/python3.7/site-packages/airflow/example_dags/example_branch_labels.py
[2024-08-05T08:37:56.220+0000] {processor.py:766} INFO - DAG(s) dict_keys(['example_branch_labels']) retrieved from /home/airflow/.local/lib/python3.7/site-packages/airflow/example_dags/example_branch_labels.py
[2024-08-05T08:37:56.253+0000] {logging_mixin.py:120} INFO - [2024-08-05T08:37:56.253+0000] {dag.py:2585} INFO - Sync 1 DAGs
[2024-08-05T08:37:56.276+0000] {logging_mixin.py:120} INFO - [2024-08-05T08:37:56.276+0000] {dag.py:3340} INFO - Setting next_dagrun for example_branch_labels to 2024-08-04T00:00:00+00:00, run_after=2024-08-05T00:00:00+00:00
[2024-08-05T08:37:56.303+0000] {processor.py:176} INFO - Processing /home/airflow/.local/lib/python3.7/site-packages/airflow/example_dags/example_branch_labels.py took 0.104 seconds
[2024-08-05T08:38:26.948+0000] {processor.py:154} INFO - Started process (PID=12105) to work on /home/airflow/.local/lib/python3.7/site-packages/airflow/example_dags/example_branch_labels.py
[2024-08-05T08:38:26.950+0000] {processor.py:756} INFO - Processing file /home/airflow/.local/lib/python3.7/site-packages/airflow/example_dags/example_branch_labels.py for tasks to queue
[2024-08-05T08:38:26.951+0000] {logging_mixin.py:120} INFO - [2024-08-05T08:38:26.951+0000] {dagbag.py:537} INFO - Filling up the DagBag from /home/airflow/.local/lib/python3.7/site-packages/airflow/example_dags/example_branch_labels.py
[2024-08-05T08:38:26.969+0000] {processor.py:766} INFO - DAG(s) dict_keys(['example_branch_labels']) retrieved from /home/airflow/.local/lib/python3.7/site-packages/airflow/example_dags/example_branch_labels.py
[2024-08-05T08:38:27.010+0000] {logging_mixin.py:120} INFO - [2024-08-05T08:38:27.010+0000] {dag.py:2585} INFO - Sync 1 DAGs
[2024-08-05T08:38:27.038+0000] {logging_mixin.py:120} INFO - [2024-08-05T08:38:27.037+0000] {dag.py:3340} INFO - Setting next_dagrun for example_branch_labels to 2024-08-04T00:00:00+00:00, run_after=2024-08-05T00:00:00+00:00
[2024-08-05T08:38:27.060+0000] {processor.py:176} INFO - Processing /home/airflow/.local/lib/python3.7/site-packages/airflow/example_dags/example_branch_labels.py took 0.116 seconds
[2024-08-05T08:38:58.927+0000] {processor.py:154} INFO - Started process (PID=12172) to work on /home/airflow/.local/lib/python3.7/site-packages/airflow/example_dags/example_branch_labels.py
[2024-08-05T08:38:58.928+0000] {processor.py:756} INFO - Processing file /home/airflow/.local/lib/python3.7/site-packages/airflow/example_dags/example_branch_labels.py for tasks to queue
[2024-08-05T08:38:58.930+0000] {logging_mixin.py:120} INFO - [2024-08-05T08:38:58.929+0000] {dagbag.py:537} INFO - Filling up the DagBag from /home/airflow/.local/lib/python3.7/site-packages/airflow/example_dags/example_branch_labels.py
[2024-08-05T08:38:58.943+0000] {processor.py:766} INFO - DAG(s) dict_keys(['example_branch_labels']) retrieved from /home/airflow/.local/lib/python3.7/site-packages/airflow/example_dags/example_branch_labels.py
[2024-08-05T08:38:58.977+0000] {logging_mixin.py:120} INFO - [2024-08-05T08:38:58.977+0000] {dag.py:2585} INFO - Sync 1 DAGs
[2024-08-05T08:38:58.999+0000] {logging_mixin.py:120} INFO - [2024-08-05T08:38:58.999+0000] {dag.py:3340} INFO - Setting next_dagrun for example_branch_labels to 2024-08-04T00:00:00+00:00, run_after=2024-08-05T00:00:00+00:00
[2024-08-05T08:38:59.018+0000] {processor.py:176} INFO - Processing /home/airflow/.local/lib/python3.7/site-packages/airflow/example_dags/example_branch_labels.py took 0.094 seconds
[2024-08-05T08:39:29.992+0000] {processor.py:154} INFO - Started process (PID=12239) to work on /home/airflow/.local/lib/python3.7/site-packages/airflow/example_dags/example_branch_labels.py
[2024-08-05T08:39:29.993+0000] {processor.py:756} INFO - Processing file /home/airflow/.local/lib/python3.7/site-packages/airflow/example_dags/example_branch_labels.py for tasks to queue
[2024-08-05T08:39:29.994+0000] {logging_mixin.py:120} INFO - [2024-08-05T08:39:29.994+0000] {dagbag.py:537} INFO - Filling up the DagBag from /home/airflow/.local/lib/python3.7/site-packages/airflow/example_dags/example_branch_labels.py
[2024-08-05T08:39:30.008+0000] {processor.py:766} INFO - DAG(s) dict_keys(['example_branch_labels']) retrieved from /home/airflow/.local/lib/python3.7/site-packages/airflow/example_dags/example_branch_labels.py
[2024-08-05T08:39:30.048+0000] {logging_mixin.py:120} INFO - [2024-08-05T08:39:30.048+0000] {dag.py:2585} INFO - Sync 1 DAGs
[2024-08-05T08:39:30.075+0000] {logging_mixin.py:120} INFO - [2024-08-05T08:39:30.074+0000] {dag.py:3340} INFO - Setting next_dagrun for example_branch_labels to 2024-08-04T00:00:00+00:00, run_after=2024-08-05T00:00:00+00:00
[2024-08-05T08:39:30.093+0000] {processor.py:176} INFO - Processing /home/airflow/.local/lib/python3.7/site-packages/airflow/example_dags/example_branch_labels.py took 0.106 seconds
[2024-08-05T08:40:00.407+0000] {processor.py:154} INFO - Started process (PID=12306) to work on /home/airflow/.local/lib/python3.7/site-packages/airflow/example_dags/example_branch_labels.py
[2024-08-05T08:40:00.408+0000] {processor.py:756} INFO - Processing file /home/airflow/.local/lib/python3.7/site-packages/airflow/example_dags/example_branch_labels.py for tasks to queue
[2024-08-05T08:40:00.409+0000] {logging_mixin.py:120} INFO - [2024-08-05T08:40:00.409+0000] {dagbag.py:537} INFO - Filling up the DagBag from /home/airflow/.local/lib/python3.7/site-packages/airflow/example_dags/example_branch_labels.py
[2024-08-05T08:40:00.426+0000] {processor.py:766} INFO - DAG(s) dict_keys(['example_branch_labels']) retrieved from /home/airflow/.local/lib/python3.7/site-packages/airflow/example_dags/example_branch_labels.py
[2024-08-05T08:40:00.462+0000] {logging_mixin.py:120} INFO - [2024-08-05T08:40:00.462+0000] {dag.py:2585} INFO - Sync 1 DAGs
[2024-08-05T08:40:00.484+0000] {logging_mixin.py:120} INFO - [2024-08-05T08:40:00.484+0000] {dag.py:3340} INFO - Setting next_dagrun for example_branch_labels to 2024-08-04T00:00:00+00:00, run_after=2024-08-05T00:00:00+00:00
[2024-08-05T08:40:00.515+0000] {processor.py:176} INFO - Processing /home/airflow/.local/lib/python3.7/site-packages/airflow/example_dags/example_branch_labels.py took 0.110 seconds
[2024-08-05T08:40:31.689+0000] {processor.py:154} INFO - Started process (PID=12364) to work on /home/airflow/.local/lib/python3.7/site-packages/airflow/example_dags/example_branch_labels.py
[2024-08-05T08:40:31.690+0000] {processor.py:756} INFO - Processing file /home/airflow/.local/lib/python3.7/site-packages/airflow/example_dags/example_branch_labels.py for tasks to queue
[2024-08-05T08:40:31.690+0000] {logging_mixin.py:120} INFO - [2024-08-05T08:40:31.690+0000] {dagbag.py:537} INFO - Filling up the DagBag from /home/airflow/.local/lib/python3.7/site-packages/airflow/example_dags/example_branch_labels.py
[2024-08-05T08:40:31.701+0000] {processor.py:766} INFO - DAG(s) dict_keys(['example_branch_labels']) retrieved from /home/airflow/.local/lib/python3.7/site-packages/airflow/example_dags/example_branch_labels.py
[2024-08-05T08:40:31.736+0000] {logging_mixin.py:120} INFO - [2024-08-05T08:40:31.736+0000] {dag.py:2585} INFO - Sync 1 DAGs
[2024-08-05T08:40:31.758+0000] {logging_mixin.py:120} INFO - [2024-08-05T08:40:31.757+0000] {dag.py:3340} INFO - Setting next_dagrun for example_branch_labels to 2024-08-04T00:00:00+00:00, run_after=2024-08-05T00:00:00+00:00
[2024-08-05T08:40:31.780+0000] {processor.py:176} INFO - Processing /home/airflow/.local/lib/python3.7/site-packages/airflow/example_dags/example_branch_labels.py took 0.093 seconds
[2024-08-05T08:41:04.307+0000] {processor.py:154} INFO - Started process (PID=12431) to work on /home/airflow/.local/lib/python3.7/site-packages/airflow/example_dags/example_branch_labels.py
[2024-08-05T08:41:04.307+0000] {processor.py:756} INFO - Processing file /home/airflow/.local/lib/python3.7/site-packages/airflow/example_dags/example_branch_labels.py for tasks to queue
[2024-08-05T08:41:04.308+0000] {logging_mixin.py:120} INFO - [2024-08-05T08:41:04.308+0000] {dagbag.py:537} INFO - Filling up the DagBag from /home/airflow/.local/lib/python3.7/site-packages/airflow/example_dags/example_branch_labels.py
[2024-08-05T08:41:04.319+0000] {processor.py:766} INFO - DAG(s) dict_keys(['example_branch_labels']) retrieved from /home/airflow/.local/lib/python3.7/site-packages/airflow/example_dags/example_branch_labels.py
[2024-08-05T08:41:04.349+0000] {logging_mixin.py:120} INFO - [2024-08-05T08:41:04.349+0000] {dag.py:2585} INFO - Sync 1 DAGs
[2024-08-05T08:41:04.370+0000] {logging_mixin.py:120} INFO - [2024-08-05T08:41:04.370+0000] {dag.py:3340} INFO - Setting next_dagrun for example_branch_labels to 2024-08-04T00:00:00+00:00, run_after=2024-08-05T00:00:00+00:00
[2024-08-05T08:41:04.389+0000] {processor.py:176} INFO - Processing /home/airflow/.local/lib/python3.7/site-packages/airflow/example_dags/example_branch_labels.py took 0.086 seconds
[2024-08-05T08:41:34.872+0000] {processor.py:154} INFO - Started process (PID=12498) to work on /home/airflow/.local/lib/python3.7/site-packages/airflow/example_dags/example_branch_labels.py
[2024-08-05T08:41:34.873+0000] {processor.py:756} INFO - Processing file /home/airflow/.local/lib/python3.7/site-packages/airflow/example_dags/example_branch_labels.py for tasks to queue
[2024-08-05T08:41:34.875+0000] {logging_mixin.py:120} INFO - [2024-08-05T08:41:34.875+0000] {dagbag.py:537} INFO - Filling up the DagBag from /home/airflow/.local/lib/python3.7/site-packages/airflow/example_dags/example_branch_labels.py
[2024-08-05T08:41:34.892+0000] {processor.py:766} INFO - DAG(s) dict_keys(['example_branch_labels']) retrieved from /home/airflow/.local/lib/python3.7/site-packages/airflow/example_dags/example_branch_labels.py
[2024-08-05T08:41:34.936+0000] {logging_mixin.py:120} INFO - [2024-08-05T08:41:34.936+0000] {dag.py:2585} INFO - Sync 1 DAGs
[2024-08-05T08:41:34.964+0000] {logging_mixin.py:120} INFO - [2024-08-05T08:41:34.963+0000] {dag.py:3340} INFO - Setting next_dagrun for example_branch_labels to 2024-08-04T00:00:00+00:00, run_after=2024-08-05T00:00:00+00:00
[2024-08-05T08:41:34.991+0000] {processor.py:176} INFO - Processing /home/airflow/.local/lib/python3.7/site-packages/airflow/example_dags/example_branch_labels.py took 0.122 seconds
[2024-08-05T08:42:06.322+0000] {processor.py:154} INFO - Started process (PID=12565) to work on /home/airflow/.local/lib/python3.7/site-packages/airflow/example_dags/example_branch_labels.py
[2024-08-05T08:42:06.323+0000] {processor.py:756} INFO - Processing file /home/airflow/.local/lib/python3.7/site-packages/airflow/example_dags/example_branch_labels.py for tasks to queue
[2024-08-05T08:42:06.324+0000] {logging_mixin.py:120} INFO - [2024-08-05T08:42:06.324+0000] {dagbag.py:537} INFO - Filling up the DagBag from /home/airflow/.local/lib/python3.7/site-packages/airflow/example_dags/example_branch_labels.py
[2024-08-05T08:42:06.335+0000] {processor.py:766} INFO - DAG(s) dict_keys(['example_branch_labels']) retrieved from /home/airflow/.local/lib/python3.7/site-packages/airflow/example_dags/example_branch_labels.py
[2024-08-05T08:42:06.373+0000] {logging_mixin.py:120} INFO - [2024-08-05T08:42:06.372+0000] {dag.py:2585} INFO - Sync 1 DAGs
[2024-08-05T08:42:06.414+0000] {logging_mixin.py:120} INFO - [2024-08-05T08:42:06.414+0000] {dag.py:3340} INFO - Setting next_dagrun for example_branch_labels to 2024-08-04T00:00:00+00:00, run_after=2024-08-05T00:00:00+00:00
[2024-08-05T08:42:06.438+0000] {processor.py:176} INFO - Processing /home/airflow/.local/lib/python3.7/site-packages/airflow/example_dags/example_branch_labels.py took 0.119 seconds
[2024-08-05T08:42:38.343+0000] {processor.py:154} INFO - Started process (PID=12633) to work on /home/airflow/.local/lib/python3.7/site-packages/airflow/example_dags/example_branch_labels.py
[2024-08-05T08:42:38.344+0000] {processor.py:756} INFO - Processing file /home/airflow/.local/lib/python3.7/site-packages/airflow/example_dags/example_branch_labels.py for tasks to queue
[2024-08-05T08:42:38.345+0000] {logging_mixin.py:120} INFO - [2024-08-05T08:42:38.345+0000] {dagbag.py:537} INFO - Filling up the DagBag from /home/airflow/.local/lib/python3.7/site-packages/airflow/example_dags/example_branch_labels.py
[2024-08-05T08:42:38.360+0000] {processor.py:766} INFO - DAG(s) dict_keys(['example_branch_labels']) retrieved from /home/airflow/.local/lib/python3.7/site-packages/airflow/example_dags/example_branch_labels.py
[2024-08-05T08:42:38.396+0000] {logging_mixin.py:120} INFO - [2024-08-05T08:42:38.396+0000] {dag.py:2585} INFO - Sync 1 DAGs
[2024-08-05T08:42:38.423+0000] {logging_mixin.py:120} INFO - [2024-08-05T08:42:38.423+0000] {dag.py:3340} INFO - Setting next_dagrun for example_branch_labels to 2024-08-04T00:00:00+00:00, run_after=2024-08-05T00:00:00+00:00
[2024-08-05T08:42:38.447+0000] {processor.py:176} INFO - Processing /home/airflow/.local/lib/python3.7/site-packages/airflow/example_dags/example_branch_labels.py took 0.108 seconds
[2024-08-05T08:43:08.876+0000] {processor.py:154} INFO - Started process (PID=12691) to work on /home/airflow/.local/lib/python3.7/site-packages/airflow/example_dags/example_branch_labels.py
[2024-08-05T08:43:08.877+0000] {processor.py:756} INFO - Processing file /home/airflow/.local/lib/python3.7/site-packages/airflow/example_dags/example_branch_labels.py for tasks to queue
[2024-08-05T08:43:08.879+0000] {logging_mixin.py:120} INFO - [2024-08-05T08:43:08.879+0000] {dagbag.py:537} INFO - Filling up the DagBag from /home/airflow/.local/lib/python3.7/site-packages/airflow/example_dags/example_branch_labels.py
[2024-08-05T08:43:08.894+0000] {processor.py:766} INFO - DAG(s) dict_keys(['example_branch_labels']) retrieved from /home/airflow/.local/lib/python3.7/site-packages/airflow/example_dags/example_branch_labels.py
[2024-08-05T08:43:08.931+0000] {logging_mixin.py:120} INFO - [2024-08-05T08:43:08.931+0000] {dag.py:2585} INFO - Sync 1 DAGs
[2024-08-05T08:43:08.954+0000] {logging_mixin.py:120} INFO - [2024-08-05T08:43:08.954+0000] {dag.py:3340} INFO - Setting next_dagrun for example_branch_labels to 2024-08-04T00:00:00+00:00, run_after=2024-08-05T00:00:00+00:00
[2024-08-05T08:43:08.973+0000] {processor.py:176} INFO - Processing /home/airflow/.local/lib/python3.7/site-packages/airflow/example_dags/example_branch_labels.py took 0.099 seconds
[2024-08-05T08:43:39.260+0000] {processor.py:154} INFO - Started process (PID=12757) to work on /home/airflow/.local/lib/python3.7/site-packages/airflow/example_dags/example_branch_labels.py
[2024-08-05T08:43:39.261+0000] {processor.py:756} INFO - Processing file /home/airflow/.local/lib/python3.7/site-packages/airflow/example_dags/example_branch_labels.py for tasks to queue
[2024-08-05T08:43:39.262+0000] {logging_mixin.py:120} INFO - [2024-08-05T08:43:39.262+0000] {dagbag.py:537} INFO - Filling up the DagBag from /home/airflow/.local/lib/python3.7/site-packages/airflow/example_dags/example_branch_labels.py
[2024-08-05T08:43:39.273+0000] {processor.py:766} INFO - DAG(s) dict_keys(['example_branch_labels']) retrieved from /home/airflow/.local/lib/python3.7/site-packages/airflow/example_dags/example_branch_labels.py
[2024-08-05T08:43:39.303+0000] {logging_mixin.py:120} INFO - [2024-08-05T08:43:39.303+0000] {dag.py:2585} INFO - Sync 1 DAGs
[2024-08-05T08:43:39.323+0000] {logging_mixin.py:120} INFO - [2024-08-05T08:43:39.322+0000] {dag.py:3340} INFO - Setting next_dagrun for example_branch_labels to 2024-08-04T00:00:00+00:00, run_after=2024-08-05T00:00:00+00:00
[2024-08-05T08:43:39.340+0000] {processor.py:176} INFO - Processing /home/airflow/.local/lib/python3.7/site-packages/airflow/example_dags/example_branch_labels.py took 0.082 seconds
[2024-08-05T08:44:10.537+0000] {processor.py:154} INFO - Started process (PID=12824) to work on /home/airflow/.local/lib/python3.7/site-packages/airflow/example_dags/example_branch_labels.py
[2024-08-05T08:44:10.538+0000] {processor.py:756} INFO - Processing file /home/airflow/.local/lib/python3.7/site-packages/airflow/example_dags/example_branch_labels.py for tasks to queue
[2024-08-05T08:44:10.540+0000] {logging_mixin.py:120} INFO - [2024-08-05T08:44:10.539+0000] {dagbag.py:537} INFO - Filling up the DagBag from /home/airflow/.local/lib/python3.7/site-packages/airflow/example_dags/example_branch_labels.py
[2024-08-05T08:44:10.552+0000] {processor.py:766} INFO - DAG(s) dict_keys(['example_branch_labels']) retrieved from /home/airflow/.local/lib/python3.7/site-packages/airflow/example_dags/example_branch_labels.py
[2024-08-05T08:44:10.600+0000] {logging_mixin.py:120} INFO - [2024-08-05T08:44:10.600+0000] {dag.py:2585} INFO - Sync 1 DAGs
[2024-08-05T08:44:10.630+0000] {logging_mixin.py:120} INFO - [2024-08-05T08:44:10.630+0000] {dag.py:3340} INFO - Setting next_dagrun for example_branch_labels to 2024-08-04T00:00:00+00:00, run_after=2024-08-05T00:00:00+00:00
[2024-08-05T08:44:10.660+0000] {processor.py:176} INFO - Processing /home/airflow/.local/lib/python3.7/site-packages/airflow/example_dags/example_branch_labels.py took 0.127 seconds
[2024-08-05T08:44:41.809+0000] {processor.py:154} INFO - Started process (PID=12891) to work on /home/airflow/.local/lib/python3.7/site-packages/airflow/example_dags/example_branch_labels.py
[2024-08-05T08:44:41.810+0000] {processor.py:756} INFO - Processing file /home/airflow/.local/lib/python3.7/site-packages/airflow/example_dags/example_branch_labels.py for tasks to queue
[2024-08-05T08:44:41.811+0000] {logging_mixin.py:120} INFO - [2024-08-05T08:44:41.811+0000] {dagbag.py:537} INFO - Filling up the DagBag from /home/airflow/.local/lib/python3.7/site-packages/airflow/example_dags/example_branch_labels.py
[2024-08-05T08:44:41.822+0000] {processor.py:766} INFO - DAG(s) dict_keys(['example_branch_labels']) retrieved from /home/airflow/.local/lib/python3.7/site-packages/airflow/example_dags/example_branch_labels.py
[2024-08-05T08:44:41.855+0000] {logging_mixin.py:120} INFO - [2024-08-05T08:44:41.855+0000] {dag.py:2585} INFO - Sync 1 DAGs
[2024-08-05T08:44:41.905+0000] {logging_mixin.py:120} INFO - [2024-08-05T08:44:41.905+0000] {dag.py:3340} INFO - Setting next_dagrun for example_branch_labels to 2024-08-04T00:00:00+00:00, run_after=2024-08-05T00:00:00+00:00
[2024-08-05T08:44:41.928+0000] {processor.py:176} INFO - Processing /home/airflow/.local/lib/python3.7/site-packages/airflow/example_dags/example_branch_labels.py took 0.122 seconds
[2024-08-05T08:45:12.815+0000] {processor.py:154} INFO - Started process (PID=12958) to work on /home/airflow/.local/lib/python3.7/site-packages/airflow/example_dags/example_branch_labels.py
[2024-08-05T08:45:12.816+0000] {processor.py:756} INFO - Processing file /home/airflow/.local/lib/python3.7/site-packages/airflow/example_dags/example_branch_labels.py for tasks to queue
[2024-08-05T08:45:12.817+0000] {logging_mixin.py:120} INFO - [2024-08-05T08:45:12.817+0000] {dagbag.py:537} INFO - Filling up the DagBag from /home/airflow/.local/lib/python3.7/site-packages/airflow/example_dags/example_branch_labels.py
[2024-08-05T08:45:12.829+0000] {processor.py:766} INFO - DAG(s) dict_keys(['example_branch_labels']) retrieved from /home/airflow/.local/lib/python3.7/site-packages/airflow/example_dags/example_branch_labels.py
[2024-08-05T08:45:12.867+0000] {logging_mixin.py:120} INFO - [2024-08-05T08:45:12.867+0000] {dag.py:2585} INFO - Sync 1 DAGs
[2024-08-05T08:45:12.888+0000] {logging_mixin.py:120} INFO - [2024-08-05T08:45:12.888+0000] {dag.py:3340} INFO - Setting next_dagrun for example_branch_labels to 2024-08-04T00:00:00+00:00, run_after=2024-08-05T00:00:00+00:00
[2024-08-05T08:45:12.907+0000] {processor.py:176} INFO - Processing /home/airflow/.local/lib/python3.7/site-packages/airflow/example_dags/example_branch_labels.py took 0.095 seconds
[2024-08-05T08:45:43.030+0000] {processor.py:154} INFO - Started process (PID=13013) to work on /home/airflow/.local/lib/python3.7/site-packages/airflow/example_dags/example_branch_labels.py
[2024-08-05T08:45:43.031+0000] {processor.py:756} INFO - Processing file /home/airflow/.local/lib/python3.7/site-packages/airflow/example_dags/example_branch_labels.py for tasks to queue
[2024-08-05T08:45:43.032+0000] {logging_mixin.py:120} INFO - [2024-08-05T08:45:43.032+0000] {dagbag.py:537} INFO - Filling up the DagBag from /home/airflow/.local/lib/python3.7/site-packages/airflow/example_dags/example_branch_labels.py
[2024-08-05T08:45:43.042+0000] {processor.py:766} INFO - DAG(s) dict_keys(['example_branch_labels']) retrieved from /home/airflow/.local/lib/python3.7/site-packages/airflow/example_dags/example_branch_labels.py
[2024-08-05T08:45:43.079+0000] {logging_mixin.py:120} INFO - [2024-08-05T08:45:43.079+0000] {dag.py:2585} INFO - Sync 1 DAGs
[2024-08-05T08:45:43.100+0000] {logging_mixin.py:120} INFO - [2024-08-05T08:45:43.099+0000] {dag.py:3340} INFO - Setting next_dagrun for example_branch_labels to 2024-08-04T00:00:00+00:00, run_after=2024-08-05T00:00:00+00:00
[2024-08-05T08:45:43.118+0000] {processor.py:176} INFO - Processing /home/airflow/.local/lib/python3.7/site-packages/airflow/example_dags/example_branch_labels.py took 0.091 seconds
[2024-08-05T08:46:14.009+0000] {processor.py:154} INFO - Started process (PID=13082) to work on /home/airflow/.local/lib/python3.7/site-packages/airflow/example_dags/example_branch_labels.py
[2024-08-05T08:46:14.010+0000] {processor.py:756} INFO - Processing file /home/airflow/.local/lib/python3.7/site-packages/airflow/example_dags/example_branch_labels.py for tasks to queue
[2024-08-05T08:46:14.011+0000] {logging_mixin.py:120} INFO - [2024-08-05T08:46:14.011+0000] {dagbag.py:537} INFO - Filling up the DagBag from /home/airflow/.local/lib/python3.7/site-packages/airflow/example_dags/example_branch_labels.py
[2024-08-05T08:46:14.021+0000] {processor.py:766} INFO - DAG(s) dict_keys(['example_branch_labels']) retrieved from /home/airflow/.local/lib/python3.7/site-packages/airflow/example_dags/example_branch_labels.py
[2024-08-05T08:46:14.052+0000] {logging_mixin.py:120} INFO - [2024-08-05T08:46:14.052+0000] {dag.py:2585} INFO - Sync 1 DAGs
[2024-08-05T08:46:14.074+0000] {logging_mixin.py:120} INFO - [2024-08-05T08:46:14.074+0000] {dag.py:3340} INFO - Setting next_dagrun for example_branch_labels to 2024-08-04T00:00:00+00:00, run_after=2024-08-05T00:00:00+00:00
[2024-08-05T08:46:14.094+0000] {processor.py:176} INFO - Processing /home/airflow/.local/lib/python3.7/site-packages/airflow/example_dags/example_branch_labels.py took 0.088 seconds
[2024-08-05T08:46:44.807+0000] {processor.py:154} INFO - Started process (PID=13149) to work on /home/airflow/.local/lib/python3.7/site-packages/airflow/example_dags/example_branch_labels.py
[2024-08-05T08:46:44.809+0000] {processor.py:756} INFO - Processing file /home/airflow/.local/lib/python3.7/site-packages/airflow/example_dags/example_branch_labels.py for tasks to queue
[2024-08-05T08:46:44.810+0000] {logging_mixin.py:120} INFO - [2024-08-05T08:46:44.810+0000] {dagbag.py:537} INFO - Filling up the DagBag from /home/airflow/.local/lib/python3.7/site-packages/airflow/example_dags/example_branch_labels.py
[2024-08-05T08:46:44.822+0000] {processor.py:766} INFO - DAG(s) dict_keys(['example_branch_labels']) retrieved from /home/airflow/.local/lib/python3.7/site-packages/airflow/example_dags/example_branch_labels.py
[2024-08-05T08:46:44.864+0000] {logging_mixin.py:120} INFO - [2024-08-05T08:46:44.863+0000] {dag.py:2585} INFO - Sync 1 DAGs
[2024-08-05T08:46:44.891+0000] {logging_mixin.py:120} INFO - [2024-08-05T08:46:44.891+0000] {dag.py:3340} INFO - Setting next_dagrun for example_branch_labels to 2024-08-04T00:00:00+00:00, run_after=2024-08-05T00:00:00+00:00
[2024-08-05T08:46:44.913+0000] {processor.py:176} INFO - Processing /home/airflow/.local/lib/python3.7/site-packages/airflow/example_dags/example_branch_labels.py took 0.109 seconds
[2024-08-05T08:47:15.923+0000] {processor.py:154} INFO - Started process (PID=13216) to work on /home/airflow/.local/lib/python3.7/site-packages/airflow/example_dags/example_branch_labels.py
[2024-08-05T08:47:15.925+0000] {processor.py:756} INFO - Processing file /home/airflow/.local/lib/python3.7/site-packages/airflow/example_dags/example_branch_labels.py for tasks to queue
[2024-08-05T08:47:15.929+0000] {logging_mixin.py:120} INFO - [2024-08-05T08:47:15.928+0000] {dagbag.py:537} INFO - Filling up the DagBag from /home/airflow/.local/lib/python3.7/site-packages/airflow/example_dags/example_branch_labels.py
[2024-08-05T08:47:15.957+0000] {processor.py:766} INFO - DAG(s) dict_keys(['example_branch_labels']) retrieved from /home/airflow/.local/lib/python3.7/site-packages/airflow/example_dags/example_branch_labels.py
[2024-08-05T08:47:16.031+0000] {logging_mixin.py:120} INFO - [2024-08-05T08:47:16.031+0000] {dag.py:2585} INFO - Sync 1 DAGs
[2024-08-05T08:47:16.060+0000] {logging_mixin.py:120} INFO - [2024-08-05T08:47:16.060+0000] {dag.py:3340} INFO - Setting next_dagrun for example_branch_labels to 2024-08-04T00:00:00+00:00, run_after=2024-08-05T00:00:00+00:00
[2024-08-05T08:47:16.089+0000] {processor.py:176} INFO - Processing /home/airflow/.local/lib/python3.7/site-packages/airflow/example_dags/example_branch_labels.py took 0.173 seconds
[2024-08-05T08:47:46.247+0000] {processor.py:154} INFO - Started process (PID=13273) to work on /home/airflow/.local/lib/python3.7/site-packages/airflow/example_dags/example_branch_labels.py
[2024-08-05T08:47:46.255+0000] {processor.py:756} INFO - Processing file /home/airflow/.local/lib/python3.7/site-packages/airflow/example_dags/example_branch_labels.py for tasks to queue
[2024-08-05T08:47:46.256+0000] {logging_mixin.py:120} INFO - [2024-08-05T08:47:46.256+0000] {dagbag.py:537} INFO - Filling up the DagBag from /home/airflow/.local/lib/python3.7/site-packages/airflow/example_dags/example_branch_labels.py
[2024-08-05T08:47:46.267+0000] {processor.py:766} INFO - DAG(s) dict_keys(['example_branch_labels']) retrieved from /home/airflow/.local/lib/python3.7/site-packages/airflow/example_dags/example_branch_labels.py
[2024-08-05T08:47:46.330+0000] {logging_mixin.py:120} INFO - [2024-08-05T08:47:46.330+0000] {dag.py:2585} INFO - Sync 1 DAGs
[2024-08-05T08:47:46.364+0000] {logging_mixin.py:120} INFO - [2024-08-05T08:47:46.364+0000] {dag.py:3340} INFO - Setting next_dagrun for example_branch_labels to 2024-08-04T00:00:00+00:00, run_after=2024-08-05T00:00:00+00:00
[2024-08-05T08:47:46.390+0000] {processor.py:176} INFO - Processing /home/airflow/.local/lib/python3.7/site-packages/airflow/example_dags/example_branch_labels.py took 0.145 seconds
[2024-08-05T08:48:16.755+0000] {processor.py:154} INFO - Started process (PID=13341) to work on /home/airflow/.local/lib/python3.7/site-packages/airflow/example_dags/example_branch_labels.py
[2024-08-05T08:48:16.756+0000] {processor.py:756} INFO - Processing file /home/airflow/.local/lib/python3.7/site-packages/airflow/example_dags/example_branch_labels.py for tasks to queue
[2024-08-05T08:48:16.756+0000] {logging_mixin.py:120} INFO - [2024-08-05T08:48:16.756+0000] {dagbag.py:537} INFO - Filling up the DagBag from /home/airflow/.local/lib/python3.7/site-packages/airflow/example_dags/example_branch_labels.py
[2024-08-05T08:48:16.768+0000] {processor.py:766} INFO - DAG(s) dict_keys(['example_branch_labels']) retrieved from /home/airflow/.local/lib/python3.7/site-packages/airflow/example_dags/example_branch_labels.py
[2024-08-05T08:48:16.848+0000] {logging_mixin.py:120} INFO - [2024-08-05T08:48:16.847+0000] {dag.py:2585} INFO - Sync 1 DAGs
[2024-08-05T08:48:16.869+0000] {logging_mixin.py:120} INFO - [2024-08-05T08:48:16.869+0000] {dag.py:3340} INFO - Setting next_dagrun for example_branch_labels to 2024-08-04T00:00:00+00:00, run_after=2024-08-05T00:00:00+00:00
[2024-08-05T08:48:16.886+0000] {processor.py:176} INFO - Processing /home/airflow/.local/lib/python3.7/site-packages/airflow/example_dags/example_branch_labels.py took 0.133 seconds
[2024-08-05T08:48:47.483+0000] {processor.py:154} INFO - Started process (PID=13408) to work on /home/airflow/.local/lib/python3.7/site-packages/airflow/example_dags/example_branch_labels.py
[2024-08-05T08:48:47.484+0000] {processor.py:756} INFO - Processing file /home/airflow/.local/lib/python3.7/site-packages/airflow/example_dags/example_branch_labels.py for tasks to queue
[2024-08-05T08:48:47.485+0000] {logging_mixin.py:120} INFO - [2024-08-05T08:48:47.485+0000] {dagbag.py:537} INFO - Filling up the DagBag from /home/airflow/.local/lib/python3.7/site-packages/airflow/example_dags/example_branch_labels.py
[2024-08-05T08:48:47.499+0000] {processor.py:766} INFO - DAG(s) dict_keys(['example_branch_labels']) retrieved from /home/airflow/.local/lib/python3.7/site-packages/airflow/example_dags/example_branch_labels.py
[2024-08-05T08:48:47.533+0000] {logging_mixin.py:120} INFO - [2024-08-05T08:48:47.533+0000] {dag.py:2585} INFO - Sync 1 DAGs
[2024-08-05T08:48:47.552+0000] {logging_mixin.py:120} INFO - [2024-08-05T08:48:47.552+0000] {dag.py:3340} INFO - Setting next_dagrun for example_branch_labels to 2024-08-04T00:00:00+00:00, run_after=2024-08-05T00:00:00+00:00
[2024-08-05T08:48:47.571+0000] {processor.py:176} INFO - Processing /home/airflow/.local/lib/python3.7/site-packages/airflow/example_dags/example_branch_labels.py took 0.091 seconds
[2024-08-05T08:49:18.092+0000] {processor.py:154} INFO - Started process (PID=13475) to work on /home/airflow/.local/lib/python3.7/site-packages/airflow/example_dags/example_branch_labels.py
[2024-08-05T08:49:18.094+0000] {processor.py:756} INFO - Processing file /home/airflow/.local/lib/python3.7/site-packages/airflow/example_dags/example_branch_labels.py for tasks to queue
[2024-08-05T08:49:18.095+0000] {logging_mixin.py:120} INFO - [2024-08-05T08:49:18.095+0000] {dagbag.py:537} INFO - Filling up the DagBag from /home/airflow/.local/lib/python3.7/site-packages/airflow/example_dags/example_branch_labels.py
[2024-08-05T08:49:18.109+0000] {processor.py:766} INFO - DAG(s) dict_keys(['example_branch_labels']) retrieved from /home/airflow/.local/lib/python3.7/site-packages/airflow/example_dags/example_branch_labels.py
[2024-08-05T08:49:18.142+0000] {logging_mixin.py:120} INFO - [2024-08-05T08:49:18.141+0000] {dag.py:2585} INFO - Sync 1 DAGs
[2024-08-05T08:49:18.162+0000] {logging_mixin.py:120} INFO - [2024-08-05T08:49:18.162+0000] {dag.py:3340} INFO - Setting next_dagrun for example_branch_labels to 2024-08-04T00:00:00+00:00, run_after=2024-08-05T00:00:00+00:00
[2024-08-05T08:49:18.185+0000] {processor.py:176} INFO - Processing /home/airflow/.local/lib/python3.7/site-packages/airflow/example_dags/example_branch_labels.py took 0.095 seconds
[2024-08-05T08:49:48.801+0000] {processor.py:154} INFO - Started process (PID=13542) to work on /home/airflow/.local/lib/python3.7/site-packages/airflow/example_dags/example_branch_labels.py
[2024-08-05T08:49:48.802+0000] {processor.py:756} INFO - Processing file /home/airflow/.local/lib/python3.7/site-packages/airflow/example_dags/example_branch_labels.py for tasks to queue
[2024-08-05T08:49:48.803+0000] {logging_mixin.py:120} INFO - [2024-08-05T08:49:48.803+0000] {dagbag.py:537} INFO - Filling up the DagBag from /home/airflow/.local/lib/python3.7/site-packages/airflow/example_dags/example_branch_labels.py
[2024-08-05T08:49:48.820+0000] {processor.py:766} INFO - DAG(s) dict_keys(['example_branch_labels']) retrieved from /home/airflow/.local/lib/python3.7/site-packages/airflow/example_dags/example_branch_labels.py
[2024-08-05T08:49:48.859+0000] {logging_mixin.py:120} INFO - [2024-08-05T08:49:48.859+0000] {dag.py:2585} INFO - Sync 1 DAGs
[2024-08-05T08:49:48.882+0000] {logging_mixin.py:120} INFO - [2024-08-05T08:49:48.881+0000] {dag.py:3340} INFO - Setting next_dagrun for example_branch_labels to 2024-08-04T00:00:00+00:00, run_after=2024-08-05T00:00:00+00:00
[2024-08-05T08:49:48.903+0000] {processor.py:176} INFO - Processing /home/airflow/.local/lib/python3.7/site-packages/airflow/example_dags/example_branch_labels.py took 0.106 seconds
[2024-08-05T08:50:19.209+0000] {processor.py:154} INFO - Started process (PID=13600) to work on /home/airflow/.local/lib/python3.7/site-packages/airflow/example_dags/example_branch_labels.py
[2024-08-05T08:50:19.210+0000] {processor.py:756} INFO - Processing file /home/airflow/.local/lib/python3.7/site-packages/airflow/example_dags/example_branch_labels.py for tasks to queue
[2024-08-05T08:50:19.211+0000] {logging_mixin.py:120} INFO - [2024-08-05T08:50:19.211+0000] {dagbag.py:537} INFO - Filling up the DagBag from /home/airflow/.local/lib/python3.7/site-packages/airflow/example_dags/example_branch_labels.py
[2024-08-05T08:50:19.222+0000] {processor.py:766} INFO - DAG(s) dict_keys(['example_branch_labels']) retrieved from /home/airflow/.local/lib/python3.7/site-packages/airflow/example_dags/example_branch_labels.py
[2024-08-05T08:50:19.254+0000] {logging_mixin.py:120} INFO - [2024-08-05T08:50:19.254+0000] {dag.py:2585} INFO - Sync 1 DAGs
[2024-08-05T08:50:19.272+0000] {logging_mixin.py:120} INFO - [2024-08-05T08:50:19.272+0000] {dag.py:3340} INFO - Setting next_dagrun for example_branch_labels to 2024-08-04T00:00:00+00:00, run_after=2024-08-05T00:00:00+00:00
[2024-08-05T08:50:19.290+0000] {processor.py:176} INFO - Processing /home/airflow/.local/lib/python3.7/site-packages/airflow/example_dags/example_branch_labels.py took 0.084 seconds
[2024-08-05T08:50:50.918+0000] {processor.py:154} INFO - Started process (PID=13667) to work on /home/airflow/.local/lib/python3.7/site-packages/airflow/example_dags/example_branch_labels.py
[2024-08-05T08:50:50.919+0000] {processor.py:756} INFO - Processing file /home/airflow/.local/lib/python3.7/site-packages/airflow/example_dags/example_branch_labels.py for tasks to queue
[2024-08-05T08:50:50.920+0000] {logging_mixin.py:120} INFO - [2024-08-05T08:50:50.920+0000] {dagbag.py:537} INFO - Filling up the DagBag from /home/airflow/.local/lib/python3.7/site-packages/airflow/example_dags/example_branch_labels.py
[2024-08-05T08:50:50.934+0000] {processor.py:766} INFO - DAG(s) dict_keys(['example_branch_labels']) retrieved from /home/airflow/.local/lib/python3.7/site-packages/airflow/example_dags/example_branch_labels.py
[2024-08-05T08:50:50.969+0000] {logging_mixin.py:120} INFO - [2024-08-05T08:50:50.968+0000] {dag.py:2585} INFO - Sync 1 DAGs
[2024-08-05T08:50:50.990+0000] {logging_mixin.py:120} INFO - [2024-08-05T08:50:50.990+0000] {dag.py:3340} INFO - Setting next_dagrun for example_branch_labels to 2024-08-04T00:00:00+00:00, run_after=2024-08-05T00:00:00+00:00
[2024-08-05T08:50:51.015+0000] {processor.py:176} INFO - Processing /home/airflow/.local/lib/python3.7/site-packages/airflow/example_dags/example_branch_labels.py took 0.100 seconds
[2024-08-05T08:51:21.158+0000] {processor.py:154} INFO - Started process (PID=13733) to work on /home/airflow/.local/lib/python3.7/site-packages/airflow/example_dags/example_branch_labels.py
[2024-08-05T08:51:21.160+0000] {processor.py:756} INFO - Processing file /home/airflow/.local/lib/python3.7/site-packages/airflow/example_dags/example_branch_labels.py for tasks to queue
[2024-08-05T08:51:21.161+0000] {logging_mixin.py:120} INFO - [2024-08-05T08:51:21.161+0000] {dagbag.py:537} INFO - Filling up the DagBag from /home/airflow/.local/lib/python3.7/site-packages/airflow/example_dags/example_branch_labels.py
[2024-08-05T08:51:21.176+0000] {processor.py:766} INFO - DAG(s) dict_keys(['example_branch_labels']) retrieved from /home/airflow/.local/lib/python3.7/site-packages/airflow/example_dags/example_branch_labels.py
[2024-08-05T08:51:21.221+0000] {logging_mixin.py:120} INFO - [2024-08-05T08:51:21.221+0000] {dag.py:2585} INFO - Sync 1 DAGs
[2024-08-05T08:51:21.250+0000] {logging_mixin.py:120} INFO - [2024-08-05T08:51:21.250+0000] {dag.py:3340} INFO - Setting next_dagrun for example_branch_labels to 2024-08-04T00:00:00+00:00, run_after=2024-08-05T00:00:00+00:00
[2024-08-05T08:51:21.281+0000] {processor.py:176} INFO - Processing /home/airflow/.local/lib/python3.7/site-packages/airflow/example_dags/example_branch_labels.py took 0.126 seconds
[2024-08-05T08:51:51.524+0000] {processor.py:154} INFO - Started process (PID=13800) to work on /home/airflow/.local/lib/python3.7/site-packages/airflow/example_dags/example_branch_labels.py
[2024-08-05T08:51:51.525+0000] {processor.py:756} INFO - Processing file /home/airflow/.local/lib/python3.7/site-packages/airflow/example_dags/example_branch_labels.py for tasks to queue
[2024-08-05T08:51:51.526+0000] {logging_mixin.py:120} INFO - [2024-08-05T08:51:51.526+0000] {dagbag.py:537} INFO - Filling up the DagBag from /home/airflow/.local/lib/python3.7/site-packages/airflow/example_dags/example_branch_labels.py
[2024-08-05T08:51:51.539+0000] {processor.py:766} INFO - DAG(s) dict_keys(['example_branch_labels']) retrieved from /home/airflow/.local/lib/python3.7/site-packages/airflow/example_dags/example_branch_labels.py
[2024-08-05T08:51:51.576+0000] {logging_mixin.py:120} INFO - [2024-08-05T08:51:51.576+0000] {dag.py:2585} INFO - Sync 1 DAGs
[2024-08-05T08:51:51.601+0000] {logging_mixin.py:120} INFO - [2024-08-05T08:51:51.601+0000] {dag.py:3340} INFO - Setting next_dagrun for example_branch_labels to 2024-08-04T00:00:00+00:00, run_after=2024-08-05T00:00:00+00:00
[2024-08-05T08:51:51.622+0000] {processor.py:176} INFO - Processing /home/airflow/.local/lib/python3.7/site-packages/airflow/example_dags/example_branch_labels.py took 0.101 seconds
[2024-08-05T08:52:21.881+0000] {processor.py:154} INFO - Started process (PID=13867) to work on /home/airflow/.local/lib/python3.7/site-packages/airflow/example_dags/example_branch_labels.py
[2024-08-05T08:52:21.882+0000] {processor.py:756} INFO - Processing file /home/airflow/.local/lib/python3.7/site-packages/airflow/example_dags/example_branch_labels.py for tasks to queue
[2024-08-05T08:52:21.883+0000] {logging_mixin.py:120} INFO - [2024-08-05T08:52:21.882+0000] {dagbag.py:537} INFO - Filling up the DagBag from /home/airflow/.local/lib/python3.7/site-packages/airflow/example_dags/example_branch_labels.py
[2024-08-05T08:52:21.895+0000] {processor.py:766} INFO - DAG(s) dict_keys(['example_branch_labels']) retrieved from /home/airflow/.local/lib/python3.7/site-packages/airflow/example_dags/example_branch_labels.py
[2024-08-05T08:52:21.939+0000] {logging_mixin.py:120} INFO - [2024-08-05T08:52:21.939+0000] {dag.py:2585} INFO - Sync 1 DAGs
[2024-08-05T08:52:21.960+0000] {logging_mixin.py:120} INFO - [2024-08-05T08:52:21.960+0000] {dag.py:3340} INFO - Setting next_dagrun for example_branch_labels to 2024-08-04T00:00:00+00:00, run_after=2024-08-05T00:00:00+00:00
[2024-08-05T08:52:21.983+0000] {processor.py:176} INFO - Processing /home/airflow/.local/lib/python3.7/site-packages/airflow/example_dags/example_branch_labels.py took 0.105 seconds
[2024-08-05T08:52:52.357+0000] {processor.py:154} INFO - Started process (PID=13924) to work on /home/airflow/.local/lib/python3.7/site-packages/airflow/example_dags/example_branch_labels.py
[2024-08-05T08:52:52.370+0000] {processor.py:756} INFO - Processing file /home/airflow/.local/lib/python3.7/site-packages/airflow/example_dags/example_branch_labels.py for tasks to queue
[2024-08-05T08:52:52.372+0000] {logging_mixin.py:120} INFO - [2024-08-05T08:52:52.371+0000] {dagbag.py:537} INFO - Filling up the DagBag from /home/airflow/.local/lib/python3.7/site-packages/airflow/example_dags/example_branch_labels.py
[2024-08-05T08:52:52.410+0000] {processor.py:766} INFO - DAG(s) dict_keys(['example_branch_labels']) retrieved from /home/airflow/.local/lib/python3.7/site-packages/airflow/example_dags/example_branch_labels.py
[2024-08-05T08:52:52.438+0000] {logging_mixin.py:120} INFO - [2024-08-05T08:52:52.438+0000] {dag.py:2585} INFO - Sync 1 DAGs
[2024-08-05T08:52:52.458+0000] {logging_mixin.py:120} INFO - [2024-08-05T08:52:52.457+0000] {dag.py:3340} INFO - Setting next_dagrun for example_branch_labels to 2024-08-04T00:00:00+00:00, run_after=2024-08-05T00:00:00+00:00
[2024-08-05T08:52:52.472+0000] {processor.py:176} INFO - Processing /home/airflow/.local/lib/python3.7/site-packages/airflow/example_dags/example_branch_labels.py took 0.117 seconds
[2024-08-05T08:53:22.841+0000] {processor.py:154} INFO - Started process (PID=13991) to work on /home/airflow/.local/lib/python3.7/site-packages/airflow/example_dags/example_branch_labels.py
[2024-08-05T08:53:22.842+0000] {processor.py:756} INFO - Processing file /home/airflow/.local/lib/python3.7/site-packages/airflow/example_dags/example_branch_labels.py for tasks to queue
[2024-08-05T08:53:22.842+0000] {logging_mixin.py:120} INFO - [2024-08-05T08:53:22.842+0000] {dagbag.py:537} INFO - Filling up the DagBag from /home/airflow/.local/lib/python3.7/site-packages/airflow/example_dags/example_branch_labels.py
[2024-08-05T08:53:22.853+0000] {processor.py:766} INFO - DAG(s) dict_keys(['example_branch_labels']) retrieved from /home/airflow/.local/lib/python3.7/site-packages/airflow/example_dags/example_branch_labels.py
[2024-08-05T08:53:22.881+0000] {logging_mixin.py:120} INFO - [2024-08-05T08:53:22.881+0000] {dag.py:2585} INFO - Sync 1 DAGs
[2024-08-05T08:53:22.900+0000] {logging_mixin.py:120} INFO - [2024-08-05T08:53:22.900+0000] {dag.py:3340} INFO - Setting next_dagrun for example_branch_labels to 2024-08-04T00:00:00+00:00, run_after=2024-08-05T00:00:00+00:00
[2024-08-05T08:53:22.916+0000] {processor.py:176} INFO - Processing /home/airflow/.local/lib/python3.7/site-packages/airflow/example_dags/example_branch_labels.py took 0.078 seconds
[2024-08-05T08:53:53.395+0000] {processor.py:154} INFO - Started process (PID=14058) to work on /home/airflow/.local/lib/python3.7/site-packages/airflow/example_dags/example_branch_labels.py
[2024-08-05T08:53:53.396+0000] {processor.py:756} INFO - Processing file /home/airflow/.local/lib/python3.7/site-packages/airflow/example_dags/example_branch_labels.py for tasks to queue
[2024-08-05T08:53:53.398+0000] {logging_mixin.py:120} INFO - [2024-08-05T08:53:53.397+0000] {dagbag.py:537} INFO - Filling up the DagBag from /home/airflow/.local/lib/python3.7/site-packages/airflow/example_dags/example_branch_labels.py
[2024-08-05T08:53:53.415+0000] {processor.py:766} INFO - DAG(s) dict_keys(['example_branch_labels']) retrieved from /home/airflow/.local/lib/python3.7/site-packages/airflow/example_dags/example_branch_labels.py
[2024-08-05T08:53:53.450+0000] {logging_mixin.py:120} INFO - [2024-08-05T08:53:53.450+0000] {dag.py:2585} INFO - Sync 1 DAGs
[2024-08-05T08:53:53.472+0000] {logging_mixin.py:120} INFO - [2024-08-05T08:53:53.472+0000] {dag.py:3340} INFO - Setting next_dagrun for example_branch_labels to 2024-08-04T00:00:00+00:00, run_after=2024-08-05T00:00:00+00:00
[2024-08-05T08:53:53.494+0000] {processor.py:176} INFO - Processing /home/airflow/.local/lib/python3.7/site-packages/airflow/example_dags/example_branch_labels.py took 0.101 seconds
[2024-08-05T09:02:08.280+0000] {processor.py:154} INFO - Started process (PID=14125) to work on /home/airflow/.local/lib/python3.7/site-packages/airflow/example_dags/example_branch_labels.py
[2024-08-05T09:02:08.283+0000] {processor.py:756} INFO - Processing file /home/airflow/.local/lib/python3.7/site-packages/airflow/example_dags/example_branch_labels.py for tasks to queue
[2024-08-05T09:02:08.285+0000] {logging_mixin.py:120} INFO - [2024-08-05T09:02:08.285+0000] {dagbag.py:537} INFO - Filling up the DagBag from /home/airflow/.local/lib/python3.7/site-packages/airflow/example_dags/example_branch_labels.py
[2024-08-05T09:02:08.313+0000] {processor.py:766} INFO - DAG(s) dict_keys(['example_branch_labels']) retrieved from /home/airflow/.local/lib/python3.7/site-packages/airflow/example_dags/example_branch_labels.py
[2024-08-05T09:02:08.385+0000] {logging_mixin.py:120} INFO - [2024-08-05T09:02:08.385+0000] {dag.py:2585} INFO - Sync 1 DAGs
[2024-08-05T09:02:08.431+0000] {logging_mixin.py:120} INFO - [2024-08-05T09:02:08.430+0000] {dag.py:3340} INFO - Setting next_dagrun for example_branch_labels to 2024-08-04T00:00:00+00:00, run_after=2024-08-05T00:00:00+00:00
[2024-08-05T09:02:08.479+0000] {processor.py:176} INFO - Processing /home/airflow/.local/lib/python3.7/site-packages/airflow/example_dags/example_branch_labels.py took 0.205 seconds
[2024-08-05T09:02:39.278+0000] {processor.py:154} INFO - Started process (PID=14192) to work on /home/airflow/.local/lib/python3.7/site-packages/airflow/example_dags/example_branch_labels.py
[2024-08-05T09:02:39.280+0000] {processor.py:756} INFO - Processing file /home/airflow/.local/lib/python3.7/site-packages/airflow/example_dags/example_branch_labels.py for tasks to queue
[2024-08-05T09:02:39.281+0000] {logging_mixin.py:120} INFO - [2024-08-05T09:02:39.281+0000] {dagbag.py:537} INFO - Filling up the DagBag from /home/airflow/.local/lib/python3.7/site-packages/airflow/example_dags/example_branch_labels.py
[2024-08-05T09:02:39.292+0000] {processor.py:766} INFO - DAG(s) dict_keys(['example_branch_labels']) retrieved from /home/airflow/.local/lib/python3.7/site-packages/airflow/example_dags/example_branch_labels.py
[2024-08-05T09:02:39.330+0000] {logging_mixin.py:120} INFO - [2024-08-05T09:02:39.329+0000] {dag.py:2585} INFO - Sync 1 DAGs
[2024-08-05T09:02:39.352+0000] {logging_mixin.py:120} INFO - [2024-08-05T09:02:39.351+0000] {dag.py:3340} INFO - Setting next_dagrun for example_branch_labels to 2024-08-04T00:00:00+00:00, run_after=2024-08-05T00:00:00+00:00
[2024-08-05T09:02:39.374+0000] {processor.py:176} INFO - Processing /home/airflow/.local/lib/python3.7/site-packages/airflow/example_dags/example_branch_labels.py took 0.100 seconds
[2024-08-05T09:03:10.029+0000] {processor.py:154} INFO - Started process (PID=14260) to work on /home/airflow/.local/lib/python3.7/site-packages/airflow/example_dags/example_branch_labels.py
[2024-08-05T09:03:10.030+0000] {processor.py:756} INFO - Processing file /home/airflow/.local/lib/python3.7/site-packages/airflow/example_dags/example_branch_labels.py for tasks to queue
[2024-08-05T09:03:10.031+0000] {logging_mixin.py:120} INFO - [2024-08-05T09:03:10.031+0000] {dagbag.py:537} INFO - Filling up the DagBag from /home/airflow/.local/lib/python3.7/site-packages/airflow/example_dags/example_branch_labels.py
[2024-08-05T09:03:10.045+0000] {processor.py:766} INFO - DAG(s) dict_keys(['example_branch_labels']) retrieved from /home/airflow/.local/lib/python3.7/site-packages/airflow/example_dags/example_branch_labels.py
[2024-08-05T09:03:10.082+0000] {logging_mixin.py:120} INFO - [2024-08-05T09:03:10.082+0000] {dag.py:2585} INFO - Sync 1 DAGs
[2024-08-05T09:03:10.104+0000] {logging_mixin.py:120} INFO - [2024-08-05T09:03:10.104+0000] {dag.py:3340} INFO - Setting next_dagrun for example_branch_labels to 2024-08-04T00:00:00+00:00, run_after=2024-08-05T00:00:00+00:00
[2024-08-05T09:03:10.127+0000] {processor.py:176} INFO - Processing /home/airflow/.local/lib/python3.7/site-packages/airflow/example_dags/example_branch_labels.py took 0.100 seconds
[2024-08-05T09:03:40.743+0000] {processor.py:154} INFO - Started process (PID=14326) to work on /home/airflow/.local/lib/python3.7/site-packages/airflow/example_dags/example_branch_labels.py
[2024-08-05T09:03:40.745+0000] {processor.py:756} INFO - Processing file /home/airflow/.local/lib/python3.7/site-packages/airflow/example_dags/example_branch_labels.py for tasks to queue
[2024-08-05T09:03:40.746+0000] {logging_mixin.py:120} INFO - [2024-08-05T09:03:40.746+0000] {dagbag.py:537} INFO - Filling up the DagBag from /home/airflow/.local/lib/python3.7/site-packages/airflow/example_dags/example_branch_labels.py
[2024-08-05T09:03:40.760+0000] {processor.py:766} INFO - DAG(s) dict_keys(['example_branch_labels']) retrieved from /home/airflow/.local/lib/python3.7/site-packages/airflow/example_dags/example_branch_labels.py
[2024-08-05T09:03:40.797+0000] {logging_mixin.py:120} INFO - [2024-08-05T09:03:40.797+0000] {dag.py:2585} INFO - Sync 1 DAGs
[2024-08-05T09:03:40.818+0000] {logging_mixin.py:120} INFO - [2024-08-05T09:03:40.818+0000] {dag.py:3340} INFO - Setting next_dagrun for example_branch_labels to 2024-08-04T00:00:00+00:00, run_after=2024-08-05T00:00:00+00:00
[2024-08-05T09:03:40.848+0000] {processor.py:176} INFO - Processing /home/airflow/.local/lib/python3.7/site-packages/airflow/example_dags/example_branch_labels.py took 0.108 seconds
[2024-08-05T09:04:11.076+0000] {processor.py:154} INFO - Started process (PID=14386) to work on /home/airflow/.local/lib/python3.7/site-packages/airflow/example_dags/example_branch_labels.py
[2024-08-05T09:04:11.077+0000] {processor.py:756} INFO - Processing file /home/airflow/.local/lib/python3.7/site-packages/airflow/example_dags/example_branch_labels.py for tasks to queue
[2024-08-05T09:04:11.077+0000] {logging_mixin.py:120} INFO - [2024-08-05T09:04:11.077+0000] {dagbag.py:537} INFO - Filling up the DagBag from /home/airflow/.local/lib/python3.7/site-packages/airflow/example_dags/example_branch_labels.py
[2024-08-05T09:04:11.088+0000] {processor.py:766} INFO - DAG(s) dict_keys(['example_branch_labels']) retrieved from /home/airflow/.local/lib/python3.7/site-packages/airflow/example_dags/example_branch_labels.py
[2024-08-05T09:04:11.119+0000] {logging_mixin.py:120} INFO - [2024-08-05T09:04:11.119+0000] {dag.py:2585} INFO - Sync 1 DAGs
[2024-08-05T09:04:11.139+0000] {logging_mixin.py:120} INFO - [2024-08-05T09:04:11.139+0000] {dag.py:3340} INFO - Setting next_dagrun for example_branch_labels to 2024-08-04T00:00:00+00:00, run_after=2024-08-05T00:00:00+00:00
[2024-08-05T09:04:11.155+0000] {processor.py:176} INFO - Processing /home/airflow/.local/lib/python3.7/site-packages/airflow/example_dags/example_branch_labels.py took 0.082 seconds
[2024-08-05T09:04:41.502+0000] {processor.py:154} INFO - Started process (PID=14453) to work on /home/airflow/.local/lib/python3.7/site-packages/airflow/example_dags/example_branch_labels.py
[2024-08-05T09:04:41.503+0000] {processor.py:756} INFO - Processing file /home/airflow/.local/lib/python3.7/site-packages/airflow/example_dags/example_branch_labels.py for tasks to queue
[2024-08-05T09:04:41.504+0000] {logging_mixin.py:120} INFO - [2024-08-05T09:04:41.504+0000] {dagbag.py:537} INFO - Filling up the DagBag from /home/airflow/.local/lib/python3.7/site-packages/airflow/example_dags/example_branch_labels.py
[2024-08-05T09:04:41.516+0000] {processor.py:766} INFO - DAG(s) dict_keys(['example_branch_labels']) retrieved from /home/airflow/.local/lib/python3.7/site-packages/airflow/example_dags/example_branch_labels.py
[2024-08-05T09:04:41.549+0000] {logging_mixin.py:120} INFO - [2024-08-05T09:04:41.549+0000] {dag.py:2585} INFO - Sync 1 DAGs
[2024-08-05T09:04:41.569+0000] {logging_mixin.py:120} INFO - [2024-08-05T09:04:41.569+0000] {dag.py:3340} INFO - Setting next_dagrun for example_branch_labels to 2024-08-04T00:00:00+00:00, run_after=2024-08-05T00:00:00+00:00
[2024-08-05T09:04:41.607+0000] {processor.py:176} INFO - Processing /home/airflow/.local/lib/python3.7/site-packages/airflow/example_dags/example_branch_labels.py took 0.108 seconds
[2024-08-05T09:05:11.962+0000] {processor.py:154} INFO - Started process (PID=14520) to work on /home/airflow/.local/lib/python3.7/site-packages/airflow/example_dags/example_branch_labels.py
[2024-08-05T09:05:11.963+0000] {processor.py:756} INFO - Processing file /home/airflow/.local/lib/python3.7/site-packages/airflow/example_dags/example_branch_labels.py for tasks to queue
[2024-08-05T09:05:11.964+0000] {logging_mixin.py:120} INFO - [2024-08-05T09:05:11.964+0000] {dagbag.py:537} INFO - Filling up the DagBag from /home/airflow/.local/lib/python3.7/site-packages/airflow/example_dags/example_branch_labels.py
[2024-08-05T09:05:11.974+0000] {processor.py:766} INFO - DAG(s) dict_keys(['example_branch_labels']) retrieved from /home/airflow/.local/lib/python3.7/site-packages/airflow/example_dags/example_branch_labels.py
[2024-08-05T09:05:12.001+0000] {logging_mixin.py:120} INFO - [2024-08-05T09:05:12.001+0000] {dag.py:2585} INFO - Sync 1 DAGs
[2024-08-05T09:05:12.019+0000] {logging_mixin.py:120} INFO - [2024-08-05T09:05:12.019+0000] {dag.py:3340} INFO - Setting next_dagrun for example_branch_labels to 2024-08-04T00:00:00+00:00, run_after=2024-08-05T00:00:00+00:00
[2024-08-05T09:05:12.031+0000] {processor.py:176} INFO - Processing /home/airflow/.local/lib/python3.7/site-packages/airflow/example_dags/example_branch_labels.py took 0.071 seconds
[2024-08-05T09:05:42.498+0000] {processor.py:154} INFO - Started process (PID=14588) to work on /home/airflow/.local/lib/python3.7/site-packages/airflow/example_dags/example_branch_labels.py
[2024-08-05T09:05:42.499+0000] {processor.py:756} INFO - Processing file /home/airflow/.local/lib/python3.7/site-packages/airflow/example_dags/example_branch_labels.py for tasks to queue
[2024-08-05T09:05:42.500+0000] {logging_mixin.py:120} INFO - [2024-08-05T09:05:42.500+0000] {dagbag.py:537} INFO - Filling up the DagBag from /home/airflow/.local/lib/python3.7/site-packages/airflow/example_dags/example_branch_labels.py
[2024-08-05T09:05:42.513+0000] {processor.py:766} INFO - DAG(s) dict_keys(['example_branch_labels']) retrieved from /home/airflow/.local/lib/python3.7/site-packages/airflow/example_dags/example_branch_labels.py
[2024-08-05T09:05:42.549+0000] {logging_mixin.py:120} INFO - [2024-08-05T09:05:42.549+0000] {dag.py:2585} INFO - Sync 1 DAGs
[2024-08-05T09:05:42.570+0000] {logging_mixin.py:120} INFO - [2024-08-05T09:05:42.570+0000] {dag.py:3340} INFO - Setting next_dagrun for example_branch_labels to 2024-08-04T00:00:00+00:00, run_after=2024-08-05T00:00:00+00:00
[2024-08-05T09:05:42.588+0000] {processor.py:176} INFO - Processing /home/airflow/.local/lib/python3.7/site-packages/airflow/example_dags/example_branch_labels.py took 0.093 seconds
[2024-08-05T09:06:13.033+0000] {processor.py:154} INFO - Started process (PID=14652) to work on /home/airflow/.local/lib/python3.7/site-packages/airflow/example_dags/example_branch_labels.py
[2024-08-05T09:06:13.035+0000] {processor.py:756} INFO - Processing file /home/airflow/.local/lib/python3.7/site-packages/airflow/example_dags/example_branch_labels.py for tasks to queue
[2024-08-05T09:06:13.036+0000] {logging_mixin.py:120} INFO - [2024-08-05T09:06:13.036+0000] {dagbag.py:537} INFO - Filling up the DagBag from /home/airflow/.local/lib/python3.7/site-packages/airflow/example_dags/example_branch_labels.py
[2024-08-05T09:06:13.051+0000] {processor.py:766} INFO - DAG(s) dict_keys(['example_branch_labels']) retrieved from /home/airflow/.local/lib/python3.7/site-packages/airflow/example_dags/example_branch_labels.py
[2024-08-05T09:06:13.088+0000] {logging_mixin.py:120} INFO - [2024-08-05T09:06:13.088+0000] {dag.py:2585} INFO - Sync 1 DAGs
[2024-08-05T09:06:13.107+0000] {logging_mixin.py:120} INFO - [2024-08-05T09:06:13.107+0000] {dag.py:3340} INFO - Setting next_dagrun for example_branch_labels to 2024-08-04T00:00:00+00:00, run_after=2024-08-05T00:00:00+00:00
[2024-08-05T09:06:13.130+0000] {processor.py:176} INFO - Processing /home/airflow/.local/lib/python3.7/site-packages/airflow/example_dags/example_branch_labels.py took 0.099 seconds
[2024-08-05T09:06:45.104+0000] {processor.py:154} INFO - Started process (PID=14714) to work on /home/airflow/.local/lib/python3.7/site-packages/airflow/example_dags/example_branch_labels.py
[2024-08-05T09:06:45.106+0000] {processor.py:756} INFO - Processing file /home/airflow/.local/lib/python3.7/site-packages/airflow/example_dags/example_branch_labels.py for tasks to queue
[2024-08-05T09:06:45.108+0000] {logging_mixin.py:120} INFO - [2024-08-05T09:06:45.108+0000] {dagbag.py:537} INFO - Filling up the DagBag from /home/airflow/.local/lib/python3.7/site-packages/airflow/example_dags/example_branch_labels.py
[2024-08-05T09:06:45.136+0000] {processor.py:766} INFO - DAG(s) dict_keys(['example_branch_labels']) retrieved from /home/airflow/.local/lib/python3.7/site-packages/airflow/example_dags/example_branch_labels.py
[2024-08-05T09:06:45.290+0000] {logging_mixin.py:120} INFO - [2024-08-05T09:06:45.290+0000] {dag.py:2585} INFO - Sync 1 DAGs
[2024-08-05T09:06:45.419+0000] {logging_mixin.py:120} INFO - [2024-08-05T09:06:45.419+0000] {dag.py:3340} INFO - Setting next_dagrun for example_branch_labels to 2024-08-04T00:00:00+00:00, run_after=2024-08-05T00:00:00+00:00
[2024-08-05T09:06:45.544+0000] {processor.py:176} INFO - Processing /home/airflow/.local/lib/python3.7/site-packages/airflow/example_dags/example_branch_labels.py took 0.444 seconds
[2024-08-05T09:07:16.019+0000] {processor.py:154} INFO - Started process (PID=14781) to work on /home/airflow/.local/lib/python3.7/site-packages/airflow/example_dags/example_branch_labels.py
[2024-08-05T09:07:16.021+0000] {processor.py:756} INFO - Processing file /home/airflow/.local/lib/python3.7/site-packages/airflow/example_dags/example_branch_labels.py for tasks to queue
[2024-08-05T09:07:16.022+0000] {logging_mixin.py:120} INFO - [2024-08-05T09:07:16.022+0000] {dagbag.py:537} INFO - Filling up the DagBag from /home/airflow/.local/lib/python3.7/site-packages/airflow/example_dags/example_branch_labels.py
[2024-08-05T09:07:16.049+0000] {processor.py:766} INFO - DAG(s) dict_keys(['example_branch_labels']) retrieved from /home/airflow/.local/lib/python3.7/site-packages/airflow/example_dags/example_branch_labels.py
[2024-08-05T09:07:16.091+0000] {logging_mixin.py:120} INFO - [2024-08-05T09:07:16.091+0000] {dag.py:2585} INFO - Sync 1 DAGs
[2024-08-05T09:07:16.199+0000] {logging_mixin.py:120} INFO - [2024-08-05T09:07:16.199+0000] {dag.py:3340} INFO - Setting next_dagrun for example_branch_labels to 2024-08-04T00:00:00+00:00, run_after=2024-08-05T00:00:00+00:00
[2024-08-05T09:07:16.222+0000] {processor.py:176} INFO - Processing /home/airflow/.local/lib/python3.7/site-packages/airflow/example_dags/example_branch_labels.py took 0.207 seconds
[2024-08-05T09:07:47.417+0000] {processor.py:154} INFO - Started process (PID=14847) to work on /home/airflow/.local/lib/python3.7/site-packages/airflow/example_dags/example_branch_labels.py
[2024-08-05T09:07:47.419+0000] {processor.py:756} INFO - Processing file /home/airflow/.local/lib/python3.7/site-packages/airflow/example_dags/example_branch_labels.py for tasks to queue
[2024-08-05T09:07:47.422+0000] {logging_mixin.py:120} INFO - [2024-08-05T09:07:47.422+0000] {dagbag.py:537} INFO - Filling up the DagBag from /home/airflow/.local/lib/python3.7/site-packages/airflow/example_dags/example_branch_labels.py
[2024-08-05T09:07:47.440+0000] {processor.py:766} INFO - DAG(s) dict_keys(['example_branch_labels']) retrieved from /home/airflow/.local/lib/python3.7/site-packages/airflow/example_dags/example_branch_labels.py
[2024-08-05T09:07:47.493+0000] {logging_mixin.py:120} INFO - [2024-08-05T09:07:47.492+0000] {dag.py:2585} INFO - Sync 1 DAGs
[2024-08-05T09:07:47.528+0000] {logging_mixin.py:120} INFO - [2024-08-05T09:07:47.528+0000] {dag.py:3340} INFO - Setting next_dagrun for example_branch_labels to 2024-08-04T00:00:00+00:00, run_after=2024-08-05T00:00:00+00:00
[2024-08-05T09:07:47.556+0000] {processor.py:176} INFO - Processing /home/airflow/.local/lib/python3.7/site-packages/airflow/example_dags/example_branch_labels.py took 0.142 seconds
[2024-08-05T09:16:38.893+0000] {processor.py:154} INFO - Started process (PID=14886) to work on /home/airflow/.local/lib/python3.7/site-packages/airflow/example_dags/example_branch_labels.py
[2024-08-05T09:16:38.895+0000] {processor.py:756} INFO - Processing file /home/airflow/.local/lib/python3.7/site-packages/airflow/example_dags/example_branch_labels.py for tasks to queue
[2024-08-05T09:16:38.896+0000] {logging_mixin.py:120} INFO - [2024-08-05T09:16:38.896+0000] {dagbag.py:537} INFO - Filling up the DagBag from /home/airflow/.local/lib/python3.7/site-packages/airflow/example_dags/example_branch_labels.py
[2024-08-05T09:16:38.927+0000] {processor.py:766} INFO - DAG(s) dict_keys(['example_branch_labels']) retrieved from /home/airflow/.local/lib/python3.7/site-packages/airflow/example_dags/example_branch_labels.py
[2024-08-05T09:16:39.078+0000] {logging_mixin.py:120} INFO - [2024-08-05T09:16:39.077+0000] {dag.py:2585} INFO - Sync 1 DAGs
[2024-08-05T09:16:39.153+0000] {logging_mixin.py:120} INFO - [2024-08-05T09:16:39.152+0000] {dag.py:3340} INFO - Setting next_dagrun for example_branch_labels to 2024-08-04T00:00:00+00:00, run_after=2024-08-05T00:00:00+00:00
[2024-08-05T09:16:39.219+0000] {processor.py:176} INFO - Processing /home/airflow/.local/lib/python3.7/site-packages/airflow/example_dags/example_branch_labels.py took 0.333 seconds
[2024-08-05T09:17:09.763+0000] {processor.py:154} INFO - Started process (PID=14944) to work on /home/airflow/.local/lib/python3.7/site-packages/airflow/example_dags/example_branch_labels.py
[2024-08-05T09:17:09.771+0000] {processor.py:756} INFO - Processing file /home/airflow/.local/lib/python3.7/site-packages/airflow/example_dags/example_branch_labels.py for tasks to queue
[2024-08-05T09:17:09.782+0000] {logging_mixin.py:120} INFO - [2024-08-05T09:17:09.782+0000] {dagbag.py:537} INFO - Filling up the DagBag from /home/airflow/.local/lib/python3.7/site-packages/airflow/example_dags/example_branch_labels.py
[2024-08-05T09:17:09.808+0000] {processor.py:766} INFO - DAG(s) dict_keys(['example_branch_labels']) retrieved from /home/airflow/.local/lib/python3.7/site-packages/airflow/example_dags/example_branch_labels.py
[2024-08-05T09:17:09.897+0000] {logging_mixin.py:120} INFO - [2024-08-05T09:17:09.897+0000] {dag.py:2585} INFO - Sync 1 DAGs
[2024-08-05T09:17:09.981+0000] {logging_mixin.py:120} INFO - [2024-08-05T09:17:09.981+0000] {dag.py:3340} INFO - Setting next_dagrun for example_branch_labels to 2024-08-04T00:00:00+00:00, run_after=2024-08-05T00:00:00+00:00
[2024-08-05T09:17:10.112+0000] {processor.py:176} INFO - Processing /home/airflow/.local/lib/python3.7/site-packages/airflow/example_dags/example_branch_labels.py took 0.354 seconds
[2024-08-05T09:17:42.014+0000] {processor.py:154} INFO - Started process (PID=15011) to work on /home/airflow/.local/lib/python3.7/site-packages/airflow/example_dags/example_branch_labels.py
[2024-08-05T09:17:42.129+0000] {processor.py:756} INFO - Processing file /home/airflow/.local/lib/python3.7/site-packages/airflow/example_dags/example_branch_labels.py for tasks to queue
[2024-08-05T09:17:42.139+0000] {logging_mixin.py:120} INFO - [2024-08-05T09:17:42.139+0000] {dagbag.py:537} INFO - Filling up the DagBag from /home/airflow/.local/lib/python3.7/site-packages/airflow/example_dags/example_branch_labels.py
[2024-08-05T09:17:42.175+0000] {processor.py:766} INFO - DAG(s) dict_keys(['example_branch_labels']) retrieved from /home/airflow/.local/lib/python3.7/site-packages/airflow/example_dags/example_branch_labels.py
[2024-08-05T09:17:42.323+0000] {logging_mixin.py:120} INFO - [2024-08-05T09:17:42.323+0000] {dag.py:2585} INFO - Sync 1 DAGs
[2024-08-05T09:17:42.446+0000] {logging_mixin.py:120} INFO - [2024-08-05T09:17:42.446+0000] {dag.py:3340} INFO - Setting next_dagrun for example_branch_labels to 2024-08-04T00:00:00+00:00, run_after=2024-08-05T00:00:00+00:00
[2024-08-05T09:17:42.502+0000] {processor.py:176} INFO - Processing /home/airflow/.local/lib/python3.7/site-packages/airflow/example_dags/example_branch_labels.py took 0.491 seconds
[2024-08-05T09:18:13.464+0000] {processor.py:154} INFO - Started process (PID=15077) to work on /home/airflow/.local/lib/python3.7/site-packages/airflow/example_dags/example_branch_labels.py
[2024-08-05T09:18:13.534+0000] {processor.py:756} INFO - Processing file /home/airflow/.local/lib/python3.7/site-packages/airflow/example_dags/example_branch_labels.py for tasks to queue
[2024-08-05T09:18:13.536+0000] {logging_mixin.py:120} INFO - [2024-08-05T09:18:13.536+0000] {dagbag.py:537} INFO - Filling up the DagBag from /home/airflow/.local/lib/python3.7/site-packages/airflow/example_dags/example_branch_labels.py
[2024-08-05T09:18:13.565+0000] {processor.py:766} INFO - DAG(s) dict_keys(['example_branch_labels']) retrieved from /home/airflow/.local/lib/python3.7/site-packages/airflow/example_dags/example_branch_labels.py
[2024-08-05T09:18:13.681+0000] {logging_mixin.py:120} INFO - [2024-08-05T09:18:13.681+0000] {dag.py:2585} INFO - Sync 1 DAGs
[2024-08-05T09:18:13.777+0000] {logging_mixin.py:120} INFO - [2024-08-05T09:18:13.777+0000] {dag.py:3340} INFO - Setting next_dagrun for example_branch_labels to 2024-08-04T00:00:00+00:00, run_after=2024-08-05T00:00:00+00:00
[2024-08-05T09:18:13.838+0000] {processor.py:176} INFO - Processing /home/airflow/.local/lib/python3.7/site-packages/airflow/example_dags/example_branch_labels.py took 0.378 seconds
[2024-08-05T09:18:45.537+0000] {processor.py:154} INFO - Started process (PID=15138) to work on /home/airflow/.local/lib/python3.7/site-packages/airflow/example_dags/example_branch_labels.py
[2024-08-05T09:18:45.539+0000] {processor.py:756} INFO - Processing file /home/airflow/.local/lib/python3.7/site-packages/airflow/example_dags/example_branch_labels.py for tasks to queue
[2024-08-05T09:18:45.540+0000] {logging_mixin.py:120} INFO - [2024-08-05T09:18:45.540+0000] {dagbag.py:537} INFO - Filling up the DagBag from /home/airflow/.local/lib/python3.7/site-packages/airflow/example_dags/example_branch_labels.py
[2024-08-05T09:18:45.579+0000] {processor.py:766} INFO - DAG(s) dict_keys(['example_branch_labels']) retrieved from /home/airflow/.local/lib/python3.7/site-packages/airflow/example_dags/example_branch_labels.py
[2024-08-05T09:18:45.637+0000] {logging_mixin.py:120} INFO - [2024-08-05T09:18:45.637+0000] {dag.py:2585} INFO - Sync 1 DAGs
[2024-08-05T09:18:45.791+0000] {logging_mixin.py:120} INFO - [2024-08-05T09:18:45.790+0000] {dag.py:3340} INFO - Setting next_dagrun for example_branch_labels to 2024-08-04T00:00:00+00:00, run_after=2024-08-05T00:00:00+00:00
[2024-08-05T09:18:45.982+0000] {processor.py:176} INFO - Processing /home/airflow/.local/lib/python3.7/site-packages/airflow/example_dags/example_branch_labels.py took 0.452 seconds
[2024-08-05T09:19:16.947+0000] {processor.py:154} INFO - Started process (PID=15205) to work on /home/airflow/.local/lib/python3.7/site-packages/airflow/example_dags/example_branch_labels.py
[2024-08-05T09:19:16.948+0000] {processor.py:756} INFO - Processing file /home/airflow/.local/lib/python3.7/site-packages/airflow/example_dags/example_branch_labels.py for tasks to queue
[2024-08-05T09:19:16.949+0000] {logging_mixin.py:120} INFO - [2024-08-05T09:19:16.949+0000] {dagbag.py:537} INFO - Filling up the DagBag from /home/airflow/.local/lib/python3.7/site-packages/airflow/example_dags/example_branch_labels.py
[2024-08-05T09:19:16.964+0000] {processor.py:766} INFO - DAG(s) dict_keys(['example_branch_labels']) retrieved from /home/airflow/.local/lib/python3.7/site-packages/airflow/example_dags/example_branch_labels.py
[2024-08-05T09:19:17.042+0000] {logging_mixin.py:120} INFO - [2024-08-05T09:19:17.042+0000] {dag.py:2585} INFO - Sync 1 DAGs
[2024-08-05T09:19:17.158+0000] {logging_mixin.py:120} INFO - [2024-08-05T09:19:17.158+0000] {dag.py:3340} INFO - Setting next_dagrun for example_branch_labels to 2024-08-04T00:00:00+00:00, run_after=2024-08-05T00:00:00+00:00
[2024-08-05T09:19:17.291+0000] {processor.py:176} INFO - Processing /home/airflow/.local/lib/python3.7/site-packages/airflow/example_dags/example_branch_labels.py took 0.350 seconds
[2024-08-05T09:19:48.151+0000] {processor.py:154} INFO - Started process (PID=15273) to work on /home/airflow/.local/lib/python3.7/site-packages/airflow/example_dags/example_branch_labels.py
[2024-08-05T09:19:48.187+0000] {processor.py:756} INFO - Processing file /home/airflow/.local/lib/python3.7/site-packages/airflow/example_dags/example_branch_labels.py for tasks to queue
[2024-08-05T09:19:48.242+0000] {logging_mixin.py:120} INFO - [2024-08-05T09:19:48.241+0000] {dagbag.py:537} INFO - Filling up the DagBag from /home/airflow/.local/lib/python3.7/site-packages/airflow/example_dags/example_branch_labels.py
[2024-08-05T09:19:48.275+0000] {processor.py:766} INFO - DAG(s) dict_keys(['example_branch_labels']) retrieved from /home/airflow/.local/lib/python3.7/site-packages/airflow/example_dags/example_branch_labels.py
[2024-08-05T09:19:48.315+0000] {logging_mixin.py:120} INFO - [2024-08-05T09:19:48.315+0000] {dag.py:2585} INFO - Sync 1 DAGs
[2024-08-05T09:19:48.341+0000] {logging_mixin.py:120} INFO - [2024-08-05T09:19:48.341+0000] {dag.py:3340} INFO - Setting next_dagrun for example_branch_labels to 2024-08-04T00:00:00+00:00, run_after=2024-08-05T00:00:00+00:00
[2024-08-05T09:19:48.364+0000] {processor.py:176} INFO - Processing /home/airflow/.local/lib/python3.7/site-packages/airflow/example_dags/example_branch_labels.py took 0.216 seconds
[2024-08-05T09:20:22.263+0000] {processor.py:154} INFO - Started process (PID=15331) to work on /home/airflow/.local/lib/python3.7/site-packages/airflow/example_dags/example_branch_labels.py
[2024-08-05T09:20:22.264+0000] {processor.py:756} INFO - Processing file /home/airflow/.local/lib/python3.7/site-packages/airflow/example_dags/example_branch_labels.py for tasks to queue
[2024-08-05T09:20:22.266+0000] {logging_mixin.py:120} INFO - [2024-08-05T09:20:22.265+0000] {dagbag.py:537} INFO - Filling up the DagBag from /home/airflow/.local/lib/python3.7/site-packages/airflow/example_dags/example_branch_labels.py
[2024-08-05T09:20:22.279+0000] {processor.py:766} INFO - DAG(s) dict_keys(['example_branch_labels']) retrieved from /home/airflow/.local/lib/python3.7/site-packages/airflow/example_dags/example_branch_labels.py
[2024-08-05T09:20:22.322+0000] {logging_mixin.py:120} INFO - [2024-08-05T09:20:22.321+0000] {dag.py:2585} INFO - Sync 1 DAGs
[2024-08-05T09:20:22.383+0000] {logging_mixin.py:120} INFO - [2024-08-05T09:20:22.383+0000] {dag.py:3340} INFO - Setting next_dagrun for example_branch_labels to 2024-08-04T00:00:00+00:00, run_after=2024-08-05T00:00:00+00:00
[2024-08-05T09:20:22.425+0000] {processor.py:176} INFO - Processing /home/airflow/.local/lib/python3.7/site-packages/airflow/example_dags/example_branch_labels.py took 0.165 seconds
[2024-08-05T09:20:54.564+0000] {processor.py:154} INFO - Started process (PID=15398) to work on /home/airflow/.local/lib/python3.7/site-packages/airflow/example_dags/example_branch_labels.py
[2024-08-05T09:20:54.565+0000] {processor.py:756} INFO - Processing file /home/airflow/.local/lib/python3.7/site-packages/airflow/example_dags/example_branch_labels.py for tasks to queue
[2024-08-05T09:20:54.566+0000] {logging_mixin.py:120} INFO - [2024-08-05T09:20:54.566+0000] {dagbag.py:537} INFO - Filling up the DagBag from /home/airflow/.local/lib/python3.7/site-packages/airflow/example_dags/example_branch_labels.py
[2024-08-05T09:20:54.613+0000] {processor.py:766} INFO - DAG(s) dict_keys(['example_branch_labels']) retrieved from /home/airflow/.local/lib/python3.7/site-packages/airflow/example_dags/example_branch_labels.py
[2024-08-05T09:20:54.765+0000] {logging_mixin.py:120} INFO - [2024-08-05T09:20:54.764+0000] {dag.py:2585} INFO - Sync 1 DAGs
[2024-08-05T09:20:54.821+0000] {logging_mixin.py:120} INFO - [2024-08-05T09:20:54.820+0000] {dag.py:3340} INFO - Setting next_dagrun for example_branch_labels to 2024-08-04T00:00:00+00:00, run_after=2024-08-05T00:00:00+00:00
[2024-08-05T09:20:54.851+0000] {processor.py:176} INFO - Processing /home/airflow/.local/lib/python3.7/site-packages/airflow/example_dags/example_branch_labels.py took 0.290 seconds
[2024-08-05T09:21:27.445+0000] {processor.py:154} INFO - Started process (PID=15465) to work on /home/airflow/.local/lib/python3.7/site-packages/airflow/example_dags/example_branch_labels.py
[2024-08-05T09:21:27.460+0000] {processor.py:756} INFO - Processing file /home/airflow/.local/lib/python3.7/site-packages/airflow/example_dags/example_branch_labels.py for tasks to queue
[2024-08-05T09:21:27.462+0000] {logging_mixin.py:120} INFO - [2024-08-05T09:21:27.462+0000] {dagbag.py:537} INFO - Filling up the DagBag from /home/airflow/.local/lib/python3.7/site-packages/airflow/example_dags/example_branch_labels.py
[2024-08-05T09:21:27.502+0000] {processor.py:766} INFO - DAG(s) dict_keys(['example_branch_labels']) retrieved from /home/airflow/.local/lib/python3.7/site-packages/airflow/example_dags/example_branch_labels.py
[2024-08-05T09:21:27.562+0000] {logging_mixin.py:120} INFO - [2024-08-05T09:21:27.562+0000] {dag.py:2585} INFO - Sync 1 DAGs
[2024-08-05T09:21:27.768+0000] {logging_mixin.py:120} INFO - [2024-08-05T09:21:27.768+0000] {dag.py:3340} INFO - Setting next_dagrun for example_branch_labels to 2024-08-04T00:00:00+00:00, run_after=2024-08-05T00:00:00+00:00
[2024-08-05T09:21:27.913+0000] {processor.py:176} INFO - Processing /home/airflow/.local/lib/python3.7/site-packages/airflow/example_dags/example_branch_labels.py took 0.471 seconds
[2024-08-05T09:21:58.642+0000] {processor.py:154} INFO - Started process (PID=15532) to work on /home/airflow/.local/lib/python3.7/site-packages/airflow/example_dags/example_branch_labels.py
[2024-08-05T09:21:58.652+0000] {processor.py:756} INFO - Processing file /home/airflow/.local/lib/python3.7/site-packages/airflow/example_dags/example_branch_labels.py for tasks to queue
[2024-08-05T09:21:58.694+0000] {logging_mixin.py:120} INFO - [2024-08-05T09:21:58.694+0000] {dagbag.py:537} INFO - Filling up the DagBag from /home/airflow/.local/lib/python3.7/site-packages/airflow/example_dags/example_branch_labels.py
[2024-08-05T09:21:58.741+0000] {processor.py:766} INFO - DAG(s) dict_keys(['example_branch_labels']) retrieved from /home/airflow/.local/lib/python3.7/site-packages/airflow/example_dags/example_branch_labels.py
[2024-08-05T09:21:58.845+0000] {logging_mixin.py:120} INFO - [2024-08-05T09:21:58.845+0000] {dag.py:2585} INFO - Sync 1 DAGs
[2024-08-05T09:21:58.894+0000] {logging_mixin.py:120} INFO - [2024-08-05T09:21:58.893+0000] {dag.py:3340} INFO - Setting next_dagrun for example_branch_labels to 2024-08-04T00:00:00+00:00, run_after=2024-08-05T00:00:00+00:00
[2024-08-05T09:21:58.935+0000] {processor.py:176} INFO - Processing /home/airflow/.local/lib/python3.7/site-packages/airflow/example_dags/example_branch_labels.py took 0.299 seconds
[2024-08-05T09:22:29.334+0000] {processor.py:154} INFO - Started process (PID=15590) to work on /home/airflow/.local/lib/python3.7/site-packages/airflow/example_dags/example_branch_labels.py
[2024-08-05T09:22:29.335+0000] {processor.py:756} INFO - Processing file /home/airflow/.local/lib/python3.7/site-packages/airflow/example_dags/example_branch_labels.py for tasks to queue
[2024-08-05T09:22:29.336+0000] {logging_mixin.py:120} INFO - [2024-08-05T09:22:29.336+0000] {dagbag.py:537} INFO - Filling up the DagBag from /home/airflow/.local/lib/python3.7/site-packages/airflow/example_dags/example_branch_labels.py
[2024-08-05T09:22:29.353+0000] {processor.py:766} INFO - DAG(s) dict_keys(['example_branch_labels']) retrieved from /home/airflow/.local/lib/python3.7/site-packages/airflow/example_dags/example_branch_labels.py
[2024-08-05T09:22:29.395+0000] {logging_mixin.py:120} INFO - [2024-08-05T09:22:29.395+0000] {dag.py:2585} INFO - Sync 1 DAGs
[2024-08-05T09:22:29.422+0000] {logging_mixin.py:120} INFO - [2024-08-05T09:22:29.422+0000] {dag.py:3340} INFO - Setting next_dagrun for example_branch_labels to 2024-08-04T00:00:00+00:00, run_after=2024-08-05T00:00:00+00:00
[2024-08-05T09:22:29.498+0000] {processor.py:176} INFO - Processing /home/airflow/.local/lib/python3.7/site-packages/airflow/example_dags/example_branch_labels.py took 0.168 seconds
[2024-08-05T09:23:00.863+0000] {processor.py:154} INFO - Started process (PID=15657) to work on /home/airflow/.local/lib/python3.7/site-packages/airflow/example_dags/example_branch_labels.py
[2024-08-05T09:23:00.865+0000] {processor.py:756} INFO - Processing file /home/airflow/.local/lib/python3.7/site-packages/airflow/example_dags/example_branch_labels.py for tasks to queue
[2024-08-05T09:23:00.867+0000] {logging_mixin.py:120} INFO - [2024-08-05T09:23:00.866+0000] {dagbag.py:537} INFO - Filling up the DagBag from /home/airflow/.local/lib/python3.7/site-packages/airflow/example_dags/example_branch_labels.py
[2024-08-05T09:23:00.905+0000] {processor.py:766} INFO - DAG(s) dict_keys(['example_branch_labels']) retrieved from /home/airflow/.local/lib/python3.7/site-packages/airflow/example_dags/example_branch_labels.py
[2024-08-05T09:23:00.962+0000] {logging_mixin.py:120} INFO - [2024-08-05T09:23:00.962+0000] {dag.py:2585} INFO - Sync 1 DAGs
[2024-08-05T09:23:00.994+0000] {logging_mixin.py:120} INFO - [2024-08-05T09:23:00.994+0000] {dag.py:3340} INFO - Setting next_dagrun for example_branch_labels to 2024-08-04T00:00:00+00:00, run_after=2024-08-05T00:00:00+00:00
[2024-08-05T09:23:01.022+0000] {processor.py:176} INFO - Processing /home/airflow/.local/lib/python3.7/site-packages/airflow/example_dags/example_branch_labels.py took 0.163 seconds
[2024-08-05T09:23:34.768+0000] {processor.py:154} INFO - Started process (PID=15724) to work on /home/airflow/.local/lib/python3.7/site-packages/airflow/example_dags/example_branch_labels.py
[2024-08-05T09:23:34.772+0000] {processor.py:756} INFO - Processing file /home/airflow/.local/lib/python3.7/site-packages/airflow/example_dags/example_branch_labels.py for tasks to queue
[2024-08-05T09:23:34.782+0000] {logging_mixin.py:120} INFO - [2024-08-05T09:23:34.781+0000] {dagbag.py:537} INFO - Filling up the DagBag from /home/airflow/.local/lib/python3.7/site-packages/airflow/example_dags/example_branch_labels.py
[2024-08-05T09:23:34.878+0000] {processor.py:766} INFO - DAG(s) dict_keys(['example_branch_labels']) retrieved from /home/airflow/.local/lib/python3.7/site-packages/airflow/example_dags/example_branch_labels.py
[2024-08-05T09:23:35.071+0000] {logging_mixin.py:120} INFO - [2024-08-05T09:23:35.071+0000] {dag.py:2585} INFO - Sync 1 DAGs
[2024-08-05T09:23:35.120+0000] {logging_mixin.py:120} INFO - [2024-08-05T09:23:35.120+0000] {dag.py:3340} INFO - Setting next_dagrun for example_branch_labels to 2024-08-04T00:00:00+00:00, run_after=2024-08-05T00:00:00+00:00
[2024-08-05T09:23:35.175+0000] {processor.py:176} INFO - Processing /home/airflow/.local/lib/python3.7/site-packages/airflow/example_dags/example_branch_labels.py took 0.410 seconds
[2024-08-05T09:24:05.505+0000] {processor.py:154} INFO - Started process (PID=15782) to work on /home/airflow/.local/lib/python3.7/site-packages/airflow/example_dags/example_branch_labels.py
[2024-08-05T09:24:05.507+0000] {processor.py:756} INFO - Processing file /home/airflow/.local/lib/python3.7/site-packages/airflow/example_dags/example_branch_labels.py for tasks to queue
[2024-08-05T09:24:05.508+0000] {logging_mixin.py:120} INFO - [2024-08-05T09:24:05.508+0000] {dagbag.py:537} INFO - Filling up the DagBag from /home/airflow/.local/lib/python3.7/site-packages/airflow/example_dags/example_branch_labels.py
[2024-08-05T09:24:05.532+0000] {processor.py:766} INFO - DAG(s) dict_keys(['example_branch_labels']) retrieved from /home/airflow/.local/lib/python3.7/site-packages/airflow/example_dags/example_branch_labels.py
[2024-08-05T09:24:05.630+0000] {logging_mixin.py:120} INFO - [2024-08-05T09:24:05.630+0000] {dag.py:2585} INFO - Sync 1 DAGs
[2024-08-05T09:24:05.679+0000] {logging_mixin.py:120} INFO - [2024-08-05T09:24:05.679+0000] {dag.py:3340} INFO - Setting next_dagrun for example_branch_labels to 2024-08-04T00:00:00+00:00, run_after=2024-08-05T00:00:00+00:00
[2024-08-05T09:24:05.719+0000] {processor.py:176} INFO - Processing /home/airflow/.local/lib/python3.7/site-packages/airflow/example_dags/example_branch_labels.py took 0.220 seconds
[2024-08-05T09:24:36.763+0000] {processor.py:154} INFO - Started process (PID=15850) to work on /home/airflow/.local/lib/python3.7/site-packages/airflow/example_dags/example_branch_labels.py
[2024-08-05T09:24:36.838+0000] {processor.py:756} INFO - Processing file /home/airflow/.local/lib/python3.7/site-packages/airflow/example_dags/example_branch_labels.py for tasks to queue
[2024-08-05T09:24:36.859+0000] {logging_mixin.py:120} INFO - [2024-08-05T09:24:36.859+0000] {dagbag.py:537} INFO - Filling up the DagBag from /home/airflow/.local/lib/python3.7/site-packages/airflow/example_dags/example_branch_labels.py
[2024-08-05T09:24:36.898+0000] {processor.py:766} INFO - DAG(s) dict_keys(['example_branch_labels']) retrieved from /home/airflow/.local/lib/python3.7/site-packages/airflow/example_dags/example_branch_labels.py
[2024-08-05T09:24:36.956+0000] {logging_mixin.py:120} INFO - [2024-08-05T09:24:36.956+0000] {dag.py:2585} INFO - Sync 1 DAGs
[2024-08-05T09:24:37.077+0000] {logging_mixin.py:120} INFO - [2024-08-05T09:24:37.077+0000] {dag.py:3340} INFO - Setting next_dagrun for example_branch_labels to 2024-08-04T00:00:00+00:00, run_after=2024-08-05T00:00:00+00:00
[2024-08-05T09:24:37.113+0000] {processor.py:176} INFO - Processing /home/airflow/.local/lib/python3.7/site-packages/airflow/example_dags/example_branch_labels.py took 0.354 seconds
[2024-08-05T09:25:09.323+0000] {processor.py:154} INFO - Started process (PID=15917) to work on /home/airflow/.local/lib/python3.7/site-packages/airflow/example_dags/example_branch_labels.py
[2024-08-05T09:25:09.325+0000] {processor.py:756} INFO - Processing file /home/airflow/.local/lib/python3.7/site-packages/airflow/example_dags/example_branch_labels.py for tasks to queue
[2024-08-05T09:25:09.326+0000] {logging_mixin.py:120} INFO - [2024-08-05T09:25:09.326+0000] {dagbag.py:537} INFO - Filling up the DagBag from /home/airflow/.local/lib/python3.7/site-packages/airflow/example_dags/example_branch_labels.py
[2024-08-05T09:25:09.373+0000] {processor.py:766} INFO - DAG(s) dict_keys(['example_branch_labels']) retrieved from /home/airflow/.local/lib/python3.7/site-packages/airflow/example_dags/example_branch_labels.py
[2024-08-05T09:25:09.540+0000] {logging_mixin.py:120} INFO - [2024-08-05T09:25:09.540+0000] {dag.py:2585} INFO - Sync 1 DAGs
[2024-08-05T09:25:09.784+0000] {logging_mixin.py:120} INFO - [2024-08-05T09:25:09.784+0000] {dag.py:3340} INFO - Setting next_dagrun for example_branch_labels to 2024-08-04T00:00:00+00:00, run_after=2024-08-05T00:00:00+00:00
[2024-08-05T09:25:09.924+0000] {processor.py:176} INFO - Processing /home/airflow/.local/lib/python3.7/site-packages/airflow/example_dags/example_branch_labels.py took 0.605 seconds
[2024-08-05T09:25:41.132+0000] {processor.py:154} INFO - Started process (PID=15976) to work on /home/airflow/.local/lib/python3.7/site-packages/airflow/example_dags/example_branch_labels.py
[2024-08-05T09:25:41.133+0000] {processor.py:756} INFO - Processing file /home/airflow/.local/lib/python3.7/site-packages/airflow/example_dags/example_branch_labels.py for tasks to queue
[2024-08-05T09:25:41.134+0000] {logging_mixin.py:120} INFO - [2024-08-05T09:25:41.134+0000] {dagbag.py:537} INFO - Filling up the DagBag from /home/airflow/.local/lib/python3.7/site-packages/airflow/example_dags/example_branch_labels.py
[2024-08-05T09:25:41.156+0000] {processor.py:766} INFO - DAG(s) dict_keys(['example_branch_labels']) retrieved from /home/airflow/.local/lib/python3.7/site-packages/airflow/example_dags/example_branch_labels.py
[2024-08-05T09:25:41.267+0000] {logging_mixin.py:120} INFO - [2024-08-05T09:25:41.266+0000] {dag.py:2585} INFO - Sync 1 DAGs
[2024-08-05T09:25:41.344+0000] {logging_mixin.py:120} INFO - [2024-08-05T09:25:41.344+0000] {dag.py:3340} INFO - Setting next_dagrun for example_branch_labels to 2024-08-04T00:00:00+00:00, run_after=2024-08-05T00:00:00+00:00
[2024-08-05T09:25:41.458+0000] {processor.py:176} INFO - Processing /home/airflow/.local/lib/python3.7/site-packages/airflow/example_dags/example_branch_labels.py took 0.329 seconds
[2024-08-05T09:26:12.664+0000] {processor.py:154} INFO - Started process (PID=16043) to work on /home/airflow/.local/lib/python3.7/site-packages/airflow/example_dags/example_branch_labels.py
[2024-08-05T09:26:12.672+0000] {processor.py:756} INFO - Processing file /home/airflow/.local/lib/python3.7/site-packages/airflow/example_dags/example_branch_labels.py for tasks to queue
[2024-08-05T09:26:12.675+0000] {logging_mixin.py:120} INFO - [2024-08-05T09:26:12.675+0000] {dagbag.py:537} INFO - Filling up the DagBag from /home/airflow/.local/lib/python3.7/site-packages/airflow/example_dags/example_branch_labels.py
[2024-08-05T09:26:12.712+0000] {processor.py:766} INFO - DAG(s) dict_keys(['example_branch_labels']) retrieved from /home/airflow/.local/lib/python3.7/site-packages/airflow/example_dags/example_branch_labels.py
[2024-08-05T09:26:12.885+0000] {logging_mixin.py:120} INFO - [2024-08-05T09:26:12.885+0000] {dag.py:2585} INFO - Sync 1 DAGs
[2024-08-05T09:26:13.048+0000] {logging_mixin.py:120} INFO - [2024-08-05T09:26:13.047+0000] {dag.py:3340} INFO - Setting next_dagrun for example_branch_labels to 2024-08-04T00:00:00+00:00, run_after=2024-08-05T00:00:00+00:00
[2024-08-05T09:26:13.096+0000] {processor.py:176} INFO - Processing /home/airflow/.local/lib/python3.7/site-packages/airflow/example_dags/example_branch_labels.py took 0.435 seconds
[2024-08-05T09:26:43.856+0000] {processor.py:154} INFO - Started process (PID=16110) to work on /home/airflow/.local/lib/python3.7/site-packages/airflow/example_dags/example_branch_labels.py
[2024-08-05T09:26:43.863+0000] {processor.py:756} INFO - Processing file /home/airflow/.local/lib/python3.7/site-packages/airflow/example_dags/example_branch_labels.py for tasks to queue
[2024-08-05T09:26:43.865+0000] {logging_mixin.py:120} INFO - [2024-08-05T09:26:43.865+0000] {dagbag.py:537} INFO - Filling up the DagBag from /home/airflow/.local/lib/python3.7/site-packages/airflow/example_dags/example_branch_labels.py
[2024-08-05T09:26:43.892+0000] {processor.py:766} INFO - DAG(s) dict_keys(['example_branch_labels']) retrieved from /home/airflow/.local/lib/python3.7/site-packages/airflow/example_dags/example_branch_labels.py
[2024-08-05T09:26:43.953+0000] {logging_mixin.py:120} INFO - [2024-08-05T09:26:43.953+0000] {dag.py:2585} INFO - Sync 1 DAGs
[2024-08-05T09:26:44.037+0000] {logging_mixin.py:120} INFO - [2024-08-05T09:26:44.037+0000] {dag.py:3340} INFO - Setting next_dagrun for example_branch_labels to 2024-08-04T00:00:00+00:00, run_after=2024-08-05T00:00:00+00:00
[2024-08-05T09:26:44.146+0000] {processor.py:176} INFO - Processing /home/airflow/.local/lib/python3.7/site-packages/airflow/example_dags/example_branch_labels.py took 0.293 seconds
[2024-08-05T09:27:14.959+0000] {processor.py:154} INFO - Started process (PID=16167) to work on /home/airflow/.local/lib/python3.7/site-packages/airflow/example_dags/example_branch_labels.py
[2024-08-05T09:27:14.960+0000] {processor.py:756} INFO - Processing file /home/airflow/.local/lib/python3.7/site-packages/airflow/example_dags/example_branch_labels.py for tasks to queue
[2024-08-05T09:27:14.961+0000] {logging_mixin.py:120} INFO - [2024-08-05T09:27:14.961+0000] {dagbag.py:537} INFO - Filling up the DagBag from /home/airflow/.local/lib/python3.7/site-packages/airflow/example_dags/example_branch_labels.py
[2024-08-05T09:27:14.989+0000] {processor.py:766} INFO - DAG(s) dict_keys(['example_branch_labels']) retrieved from /home/airflow/.local/lib/python3.7/site-packages/airflow/example_dags/example_branch_labels.py
[2024-08-05T09:27:15.047+0000] {logging_mixin.py:120} INFO - [2024-08-05T09:27:15.047+0000] {dag.py:2585} INFO - Sync 1 DAGs
[2024-08-05T09:27:15.157+0000] {logging_mixin.py:120} INFO - [2024-08-05T09:27:15.157+0000] {dag.py:3340} INFO - Setting next_dagrun for example_branch_labels to 2024-08-04T00:00:00+00:00, run_after=2024-08-05T00:00:00+00:00
[2024-08-05T09:27:15.190+0000] {processor.py:176} INFO - Processing /home/airflow/.local/lib/python3.7/site-packages/airflow/example_dags/example_branch_labels.py took 0.235 seconds
[2024-08-05T09:27:45.816+0000] {processor.py:154} INFO - Started process (PID=16233) to work on /home/airflow/.local/lib/python3.7/site-packages/airflow/example_dags/example_branch_labels.py
[2024-08-05T09:27:45.820+0000] {processor.py:756} INFO - Processing file /home/airflow/.local/lib/python3.7/site-packages/airflow/example_dags/example_branch_labels.py for tasks to queue
[2024-08-05T09:27:45.821+0000] {logging_mixin.py:120} INFO - [2024-08-05T09:27:45.821+0000] {dagbag.py:537} INFO - Filling up the DagBag from /home/airflow/.local/lib/python3.7/site-packages/airflow/example_dags/example_branch_labels.py
[2024-08-05T09:27:45.844+0000] {processor.py:766} INFO - DAG(s) dict_keys(['example_branch_labels']) retrieved from /home/airflow/.local/lib/python3.7/site-packages/airflow/example_dags/example_branch_labels.py
[2024-08-05T09:27:45.895+0000] {logging_mixin.py:120} INFO - [2024-08-05T09:27:45.895+0000] {dag.py:2585} INFO - Sync 1 DAGs
[2024-08-05T09:27:45.962+0000] {logging_mixin.py:120} INFO - [2024-08-05T09:27:45.961+0000] {dag.py:3340} INFO - Setting next_dagrun for example_branch_labels to 2024-08-04T00:00:00+00:00, run_after=2024-08-05T00:00:00+00:00
[2024-08-05T09:27:46.105+0000] {processor.py:176} INFO - Processing /home/airflow/.local/lib/python3.7/site-packages/airflow/example_dags/example_branch_labels.py took 0.293 seconds
[2024-08-05T09:28:16.479+0000] {processor.py:154} INFO - Started process (PID=16300) to work on /home/airflow/.local/lib/python3.7/site-packages/airflow/example_dags/example_branch_labels.py
[2024-08-05T09:28:16.481+0000] {processor.py:756} INFO - Processing file /home/airflow/.local/lib/python3.7/site-packages/airflow/example_dags/example_branch_labels.py for tasks to queue
[2024-08-05T09:28:16.484+0000] {logging_mixin.py:120} INFO - [2024-08-05T09:28:16.484+0000] {dagbag.py:537} INFO - Filling up the DagBag from /home/airflow/.local/lib/python3.7/site-packages/airflow/example_dags/example_branch_labels.py
[2024-08-05T09:28:16.511+0000] {processor.py:766} INFO - DAG(s) dict_keys(['example_branch_labels']) retrieved from /home/airflow/.local/lib/python3.7/site-packages/airflow/example_dags/example_branch_labels.py
[2024-08-05T09:28:16.575+0000] {logging_mixin.py:120} INFO - [2024-08-05T09:28:16.575+0000] {dag.py:2585} INFO - Sync 1 DAGs
[2024-08-05T09:28:16.610+0000] {logging_mixin.py:120} INFO - [2024-08-05T09:28:16.610+0000] {dag.py:3340} INFO - Setting next_dagrun for example_branch_labels to 2024-08-04T00:00:00+00:00, run_after=2024-08-05T00:00:00+00:00
[2024-08-05T09:28:16.636+0000] {processor.py:176} INFO - Processing /home/airflow/.local/lib/python3.7/site-packages/airflow/example_dags/example_branch_labels.py took 0.165 seconds
[2024-08-05T09:28:46.834+0000] {processor.py:154} INFO - Started process (PID=16358) to work on /home/airflow/.local/lib/python3.7/site-packages/airflow/example_dags/example_branch_labels.py
[2024-08-05T09:28:46.842+0000] {processor.py:756} INFO - Processing file /home/airflow/.local/lib/python3.7/site-packages/airflow/example_dags/example_branch_labels.py for tasks to queue
[2024-08-05T09:28:46.843+0000] {logging_mixin.py:120} INFO - [2024-08-05T09:28:46.843+0000] {dagbag.py:537} INFO - Filling up the DagBag from /home/airflow/.local/lib/python3.7/site-packages/airflow/example_dags/example_branch_labels.py
[2024-08-05T09:28:46.867+0000] {processor.py:766} INFO - DAG(s) dict_keys(['example_branch_labels']) retrieved from /home/airflow/.local/lib/python3.7/site-packages/airflow/example_dags/example_branch_labels.py
[2024-08-05T09:28:46.960+0000] {logging_mixin.py:120} INFO - [2024-08-05T09:28:46.960+0000] {dag.py:2585} INFO - Sync 1 DAGs
[2024-08-05T09:28:47.121+0000] {logging_mixin.py:120} INFO - [2024-08-05T09:28:47.120+0000] {dag.py:3340} INFO - Setting next_dagrun for example_branch_labels to 2024-08-04T00:00:00+00:00, run_after=2024-08-05T00:00:00+00:00
[2024-08-05T09:28:47.157+0000] {processor.py:176} INFO - Processing /home/airflow/.local/lib/python3.7/site-packages/airflow/example_dags/example_branch_labels.py took 0.328 seconds
[2024-08-05T09:29:17.484+0000] {processor.py:154} INFO - Started process (PID=16425) to work on /home/airflow/.local/lib/python3.7/site-packages/airflow/example_dags/example_branch_labels.py
[2024-08-05T09:29:17.485+0000] {processor.py:756} INFO - Processing file /home/airflow/.local/lib/python3.7/site-packages/airflow/example_dags/example_branch_labels.py for tasks to queue
[2024-08-05T09:29:17.486+0000] {logging_mixin.py:120} INFO - [2024-08-05T09:29:17.486+0000] {dagbag.py:537} INFO - Filling up the DagBag from /home/airflow/.local/lib/python3.7/site-packages/airflow/example_dags/example_branch_labels.py
[2024-08-05T09:29:17.504+0000] {processor.py:766} INFO - DAG(s) dict_keys(['example_branch_labels']) retrieved from /home/airflow/.local/lib/python3.7/site-packages/airflow/example_dags/example_branch_labels.py
[2024-08-05T09:29:17.543+0000] {logging_mixin.py:120} INFO - [2024-08-05T09:29:17.542+0000] {dag.py:2585} INFO - Sync 1 DAGs
[2024-08-05T09:29:17.580+0000] {logging_mixin.py:120} INFO - [2024-08-05T09:29:17.580+0000] {dag.py:3340} INFO - Setting next_dagrun for example_branch_labels to 2024-08-04T00:00:00+00:00, run_after=2024-08-05T00:00:00+00:00
[2024-08-05T09:29:17.633+0000] {processor.py:176} INFO - Processing /home/airflow/.local/lib/python3.7/site-packages/airflow/example_dags/example_branch_labels.py took 0.149 seconds
[2024-08-05T09:29:48.179+0000] {processor.py:154} INFO - Started process (PID=16492) to work on /home/airflow/.local/lib/python3.7/site-packages/airflow/example_dags/example_branch_labels.py
[2024-08-05T09:29:48.180+0000] {processor.py:756} INFO - Processing file /home/airflow/.local/lib/python3.7/site-packages/airflow/example_dags/example_branch_labels.py for tasks to queue
[2024-08-05T09:29:48.181+0000] {logging_mixin.py:120} INFO - [2024-08-05T09:29:48.181+0000] {dagbag.py:537} INFO - Filling up the DagBag from /home/airflow/.local/lib/python3.7/site-packages/airflow/example_dags/example_branch_labels.py
[2024-08-05T09:29:48.200+0000] {processor.py:766} INFO - DAG(s) dict_keys(['example_branch_labels']) retrieved from /home/airflow/.local/lib/python3.7/site-packages/airflow/example_dags/example_branch_labels.py
[2024-08-05T09:29:48.238+0000] {logging_mixin.py:120} INFO - [2024-08-05T09:29:48.238+0000] {dag.py:2585} INFO - Sync 1 DAGs
[2024-08-05T09:29:48.272+0000] {logging_mixin.py:120} INFO - [2024-08-05T09:29:48.272+0000] {dag.py:3340} INFO - Setting next_dagrun for example_branch_labels to 2024-08-04T00:00:00+00:00, run_after=2024-08-05T00:00:00+00:00
[2024-08-05T09:29:48.302+0000] {processor.py:176} INFO - Processing /home/airflow/.local/lib/python3.7/site-packages/airflow/example_dags/example_branch_labels.py took 0.126 seconds
[2024-08-05T09:30:18.935+0000] {processor.py:154} INFO - Started process (PID=16550) to work on /home/airflow/.local/lib/python3.7/site-packages/airflow/example_dags/example_branch_labels.py
[2024-08-05T09:30:18.937+0000] {processor.py:756} INFO - Processing file /home/airflow/.local/lib/python3.7/site-packages/airflow/example_dags/example_branch_labels.py for tasks to queue
[2024-08-05T09:30:18.940+0000] {logging_mixin.py:120} INFO - [2024-08-05T09:30:18.940+0000] {dagbag.py:537} INFO - Filling up the DagBag from /home/airflow/.local/lib/python3.7/site-packages/airflow/example_dags/example_branch_labels.py
[2024-08-05T09:30:18.954+0000] {processor.py:766} INFO - DAG(s) dict_keys(['example_branch_labels']) retrieved from /home/airflow/.local/lib/python3.7/site-packages/airflow/example_dags/example_branch_labels.py
[2024-08-05T09:30:18.993+0000] {logging_mixin.py:120} INFO - [2024-08-05T09:30:18.993+0000] {dag.py:2585} INFO - Sync 1 DAGs
[2024-08-05T09:30:19.018+0000] {logging_mixin.py:120} INFO - [2024-08-05T09:30:19.018+0000] {dag.py:3340} INFO - Setting next_dagrun for example_branch_labels to 2024-08-04T00:00:00+00:00, run_after=2024-08-05T00:00:00+00:00
[2024-08-05T09:30:19.040+0000] {processor.py:176} INFO - Processing /home/airflow/.local/lib/python3.7/site-packages/airflow/example_dags/example_branch_labels.py took 0.108 seconds
[2024-08-05T09:30:49.255+0000] {processor.py:154} INFO - Started process (PID=16617) to work on /home/airflow/.local/lib/python3.7/site-packages/airflow/example_dags/example_branch_labels.py
[2024-08-05T09:30:49.256+0000] {processor.py:756} INFO - Processing file /home/airflow/.local/lib/python3.7/site-packages/airflow/example_dags/example_branch_labels.py for tasks to queue
[2024-08-05T09:30:49.257+0000] {logging_mixin.py:120} INFO - [2024-08-05T09:30:49.257+0000] {dagbag.py:537} INFO - Filling up the DagBag from /home/airflow/.local/lib/python3.7/site-packages/airflow/example_dags/example_branch_labels.py
[2024-08-05T09:30:49.273+0000] {processor.py:766} INFO - DAG(s) dict_keys(['example_branch_labels']) retrieved from /home/airflow/.local/lib/python3.7/site-packages/airflow/example_dags/example_branch_labels.py
[2024-08-05T09:30:49.323+0000] {logging_mixin.py:120} INFO - [2024-08-05T09:30:49.322+0000] {dag.py:2585} INFO - Sync 1 DAGs
[2024-08-05T09:30:49.351+0000] {logging_mixin.py:120} INFO - [2024-08-05T09:30:49.351+0000] {dag.py:3340} INFO - Setting next_dagrun for example_branch_labels to 2024-08-04T00:00:00+00:00, run_after=2024-08-05T00:00:00+00:00
[2024-08-05T09:30:49.372+0000] {processor.py:176} INFO - Processing /home/airflow/.local/lib/python3.7/site-packages/airflow/example_dags/example_branch_labels.py took 0.121 seconds
[2024-08-05T09:31:19.985+0000] {processor.py:154} INFO - Started process (PID=16675) to work on /home/airflow/.local/lib/python3.7/site-packages/airflow/example_dags/example_branch_labels.py
[2024-08-05T09:31:19.986+0000] {processor.py:756} INFO - Processing file /home/airflow/.local/lib/python3.7/site-packages/airflow/example_dags/example_branch_labels.py for tasks to queue
[2024-08-05T09:31:19.987+0000] {logging_mixin.py:120} INFO - [2024-08-05T09:31:19.987+0000] {dagbag.py:537} INFO - Filling up the DagBag from /home/airflow/.local/lib/python3.7/site-packages/airflow/example_dags/example_branch_labels.py
[2024-08-05T09:31:20.002+0000] {processor.py:766} INFO - DAG(s) dict_keys(['example_branch_labels']) retrieved from /home/airflow/.local/lib/python3.7/site-packages/airflow/example_dags/example_branch_labels.py
[2024-08-05T09:31:20.059+0000] {logging_mixin.py:120} INFO - [2024-08-05T09:31:20.058+0000] {dag.py:2585} INFO - Sync 1 DAGs
[2024-08-05T09:31:20.107+0000] {logging_mixin.py:120} INFO - [2024-08-05T09:31:20.107+0000] {dag.py:3340} INFO - Setting next_dagrun for example_branch_labels to 2024-08-04T00:00:00+00:00, run_after=2024-08-05T00:00:00+00:00
[2024-08-05T09:31:20.235+0000] {processor.py:176} INFO - Processing /home/airflow/.local/lib/python3.7/site-packages/airflow/example_dags/example_branch_labels.py took 0.254 seconds
[2024-08-05T09:31:50.355+0000] {processor.py:154} INFO - Started process (PID=16743) to work on /home/airflow/.local/lib/python3.7/site-packages/airflow/example_dags/example_branch_labels.py
[2024-08-05T09:31:50.356+0000] {processor.py:756} INFO - Processing file /home/airflow/.local/lib/python3.7/site-packages/airflow/example_dags/example_branch_labels.py for tasks to queue
[2024-08-05T09:31:50.357+0000] {logging_mixin.py:120} INFO - [2024-08-05T09:31:50.357+0000] {dagbag.py:537} INFO - Filling up the DagBag from /home/airflow/.local/lib/python3.7/site-packages/airflow/example_dags/example_branch_labels.py
[2024-08-05T09:31:50.374+0000] {processor.py:766} INFO - DAG(s) dict_keys(['example_branch_labels']) retrieved from /home/airflow/.local/lib/python3.7/site-packages/airflow/example_dags/example_branch_labels.py
[2024-08-05T09:31:50.435+0000] {logging_mixin.py:120} INFO - [2024-08-05T09:31:50.435+0000] {dag.py:2585} INFO - Sync 1 DAGs
[2024-08-05T09:31:50.471+0000] {logging_mixin.py:120} INFO - [2024-08-05T09:31:50.471+0000] {dag.py:3340} INFO - Setting next_dagrun for example_branch_labels to 2024-08-04T00:00:00+00:00, run_after=2024-08-05T00:00:00+00:00
[2024-08-05T09:31:50.502+0000] {processor.py:176} INFO - Processing /home/airflow/.local/lib/python3.7/site-packages/airflow/example_dags/example_branch_labels.py took 0.151 seconds
[2024-08-05T09:32:21.299+0000] {processor.py:154} INFO - Started process (PID=16810) to work on /home/airflow/.local/lib/python3.7/site-packages/airflow/example_dags/example_branch_labels.py
[2024-08-05T09:32:21.300+0000] {processor.py:756} INFO - Processing file /home/airflow/.local/lib/python3.7/site-packages/airflow/example_dags/example_branch_labels.py for tasks to queue
[2024-08-05T09:32:21.302+0000] {logging_mixin.py:120} INFO - [2024-08-05T09:32:21.301+0000] {dagbag.py:537} INFO - Filling up the DagBag from /home/airflow/.local/lib/python3.7/site-packages/airflow/example_dags/example_branch_labels.py
[2024-08-05T09:32:21.322+0000] {processor.py:766} INFO - DAG(s) dict_keys(['example_branch_labels']) retrieved from /home/airflow/.local/lib/python3.7/site-packages/airflow/example_dags/example_branch_labels.py
[2024-08-05T09:32:21.367+0000] {logging_mixin.py:120} INFO - [2024-08-05T09:32:21.366+0000] {dag.py:2585} INFO - Sync 1 DAGs
[2024-08-05T09:32:21.467+0000] {logging_mixin.py:120} INFO - [2024-08-05T09:32:21.467+0000] {dag.py:3340} INFO - Setting next_dagrun for example_branch_labels to 2024-08-04T00:00:00+00:00, run_after=2024-08-05T00:00:00+00:00
[2024-08-05T09:32:21.591+0000] {processor.py:176} INFO - Processing /home/airflow/.local/lib/python3.7/site-packages/airflow/example_dags/example_branch_labels.py took 0.296 seconds
[2024-08-05T09:32:51.812+0000] {processor.py:154} INFO - Started process (PID=16868) to work on /home/airflow/.local/lib/python3.7/site-packages/airflow/example_dags/example_branch_labels.py
[2024-08-05T09:32:51.813+0000] {processor.py:756} INFO - Processing file /home/airflow/.local/lib/python3.7/site-packages/airflow/example_dags/example_branch_labels.py for tasks to queue
[2024-08-05T09:32:51.814+0000] {logging_mixin.py:120} INFO - [2024-08-05T09:32:51.814+0000] {dagbag.py:537} INFO - Filling up the DagBag from /home/airflow/.local/lib/python3.7/site-packages/airflow/example_dags/example_branch_labels.py
[2024-08-05T09:32:51.832+0000] {processor.py:766} INFO - DAG(s) dict_keys(['example_branch_labels']) retrieved from /home/airflow/.local/lib/python3.7/site-packages/airflow/example_dags/example_branch_labels.py
[2024-08-05T09:32:51.877+0000] {logging_mixin.py:120} INFO - [2024-08-05T09:32:51.877+0000] {dag.py:2585} INFO - Sync 1 DAGs
[2024-08-05T09:32:51.906+0000] {logging_mixin.py:120} INFO - [2024-08-05T09:32:51.906+0000] {dag.py:3340} INFO - Setting next_dagrun for example_branch_labels to 2024-08-04T00:00:00+00:00, run_after=2024-08-05T00:00:00+00:00
[2024-08-05T09:32:51.928+0000] {processor.py:176} INFO - Processing /home/airflow/.local/lib/python3.7/site-packages/airflow/example_dags/example_branch_labels.py took 0.120 seconds
[2024-08-05T09:33:23.526+0000] {processor.py:154} INFO - Started process (PID=16935) to work on /home/airflow/.local/lib/python3.7/site-packages/airflow/example_dags/example_branch_labels.py
[2024-08-05T09:33:23.620+0000] {processor.py:756} INFO - Processing file /home/airflow/.local/lib/python3.7/site-packages/airflow/example_dags/example_branch_labels.py for tasks to queue
[2024-08-05T09:33:23.657+0000] {logging_mixin.py:120} INFO - [2024-08-05T09:33:23.657+0000] {dagbag.py:537} INFO - Filling up the DagBag from /home/airflow/.local/lib/python3.7/site-packages/airflow/example_dags/example_branch_labels.py
[2024-08-05T09:33:23.700+0000] {processor.py:766} INFO - DAG(s) dict_keys(['example_branch_labels']) retrieved from /home/airflow/.local/lib/python3.7/site-packages/airflow/example_dags/example_branch_labels.py
[2024-08-05T09:33:23.740+0000] {logging_mixin.py:120} INFO - [2024-08-05T09:33:23.740+0000] {dag.py:2585} INFO - Sync 1 DAGs
[2024-08-05T09:33:23.861+0000] {logging_mixin.py:120} INFO - [2024-08-05T09:33:23.861+0000] {dag.py:3340} INFO - Setting next_dagrun for example_branch_labels to 2024-08-04T00:00:00+00:00, run_after=2024-08-05T00:00:00+00:00
[2024-08-05T09:33:23.896+0000] {processor.py:176} INFO - Processing /home/airflow/.local/lib/python3.7/site-packages/airflow/example_dags/example_branch_labels.py took 0.375 seconds
[2024-08-05T09:33:54.574+0000] {processor.py:154} INFO - Started process (PID=17002) to work on /home/airflow/.local/lib/python3.7/site-packages/airflow/example_dags/example_branch_labels.py
[2024-08-05T09:33:54.575+0000] {processor.py:756} INFO - Processing file /home/airflow/.local/lib/python3.7/site-packages/airflow/example_dags/example_branch_labels.py for tasks to queue
[2024-08-05T09:33:54.576+0000] {logging_mixin.py:120} INFO - [2024-08-05T09:33:54.576+0000] {dagbag.py:537} INFO - Filling up the DagBag from /home/airflow/.local/lib/python3.7/site-packages/airflow/example_dags/example_branch_labels.py
[2024-08-05T09:33:54.593+0000] {processor.py:766} INFO - DAG(s) dict_keys(['example_branch_labels']) retrieved from /home/airflow/.local/lib/python3.7/site-packages/airflow/example_dags/example_branch_labels.py
[2024-08-05T09:33:54.642+0000] {logging_mixin.py:120} INFO - [2024-08-05T09:33:54.642+0000] {dag.py:2585} INFO - Sync 1 DAGs
[2024-08-05T09:33:54.675+0000] {logging_mixin.py:120} INFO - [2024-08-05T09:33:54.675+0000] {dag.py:3340} INFO - Setting next_dagrun for example_branch_labels to 2024-08-04T00:00:00+00:00, run_after=2024-08-05T00:00:00+00:00
[2024-08-05T09:33:54.700+0000] {processor.py:176} INFO - Processing /home/airflow/.local/lib/python3.7/site-packages/airflow/example_dags/example_branch_labels.py took 0.130 seconds
[2024-08-05T09:34:25.440+0000] {processor.py:154} INFO - Started process (PID=17060) to work on /home/airflow/.local/lib/python3.7/site-packages/airflow/example_dags/example_branch_labels.py
[2024-08-05T09:34:25.441+0000] {processor.py:756} INFO - Processing file /home/airflow/.local/lib/python3.7/site-packages/airflow/example_dags/example_branch_labels.py for tasks to queue
[2024-08-05T09:34:25.442+0000] {logging_mixin.py:120} INFO - [2024-08-05T09:34:25.442+0000] {dagbag.py:537} INFO - Filling up the DagBag from /home/airflow/.local/lib/python3.7/site-packages/airflow/example_dags/example_branch_labels.py
[2024-08-05T09:34:25.462+0000] {processor.py:766} INFO - DAG(s) dict_keys(['example_branch_labels']) retrieved from /home/airflow/.local/lib/python3.7/site-packages/airflow/example_dags/example_branch_labels.py
[2024-08-05T09:34:25.533+0000] {logging_mixin.py:120} INFO - [2024-08-05T09:34:25.533+0000] {dag.py:2585} INFO - Sync 1 DAGs
[2024-08-05T09:34:25.718+0000] {logging_mixin.py:120} INFO - [2024-08-05T09:34:25.718+0000] {dag.py:3340} INFO - Setting next_dagrun for example_branch_labels to 2024-08-04T00:00:00+00:00, run_after=2024-08-05T00:00:00+00:00
[2024-08-05T09:34:25.780+0000] {processor.py:176} INFO - Processing /home/airflow/.local/lib/python3.7/site-packages/airflow/example_dags/example_branch_labels.py took 0.344 seconds
[2024-08-05T09:34:56.400+0000] {processor.py:154} INFO - Started process (PID=17127) to work on /home/airflow/.local/lib/python3.7/site-packages/airflow/example_dags/example_branch_labels.py
[2024-08-05T09:34:56.402+0000] {processor.py:756} INFO - Processing file /home/airflow/.local/lib/python3.7/site-packages/airflow/example_dags/example_branch_labels.py for tasks to queue
[2024-08-05T09:34:56.403+0000] {logging_mixin.py:120} INFO - [2024-08-05T09:34:56.403+0000] {dagbag.py:537} INFO - Filling up the DagBag from /home/airflow/.local/lib/python3.7/site-packages/airflow/example_dags/example_branch_labels.py
[2024-08-05T09:34:56.423+0000] {processor.py:766} INFO - DAG(s) dict_keys(['example_branch_labels']) retrieved from /home/airflow/.local/lib/python3.7/site-packages/airflow/example_dags/example_branch_labels.py
[2024-08-05T09:34:56.469+0000] {logging_mixin.py:120} INFO - [2024-08-05T09:34:56.469+0000] {dag.py:2585} INFO - Sync 1 DAGs
[2024-08-05T09:34:56.528+0000] {logging_mixin.py:120} INFO - [2024-08-05T09:34:56.528+0000] {dag.py:3340} INFO - Setting next_dagrun for example_branch_labels to 2024-08-04T00:00:00+00:00, run_after=2024-08-05T00:00:00+00:00
[2024-08-05T09:34:56.566+0000] {processor.py:176} INFO - Processing /home/airflow/.local/lib/python3.7/site-packages/airflow/example_dags/example_branch_labels.py took 0.171 seconds
[2024-08-05T09:35:27.000+0000] {processor.py:154} INFO - Started process (PID=17194) to work on /home/airflow/.local/lib/python3.7/site-packages/airflow/example_dags/example_branch_labels.py
[2024-08-05T09:35:27.002+0000] {processor.py:756} INFO - Processing file /home/airflow/.local/lib/python3.7/site-packages/airflow/example_dags/example_branch_labels.py for tasks to queue
[2024-08-05T09:35:27.003+0000] {logging_mixin.py:120} INFO - [2024-08-05T09:35:27.002+0000] {dagbag.py:537} INFO - Filling up the DagBag from /home/airflow/.local/lib/python3.7/site-packages/airflow/example_dags/example_branch_labels.py
[2024-08-05T09:35:27.029+0000] {processor.py:766} INFO - DAG(s) dict_keys(['example_branch_labels']) retrieved from /home/airflow/.local/lib/python3.7/site-packages/airflow/example_dags/example_branch_labels.py
[2024-08-05T09:35:27.083+0000] {logging_mixin.py:120} INFO - [2024-08-05T09:35:27.083+0000] {dag.py:2585} INFO - Sync 1 DAGs
[2024-08-05T09:35:27.128+0000] {logging_mixin.py:120} INFO - [2024-08-05T09:35:27.128+0000] {dag.py:3340} INFO - Setting next_dagrun for example_branch_labels to 2024-08-04T00:00:00+00:00, run_after=2024-08-05T00:00:00+00:00
[2024-08-05T09:35:27.152+0000] {processor.py:176} INFO - Processing /home/airflow/.local/lib/python3.7/site-packages/airflow/example_dags/example_branch_labels.py took 0.156 seconds
[2024-08-05T09:35:58.107+0000] {processor.py:154} INFO - Started process (PID=17252) to work on /home/airflow/.local/lib/python3.7/site-packages/airflow/example_dags/example_branch_labels.py
[2024-08-05T09:35:58.111+0000] {processor.py:756} INFO - Processing file /home/airflow/.local/lib/python3.7/site-packages/airflow/example_dags/example_branch_labels.py for tasks to queue
[2024-08-05T09:35:58.117+0000] {logging_mixin.py:120} INFO - [2024-08-05T09:35:58.117+0000] {dagbag.py:537} INFO - Filling up the DagBag from /home/airflow/.local/lib/python3.7/site-packages/airflow/example_dags/example_branch_labels.py
[2024-08-05T09:35:58.224+0000] {processor.py:766} INFO - DAG(s) dict_keys(['example_branch_labels']) retrieved from /home/airflow/.local/lib/python3.7/site-packages/airflow/example_dags/example_branch_labels.py
[2024-08-05T09:35:58.354+0000] {logging_mixin.py:120} INFO - [2024-08-05T09:35:58.354+0000] {dag.py:2585} INFO - Sync 1 DAGs
[2024-08-05T09:35:58.486+0000] {logging_mixin.py:120} INFO - [2024-08-05T09:35:58.486+0000] {dag.py:3340} INFO - Setting next_dagrun for example_branch_labels to 2024-08-04T00:00:00+00:00, run_after=2024-08-05T00:00:00+00:00
[2024-08-05T09:35:58.560+0000] {processor.py:176} INFO - Processing /home/airflow/.local/lib/python3.7/site-packages/airflow/example_dags/example_branch_labels.py took 0.457 seconds
[2024-08-05T09:36:29.151+0000] {processor.py:154} INFO - Started process (PID=17319) to work on /home/airflow/.local/lib/python3.7/site-packages/airflow/example_dags/example_branch_labels.py
[2024-08-05T09:36:29.153+0000] {processor.py:756} INFO - Processing file /home/airflow/.local/lib/python3.7/site-packages/airflow/example_dags/example_branch_labels.py for tasks to queue
[2024-08-05T09:36:29.158+0000] {logging_mixin.py:120} INFO - [2024-08-05T09:36:29.158+0000] {dagbag.py:537} INFO - Filling up the DagBag from /home/airflow/.local/lib/python3.7/site-packages/airflow/example_dags/example_branch_labels.py
[2024-08-05T09:36:29.199+0000] {processor.py:766} INFO - DAG(s) dict_keys(['example_branch_labels']) retrieved from /home/airflow/.local/lib/python3.7/site-packages/airflow/example_dags/example_branch_labels.py
[2024-08-05T09:36:29.351+0000] {logging_mixin.py:120} INFO - [2024-08-05T09:36:29.351+0000] {dag.py:2585} INFO - Sync 1 DAGs
[2024-08-05T09:36:29.455+0000] {logging_mixin.py:120} INFO - [2024-08-05T09:36:29.455+0000] {dag.py:3340} INFO - Setting next_dagrun for example_branch_labels to 2024-08-04T00:00:00+00:00, run_after=2024-08-05T00:00:00+00:00
[2024-08-05T09:36:29.544+0000] {processor.py:176} INFO - Processing /home/airflow/.local/lib/python3.7/site-packages/airflow/example_dags/example_branch_labels.py took 0.397 seconds
[2024-08-05T09:36:59.947+0000] {processor.py:154} INFO - Started process (PID=17386) to work on /home/airflow/.local/lib/python3.7/site-packages/airflow/example_dags/example_branch_labels.py
[2024-08-05T09:36:59.948+0000] {processor.py:756} INFO - Processing file /home/airflow/.local/lib/python3.7/site-packages/airflow/example_dags/example_branch_labels.py for tasks to queue
[2024-08-05T09:36:59.949+0000] {logging_mixin.py:120} INFO - [2024-08-05T09:36:59.949+0000] {dagbag.py:537} INFO - Filling up the DagBag from /home/airflow/.local/lib/python3.7/site-packages/airflow/example_dags/example_branch_labels.py
[2024-08-05T09:36:59.964+0000] {processor.py:766} INFO - DAG(s) dict_keys(['example_branch_labels']) retrieved from /home/airflow/.local/lib/python3.7/site-packages/airflow/example_dags/example_branch_labels.py
[2024-08-05T09:37:00.012+0000] {logging_mixin.py:120} INFO - [2024-08-05T09:37:00.011+0000] {dag.py:2585} INFO - Sync 1 DAGs
[2024-08-05T09:37:00.061+0000] {logging_mixin.py:120} INFO - [2024-08-05T09:37:00.060+0000] {dag.py:3340} INFO - Setting next_dagrun for example_branch_labels to 2024-08-04T00:00:00+00:00, run_after=2024-08-05T00:00:00+00:00
[2024-08-05T09:37:00.083+0000] {processor.py:176} INFO - Processing /home/airflow/.local/lib/python3.7/site-packages/airflow/example_dags/example_branch_labels.py took 0.140 seconds
[2024-08-05T09:37:30.230+0000] {processor.py:154} INFO - Started process (PID=17443) to work on /home/airflow/.local/lib/python3.7/site-packages/airflow/example_dags/example_branch_labels.py
[2024-08-05T09:37:30.232+0000] {processor.py:756} INFO - Processing file /home/airflow/.local/lib/python3.7/site-packages/airflow/example_dags/example_branch_labels.py for tasks to queue
[2024-08-05T09:37:30.233+0000] {logging_mixin.py:120} INFO - [2024-08-05T09:37:30.233+0000] {dagbag.py:537} INFO - Filling up the DagBag from /home/airflow/.local/lib/python3.7/site-packages/airflow/example_dags/example_branch_labels.py
[2024-08-05T09:37:30.247+0000] {processor.py:766} INFO - DAG(s) dict_keys(['example_branch_labels']) retrieved from /home/airflow/.local/lib/python3.7/site-packages/airflow/example_dags/example_branch_labels.py
[2024-08-05T09:37:30.288+0000] {logging_mixin.py:120} INFO - [2024-08-05T09:37:30.287+0000] {dag.py:2585} INFO - Sync 1 DAGs
[2024-08-05T09:37:30.312+0000] {logging_mixin.py:120} INFO - [2024-08-05T09:37:30.312+0000] {dag.py:3340} INFO - Setting next_dagrun for example_branch_labels to 2024-08-04T00:00:00+00:00, run_after=2024-08-05T00:00:00+00:00
[2024-08-05T09:37:30.342+0000] {processor.py:176} INFO - Processing /home/airflow/.local/lib/python3.7/site-packages/airflow/example_dags/example_branch_labels.py took 0.115 seconds
[2024-08-05T09:38:00.860+0000] {processor.py:154} INFO - Started process (PID=17511) to work on /home/airflow/.local/lib/python3.7/site-packages/airflow/example_dags/example_branch_labels.py
[2024-08-05T09:38:00.871+0000] {processor.py:756} INFO - Processing file /home/airflow/.local/lib/python3.7/site-packages/airflow/example_dags/example_branch_labels.py for tasks to queue
[2024-08-05T09:38:00.957+0000] {logging_mixin.py:120} INFO - [2024-08-05T09:38:00.956+0000] {dagbag.py:537} INFO - Filling up the DagBag from /home/airflow/.local/lib/python3.7/site-packages/airflow/example_dags/example_branch_labels.py
[2024-08-05T09:38:01.012+0000] {processor.py:766} INFO - DAG(s) dict_keys(['example_branch_labels']) retrieved from /home/airflow/.local/lib/python3.7/site-packages/airflow/example_dags/example_branch_labels.py
[2024-08-05T09:38:01.094+0000] {logging_mixin.py:120} INFO - [2024-08-05T09:38:01.094+0000] {dag.py:2585} INFO - Sync 1 DAGs
[2024-08-05T09:38:01.138+0000] {logging_mixin.py:120} INFO - [2024-08-05T09:38:01.138+0000] {dag.py:3340} INFO - Setting next_dagrun for example_branch_labels to 2024-08-04T00:00:00+00:00, run_after=2024-08-05T00:00:00+00:00
[2024-08-05T09:38:01.263+0000] {processor.py:176} INFO - Processing /home/airflow/.local/lib/python3.7/site-packages/airflow/example_dags/example_branch_labels.py took 0.411 seconds
[2024-08-05T09:38:32.241+0000] {processor.py:154} INFO - Started process (PID=17578) to work on /home/airflow/.local/lib/python3.7/site-packages/airflow/example_dags/example_branch_labels.py
[2024-08-05T09:38:32.242+0000] {processor.py:756} INFO - Processing file /home/airflow/.local/lib/python3.7/site-packages/airflow/example_dags/example_branch_labels.py for tasks to queue
[2024-08-05T09:38:32.244+0000] {logging_mixin.py:120} INFO - [2024-08-05T09:38:32.244+0000] {dagbag.py:537} INFO - Filling up the DagBag from /home/airflow/.local/lib/python3.7/site-packages/airflow/example_dags/example_branch_labels.py
[2024-08-05T09:38:32.263+0000] {processor.py:766} INFO - DAG(s) dict_keys(['example_branch_labels']) retrieved from /home/airflow/.local/lib/python3.7/site-packages/airflow/example_dags/example_branch_labels.py
[2024-08-05T09:38:32.311+0000] {logging_mixin.py:120} INFO - [2024-08-05T09:38:32.311+0000] {dag.py:2585} INFO - Sync 1 DAGs
[2024-08-05T09:38:32.347+0000] {logging_mixin.py:120} INFO - [2024-08-05T09:38:32.346+0000] {dag.py:3340} INFO - Setting next_dagrun for example_branch_labels to 2024-08-04T00:00:00+00:00, run_after=2024-08-05T00:00:00+00:00
[2024-08-05T09:38:32.374+0000] {processor.py:176} INFO - Processing /home/airflow/.local/lib/python3.7/site-packages/airflow/example_dags/example_branch_labels.py took 0.137 seconds
[2024-08-05T09:39:02.719+0000] {processor.py:154} INFO - Started process (PID=17636) to work on /home/airflow/.local/lib/python3.7/site-packages/airflow/example_dags/example_branch_labels.py
[2024-08-05T09:39:02.720+0000] {processor.py:756} INFO - Processing file /home/airflow/.local/lib/python3.7/site-packages/airflow/example_dags/example_branch_labels.py for tasks to queue
[2024-08-05T09:39:02.721+0000] {logging_mixin.py:120} INFO - [2024-08-05T09:39:02.721+0000] {dagbag.py:537} INFO - Filling up the DagBag from /home/airflow/.local/lib/python3.7/site-packages/airflow/example_dags/example_branch_labels.py
[2024-08-05T09:39:02.743+0000] {processor.py:766} INFO - DAG(s) dict_keys(['example_branch_labels']) retrieved from /home/airflow/.local/lib/python3.7/site-packages/airflow/example_dags/example_branch_labels.py
[2024-08-05T09:39:02.784+0000] {logging_mixin.py:120} INFO - [2024-08-05T09:39:02.784+0000] {dag.py:2585} INFO - Sync 1 DAGs
[2024-08-05T09:39:02.815+0000] {logging_mixin.py:120} INFO - [2024-08-05T09:39:02.815+0000] {dag.py:3340} INFO - Setting next_dagrun for example_branch_labels to 2024-08-04T00:00:00+00:00, run_after=2024-08-05T00:00:00+00:00
[2024-08-05T09:39:02.837+0000] {processor.py:176} INFO - Processing /home/airflow/.local/lib/python3.7/site-packages/airflow/example_dags/example_branch_labels.py took 0.122 seconds
[2024-08-05T09:39:32.963+0000] {processor.py:154} INFO - Started process (PID=17703) to work on /home/airflow/.local/lib/python3.7/site-packages/airflow/example_dags/example_branch_labels.py
[2024-08-05T09:39:32.965+0000] {processor.py:756} INFO - Processing file /home/airflow/.local/lib/python3.7/site-packages/airflow/example_dags/example_branch_labels.py for tasks to queue
[2024-08-05T09:39:32.967+0000] {logging_mixin.py:120} INFO - [2024-08-05T09:39:32.967+0000] {dagbag.py:537} INFO - Filling up the DagBag from /home/airflow/.local/lib/python3.7/site-packages/airflow/example_dags/example_branch_labels.py
[2024-08-05T09:39:32.993+0000] {processor.py:766} INFO - DAG(s) dict_keys(['example_branch_labels']) retrieved from /home/airflow/.local/lib/python3.7/site-packages/airflow/example_dags/example_branch_labels.py
[2024-08-05T09:39:33.089+0000] {logging_mixin.py:120} INFO - [2024-08-05T09:39:33.088+0000] {dag.py:2585} INFO - Sync 1 DAGs
[2024-08-05T09:39:33.253+0000] {logging_mixin.py:120} INFO - [2024-08-05T09:39:33.253+0000] {dag.py:3340} INFO - Setting next_dagrun for example_branch_labels to 2024-08-04T00:00:00+00:00, run_after=2024-08-05T00:00:00+00:00
[2024-08-05T09:39:33.286+0000] {processor.py:176} INFO - Processing /home/airflow/.local/lib/python3.7/site-packages/airflow/example_dags/example_branch_labels.py took 0.329 seconds
[2024-08-05T09:40:03.597+0000] {processor.py:154} INFO - Started process (PID=17761) to work on /home/airflow/.local/lib/python3.7/site-packages/airflow/example_dags/example_branch_labels.py
[2024-08-05T09:40:03.598+0000] {processor.py:756} INFO - Processing file /home/airflow/.local/lib/python3.7/site-packages/airflow/example_dags/example_branch_labels.py for tasks to queue
[2024-08-05T09:40:03.599+0000] {logging_mixin.py:120} INFO - [2024-08-05T09:40:03.598+0000] {dagbag.py:537} INFO - Filling up the DagBag from /home/airflow/.local/lib/python3.7/site-packages/airflow/example_dags/example_branch_labels.py
[2024-08-05T09:40:03.623+0000] {processor.py:766} INFO - DAG(s) dict_keys(['example_branch_labels']) retrieved from /home/airflow/.local/lib/python3.7/site-packages/airflow/example_dags/example_branch_labels.py
[2024-08-05T09:40:03.686+0000] {logging_mixin.py:120} INFO - [2024-08-05T09:40:03.686+0000] {dag.py:2585} INFO - Sync 1 DAGs
[2024-08-05T09:40:03.722+0000] {logging_mixin.py:120} INFO - [2024-08-05T09:40:03.722+0000] {dag.py:3340} INFO - Setting next_dagrun for example_branch_labels to 2024-08-04T00:00:00+00:00, run_after=2024-08-05T00:00:00+00:00
[2024-08-05T09:40:03.752+0000] {processor.py:176} INFO - Processing /home/airflow/.local/lib/python3.7/site-packages/airflow/example_dags/example_branch_labels.py took 0.163 seconds
[2024-08-05T09:40:33.886+0000] {processor.py:154} INFO - Started process (PID=17828) to work on /home/airflow/.local/lib/python3.7/site-packages/airflow/example_dags/example_branch_labels.py
[2024-08-05T09:40:33.887+0000] {processor.py:756} INFO - Processing file /home/airflow/.local/lib/python3.7/site-packages/airflow/example_dags/example_branch_labels.py for tasks to queue
[2024-08-05T09:40:33.888+0000] {logging_mixin.py:120} INFO - [2024-08-05T09:40:33.888+0000] {dagbag.py:537} INFO - Filling up the DagBag from /home/airflow/.local/lib/python3.7/site-packages/airflow/example_dags/example_branch_labels.py
[2024-08-05T09:40:33.902+0000] {processor.py:766} INFO - DAG(s) dict_keys(['example_branch_labels']) retrieved from /home/airflow/.local/lib/python3.7/site-packages/airflow/example_dags/example_branch_labels.py
[2024-08-05T09:40:33.957+0000] {logging_mixin.py:120} INFO - [2024-08-05T09:40:33.956+0000] {dag.py:2585} INFO - Sync 1 DAGs
[2024-08-05T09:40:33.988+0000] {logging_mixin.py:120} INFO - [2024-08-05T09:40:33.988+0000] {dag.py:3340} INFO - Setting next_dagrun for example_branch_labels to 2024-08-04T00:00:00+00:00, run_after=2024-08-05T00:00:00+00:00
[2024-08-05T09:40:34.012+0000] {processor.py:176} INFO - Processing /home/airflow/.local/lib/python3.7/site-packages/airflow/example_dags/example_branch_labels.py took 0.130 seconds
[2024-08-05T09:41:04.189+0000] {processor.py:154} INFO - Started process (PID=17895) to work on /home/airflow/.local/lib/python3.7/site-packages/airflow/example_dags/example_branch_labels.py
[2024-08-05T09:41:04.192+0000] {processor.py:756} INFO - Processing file /home/airflow/.local/lib/python3.7/site-packages/airflow/example_dags/example_branch_labels.py for tasks to queue
[2024-08-05T09:41:04.194+0000] {logging_mixin.py:120} INFO - [2024-08-05T09:41:04.194+0000] {dagbag.py:537} INFO - Filling up the DagBag from /home/airflow/.local/lib/python3.7/site-packages/airflow/example_dags/example_branch_labels.py
[2024-08-05T09:41:04.221+0000] {processor.py:766} INFO - DAG(s) dict_keys(['example_branch_labels']) retrieved from /home/airflow/.local/lib/python3.7/site-packages/airflow/example_dags/example_branch_labels.py
[2024-08-05T09:41:04.303+0000] {logging_mixin.py:120} INFO - [2024-08-05T09:41:04.302+0000] {dag.py:2585} INFO - Sync 1 DAGs
[2024-08-05T09:41:04.349+0000] {logging_mixin.py:120} INFO - [2024-08-05T09:41:04.349+0000] {dag.py:3340} INFO - Setting next_dagrun for example_branch_labels to 2024-08-04T00:00:00+00:00, run_after=2024-08-05T00:00:00+00:00
[2024-08-05T09:41:04.393+0000] {processor.py:176} INFO - Processing /home/airflow/.local/lib/python3.7/site-packages/airflow/example_dags/example_branch_labels.py took 0.210 seconds
[2024-08-05T09:41:35.077+0000] {processor.py:154} INFO - Started process (PID=17954) to work on /home/airflow/.local/lib/python3.7/site-packages/airflow/example_dags/example_branch_labels.py
[2024-08-05T09:41:35.078+0000] {processor.py:756} INFO - Processing file /home/airflow/.local/lib/python3.7/site-packages/airflow/example_dags/example_branch_labels.py for tasks to queue
[2024-08-05T09:41:35.079+0000] {logging_mixin.py:120} INFO - [2024-08-05T09:41:35.079+0000] {dagbag.py:537} INFO - Filling up the DagBag from /home/airflow/.local/lib/python3.7/site-packages/airflow/example_dags/example_branch_labels.py
[2024-08-05T09:41:35.105+0000] {processor.py:766} INFO - DAG(s) dict_keys(['example_branch_labels']) retrieved from /home/airflow/.local/lib/python3.7/site-packages/airflow/example_dags/example_branch_labels.py
[2024-08-05T09:41:35.266+0000] {logging_mixin.py:120} INFO - [2024-08-05T09:41:35.266+0000] {dag.py:2585} INFO - Sync 1 DAGs
[2024-08-05T09:41:35.385+0000] {logging_mixin.py:120} INFO - [2024-08-05T09:41:35.384+0000] {dag.py:3340} INFO - Setting next_dagrun for example_branch_labels to 2024-08-04T00:00:00+00:00, run_after=2024-08-05T00:00:00+00:00
[2024-08-05T09:41:35.464+0000] {processor.py:176} INFO - Processing /home/airflow/.local/lib/python3.7/site-packages/airflow/example_dags/example_branch_labels.py took 0.392 seconds
[2024-08-05T09:42:05.657+0000] {processor.py:154} INFO - Started process (PID=18021) to work on /home/airflow/.local/lib/python3.7/site-packages/airflow/example_dags/example_branch_labels.py
[2024-08-05T09:42:05.658+0000] {processor.py:756} INFO - Processing file /home/airflow/.local/lib/python3.7/site-packages/airflow/example_dags/example_branch_labels.py for tasks to queue
[2024-08-05T09:42:05.659+0000] {logging_mixin.py:120} INFO - [2024-08-05T09:42:05.659+0000] {dagbag.py:537} INFO - Filling up the DagBag from /home/airflow/.local/lib/python3.7/site-packages/airflow/example_dags/example_branch_labels.py
[2024-08-05T09:42:05.676+0000] {processor.py:766} INFO - DAG(s) dict_keys(['example_branch_labels']) retrieved from /home/airflow/.local/lib/python3.7/site-packages/airflow/example_dags/example_branch_labels.py
[2024-08-05T09:42:05.722+0000] {logging_mixin.py:120} INFO - [2024-08-05T09:42:05.722+0000] {dag.py:2585} INFO - Sync 1 DAGs
[2024-08-05T09:42:05.751+0000] {logging_mixin.py:120} INFO - [2024-08-05T09:42:05.751+0000] {dag.py:3340} INFO - Setting next_dagrun for example_branch_labels to 2024-08-04T00:00:00+00:00, run_after=2024-08-05T00:00:00+00:00
[2024-08-05T09:42:05.773+0000] {processor.py:176} INFO - Processing /home/airflow/.local/lib/python3.7/site-packages/airflow/example_dags/example_branch_labels.py took 0.120 seconds
[2024-08-05T09:42:36.176+0000] {processor.py:154} INFO - Started process (PID=18079) to work on /home/airflow/.local/lib/python3.7/site-packages/airflow/example_dags/example_branch_labels.py
[2024-08-05T09:42:36.177+0000] {processor.py:756} INFO - Processing file /home/airflow/.local/lib/python3.7/site-packages/airflow/example_dags/example_branch_labels.py for tasks to queue
[2024-08-05T09:42:36.178+0000] {logging_mixin.py:120} INFO - [2024-08-05T09:42:36.178+0000] {dagbag.py:537} INFO - Filling up the DagBag from /home/airflow/.local/lib/python3.7/site-packages/airflow/example_dags/example_branch_labels.py
[2024-08-05T09:42:36.193+0000] {processor.py:766} INFO - DAG(s) dict_keys(['example_branch_labels']) retrieved from /home/airflow/.local/lib/python3.7/site-packages/airflow/example_dags/example_branch_labels.py
[2024-08-05T09:42:36.245+0000] {logging_mixin.py:120} INFO - [2024-08-05T09:42:36.245+0000] {dag.py:2585} INFO - Sync 1 DAGs
[2024-08-05T09:42:36.273+0000] {logging_mixin.py:120} INFO - [2024-08-05T09:42:36.273+0000] {dag.py:3340} INFO - Setting next_dagrun for example_branch_labels to 2024-08-04T00:00:00+00:00, run_after=2024-08-05T00:00:00+00:00
[2024-08-05T09:42:36.301+0000] {processor.py:176} INFO - Processing /home/airflow/.local/lib/python3.7/site-packages/airflow/example_dags/example_branch_labels.py took 0.128 seconds
[2024-08-05T09:43:07.212+0000] {processor.py:154} INFO - Started process (PID=18147) to work on /home/airflow/.local/lib/python3.7/site-packages/airflow/example_dags/example_branch_labels.py
[2024-08-05T09:43:07.214+0000] {processor.py:756} INFO - Processing file /home/airflow/.local/lib/python3.7/site-packages/airflow/example_dags/example_branch_labels.py for tasks to queue
[2024-08-05T09:43:07.216+0000] {logging_mixin.py:120} INFO - [2024-08-05T09:43:07.216+0000] {dagbag.py:537} INFO - Filling up the DagBag from /home/airflow/.local/lib/python3.7/site-packages/airflow/example_dags/example_branch_labels.py
[2024-08-05T09:43:07.242+0000] {processor.py:766} INFO - DAG(s) dict_keys(['example_branch_labels']) retrieved from /home/airflow/.local/lib/python3.7/site-packages/airflow/example_dags/example_branch_labels.py
[2024-08-05T09:43:07.309+0000] {logging_mixin.py:120} INFO - [2024-08-05T09:43:07.308+0000] {dag.py:2585} INFO - Sync 1 DAGs
[2024-08-05T09:43:07.348+0000] {logging_mixin.py:120} INFO - [2024-08-05T09:43:07.347+0000] {dag.py:3340} INFO - Setting next_dagrun for example_branch_labels to 2024-08-04T00:00:00+00:00, run_after=2024-08-05T00:00:00+00:00
[2024-08-05T09:43:07.391+0000] {processor.py:176} INFO - Processing /home/airflow/.local/lib/python3.7/site-packages/airflow/example_dags/example_branch_labels.py took 0.182 seconds
[2024-08-05T09:43:39.679+0000] {processor.py:154} INFO - Started process (PID=18214) to work on /home/airflow/.local/lib/python3.7/site-packages/airflow/example_dags/example_branch_labels.py
[2024-08-05T09:43:39.680+0000] {processor.py:756} INFO - Processing file /home/airflow/.local/lib/python3.7/site-packages/airflow/example_dags/example_branch_labels.py for tasks to queue
[2024-08-05T09:43:39.681+0000] {logging_mixin.py:120} INFO - [2024-08-05T09:43:39.681+0000] {dagbag.py:537} INFO - Filling up the DagBag from /home/airflow/.local/lib/python3.7/site-packages/airflow/example_dags/example_branch_labels.py
[2024-08-05T09:43:39.695+0000] {processor.py:766} INFO - DAG(s) dict_keys(['example_branch_labels']) retrieved from /home/airflow/.local/lib/python3.7/site-packages/airflow/example_dags/example_branch_labels.py
[2024-08-05T09:43:39.773+0000] {logging_mixin.py:120} INFO - [2024-08-05T09:43:39.773+0000] {dag.py:2585} INFO - Sync 1 DAGs
[2024-08-05T09:43:39.807+0000] {logging_mixin.py:120} INFO - [2024-08-05T09:43:39.807+0000] {dag.py:3340} INFO - Setting next_dagrun for example_branch_labels to 2024-08-04T00:00:00+00:00, run_after=2024-08-05T00:00:00+00:00
[2024-08-05T09:43:39.828+0000] {processor.py:176} INFO - Processing /home/airflow/.local/lib/python3.7/site-packages/airflow/example_dags/example_branch_labels.py took 0.154 seconds
[2024-08-05T09:44:10.345+0000] {processor.py:154} INFO - Started process (PID=18271) to work on /home/airflow/.local/lib/python3.7/site-packages/airflow/example_dags/example_branch_labels.py
[2024-08-05T09:44:10.346+0000] {processor.py:756} INFO - Processing file /home/airflow/.local/lib/python3.7/site-packages/airflow/example_dags/example_branch_labels.py for tasks to queue
[2024-08-05T09:44:10.347+0000] {logging_mixin.py:120} INFO - [2024-08-05T09:44:10.347+0000] {dagbag.py:537} INFO - Filling up the DagBag from /home/airflow/.local/lib/python3.7/site-packages/airflow/example_dags/example_branch_labels.py
[2024-08-05T09:44:10.365+0000] {processor.py:766} INFO - DAG(s) dict_keys(['example_branch_labels']) retrieved from /home/airflow/.local/lib/python3.7/site-packages/airflow/example_dags/example_branch_labels.py
[2024-08-05T09:44:10.410+0000] {logging_mixin.py:120} INFO - [2024-08-05T09:44:10.410+0000] {dag.py:2585} INFO - Sync 1 DAGs
[2024-08-05T09:44:10.442+0000] {logging_mixin.py:120} INFO - [2024-08-05T09:44:10.441+0000] {dag.py:3340} INFO - Setting next_dagrun for example_branch_labels to 2024-08-04T00:00:00+00:00, run_after=2024-08-05T00:00:00+00:00
[2024-08-05T09:44:10.466+0000] {processor.py:176} INFO - Processing /home/airflow/.local/lib/python3.7/site-packages/airflow/example_dags/example_branch_labels.py took 0.125 seconds
[2024-08-05T11:03:41.472+0000] {processor.py:154} INFO - Started process (PID=18366) to work on /home/airflow/.local/lib/python3.7/site-packages/airflow/example_dags/example_branch_labels.py
[2024-08-05T11:03:41.474+0000] {processor.py:756} INFO - Processing file /home/airflow/.local/lib/python3.7/site-packages/airflow/example_dags/example_branch_labels.py for tasks to queue
[2024-08-05T11:03:41.486+0000] {logging_mixin.py:120} INFO - [2024-08-05T11:03:41.486+0000] {dagbag.py:537} INFO - Filling up the DagBag from /home/airflow/.local/lib/python3.7/site-packages/airflow/example_dags/example_branch_labels.py
[2024-08-05T11:03:41.524+0000] {processor.py:766} INFO - DAG(s) dict_keys(['example_branch_labels']) retrieved from /home/airflow/.local/lib/python3.7/site-packages/airflow/example_dags/example_branch_labels.py
[2024-08-05T11:03:41.683+0000] {logging_mixin.py:120} INFO - [2024-08-05T11:03:41.683+0000] {dag.py:2585} INFO - Sync 1 DAGs
[2024-08-05T11:03:41.791+0000] {logging_mixin.py:120} INFO - [2024-08-05T11:03:41.791+0000] {dag.py:3340} INFO - Setting next_dagrun for example_branch_labels to 2024-08-04T00:00:00+00:00, run_after=2024-08-05T00:00:00+00:00
[2024-08-05T11:03:41.853+0000] {processor.py:176} INFO - Processing /home/airflow/.local/lib/python3.7/site-packages/airflow/example_dags/example_branch_labels.py took 0.385 seconds
[2024-08-05T11:04:15.528+0000] {processor.py:154} INFO - Started process (PID=18424) to work on /home/airflow/.local/lib/python3.7/site-packages/airflow/example_dags/example_branch_labels.py
[2024-08-05T11:04:15.550+0000] {processor.py:756} INFO - Processing file /home/airflow/.local/lib/python3.7/site-packages/airflow/example_dags/example_branch_labels.py for tasks to queue
[2024-08-05T11:04:15.682+0000] {logging_mixin.py:120} INFO - [2024-08-05T11:04:15.682+0000] {dagbag.py:537} INFO - Filling up the DagBag from /home/airflow/.local/lib/python3.7/site-packages/airflow/example_dags/example_branch_labels.py
[2024-08-05T11:04:15.709+0000] {processor.py:766} INFO - DAG(s) dict_keys(['example_branch_labels']) retrieved from /home/airflow/.local/lib/python3.7/site-packages/airflow/example_dags/example_branch_labels.py
[2024-08-05T11:04:15.863+0000] {logging_mixin.py:120} INFO - [2024-08-05T11:04:15.863+0000] {dag.py:2585} INFO - Sync 1 DAGs
[2024-08-05T11:04:15.984+0000] {logging_mixin.py:120} INFO - [2024-08-05T11:04:15.984+0000] {dag.py:3340} INFO - Setting next_dagrun for example_branch_labels to 2024-08-04T00:00:00+00:00, run_after=2024-08-05T00:00:00+00:00
[2024-08-05T11:04:16.098+0000] {processor.py:176} INFO - Processing /home/airflow/.local/lib/python3.7/site-packages/airflow/example_dags/example_branch_labels.py took 0.574 seconds
[2024-08-05T11:04:49.127+0000] {processor.py:154} INFO - Started process (PID=18491) to work on /home/airflow/.local/lib/python3.7/site-packages/airflow/example_dags/example_branch_labels.py
[2024-08-05T11:04:49.132+0000] {processor.py:756} INFO - Processing file /home/airflow/.local/lib/python3.7/site-packages/airflow/example_dags/example_branch_labels.py for tasks to queue
[2024-08-05T11:04:49.146+0000] {logging_mixin.py:120} INFO - [2024-08-05T11:04:49.145+0000] {dagbag.py:537} INFO - Filling up the DagBag from /home/airflow/.local/lib/python3.7/site-packages/airflow/example_dags/example_branch_labels.py
[2024-08-05T11:04:49.188+0000] {processor.py:766} INFO - DAG(s) dict_keys(['example_branch_labels']) retrieved from /home/airflow/.local/lib/python3.7/site-packages/airflow/example_dags/example_branch_labels.py
[2024-08-05T11:04:49.289+0000] {logging_mixin.py:120} INFO - [2024-08-05T11:04:49.289+0000] {dag.py:2585} INFO - Sync 1 DAGs
[2024-08-05T11:04:49.360+0000] {logging_mixin.py:120} INFO - [2024-08-05T11:04:49.360+0000] {dag.py:3340} INFO - Setting next_dagrun for example_branch_labels to 2024-08-04T00:00:00+00:00, run_after=2024-08-05T00:00:00+00:00
[2024-08-05T11:04:49.417+0000] {processor.py:176} INFO - Processing /home/airflow/.local/lib/python3.7/site-packages/airflow/example_dags/example_branch_labels.py took 0.295 seconds
[2024-08-05T11:05:19.819+0000] {processor.py:154} INFO - Started process (PID=18558) to work on /home/airflow/.local/lib/python3.7/site-packages/airflow/example_dags/example_branch_labels.py
[2024-08-05T11:05:19.821+0000] {processor.py:756} INFO - Processing file /home/airflow/.local/lib/python3.7/site-packages/airflow/example_dags/example_branch_labels.py for tasks to queue
[2024-08-05T11:05:19.823+0000] {logging_mixin.py:120} INFO - [2024-08-05T11:05:19.822+0000] {dagbag.py:537} INFO - Filling up the DagBag from /home/airflow/.local/lib/python3.7/site-packages/airflow/example_dags/example_branch_labels.py
[2024-08-05T11:05:19.845+0000] {processor.py:766} INFO - DAG(s) dict_keys(['example_branch_labels']) retrieved from /home/airflow/.local/lib/python3.7/site-packages/airflow/example_dags/example_branch_labels.py
[2024-08-05T11:05:19.903+0000] {logging_mixin.py:120} INFO - [2024-08-05T11:05:19.902+0000] {dag.py:2585} INFO - Sync 1 DAGs
[2024-08-05T11:05:19.940+0000] {logging_mixin.py:120} INFO - [2024-08-05T11:05:19.940+0000] {dag.py:3340} INFO - Setting next_dagrun for example_branch_labels to 2024-08-04T00:00:00+00:00, run_after=2024-08-05T00:00:00+00:00
[2024-08-05T11:05:19.971+0000] {processor.py:176} INFO - Processing /home/airflow/.local/lib/python3.7/site-packages/airflow/example_dags/example_branch_labels.py took 0.156 seconds
[2024-08-05T11:05:54.191+0000] {processor.py:154} INFO - Started process (PID=18626) to work on /home/airflow/.local/lib/python3.7/site-packages/airflow/example_dags/example_branch_labels.py
[2024-08-05T11:05:54.192+0000] {processor.py:756} INFO - Processing file /home/airflow/.local/lib/python3.7/site-packages/airflow/example_dags/example_branch_labels.py for tasks to queue
[2024-08-05T11:05:54.193+0000] {logging_mixin.py:120} INFO - [2024-08-05T11:05:54.193+0000] {dagbag.py:537} INFO - Filling up the DagBag from /home/airflow/.local/lib/python3.7/site-packages/airflow/example_dags/example_branch_labels.py
[2024-08-05T11:05:54.210+0000] {processor.py:766} INFO - DAG(s) dict_keys(['example_branch_labels']) retrieved from /home/airflow/.local/lib/python3.7/site-packages/airflow/example_dags/example_branch_labels.py
[2024-08-05T11:05:54.334+0000] {logging_mixin.py:120} INFO - [2024-08-05T11:05:54.334+0000] {dag.py:2585} INFO - Sync 1 DAGs
[2024-08-05T11:05:54.377+0000] {logging_mixin.py:120} INFO - [2024-08-05T11:05:54.377+0000] {dag.py:3340} INFO - Setting next_dagrun for example_branch_labels to 2024-08-04T00:00:00+00:00, run_after=2024-08-05T00:00:00+00:00
[2024-08-05T11:05:54.644+0000] {processor.py:176} INFO - Processing /home/airflow/.local/lib/python3.7/site-packages/airflow/example_dags/example_branch_labels.py took 0.451 seconds
[2024-08-05T11:06:25.316+0000] {processor.py:154} INFO - Started process (PID=18684) to work on /home/airflow/.local/lib/python3.7/site-packages/airflow/example_dags/example_branch_labels.py
[2024-08-05T11:06:25.318+0000] {processor.py:756} INFO - Processing file /home/airflow/.local/lib/python3.7/site-packages/airflow/example_dags/example_branch_labels.py for tasks to queue
[2024-08-05T11:06:25.319+0000] {logging_mixin.py:120} INFO - [2024-08-05T11:06:25.319+0000] {dagbag.py:537} INFO - Filling up the DagBag from /home/airflow/.local/lib/python3.7/site-packages/airflow/example_dags/example_branch_labels.py
[2024-08-05T11:06:25.335+0000] {processor.py:766} INFO - DAG(s) dict_keys(['example_branch_labels']) retrieved from /home/airflow/.local/lib/python3.7/site-packages/airflow/example_dags/example_branch_labels.py
[2024-08-05T11:06:25.388+0000] {logging_mixin.py:120} INFO - [2024-08-05T11:06:25.388+0000] {dag.py:2585} INFO - Sync 1 DAGs
[2024-08-05T11:06:25.426+0000] {logging_mixin.py:120} INFO - [2024-08-05T11:06:25.425+0000] {dag.py:3340} INFO - Setting next_dagrun for example_branch_labels to 2024-08-04T00:00:00+00:00, run_after=2024-08-05T00:00:00+00:00
[2024-08-05T11:06:25.458+0000] {processor.py:176} INFO - Processing /home/airflow/.local/lib/python3.7/site-packages/airflow/example_dags/example_branch_labels.py took 0.145 seconds
[2024-08-05T11:06:55.956+0000] {processor.py:154} INFO - Started process (PID=18751) to work on /home/airflow/.local/lib/python3.7/site-packages/airflow/example_dags/example_branch_labels.py
[2024-08-05T11:06:55.961+0000] {processor.py:756} INFO - Processing file /home/airflow/.local/lib/python3.7/site-packages/airflow/example_dags/example_branch_labels.py for tasks to queue
[2024-08-05T11:06:55.964+0000] {logging_mixin.py:120} INFO - [2024-08-05T11:06:55.964+0000] {dagbag.py:537} INFO - Filling up the DagBag from /home/airflow/.local/lib/python3.7/site-packages/airflow/example_dags/example_branch_labels.py
[2024-08-05T11:06:55.998+0000] {processor.py:766} INFO - DAG(s) dict_keys(['example_branch_labels']) retrieved from /home/airflow/.local/lib/python3.7/site-packages/airflow/example_dags/example_branch_labels.py
[2024-08-05T11:06:56.072+0000] {logging_mixin.py:120} INFO - [2024-08-05T11:06:56.072+0000] {dag.py:2585} INFO - Sync 1 DAGs
[2024-08-05T11:06:56.128+0000] {logging_mixin.py:120} INFO - [2024-08-05T11:06:56.128+0000] {dag.py:3340} INFO - Setting next_dagrun for example_branch_labels to 2024-08-04T00:00:00+00:00, run_after=2024-08-05T00:00:00+00:00
[2024-08-05T11:06:56.172+0000] {processor.py:176} INFO - Processing /home/airflow/.local/lib/python3.7/site-packages/airflow/example_dags/example_branch_labels.py took 0.226 seconds
[2024-08-05T11:07:27.057+0000] {processor.py:154} INFO - Started process (PID=18809) to work on /home/airflow/.local/lib/python3.7/site-packages/airflow/example_dags/example_branch_labels.py
[2024-08-05T11:07:27.059+0000] {processor.py:756} INFO - Processing file /home/airflow/.local/lib/python3.7/site-packages/airflow/example_dags/example_branch_labels.py for tasks to queue
[2024-08-05T11:07:27.068+0000] {logging_mixin.py:120} INFO - [2024-08-05T11:07:27.067+0000] {dagbag.py:537} INFO - Filling up the DagBag from /home/airflow/.local/lib/python3.7/site-packages/airflow/example_dags/example_branch_labels.py
[2024-08-05T11:07:27.083+0000] {processor.py:766} INFO - DAG(s) dict_keys(['example_branch_labels']) retrieved from /home/airflow/.local/lib/python3.7/site-packages/airflow/example_dags/example_branch_labels.py
[2024-08-05T11:07:27.262+0000] {logging_mixin.py:120} INFO - [2024-08-05T11:07:27.262+0000] {dag.py:2585} INFO - Sync 1 DAGs
[2024-08-05T11:07:27.435+0000] {logging_mixin.py:120} INFO - [2024-08-05T11:07:27.434+0000] {dag.py:3340} INFO - Setting next_dagrun for example_branch_labels to 2024-08-04T00:00:00+00:00, run_after=2024-08-05T00:00:00+00:00
[2024-08-05T11:07:27.560+0000] {processor.py:176} INFO - Processing /home/airflow/.local/lib/python3.7/site-packages/airflow/example_dags/example_branch_labels.py took 0.507 seconds
[2024-08-05T11:07:58.419+0000] {processor.py:154} INFO - Started process (PID=18875) to work on /home/airflow/.local/lib/python3.7/site-packages/airflow/example_dags/example_branch_labels.py
[2024-08-05T11:07:58.437+0000] {processor.py:756} INFO - Processing file /home/airflow/.local/lib/python3.7/site-packages/airflow/example_dags/example_branch_labels.py for tasks to queue
[2024-08-05T11:07:58.439+0000] {logging_mixin.py:120} INFO - [2024-08-05T11:07:58.438+0000] {dagbag.py:537} INFO - Filling up the DagBag from /home/airflow/.local/lib/python3.7/site-packages/airflow/example_dags/example_branch_labels.py
[2024-08-05T11:07:58.469+0000] {processor.py:766} INFO - DAG(s) dict_keys(['example_branch_labels']) retrieved from /home/airflow/.local/lib/python3.7/site-packages/airflow/example_dags/example_branch_labels.py
[2024-08-05T11:07:58.752+0000] {logging_mixin.py:120} INFO - [2024-08-05T11:07:58.751+0000] {dag.py:2585} INFO - Sync 1 DAGs
[2024-08-05T11:07:58.904+0000] {logging_mixin.py:120} INFO - [2024-08-05T11:07:58.903+0000] {dag.py:3340} INFO - Setting next_dagrun for example_branch_labels to 2024-08-04T00:00:00+00:00, run_after=2024-08-05T00:00:00+00:00
[2024-08-05T11:07:59.103+0000] {processor.py:176} INFO - Processing /home/airflow/.local/lib/python3.7/site-packages/airflow/example_dags/example_branch_labels.py took 0.688 seconds
[2024-08-05T11:08:30.889+0000] {processor.py:154} INFO - Started process (PID=18943) to work on /home/airflow/.local/lib/python3.7/site-packages/airflow/example_dags/example_branch_labels.py
[2024-08-05T11:08:30.894+0000] {processor.py:756} INFO - Processing file /home/airflow/.local/lib/python3.7/site-packages/airflow/example_dags/example_branch_labels.py for tasks to queue
[2024-08-05T11:08:30.901+0000] {logging_mixin.py:120} INFO - [2024-08-05T11:08:30.901+0000] {dagbag.py:537} INFO - Filling up the DagBag from /home/airflow/.local/lib/python3.7/site-packages/airflow/example_dags/example_branch_labels.py
[2024-08-05T11:08:30.924+0000] {processor.py:766} INFO - DAG(s) dict_keys(['example_branch_labels']) retrieved from /home/airflow/.local/lib/python3.7/site-packages/airflow/example_dags/example_branch_labels.py
[2024-08-05T11:08:31.183+0000] {logging_mixin.py:120} INFO - [2024-08-05T11:08:31.183+0000] {dag.py:2585} INFO - Sync 1 DAGs
[2024-08-05T11:08:31.208+0000] {logging_mixin.py:120} INFO - [2024-08-05T11:08:31.208+0000] {dag.py:3340} INFO - Setting next_dagrun for example_branch_labels to 2024-08-04T00:00:00+00:00, run_after=2024-08-05T00:00:00+00:00
[2024-08-05T11:08:31.230+0000] {processor.py:176} INFO - Processing /home/airflow/.local/lib/python3.7/site-packages/airflow/example_dags/example_branch_labels.py took 0.344 seconds
[2024-08-05T11:09:01.675+0000] {processor.py:154} INFO - Started process (PID=19001) to work on /home/airflow/.local/lib/python3.7/site-packages/airflow/example_dags/example_branch_labels.py
[2024-08-05T11:09:01.678+0000] {processor.py:756} INFO - Processing file /home/airflow/.local/lib/python3.7/site-packages/airflow/example_dags/example_branch_labels.py for tasks to queue
[2024-08-05T11:09:01.679+0000] {logging_mixin.py:120} INFO - [2024-08-05T11:09:01.679+0000] {dagbag.py:537} INFO - Filling up the DagBag from /home/airflow/.local/lib/python3.7/site-packages/airflow/example_dags/example_branch_labels.py
[2024-08-05T11:09:01.699+0000] {processor.py:766} INFO - DAG(s) dict_keys(['example_branch_labels']) retrieved from /home/airflow/.local/lib/python3.7/site-packages/airflow/example_dags/example_branch_labels.py
[2024-08-05T11:09:01.840+0000] {logging_mixin.py:120} INFO - [2024-08-05T11:09:01.839+0000] {dag.py:2585} INFO - Sync 1 DAGs
[2024-08-05T11:09:01.991+0000] {logging_mixin.py:120} INFO - [2024-08-05T11:09:01.991+0000] {dag.py:3340} INFO - Setting next_dagrun for example_branch_labels to 2024-08-04T00:00:00+00:00, run_after=2024-08-05T00:00:00+00:00
[2024-08-05T11:09:02.118+0000] {processor.py:176} INFO - Processing /home/airflow/.local/lib/python3.7/site-packages/airflow/example_dags/example_branch_labels.py took 0.447 seconds
[2024-08-05T11:09:32.832+0000] {processor.py:154} INFO - Started process (PID=19068) to work on /home/airflow/.local/lib/python3.7/site-packages/airflow/example_dags/example_branch_labels.py
[2024-08-05T11:09:32.833+0000] {processor.py:756} INFO - Processing file /home/airflow/.local/lib/python3.7/site-packages/airflow/example_dags/example_branch_labels.py for tasks to queue
[2024-08-05T11:09:32.835+0000] {logging_mixin.py:120} INFO - [2024-08-05T11:09:32.834+0000] {dagbag.py:537} INFO - Filling up the DagBag from /home/airflow/.local/lib/python3.7/site-packages/airflow/example_dags/example_branch_labels.py
[2024-08-05T11:09:32.864+0000] {processor.py:766} INFO - DAG(s) dict_keys(['example_branch_labels']) retrieved from /home/airflow/.local/lib/python3.7/site-packages/airflow/example_dags/example_branch_labels.py
[2024-08-05T11:09:33.020+0000] {logging_mixin.py:120} INFO - [2024-08-05T11:09:33.020+0000] {dag.py:2585} INFO - Sync 1 DAGs
[2024-08-05T11:09:33.180+0000] {logging_mixin.py:120} INFO - [2024-08-05T11:09:33.180+0000] {dag.py:3340} INFO - Setting next_dagrun for example_branch_labels to 2024-08-04T00:00:00+00:00, run_after=2024-08-05T00:00:00+00:00
[2024-08-05T11:09:33.208+0000] {processor.py:176} INFO - Processing /home/airflow/.local/lib/python3.7/site-packages/airflow/example_dags/example_branch_labels.py took 0.379 seconds
[2024-08-05T11:10:03.621+0000] {processor.py:154} INFO - Started process (PID=19135) to work on /home/airflow/.local/lib/python3.7/site-packages/airflow/example_dags/example_branch_labels.py
[2024-08-05T11:10:03.622+0000] {processor.py:756} INFO - Processing file /home/airflow/.local/lib/python3.7/site-packages/airflow/example_dags/example_branch_labels.py for tasks to queue
[2024-08-05T11:10:03.623+0000] {logging_mixin.py:120} INFO - [2024-08-05T11:10:03.622+0000] {dagbag.py:537} INFO - Filling up the DagBag from /home/airflow/.local/lib/python3.7/site-packages/airflow/example_dags/example_branch_labels.py
[2024-08-05T11:10:03.658+0000] {processor.py:766} INFO - DAG(s) dict_keys(['example_branch_labels']) retrieved from /home/airflow/.local/lib/python3.7/site-packages/airflow/example_dags/example_branch_labels.py
[2024-08-05T11:10:03.697+0000] {logging_mixin.py:120} INFO - [2024-08-05T11:10:03.697+0000] {dag.py:2585} INFO - Sync 1 DAGs
[2024-08-05T11:10:03.723+0000] {logging_mixin.py:120} INFO - [2024-08-05T11:10:03.723+0000] {dag.py:3340} INFO - Setting next_dagrun for example_branch_labels to 2024-08-04T00:00:00+00:00, run_after=2024-08-05T00:00:00+00:00
[2024-08-05T11:10:03.744+0000] {processor.py:176} INFO - Processing /home/airflow/.local/lib/python3.7/site-packages/airflow/example_dags/example_branch_labels.py took 0.127 seconds
[2024-08-05T11:10:34.434+0000] {processor.py:154} INFO - Started process (PID=19193) to work on /home/airflow/.local/lib/python3.7/site-packages/airflow/example_dags/example_branch_labels.py
[2024-08-05T11:10:34.470+0000] {processor.py:756} INFO - Processing file /home/airflow/.local/lib/python3.7/site-packages/airflow/example_dags/example_branch_labels.py for tasks to queue
[2024-08-05T11:10:34.575+0000] {logging_mixin.py:120} INFO - [2024-08-05T11:10:34.574+0000] {dagbag.py:537} INFO - Filling up the DagBag from /home/airflow/.local/lib/python3.7/site-packages/airflow/example_dags/example_branch_labels.py
[2024-08-05T11:10:34.626+0000] {processor.py:766} INFO - DAG(s) dict_keys(['example_branch_labels']) retrieved from /home/airflow/.local/lib/python3.7/site-packages/airflow/example_dags/example_branch_labels.py
[2024-08-05T11:10:34.696+0000] {logging_mixin.py:120} INFO - [2024-08-05T11:10:34.696+0000] {dag.py:2585} INFO - Sync 1 DAGs
[2024-08-05T11:10:34.795+0000] {logging_mixin.py:120} INFO - [2024-08-05T11:10:34.795+0000] {dag.py:3340} INFO - Setting next_dagrun for example_branch_labels to 2024-08-04T00:00:00+00:00, run_after=2024-08-05T00:00:00+00:00
[2024-08-05T11:10:34.842+0000] {processor.py:176} INFO - Processing /home/airflow/.local/lib/python3.7/site-packages/airflow/example_dags/example_branch_labels.py took 0.411 seconds
[2024-08-05T11:11:05.261+0000] {processor.py:154} INFO - Started process (PID=19259) to work on /home/airflow/.local/lib/python3.7/site-packages/airflow/example_dags/example_branch_labels.py
[2024-08-05T11:11:05.268+0000] {processor.py:756} INFO - Processing file /home/airflow/.local/lib/python3.7/site-packages/airflow/example_dags/example_branch_labels.py for tasks to queue
[2024-08-05T11:11:05.275+0000] {logging_mixin.py:120} INFO - [2024-08-05T11:11:05.269+0000] {dagbag.py:537} INFO - Filling up the DagBag from /home/airflow/.local/lib/python3.7/site-packages/airflow/example_dags/example_branch_labels.py
[2024-08-05T11:11:05.299+0000] {processor.py:766} INFO - DAG(s) dict_keys(['example_branch_labels']) retrieved from /home/airflow/.local/lib/python3.7/site-packages/airflow/example_dags/example_branch_labels.py
[2024-08-05T11:11:05.458+0000] {logging_mixin.py:120} INFO - [2024-08-05T11:11:05.458+0000] {dag.py:2585} INFO - Sync 1 DAGs
[2024-08-05T11:11:05.657+0000] {logging_mixin.py:120} INFO - [2024-08-05T11:11:05.657+0000] {dag.py:3340} INFO - Setting next_dagrun for example_branch_labels to 2024-08-04T00:00:00+00:00, run_after=2024-08-05T00:00:00+00:00
[2024-08-05T11:11:05.775+0000] {processor.py:176} INFO - Processing /home/airflow/.local/lib/python3.7/site-packages/airflow/example_dags/example_branch_labels.py took 0.517 seconds
[2024-08-05T11:11:36.765+0000] {processor.py:154} INFO - Started process (PID=19317) to work on /home/airflow/.local/lib/python3.7/site-packages/airflow/example_dags/example_branch_labels.py
[2024-08-05T11:11:36.766+0000] {processor.py:756} INFO - Processing file /home/airflow/.local/lib/python3.7/site-packages/airflow/example_dags/example_branch_labels.py for tasks to queue
[2024-08-05T11:11:36.767+0000] {logging_mixin.py:120} INFO - [2024-08-05T11:11:36.767+0000] {dagbag.py:537} INFO - Filling up the DagBag from /home/airflow/.local/lib/python3.7/site-packages/airflow/example_dags/example_branch_labels.py
[2024-08-05T11:11:36.785+0000] {processor.py:766} INFO - DAG(s) dict_keys(['example_branch_labels']) retrieved from /home/airflow/.local/lib/python3.7/site-packages/airflow/example_dags/example_branch_labels.py
[2024-08-05T11:11:36.829+0000] {logging_mixin.py:120} INFO - [2024-08-05T11:11:36.828+0000] {dag.py:2585} INFO - Sync 1 DAGs
[2024-08-05T11:11:36.937+0000] {logging_mixin.py:120} INFO - [2024-08-05T11:11:36.937+0000] {dag.py:3340} INFO - Setting next_dagrun for example_branch_labels to 2024-08-04T00:00:00+00:00, run_after=2024-08-05T00:00:00+00:00
[2024-08-05T11:11:37.012+0000] {processor.py:176} INFO - Processing /home/airflow/.local/lib/python3.7/site-packages/airflow/example_dags/example_branch_labels.py took 0.250 seconds
[2024-08-05T11:12:07.792+0000] {processor.py:154} INFO - Started process (PID=19384) to work on /home/airflow/.local/lib/python3.7/site-packages/airflow/example_dags/example_branch_labels.py
[2024-08-05T11:12:07.793+0000] {processor.py:756} INFO - Processing file /home/airflow/.local/lib/python3.7/site-packages/airflow/example_dags/example_branch_labels.py for tasks to queue
[2024-08-05T11:12:07.794+0000] {logging_mixin.py:120} INFO - [2024-08-05T11:12:07.794+0000] {dagbag.py:537} INFO - Filling up the DagBag from /home/airflow/.local/lib/python3.7/site-packages/airflow/example_dags/example_branch_labels.py
[2024-08-05T11:12:07.842+0000] {processor.py:766} INFO - DAG(s) dict_keys(['example_branch_labels']) retrieved from /home/airflow/.local/lib/python3.7/site-packages/airflow/example_dags/example_branch_labels.py
[2024-08-05T11:12:07.885+0000] {logging_mixin.py:120} INFO - [2024-08-05T11:12:07.885+0000] {dag.py:2585} INFO - Sync 1 DAGs
[2024-08-05T11:12:07.924+0000] {logging_mixin.py:120} INFO - [2024-08-05T11:12:07.924+0000] {dag.py:3340} INFO - Setting next_dagrun for example_branch_labels to 2024-08-04T00:00:00+00:00, run_after=2024-08-05T00:00:00+00:00
[2024-08-05T11:12:07.975+0000] {processor.py:176} INFO - Processing /home/airflow/.local/lib/python3.7/site-packages/airflow/example_dags/example_branch_labels.py took 0.190 seconds
[2024-08-05T11:12:39.340+0000] {processor.py:154} INFO - Started process (PID=19451) to work on /home/airflow/.local/lib/python3.7/site-packages/airflow/example_dags/example_branch_labels.py
[2024-08-05T11:12:39.359+0000] {processor.py:756} INFO - Processing file /home/airflow/.local/lib/python3.7/site-packages/airflow/example_dags/example_branch_labels.py for tasks to queue
[2024-08-05T11:12:39.459+0000] {logging_mixin.py:120} INFO - [2024-08-05T11:12:39.459+0000] {dagbag.py:537} INFO - Filling up the DagBag from /home/airflow/.local/lib/python3.7/site-packages/airflow/example_dags/example_branch_labels.py
[2024-08-05T11:12:39.520+0000] {processor.py:766} INFO - DAG(s) dict_keys(['example_branch_labels']) retrieved from /home/airflow/.local/lib/python3.7/site-packages/airflow/example_dags/example_branch_labels.py
[2024-08-05T11:12:39.828+0000] {logging_mixin.py:120} INFO - [2024-08-05T11:12:39.827+0000] {dag.py:2585} INFO - Sync 1 DAGs
[2024-08-05T11:12:39.938+0000] {logging_mixin.py:120} INFO - [2024-08-05T11:12:39.938+0000] {dag.py:3340} INFO - Setting next_dagrun for example_branch_labels to 2024-08-04T00:00:00+00:00, run_after=2024-08-05T00:00:00+00:00
[2024-08-05T11:12:39.983+0000] {processor.py:176} INFO - Processing /home/airflow/.local/lib/python3.7/site-packages/airflow/example_dags/example_branch_labels.py took 0.647 seconds
[2024-08-05T11:13:10.293+0000] {processor.py:154} INFO - Started process (PID=19516) to work on /home/airflow/.local/lib/python3.7/site-packages/airflow/example_dags/example_branch_labels.py
[2024-08-05T11:13:10.369+0000] {processor.py:756} INFO - Processing file /home/airflow/.local/lib/python3.7/site-packages/airflow/example_dags/example_branch_labels.py for tasks to queue
[2024-08-05T11:13:10.374+0000] {logging_mixin.py:120} INFO - [2024-08-05T11:13:10.374+0000] {dagbag.py:537} INFO - Filling up the DagBag from /home/airflow/.local/lib/python3.7/site-packages/airflow/example_dags/example_branch_labels.py
[2024-08-05T11:13:10.409+0000] {processor.py:766} INFO - DAG(s) dict_keys(['example_branch_labels']) retrieved from /home/airflow/.local/lib/python3.7/site-packages/airflow/example_dags/example_branch_labels.py
[2024-08-05T11:13:10.479+0000] {logging_mixin.py:120} INFO - [2024-08-05T11:13:10.479+0000] {dag.py:2585} INFO - Sync 1 DAGs
[2024-08-05T11:13:10.565+0000] {logging_mixin.py:120} INFO - [2024-08-05T11:13:10.565+0000] {dag.py:3340} INFO - Setting next_dagrun for example_branch_labels to 2024-08-04T00:00:00+00:00, run_after=2024-08-05T00:00:00+00:00
[2024-08-05T11:13:10.667+0000] {processor.py:176} INFO - Processing /home/airflow/.local/lib/python3.7/site-packages/airflow/example_dags/example_branch_labels.py took 0.377 seconds
[2024-08-05T11:13:41.016+0000] {processor.py:154} INFO - Started process (PID=19576) to work on /home/airflow/.local/lib/python3.7/site-packages/airflow/example_dags/example_branch_labels.py
[2024-08-05T11:13:41.019+0000] {processor.py:756} INFO - Processing file /home/airflow/.local/lib/python3.7/site-packages/airflow/example_dags/example_branch_labels.py for tasks to queue
[2024-08-05T11:13:41.021+0000] {logging_mixin.py:120} INFO - [2024-08-05T11:13:41.021+0000] {dagbag.py:537} INFO - Filling up the DagBag from /home/airflow/.local/lib/python3.7/site-packages/airflow/example_dags/example_branch_labels.py
[2024-08-05T11:13:41.051+0000] {processor.py:766} INFO - DAG(s) dict_keys(['example_branch_labels']) retrieved from /home/airflow/.local/lib/python3.7/site-packages/airflow/example_dags/example_branch_labels.py
[2024-08-05T11:13:41.120+0000] {logging_mixin.py:120} INFO - [2024-08-05T11:13:41.120+0000] {dag.py:2585} INFO - Sync 1 DAGs
[2024-08-05T11:13:41.175+0000] {logging_mixin.py:120} INFO - [2024-08-05T11:13:41.175+0000] {dag.py:3340} INFO - Setting next_dagrun for example_branch_labels to 2024-08-04T00:00:00+00:00, run_after=2024-08-05T00:00:00+00:00
[2024-08-05T11:13:41.214+0000] {processor.py:176} INFO - Processing /home/airflow/.local/lib/python3.7/site-packages/airflow/example_dags/example_branch_labels.py took 0.204 seconds
[2024-08-05T11:14:13.519+0000] {processor.py:154} INFO - Started process (PID=19643) to work on /home/airflow/.local/lib/python3.7/site-packages/airflow/example_dags/example_branch_labels.py
[2024-08-05T11:14:13.521+0000] {processor.py:756} INFO - Processing file /home/airflow/.local/lib/python3.7/site-packages/airflow/example_dags/example_branch_labels.py for tasks to queue
[2024-08-05T11:14:13.523+0000] {logging_mixin.py:120} INFO - [2024-08-05T11:14:13.522+0000] {dagbag.py:537} INFO - Filling up the DagBag from /home/airflow/.local/lib/python3.7/site-packages/airflow/example_dags/example_branch_labels.py
[2024-08-05T11:14:13.572+0000] {processor.py:766} INFO - DAG(s) dict_keys(['example_branch_labels']) retrieved from /home/airflow/.local/lib/python3.7/site-packages/airflow/example_dags/example_branch_labels.py
[2024-08-05T11:14:13.668+0000] {logging_mixin.py:120} INFO - [2024-08-05T11:14:13.668+0000] {dag.py:2585} INFO - Sync 1 DAGs
[2024-08-05T11:14:13.735+0000] {logging_mixin.py:120} INFO - [2024-08-05T11:14:13.735+0000] {dag.py:3340} INFO - Setting next_dagrun for example_branch_labels to 2024-08-04T00:00:00+00:00, run_after=2024-08-05T00:00:00+00:00
[2024-08-05T11:14:13.859+0000] {processor.py:176} INFO - Processing /home/airflow/.local/lib/python3.7/site-packages/airflow/example_dags/example_branch_labels.py took 0.344 seconds
[2024-08-05T11:14:44.934+0000] {processor.py:154} INFO - Started process (PID=19701) to work on /home/airflow/.local/lib/python3.7/site-packages/airflow/example_dags/example_branch_labels.py
[2024-08-05T11:14:44.948+0000] {processor.py:756} INFO - Processing file /home/airflow/.local/lib/python3.7/site-packages/airflow/example_dags/example_branch_labels.py for tasks to queue
[2024-08-05T11:14:44.951+0000] {logging_mixin.py:120} INFO - [2024-08-05T11:14:44.951+0000] {dagbag.py:537} INFO - Filling up the DagBag from /home/airflow/.local/lib/python3.7/site-packages/airflow/example_dags/example_branch_labels.py
[2024-08-05T11:14:45.003+0000] {processor.py:766} INFO - DAG(s) dict_keys(['example_branch_labels']) retrieved from /home/airflow/.local/lib/python3.7/site-packages/airflow/example_dags/example_branch_labels.py
[2024-08-05T11:14:45.201+0000] {logging_mixin.py:120} INFO - [2024-08-05T11:14:45.200+0000] {dag.py:2585} INFO - Sync 1 DAGs
[2024-08-05T11:14:45.426+0000] {logging_mixin.py:120} INFO - [2024-08-05T11:14:45.426+0000] {dag.py:3340} INFO - Setting next_dagrun for example_branch_labels to 2024-08-04T00:00:00+00:00, run_after=2024-08-05T00:00:00+00:00
[2024-08-05T11:14:45.481+0000] {processor.py:176} INFO - Processing /home/airflow/.local/lib/python3.7/site-packages/airflow/example_dags/example_branch_labels.py took 0.551 seconds
[2024-08-05T11:15:16.866+0000] {processor.py:154} INFO - Started process (PID=19768) to work on /home/airflow/.local/lib/python3.7/site-packages/airflow/example_dags/example_branch_labels.py
[2024-08-05T11:15:16.878+0000] {processor.py:756} INFO - Processing file /home/airflow/.local/lib/python3.7/site-packages/airflow/example_dags/example_branch_labels.py for tasks to queue
[2024-08-05T11:15:16.884+0000] {logging_mixin.py:120} INFO - [2024-08-05T11:15:16.884+0000] {dagbag.py:537} INFO - Filling up the DagBag from /home/airflow/.local/lib/python3.7/site-packages/airflow/example_dags/example_branch_labels.py
[2024-08-05T11:15:16.913+0000] {processor.py:766} INFO - DAG(s) dict_keys(['example_branch_labels']) retrieved from /home/airflow/.local/lib/python3.7/site-packages/airflow/example_dags/example_branch_labels.py
[2024-08-05T11:15:16.965+0000] {logging_mixin.py:120} INFO - [2024-08-05T11:15:16.965+0000] {dag.py:2585} INFO - Sync 1 DAGs
[2024-08-05T11:15:17.004+0000] {logging_mixin.py:120} INFO - [2024-08-05T11:15:17.003+0000] {dag.py:3340} INFO - Setting next_dagrun for example_branch_labels to 2024-08-04T00:00:00+00:00, run_after=2024-08-05T00:00:00+00:00
[2024-08-05T11:15:17.048+0000] {processor.py:176} INFO - Processing /home/airflow/.local/lib/python3.7/site-packages/airflow/example_dags/example_branch_labels.py took 0.186 seconds
[2024-08-05T11:15:47.573+0000] {processor.py:154} INFO - Started process (PID=19835) to work on /home/airflow/.local/lib/python3.7/site-packages/airflow/example_dags/example_branch_labels.py
[2024-08-05T11:15:47.574+0000] {processor.py:756} INFO - Processing file /home/airflow/.local/lib/python3.7/site-packages/airflow/example_dags/example_branch_labels.py for tasks to queue
[2024-08-05T11:15:47.582+0000] {logging_mixin.py:120} INFO - [2024-08-05T11:15:47.581+0000] {dagbag.py:537} INFO - Filling up the DagBag from /home/airflow/.local/lib/python3.7/site-packages/airflow/example_dags/example_branch_labels.py
[2024-08-05T11:15:47.617+0000] {processor.py:766} INFO - DAG(s) dict_keys(['example_branch_labels']) retrieved from /home/airflow/.local/lib/python3.7/site-packages/airflow/example_dags/example_branch_labels.py
[2024-08-05T11:15:47.683+0000] {logging_mixin.py:120} INFO - [2024-08-05T11:15:47.683+0000] {dag.py:2585} INFO - Sync 1 DAGs
[2024-08-05T11:15:47.717+0000] {logging_mixin.py:120} INFO - [2024-08-05T11:15:47.717+0000] {dag.py:3340} INFO - Setting next_dagrun for example_branch_labels to 2024-08-04T00:00:00+00:00, run_after=2024-08-05T00:00:00+00:00
[2024-08-05T11:15:47.749+0000] {processor.py:176} INFO - Processing /home/airflow/.local/lib/python3.7/site-packages/airflow/example_dags/example_branch_labels.py took 0.178 seconds
[2024-08-05T11:16:18.561+0000] {processor.py:154} INFO - Started process (PID=19894) to work on /home/airflow/.local/lib/python3.7/site-packages/airflow/example_dags/example_branch_labels.py
[2024-08-05T11:16:18.562+0000] {processor.py:756} INFO - Processing file /home/airflow/.local/lib/python3.7/site-packages/airflow/example_dags/example_branch_labels.py for tasks to queue
[2024-08-05T11:16:18.563+0000] {logging_mixin.py:120} INFO - [2024-08-05T11:16:18.563+0000] {dagbag.py:537} INFO - Filling up the DagBag from /home/airflow/.local/lib/python3.7/site-packages/airflow/example_dags/example_branch_labels.py
[2024-08-05T11:16:18.577+0000] {processor.py:766} INFO - DAG(s) dict_keys(['example_branch_labels']) retrieved from /home/airflow/.local/lib/python3.7/site-packages/airflow/example_dags/example_branch_labels.py
[2024-08-05T11:16:18.666+0000] {logging_mixin.py:120} INFO - [2024-08-05T11:16:18.666+0000] {dag.py:2585} INFO - Sync 1 DAGs
[2024-08-05T11:16:18.758+0000] {logging_mixin.py:120} INFO - [2024-08-05T11:16:18.758+0000] {dag.py:3340} INFO - Setting next_dagrun for example_branch_labels to 2024-08-04T00:00:00+00:00, run_after=2024-08-05T00:00:00+00:00
[2024-08-05T11:16:18.803+0000] {processor.py:176} INFO - Processing /home/airflow/.local/lib/python3.7/site-packages/airflow/example_dags/example_branch_labels.py took 0.244 seconds
[2024-08-05T11:16:49.324+0000] {processor.py:154} INFO - Started process (PID=19960) to work on /home/airflow/.local/lib/python3.7/site-packages/airflow/example_dags/example_branch_labels.py
[2024-08-05T11:16:49.398+0000] {processor.py:756} INFO - Processing file /home/airflow/.local/lib/python3.7/site-packages/airflow/example_dags/example_branch_labels.py for tasks to queue
[2024-08-05T11:16:49.423+0000] {logging_mixin.py:120} INFO - [2024-08-05T11:16:49.423+0000] {dagbag.py:537} INFO - Filling up the DagBag from /home/airflow/.local/lib/python3.7/site-packages/airflow/example_dags/example_branch_labels.py
[2024-08-05T11:16:49.466+0000] {processor.py:766} INFO - DAG(s) dict_keys(['example_branch_labels']) retrieved from /home/airflow/.local/lib/python3.7/site-packages/airflow/example_dags/example_branch_labels.py
[2024-08-05T11:16:49.521+0000] {logging_mixin.py:120} INFO - [2024-08-05T11:16:49.521+0000] {dag.py:2585} INFO - Sync 1 DAGs
[2024-08-05T11:16:49.679+0000] {logging_mixin.py:120} INFO - [2024-08-05T11:16:49.679+0000] {dag.py:3340} INFO - Setting next_dagrun for example_branch_labels to 2024-08-04T00:00:00+00:00, run_after=2024-08-05T00:00:00+00:00
[2024-08-05T11:16:49.822+0000] {processor.py:176} INFO - Processing /home/airflow/.local/lib/python3.7/site-packages/airflow/example_dags/example_branch_labels.py took 0.502 seconds
[2024-08-05T11:17:20.640+0000] {processor.py:154} INFO - Started process (PID=20019) to work on /home/airflow/.local/lib/python3.7/site-packages/airflow/example_dags/example_branch_labels.py
[2024-08-05T11:17:20.641+0000] {processor.py:756} INFO - Processing file /home/airflow/.local/lib/python3.7/site-packages/airflow/example_dags/example_branch_labels.py for tasks to queue
[2024-08-05T11:17:20.643+0000] {logging_mixin.py:120} INFO - [2024-08-05T11:17:20.642+0000] {dagbag.py:537} INFO - Filling up the DagBag from /home/airflow/.local/lib/python3.7/site-packages/airflow/example_dags/example_branch_labels.py
[2024-08-05T11:17:20.688+0000] {processor.py:766} INFO - DAG(s) dict_keys(['example_branch_labels']) retrieved from /home/airflow/.local/lib/python3.7/site-packages/airflow/example_dags/example_branch_labels.py
[2024-08-05T11:17:20.778+0000] {logging_mixin.py:120} INFO - [2024-08-05T11:17:20.778+0000] {dag.py:2585} INFO - Sync 1 DAGs
[2024-08-05T11:17:20.817+0000] {logging_mixin.py:120} INFO - [2024-08-05T11:17:20.817+0000] {dag.py:3340} INFO - Setting next_dagrun for example_branch_labels to 2024-08-04T00:00:00+00:00, run_after=2024-08-05T00:00:00+00:00
[2024-08-05T11:17:20.880+0000] {processor.py:176} INFO - Processing /home/airflow/.local/lib/python3.7/site-packages/airflow/example_dags/example_branch_labels.py took 0.244 seconds
[2024-08-05T11:17:51.095+0000] {processor.py:154} INFO - Started process (PID=20087) to work on /home/airflow/.local/lib/python3.7/site-packages/airflow/example_dags/example_branch_labels.py
[2024-08-05T11:17:51.096+0000] {processor.py:756} INFO - Processing file /home/airflow/.local/lib/python3.7/site-packages/airflow/example_dags/example_branch_labels.py for tasks to queue
[2024-08-05T11:17:51.097+0000] {logging_mixin.py:120} INFO - [2024-08-05T11:17:51.096+0000] {dagbag.py:537} INFO - Filling up the DagBag from /home/airflow/.local/lib/python3.7/site-packages/airflow/example_dags/example_branch_labels.py
[2024-08-05T11:17:51.111+0000] {processor.py:766} INFO - DAG(s) dict_keys(['example_branch_labels']) retrieved from /home/airflow/.local/lib/python3.7/site-packages/airflow/example_dags/example_branch_labels.py
[2024-08-05T11:17:51.156+0000] {logging_mixin.py:120} INFO - [2024-08-05T11:17:51.156+0000] {dag.py:2585} INFO - Sync 1 DAGs
[2024-08-05T11:17:51.196+0000] {logging_mixin.py:120} INFO - [2024-08-05T11:17:51.196+0000] {dag.py:3340} INFO - Setting next_dagrun for example_branch_labels to 2024-08-04T00:00:00+00:00, run_after=2024-08-05T00:00:00+00:00
[2024-08-05T11:17:51.229+0000] {processor.py:176} INFO - Processing /home/airflow/.local/lib/python3.7/site-packages/airflow/example_dags/example_branch_labels.py took 0.138 seconds
[2024-08-05T11:18:22.262+0000] {processor.py:154} INFO - Started process (PID=20154) to work on /home/airflow/.local/lib/python3.7/site-packages/airflow/example_dags/example_branch_labels.py
[2024-08-05T11:18:22.264+0000] {processor.py:756} INFO - Processing file /home/airflow/.local/lib/python3.7/site-packages/airflow/example_dags/example_branch_labels.py for tasks to queue
[2024-08-05T11:18:22.266+0000] {logging_mixin.py:120} INFO - [2024-08-05T11:18:22.265+0000] {dagbag.py:537} INFO - Filling up the DagBag from /home/airflow/.local/lib/python3.7/site-packages/airflow/example_dags/example_branch_labels.py
[2024-08-05T11:18:22.289+0000] {processor.py:766} INFO - DAG(s) dict_keys(['example_branch_labels']) retrieved from /home/airflow/.local/lib/python3.7/site-packages/airflow/example_dags/example_branch_labels.py
[2024-08-05T11:18:22.377+0000] {logging_mixin.py:120} INFO - [2024-08-05T11:18:22.376+0000] {dag.py:2585} INFO - Sync 1 DAGs
[2024-08-05T11:18:22.429+0000] {logging_mixin.py:120} INFO - [2024-08-05T11:18:22.428+0000] {dag.py:3340} INFO - Setting next_dagrun for example_branch_labels to 2024-08-04T00:00:00+00:00, run_after=2024-08-05T00:00:00+00:00
[2024-08-05T11:18:22.469+0000] {processor.py:176} INFO - Processing /home/airflow/.local/lib/python3.7/site-packages/airflow/example_dags/example_branch_labels.py took 0.212 seconds
[2024-08-05T11:18:55.461+0000] {processor.py:154} INFO - Started process (PID=20214) to work on /home/airflow/.local/lib/python3.7/site-packages/airflow/example_dags/example_branch_labels.py
[2024-08-05T11:18:55.463+0000] {processor.py:756} INFO - Processing file /home/airflow/.local/lib/python3.7/site-packages/airflow/example_dags/example_branch_labels.py for tasks to queue
[2024-08-05T11:18:55.464+0000] {logging_mixin.py:120} INFO - [2024-08-05T11:18:55.464+0000] {dagbag.py:537} INFO - Filling up the DagBag from /home/airflow/.local/lib/python3.7/site-packages/airflow/example_dags/example_branch_labels.py
[2024-08-05T11:18:55.482+0000] {processor.py:766} INFO - DAG(s) dict_keys(['example_branch_labels']) retrieved from /home/airflow/.local/lib/python3.7/site-packages/airflow/example_dags/example_branch_labels.py
[2024-08-05T11:18:55.527+0000] {logging_mixin.py:120} INFO - [2024-08-05T11:18:55.527+0000] {dag.py:2585} INFO - Sync 1 DAGs
[2024-08-05T11:18:55.562+0000] {logging_mixin.py:120} INFO - [2024-08-05T11:18:55.561+0000] {dag.py:3340} INFO - Setting next_dagrun for example_branch_labels to 2024-08-04T00:00:00+00:00, run_after=2024-08-05T00:00:00+00:00
[2024-08-05T11:18:55.584+0000] {processor.py:176} INFO - Processing /home/airflow/.local/lib/python3.7/site-packages/airflow/example_dags/example_branch_labels.py took 0.126 seconds
[2024-08-05T11:19:27.248+0000] {processor.py:154} INFO - Started process (PID=20281) to work on /home/airflow/.local/lib/python3.7/site-packages/airflow/example_dags/example_branch_labels.py
[2024-08-05T11:19:27.252+0000] {processor.py:756} INFO - Processing file /home/airflow/.local/lib/python3.7/site-packages/airflow/example_dags/example_branch_labels.py for tasks to queue
[2024-08-05T11:19:27.268+0000] {logging_mixin.py:120} INFO - [2024-08-05T11:19:27.268+0000] {dagbag.py:537} INFO - Filling up the DagBag from /home/airflow/.local/lib/python3.7/site-packages/airflow/example_dags/example_branch_labels.py
[2024-08-05T11:19:27.327+0000] {processor.py:766} INFO - DAG(s) dict_keys(['example_branch_labels']) retrieved from /home/airflow/.local/lib/python3.7/site-packages/airflow/example_dags/example_branch_labels.py
[2024-08-05T11:19:27.451+0000] {logging_mixin.py:120} INFO - [2024-08-05T11:19:27.450+0000] {dag.py:2585} INFO - Sync 1 DAGs
[2024-08-05T11:19:27.547+0000] {logging_mixin.py:120} INFO - [2024-08-05T11:19:27.547+0000] {dag.py:3340} INFO - Setting next_dagrun for example_branch_labels to 2024-08-04T00:00:00+00:00, run_after=2024-08-05T00:00:00+00:00
[2024-08-05T11:19:27.625+0000] {processor.py:176} INFO - Processing /home/airflow/.local/lib/python3.7/site-packages/airflow/example_dags/example_branch_labels.py took 0.382 seconds
[2024-08-05T11:19:58.168+0000] {processor.py:154} INFO - Started process (PID=20348) to work on /home/airflow/.local/lib/python3.7/site-packages/airflow/example_dags/example_branch_labels.py
[2024-08-05T11:19:58.175+0000] {processor.py:756} INFO - Processing file /home/airflow/.local/lib/python3.7/site-packages/airflow/example_dags/example_branch_labels.py for tasks to queue
[2024-08-05T11:19:58.176+0000] {logging_mixin.py:120} INFO - [2024-08-05T11:19:58.176+0000] {dagbag.py:537} INFO - Filling up the DagBag from /home/airflow/.local/lib/python3.7/site-packages/airflow/example_dags/example_branch_labels.py
[2024-08-05T11:19:58.211+0000] {processor.py:766} INFO - DAG(s) dict_keys(['example_branch_labels']) retrieved from /home/airflow/.local/lib/python3.7/site-packages/airflow/example_dags/example_branch_labels.py
[2024-08-05T11:19:58.251+0000] {logging_mixin.py:120} INFO - [2024-08-05T11:19:58.251+0000] {dag.py:2585} INFO - Sync 1 DAGs
[2024-08-05T11:19:58.277+0000] {logging_mixin.py:120} INFO - [2024-08-05T11:19:58.277+0000] {dag.py:3340} INFO - Setting next_dagrun for example_branch_labels to 2024-08-04T00:00:00+00:00, run_after=2024-08-05T00:00:00+00:00
[2024-08-05T11:19:58.300+0000] {processor.py:176} INFO - Processing /home/airflow/.local/lib/python3.7/site-packages/airflow/example_dags/example_branch_labels.py took 0.136 seconds
[2024-08-05T11:20:31.598+0000] {processor.py:154} INFO - Started process (PID=20415) to work on /home/airflow/.local/lib/python3.7/site-packages/airflow/example_dags/example_branch_labels.py
[2024-08-05T11:20:31.600+0000] {processor.py:756} INFO - Processing file /home/airflow/.local/lib/python3.7/site-packages/airflow/example_dags/example_branch_labels.py for tasks to queue
[2024-08-05T11:20:31.602+0000] {logging_mixin.py:120} INFO - [2024-08-05T11:20:31.602+0000] {dagbag.py:537} INFO - Filling up the DagBag from /home/airflow/.local/lib/python3.7/site-packages/airflow/example_dags/example_branch_labels.py
[2024-08-05T11:20:31.630+0000] {processor.py:766} INFO - DAG(s) dict_keys(['example_branch_labels']) retrieved from /home/airflow/.local/lib/python3.7/site-packages/airflow/example_dags/example_branch_labels.py
[2024-08-05T11:20:31.699+0000] {logging_mixin.py:120} INFO - [2024-08-05T11:20:31.699+0000] {dag.py:2585} INFO - Sync 1 DAGs
[2024-08-05T11:20:31.746+0000] {logging_mixin.py:120} INFO - [2024-08-05T11:20:31.745+0000] {dag.py:3340} INFO - Setting next_dagrun for example_branch_labels to 2024-08-04T00:00:00+00:00, run_after=2024-08-05T00:00:00+00:00
[2024-08-05T11:20:31.785+0000] {processor.py:176} INFO - Processing /home/airflow/.local/lib/python3.7/site-packages/airflow/example_dags/example_branch_labels.py took 0.193 seconds
[2024-08-05T11:21:04.248+0000] {processor.py:154} INFO - Started process (PID=20473) to work on /home/airflow/.local/lib/python3.7/site-packages/airflow/example_dags/example_branch_labels.py
[2024-08-05T11:21:04.249+0000] {processor.py:756} INFO - Processing file /home/airflow/.local/lib/python3.7/site-packages/airflow/example_dags/example_branch_labels.py for tasks to queue
[2024-08-05T11:21:04.250+0000] {logging_mixin.py:120} INFO - [2024-08-05T11:21:04.250+0000] {dagbag.py:537} INFO - Filling up the DagBag from /home/airflow/.local/lib/python3.7/site-packages/airflow/example_dags/example_branch_labels.py
[2024-08-05T11:21:04.287+0000] {processor.py:766} INFO - DAG(s) dict_keys(['example_branch_labels']) retrieved from /home/airflow/.local/lib/python3.7/site-packages/airflow/example_dags/example_branch_labels.py
[2024-08-05T11:21:04.454+0000] {logging_mixin.py:120} INFO - [2024-08-05T11:21:04.453+0000] {dag.py:2585} INFO - Sync 1 DAGs
[2024-08-05T11:21:04.586+0000] {logging_mixin.py:120} INFO - [2024-08-05T11:21:04.586+0000] {dag.py:3340} INFO - Setting next_dagrun for example_branch_labels to 2024-08-04T00:00:00+00:00, run_after=2024-08-05T00:00:00+00:00
[2024-08-05T11:21:04.741+0000] {processor.py:176} INFO - Processing /home/airflow/.local/lib/python3.7/site-packages/airflow/example_dags/example_branch_labels.py took 0.497 seconds
[2024-08-05T11:21:37.441+0000] {processor.py:154} INFO - Started process (PID=20542) to work on /home/airflow/.local/lib/python3.7/site-packages/airflow/example_dags/example_branch_labels.py
[2024-08-05T11:21:37.446+0000] {processor.py:756} INFO - Processing file /home/airflow/.local/lib/python3.7/site-packages/airflow/example_dags/example_branch_labels.py for tasks to queue
[2024-08-05T11:21:37.447+0000] {logging_mixin.py:120} INFO - [2024-08-05T11:21:37.447+0000] {dagbag.py:537} INFO - Filling up the DagBag from /home/airflow/.local/lib/python3.7/site-packages/airflow/example_dags/example_branch_labels.py
[2024-08-05T11:21:37.468+0000] {processor.py:766} INFO - DAG(s) dict_keys(['example_branch_labels']) retrieved from /home/airflow/.local/lib/python3.7/site-packages/airflow/example_dags/example_branch_labels.py
[2024-08-05T11:21:37.560+0000] {logging_mixin.py:120} INFO - [2024-08-05T11:21:37.560+0000] {dag.py:2585} INFO - Sync 1 DAGs
[2024-08-05T11:21:37.658+0000] {logging_mixin.py:120} INFO - [2024-08-05T11:21:37.658+0000] {dag.py:3340} INFO - Setting next_dagrun for example_branch_labels to 2024-08-04T00:00:00+00:00, run_after=2024-08-05T00:00:00+00:00
[2024-08-05T11:21:37.802+0000] {processor.py:176} INFO - Processing /home/airflow/.local/lib/python3.7/site-packages/airflow/example_dags/example_branch_labels.py took 0.365 seconds
[2024-08-05T11:22:08.520+0000] {processor.py:154} INFO - Started process (PID=20609) to work on /home/airflow/.local/lib/python3.7/site-packages/airflow/example_dags/example_branch_labels.py
[2024-08-05T11:22:08.522+0000] {processor.py:756} INFO - Processing file /home/airflow/.local/lib/python3.7/site-packages/airflow/example_dags/example_branch_labels.py for tasks to queue
[2024-08-05T11:22:08.523+0000] {logging_mixin.py:120} INFO - [2024-08-05T11:22:08.522+0000] {dagbag.py:537} INFO - Filling up the DagBag from /home/airflow/.local/lib/python3.7/site-packages/airflow/example_dags/example_branch_labels.py
[2024-08-05T11:22:08.548+0000] {processor.py:766} INFO - DAG(s) dict_keys(['example_branch_labels']) retrieved from /home/airflow/.local/lib/python3.7/site-packages/airflow/example_dags/example_branch_labels.py
[2024-08-05T11:22:08.729+0000] {logging_mixin.py:120} INFO - [2024-08-05T11:22:08.728+0000] {dag.py:2585} INFO - Sync 1 DAGs
[2024-08-05T11:22:08.904+0000] {logging_mixin.py:120} INFO - [2024-08-05T11:22:08.904+0000] {dag.py:3340} INFO - Setting next_dagrun for example_branch_labels to 2024-08-04T00:00:00+00:00, run_after=2024-08-05T00:00:00+00:00
[2024-08-05T11:22:09.050+0000] {processor.py:176} INFO - Processing /home/airflow/.local/lib/python3.7/site-packages/airflow/example_dags/example_branch_labels.py took 0.533 seconds
[2024-08-05T11:22:40.391+0000] {processor.py:154} INFO - Started process (PID=20667) to work on /home/airflow/.local/lib/python3.7/site-packages/airflow/example_dags/example_branch_labels.py
[2024-08-05T11:22:40.520+0000] {processor.py:756} INFO - Processing file /home/airflow/.local/lib/python3.7/site-packages/airflow/example_dags/example_branch_labels.py for tasks to queue
[2024-08-05T11:22:40.662+0000] {logging_mixin.py:120} INFO - [2024-08-05T11:22:40.662+0000] {dagbag.py:537} INFO - Filling up the DagBag from /home/airflow/.local/lib/python3.7/site-packages/airflow/example_dags/example_branch_labels.py
[2024-08-05T11:22:40.688+0000] {processor.py:766} INFO - DAG(s) dict_keys(['example_branch_labels']) retrieved from /home/airflow/.local/lib/python3.7/site-packages/airflow/example_dags/example_branch_labels.py
[2024-08-05T11:22:40.751+0000] {logging_mixin.py:120} INFO - [2024-08-05T11:22:40.750+0000] {dag.py:2585} INFO - Sync 1 DAGs
[2024-08-05T11:22:40.790+0000] {logging_mixin.py:120} INFO - [2024-08-05T11:22:40.789+0000] {dag.py:3340} INFO - Setting next_dagrun for example_branch_labels to 2024-08-04T00:00:00+00:00, run_after=2024-08-05T00:00:00+00:00
[2024-08-05T11:22:40.817+0000] {processor.py:176} INFO - Processing /home/airflow/.local/lib/python3.7/site-packages/airflow/example_dags/example_branch_labels.py took 0.431 seconds
[2024-08-05T11:23:12.332+0000] {processor.py:154} INFO - Started process (PID=20735) to work on /home/airflow/.local/lib/python3.7/site-packages/airflow/example_dags/example_branch_labels.py
[2024-08-05T11:23:12.333+0000] {processor.py:756} INFO - Processing file /home/airflow/.local/lib/python3.7/site-packages/airflow/example_dags/example_branch_labels.py for tasks to queue
[2024-08-05T11:23:12.334+0000] {logging_mixin.py:120} INFO - [2024-08-05T11:23:12.334+0000] {dagbag.py:537} INFO - Filling up the DagBag from /home/airflow/.local/lib/python3.7/site-packages/airflow/example_dags/example_branch_labels.py
[2024-08-05T11:23:12.350+0000] {processor.py:766} INFO - DAG(s) dict_keys(['example_branch_labels']) retrieved from /home/airflow/.local/lib/python3.7/site-packages/airflow/example_dags/example_branch_labels.py
[2024-08-05T11:23:12.406+0000] {logging_mixin.py:120} INFO - [2024-08-05T11:23:12.406+0000] {dag.py:2585} INFO - Sync 1 DAGs
[2024-08-05T11:23:12.484+0000] {logging_mixin.py:120} INFO - [2024-08-05T11:23:12.484+0000] {dag.py:3340} INFO - Setting next_dagrun for example_branch_labels to 2024-08-04T00:00:00+00:00, run_after=2024-08-05T00:00:00+00:00
[2024-08-05T11:23:12.592+0000] {processor.py:176} INFO - Processing /home/airflow/.local/lib/python3.7/site-packages/airflow/example_dags/example_branch_labels.py took 0.265 seconds
[2024-08-05T11:23:44.566+0000] {processor.py:154} INFO - Started process (PID=20802) to work on /home/airflow/.local/lib/python3.7/site-packages/airflow/example_dags/example_branch_labels.py
[2024-08-05T11:23:44.568+0000] {processor.py:756} INFO - Processing file /home/airflow/.local/lib/python3.7/site-packages/airflow/example_dags/example_branch_labels.py for tasks to queue
[2024-08-05T11:23:44.570+0000] {logging_mixin.py:120} INFO - [2024-08-05T11:23:44.570+0000] {dagbag.py:537} INFO - Filling up the DagBag from /home/airflow/.local/lib/python3.7/site-packages/airflow/example_dags/example_branch_labels.py
[2024-08-05T11:23:44.594+0000] {processor.py:766} INFO - DAG(s) dict_keys(['example_branch_labels']) retrieved from /home/airflow/.local/lib/python3.7/site-packages/airflow/example_dags/example_branch_labels.py
[2024-08-05T11:23:44.741+0000] {logging_mixin.py:120} INFO - [2024-08-05T11:23:44.741+0000] {dag.py:2585} INFO - Sync 1 DAGs
[2024-08-05T11:23:44.784+0000] {logging_mixin.py:120} INFO - [2024-08-05T11:23:44.783+0000] {dag.py:3340} INFO - Setting next_dagrun for example_branch_labels to 2024-08-04T00:00:00+00:00, run_after=2024-08-05T00:00:00+00:00
[2024-08-05T11:23:44.855+0000] {processor.py:176} INFO - Processing /home/airflow/.local/lib/python3.7/site-packages/airflow/example_dags/example_branch_labels.py took 0.294 seconds
[2024-08-05T11:24:15.797+0000] {processor.py:154} INFO - Started process (PID=20860) to work on /home/airflow/.local/lib/python3.7/site-packages/airflow/example_dags/example_branch_labels.py
[2024-08-05T11:24:15.799+0000] {processor.py:756} INFO - Processing file /home/airflow/.local/lib/python3.7/site-packages/airflow/example_dags/example_branch_labels.py for tasks to queue
[2024-08-05T11:24:15.799+0000] {logging_mixin.py:120} INFO - [2024-08-05T11:24:15.799+0000] {dagbag.py:537} INFO - Filling up the DagBag from /home/airflow/.local/lib/python3.7/site-packages/airflow/example_dags/example_branch_labels.py
[2024-08-05T11:24:15.818+0000] {processor.py:766} INFO - DAG(s) dict_keys(['example_branch_labels']) retrieved from /home/airflow/.local/lib/python3.7/site-packages/airflow/example_dags/example_branch_labels.py
[2024-08-05T11:24:15.912+0000] {logging_mixin.py:120} INFO - [2024-08-05T11:24:15.912+0000] {dag.py:2585} INFO - Sync 1 DAGs
[2024-08-05T11:24:15.947+0000] {logging_mixin.py:120} INFO - [2024-08-05T11:24:15.947+0000] {dag.py:3340} INFO - Setting next_dagrun for example_branch_labels to 2024-08-04T00:00:00+00:00, run_after=2024-08-05T00:00:00+00:00
[2024-08-05T11:24:16.016+0000] {processor.py:176} INFO - Processing /home/airflow/.local/lib/python3.7/site-packages/airflow/example_dags/example_branch_labels.py took 0.223 seconds
[2024-08-05T11:24:46.651+0000] {processor.py:154} INFO - Started process (PID=20927) to work on /home/airflow/.local/lib/python3.7/site-packages/airflow/example_dags/example_branch_labels.py
[2024-08-05T11:24:46.654+0000] {processor.py:756} INFO - Processing file /home/airflow/.local/lib/python3.7/site-packages/airflow/example_dags/example_branch_labels.py for tasks to queue
[2024-08-05T11:24:46.655+0000] {logging_mixin.py:120} INFO - [2024-08-05T11:24:46.655+0000] {dagbag.py:537} INFO - Filling up the DagBag from /home/airflow/.local/lib/python3.7/site-packages/airflow/example_dags/example_branch_labels.py
[2024-08-05T11:24:46.681+0000] {processor.py:766} INFO - DAG(s) dict_keys(['example_branch_labels']) retrieved from /home/airflow/.local/lib/python3.7/site-packages/airflow/example_dags/example_branch_labels.py
[2024-08-05T11:24:46.729+0000] {logging_mixin.py:120} INFO - [2024-08-05T11:24:46.729+0000] {dag.py:2585} INFO - Sync 1 DAGs
[2024-08-05T11:24:46.758+0000] {logging_mixin.py:120} INFO - [2024-08-05T11:24:46.756+0000] {dag.py:3340} INFO - Setting next_dagrun for example_branch_labels to 2024-08-04T00:00:00+00:00, run_after=2024-08-05T00:00:00+00:00
[2024-08-05T11:24:46.784+0000] {processor.py:176} INFO - Processing /home/airflow/.local/lib/python3.7/site-packages/airflow/example_dags/example_branch_labels.py took 0.137 seconds
[2024-08-05T11:25:17.315+0000] {processor.py:154} INFO - Started process (PID=20994) to work on /home/airflow/.local/lib/python3.7/site-packages/airflow/example_dags/example_branch_labels.py
[2024-08-05T11:25:17.317+0000] {processor.py:756} INFO - Processing file /home/airflow/.local/lib/python3.7/site-packages/airflow/example_dags/example_branch_labels.py for tasks to queue
[2024-08-05T11:25:17.319+0000] {logging_mixin.py:120} INFO - [2024-08-05T11:25:17.319+0000] {dagbag.py:537} INFO - Filling up the DagBag from /home/airflow/.local/lib/python3.7/site-packages/airflow/example_dags/example_branch_labels.py
[2024-08-05T11:25:17.348+0000] {processor.py:766} INFO - DAG(s) dict_keys(['example_branch_labels']) retrieved from /home/airflow/.local/lib/python3.7/site-packages/airflow/example_dags/example_branch_labels.py
[2024-08-05T11:25:17.416+0000] {logging_mixin.py:120} INFO - [2024-08-05T11:25:17.416+0000] {dag.py:2585} INFO - Sync 1 DAGs
[2024-08-05T11:25:17.461+0000] {logging_mixin.py:120} INFO - [2024-08-05T11:25:17.461+0000] {dag.py:3340} INFO - Setting next_dagrun for example_branch_labels to 2024-08-04T00:00:00+00:00, run_after=2024-08-05T00:00:00+00:00
[2024-08-05T11:25:17.501+0000] {processor.py:176} INFO - Processing /home/airflow/.local/lib/python3.7/site-packages/airflow/example_dags/example_branch_labels.py took 0.196 seconds
[2024-08-05T11:25:48.276+0000] {processor.py:154} INFO - Started process (PID=21050) to work on /home/airflow/.local/lib/python3.7/site-packages/airflow/example_dags/example_branch_labels.py
[2024-08-05T11:25:48.405+0000] {processor.py:756} INFO - Processing file /home/airflow/.local/lib/python3.7/site-packages/airflow/example_dags/example_branch_labels.py for tasks to queue
[2024-08-05T11:25:48.407+0000] {logging_mixin.py:120} INFO - [2024-08-05T11:25:48.406+0000] {dagbag.py:537} INFO - Filling up the DagBag from /home/airflow/.local/lib/python3.7/site-packages/airflow/example_dags/example_branch_labels.py
[2024-08-05T11:25:48.444+0000] {processor.py:766} INFO - DAG(s) dict_keys(['example_branch_labels']) retrieved from /home/airflow/.local/lib/python3.7/site-packages/airflow/example_dags/example_branch_labels.py
[2024-08-05T11:25:48.493+0000] {logging_mixin.py:120} INFO - [2024-08-05T11:25:48.493+0000] {dag.py:2585} INFO - Sync 1 DAGs
[2024-08-05T11:25:48.639+0000] {logging_mixin.py:120} INFO - [2024-08-05T11:25:48.639+0000] {dag.py:3340} INFO - Setting next_dagrun for example_branch_labels to 2024-08-04T00:00:00+00:00, run_after=2024-08-05T00:00:00+00:00
[2024-08-05T11:25:48.771+0000] {processor.py:176} INFO - Processing /home/airflow/.local/lib/python3.7/site-packages/airflow/example_dags/example_branch_labels.py took 0.506 seconds
[2024-08-05T11:26:20.355+0000] {processor.py:154} INFO - Started process (PID=21117) to work on /home/airflow/.local/lib/python3.7/site-packages/airflow/example_dags/example_branch_labels.py
[2024-08-05T11:26:20.363+0000] {processor.py:756} INFO - Processing file /home/airflow/.local/lib/python3.7/site-packages/airflow/example_dags/example_branch_labels.py for tasks to queue
[2024-08-05T11:26:20.365+0000] {logging_mixin.py:120} INFO - [2024-08-05T11:26:20.365+0000] {dagbag.py:537} INFO - Filling up the DagBag from /home/airflow/.local/lib/python3.7/site-packages/airflow/example_dags/example_branch_labels.py
[2024-08-05T11:26:20.391+0000] {processor.py:766} INFO - DAG(s) dict_keys(['example_branch_labels']) retrieved from /home/airflow/.local/lib/python3.7/site-packages/airflow/example_dags/example_branch_labels.py
[2024-08-05T11:26:20.449+0000] {logging_mixin.py:120} INFO - [2024-08-05T11:26:20.449+0000] {dag.py:2585} INFO - Sync 1 DAGs
[2024-08-05T11:26:20.508+0000] {logging_mixin.py:120} INFO - [2024-08-05T11:26:20.508+0000] {dag.py:3340} INFO - Setting next_dagrun for example_branch_labels to 2024-08-04T00:00:00+00:00, run_after=2024-08-05T00:00:00+00:00
[2024-08-05T11:26:20.626+0000] {processor.py:176} INFO - Processing /home/airflow/.local/lib/python3.7/site-packages/airflow/example_dags/example_branch_labels.py took 0.277 seconds
[2024-08-05T11:26:51.497+0000] {processor.py:154} INFO - Started process (PID=21184) to work on /home/airflow/.local/lib/python3.7/site-packages/airflow/example_dags/example_branch_labels.py
[2024-08-05T11:26:51.499+0000] {processor.py:756} INFO - Processing file /home/airflow/.local/lib/python3.7/site-packages/airflow/example_dags/example_branch_labels.py for tasks to queue
[2024-08-05T11:26:51.500+0000] {logging_mixin.py:120} INFO - [2024-08-05T11:26:51.500+0000] {dagbag.py:537} INFO - Filling up the DagBag from /home/airflow/.local/lib/python3.7/site-packages/airflow/example_dags/example_branch_labels.py
[2024-08-05T11:26:51.518+0000] {processor.py:766} INFO - DAG(s) dict_keys(['example_branch_labels']) retrieved from /home/airflow/.local/lib/python3.7/site-packages/airflow/example_dags/example_branch_labels.py
[2024-08-05T11:26:51.564+0000] {logging_mixin.py:120} INFO - [2024-08-05T11:26:51.564+0000] {dag.py:2585} INFO - Sync 1 DAGs
[2024-08-05T11:26:51.602+0000] {logging_mixin.py:120} INFO - [2024-08-05T11:26:51.602+0000] {dag.py:3340} INFO - Setting next_dagrun for example_branch_labels to 2024-08-04T00:00:00+00:00, run_after=2024-08-05T00:00:00+00:00
[2024-08-05T11:26:51.660+0000] {processor.py:176} INFO - Processing /home/airflow/.local/lib/python3.7/site-packages/airflow/example_dags/example_branch_labels.py took 0.166 seconds
[2024-08-05T11:27:22.679+0000] {processor.py:154} INFO - Started process (PID=21243) to work on /home/airflow/.local/lib/python3.7/site-packages/airflow/example_dags/example_branch_labels.py
[2024-08-05T11:27:22.696+0000] {processor.py:756} INFO - Processing file /home/airflow/.local/lib/python3.7/site-packages/airflow/example_dags/example_branch_labels.py for tasks to queue
[2024-08-05T11:27:22.708+0000] {logging_mixin.py:120} INFO - [2024-08-05T11:27:22.708+0000] {dagbag.py:537} INFO - Filling up the DagBag from /home/airflow/.local/lib/python3.7/site-packages/airflow/example_dags/example_branch_labels.py
[2024-08-05T11:27:22.870+0000] {processor.py:766} INFO - DAG(s) dict_keys(['example_branch_labels']) retrieved from /home/airflow/.local/lib/python3.7/site-packages/airflow/example_dags/example_branch_labels.py
[2024-08-05T11:27:23.073+0000] {logging_mixin.py:120} INFO - [2024-08-05T11:27:23.072+0000] {dag.py:2585} INFO - Sync 1 DAGs
[2024-08-05T11:27:23.370+0000] {logging_mixin.py:120} INFO - [2024-08-05T11:27:23.370+0000] {dag.py:3340} INFO - Setting next_dagrun for example_branch_labels to 2024-08-04T00:00:00+00:00, run_after=2024-08-05T00:00:00+00:00
[2024-08-05T11:27:23.478+0000] {processor.py:176} INFO - Processing /home/airflow/.local/lib/python3.7/site-packages/airflow/example_dags/example_branch_labels.py took 0.804 seconds
[2024-08-05T11:27:54.520+0000] {processor.py:154} INFO - Started process (PID=21310) to work on /home/airflow/.local/lib/python3.7/site-packages/airflow/example_dags/example_branch_labels.py
[2024-08-05T11:27:54.545+0000] {processor.py:756} INFO - Processing file /home/airflow/.local/lib/python3.7/site-packages/airflow/example_dags/example_branch_labels.py for tasks to queue
[2024-08-05T11:27:54.585+0000] {logging_mixin.py:120} INFO - [2024-08-05T11:27:54.584+0000] {dagbag.py:537} INFO - Filling up the DagBag from /home/airflow/.local/lib/python3.7/site-packages/airflow/example_dags/example_branch_labels.py
[2024-08-05T11:27:54.640+0000] {processor.py:766} INFO - DAG(s) dict_keys(['example_branch_labels']) retrieved from /home/airflow/.local/lib/python3.7/site-packages/airflow/example_dags/example_branch_labels.py
[2024-08-05T11:27:54.696+0000] {logging_mixin.py:120} INFO - [2024-08-05T11:27:54.695+0000] {dag.py:2585} INFO - Sync 1 DAGs
[2024-08-05T11:27:54.816+0000] {logging_mixin.py:120} INFO - [2024-08-05T11:27:54.816+0000] {dag.py:3340} INFO - Setting next_dagrun for example_branch_labels to 2024-08-04T00:00:00+00:00, run_after=2024-08-05T00:00:00+00:00
[2024-08-05T11:27:54.970+0000] {processor.py:176} INFO - Processing /home/airflow/.local/lib/python3.7/site-packages/airflow/example_dags/example_branch_labels.py took 0.455 seconds
[2024-08-05T11:28:25.681+0000] {processor.py:154} INFO - Started process (PID=21377) to work on /home/airflow/.local/lib/python3.7/site-packages/airflow/example_dags/example_branch_labels.py
[2024-08-05T11:28:25.683+0000] {processor.py:756} INFO - Processing file /home/airflow/.local/lib/python3.7/site-packages/airflow/example_dags/example_branch_labels.py for tasks to queue
[2024-08-05T11:28:25.684+0000] {logging_mixin.py:120} INFO - [2024-08-05T11:28:25.684+0000] {dagbag.py:537} INFO - Filling up the DagBag from /home/airflow/.local/lib/python3.7/site-packages/airflow/example_dags/example_branch_labels.py
[2024-08-05T11:28:25.700+0000] {processor.py:766} INFO - DAG(s) dict_keys(['example_branch_labels']) retrieved from /home/airflow/.local/lib/python3.7/site-packages/airflow/example_dags/example_branch_labels.py
[2024-08-05T11:28:25.756+0000] {logging_mixin.py:120} INFO - [2024-08-05T11:28:25.756+0000] {dag.py:2585} INFO - Sync 1 DAGs
[2024-08-05T11:28:25.812+0000] {logging_mixin.py:120} INFO - [2024-08-05T11:28:25.812+0000] {dag.py:3340} INFO - Setting next_dagrun for example_branch_labels to 2024-08-04T00:00:00+00:00, run_after=2024-08-05T00:00:00+00:00
[2024-08-05T11:28:25.870+0000] {processor.py:176} INFO - Processing /home/airflow/.local/lib/python3.7/site-packages/airflow/example_dags/example_branch_labels.py took 0.193 seconds
[2024-08-05T11:28:55.934+0000] {processor.py:154} INFO - Started process (PID=21435) to work on /home/airflow/.local/lib/python3.7/site-packages/airflow/example_dags/example_branch_labels.py
[2024-08-05T11:28:55.936+0000] {processor.py:756} INFO - Processing file /home/airflow/.local/lib/python3.7/site-packages/airflow/example_dags/example_branch_labels.py for tasks to queue
[2024-08-05T11:28:55.938+0000] {logging_mixin.py:120} INFO - [2024-08-05T11:28:55.938+0000] {dagbag.py:537} INFO - Filling up the DagBag from /home/airflow/.local/lib/python3.7/site-packages/airflow/example_dags/example_branch_labels.py
[2024-08-05T11:28:55.959+0000] {processor.py:766} INFO - DAG(s) dict_keys(['example_branch_labels']) retrieved from /home/airflow/.local/lib/python3.7/site-packages/airflow/example_dags/example_branch_labels.py
[2024-08-05T11:28:56.005+0000] {logging_mixin.py:120} INFO - [2024-08-05T11:28:56.004+0000] {dag.py:2585} INFO - Sync 1 DAGs
[2024-08-05T11:28:56.046+0000] {logging_mixin.py:120} INFO - [2024-08-05T11:28:56.045+0000] {dag.py:3340} INFO - Setting next_dagrun for example_branch_labels to 2024-08-04T00:00:00+00:00, run_after=2024-08-05T00:00:00+00:00
[2024-08-05T11:28:56.205+0000] {processor.py:176} INFO - Processing /home/airflow/.local/lib/python3.7/site-packages/airflow/example_dags/example_branch_labels.py took 0.274 seconds
[2024-08-05T11:29:28.717+0000] {processor.py:154} INFO - Started process (PID=21503) to work on /home/airflow/.local/lib/python3.7/site-packages/airflow/example_dags/example_branch_labels.py
[2024-08-05T11:29:28.718+0000] {processor.py:756} INFO - Processing file /home/airflow/.local/lib/python3.7/site-packages/airflow/example_dags/example_branch_labels.py for tasks to queue
[2024-08-05T11:29:28.719+0000] {logging_mixin.py:120} INFO - [2024-08-05T11:29:28.719+0000] {dagbag.py:537} INFO - Filling up the DagBag from /home/airflow/.local/lib/python3.7/site-packages/airflow/example_dags/example_branch_labels.py
[2024-08-05T11:29:28.737+0000] {processor.py:766} INFO - DAG(s) dict_keys(['example_branch_labels']) retrieved from /home/airflow/.local/lib/python3.7/site-packages/airflow/example_dags/example_branch_labels.py
[2024-08-05T11:29:28.884+0000] {logging_mixin.py:120} INFO - [2024-08-05T11:29:28.884+0000] {dag.py:2585} INFO - Sync 1 DAGs
[2024-08-05T11:29:28.996+0000] {logging_mixin.py:120} INFO - [2024-08-05T11:29:28.996+0000] {dag.py:3340} INFO - Setting next_dagrun for example_branch_labels to 2024-08-04T00:00:00+00:00, run_after=2024-08-05T00:00:00+00:00
[2024-08-05T11:29:29.022+0000] {processor.py:176} INFO - Processing /home/airflow/.local/lib/python3.7/site-packages/airflow/example_dags/example_branch_labels.py took 0.311 seconds
[2024-08-05T11:29:59.393+0000] {processor.py:154} INFO - Started process (PID=21569) to work on /home/airflow/.local/lib/python3.7/site-packages/airflow/example_dags/example_branch_labels.py
[2024-08-05T11:29:59.394+0000] {processor.py:756} INFO - Processing file /home/airflow/.local/lib/python3.7/site-packages/airflow/example_dags/example_branch_labels.py for tasks to queue
[2024-08-05T11:29:59.395+0000] {logging_mixin.py:120} INFO - [2024-08-05T11:29:59.395+0000] {dagbag.py:537} INFO - Filling up the DagBag from /home/airflow/.local/lib/python3.7/site-packages/airflow/example_dags/example_branch_labels.py
[2024-08-05T11:29:59.412+0000] {processor.py:766} INFO - DAG(s) dict_keys(['example_branch_labels']) retrieved from /home/airflow/.local/lib/python3.7/site-packages/airflow/example_dags/example_branch_labels.py
[2024-08-05T11:29:59.470+0000] {logging_mixin.py:120} INFO - [2024-08-05T11:29:59.470+0000] {dag.py:2585} INFO - Sync 1 DAGs
[2024-08-05T11:29:59.578+0000] {logging_mixin.py:120} INFO - [2024-08-05T11:29:59.578+0000] {dag.py:3340} INFO - Setting next_dagrun for example_branch_labels to 2024-08-04T00:00:00+00:00, run_after=2024-08-05T00:00:00+00:00
[2024-08-05T11:29:59.601+0000] {processor.py:176} INFO - Processing /home/airflow/.local/lib/python3.7/site-packages/airflow/example_dags/example_branch_labels.py took 0.212 seconds
[2024-08-05T11:30:30.605+0000] {processor.py:154} INFO - Started process (PID=21636) to work on /home/airflow/.local/lib/python3.7/site-packages/airflow/example_dags/example_branch_labels.py
[2024-08-05T11:30:30.607+0000] {processor.py:756} INFO - Processing file /home/airflow/.local/lib/python3.7/site-packages/airflow/example_dags/example_branch_labels.py for tasks to queue
[2024-08-05T11:30:30.610+0000] {logging_mixin.py:120} INFO - [2024-08-05T11:30:30.609+0000] {dagbag.py:537} INFO - Filling up the DagBag from /home/airflow/.local/lib/python3.7/site-packages/airflow/example_dags/example_branch_labels.py
[2024-08-05T11:30:30.633+0000] {processor.py:766} INFO - DAG(s) dict_keys(['example_branch_labels']) retrieved from /home/airflow/.local/lib/python3.7/site-packages/airflow/example_dags/example_branch_labels.py
[2024-08-05T11:30:30.706+0000] {logging_mixin.py:120} INFO - [2024-08-05T11:30:30.706+0000] {dag.py:2585} INFO - Sync 1 DAGs
[2024-08-05T11:30:30.752+0000] {logging_mixin.py:120} INFO - [2024-08-05T11:30:30.752+0000] {dag.py:3340} INFO - Setting next_dagrun for example_branch_labels to 2024-08-04T00:00:00+00:00, run_after=2024-08-05T00:00:00+00:00
[2024-08-05T11:30:30.783+0000] {processor.py:176} INFO - Processing /home/airflow/.local/lib/python3.7/site-packages/airflow/example_dags/example_branch_labels.py took 0.187 seconds
[2024-08-05T11:31:01.141+0000] {processor.py:154} INFO - Started process (PID=21694) to work on /home/airflow/.local/lib/python3.7/site-packages/airflow/example_dags/example_branch_labels.py
[2024-08-05T11:31:01.142+0000] {processor.py:756} INFO - Processing file /home/airflow/.local/lib/python3.7/site-packages/airflow/example_dags/example_branch_labels.py for tasks to queue
[2024-08-05T11:31:01.143+0000] {logging_mixin.py:120} INFO - [2024-08-05T11:31:01.143+0000] {dagbag.py:537} INFO - Filling up the DagBag from /home/airflow/.local/lib/python3.7/site-packages/airflow/example_dags/example_branch_labels.py
[2024-08-05T11:31:01.160+0000] {processor.py:766} INFO - DAG(s) dict_keys(['example_branch_labels']) retrieved from /home/airflow/.local/lib/python3.7/site-packages/airflow/example_dags/example_branch_labels.py
[2024-08-05T11:31:01.205+0000] {logging_mixin.py:120} INFO - [2024-08-05T11:31:01.205+0000] {dag.py:2585} INFO - Sync 1 DAGs
[2024-08-05T11:31:01.241+0000] {logging_mixin.py:120} INFO - [2024-08-05T11:31:01.241+0000] {dag.py:3340} INFO - Setting next_dagrun for example_branch_labels to 2024-08-04T00:00:00+00:00, run_after=2024-08-05T00:00:00+00:00
[2024-08-05T11:31:01.264+0000] {processor.py:176} INFO - Processing /home/airflow/.local/lib/python3.7/site-packages/airflow/example_dags/example_branch_labels.py took 0.126 seconds
[2024-08-05T11:31:31.748+0000] {processor.py:154} INFO - Started process (PID=21759) to work on /home/airflow/.local/lib/python3.7/site-packages/airflow/example_dags/example_branch_labels.py
[2024-08-05T11:31:31.751+0000] {processor.py:756} INFO - Processing file /home/airflow/.local/lib/python3.7/site-packages/airflow/example_dags/example_branch_labels.py for tasks to queue
[2024-08-05T11:31:31.753+0000] {logging_mixin.py:120} INFO - [2024-08-05T11:31:31.753+0000] {dagbag.py:537} INFO - Filling up the DagBag from /home/airflow/.local/lib/python3.7/site-packages/airflow/example_dags/example_branch_labels.py
[2024-08-05T11:31:31.784+0000] {processor.py:766} INFO - DAG(s) dict_keys(['example_branch_labels']) retrieved from /home/airflow/.local/lib/python3.7/site-packages/airflow/example_dags/example_branch_labels.py
[2024-08-05T11:31:31.842+0000] {logging_mixin.py:120} INFO - [2024-08-05T11:31:31.842+0000] {dag.py:2585} INFO - Sync 1 DAGs
[2024-08-05T11:31:31.886+0000] {logging_mixin.py:120} INFO - [2024-08-05T11:31:31.886+0000] {dag.py:3340} INFO - Setting next_dagrun for example_branch_labels to 2024-08-04T00:00:00+00:00, run_after=2024-08-05T00:00:00+00:00
[2024-08-05T11:31:31.921+0000] {processor.py:176} INFO - Processing /home/airflow/.local/lib/python3.7/site-packages/airflow/example_dags/example_branch_labels.py took 0.177 seconds
[2024-08-05T11:32:02.519+0000] {processor.py:154} INFO - Started process (PID=21825) to work on /home/airflow/.local/lib/python3.7/site-packages/airflow/example_dags/example_branch_labels.py
[2024-08-05T11:32:02.520+0000] {processor.py:756} INFO - Processing file /home/airflow/.local/lib/python3.7/site-packages/airflow/example_dags/example_branch_labels.py for tasks to queue
[2024-08-05T11:32:02.522+0000] {logging_mixin.py:120} INFO - [2024-08-05T11:32:02.522+0000] {dagbag.py:537} INFO - Filling up the DagBag from /home/airflow/.local/lib/python3.7/site-packages/airflow/example_dags/example_branch_labels.py
[2024-08-05T11:32:02.558+0000] {processor.py:766} INFO - DAG(s) dict_keys(['example_branch_labels']) retrieved from /home/airflow/.local/lib/python3.7/site-packages/airflow/example_dags/example_branch_labels.py
[2024-08-05T11:32:02.601+0000] {logging_mixin.py:120} INFO - [2024-08-05T11:32:02.601+0000] {dag.py:2585} INFO - Sync 1 DAGs
[2024-08-05T11:32:02.735+0000] {logging_mixin.py:120} INFO - [2024-08-05T11:32:02.735+0000] {dag.py:3340} INFO - Setting next_dagrun for example_branch_labels to 2024-08-04T00:00:00+00:00, run_after=2024-08-05T00:00:00+00:00
[2024-08-05T11:32:02.861+0000] {processor.py:176} INFO - Processing /home/airflow/.local/lib/python3.7/site-packages/airflow/example_dags/example_branch_labels.py took 0.346 seconds
[2024-08-05T11:32:33.955+0000] {processor.py:154} INFO - Started process (PID=21882) to work on /home/airflow/.local/lib/python3.7/site-packages/airflow/example_dags/example_branch_labels.py
[2024-08-05T11:32:33.983+0000] {processor.py:756} INFO - Processing file /home/airflow/.local/lib/python3.7/site-packages/airflow/example_dags/example_branch_labels.py for tasks to queue
[2024-08-05T11:32:34.057+0000] {logging_mixin.py:120} INFO - [2024-08-05T11:32:34.056+0000] {dagbag.py:537} INFO - Filling up the DagBag from /home/airflow/.local/lib/python3.7/site-packages/airflow/example_dags/example_branch_labels.py
[2024-08-05T11:32:34.111+0000] {processor.py:766} INFO - DAG(s) dict_keys(['example_branch_labels']) retrieved from /home/airflow/.local/lib/python3.7/site-packages/airflow/example_dags/example_branch_labels.py
[2024-08-05T11:32:34.185+0000] {logging_mixin.py:120} INFO - [2024-08-05T11:32:34.185+0000] {dag.py:2585} INFO - Sync 1 DAGs
[2024-08-05T11:32:34.270+0000] {logging_mixin.py:120} INFO - [2024-08-05T11:32:34.270+0000] {dag.py:3340} INFO - Setting next_dagrun for example_branch_labels to 2024-08-04T00:00:00+00:00, run_after=2024-08-05T00:00:00+00:00
[2024-08-05T11:32:34.423+0000] {processor.py:176} INFO - Processing /home/airflow/.local/lib/python3.7/site-packages/airflow/example_dags/example_branch_labels.py took 0.472 seconds
[2024-08-05T11:33:04.722+0000] {processor.py:154} INFO - Started process (PID=21949) to work on /home/airflow/.local/lib/python3.7/site-packages/airflow/example_dags/example_branch_labels.py
[2024-08-05T11:33:04.724+0000] {processor.py:756} INFO - Processing file /home/airflow/.local/lib/python3.7/site-packages/airflow/example_dags/example_branch_labels.py for tasks to queue
[2024-08-05T11:33:04.725+0000] {logging_mixin.py:120} INFO - [2024-08-05T11:33:04.725+0000] {dagbag.py:537} INFO - Filling up the DagBag from /home/airflow/.local/lib/python3.7/site-packages/airflow/example_dags/example_branch_labels.py
[2024-08-05T11:33:04.740+0000] {processor.py:766} INFO - DAG(s) dict_keys(['example_branch_labels']) retrieved from /home/airflow/.local/lib/python3.7/site-packages/airflow/example_dags/example_branch_labels.py
[2024-08-05T11:33:04.778+0000] {logging_mixin.py:120} INFO - [2024-08-05T11:33:04.778+0000] {dag.py:2585} INFO - Sync 1 DAGs
[2024-08-05T11:33:04.802+0000] {logging_mixin.py:120} INFO - [2024-08-05T11:33:04.802+0000] {dag.py:3340} INFO - Setting next_dagrun for example_branch_labels to 2024-08-04T00:00:00+00:00, run_after=2024-08-05T00:00:00+00:00
[2024-08-05T11:33:04.823+0000] {processor.py:176} INFO - Processing /home/airflow/.local/lib/python3.7/site-packages/airflow/example_dags/example_branch_labels.py took 0.104 seconds
[2024-08-05T11:33:36.884+0000] {processor.py:154} INFO - Started process (PID=22017) to work on /home/airflow/.local/lib/python3.7/site-packages/airflow/example_dags/example_branch_labels.py
[2024-08-05T11:33:36.885+0000] {processor.py:756} INFO - Processing file /home/airflow/.local/lib/python3.7/site-packages/airflow/example_dags/example_branch_labels.py for tasks to queue
[2024-08-05T11:33:36.887+0000] {logging_mixin.py:120} INFO - [2024-08-05T11:33:36.887+0000] {dagbag.py:537} INFO - Filling up the DagBag from /home/airflow/.local/lib/python3.7/site-packages/airflow/example_dags/example_branch_labels.py
[2024-08-05T11:33:36.911+0000] {processor.py:766} INFO - DAG(s) dict_keys(['example_branch_labels']) retrieved from /home/airflow/.local/lib/python3.7/site-packages/airflow/example_dags/example_branch_labels.py
[2024-08-05T11:33:36.964+0000] {logging_mixin.py:120} INFO - [2024-08-05T11:33:36.964+0000] {dag.py:2585} INFO - Sync 1 DAGs
[2024-08-05T11:33:36.993+0000] {logging_mixin.py:120} INFO - [2024-08-05T11:33:36.992+0000] {dag.py:3340} INFO - Setting next_dagrun for example_branch_labels to 2024-08-04T00:00:00+00:00, run_after=2024-08-05T00:00:00+00:00
[2024-08-05T11:33:37.017+0000] {processor.py:176} INFO - Processing /home/airflow/.local/lib/python3.7/site-packages/airflow/example_dags/example_branch_labels.py took 0.138 seconds
[2024-08-05T11:34:08.303+0000] {processor.py:154} INFO - Started process (PID=22078) to work on /home/airflow/.local/lib/python3.7/site-packages/airflow/example_dags/example_branch_labels.py
[2024-08-05T11:34:08.307+0000] {processor.py:756} INFO - Processing file /home/airflow/.local/lib/python3.7/site-packages/airflow/example_dags/example_branch_labels.py for tasks to queue
[2024-08-05T11:34:08.308+0000] {logging_mixin.py:120} INFO - [2024-08-05T11:34:08.308+0000] {dagbag.py:537} INFO - Filling up the DagBag from /home/airflow/.local/lib/python3.7/site-packages/airflow/example_dags/example_branch_labels.py
[2024-08-05T11:34:08.333+0000] {processor.py:766} INFO - DAG(s) dict_keys(['example_branch_labels']) retrieved from /home/airflow/.local/lib/python3.7/site-packages/airflow/example_dags/example_branch_labels.py
[2024-08-05T11:34:08.493+0000] {logging_mixin.py:120} INFO - [2024-08-05T11:34:08.492+0000] {dag.py:2585} INFO - Sync 1 DAGs
[2024-08-05T11:34:08.591+0000] {logging_mixin.py:120} INFO - [2024-08-05T11:34:08.591+0000] {dag.py:3340} INFO - Setting next_dagrun for example_branch_labels to 2024-08-04T00:00:00+00:00, run_after=2024-08-05T00:00:00+00:00
[2024-08-05T11:34:08.677+0000] {processor.py:176} INFO - Processing /home/airflow/.local/lib/python3.7/site-packages/airflow/example_dags/example_branch_labels.py took 0.381 seconds
[2024-08-05T11:34:39.649+0000] {processor.py:154} INFO - Started process (PID=22145) to work on /home/airflow/.local/lib/python3.7/site-packages/airflow/example_dags/example_branch_labels.py
[2024-08-05T11:34:39.660+0000] {processor.py:756} INFO - Processing file /home/airflow/.local/lib/python3.7/site-packages/airflow/example_dags/example_branch_labels.py for tasks to queue
[2024-08-05T11:34:39.664+0000] {logging_mixin.py:120} INFO - [2024-08-05T11:34:39.663+0000] {dagbag.py:537} INFO - Filling up the DagBag from /home/airflow/.local/lib/python3.7/site-packages/airflow/example_dags/example_branch_labels.py
[2024-08-05T11:34:39.801+0000] {processor.py:766} INFO - DAG(s) dict_keys(['example_branch_labels']) retrieved from /home/airflow/.local/lib/python3.7/site-packages/airflow/example_dags/example_branch_labels.py
[2024-08-05T11:34:39.852+0000] {logging_mixin.py:120} INFO - [2024-08-05T11:34:39.852+0000] {dag.py:2585} INFO - Sync 1 DAGs
[2024-08-05T11:34:39.968+0000] {logging_mixin.py:120} INFO - [2024-08-05T11:34:39.968+0000] {dag.py:3340} INFO - Setting next_dagrun for example_branch_labels to 2024-08-04T00:00:00+00:00, run_after=2024-08-05T00:00:00+00:00
[2024-08-05T11:34:40.142+0000] {processor.py:176} INFO - Processing /home/airflow/.local/lib/python3.7/site-packages/airflow/example_dags/example_branch_labels.py took 0.497 seconds
[2024-08-05T11:35:10.912+0000] {processor.py:154} INFO - Started process (PID=22212) to work on /home/airflow/.local/lib/python3.7/site-packages/airflow/example_dags/example_branch_labels.py
[2024-08-05T11:35:10.914+0000] {processor.py:756} INFO - Processing file /home/airflow/.local/lib/python3.7/site-packages/airflow/example_dags/example_branch_labels.py for tasks to queue
[2024-08-05T11:35:10.916+0000] {logging_mixin.py:120} INFO - [2024-08-05T11:35:10.915+0000] {dagbag.py:537} INFO - Filling up the DagBag from /home/airflow/.local/lib/python3.7/site-packages/airflow/example_dags/example_branch_labels.py
[2024-08-05T11:35:10.947+0000] {processor.py:766} INFO - DAG(s) dict_keys(['example_branch_labels']) retrieved from /home/airflow/.local/lib/python3.7/site-packages/airflow/example_dags/example_branch_labels.py
[2024-08-05T11:35:11.014+0000] {logging_mixin.py:120} INFO - [2024-08-05T11:35:11.013+0000] {dag.py:2585} INFO - Sync 1 DAGs
[2024-08-05T11:35:11.064+0000] {logging_mixin.py:120} INFO - [2024-08-05T11:35:11.064+0000] {dag.py:3340} INFO - Setting next_dagrun for example_branch_labels to 2024-08-04T00:00:00+00:00, run_after=2024-08-05T00:00:00+00:00
[2024-08-05T11:35:11.095+0000] {processor.py:176} INFO - Processing /home/airflow/.local/lib/python3.7/site-packages/airflow/example_dags/example_branch_labels.py took 0.186 seconds
[2024-08-05T11:35:41.443+0000] {processor.py:154} INFO - Started process (PID=22270) to work on /home/airflow/.local/lib/python3.7/site-packages/airflow/example_dags/example_branch_labels.py
[2024-08-05T11:35:41.444+0000] {processor.py:756} INFO - Processing file /home/airflow/.local/lib/python3.7/site-packages/airflow/example_dags/example_branch_labels.py for tasks to queue
[2024-08-05T11:35:41.445+0000] {logging_mixin.py:120} INFO - [2024-08-05T11:35:41.445+0000] {dagbag.py:537} INFO - Filling up the DagBag from /home/airflow/.local/lib/python3.7/site-packages/airflow/example_dags/example_branch_labels.py
[2024-08-05T11:35:41.471+0000] {processor.py:766} INFO - DAG(s) dict_keys(['example_branch_labels']) retrieved from /home/airflow/.local/lib/python3.7/site-packages/airflow/example_dags/example_branch_labels.py
[2024-08-05T11:35:41.527+0000] {logging_mixin.py:120} INFO - [2024-08-05T11:35:41.527+0000] {dag.py:2585} INFO - Sync 1 DAGs
[2024-08-05T11:35:41.563+0000] {logging_mixin.py:120} INFO - [2024-08-05T11:35:41.562+0000] {dag.py:3340} INFO - Setting next_dagrun for example_branch_labels to 2024-08-04T00:00:00+00:00, run_after=2024-08-05T00:00:00+00:00
[2024-08-05T11:35:41.594+0000] {processor.py:176} INFO - Processing /home/airflow/.local/lib/python3.7/site-packages/airflow/example_dags/example_branch_labels.py took 0.155 seconds
[2024-08-05T11:36:11.875+0000] {processor.py:154} INFO - Started process (PID=22338) to work on /home/airflow/.local/lib/python3.7/site-packages/airflow/example_dags/example_branch_labels.py
[2024-08-05T11:36:11.879+0000] {processor.py:756} INFO - Processing file /home/airflow/.local/lib/python3.7/site-packages/airflow/example_dags/example_branch_labels.py for tasks to queue
[2024-08-05T11:36:11.881+0000] {logging_mixin.py:120} INFO - [2024-08-05T11:36:11.880+0000] {dagbag.py:537} INFO - Filling up the DagBag from /home/airflow/.local/lib/python3.7/site-packages/airflow/example_dags/example_branch_labels.py
[2024-08-05T11:36:11.904+0000] {processor.py:766} INFO - DAG(s) dict_keys(['example_branch_labels']) retrieved from /home/airflow/.local/lib/python3.7/site-packages/airflow/example_dags/example_branch_labels.py
[2024-08-05T11:36:11.978+0000] {logging_mixin.py:120} INFO - [2024-08-05T11:36:11.977+0000] {dag.py:2585} INFO - Sync 1 DAGs
[2024-08-05T11:36:12.013+0000] {logging_mixin.py:120} INFO - [2024-08-05T11:36:12.013+0000] {dag.py:3340} INFO - Setting next_dagrun for example_branch_labels to 2024-08-04T00:00:00+00:00, run_after=2024-08-05T00:00:00+00:00
[2024-08-05T11:36:12.044+0000] {processor.py:176} INFO - Processing /home/airflow/.local/lib/python3.7/site-packages/airflow/example_dags/example_branch_labels.py took 0.175 seconds
[2024-08-05T11:36:42.791+0000] {processor.py:154} INFO - Started process (PID=22395) to work on /home/airflow/.local/lib/python3.7/site-packages/airflow/example_dags/example_branch_labels.py
[2024-08-05T11:36:42.793+0000] {processor.py:756} INFO - Processing file /home/airflow/.local/lib/python3.7/site-packages/airflow/example_dags/example_branch_labels.py for tasks to queue
[2024-08-05T11:36:42.794+0000] {logging_mixin.py:120} INFO - [2024-08-05T11:36:42.794+0000] {dagbag.py:537} INFO - Filling up the DagBag from /home/airflow/.local/lib/python3.7/site-packages/airflow/example_dags/example_branch_labels.py
[2024-08-05T11:36:42.813+0000] {processor.py:766} INFO - DAG(s) dict_keys(['example_branch_labels']) retrieved from /home/airflow/.local/lib/python3.7/site-packages/airflow/example_dags/example_branch_labels.py
[2024-08-05T11:36:42.865+0000] {logging_mixin.py:120} INFO - [2024-08-05T11:36:42.865+0000] {dag.py:2585} INFO - Sync 1 DAGs
[2024-08-05T11:36:42.893+0000] {logging_mixin.py:120} INFO - [2024-08-05T11:36:42.893+0000] {dag.py:3340} INFO - Setting next_dagrun for example_branch_labels to 2024-08-04T00:00:00+00:00, run_after=2024-08-05T00:00:00+00:00
[2024-08-05T11:36:42.930+0000] {processor.py:176} INFO - Processing /home/airflow/.local/lib/python3.7/site-packages/airflow/example_dags/example_branch_labels.py took 0.142 seconds
[2024-08-05T11:37:13.276+0000] {processor.py:154} INFO - Started process (PID=22462) to work on /home/airflow/.local/lib/python3.7/site-packages/airflow/example_dags/example_branch_labels.py
[2024-08-05T11:37:13.278+0000] {processor.py:756} INFO - Processing file /home/airflow/.local/lib/python3.7/site-packages/airflow/example_dags/example_branch_labels.py for tasks to queue
[2024-08-05T11:37:13.281+0000] {logging_mixin.py:120} INFO - [2024-08-05T11:37:13.280+0000] {dagbag.py:537} INFO - Filling up the DagBag from /home/airflow/.local/lib/python3.7/site-packages/airflow/example_dags/example_branch_labels.py
[2024-08-05T11:37:13.300+0000] {processor.py:766} INFO - DAG(s) dict_keys(['example_branch_labels']) retrieved from /home/airflow/.local/lib/python3.7/site-packages/airflow/example_dags/example_branch_labels.py
[2024-08-05T11:37:13.357+0000] {logging_mixin.py:120} INFO - [2024-08-05T11:37:13.357+0000] {dag.py:2585} INFO - Sync 1 DAGs
[2024-08-05T11:37:13.387+0000] {logging_mixin.py:120} INFO - [2024-08-05T11:37:13.387+0000] {dag.py:3340} INFO - Setting next_dagrun for example_branch_labels to 2024-08-04T00:00:00+00:00, run_after=2024-08-05T00:00:00+00:00
[2024-08-05T11:37:13.425+0000] {processor.py:176} INFO - Processing /home/airflow/.local/lib/python3.7/site-packages/airflow/example_dags/example_branch_labels.py took 0.154 seconds
[2024-08-05T11:37:43.639+0000] {processor.py:154} INFO - Started process (PID=22520) to work on /home/airflow/.local/lib/python3.7/site-packages/airflow/example_dags/example_branch_labels.py
[2024-08-05T11:37:43.640+0000] {processor.py:756} INFO - Processing file /home/airflow/.local/lib/python3.7/site-packages/airflow/example_dags/example_branch_labels.py for tasks to queue
[2024-08-05T11:37:43.641+0000] {logging_mixin.py:120} INFO - [2024-08-05T11:37:43.641+0000] {dagbag.py:537} INFO - Filling up the DagBag from /home/airflow/.local/lib/python3.7/site-packages/airflow/example_dags/example_branch_labels.py
[2024-08-05T11:37:43.668+0000] {processor.py:766} INFO - DAG(s) dict_keys(['example_branch_labels']) retrieved from /home/airflow/.local/lib/python3.7/site-packages/airflow/example_dags/example_branch_labels.py
[2024-08-05T11:37:43.718+0000] {logging_mixin.py:120} INFO - [2024-08-05T11:37:43.717+0000] {dag.py:2585} INFO - Sync 1 DAGs
[2024-08-05T11:37:43.745+0000] {logging_mixin.py:120} INFO - [2024-08-05T11:37:43.745+0000] {dag.py:3340} INFO - Setting next_dagrun for example_branch_labels to 2024-08-04T00:00:00+00:00, run_after=2024-08-05T00:00:00+00:00
[2024-08-05T11:37:43.767+0000] {processor.py:176} INFO - Processing /home/airflow/.local/lib/python3.7/site-packages/airflow/example_dags/example_branch_labels.py took 0.131 seconds
[2024-08-05T11:38:14.613+0000] {processor.py:154} INFO - Started process (PID=22587) to work on /home/airflow/.local/lib/python3.7/site-packages/airflow/example_dags/example_branch_labels.py
[2024-08-05T11:38:14.614+0000] {processor.py:756} INFO - Processing file /home/airflow/.local/lib/python3.7/site-packages/airflow/example_dags/example_branch_labels.py for tasks to queue
[2024-08-05T11:38:14.625+0000] {logging_mixin.py:120} INFO - [2024-08-05T11:38:14.615+0000] {dagbag.py:537} INFO - Filling up the DagBag from /home/airflow/.local/lib/python3.7/site-packages/airflow/example_dags/example_branch_labels.py
[2024-08-05T11:38:14.645+0000] {processor.py:766} INFO - DAG(s) dict_keys(['example_branch_labels']) retrieved from /home/airflow/.local/lib/python3.7/site-packages/airflow/example_dags/example_branch_labels.py
[2024-08-05T11:38:14.808+0000] {logging_mixin.py:120} INFO - [2024-08-05T11:38:14.808+0000] {dag.py:2585} INFO - Sync 1 DAGs
[2024-08-05T11:38:14.985+0000] {logging_mixin.py:120} INFO - [2024-08-05T11:38:14.985+0000] {dag.py:3340} INFO - Setting next_dagrun for example_branch_labels to 2024-08-04T00:00:00+00:00, run_after=2024-08-05T00:00:00+00:00
[2024-08-05T11:38:15.138+0000] {processor.py:176} INFO - Processing /home/airflow/.local/lib/python3.7/site-packages/airflow/example_dags/example_branch_labels.py took 0.529 seconds
[2024-08-05T11:38:45.916+0000] {processor.py:154} INFO - Started process (PID=22654) to work on /home/airflow/.local/lib/python3.7/site-packages/airflow/example_dags/example_branch_labels.py
[2024-08-05T11:38:45.918+0000] {processor.py:756} INFO - Processing file /home/airflow/.local/lib/python3.7/site-packages/airflow/example_dags/example_branch_labels.py for tasks to queue
[2024-08-05T11:38:45.920+0000] {logging_mixin.py:120} INFO - [2024-08-05T11:38:45.919+0000] {dagbag.py:537} INFO - Filling up the DagBag from /home/airflow/.local/lib/python3.7/site-packages/airflow/example_dags/example_branch_labels.py
[2024-08-05T11:38:45.952+0000] {processor.py:766} INFO - DAG(s) dict_keys(['example_branch_labels']) retrieved from /home/airflow/.local/lib/python3.7/site-packages/airflow/example_dags/example_branch_labels.py
[2024-08-05T11:38:46.140+0000] {logging_mixin.py:120} INFO - [2024-08-05T11:38:46.140+0000] {dag.py:2585} INFO - Sync 1 DAGs
[2024-08-05T11:38:46.204+0000] {logging_mixin.py:120} INFO - [2024-08-05T11:38:46.204+0000] {dag.py:3340} INFO - Setting next_dagrun for example_branch_labels to 2024-08-04T00:00:00+00:00, run_after=2024-08-05T00:00:00+00:00
[2024-08-05T11:38:46.256+0000] {processor.py:176} INFO - Processing /home/airflow/.local/lib/python3.7/site-packages/airflow/example_dags/example_branch_labels.py took 0.349 seconds
[2024-08-05T11:39:17.284+0000] {processor.py:154} INFO - Started process (PID=22712) to work on /home/airflow/.local/lib/python3.7/site-packages/airflow/example_dags/example_branch_labels.py
[2024-08-05T11:39:17.286+0000] {processor.py:756} INFO - Processing file /home/airflow/.local/lib/python3.7/site-packages/airflow/example_dags/example_branch_labels.py for tasks to queue
[2024-08-05T11:39:17.287+0000] {logging_mixin.py:120} INFO - [2024-08-05T11:39:17.287+0000] {dagbag.py:537} INFO - Filling up the DagBag from /home/airflow/.local/lib/python3.7/site-packages/airflow/example_dags/example_branch_labels.py
[2024-08-05T11:39:17.344+0000] {processor.py:766} INFO - DAG(s) dict_keys(['example_branch_labels']) retrieved from /home/airflow/.local/lib/python3.7/site-packages/airflow/example_dags/example_branch_labels.py
[2024-08-05T11:39:17.535+0000] {logging_mixin.py:120} INFO - [2024-08-05T11:39:17.535+0000] {dag.py:2585} INFO - Sync 1 DAGs
[2024-08-05T11:39:17.701+0000] {logging_mixin.py:120} INFO - [2024-08-05T11:39:17.701+0000] {dag.py:3340} INFO - Setting next_dagrun for example_branch_labels to 2024-08-04T00:00:00+00:00, run_after=2024-08-05T00:00:00+00:00
[2024-08-05T11:39:17.721+0000] {processor.py:176} INFO - Processing /home/airflow/.local/lib/python3.7/site-packages/airflow/example_dags/example_branch_labels.py took 0.445 seconds
[2024-08-05T11:39:48.520+0000] {processor.py:154} INFO - Started process (PID=22779) to work on /home/airflow/.local/lib/python3.7/site-packages/airflow/example_dags/example_branch_labels.py
[2024-08-05T11:39:48.539+0000] {processor.py:756} INFO - Processing file /home/airflow/.local/lib/python3.7/site-packages/airflow/example_dags/example_branch_labels.py for tasks to queue
[2024-08-05T11:39:48.542+0000] {logging_mixin.py:120} INFO - [2024-08-05T11:39:48.542+0000] {dagbag.py:537} INFO - Filling up the DagBag from /home/airflow/.local/lib/python3.7/site-packages/airflow/example_dags/example_branch_labels.py
[2024-08-05T11:39:48.574+0000] {processor.py:766} INFO - DAG(s) dict_keys(['example_branch_labels']) retrieved from /home/airflow/.local/lib/python3.7/site-packages/airflow/example_dags/example_branch_labels.py
[2024-08-05T11:39:48.625+0000] {logging_mixin.py:120} INFO - [2024-08-05T11:39:48.624+0000] {dag.py:2585} INFO - Sync 1 DAGs
[2024-08-05T11:39:48.656+0000] {logging_mixin.py:120} INFO - [2024-08-05T11:39:48.656+0000] {dag.py:3340} INFO - Setting next_dagrun for example_branch_labels to 2024-08-04T00:00:00+00:00, run_after=2024-08-05T00:00:00+00:00
[2024-08-05T11:39:48.722+0000] {processor.py:176} INFO - Processing /home/airflow/.local/lib/python3.7/site-packages/airflow/example_dags/example_branch_labels.py took 0.205 seconds
[2024-08-05T11:40:19.595+0000] {processor.py:154} INFO - Started process (PID=22847) to work on /home/airflow/.local/lib/python3.7/site-packages/airflow/example_dags/example_branch_labels.py
[2024-08-05T11:40:19.598+0000] {processor.py:756} INFO - Processing file /home/airflow/.local/lib/python3.7/site-packages/airflow/example_dags/example_branch_labels.py for tasks to queue
[2024-08-05T11:40:19.603+0000] {logging_mixin.py:120} INFO - [2024-08-05T11:40:19.603+0000] {dagbag.py:537} INFO - Filling up the DagBag from /home/airflow/.local/lib/python3.7/site-packages/airflow/example_dags/example_branch_labels.py
[2024-08-05T11:40:19.642+0000] {processor.py:766} INFO - DAG(s) dict_keys(['example_branch_labels']) retrieved from /home/airflow/.local/lib/python3.7/site-packages/airflow/example_dags/example_branch_labels.py
[2024-08-05T11:40:19.712+0000] {logging_mixin.py:120} INFO - [2024-08-05T11:40:19.712+0000] {dag.py:2585} INFO - Sync 1 DAGs
[2024-08-05T11:40:19.766+0000] {logging_mixin.py:120} INFO - [2024-08-05T11:40:19.766+0000] {dag.py:3340} INFO - Setting next_dagrun for example_branch_labels to 2024-08-04T00:00:00+00:00, run_after=2024-08-05T00:00:00+00:00
[2024-08-05T11:40:19.812+0000] {processor.py:176} INFO - Processing /home/airflow/.local/lib/python3.7/site-packages/airflow/example_dags/example_branch_labels.py took 0.224 seconds
[2024-08-05T11:40:50.563+0000] {processor.py:154} INFO - Started process (PID=22905) to work on /home/airflow/.local/lib/python3.7/site-packages/airflow/example_dags/example_branch_labels.py
[2024-08-05T11:40:50.565+0000] {processor.py:756} INFO - Processing file /home/airflow/.local/lib/python3.7/site-packages/airflow/example_dags/example_branch_labels.py for tasks to queue
[2024-08-05T11:40:50.568+0000] {logging_mixin.py:120} INFO - [2024-08-05T11:40:50.567+0000] {dagbag.py:537} INFO - Filling up the DagBag from /home/airflow/.local/lib/python3.7/site-packages/airflow/example_dags/example_branch_labels.py
[2024-08-05T11:40:50.593+0000] {processor.py:766} INFO - DAG(s) dict_keys(['example_branch_labels']) retrieved from /home/airflow/.local/lib/python3.7/site-packages/airflow/example_dags/example_branch_labels.py
[2024-08-05T11:40:50.755+0000] {logging_mixin.py:120} INFO - [2024-08-05T11:40:50.755+0000] {dag.py:2585} INFO - Sync 1 DAGs
[2024-08-05T11:40:50.893+0000] {logging_mixin.py:120} INFO - [2024-08-05T11:40:50.892+0000] {dag.py:3340} INFO - Setting next_dagrun for example_branch_labels to 2024-08-04T00:00:00+00:00, run_after=2024-08-05T00:00:00+00:00
[2024-08-05T11:40:50.928+0000] {processor.py:176} INFO - Processing /home/airflow/.local/lib/python3.7/site-packages/airflow/example_dags/example_branch_labels.py took 0.369 seconds
[2024-08-05T11:41:28.409+0000] {processor.py:154} INFO - Started process (PID=22974) to work on /home/airflow/.local/lib/python3.7/site-packages/airflow/example_dags/example_branch_labels.py
[2024-08-05T11:41:28.410+0000] {processor.py:756} INFO - Processing file /home/airflow/.local/lib/python3.7/site-packages/airflow/example_dags/example_branch_labels.py for tasks to queue
[2024-08-05T11:41:28.411+0000] {logging_mixin.py:120} INFO - [2024-08-05T11:41:28.411+0000] {dagbag.py:537} INFO - Filling up the DagBag from /home/airflow/.local/lib/python3.7/site-packages/airflow/example_dags/example_branch_labels.py
[2024-08-05T11:41:28.445+0000] {processor.py:766} INFO - DAG(s) dict_keys(['example_branch_labels']) retrieved from /home/airflow/.local/lib/python3.7/site-packages/airflow/example_dags/example_branch_labels.py
[2024-08-05T11:41:28.486+0000] {logging_mixin.py:120} INFO - [2024-08-05T11:41:28.486+0000] {dag.py:2585} INFO - Sync 1 DAGs
[2024-08-05T11:41:28.516+0000] {logging_mixin.py:120} INFO - [2024-08-05T11:41:28.516+0000] {dag.py:3340} INFO - Setting next_dagrun for example_branch_labels to 2024-08-04T00:00:00+00:00, run_after=2024-08-05T00:00:00+00:00
[2024-08-05T11:41:28.535+0000] {processor.py:176} INFO - Processing /home/airflow/.local/lib/python3.7/site-packages/airflow/example_dags/example_branch_labels.py took 0.129 seconds
[2024-08-05T11:41:58.658+0000] {processor.py:154} INFO - Started process (PID=23041) to work on /home/airflow/.local/lib/python3.7/site-packages/airflow/example_dags/example_branch_labels.py
[2024-08-05T11:41:58.659+0000] {processor.py:756} INFO - Processing file /home/airflow/.local/lib/python3.7/site-packages/airflow/example_dags/example_branch_labels.py for tasks to queue
[2024-08-05T11:41:58.660+0000] {logging_mixin.py:120} INFO - [2024-08-05T11:41:58.660+0000] {dagbag.py:537} INFO - Filling up the DagBag from /home/airflow/.local/lib/python3.7/site-packages/airflow/example_dags/example_branch_labels.py
[2024-08-05T11:41:58.674+0000] {processor.py:766} INFO - DAG(s) dict_keys(['example_branch_labels']) retrieved from /home/airflow/.local/lib/python3.7/site-packages/airflow/example_dags/example_branch_labels.py
[2024-08-05T11:41:58.706+0000] {logging_mixin.py:120} INFO - [2024-08-05T11:41:58.706+0000] {dag.py:2585} INFO - Sync 1 DAGs
[2024-08-05T11:41:58.725+0000] {logging_mixin.py:120} INFO - [2024-08-05T11:41:58.725+0000] {dag.py:3340} INFO - Setting next_dagrun for example_branch_labels to 2024-08-04T00:00:00+00:00, run_after=2024-08-05T00:00:00+00:00
[2024-08-05T11:41:58.744+0000] {processor.py:176} INFO - Processing /home/airflow/.local/lib/python3.7/site-packages/airflow/example_dags/example_branch_labels.py took 0.090 seconds
[2024-08-05T11:42:29.287+0000] {processor.py:154} INFO - Started process (PID=23108) to work on /home/airflow/.local/lib/python3.7/site-packages/airflow/example_dags/example_branch_labels.py
[2024-08-05T11:42:29.288+0000] {processor.py:756} INFO - Processing file /home/airflow/.local/lib/python3.7/site-packages/airflow/example_dags/example_branch_labels.py for tasks to queue
[2024-08-05T11:42:29.289+0000] {logging_mixin.py:120} INFO - [2024-08-05T11:42:29.289+0000] {dagbag.py:537} INFO - Filling up the DagBag from /home/airflow/.local/lib/python3.7/site-packages/airflow/example_dags/example_branch_labels.py
[2024-08-05T11:42:29.302+0000] {processor.py:766} INFO - DAG(s) dict_keys(['example_branch_labels']) retrieved from /home/airflow/.local/lib/python3.7/site-packages/airflow/example_dags/example_branch_labels.py
[2024-08-05T11:42:29.337+0000] {logging_mixin.py:120} INFO - [2024-08-05T11:42:29.337+0000] {dag.py:2585} INFO - Sync 1 DAGs
[2024-08-05T11:42:29.359+0000] {logging_mixin.py:120} INFO - [2024-08-05T11:42:29.359+0000] {dag.py:3340} INFO - Setting next_dagrun for example_branch_labels to 2024-08-04T00:00:00+00:00, run_after=2024-08-05T00:00:00+00:00
[2024-08-05T11:42:29.377+0000] {processor.py:176} INFO - Processing /home/airflow/.local/lib/python3.7/site-packages/airflow/example_dags/example_branch_labels.py took 0.093 seconds
[2024-08-05T11:43:00.058+0000] {processor.py:154} INFO - Started process (PID=23176) to work on /home/airflow/.local/lib/python3.7/site-packages/airflow/example_dags/example_branch_labels.py
[2024-08-05T11:43:00.059+0000] {processor.py:756} INFO - Processing file /home/airflow/.local/lib/python3.7/site-packages/airflow/example_dags/example_branch_labels.py for tasks to queue
[2024-08-05T11:43:00.064+0000] {logging_mixin.py:120} INFO - [2024-08-05T11:43:00.064+0000] {dagbag.py:537} INFO - Filling up the DagBag from /home/airflow/.local/lib/python3.7/site-packages/airflow/example_dags/example_branch_labels.py
[2024-08-05T11:43:00.081+0000] {processor.py:766} INFO - DAG(s) dict_keys(['example_branch_labels']) retrieved from /home/airflow/.local/lib/python3.7/site-packages/airflow/example_dags/example_branch_labels.py
[2024-08-05T11:43:00.122+0000] {logging_mixin.py:120} INFO - [2024-08-05T11:43:00.122+0000] {dag.py:2585} INFO - Sync 1 DAGs
[2024-08-05T11:43:00.158+0000] {logging_mixin.py:120} INFO - [2024-08-05T11:43:00.157+0000] {dag.py:3340} INFO - Setting next_dagrun for example_branch_labels to 2024-08-04T00:00:00+00:00, run_after=2024-08-05T00:00:00+00:00
[2024-08-05T11:43:00.185+0000] {processor.py:176} INFO - Processing /home/airflow/.local/lib/python3.7/site-packages/airflow/example_dags/example_branch_labels.py took 0.129 seconds
[2024-08-05T11:43:30.372+0000] {processor.py:154} INFO - Started process (PID=23234) to work on /home/airflow/.local/lib/python3.7/site-packages/airflow/example_dags/example_branch_labels.py
[2024-08-05T11:43:30.373+0000] {processor.py:756} INFO - Processing file /home/airflow/.local/lib/python3.7/site-packages/airflow/example_dags/example_branch_labels.py for tasks to queue
[2024-08-05T11:43:30.374+0000] {logging_mixin.py:120} INFO - [2024-08-05T11:43:30.374+0000] {dagbag.py:537} INFO - Filling up the DagBag from /home/airflow/.local/lib/python3.7/site-packages/airflow/example_dags/example_branch_labels.py
[2024-08-05T11:43:30.387+0000] {processor.py:766} INFO - DAG(s) dict_keys(['example_branch_labels']) retrieved from /home/airflow/.local/lib/python3.7/site-packages/airflow/example_dags/example_branch_labels.py
[2024-08-05T11:43:30.425+0000] {logging_mixin.py:120} INFO - [2024-08-05T11:43:30.424+0000] {dag.py:2585} INFO - Sync 1 DAGs
[2024-08-05T11:43:30.445+0000] {logging_mixin.py:120} INFO - [2024-08-05T11:43:30.445+0000] {dag.py:3340} INFO - Setting next_dagrun for example_branch_labels to 2024-08-04T00:00:00+00:00, run_after=2024-08-05T00:00:00+00:00
[2024-08-05T11:43:30.471+0000] {processor.py:176} INFO - Processing /home/airflow/.local/lib/python3.7/site-packages/airflow/example_dags/example_branch_labels.py took 0.101 seconds
[2024-08-05T11:44:01.126+0000] {processor.py:154} INFO - Started process (PID=23301) to work on /home/airflow/.local/lib/python3.7/site-packages/airflow/example_dags/example_branch_labels.py
[2024-08-05T11:44:01.128+0000] {processor.py:756} INFO - Processing file /home/airflow/.local/lib/python3.7/site-packages/airflow/example_dags/example_branch_labels.py for tasks to queue
[2024-08-05T11:44:01.129+0000] {logging_mixin.py:120} INFO - [2024-08-05T11:44:01.128+0000] {dagbag.py:537} INFO - Filling up the DagBag from /home/airflow/.local/lib/python3.7/site-packages/airflow/example_dags/example_branch_labels.py
[2024-08-05T11:44:01.144+0000] {processor.py:766} INFO - DAG(s) dict_keys(['example_branch_labels']) retrieved from /home/airflow/.local/lib/python3.7/site-packages/airflow/example_dags/example_branch_labels.py
[2024-08-05T11:44:01.196+0000] {logging_mixin.py:120} INFO - [2024-08-05T11:44:01.196+0000] {dag.py:2585} INFO - Sync 1 DAGs
[2024-08-05T11:44:01.217+0000] {logging_mixin.py:120} INFO - [2024-08-05T11:44:01.217+0000] {dag.py:3340} INFO - Setting next_dagrun for example_branch_labels to 2024-08-04T00:00:00+00:00, run_after=2024-08-05T00:00:00+00:00
[2024-08-05T11:44:01.237+0000] {processor.py:176} INFO - Processing /home/airflow/.local/lib/python3.7/site-packages/airflow/example_dags/example_branch_labels.py took 0.118 seconds
[2024-08-05T11:44:32.482+0000] {processor.py:154} INFO - Started process (PID=23369) to work on /home/airflow/.local/lib/python3.7/site-packages/airflow/example_dags/example_branch_labels.py
[2024-08-05T11:44:32.495+0000] {processor.py:756} INFO - Processing file /home/airflow/.local/lib/python3.7/site-packages/airflow/example_dags/example_branch_labels.py for tasks to queue
[2024-08-05T11:44:32.508+0000] {logging_mixin.py:120} INFO - [2024-08-05T11:44:32.507+0000] {dagbag.py:537} INFO - Filling up the DagBag from /home/airflow/.local/lib/python3.7/site-packages/airflow/example_dags/example_branch_labels.py
[2024-08-05T11:44:32.559+0000] {processor.py:766} INFO - DAG(s) dict_keys(['example_branch_labels']) retrieved from /home/airflow/.local/lib/python3.7/site-packages/airflow/example_dags/example_branch_labels.py
[2024-08-05T11:44:32.651+0000] {logging_mixin.py:120} INFO - [2024-08-05T11:44:32.650+0000] {dag.py:2585} INFO - Sync 1 DAGs
[2024-08-05T11:44:32.705+0000] {logging_mixin.py:120} INFO - [2024-08-05T11:44:32.705+0000] {dag.py:3340} INFO - Setting next_dagrun for example_branch_labels to 2024-08-04T00:00:00+00:00, run_after=2024-08-05T00:00:00+00:00
[2024-08-05T11:44:32.749+0000] {processor.py:176} INFO - Processing /home/airflow/.local/lib/python3.7/site-packages/airflow/example_dags/example_branch_labels.py took 0.272 seconds
[2024-08-05T11:45:02.812+0000] {processor.py:154} INFO - Started process (PID=23427) to work on /home/airflow/.local/lib/python3.7/site-packages/airflow/example_dags/example_branch_labels.py
[2024-08-05T11:45:02.813+0000] {processor.py:756} INFO - Processing file /home/airflow/.local/lib/python3.7/site-packages/airflow/example_dags/example_branch_labels.py for tasks to queue
[2024-08-05T11:45:02.814+0000] {logging_mixin.py:120} INFO - [2024-08-05T11:45:02.814+0000] {dagbag.py:537} INFO - Filling up the DagBag from /home/airflow/.local/lib/python3.7/site-packages/airflow/example_dags/example_branch_labels.py
[2024-08-05T11:45:02.834+0000] {processor.py:766} INFO - DAG(s) dict_keys(['example_branch_labels']) retrieved from /home/airflow/.local/lib/python3.7/site-packages/airflow/example_dags/example_branch_labels.py
[2024-08-05T11:45:02.886+0000] {logging_mixin.py:120} INFO - [2024-08-05T11:45:02.886+0000] {dag.py:2585} INFO - Sync 1 DAGs
[2024-08-05T11:45:02.927+0000] {logging_mixin.py:120} INFO - [2024-08-05T11:45:02.926+0000] {dag.py:3340} INFO - Setting next_dagrun for example_branch_labels to 2024-08-04T00:00:00+00:00, run_after=2024-08-05T00:00:00+00:00
[2024-08-05T11:45:02.975+0000] {processor.py:176} INFO - Processing /home/airflow/.local/lib/python3.7/site-packages/airflow/example_dags/example_branch_labels.py took 0.168 seconds
[2024-08-05T11:45:33.608+0000] {processor.py:154} INFO - Started process (PID=23493) to work on /home/airflow/.local/lib/python3.7/site-packages/airflow/example_dags/example_branch_labels.py
[2024-08-05T11:45:33.611+0000] {processor.py:756} INFO - Processing file /home/airflow/.local/lib/python3.7/site-packages/airflow/example_dags/example_branch_labels.py for tasks to queue
[2024-08-05T11:45:33.613+0000] {logging_mixin.py:120} INFO - [2024-08-05T11:45:33.613+0000] {dagbag.py:537} INFO - Filling up the DagBag from /home/airflow/.local/lib/python3.7/site-packages/airflow/example_dags/example_branch_labels.py
[2024-08-05T11:45:33.633+0000] {processor.py:766} INFO - DAG(s) dict_keys(['example_branch_labels']) retrieved from /home/airflow/.local/lib/python3.7/site-packages/airflow/example_dags/example_branch_labels.py
[2024-08-05T11:45:33.689+0000] {logging_mixin.py:120} INFO - [2024-08-05T11:45:33.689+0000] {dag.py:2585} INFO - Sync 1 DAGs
[2024-08-05T11:45:33.736+0000] {logging_mixin.py:120} INFO - [2024-08-05T11:45:33.735+0000] {dag.py:3340} INFO - Setting next_dagrun for example_branch_labels to 2024-08-04T00:00:00+00:00, run_after=2024-08-05T00:00:00+00:00
[2024-08-05T11:45:33.765+0000] {processor.py:176} INFO - Processing /home/airflow/.local/lib/python3.7/site-packages/airflow/example_dags/example_branch_labels.py took 0.161 seconds
[2024-08-05T11:46:05.638+0000] {processor.py:154} INFO - Started process (PID=23561) to work on /home/airflow/.local/lib/python3.7/site-packages/airflow/example_dags/example_branch_labels.py
[2024-08-05T11:46:05.646+0000] {processor.py:756} INFO - Processing file /home/airflow/.local/lib/python3.7/site-packages/airflow/example_dags/example_branch_labels.py for tasks to queue
[2024-08-05T11:46:05.666+0000] {logging_mixin.py:120} INFO - [2024-08-05T11:46:05.666+0000] {dagbag.py:537} INFO - Filling up the DagBag from /home/airflow/.local/lib/python3.7/site-packages/airflow/example_dags/example_branch_labels.py
[2024-08-05T11:46:05.709+0000] {processor.py:766} INFO - DAG(s) dict_keys(['example_branch_labels']) retrieved from /home/airflow/.local/lib/python3.7/site-packages/airflow/example_dags/example_branch_labels.py
[2024-08-05T11:46:05.811+0000] {logging_mixin.py:120} INFO - [2024-08-05T11:46:05.811+0000] {dag.py:2585} INFO - Sync 1 DAGs
[2024-08-05T11:46:05.906+0000] {logging_mixin.py:120} INFO - [2024-08-05T11:46:05.906+0000] {dag.py:3340} INFO - Setting next_dagrun for example_branch_labels to 2024-08-04T00:00:00+00:00, run_after=2024-08-05T00:00:00+00:00
[2024-08-05T11:46:06.002+0000] {processor.py:176} INFO - Processing /home/airflow/.local/lib/python3.7/site-packages/airflow/example_dags/example_branch_labels.py took 0.372 seconds
[2024-08-05T11:46:38.520+0000] {processor.py:154} INFO - Started process (PID=23620) to work on /home/airflow/.local/lib/python3.7/site-packages/airflow/example_dags/example_branch_labels.py
[2024-08-05T11:46:38.522+0000] {processor.py:756} INFO - Processing file /home/airflow/.local/lib/python3.7/site-packages/airflow/example_dags/example_branch_labels.py for tasks to queue
[2024-08-05T11:46:38.524+0000] {logging_mixin.py:120} INFO - [2024-08-05T11:46:38.524+0000] {dagbag.py:537} INFO - Filling up the DagBag from /home/airflow/.local/lib/python3.7/site-packages/airflow/example_dags/example_branch_labels.py
[2024-08-05T11:46:38.546+0000] {processor.py:766} INFO - DAG(s) dict_keys(['example_branch_labels']) retrieved from /home/airflow/.local/lib/python3.7/site-packages/airflow/example_dags/example_branch_labels.py
[2024-08-05T11:46:38.625+0000] {logging_mixin.py:120} INFO - [2024-08-05T11:46:38.625+0000] {dag.py:2585} INFO - Sync 1 DAGs
[2024-08-05T11:46:38.673+0000] {logging_mixin.py:120} INFO - [2024-08-05T11:46:38.673+0000] {dag.py:3340} INFO - Setting next_dagrun for example_branch_labels to 2024-08-04T00:00:00+00:00, run_after=2024-08-05T00:00:00+00:00
[2024-08-05T11:46:38.715+0000] {processor.py:176} INFO - Processing /home/airflow/.local/lib/python3.7/site-packages/airflow/example_dags/example_branch_labels.py took 0.200 seconds
[2024-08-05T11:47:09.846+0000] {processor.py:154} INFO - Started process (PID=23687) to work on /home/airflow/.local/lib/python3.7/site-packages/airflow/example_dags/example_branch_labels.py
[2024-08-05T11:47:09.848+0000] {processor.py:756} INFO - Processing file /home/airflow/.local/lib/python3.7/site-packages/airflow/example_dags/example_branch_labels.py for tasks to queue
[2024-08-05T11:47:09.849+0000] {logging_mixin.py:120} INFO - [2024-08-05T11:47:09.849+0000] {dagbag.py:537} INFO - Filling up the DagBag from /home/airflow/.local/lib/python3.7/site-packages/airflow/example_dags/example_branch_labels.py
[2024-08-05T11:47:09.874+0000] {processor.py:766} INFO - DAG(s) dict_keys(['example_branch_labels']) retrieved from /home/airflow/.local/lib/python3.7/site-packages/airflow/example_dags/example_branch_labels.py
[2024-08-05T11:47:09.939+0000] {logging_mixin.py:120} INFO - [2024-08-05T11:47:09.938+0000] {dag.py:2585} INFO - Sync 1 DAGs
[2024-08-05T11:47:09.974+0000] {logging_mixin.py:120} INFO - [2024-08-05T11:47:09.974+0000] {dag.py:3340} INFO - Setting next_dagrun for example_branch_labels to 2024-08-04T00:00:00+00:00, run_after=2024-08-05T00:00:00+00:00
[2024-08-05T11:47:10.007+0000] {processor.py:176} INFO - Processing /home/airflow/.local/lib/python3.7/site-packages/airflow/example_dags/example_branch_labels.py took 0.166 seconds
[2024-08-05T11:47:42.131+0000] {processor.py:154} INFO - Started process (PID=23755) to work on /home/airflow/.local/lib/python3.7/site-packages/airflow/example_dags/example_branch_labels.py
[2024-08-05T11:47:42.134+0000] {processor.py:756} INFO - Processing file /home/airflow/.local/lib/python3.7/site-packages/airflow/example_dags/example_branch_labels.py for tasks to queue
[2024-08-05T11:47:42.136+0000] {logging_mixin.py:120} INFO - [2024-08-05T11:47:42.135+0000] {dagbag.py:537} INFO - Filling up the DagBag from /home/airflow/.local/lib/python3.7/site-packages/airflow/example_dags/example_branch_labels.py
[2024-08-05T11:47:42.163+0000] {processor.py:766} INFO - DAG(s) dict_keys(['example_branch_labels']) retrieved from /home/airflow/.local/lib/python3.7/site-packages/airflow/example_dags/example_branch_labels.py
[2024-08-05T11:47:42.225+0000] {logging_mixin.py:120} INFO - [2024-08-05T11:47:42.225+0000] {dag.py:2585} INFO - Sync 1 DAGs
[2024-08-05T11:47:42.264+0000] {logging_mixin.py:120} INFO - [2024-08-05T11:47:42.264+0000] {dag.py:3340} INFO - Setting next_dagrun for example_branch_labels to 2024-08-04T00:00:00+00:00, run_after=2024-08-05T00:00:00+00:00
[2024-08-05T11:47:42.299+0000] {processor.py:176} INFO - Processing /home/airflow/.local/lib/python3.7/site-packages/airflow/example_dags/example_branch_labels.py took 0.178 seconds
[2024-08-05T11:48:12.921+0000] {processor.py:154} INFO - Started process (PID=23814) to work on /home/airflow/.local/lib/python3.7/site-packages/airflow/example_dags/example_branch_labels.py
[2024-08-05T11:48:12.923+0000] {processor.py:756} INFO - Processing file /home/airflow/.local/lib/python3.7/site-packages/airflow/example_dags/example_branch_labels.py for tasks to queue
[2024-08-05T11:48:12.925+0000] {logging_mixin.py:120} INFO - [2024-08-05T11:48:12.925+0000] {dagbag.py:537} INFO - Filling up the DagBag from /home/airflow/.local/lib/python3.7/site-packages/airflow/example_dags/example_branch_labels.py
[2024-08-05T11:48:12.943+0000] {processor.py:766} INFO - DAG(s) dict_keys(['example_branch_labels']) retrieved from /home/airflow/.local/lib/python3.7/site-packages/airflow/example_dags/example_branch_labels.py
[2024-08-05T11:48:12.994+0000] {logging_mixin.py:120} INFO - [2024-08-05T11:48:12.993+0000] {dag.py:2585} INFO - Sync 1 DAGs
[2024-08-05T11:48:13.023+0000] {logging_mixin.py:120} INFO - [2024-08-05T11:48:13.023+0000] {dag.py:3340} INFO - Setting next_dagrun for example_branch_labels to 2024-08-04T00:00:00+00:00, run_after=2024-08-05T00:00:00+00:00
[2024-08-05T11:48:13.057+0000] {processor.py:176} INFO - Processing /home/airflow/.local/lib/python3.7/site-packages/airflow/example_dags/example_branch_labels.py took 0.140 seconds
[2024-08-05T11:48:44.492+0000] {processor.py:154} INFO - Started process (PID=23882) to work on /home/airflow/.local/lib/python3.7/site-packages/airflow/example_dags/example_branch_labels.py
[2024-08-05T11:48:44.493+0000] {processor.py:756} INFO - Processing file /home/airflow/.local/lib/python3.7/site-packages/airflow/example_dags/example_branch_labels.py for tasks to queue
[2024-08-05T11:48:44.494+0000] {logging_mixin.py:120} INFO - [2024-08-05T11:48:44.494+0000] {dagbag.py:537} INFO - Filling up the DagBag from /home/airflow/.local/lib/python3.7/site-packages/airflow/example_dags/example_branch_labels.py
[2024-08-05T11:48:44.514+0000] {processor.py:766} INFO - DAG(s) dict_keys(['example_branch_labels']) retrieved from /home/airflow/.local/lib/python3.7/site-packages/airflow/example_dags/example_branch_labels.py
[2024-08-05T11:48:44.560+0000] {logging_mixin.py:120} INFO - [2024-08-05T11:48:44.560+0000] {dag.py:2585} INFO - Sync 1 DAGs
[2024-08-05T11:48:44.606+0000] {logging_mixin.py:120} INFO - [2024-08-05T11:48:44.605+0000] {dag.py:3340} INFO - Setting next_dagrun for example_branch_labels to 2024-08-04T00:00:00+00:00, run_after=2024-08-05T00:00:00+00:00
[2024-08-05T11:48:44.660+0000] {processor.py:176} INFO - Processing /home/airflow/.local/lib/python3.7/site-packages/airflow/example_dags/example_branch_labels.py took 0.172 seconds
[2024-08-05T11:49:15.091+0000] {processor.py:154} INFO - Started process (PID=23948) to work on /home/airflow/.local/lib/python3.7/site-packages/airflow/example_dags/example_branch_labels.py
[2024-08-05T11:49:15.093+0000] {processor.py:756} INFO - Processing file /home/airflow/.local/lib/python3.7/site-packages/airflow/example_dags/example_branch_labels.py for tasks to queue
[2024-08-05T11:49:15.094+0000] {logging_mixin.py:120} INFO - [2024-08-05T11:49:15.094+0000] {dagbag.py:537} INFO - Filling up the DagBag from /home/airflow/.local/lib/python3.7/site-packages/airflow/example_dags/example_branch_labels.py
[2024-08-05T11:49:15.118+0000] {processor.py:766} INFO - DAG(s) dict_keys(['example_branch_labels']) retrieved from /home/airflow/.local/lib/python3.7/site-packages/airflow/example_dags/example_branch_labels.py
[2024-08-05T11:49:15.163+0000] {logging_mixin.py:120} INFO - [2024-08-05T11:49:15.163+0000] {dag.py:2585} INFO - Sync 1 DAGs
[2024-08-05T11:49:15.192+0000] {logging_mixin.py:120} INFO - [2024-08-05T11:49:15.192+0000] {dag.py:3340} INFO - Setting next_dagrun for example_branch_labels to 2024-08-04T00:00:00+00:00, run_after=2024-08-05T00:00:00+00:00
[2024-08-05T11:49:15.216+0000] {processor.py:176} INFO - Processing /home/airflow/.local/lib/python3.7/site-packages/airflow/example_dags/example_branch_labels.py took 0.130 seconds
[2024-08-05T11:49:46.682+0000] {processor.py:154} INFO - Started process (PID=24005) to work on /home/airflow/.local/lib/python3.7/site-packages/airflow/example_dags/example_branch_labels.py
[2024-08-05T11:49:46.694+0000] {processor.py:756} INFO - Processing file /home/airflow/.local/lib/python3.7/site-packages/airflow/example_dags/example_branch_labels.py for tasks to queue
[2024-08-05T11:49:46.708+0000] {logging_mixin.py:120} INFO - [2024-08-05T11:49:46.708+0000] {dagbag.py:537} INFO - Filling up the DagBag from /home/airflow/.local/lib/python3.7/site-packages/airflow/example_dags/example_branch_labels.py
[2024-08-05T11:49:46.755+0000] {processor.py:766} INFO - DAG(s) dict_keys(['example_branch_labels']) retrieved from /home/airflow/.local/lib/python3.7/site-packages/airflow/example_dags/example_branch_labels.py
[2024-08-05T11:49:46.830+0000] {logging_mixin.py:120} INFO - [2024-08-05T11:49:46.830+0000] {dag.py:2585} INFO - Sync 1 DAGs
[2024-08-05T11:49:46.891+0000] {logging_mixin.py:120} INFO - [2024-08-05T11:49:46.891+0000] {dag.py:3340} INFO - Setting next_dagrun for example_branch_labels to 2024-08-04T00:00:00+00:00, run_after=2024-08-05T00:00:00+00:00
[2024-08-05T11:49:46.932+0000] {processor.py:176} INFO - Processing /home/airflow/.local/lib/python3.7/site-packages/airflow/example_dags/example_branch_labels.py took 0.255 seconds
[2024-08-05T11:50:17.383+0000] {processor.py:154} INFO - Started process (PID=24071) to work on /home/airflow/.local/lib/python3.7/site-packages/airflow/example_dags/example_branch_labels.py
[2024-08-05T11:50:17.384+0000] {processor.py:756} INFO - Processing file /home/airflow/.local/lib/python3.7/site-packages/airflow/example_dags/example_branch_labels.py for tasks to queue
[2024-08-05T11:50:17.385+0000] {logging_mixin.py:120} INFO - [2024-08-05T11:50:17.385+0000] {dagbag.py:537} INFO - Filling up the DagBag from /home/airflow/.local/lib/python3.7/site-packages/airflow/example_dags/example_branch_labels.py
[2024-08-05T11:50:17.398+0000] {processor.py:766} INFO - DAG(s) dict_keys(['example_branch_labels']) retrieved from /home/airflow/.local/lib/python3.7/site-packages/airflow/example_dags/example_branch_labels.py
[2024-08-05T11:50:17.433+0000] {logging_mixin.py:120} INFO - [2024-08-05T11:50:17.433+0000] {dag.py:2585} INFO - Sync 1 DAGs
[2024-08-05T11:50:17.464+0000] {logging_mixin.py:120} INFO - [2024-08-05T11:50:17.463+0000] {dag.py:3340} INFO - Setting next_dagrun for example_branch_labels to 2024-08-04T00:00:00+00:00, run_after=2024-08-05T00:00:00+00:00
[2024-08-05T11:50:17.511+0000] {processor.py:176} INFO - Processing /home/airflow/.local/lib/python3.7/site-packages/airflow/example_dags/example_branch_labels.py took 0.131 seconds
[2024-08-05T11:50:52.372+0000] {processor.py:154} INFO - Started process (PID=24142) to work on /home/airflow/.local/lib/python3.7/site-packages/airflow/example_dags/example_branch_labels.py
[2024-08-05T11:50:52.373+0000] {processor.py:756} INFO - Processing file /home/airflow/.local/lib/python3.7/site-packages/airflow/example_dags/example_branch_labels.py for tasks to queue
[2024-08-05T11:50:52.374+0000] {logging_mixin.py:120} INFO - [2024-08-05T11:50:52.374+0000] {dagbag.py:537} INFO - Filling up the DagBag from /home/airflow/.local/lib/python3.7/site-packages/airflow/example_dags/example_branch_labels.py
[2024-08-05T11:50:52.385+0000] {processor.py:766} INFO - DAG(s) dict_keys(['example_branch_labels']) retrieved from /home/airflow/.local/lib/python3.7/site-packages/airflow/example_dags/example_branch_labels.py
[2024-08-05T11:50:52.421+0000] {logging_mixin.py:120} INFO - [2024-08-05T11:50:52.421+0000] {dag.py:2585} INFO - Sync 1 DAGs
[2024-08-05T11:50:52.451+0000] {logging_mixin.py:120} INFO - [2024-08-05T11:50:52.451+0000] {dag.py:3340} INFO - Setting next_dagrun for example_branch_labels to 2024-08-04T00:00:00+00:00, run_after=2024-08-05T00:00:00+00:00
[2024-08-05T11:50:52.468+0000] {processor.py:176} INFO - Processing /home/airflow/.local/lib/python3.7/site-packages/airflow/example_dags/example_branch_labels.py took 0.098 seconds
[2024-08-05T11:51:23.086+0000] {processor.py:154} INFO - Started process (PID=24209) to work on /home/airflow/.local/lib/python3.7/site-packages/airflow/example_dags/example_branch_labels.py
[2024-08-05T11:51:23.087+0000] {processor.py:756} INFO - Processing file /home/airflow/.local/lib/python3.7/site-packages/airflow/example_dags/example_branch_labels.py for tasks to queue
[2024-08-05T11:51:23.088+0000] {logging_mixin.py:120} INFO - [2024-08-05T11:51:23.088+0000] {dagbag.py:537} INFO - Filling up the DagBag from /home/airflow/.local/lib/python3.7/site-packages/airflow/example_dags/example_branch_labels.py
[2024-08-05T11:51:23.101+0000] {processor.py:766} INFO - DAG(s) dict_keys(['example_branch_labels']) retrieved from /home/airflow/.local/lib/python3.7/site-packages/airflow/example_dags/example_branch_labels.py
[2024-08-05T11:51:23.143+0000] {logging_mixin.py:120} INFO - [2024-08-05T11:51:23.143+0000] {dag.py:2585} INFO - Sync 1 DAGs
[2024-08-05T11:51:23.169+0000] {logging_mixin.py:120} INFO - [2024-08-05T11:51:23.169+0000] {dag.py:3340} INFO - Setting next_dagrun for example_branch_labels to 2024-08-04T00:00:00+00:00, run_after=2024-08-05T00:00:00+00:00
[2024-08-05T11:51:23.191+0000] {processor.py:176} INFO - Processing /home/airflow/.local/lib/python3.7/site-packages/airflow/example_dags/example_branch_labels.py took 0.108 seconds
[2024-08-05T11:51:54.261+0000] {processor.py:154} INFO - Started process (PID=24278) to work on /home/airflow/.local/lib/python3.7/site-packages/airflow/example_dags/example_branch_labels.py
[2024-08-05T11:51:54.262+0000] {processor.py:756} INFO - Processing file /home/airflow/.local/lib/python3.7/site-packages/airflow/example_dags/example_branch_labels.py for tasks to queue
[2024-08-05T11:51:54.263+0000] {logging_mixin.py:120} INFO - [2024-08-05T11:51:54.263+0000] {dagbag.py:537} INFO - Filling up the DagBag from /home/airflow/.local/lib/python3.7/site-packages/airflow/example_dags/example_branch_labels.py
[2024-08-05T11:51:54.278+0000] {processor.py:766} INFO - DAG(s) dict_keys(['example_branch_labels']) retrieved from /home/airflow/.local/lib/python3.7/site-packages/airflow/example_dags/example_branch_labels.py
[2024-08-05T11:51:54.328+0000] {logging_mixin.py:120} INFO - [2024-08-05T11:51:54.327+0000] {dag.py:2585} INFO - Sync 1 DAGs
[2024-08-05T11:51:54.366+0000] {logging_mixin.py:120} INFO - [2024-08-05T11:51:54.366+0000] {dag.py:3340} INFO - Setting next_dagrun for example_branch_labels to 2024-08-04T00:00:00+00:00, run_after=2024-08-05T00:00:00+00:00
[2024-08-05T11:51:54.401+0000] {processor.py:176} INFO - Processing /home/airflow/.local/lib/python3.7/site-packages/airflow/example_dags/example_branch_labels.py took 0.144 seconds
[2024-08-05T11:52:24.946+0000] {processor.py:154} INFO - Started process (PID=24335) to work on /home/airflow/.local/lib/python3.7/site-packages/airflow/example_dags/example_branch_labels.py
[2024-08-05T11:52:24.947+0000] {processor.py:756} INFO - Processing file /home/airflow/.local/lib/python3.7/site-packages/airflow/example_dags/example_branch_labels.py for tasks to queue
[2024-08-05T11:52:24.949+0000] {logging_mixin.py:120} INFO - [2024-08-05T11:52:24.949+0000] {dagbag.py:537} INFO - Filling up the DagBag from /home/airflow/.local/lib/python3.7/site-packages/airflow/example_dags/example_branch_labels.py
[2024-08-05T11:52:24.970+0000] {processor.py:766} INFO - DAG(s) dict_keys(['example_branch_labels']) retrieved from /home/airflow/.local/lib/python3.7/site-packages/airflow/example_dags/example_branch_labels.py
[2024-08-05T11:52:25.025+0000] {logging_mixin.py:120} INFO - [2024-08-05T11:52:25.025+0000] {dag.py:2585} INFO - Sync 1 DAGs
[2024-08-05T11:52:25.067+0000] {logging_mixin.py:120} INFO - [2024-08-05T11:52:25.067+0000] {dag.py:3340} INFO - Setting next_dagrun for example_branch_labels to 2024-08-04T00:00:00+00:00, run_after=2024-08-05T00:00:00+00:00
[2024-08-05T11:52:25.105+0000] {processor.py:176} INFO - Processing /home/airflow/.local/lib/python3.7/site-packages/airflow/example_dags/example_branch_labels.py took 0.165 seconds
[2024-08-05T11:52:55.483+0000] {processor.py:154} INFO - Started process (PID=24401) to work on /home/airflow/.local/lib/python3.7/site-packages/airflow/example_dags/example_branch_labels.py
[2024-08-05T11:52:55.484+0000] {processor.py:756} INFO - Processing file /home/airflow/.local/lib/python3.7/site-packages/airflow/example_dags/example_branch_labels.py for tasks to queue
[2024-08-05T11:52:55.485+0000] {logging_mixin.py:120} INFO - [2024-08-05T11:52:55.485+0000] {dagbag.py:537} INFO - Filling up the DagBag from /home/airflow/.local/lib/python3.7/site-packages/airflow/example_dags/example_branch_labels.py
[2024-08-05T11:52:55.497+0000] {processor.py:766} INFO - DAG(s) dict_keys(['example_branch_labels']) retrieved from /home/airflow/.local/lib/python3.7/site-packages/airflow/example_dags/example_branch_labels.py
[2024-08-05T11:52:55.532+0000] {logging_mixin.py:120} INFO - [2024-08-05T11:52:55.531+0000] {dag.py:2585} INFO - Sync 1 DAGs
[2024-08-05T11:52:55.555+0000] {logging_mixin.py:120} INFO - [2024-08-05T11:52:55.554+0000] {dag.py:3340} INFO - Setting next_dagrun for example_branch_labels to 2024-08-04T00:00:00+00:00, run_after=2024-08-05T00:00:00+00:00
[2024-08-05T11:52:55.577+0000] {processor.py:176} INFO - Processing /home/airflow/.local/lib/python3.7/site-packages/airflow/example_dags/example_branch_labels.py took 0.098 seconds
[2024-08-05T11:53:26.171+0000] {processor.py:154} INFO - Started process (PID=24468) to work on /home/airflow/.local/lib/python3.7/site-packages/airflow/example_dags/example_branch_labels.py
[2024-08-05T11:53:26.173+0000] {processor.py:756} INFO - Processing file /home/airflow/.local/lib/python3.7/site-packages/airflow/example_dags/example_branch_labels.py for tasks to queue
[2024-08-05T11:53:26.175+0000] {logging_mixin.py:120} INFO - [2024-08-05T11:53:26.175+0000] {dagbag.py:537} INFO - Filling up the DagBag from /home/airflow/.local/lib/python3.7/site-packages/airflow/example_dags/example_branch_labels.py
[2024-08-05T11:53:26.216+0000] {processor.py:766} INFO - DAG(s) dict_keys(['example_branch_labels']) retrieved from /home/airflow/.local/lib/python3.7/site-packages/airflow/example_dags/example_branch_labels.py
[2024-08-05T11:53:26.309+0000] {logging_mixin.py:120} INFO - [2024-08-05T11:53:26.309+0000] {dag.py:2585} INFO - Sync 1 DAGs
[2024-08-05T11:53:26.398+0000] {logging_mixin.py:120} INFO - [2024-08-05T11:53:26.398+0000] {dag.py:3340} INFO - Setting next_dagrun for example_branch_labels to 2024-08-04T00:00:00+00:00, run_after=2024-08-05T00:00:00+00:00
[2024-08-05T11:53:26.456+0000] {processor.py:176} INFO - Processing /home/airflow/.local/lib/python3.7/site-packages/airflow/example_dags/example_branch_labels.py took 0.290 seconds
[2024-08-05T11:53:57.158+0000] {processor.py:154} INFO - Started process (PID=24527) to work on /home/airflow/.local/lib/python3.7/site-packages/airflow/example_dags/example_branch_labels.py
[2024-08-05T11:53:57.160+0000] {processor.py:756} INFO - Processing file /home/airflow/.local/lib/python3.7/site-packages/airflow/example_dags/example_branch_labels.py for tasks to queue
[2024-08-05T11:53:57.161+0000] {logging_mixin.py:120} INFO - [2024-08-05T11:53:57.161+0000] {dagbag.py:537} INFO - Filling up the DagBag from /home/airflow/.local/lib/python3.7/site-packages/airflow/example_dags/example_branch_labels.py
[2024-08-05T11:53:57.173+0000] {processor.py:766} INFO - DAG(s) dict_keys(['example_branch_labels']) retrieved from /home/airflow/.local/lib/python3.7/site-packages/airflow/example_dags/example_branch_labels.py
[2024-08-05T11:53:57.207+0000] {logging_mixin.py:120} INFO - [2024-08-05T11:53:57.207+0000] {dag.py:2585} INFO - Sync 1 DAGs
[2024-08-05T11:53:57.230+0000] {logging_mixin.py:120} INFO - [2024-08-05T11:53:57.229+0000] {dag.py:3340} INFO - Setting next_dagrun for example_branch_labels to 2024-08-04T00:00:00+00:00, run_after=2024-08-05T00:00:00+00:00
[2024-08-05T11:53:57.267+0000] {processor.py:176} INFO - Processing /home/airflow/.local/lib/python3.7/site-packages/airflow/example_dags/example_branch_labels.py took 0.112 seconds
[2024-08-05T11:54:27.884+0000] {processor.py:154} INFO - Started process (PID=24594) to work on /home/airflow/.local/lib/python3.7/site-packages/airflow/example_dags/example_branch_labels.py
[2024-08-05T11:54:27.886+0000] {processor.py:756} INFO - Processing file /home/airflow/.local/lib/python3.7/site-packages/airflow/example_dags/example_branch_labels.py for tasks to queue
[2024-08-05T11:54:27.888+0000] {logging_mixin.py:120} INFO - [2024-08-05T11:54:27.888+0000] {dagbag.py:537} INFO - Filling up the DagBag from /home/airflow/.local/lib/python3.7/site-packages/airflow/example_dags/example_branch_labels.py
[2024-08-05T11:54:27.924+0000] {processor.py:766} INFO - DAG(s) dict_keys(['example_branch_labels']) retrieved from /home/airflow/.local/lib/python3.7/site-packages/airflow/example_dags/example_branch_labels.py
[2024-08-05T11:54:27.990+0000] {logging_mixin.py:120} INFO - [2024-08-05T11:54:27.990+0000] {dag.py:2585} INFO - Sync 1 DAGs
[2024-08-05T11:54:28.029+0000] {logging_mixin.py:120} INFO - [2024-08-05T11:54:28.028+0000] {dag.py:3340} INFO - Setting next_dagrun for example_branch_labels to 2024-08-04T00:00:00+00:00, run_after=2024-08-05T00:00:00+00:00
[2024-08-05T11:54:28.060+0000] {processor.py:176} INFO - Processing /home/airflow/.local/lib/python3.7/site-packages/airflow/example_dags/example_branch_labels.py took 0.184 seconds
[2024-08-05T11:54:59.169+0000] {processor.py:154} INFO - Started process (PID=24661) to work on /home/airflow/.local/lib/python3.7/site-packages/airflow/example_dags/example_branch_labels.py
[2024-08-05T11:54:59.171+0000] {processor.py:756} INFO - Processing file /home/airflow/.local/lib/python3.7/site-packages/airflow/example_dags/example_branch_labels.py for tasks to queue
[2024-08-05T11:54:59.173+0000] {logging_mixin.py:120} INFO - [2024-08-05T11:54:59.173+0000] {dagbag.py:537} INFO - Filling up the DagBag from /home/airflow/.local/lib/python3.7/site-packages/airflow/example_dags/example_branch_labels.py
[2024-08-05T11:54:59.196+0000] {processor.py:766} INFO - DAG(s) dict_keys(['example_branch_labels']) retrieved from /home/airflow/.local/lib/python3.7/site-packages/airflow/example_dags/example_branch_labels.py
[2024-08-05T11:54:59.275+0000] {logging_mixin.py:120} INFO - [2024-08-05T11:54:59.274+0000] {dag.py:2585} INFO - Sync 1 DAGs
[2024-08-05T11:54:59.328+0000] {logging_mixin.py:120} INFO - [2024-08-05T11:54:59.327+0000] {dag.py:3340} INFO - Setting next_dagrun for example_branch_labels to 2024-08-04T00:00:00+00:00, run_after=2024-08-05T00:00:00+00:00
[2024-08-05T11:54:59.372+0000] {processor.py:176} INFO - Processing /home/airflow/.local/lib/python3.7/site-packages/airflow/example_dags/example_branch_labels.py took 0.210 seconds
[2024-08-05T11:55:30.162+0000] {processor.py:154} INFO - Started process (PID=24719) to work on /home/airflow/.local/lib/python3.7/site-packages/airflow/example_dags/example_branch_labels.py
[2024-08-05T11:55:30.164+0000] {processor.py:756} INFO - Processing file /home/airflow/.local/lib/python3.7/site-packages/airflow/example_dags/example_branch_labels.py for tasks to queue
[2024-08-05T11:55:30.165+0000] {logging_mixin.py:120} INFO - [2024-08-05T11:55:30.165+0000] {dagbag.py:537} INFO - Filling up the DagBag from /home/airflow/.local/lib/python3.7/site-packages/airflow/example_dags/example_branch_labels.py
[2024-08-05T11:55:30.180+0000] {processor.py:766} INFO - DAG(s) dict_keys(['example_branch_labels']) retrieved from /home/airflow/.local/lib/python3.7/site-packages/airflow/example_dags/example_branch_labels.py
[2024-08-05T11:55:30.228+0000] {logging_mixin.py:120} INFO - [2024-08-05T11:55:30.228+0000] {dag.py:2585} INFO - Sync 1 DAGs
[2024-08-05T11:55:30.260+0000] {logging_mixin.py:120} INFO - [2024-08-05T11:55:30.260+0000] {dag.py:3340} INFO - Setting next_dagrun for example_branch_labels to 2024-08-04T00:00:00+00:00, run_after=2024-08-05T00:00:00+00:00
[2024-08-05T11:55:30.294+0000] {processor.py:176} INFO - Processing /home/airflow/.local/lib/python3.7/site-packages/airflow/example_dags/example_branch_labels.py took 0.137 seconds
[2024-08-05T11:56:01.007+0000] {processor.py:154} INFO - Started process (PID=24786) to work on /home/airflow/.local/lib/python3.7/site-packages/airflow/example_dags/example_branch_labels.py
[2024-08-05T11:56:01.008+0000] {processor.py:756} INFO - Processing file /home/airflow/.local/lib/python3.7/site-packages/airflow/example_dags/example_branch_labels.py for tasks to queue
[2024-08-05T11:56:01.010+0000] {logging_mixin.py:120} INFO - [2024-08-05T11:56:01.010+0000] {dagbag.py:537} INFO - Filling up the DagBag from /home/airflow/.local/lib/python3.7/site-packages/airflow/example_dags/example_branch_labels.py
[2024-08-05T11:56:01.034+0000] {processor.py:766} INFO - DAG(s) dict_keys(['example_branch_labels']) retrieved from /home/airflow/.local/lib/python3.7/site-packages/airflow/example_dags/example_branch_labels.py
[2024-08-05T11:56:01.082+0000] {logging_mixin.py:120} INFO - [2024-08-05T11:56:01.082+0000] {dag.py:2585} INFO - Sync 1 DAGs
[2024-08-05T11:56:01.114+0000] {logging_mixin.py:120} INFO - [2024-08-05T11:56:01.113+0000] {dag.py:3340} INFO - Setting next_dagrun for example_branch_labels to 2024-08-04T00:00:00+00:00, run_after=2024-08-05T00:00:00+00:00
[2024-08-05T11:56:01.147+0000] {processor.py:176} INFO - Processing /home/airflow/.local/lib/python3.7/site-packages/airflow/example_dags/example_branch_labels.py took 0.143 seconds
[2024-08-05T11:56:31.988+0000] {processor.py:154} INFO - Started process (PID=24852) to work on /home/airflow/.local/lib/python3.7/site-packages/airflow/example_dags/example_branch_labels.py
[2024-08-05T11:56:31.990+0000] {processor.py:756} INFO - Processing file /home/airflow/.local/lib/python3.7/site-packages/airflow/example_dags/example_branch_labels.py for tasks to queue
[2024-08-05T11:56:31.992+0000] {logging_mixin.py:120} INFO - [2024-08-05T11:56:31.991+0000] {dagbag.py:537} INFO - Filling up the DagBag from /home/airflow/.local/lib/python3.7/site-packages/airflow/example_dags/example_branch_labels.py
[2024-08-05T11:56:32.023+0000] {processor.py:766} INFO - DAG(s) dict_keys(['example_branch_labels']) retrieved from /home/airflow/.local/lib/python3.7/site-packages/airflow/example_dags/example_branch_labels.py
[2024-08-05T11:56:32.094+0000] {logging_mixin.py:120} INFO - [2024-08-05T11:56:32.094+0000] {dag.py:2585} INFO - Sync 1 DAGs
[2024-08-05T11:56:32.144+0000] {logging_mixin.py:120} INFO - [2024-08-05T11:56:32.144+0000] {dag.py:3340} INFO - Setting next_dagrun for example_branch_labels to 2024-08-04T00:00:00+00:00, run_after=2024-08-05T00:00:00+00:00
[2024-08-05T11:56:32.185+0000] {processor.py:176} INFO - Processing /home/airflow/.local/lib/python3.7/site-packages/airflow/example_dags/example_branch_labels.py took 0.205 seconds
[2024-08-05T11:57:02.426+0000] {processor.py:154} INFO - Started process (PID=24910) to work on /home/airflow/.local/lib/python3.7/site-packages/airflow/example_dags/example_branch_labels.py
[2024-08-05T11:57:02.427+0000] {processor.py:756} INFO - Processing file /home/airflow/.local/lib/python3.7/site-packages/airflow/example_dags/example_branch_labels.py for tasks to queue
[2024-08-05T11:57:02.429+0000] {logging_mixin.py:120} INFO - [2024-08-05T11:57:02.429+0000] {dagbag.py:537} INFO - Filling up the DagBag from /home/airflow/.local/lib/python3.7/site-packages/airflow/example_dags/example_branch_labels.py
[2024-08-05T11:57:02.445+0000] {processor.py:766} INFO - DAG(s) dict_keys(['example_branch_labels']) retrieved from /home/airflow/.local/lib/python3.7/site-packages/airflow/example_dags/example_branch_labels.py
[2024-08-05T11:57:02.493+0000] {logging_mixin.py:120} INFO - [2024-08-05T11:57:02.493+0000] {dag.py:2585} INFO - Sync 1 DAGs
[2024-08-05T11:57:02.523+0000] {logging_mixin.py:120} INFO - [2024-08-05T11:57:02.523+0000] {dag.py:3340} INFO - Setting next_dagrun for example_branch_labels to 2024-08-04T00:00:00+00:00, run_after=2024-08-05T00:00:00+00:00
[2024-08-05T11:57:02.551+0000] {processor.py:176} INFO - Processing /home/airflow/.local/lib/python3.7/site-packages/airflow/example_dags/example_branch_labels.py took 0.128 seconds
[2024-08-05T11:57:32.977+0000] {processor.py:154} INFO - Started process (PID=24977) to work on /home/airflow/.local/lib/python3.7/site-packages/airflow/example_dags/example_branch_labels.py
[2024-08-05T11:57:32.978+0000] {processor.py:756} INFO - Processing file /home/airflow/.local/lib/python3.7/site-packages/airflow/example_dags/example_branch_labels.py for tasks to queue
[2024-08-05T11:57:32.979+0000] {logging_mixin.py:120} INFO - [2024-08-05T11:57:32.979+0000] {dagbag.py:537} INFO - Filling up the DagBag from /home/airflow/.local/lib/python3.7/site-packages/airflow/example_dags/example_branch_labels.py
[2024-08-05T11:57:32.996+0000] {processor.py:766} INFO - DAG(s) dict_keys(['example_branch_labels']) retrieved from /home/airflow/.local/lib/python3.7/site-packages/airflow/example_dags/example_branch_labels.py
[2024-08-05T11:57:33.038+0000] {logging_mixin.py:120} INFO - [2024-08-05T11:57:33.038+0000] {dag.py:2585} INFO - Sync 1 DAGs
[2024-08-05T11:57:33.062+0000] {logging_mixin.py:120} INFO - [2024-08-05T11:57:33.062+0000] {dag.py:3340} INFO - Setting next_dagrun for example_branch_labels to 2024-08-04T00:00:00+00:00, run_after=2024-08-05T00:00:00+00:00
[2024-08-05T11:57:33.086+0000] {processor.py:176} INFO - Processing /home/airflow/.local/lib/python3.7/site-packages/airflow/example_dags/example_branch_labels.py took 0.112 seconds
[2024-08-05T11:58:03.807+0000] {processor.py:154} INFO - Started process (PID=25043) to work on /home/airflow/.local/lib/python3.7/site-packages/airflow/example_dags/example_branch_labels.py
[2024-08-05T11:58:03.809+0000] {processor.py:756} INFO - Processing file /home/airflow/.local/lib/python3.7/site-packages/airflow/example_dags/example_branch_labels.py for tasks to queue
[2024-08-05T11:58:03.812+0000] {logging_mixin.py:120} INFO - [2024-08-05T11:58:03.811+0000] {dagbag.py:537} INFO - Filling up the DagBag from /home/airflow/.local/lib/python3.7/site-packages/airflow/example_dags/example_branch_labels.py
[2024-08-05T11:58:03.830+0000] {processor.py:766} INFO - DAG(s) dict_keys(['example_branch_labels']) retrieved from /home/airflow/.local/lib/python3.7/site-packages/airflow/example_dags/example_branch_labels.py
[2024-08-05T11:58:03.896+0000] {logging_mixin.py:120} INFO - [2024-08-05T11:58:03.896+0000] {dag.py:2585} INFO - Sync 1 DAGs
[2024-08-05T11:58:03.949+0000] {logging_mixin.py:120} INFO - [2024-08-05T11:58:03.949+0000] {dag.py:3340} INFO - Setting next_dagrun for example_branch_labels to 2024-08-04T00:00:00+00:00, run_after=2024-08-05T00:00:00+00:00
[2024-08-05T11:58:03.980+0000] {processor.py:176} INFO - Processing /home/airflow/.local/lib/python3.7/site-packages/airflow/example_dags/example_branch_labels.py took 0.178 seconds
[2024-08-05T11:58:34.234+0000] {processor.py:154} INFO - Started process (PID=25101) to work on /home/airflow/.local/lib/python3.7/site-packages/airflow/example_dags/example_branch_labels.py
[2024-08-05T11:58:34.241+0000] {processor.py:756} INFO - Processing file /home/airflow/.local/lib/python3.7/site-packages/airflow/example_dags/example_branch_labels.py for tasks to queue
[2024-08-05T11:58:34.242+0000] {logging_mixin.py:120} INFO - [2024-08-05T11:58:34.242+0000] {dagbag.py:537} INFO - Filling up the DagBag from /home/airflow/.local/lib/python3.7/site-packages/airflow/example_dags/example_branch_labels.py
[2024-08-05T11:58:34.258+0000] {processor.py:766} INFO - DAG(s) dict_keys(['example_branch_labels']) retrieved from /home/airflow/.local/lib/python3.7/site-packages/airflow/example_dags/example_branch_labels.py
[2024-08-05T11:58:34.313+0000] {logging_mixin.py:120} INFO - [2024-08-05T11:58:34.312+0000] {dag.py:2585} INFO - Sync 1 DAGs
[2024-08-05T11:58:34.338+0000] {logging_mixin.py:120} INFO - [2024-08-05T11:58:34.338+0000] {dag.py:3340} INFO - Setting next_dagrun for example_branch_labels to 2024-08-04T00:00:00+00:00, run_after=2024-08-05T00:00:00+00:00
[2024-08-05T11:58:34.361+0000] {processor.py:176} INFO - Processing /home/airflow/.local/lib/python3.7/site-packages/airflow/example_dags/example_branch_labels.py took 0.129 seconds
[2024-08-05T11:59:04.915+0000] {processor.py:154} INFO - Started process (PID=25168) to work on /home/airflow/.local/lib/python3.7/site-packages/airflow/example_dags/example_branch_labels.py
[2024-08-05T11:59:04.916+0000] {processor.py:756} INFO - Processing file /home/airflow/.local/lib/python3.7/site-packages/airflow/example_dags/example_branch_labels.py for tasks to queue
[2024-08-05T11:59:04.917+0000] {logging_mixin.py:120} INFO - [2024-08-05T11:59:04.917+0000] {dagbag.py:537} INFO - Filling up the DagBag from /home/airflow/.local/lib/python3.7/site-packages/airflow/example_dags/example_branch_labels.py
[2024-08-05T11:59:04.930+0000] {processor.py:766} INFO - DAG(s) dict_keys(['example_branch_labels']) retrieved from /home/airflow/.local/lib/python3.7/site-packages/airflow/example_dags/example_branch_labels.py
[2024-08-05T11:59:04.966+0000] {logging_mixin.py:120} INFO - [2024-08-05T11:59:04.966+0000] {dag.py:2585} INFO - Sync 1 DAGs
[2024-08-05T11:59:05.009+0000] {logging_mixin.py:120} INFO - [2024-08-05T11:59:05.008+0000] {dag.py:3340} INFO - Setting next_dagrun for example_branch_labels to 2024-08-04T00:00:00+00:00, run_after=2024-08-05T00:00:00+00:00
[2024-08-05T11:59:05.039+0000] {processor.py:176} INFO - Processing /home/airflow/.local/lib/python3.7/site-packages/airflow/example_dags/example_branch_labels.py took 0.127 seconds
[2024-08-05T12:00:36.226+0000] {processor.py:154} INFO - Started process (PID=85) to work on /home/airflow/.local/lib/python3.7/site-packages/airflow/example_dags/example_branch_labels.py
[2024-08-05T12:00:36.230+0000] {processor.py:756} INFO - Processing file /home/airflow/.local/lib/python3.7/site-packages/airflow/example_dags/example_branch_labels.py for tasks to queue
[2024-08-05T12:00:36.232+0000] {logging_mixin.py:120} INFO - [2024-08-05T12:00:36.232+0000] {dagbag.py:537} INFO - Filling up the DagBag from /home/airflow/.local/lib/python3.7/site-packages/airflow/example_dags/example_branch_labels.py
[2024-08-05T12:00:36.260+0000] {processor.py:766} INFO - DAG(s) dict_keys(['example_branch_labels']) retrieved from /home/airflow/.local/lib/python3.7/site-packages/airflow/example_dags/example_branch_labels.py
[2024-08-05T12:00:36.353+0000] {logging_mixin.py:120} INFO - [2024-08-05T12:00:36.352+0000] {dag.py:2585} INFO - Sync 1 DAGs
[2024-08-05T12:00:36.408+0000] {logging_mixin.py:120} INFO - [2024-08-05T12:00:36.408+0000] {dag.py:3340} INFO - Setting next_dagrun for example_branch_labels to 2024-08-04T00:00:00+00:00, run_after=2024-08-05T00:00:00+00:00
[2024-08-05T12:00:36.454+0000] {processor.py:176} INFO - Processing /home/airflow/.local/lib/python3.7/site-packages/airflow/example_dags/example_branch_labels.py took 0.235 seconds
[2024-08-05T12:01:07.239+0000] {processor.py:154} INFO - Started process (PID=144) to work on /home/airflow/.local/lib/python3.7/site-packages/airflow/example_dags/example_branch_labels.py
[2024-08-05T12:01:07.240+0000] {processor.py:756} INFO - Processing file /home/airflow/.local/lib/python3.7/site-packages/airflow/example_dags/example_branch_labels.py for tasks to queue
[2024-08-05T12:01:07.242+0000] {logging_mixin.py:120} INFO - [2024-08-05T12:01:07.241+0000] {dagbag.py:537} INFO - Filling up the DagBag from /home/airflow/.local/lib/python3.7/site-packages/airflow/example_dags/example_branch_labels.py
[2024-08-05T12:01:07.270+0000] {processor.py:766} INFO - DAG(s) dict_keys(['example_branch_labels']) retrieved from /home/airflow/.local/lib/python3.7/site-packages/airflow/example_dags/example_branch_labels.py
[2024-08-05T12:01:07.324+0000] {logging_mixin.py:120} INFO - [2024-08-05T12:01:07.324+0000] {dag.py:2585} INFO - Sync 1 DAGs
[2024-08-05T12:01:07.351+0000] {logging_mixin.py:120} INFO - [2024-08-05T12:01:07.351+0000] {dag.py:3340} INFO - Setting next_dagrun for example_branch_labels to 2024-08-04T00:00:00+00:00, run_after=2024-08-05T00:00:00+00:00
[2024-08-05T12:01:07.374+0000] {processor.py:176} INFO - Processing /home/airflow/.local/lib/python3.7/site-packages/airflow/example_dags/example_branch_labels.py took 0.137 seconds
[2024-08-05T12:01:38.005+0000] {processor.py:154} INFO - Started process (PID=212) to work on /home/airflow/.local/lib/python3.7/site-packages/airflow/example_dags/example_branch_labels.py
[2024-08-05T12:01:38.007+0000] {processor.py:756} INFO - Processing file /home/airflow/.local/lib/python3.7/site-packages/airflow/example_dags/example_branch_labels.py for tasks to queue
[2024-08-05T12:01:38.009+0000] {logging_mixin.py:120} INFO - [2024-08-05T12:01:38.009+0000] {dagbag.py:537} INFO - Filling up the DagBag from /home/airflow/.local/lib/python3.7/site-packages/airflow/example_dags/example_branch_labels.py
[2024-08-05T12:01:38.035+0000] {processor.py:766} INFO - DAG(s) dict_keys(['example_branch_labels']) retrieved from /home/airflow/.local/lib/python3.7/site-packages/airflow/example_dags/example_branch_labels.py
[2024-08-05T12:01:38.107+0000] {logging_mixin.py:120} INFO - [2024-08-05T12:01:38.107+0000] {dag.py:2585} INFO - Sync 1 DAGs
[2024-08-05T12:01:38.164+0000] {logging_mixin.py:120} INFO - [2024-08-05T12:01:38.164+0000] {dag.py:3340} INFO - Setting next_dagrun for example_branch_labels to 2024-08-04T00:00:00+00:00, run_after=2024-08-05T00:00:00+00:00
[2024-08-05T12:01:38.211+0000] {processor.py:176} INFO - Processing /home/airflow/.local/lib/python3.7/site-packages/airflow/example_dags/example_branch_labels.py took 0.210 seconds
[2024-08-05T12:02:11.874+0000] {processor.py:154} INFO - Started process (PID=278) to work on /home/airflow/.local/lib/python3.7/site-packages/airflow/example_dags/example_branch_labels.py
[2024-08-05T12:02:11.880+0000] {processor.py:756} INFO - Processing file /home/airflow/.local/lib/python3.7/site-packages/airflow/example_dags/example_branch_labels.py for tasks to queue
[2024-08-05T12:02:11.882+0000] {logging_mixin.py:120} INFO - [2024-08-05T12:02:11.881+0000] {dagbag.py:537} INFO - Filling up the DagBag from /home/airflow/.local/lib/python3.7/site-packages/airflow/example_dags/example_branch_labels.py
[2024-08-05T12:02:11.930+0000] {processor.py:766} INFO - DAG(s) dict_keys(['example_branch_labels']) retrieved from /home/airflow/.local/lib/python3.7/site-packages/airflow/example_dags/example_branch_labels.py
[2024-08-05T12:02:12.117+0000] {logging_mixin.py:120} INFO - [2024-08-05T12:02:12.117+0000] {dag.py:2585} INFO - Sync 1 DAGs
[2024-08-05T12:02:12.205+0000] {logging_mixin.py:120} INFO - [2024-08-05T12:02:12.205+0000] {dag.py:3340} INFO - Setting next_dagrun for example_branch_labels to 2024-08-04T00:00:00+00:00, run_after=2024-08-05T00:00:00+00:00
[2024-08-05T12:02:12.283+0000] {processor.py:176} INFO - Processing /home/airflow/.local/lib/python3.7/site-packages/airflow/example_dags/example_branch_labels.py took 0.417 seconds
[2024-08-05T12:02:42.796+0000] {processor.py:154} INFO - Started process (PID=337) to work on /home/airflow/.local/lib/python3.7/site-packages/airflow/example_dags/example_branch_labels.py
[2024-08-05T12:02:42.798+0000] {processor.py:756} INFO - Processing file /home/airflow/.local/lib/python3.7/site-packages/airflow/example_dags/example_branch_labels.py for tasks to queue
[2024-08-05T12:02:42.800+0000] {logging_mixin.py:120} INFO - [2024-08-05T12:02:42.800+0000] {dagbag.py:537} INFO - Filling up the DagBag from /home/airflow/.local/lib/python3.7/site-packages/airflow/example_dags/example_branch_labels.py
[2024-08-05T12:02:42.850+0000] {processor.py:766} INFO - DAG(s) dict_keys(['example_branch_labels']) retrieved from /home/airflow/.local/lib/python3.7/site-packages/airflow/example_dags/example_branch_labels.py
[2024-08-05T12:02:42.945+0000] {logging_mixin.py:120} INFO - [2024-08-05T12:02:42.944+0000] {dag.py:2585} INFO - Sync 1 DAGs
[2024-08-05T12:02:42.983+0000] {logging_mixin.py:120} INFO - [2024-08-05T12:02:42.983+0000] {dag.py:3340} INFO - Setting next_dagrun for example_branch_labels to 2024-08-04T00:00:00+00:00, run_after=2024-08-05T00:00:00+00:00
[2024-08-05T12:02:43.015+0000] {processor.py:176} INFO - Processing /home/airflow/.local/lib/python3.7/site-packages/airflow/example_dags/example_branch_labels.py took 0.228 seconds
[2024-08-05T12:03:14.447+0000] {processor.py:154} INFO - Started process (PID=404) to work on /home/airflow/.local/lib/python3.7/site-packages/airflow/example_dags/example_branch_labels.py
[2024-08-05T12:03:14.450+0000] {processor.py:756} INFO - Processing file /home/airflow/.local/lib/python3.7/site-packages/airflow/example_dags/example_branch_labels.py for tasks to queue
[2024-08-05T12:03:14.452+0000] {logging_mixin.py:120} INFO - [2024-08-05T12:03:14.451+0000] {dagbag.py:537} INFO - Filling up the DagBag from /home/airflow/.local/lib/python3.7/site-packages/airflow/example_dags/example_branch_labels.py
[2024-08-05T12:03:14.501+0000] {processor.py:766} INFO - DAG(s) dict_keys(['example_branch_labels']) retrieved from /home/airflow/.local/lib/python3.7/site-packages/airflow/example_dags/example_branch_labels.py
[2024-08-05T12:03:14.648+0000] {logging_mixin.py:120} INFO - [2024-08-05T12:03:14.648+0000] {dag.py:2585} INFO - Sync 1 DAGs
[2024-08-05T12:03:14.770+0000] {logging_mixin.py:120} INFO - [2024-08-05T12:03:14.770+0000] {dag.py:3340} INFO - Setting next_dagrun for example_branch_labels to 2024-08-04T00:00:00+00:00, run_after=2024-08-05T00:00:00+00:00
[2024-08-05T12:03:14.836+0000] {processor.py:176} INFO - Processing /home/airflow/.local/lib/python3.7/site-packages/airflow/example_dags/example_branch_labels.py took 0.399 seconds
[2024-08-05T12:03:45.154+0000] {processor.py:154} INFO - Started process (PID=462) to work on /home/airflow/.local/lib/python3.7/site-packages/airflow/example_dags/example_branch_labels.py
[2024-08-05T12:03:45.155+0000] {processor.py:756} INFO - Processing file /home/airflow/.local/lib/python3.7/site-packages/airflow/example_dags/example_branch_labels.py for tasks to queue
[2024-08-05T12:03:45.157+0000] {logging_mixin.py:120} INFO - [2024-08-05T12:03:45.156+0000] {dagbag.py:537} INFO - Filling up the DagBag from /home/airflow/.local/lib/python3.7/site-packages/airflow/example_dags/example_branch_labels.py
[2024-08-05T12:03:45.173+0000] {processor.py:766} INFO - DAG(s) dict_keys(['example_branch_labels']) retrieved from /home/airflow/.local/lib/python3.7/site-packages/airflow/example_dags/example_branch_labels.py
[2024-08-05T12:03:45.215+0000] {logging_mixin.py:120} INFO - [2024-08-05T12:03:45.214+0000] {dag.py:2585} INFO - Sync 1 DAGs
[2024-08-05T12:03:45.246+0000] {logging_mixin.py:120} INFO - [2024-08-05T12:03:45.245+0000] {dag.py:3340} INFO - Setting next_dagrun for example_branch_labels to 2024-08-04T00:00:00+00:00, run_after=2024-08-05T00:00:00+00:00
[2024-08-05T12:03:45.268+0000] {processor.py:176} INFO - Processing /home/airflow/.local/lib/python3.7/site-packages/airflow/example_dags/example_branch_labels.py took 0.118 seconds
[2024-08-05T12:04:15.576+0000] {processor.py:154} INFO - Started process (PID=529) to work on /home/airflow/.local/lib/python3.7/site-packages/airflow/example_dags/example_branch_labels.py
[2024-08-05T12:04:15.578+0000] {processor.py:756} INFO - Processing file /home/airflow/.local/lib/python3.7/site-packages/airflow/example_dags/example_branch_labels.py for tasks to queue
[2024-08-05T12:04:15.581+0000] {logging_mixin.py:120} INFO - [2024-08-05T12:04:15.580+0000] {dagbag.py:537} INFO - Filling up the DagBag from /home/airflow/.local/lib/python3.7/site-packages/airflow/example_dags/example_branch_labels.py
[2024-08-05T12:04:15.620+0000] {processor.py:766} INFO - DAG(s) dict_keys(['example_branch_labels']) retrieved from /home/airflow/.local/lib/python3.7/site-packages/airflow/example_dags/example_branch_labels.py
[2024-08-05T12:04:15.690+0000] {logging_mixin.py:120} INFO - [2024-08-05T12:04:15.690+0000] {dag.py:2585} INFO - Sync 1 DAGs
[2024-08-05T12:04:15.730+0000] {logging_mixin.py:120} INFO - [2024-08-05T12:04:15.730+0000] {dag.py:3340} INFO - Setting next_dagrun for example_branch_labels to 2024-08-04T00:00:00+00:00, run_after=2024-08-05T00:00:00+00:00
[2024-08-05T12:04:15.771+0000] {processor.py:176} INFO - Processing /home/airflow/.local/lib/python3.7/site-packages/airflow/example_dags/example_branch_labels.py took 0.200 seconds
[2024-08-05T12:04:46.636+0000] {processor.py:154} INFO - Started process (PID=596) to work on /home/airflow/.local/lib/python3.7/site-packages/airflow/example_dags/example_branch_labels.py
[2024-08-05T12:04:46.638+0000] {processor.py:756} INFO - Processing file /home/airflow/.local/lib/python3.7/site-packages/airflow/example_dags/example_branch_labels.py for tasks to queue
[2024-08-05T12:04:46.640+0000] {logging_mixin.py:120} INFO - [2024-08-05T12:04:46.639+0000] {dagbag.py:537} INFO - Filling up the DagBag from /home/airflow/.local/lib/python3.7/site-packages/airflow/example_dags/example_branch_labels.py
[2024-08-05T12:04:46.667+0000] {processor.py:766} INFO - DAG(s) dict_keys(['example_branch_labels']) retrieved from /home/airflow/.local/lib/python3.7/site-packages/airflow/example_dags/example_branch_labels.py
[2024-08-05T12:04:46.714+0000] {logging_mixin.py:120} INFO - [2024-08-05T12:04:46.714+0000] {dag.py:2585} INFO - Sync 1 DAGs
[2024-08-05T12:04:46.740+0000] {logging_mixin.py:120} INFO - [2024-08-05T12:04:46.739+0000] {dag.py:3340} INFO - Setting next_dagrun for example_branch_labels to 2024-08-04T00:00:00+00:00, run_after=2024-08-05T00:00:00+00:00
[2024-08-05T12:04:46.769+0000] {processor.py:176} INFO - Processing /home/airflow/.local/lib/python3.7/site-packages/airflow/example_dags/example_branch_labels.py took 0.137 seconds
[2024-08-05T12:05:17.814+0000] {processor.py:154} INFO - Started process (PID=654) to work on /home/airflow/.local/lib/python3.7/site-packages/airflow/example_dags/example_branch_labels.py
[2024-08-05T12:05:17.816+0000] {processor.py:756} INFO - Processing file /home/airflow/.local/lib/python3.7/site-packages/airflow/example_dags/example_branch_labels.py for tasks to queue
[2024-08-05T12:05:17.817+0000] {logging_mixin.py:120} INFO - [2024-08-05T12:05:17.817+0000] {dagbag.py:537} INFO - Filling up the DagBag from /home/airflow/.local/lib/python3.7/site-packages/airflow/example_dags/example_branch_labels.py
[2024-08-05T12:05:17.836+0000] {processor.py:766} INFO - DAG(s) dict_keys(['example_branch_labels']) retrieved from /home/airflow/.local/lib/python3.7/site-packages/airflow/example_dags/example_branch_labels.py
[2024-08-05T12:05:17.891+0000] {logging_mixin.py:120} INFO - [2024-08-05T12:05:17.891+0000] {dag.py:2585} INFO - Sync 1 DAGs
[2024-08-05T12:05:17.932+0000] {logging_mixin.py:120} INFO - [2024-08-05T12:05:17.932+0000] {dag.py:3340} INFO - Setting next_dagrun for example_branch_labels to 2024-08-04T00:00:00+00:00, run_after=2024-08-05T00:00:00+00:00
[2024-08-05T12:05:17.968+0000] {processor.py:176} INFO - Processing /home/airflow/.local/lib/python3.7/site-packages/airflow/example_dags/example_branch_labels.py took 0.157 seconds
[2024-08-05T12:05:48.555+0000] {processor.py:154} INFO - Started process (PID=721) to work on /home/airflow/.local/lib/python3.7/site-packages/airflow/example_dags/example_branch_labels.py
[2024-08-05T12:05:48.556+0000] {processor.py:756} INFO - Processing file /home/airflow/.local/lib/python3.7/site-packages/airflow/example_dags/example_branch_labels.py for tasks to queue
[2024-08-05T12:05:48.558+0000] {logging_mixin.py:120} INFO - [2024-08-05T12:05:48.558+0000] {dagbag.py:537} INFO - Filling up the DagBag from /home/airflow/.local/lib/python3.7/site-packages/airflow/example_dags/example_branch_labels.py
[2024-08-05T12:05:48.588+0000] {processor.py:766} INFO - DAG(s) dict_keys(['example_branch_labels']) retrieved from /home/airflow/.local/lib/python3.7/site-packages/airflow/example_dags/example_branch_labels.py
[2024-08-05T12:05:48.666+0000] {logging_mixin.py:120} INFO - [2024-08-05T12:05:48.666+0000] {dag.py:2585} INFO - Sync 1 DAGs
[2024-08-05T12:05:48.704+0000] {logging_mixin.py:120} INFO - [2024-08-05T12:05:48.704+0000] {dag.py:3340} INFO - Setting next_dagrun for example_branch_labels to 2024-08-04T00:00:00+00:00, run_after=2024-08-05T00:00:00+00:00
[2024-08-05T12:05:48.745+0000] {processor.py:176} INFO - Processing /home/airflow/.local/lib/python3.7/site-packages/airflow/example_dags/example_branch_labels.py took 0.196 seconds
