[2024-08-05T05:54:31.152+0000] {processor.py:154} INFO - Started process (PID=67) to work on /home/airflow/.local/lib/python3.7/site-packages/airflow/example_dags/example_task_group.py
[2024-08-05T05:54:31.153+0000] {processor.py:756} INFO - Processing file /home/airflow/.local/lib/python3.7/site-packages/airflow/example_dags/example_task_group.py for tasks to queue
[2024-08-05T05:54:31.155+0000] {logging_mixin.py:120} INFO - [2024-08-05T05:54:31.155+0000] {dagbag.py:537} INFO - Filling up the DagBag from /home/airflow/.local/lib/python3.7/site-packages/airflow/example_dags/example_task_group.py
[2024-08-05T05:54:31.181+0000] {processor.py:766} INFO - DAG(s) dict_keys(['example_task_group']) retrieved from /home/airflow/.local/lib/python3.7/site-packages/airflow/example_dags/example_task_group.py
[2024-08-05T05:54:31.222+0000] {logging_mixin.py:120} INFO - [2024-08-05T05:54:31.222+0000] {dag.py:2585} INFO - Sync 1 DAGs
[2024-08-05T05:54:31.260+0000] {logging_mixin.py:120} INFO - [2024-08-05T05:54:31.260+0000] {dag.py:3340} INFO - Setting next_dagrun for example_task_group to 2024-08-04T05:54:31.259765+00:00, run_after=2024-08-05T05:54:31.259765+00:00
[2024-08-05T05:54:31.290+0000] {processor.py:176} INFO - Processing /home/airflow/.local/lib/python3.7/site-packages/airflow/example_dags/example_task_group.py took 0.141 seconds
[2024-08-05T05:55:02.802+0000] {processor.py:154} INFO - Started process (PID=131) to work on /home/airflow/.local/lib/python3.7/site-packages/airflow/example_dags/example_task_group.py
[2024-08-05T05:55:02.803+0000] {processor.py:756} INFO - Processing file /home/airflow/.local/lib/python3.7/site-packages/airflow/example_dags/example_task_group.py for tasks to queue
[2024-08-05T05:55:02.805+0000] {logging_mixin.py:120} INFO - [2024-08-05T05:55:02.804+0000] {dagbag.py:537} INFO - Filling up the DagBag from /home/airflow/.local/lib/python3.7/site-packages/airflow/example_dags/example_task_group.py
[2024-08-05T05:55:02.820+0000] {processor.py:766} INFO - DAG(s) dict_keys(['example_task_group']) retrieved from /home/airflow/.local/lib/python3.7/site-packages/airflow/example_dags/example_task_group.py
[2024-08-05T05:55:02.861+0000] {logging_mixin.py:120} INFO - [2024-08-05T05:55:02.861+0000] {dag.py:2585} INFO - Sync 1 DAGs
[2024-08-05T05:55:02.890+0000] {logging_mixin.py:120} INFO - [2024-08-05T05:55:02.890+0000] {dag.py:3340} INFO - Setting next_dagrun for example_task_group to 2024-08-04T05:55:02.890318+00:00, run_after=2024-08-05T05:55:02.890318+00:00
[2024-08-05T05:55:02.919+0000] {processor.py:176} INFO - Processing /home/airflow/.local/lib/python3.7/site-packages/airflow/example_dags/example_task_group.py took 0.122 seconds
[2024-08-05T05:55:33.897+0000] {processor.py:154} INFO - Started process (PID=189) to work on /home/airflow/.local/lib/python3.7/site-packages/airflow/example_dags/example_task_group.py
[2024-08-05T05:55:33.898+0000] {processor.py:756} INFO - Processing file /home/airflow/.local/lib/python3.7/site-packages/airflow/example_dags/example_task_group.py for tasks to queue
[2024-08-05T05:55:33.899+0000] {logging_mixin.py:120} INFO - [2024-08-05T05:55:33.899+0000] {dagbag.py:537} INFO - Filling up the DagBag from /home/airflow/.local/lib/python3.7/site-packages/airflow/example_dags/example_task_group.py
[2024-08-05T05:55:33.911+0000] {processor.py:766} INFO - DAG(s) dict_keys(['example_task_group']) retrieved from /home/airflow/.local/lib/python3.7/site-packages/airflow/example_dags/example_task_group.py
[2024-08-05T05:55:33.970+0000] {logging_mixin.py:120} INFO - [2024-08-05T05:55:33.970+0000] {dag.py:2585} INFO - Sync 1 DAGs
[2024-08-05T05:55:34.001+0000] {logging_mixin.py:120} INFO - [2024-08-05T05:55:34.000+0000] {dag.py:3340} INFO - Setting next_dagrun for example_task_group to 2024-08-04T05:55:34.000720+00:00, run_after=2024-08-05T05:55:34.000720+00:00
[2024-08-05T05:55:34.023+0000] {processor.py:176} INFO - Processing /home/airflow/.local/lib/python3.7/site-packages/airflow/example_dags/example_task_group.py took 0.129 seconds
[2024-08-05T05:56:04.952+0000] {processor.py:154} INFO - Started process (PID=253) to work on /home/airflow/.local/lib/python3.7/site-packages/airflow/example_dags/example_task_group.py
[2024-08-05T05:56:04.954+0000] {processor.py:756} INFO - Processing file /home/airflow/.local/lib/python3.7/site-packages/airflow/example_dags/example_task_group.py for tasks to queue
[2024-08-05T05:56:04.956+0000] {logging_mixin.py:120} INFO - [2024-08-05T05:56:04.955+0000] {dagbag.py:537} INFO - Filling up the DagBag from /home/airflow/.local/lib/python3.7/site-packages/airflow/example_dags/example_task_group.py
[2024-08-05T05:56:04.978+0000] {processor.py:766} INFO - DAG(s) dict_keys(['example_task_group']) retrieved from /home/airflow/.local/lib/python3.7/site-packages/airflow/example_dags/example_task_group.py
[2024-08-05T05:56:05.053+0000] {logging_mixin.py:120} INFO - [2024-08-05T05:56:05.053+0000] {dag.py:2585} INFO - Sync 1 DAGs
[2024-08-05T05:56:05.108+0000] {logging_mixin.py:120} INFO - [2024-08-05T05:56:05.108+0000] {dag.py:3340} INFO - Setting next_dagrun for example_task_group to 2024-08-04T05:56:05.108127+00:00, run_after=2024-08-05T05:56:05.108127+00:00
[2024-08-05T05:56:05.144+0000] {processor.py:176} INFO - Processing /home/airflow/.local/lib/python3.7/site-packages/airflow/example_dags/example_task_group.py took 0.197 seconds
[2024-08-05T05:56:36.243+0000] {processor.py:154} INFO - Started process (PID=319) to work on /home/airflow/.local/lib/python3.7/site-packages/airflow/example_dags/example_task_group.py
[2024-08-05T05:56:36.245+0000] {processor.py:756} INFO - Processing file /home/airflow/.local/lib/python3.7/site-packages/airflow/example_dags/example_task_group.py for tasks to queue
[2024-08-05T05:56:36.247+0000] {logging_mixin.py:120} INFO - [2024-08-05T05:56:36.247+0000] {dagbag.py:537} INFO - Filling up the DagBag from /home/airflow/.local/lib/python3.7/site-packages/airflow/example_dags/example_task_group.py
[2024-08-05T05:56:36.268+0000] {processor.py:766} INFO - DAG(s) dict_keys(['example_task_group']) retrieved from /home/airflow/.local/lib/python3.7/site-packages/airflow/example_dags/example_task_group.py
[2024-08-05T05:56:36.333+0000] {logging_mixin.py:120} INFO - [2024-08-05T05:56:36.333+0000] {dag.py:2585} INFO - Sync 1 DAGs
[2024-08-05T05:56:36.365+0000] {logging_mixin.py:120} INFO - [2024-08-05T05:56:36.365+0000] {dag.py:3340} INFO - Setting next_dagrun for example_task_group to 2024-08-04T05:56:36.364558+00:00, run_after=2024-08-05T05:56:36.364558+00:00
[2024-08-05T05:56:36.413+0000] {processor.py:176} INFO - Processing /home/airflow/.local/lib/python3.7/site-packages/airflow/example_dags/example_task_group.py took 0.176 seconds
[2024-08-05T05:57:07.341+0000] {processor.py:154} INFO - Started process (PID=384) to work on /home/airflow/.local/lib/python3.7/site-packages/airflow/example_dags/example_task_group.py
[2024-08-05T05:57:07.343+0000] {processor.py:756} INFO - Processing file /home/airflow/.local/lib/python3.7/site-packages/airflow/example_dags/example_task_group.py for tasks to queue
[2024-08-05T05:57:07.346+0000] {logging_mixin.py:120} INFO - [2024-08-05T05:57:07.345+0000] {dagbag.py:537} INFO - Filling up the DagBag from /home/airflow/.local/lib/python3.7/site-packages/airflow/example_dags/example_task_group.py
[2024-08-05T05:57:07.368+0000] {processor.py:766} INFO - DAG(s) dict_keys(['example_task_group']) retrieved from /home/airflow/.local/lib/python3.7/site-packages/airflow/example_dags/example_task_group.py
[2024-08-05T05:57:07.428+0000] {logging_mixin.py:120} INFO - [2024-08-05T05:57:07.428+0000] {dag.py:2585} INFO - Sync 1 DAGs
[2024-08-05T05:57:07.460+0000] {logging_mixin.py:120} INFO - [2024-08-05T05:57:07.460+0000] {dag.py:3340} INFO - Setting next_dagrun for example_task_group to 2024-08-04T05:57:07.460271+00:00, run_after=2024-08-05T05:57:07.460271+00:00
[2024-08-05T05:57:07.492+0000] {processor.py:176} INFO - Processing /home/airflow/.local/lib/python3.7/site-packages/airflow/example_dags/example_task_group.py took 0.156 seconds
[2024-08-05T05:57:38.247+0000] {processor.py:154} INFO - Started process (PID=439) to work on /home/airflow/.local/lib/python3.7/site-packages/airflow/example_dags/example_task_group.py
[2024-08-05T05:57:38.248+0000] {processor.py:756} INFO - Processing file /home/airflow/.local/lib/python3.7/site-packages/airflow/example_dags/example_task_group.py for tasks to queue
[2024-08-05T05:57:38.249+0000] {logging_mixin.py:120} INFO - [2024-08-05T05:57:38.249+0000] {dagbag.py:537} INFO - Filling up the DagBag from /home/airflow/.local/lib/python3.7/site-packages/airflow/example_dags/example_task_group.py
[2024-08-05T05:57:38.263+0000] {processor.py:766} INFO - DAG(s) dict_keys(['example_task_group']) retrieved from /home/airflow/.local/lib/python3.7/site-packages/airflow/example_dags/example_task_group.py
[2024-08-05T05:57:38.296+0000] {logging_mixin.py:120} INFO - [2024-08-05T05:57:38.296+0000] {dag.py:2585} INFO - Sync 1 DAGs
[2024-08-05T05:57:38.317+0000] {logging_mixin.py:120} INFO - [2024-08-05T05:57:38.317+0000] {dag.py:3340} INFO - Setting next_dagrun for example_task_group to 2024-08-04T05:57:38.317173+00:00, run_after=2024-08-05T05:57:38.317173+00:00
[2024-08-05T05:57:38.335+0000] {processor.py:176} INFO - Processing /home/airflow/.local/lib/python3.7/site-packages/airflow/example_dags/example_task_group.py took 0.090 seconds
[2024-08-05T05:58:09.883+0000] {processor.py:154} INFO - Started process (PID=504) to work on /home/airflow/.local/lib/python3.7/site-packages/airflow/example_dags/example_task_group.py
[2024-08-05T05:58:09.885+0000] {processor.py:756} INFO - Processing file /home/airflow/.local/lib/python3.7/site-packages/airflow/example_dags/example_task_group.py for tasks to queue
[2024-08-05T05:58:09.886+0000] {logging_mixin.py:120} INFO - [2024-08-05T05:58:09.886+0000] {dagbag.py:537} INFO - Filling up the DagBag from /home/airflow/.local/lib/python3.7/site-packages/airflow/example_dags/example_task_group.py
[2024-08-05T05:58:09.897+0000] {processor.py:766} INFO - DAG(s) dict_keys(['example_task_group']) retrieved from /home/airflow/.local/lib/python3.7/site-packages/airflow/example_dags/example_task_group.py
[2024-08-05T05:58:09.930+0000] {logging_mixin.py:120} INFO - [2024-08-05T05:58:09.930+0000] {dag.py:2585} INFO - Sync 1 DAGs
[2024-08-05T05:58:09.948+0000] {logging_mixin.py:120} INFO - [2024-08-05T05:58:09.947+0000] {dag.py:3340} INFO - Setting next_dagrun for example_task_group to 2024-08-04T05:58:09.947773+00:00, run_after=2024-08-05T05:58:09.947773+00:00
[2024-08-05T05:58:09.969+0000] {processor.py:176} INFO - Processing /home/airflow/.local/lib/python3.7/site-packages/airflow/example_dags/example_task_group.py took 0.088 seconds
[2024-08-05T05:58:41.020+0000] {processor.py:154} INFO - Started process (PID=569) to work on /home/airflow/.local/lib/python3.7/site-packages/airflow/example_dags/example_task_group.py
[2024-08-05T05:58:41.021+0000] {processor.py:756} INFO - Processing file /home/airflow/.local/lib/python3.7/site-packages/airflow/example_dags/example_task_group.py for tasks to queue
[2024-08-05T05:58:41.022+0000] {logging_mixin.py:120} INFO - [2024-08-05T05:58:41.022+0000] {dagbag.py:537} INFO - Filling up the DagBag from /home/airflow/.local/lib/python3.7/site-packages/airflow/example_dags/example_task_group.py
[2024-08-05T05:58:41.033+0000] {processor.py:766} INFO - DAG(s) dict_keys(['example_task_group']) retrieved from /home/airflow/.local/lib/python3.7/site-packages/airflow/example_dags/example_task_group.py
[2024-08-05T05:58:41.062+0000] {logging_mixin.py:120} INFO - [2024-08-05T05:58:41.062+0000] {dag.py:2585} INFO - Sync 1 DAGs
[2024-08-05T05:58:41.079+0000] {logging_mixin.py:120} INFO - [2024-08-05T05:58:41.079+0000] {dag.py:3340} INFO - Setting next_dagrun for example_task_group to 2024-08-04T05:58:41.078884+00:00, run_after=2024-08-05T05:58:41.078884+00:00
[2024-08-05T05:58:41.100+0000] {processor.py:176} INFO - Processing /home/airflow/.local/lib/python3.7/site-packages/airflow/example_dags/example_task_group.py took 0.083 seconds
[2024-08-05T05:59:11.612+0000] {processor.py:154} INFO - Started process (PID=635) to work on /home/airflow/.local/lib/python3.7/site-packages/airflow/example_dags/example_task_group.py
[2024-08-05T05:59:11.613+0000] {processor.py:756} INFO - Processing file /home/airflow/.local/lib/python3.7/site-packages/airflow/example_dags/example_task_group.py for tasks to queue
[2024-08-05T05:59:11.614+0000] {logging_mixin.py:120} INFO - [2024-08-05T05:59:11.614+0000] {dagbag.py:537} INFO - Filling up the DagBag from /home/airflow/.local/lib/python3.7/site-packages/airflow/example_dags/example_task_group.py
[2024-08-05T05:59:11.626+0000] {processor.py:766} INFO - DAG(s) dict_keys(['example_task_group']) retrieved from /home/airflow/.local/lib/python3.7/site-packages/airflow/example_dags/example_task_group.py
[2024-08-05T05:59:11.659+0000] {logging_mixin.py:120} INFO - [2024-08-05T05:59:11.659+0000] {dag.py:2585} INFO - Sync 1 DAGs
[2024-08-05T05:59:11.683+0000] {logging_mixin.py:120} INFO - [2024-08-05T05:59:11.683+0000] {dag.py:3340} INFO - Setting next_dagrun for example_task_group to 2024-08-04T05:59:11.683030+00:00, run_after=2024-08-05T05:59:11.683030+00:00
[2024-08-05T05:59:11.716+0000] {processor.py:176} INFO - Processing /home/airflow/.local/lib/python3.7/site-packages/airflow/example_dags/example_task_group.py took 0.107 seconds
[2024-08-05T05:59:42.377+0000] {processor.py:154} INFO - Started process (PID=704) to work on /home/airflow/.local/lib/python3.7/site-packages/airflow/example_dags/example_task_group.py
[2024-08-05T05:59:42.378+0000] {processor.py:756} INFO - Processing file /home/airflow/.local/lib/python3.7/site-packages/airflow/example_dags/example_task_group.py for tasks to queue
[2024-08-05T05:59:42.380+0000] {logging_mixin.py:120} INFO - [2024-08-05T05:59:42.379+0000] {dagbag.py:537} INFO - Filling up the DagBag from /home/airflow/.local/lib/python3.7/site-packages/airflow/example_dags/example_task_group.py
[2024-08-05T05:59:42.398+0000] {processor.py:766} INFO - DAG(s) dict_keys(['example_task_group']) retrieved from /home/airflow/.local/lib/python3.7/site-packages/airflow/example_dags/example_task_group.py
[2024-08-05T05:59:42.444+0000] {logging_mixin.py:120} INFO - [2024-08-05T05:59:42.444+0000] {dag.py:2585} INFO - Sync 1 DAGs
[2024-08-05T05:59:42.472+0000] {logging_mixin.py:120} INFO - [2024-08-05T05:59:42.472+0000] {dag.py:3340} INFO - Setting next_dagrun for example_task_group to 2024-08-04T05:59:42.472370+00:00, run_after=2024-08-05T05:59:42.472370+00:00
[2024-08-05T05:59:42.502+0000] {processor.py:176} INFO - Processing /home/airflow/.local/lib/python3.7/site-packages/airflow/example_dags/example_task_group.py took 0.127 seconds
[2024-08-05T06:00:12.782+0000] {processor.py:154} INFO - Started process (PID=760) to work on /home/airflow/.local/lib/python3.7/site-packages/airflow/example_dags/example_task_group.py
[2024-08-05T06:00:12.783+0000] {processor.py:756} INFO - Processing file /home/airflow/.local/lib/python3.7/site-packages/airflow/example_dags/example_task_group.py for tasks to queue
[2024-08-05T06:00:12.785+0000] {logging_mixin.py:120} INFO - [2024-08-05T06:00:12.785+0000] {dagbag.py:537} INFO - Filling up the DagBag from /home/airflow/.local/lib/python3.7/site-packages/airflow/example_dags/example_task_group.py
[2024-08-05T06:00:12.803+0000] {processor.py:766} INFO - DAG(s) dict_keys(['example_task_group']) retrieved from /home/airflow/.local/lib/python3.7/site-packages/airflow/example_dags/example_task_group.py
[2024-08-05T06:00:12.845+0000] {logging_mixin.py:120} INFO - [2024-08-05T06:00:12.845+0000] {dag.py:2585} INFO - Sync 1 DAGs
[2024-08-05T06:00:12.864+0000] {logging_mixin.py:120} INFO - [2024-08-05T06:00:12.864+0000] {dag.py:3340} INFO - Setting next_dagrun for example_task_group to 2024-08-04T06:00:12.864651+00:00, run_after=2024-08-05T06:00:12.864651+00:00
[2024-08-05T06:00:12.883+0000] {processor.py:176} INFO - Processing /home/airflow/.local/lib/python3.7/site-packages/airflow/example_dags/example_task_group.py took 0.103 seconds
[2024-08-05T06:00:43.598+0000] {processor.py:154} INFO - Started process (PID=828) to work on /home/airflow/.local/lib/python3.7/site-packages/airflow/example_dags/example_task_group.py
[2024-08-05T06:00:43.599+0000] {processor.py:756} INFO - Processing file /home/airflow/.local/lib/python3.7/site-packages/airflow/example_dags/example_task_group.py for tasks to queue
[2024-08-05T06:00:43.600+0000] {logging_mixin.py:120} INFO - [2024-08-05T06:00:43.600+0000] {dagbag.py:537} INFO - Filling up the DagBag from /home/airflow/.local/lib/python3.7/site-packages/airflow/example_dags/example_task_group.py
[2024-08-05T06:00:43.620+0000] {processor.py:766} INFO - DAG(s) dict_keys(['example_task_group']) retrieved from /home/airflow/.local/lib/python3.7/site-packages/airflow/example_dags/example_task_group.py
[2024-08-05T06:00:43.664+0000] {logging_mixin.py:120} INFO - [2024-08-05T06:00:43.664+0000] {dag.py:2585} INFO - Sync 1 DAGs
[2024-08-05T06:00:43.691+0000] {logging_mixin.py:120} INFO - [2024-08-05T06:00:43.691+0000] {dag.py:3340} INFO - Setting next_dagrun for example_task_group to 2024-08-04T06:00:43.691513+00:00, run_after=2024-08-05T06:00:43.691513+00:00
[2024-08-05T06:00:43.717+0000] {processor.py:176} INFO - Processing /home/airflow/.local/lib/python3.7/site-packages/airflow/example_dags/example_task_group.py took 0.121 seconds
[2024-08-05T06:01:13.950+0000] {processor.py:154} INFO - Started process (PID=895) to work on /home/airflow/.local/lib/python3.7/site-packages/airflow/example_dags/example_task_group.py
[2024-08-05T06:01:13.952+0000] {processor.py:756} INFO - Processing file /home/airflow/.local/lib/python3.7/site-packages/airflow/example_dags/example_task_group.py for tasks to queue
[2024-08-05T06:01:13.952+0000] {logging_mixin.py:120} INFO - [2024-08-05T06:01:13.952+0000] {dagbag.py:537} INFO - Filling up the DagBag from /home/airflow/.local/lib/python3.7/site-packages/airflow/example_dags/example_task_group.py
[2024-08-05T06:01:13.965+0000] {processor.py:766} INFO - DAG(s) dict_keys(['example_task_group']) retrieved from /home/airflow/.local/lib/python3.7/site-packages/airflow/example_dags/example_task_group.py
[2024-08-05T06:01:13.999+0000] {logging_mixin.py:120} INFO - [2024-08-05T06:01:13.999+0000] {dag.py:2585} INFO - Sync 1 DAGs
[2024-08-05T06:01:14.018+0000] {logging_mixin.py:120} INFO - [2024-08-05T06:01:14.018+0000] {dag.py:3340} INFO - Setting next_dagrun for example_task_group to 2024-08-04T06:01:14.018097+00:00, run_after=2024-08-05T06:01:14.018097+00:00
[2024-08-05T06:01:14.045+0000] {processor.py:176} INFO - Processing /home/airflow/.local/lib/python3.7/site-packages/airflow/example_dags/example_task_group.py took 0.097 seconds
[2024-08-05T06:01:44.513+0000] {processor.py:154} INFO - Started process (PID=953) to work on /home/airflow/.local/lib/python3.7/site-packages/airflow/example_dags/example_task_group.py
[2024-08-05T06:01:44.514+0000] {processor.py:756} INFO - Processing file /home/airflow/.local/lib/python3.7/site-packages/airflow/example_dags/example_task_group.py for tasks to queue
[2024-08-05T06:01:44.516+0000] {logging_mixin.py:120} INFO - [2024-08-05T06:01:44.516+0000] {dagbag.py:537} INFO - Filling up the DagBag from /home/airflow/.local/lib/python3.7/site-packages/airflow/example_dags/example_task_group.py
[2024-08-05T06:01:44.532+0000] {processor.py:766} INFO - DAG(s) dict_keys(['example_task_group']) retrieved from /home/airflow/.local/lib/python3.7/site-packages/airflow/example_dags/example_task_group.py
[2024-08-05T06:01:44.575+0000] {logging_mixin.py:120} INFO - [2024-08-05T06:01:44.575+0000] {dag.py:2585} INFO - Sync 1 DAGs
[2024-08-05T06:01:44.604+0000] {logging_mixin.py:120} INFO - [2024-08-05T06:01:44.604+0000] {dag.py:3340} INFO - Setting next_dagrun for example_task_group to 2024-08-04T06:01:44.603858+00:00, run_after=2024-08-05T06:01:44.603858+00:00
[2024-08-05T06:01:44.629+0000] {processor.py:176} INFO - Processing /home/airflow/.local/lib/python3.7/site-packages/airflow/example_dags/example_task_group.py took 0.119 seconds
[2024-08-05T06:02:15.409+0000] {processor.py:154} INFO - Started process (PID=1021) to work on /home/airflow/.local/lib/python3.7/site-packages/airflow/example_dags/example_task_group.py
[2024-08-05T06:02:15.411+0000] {processor.py:756} INFO - Processing file /home/airflow/.local/lib/python3.7/site-packages/airflow/example_dags/example_task_group.py for tasks to queue
[2024-08-05T06:02:15.413+0000] {logging_mixin.py:120} INFO - [2024-08-05T06:02:15.412+0000] {dagbag.py:537} INFO - Filling up the DagBag from /home/airflow/.local/lib/python3.7/site-packages/airflow/example_dags/example_task_group.py
[2024-08-05T06:02:15.436+0000] {processor.py:766} INFO - DAG(s) dict_keys(['example_task_group']) retrieved from /home/airflow/.local/lib/python3.7/site-packages/airflow/example_dags/example_task_group.py
[2024-08-05T06:02:15.500+0000] {logging_mixin.py:120} INFO - [2024-08-05T06:02:15.500+0000] {dag.py:2585} INFO - Sync 1 DAGs
[2024-08-05T06:02:15.537+0000] {logging_mixin.py:120} INFO - [2024-08-05T06:02:15.537+0000] {dag.py:3340} INFO - Setting next_dagrun for example_task_group to 2024-08-04T06:02:15.536810+00:00, run_after=2024-08-05T06:02:15.536810+00:00
[2024-08-05T06:02:15.572+0000] {processor.py:176} INFO - Processing /home/airflow/.local/lib/python3.7/site-packages/airflow/example_dags/example_task_group.py took 0.167 seconds
[2024-08-05T06:02:46.344+0000] {processor.py:154} INFO - Started process (PID=1088) to work on /home/airflow/.local/lib/python3.7/site-packages/airflow/example_dags/example_task_group.py
[2024-08-05T06:02:46.346+0000] {processor.py:756} INFO - Processing file /home/airflow/.local/lib/python3.7/site-packages/airflow/example_dags/example_task_group.py for tasks to queue
[2024-08-05T06:02:46.348+0000] {logging_mixin.py:120} INFO - [2024-08-05T06:02:46.348+0000] {dagbag.py:537} INFO - Filling up the DagBag from /home/airflow/.local/lib/python3.7/site-packages/airflow/example_dags/example_task_group.py
[2024-08-05T06:02:46.365+0000] {processor.py:766} INFO - DAG(s) dict_keys(['example_task_group']) retrieved from /home/airflow/.local/lib/python3.7/site-packages/airflow/example_dags/example_task_group.py
[2024-08-05T06:02:46.410+0000] {logging_mixin.py:120} INFO - [2024-08-05T06:02:46.410+0000] {dag.py:2585} INFO - Sync 1 DAGs
[2024-08-05T06:02:46.438+0000] {logging_mixin.py:120} INFO - [2024-08-05T06:02:46.438+0000] {dag.py:3340} INFO - Setting next_dagrun for example_task_group to 2024-08-04T06:02:46.438056+00:00, run_after=2024-08-05T06:02:46.438056+00:00
[2024-08-05T06:02:46.465+0000] {processor.py:176} INFO - Processing /home/airflow/.local/lib/python3.7/site-packages/airflow/example_dags/example_task_group.py took 0.124 seconds
[2024-08-05T06:03:17.025+0000] {processor.py:154} INFO - Started process (PID=1156) to work on /home/airflow/.local/lib/python3.7/site-packages/airflow/example_dags/example_task_group.py
[2024-08-05T06:03:17.027+0000] {processor.py:756} INFO - Processing file /home/airflow/.local/lib/python3.7/site-packages/airflow/example_dags/example_task_group.py for tasks to queue
[2024-08-05T06:03:17.028+0000] {logging_mixin.py:120} INFO - [2024-08-05T06:03:17.028+0000] {dagbag.py:537} INFO - Filling up the DagBag from /home/airflow/.local/lib/python3.7/site-packages/airflow/example_dags/example_task_group.py
[2024-08-05T06:03:17.055+0000] {processor.py:766} INFO - DAG(s) dict_keys(['example_task_group']) retrieved from /home/airflow/.local/lib/python3.7/site-packages/airflow/example_dags/example_task_group.py
[2024-08-05T06:03:17.109+0000] {logging_mixin.py:120} INFO - [2024-08-05T06:03:17.109+0000] {dag.py:2585} INFO - Sync 1 DAGs
[2024-08-05T06:03:17.138+0000] {logging_mixin.py:120} INFO - [2024-08-05T06:03:17.138+0000] {dag.py:3340} INFO - Setting next_dagrun for example_task_group to 2024-08-04T06:03:17.138024+00:00, run_after=2024-08-05T06:03:17.138024+00:00
[2024-08-05T06:03:17.168+0000] {processor.py:176} INFO - Processing /home/airflow/.local/lib/python3.7/site-packages/airflow/example_dags/example_task_group.py took 0.146 seconds
[2024-08-05T06:03:47.286+0000] {processor.py:154} INFO - Started process (PID=1213) to work on /home/airflow/.local/lib/python3.7/site-packages/airflow/example_dags/example_task_group.py
[2024-08-05T06:03:47.287+0000] {processor.py:756} INFO - Processing file /home/airflow/.local/lib/python3.7/site-packages/airflow/example_dags/example_task_group.py for tasks to queue
[2024-08-05T06:03:47.289+0000] {logging_mixin.py:120} INFO - [2024-08-05T06:03:47.288+0000] {dagbag.py:537} INFO - Filling up the DagBag from /home/airflow/.local/lib/python3.7/site-packages/airflow/example_dags/example_task_group.py
[2024-08-05T06:03:47.307+0000] {processor.py:766} INFO - DAG(s) dict_keys(['example_task_group']) retrieved from /home/airflow/.local/lib/python3.7/site-packages/airflow/example_dags/example_task_group.py
[2024-08-05T06:03:47.350+0000] {logging_mixin.py:120} INFO - [2024-08-05T06:03:47.350+0000] {dag.py:2585} INFO - Sync 1 DAGs
[2024-08-05T06:03:47.383+0000] {logging_mixin.py:120} INFO - [2024-08-05T06:03:47.383+0000] {dag.py:3340} INFO - Setting next_dagrun for example_task_group to 2024-08-04T06:03:47.383052+00:00, run_after=2024-08-05T06:03:47.383052+00:00
[2024-08-05T06:03:47.411+0000] {processor.py:176} INFO - Processing /home/airflow/.local/lib/python3.7/site-packages/airflow/example_dags/example_task_group.py took 0.129 seconds
[2024-08-05T06:04:17.572+0000] {processor.py:154} INFO - Started process (PID=1280) to work on /home/airflow/.local/lib/python3.7/site-packages/airflow/example_dags/example_task_group.py
[2024-08-05T06:04:17.574+0000] {processor.py:756} INFO - Processing file /home/airflow/.local/lib/python3.7/site-packages/airflow/example_dags/example_task_group.py for tasks to queue
[2024-08-05T06:04:17.575+0000] {logging_mixin.py:120} INFO - [2024-08-05T06:04:17.575+0000] {dagbag.py:537} INFO - Filling up the DagBag from /home/airflow/.local/lib/python3.7/site-packages/airflow/example_dags/example_task_group.py
[2024-08-05T06:04:17.589+0000] {processor.py:766} INFO - DAG(s) dict_keys(['example_task_group']) retrieved from /home/airflow/.local/lib/python3.7/site-packages/airflow/example_dags/example_task_group.py
[2024-08-05T06:04:17.622+0000] {logging_mixin.py:120} INFO - [2024-08-05T06:04:17.622+0000] {dag.py:2585} INFO - Sync 1 DAGs
[2024-08-05T06:04:17.643+0000] {logging_mixin.py:120} INFO - [2024-08-05T06:04:17.643+0000] {dag.py:3340} INFO - Setting next_dagrun for example_task_group to 2024-08-04T06:04:17.642480+00:00, run_after=2024-08-05T06:04:17.642480+00:00
[2024-08-05T06:04:17.663+0000] {processor.py:176} INFO - Processing /home/airflow/.local/lib/python3.7/site-packages/airflow/example_dags/example_task_group.py took 0.093 seconds
[2024-08-05T06:04:48.272+0000] {processor.py:154} INFO - Started process (PID=1347) to work on /home/airflow/.local/lib/python3.7/site-packages/airflow/example_dags/example_task_group.py
[2024-08-05T06:04:48.273+0000] {processor.py:756} INFO - Processing file /home/airflow/.local/lib/python3.7/site-packages/airflow/example_dags/example_task_group.py for tasks to queue
[2024-08-05T06:04:48.274+0000] {logging_mixin.py:120} INFO - [2024-08-05T06:04:48.274+0000] {dagbag.py:537} INFO - Filling up the DagBag from /home/airflow/.local/lib/python3.7/site-packages/airflow/example_dags/example_task_group.py
[2024-08-05T06:04:48.290+0000] {processor.py:766} INFO - DAG(s) dict_keys(['example_task_group']) retrieved from /home/airflow/.local/lib/python3.7/site-packages/airflow/example_dags/example_task_group.py
[2024-08-05T06:04:48.337+0000] {logging_mixin.py:120} INFO - [2024-08-05T06:04:48.337+0000] {dag.py:2585} INFO - Sync 1 DAGs
[2024-08-05T06:04:48.366+0000] {logging_mixin.py:120} INFO - [2024-08-05T06:04:48.366+0000] {dag.py:3340} INFO - Setting next_dagrun for example_task_group to 2024-08-04T06:04:48.366334+00:00, run_after=2024-08-05T06:04:48.366334+00:00
[2024-08-05T06:04:48.392+0000] {processor.py:176} INFO - Processing /home/airflow/.local/lib/python3.7/site-packages/airflow/example_dags/example_task_group.py took 0.123 seconds
[2024-08-05T06:05:18.772+0000] {processor.py:154} INFO - Started process (PID=1404) to work on /home/airflow/.local/lib/python3.7/site-packages/airflow/example_dags/example_task_group.py
[2024-08-05T06:05:18.774+0000] {processor.py:756} INFO - Processing file /home/airflow/.local/lib/python3.7/site-packages/airflow/example_dags/example_task_group.py for tasks to queue
[2024-08-05T06:05:18.775+0000] {logging_mixin.py:120} INFO - [2024-08-05T06:05:18.775+0000] {dagbag.py:537} INFO - Filling up the DagBag from /home/airflow/.local/lib/python3.7/site-packages/airflow/example_dags/example_task_group.py
[2024-08-05T06:05:18.796+0000] {processor.py:766} INFO - DAG(s) dict_keys(['example_task_group']) retrieved from /home/airflow/.local/lib/python3.7/site-packages/airflow/example_dags/example_task_group.py
[2024-08-05T06:05:18.845+0000] {logging_mixin.py:120} INFO - [2024-08-05T06:05:18.845+0000] {dag.py:2585} INFO - Sync 1 DAGs
[2024-08-05T06:05:18.872+0000] {logging_mixin.py:120} INFO - [2024-08-05T06:05:18.872+0000] {dag.py:3340} INFO - Setting next_dagrun for example_task_group to 2024-08-04T06:05:18.872508+00:00, run_after=2024-08-05T06:05:18.872508+00:00
[2024-08-05T06:05:18.898+0000] {processor.py:176} INFO - Processing /home/airflow/.local/lib/python3.7/site-packages/airflow/example_dags/example_task_group.py took 0.130 seconds
[2024-08-05T06:05:50.579+0000] {processor.py:154} INFO - Started process (PID=1471) to work on /home/airflow/.local/lib/python3.7/site-packages/airflow/example_dags/example_task_group.py
[2024-08-05T06:05:50.580+0000] {processor.py:756} INFO - Processing file /home/airflow/.local/lib/python3.7/site-packages/airflow/example_dags/example_task_group.py for tasks to queue
[2024-08-05T06:05:50.581+0000] {logging_mixin.py:120} INFO - [2024-08-05T06:05:50.581+0000] {dagbag.py:537} INFO - Filling up the DagBag from /home/airflow/.local/lib/python3.7/site-packages/airflow/example_dags/example_task_group.py
[2024-08-05T06:05:50.595+0000] {processor.py:766} INFO - DAG(s) dict_keys(['example_task_group']) retrieved from /home/airflow/.local/lib/python3.7/site-packages/airflow/example_dags/example_task_group.py
[2024-08-05T06:05:50.630+0000] {logging_mixin.py:120} INFO - [2024-08-05T06:05:50.629+0000] {dag.py:2585} INFO - Sync 1 DAGs
[2024-08-05T06:05:50.652+0000] {logging_mixin.py:120} INFO - [2024-08-05T06:05:50.652+0000] {dag.py:3340} INFO - Setting next_dagrun for example_task_group to 2024-08-04T06:05:50.652526+00:00, run_after=2024-08-05T06:05:50.652526+00:00
[2024-08-05T06:05:50.674+0000] {processor.py:176} INFO - Processing /home/airflow/.local/lib/python3.7/site-packages/airflow/example_dags/example_task_group.py took 0.097 seconds
[2024-08-05T06:06:22.516+0000] {processor.py:154} INFO - Started process (PID=1539) to work on /home/airflow/.local/lib/python3.7/site-packages/airflow/example_dags/example_task_group.py
[2024-08-05T06:06:22.518+0000] {processor.py:756} INFO - Processing file /home/airflow/.local/lib/python3.7/site-packages/airflow/example_dags/example_task_group.py for tasks to queue
[2024-08-05T06:06:22.520+0000] {logging_mixin.py:120} INFO - [2024-08-05T06:06:22.519+0000] {dagbag.py:537} INFO - Filling up the DagBag from /home/airflow/.local/lib/python3.7/site-packages/airflow/example_dags/example_task_group.py
[2024-08-05T06:06:22.536+0000] {processor.py:766} INFO - DAG(s) dict_keys(['example_task_group']) retrieved from /home/airflow/.local/lib/python3.7/site-packages/airflow/example_dags/example_task_group.py
[2024-08-05T06:06:22.587+0000] {logging_mixin.py:120} INFO - [2024-08-05T06:06:22.586+0000] {dag.py:2585} INFO - Sync 1 DAGs
[2024-08-05T06:06:22.619+0000] {logging_mixin.py:120} INFO - [2024-08-05T06:06:22.619+0000] {dag.py:3340} INFO - Setting next_dagrun for example_task_group to 2024-08-04T06:06:22.619155+00:00, run_after=2024-08-05T06:06:22.619155+00:00
[2024-08-05T06:06:22.648+0000] {processor.py:176} INFO - Processing /home/airflow/.local/lib/python3.7/site-packages/airflow/example_dags/example_task_group.py took 0.137 seconds
[2024-08-05T06:06:53.598+0000] {processor.py:154} INFO - Started process (PID=1607) to work on /home/airflow/.local/lib/python3.7/site-packages/airflow/example_dags/example_task_group.py
[2024-08-05T06:06:53.599+0000] {processor.py:756} INFO - Processing file /home/airflow/.local/lib/python3.7/site-packages/airflow/example_dags/example_task_group.py for tasks to queue
[2024-08-05T06:06:53.600+0000] {logging_mixin.py:120} INFO - [2024-08-05T06:06:53.600+0000] {dagbag.py:537} INFO - Filling up the DagBag from /home/airflow/.local/lib/python3.7/site-packages/airflow/example_dags/example_task_group.py
[2024-08-05T06:06:53.615+0000] {processor.py:766} INFO - DAG(s) dict_keys(['example_task_group']) retrieved from /home/airflow/.local/lib/python3.7/site-packages/airflow/example_dags/example_task_group.py
[2024-08-05T06:06:53.653+0000] {logging_mixin.py:120} INFO - [2024-08-05T06:06:53.652+0000] {dag.py:2585} INFO - Sync 1 DAGs
[2024-08-05T06:06:53.676+0000] {logging_mixin.py:120} INFO - [2024-08-05T06:06:53.676+0000] {dag.py:3340} INFO - Setting next_dagrun for example_task_group to 2024-08-04T06:06:53.676461+00:00, run_after=2024-08-05T06:06:53.676461+00:00
[2024-08-05T06:06:53.699+0000] {processor.py:176} INFO - Processing /home/airflow/.local/lib/python3.7/site-packages/airflow/example_dags/example_task_group.py took 0.104 seconds
[2024-08-05T06:07:24.749+0000] {processor.py:154} INFO - Started process (PID=1665) to work on /home/airflow/.local/lib/python3.7/site-packages/airflow/example_dags/example_task_group.py
[2024-08-05T06:07:24.751+0000] {processor.py:756} INFO - Processing file /home/airflow/.local/lib/python3.7/site-packages/airflow/example_dags/example_task_group.py for tasks to queue
[2024-08-05T06:07:24.753+0000] {logging_mixin.py:120} INFO - [2024-08-05T06:07:24.753+0000] {dagbag.py:537} INFO - Filling up the DagBag from /home/airflow/.local/lib/python3.7/site-packages/airflow/example_dags/example_task_group.py
[2024-08-05T06:07:24.778+0000] {processor.py:766} INFO - DAG(s) dict_keys(['example_task_group']) retrieved from /home/airflow/.local/lib/python3.7/site-packages/airflow/example_dags/example_task_group.py
[2024-08-05T06:07:24.850+0000] {logging_mixin.py:120} INFO - [2024-08-05T06:07:24.849+0000] {dag.py:2585} INFO - Sync 1 DAGs
[2024-08-05T06:07:24.887+0000] {logging_mixin.py:120} INFO - [2024-08-05T06:07:24.887+0000] {dag.py:3340} INFO - Setting next_dagrun for example_task_group to 2024-08-04T06:07:24.887000+00:00, run_after=2024-08-05T06:07:24.887000+00:00
[2024-08-05T06:07:24.924+0000] {processor.py:176} INFO - Processing /home/airflow/.local/lib/python3.7/site-packages/airflow/example_dags/example_task_group.py took 0.179 seconds
[2024-08-05T06:07:55.332+0000] {processor.py:154} INFO - Started process (PID=1732) to work on /home/airflow/.local/lib/python3.7/site-packages/airflow/example_dags/example_task_group.py
[2024-08-05T06:07:55.334+0000] {processor.py:756} INFO - Processing file /home/airflow/.local/lib/python3.7/site-packages/airflow/example_dags/example_task_group.py for tasks to queue
[2024-08-05T06:07:55.334+0000] {logging_mixin.py:120} INFO - [2024-08-05T06:07:55.334+0000] {dagbag.py:537} INFO - Filling up the DagBag from /home/airflow/.local/lib/python3.7/site-packages/airflow/example_dags/example_task_group.py
[2024-08-05T06:07:55.346+0000] {processor.py:766} INFO - DAG(s) dict_keys(['example_task_group']) retrieved from /home/airflow/.local/lib/python3.7/site-packages/airflow/example_dags/example_task_group.py
[2024-08-05T06:07:55.380+0000] {logging_mixin.py:120} INFO - [2024-08-05T06:07:55.380+0000] {dag.py:2585} INFO - Sync 1 DAGs
[2024-08-05T06:07:55.401+0000] {logging_mixin.py:120} INFO - [2024-08-05T06:07:55.401+0000] {dag.py:3340} INFO - Setting next_dagrun for example_task_group to 2024-08-04T06:07:55.401316+00:00, run_after=2024-08-05T06:07:55.401316+00:00
[2024-08-05T06:07:55.421+0000] {processor.py:176} INFO - Processing /home/airflow/.local/lib/python3.7/site-packages/airflow/example_dags/example_task_group.py took 0.092 seconds
[2024-08-05T06:08:26.400+0000] {processor.py:154} INFO - Started process (PID=1799) to work on /home/airflow/.local/lib/python3.7/site-packages/airflow/example_dags/example_task_group.py
[2024-08-05T06:08:26.403+0000] {processor.py:756} INFO - Processing file /home/airflow/.local/lib/python3.7/site-packages/airflow/example_dags/example_task_group.py for tasks to queue
[2024-08-05T06:08:26.405+0000] {logging_mixin.py:120} INFO - [2024-08-05T06:08:26.405+0000] {dagbag.py:537} INFO - Filling up the DagBag from /home/airflow/.local/lib/python3.7/site-packages/airflow/example_dags/example_task_group.py
[2024-08-05T06:08:26.458+0000] {processor.py:766} INFO - DAG(s) dict_keys(['example_task_group']) retrieved from /home/airflow/.local/lib/python3.7/site-packages/airflow/example_dags/example_task_group.py
[2024-08-05T06:08:26.500+0000] {logging_mixin.py:120} INFO - [2024-08-05T06:08:26.500+0000] {dag.py:2585} INFO - Sync 1 DAGs
[2024-08-05T06:08:26.535+0000] {logging_mixin.py:120} INFO - [2024-08-05T06:08:26.535+0000] {dag.py:3340} INFO - Setting next_dagrun for example_task_group to 2024-08-04T06:08:26.534722+00:00, run_after=2024-08-05T06:08:26.534722+00:00
[2024-08-05T06:08:26.567+0000] {processor.py:176} INFO - Processing /home/airflow/.local/lib/python3.7/site-packages/airflow/example_dags/example_task_group.py took 0.169 seconds
[2024-08-05T06:08:56.646+0000] {processor.py:154} INFO - Started process (PID=1866) to work on /home/airflow/.local/lib/python3.7/site-packages/airflow/example_dags/example_task_group.py
[2024-08-05T06:08:56.647+0000] {processor.py:756} INFO - Processing file /home/airflow/.local/lib/python3.7/site-packages/airflow/example_dags/example_task_group.py for tasks to queue
[2024-08-05T06:08:56.647+0000] {logging_mixin.py:120} INFO - [2024-08-05T06:08:56.647+0000] {dagbag.py:537} INFO - Filling up the DagBag from /home/airflow/.local/lib/python3.7/site-packages/airflow/example_dags/example_task_group.py
[2024-08-05T06:08:56.660+0000] {processor.py:766} INFO - DAG(s) dict_keys(['example_task_group']) retrieved from /home/airflow/.local/lib/python3.7/site-packages/airflow/example_dags/example_task_group.py
[2024-08-05T06:08:56.695+0000] {logging_mixin.py:120} INFO - [2024-08-05T06:08:56.695+0000] {dag.py:2585} INFO - Sync 1 DAGs
[2024-08-05T06:08:56.727+0000] {logging_mixin.py:120} INFO - [2024-08-05T06:08:56.727+0000] {dag.py:3340} INFO - Setting next_dagrun for example_task_group to 2024-08-04T06:08:56.727459+00:00, run_after=2024-08-05T06:08:56.727459+00:00
[2024-08-05T06:08:56.750+0000] {processor.py:176} INFO - Processing /home/airflow/.local/lib/python3.7/site-packages/airflow/example_dags/example_task_group.py took 0.107 seconds
[2024-08-05T06:09:29.811+0000] {processor.py:154} INFO - Started process (PID=1925) to work on /home/airflow/.local/lib/python3.7/site-packages/airflow/example_dags/example_task_group.py
[2024-08-05T06:09:29.812+0000] {processor.py:756} INFO - Processing file /home/airflow/.local/lib/python3.7/site-packages/airflow/example_dags/example_task_group.py for tasks to queue
[2024-08-05T06:09:29.813+0000] {logging_mixin.py:120} INFO - [2024-08-05T06:09:29.813+0000] {dagbag.py:537} INFO - Filling up the DagBag from /home/airflow/.local/lib/python3.7/site-packages/airflow/example_dags/example_task_group.py
[2024-08-05T06:09:29.829+0000] {processor.py:766} INFO - DAG(s) dict_keys(['example_task_group']) retrieved from /home/airflow/.local/lib/python3.7/site-packages/airflow/example_dags/example_task_group.py
[2024-08-05T06:09:29.871+0000] {logging_mixin.py:120} INFO - [2024-08-05T06:09:29.871+0000] {dag.py:2585} INFO - Sync 1 DAGs
[2024-08-05T06:09:29.899+0000] {logging_mixin.py:120} INFO - [2024-08-05T06:09:29.899+0000] {dag.py:3340} INFO - Setting next_dagrun for example_task_group to 2024-08-04T06:09:29.898826+00:00, run_after=2024-08-05T06:09:29.898826+00:00
[2024-08-05T06:09:29.921+0000] {processor.py:176} INFO - Processing /home/airflow/.local/lib/python3.7/site-packages/airflow/example_dags/example_task_group.py took 0.113 seconds
[2024-08-05T06:10:00.550+0000] {processor.py:154} INFO - Started process (PID=1992) to work on /home/airflow/.local/lib/python3.7/site-packages/airflow/example_dags/example_task_group.py
[2024-08-05T06:10:00.551+0000] {processor.py:756} INFO - Processing file /home/airflow/.local/lib/python3.7/site-packages/airflow/example_dags/example_task_group.py for tasks to queue
[2024-08-05T06:10:00.552+0000] {logging_mixin.py:120} INFO - [2024-08-05T06:10:00.552+0000] {dagbag.py:537} INFO - Filling up the DagBag from /home/airflow/.local/lib/python3.7/site-packages/airflow/example_dags/example_task_group.py
[2024-08-05T06:10:00.566+0000] {processor.py:766} INFO - DAG(s) dict_keys(['example_task_group']) retrieved from /home/airflow/.local/lib/python3.7/site-packages/airflow/example_dags/example_task_group.py
[2024-08-05T06:10:00.603+0000] {logging_mixin.py:120} INFO - [2024-08-05T06:10:00.602+0000] {dag.py:2585} INFO - Sync 1 DAGs
[2024-08-05T06:10:00.627+0000] {logging_mixin.py:120} INFO - [2024-08-05T06:10:00.626+0000] {dag.py:3340} INFO - Setting next_dagrun for example_task_group to 2024-08-04T06:10:00.626691+00:00, run_after=2024-08-05T06:10:00.626691+00:00
[2024-08-05T06:10:00.648+0000] {processor.py:176} INFO - Processing /home/airflow/.local/lib/python3.7/site-packages/airflow/example_dags/example_task_group.py took 0.101 seconds
[2024-08-05T06:10:31.407+0000] {processor.py:154} INFO - Started process (PID=2060) to work on /home/airflow/.local/lib/python3.7/site-packages/airflow/example_dags/example_task_group.py
[2024-08-05T06:10:31.408+0000] {processor.py:756} INFO - Processing file /home/airflow/.local/lib/python3.7/site-packages/airflow/example_dags/example_task_group.py for tasks to queue
[2024-08-05T06:10:31.410+0000] {logging_mixin.py:120} INFO - [2024-08-05T06:10:31.410+0000] {dagbag.py:537} INFO - Filling up the DagBag from /home/airflow/.local/lib/python3.7/site-packages/airflow/example_dags/example_task_group.py
[2024-08-05T06:10:31.439+0000] {processor.py:766} INFO - DAG(s) dict_keys(['example_task_group']) retrieved from /home/airflow/.local/lib/python3.7/site-packages/airflow/example_dags/example_task_group.py
[2024-08-05T06:10:31.525+0000] {logging_mixin.py:120} INFO - [2024-08-05T06:10:31.525+0000] {dag.py:2585} INFO - Sync 1 DAGs
[2024-08-05T06:10:31.598+0000] {logging_mixin.py:120} INFO - [2024-08-05T06:10:31.598+0000] {dag.py:3340} INFO - Setting next_dagrun for example_task_group to 2024-08-04T06:10:31.597856+00:00, run_after=2024-08-05T06:10:31.597856+00:00
[2024-08-05T06:10:31.641+0000] {processor.py:176} INFO - Processing /home/airflow/.local/lib/python3.7/site-packages/airflow/example_dags/example_task_group.py took 0.239 seconds
[2024-08-05T06:11:02.522+0000] {processor.py:154} INFO - Started process (PID=2118) to work on /home/airflow/.local/lib/python3.7/site-packages/airflow/example_dags/example_task_group.py
[2024-08-05T06:11:02.524+0000] {processor.py:756} INFO - Processing file /home/airflow/.local/lib/python3.7/site-packages/airflow/example_dags/example_task_group.py for tasks to queue
[2024-08-05T06:11:02.524+0000] {logging_mixin.py:120} INFO - [2024-08-05T06:11:02.524+0000] {dagbag.py:537} INFO - Filling up the DagBag from /home/airflow/.local/lib/python3.7/site-packages/airflow/example_dags/example_task_group.py
[2024-08-05T06:11:02.541+0000] {processor.py:766} INFO - DAG(s) dict_keys(['example_task_group']) retrieved from /home/airflow/.local/lib/python3.7/site-packages/airflow/example_dags/example_task_group.py
[2024-08-05T06:11:02.582+0000] {logging_mixin.py:120} INFO - [2024-08-05T06:11:02.581+0000] {dag.py:2585} INFO - Sync 1 DAGs
[2024-08-05T06:11:02.606+0000] {logging_mixin.py:120} INFO - [2024-08-05T06:11:02.606+0000] {dag.py:3340} INFO - Setting next_dagrun for example_task_group to 2024-08-04T06:11:02.606046+00:00, run_after=2024-08-05T06:11:02.606046+00:00
[2024-08-05T06:11:02.636+0000] {processor.py:176} INFO - Processing /home/airflow/.local/lib/python3.7/site-packages/airflow/example_dags/example_task_group.py took 0.116 seconds
[2024-08-05T06:11:33.173+0000] {processor.py:154} INFO - Started process (PID=2185) to work on /home/airflow/.local/lib/python3.7/site-packages/airflow/example_dags/example_task_group.py
[2024-08-05T06:11:33.175+0000] {processor.py:756} INFO - Processing file /home/airflow/.local/lib/python3.7/site-packages/airflow/example_dags/example_task_group.py for tasks to queue
[2024-08-05T06:11:33.177+0000] {logging_mixin.py:120} INFO - [2024-08-05T06:11:33.177+0000] {dagbag.py:537} INFO - Filling up the DagBag from /home/airflow/.local/lib/python3.7/site-packages/airflow/example_dags/example_task_group.py
[2024-08-05T06:11:33.193+0000] {processor.py:766} INFO - DAG(s) dict_keys(['example_task_group']) retrieved from /home/airflow/.local/lib/python3.7/site-packages/airflow/example_dags/example_task_group.py
[2024-08-05T06:11:33.233+0000] {logging_mixin.py:120} INFO - [2024-08-05T06:11:33.233+0000] {dag.py:2585} INFO - Sync 1 DAGs
[2024-08-05T06:11:33.258+0000] {logging_mixin.py:120} INFO - [2024-08-05T06:11:33.258+0000] {dag.py:3340} INFO - Setting next_dagrun for example_task_group to 2024-08-04T06:11:33.257919+00:00, run_after=2024-08-05T06:11:33.257919+00:00
[2024-08-05T06:11:33.281+0000] {processor.py:176} INFO - Processing /home/airflow/.local/lib/python3.7/site-packages/airflow/example_dags/example_task_group.py took 0.112 seconds
[2024-08-05T06:12:04.186+0000] {processor.py:154} INFO - Started process (PID=2251) to work on /home/airflow/.local/lib/python3.7/site-packages/airflow/example_dags/example_task_group.py
[2024-08-05T06:12:04.187+0000] {processor.py:756} INFO - Processing file /home/airflow/.local/lib/python3.7/site-packages/airflow/example_dags/example_task_group.py for tasks to queue
[2024-08-05T06:12:04.189+0000] {logging_mixin.py:120} INFO - [2024-08-05T06:12:04.189+0000] {dagbag.py:537} INFO - Filling up the DagBag from /home/airflow/.local/lib/python3.7/site-packages/airflow/example_dags/example_task_group.py
[2024-08-05T06:12:04.205+0000] {processor.py:766} INFO - DAG(s) dict_keys(['example_task_group']) retrieved from /home/airflow/.local/lib/python3.7/site-packages/airflow/example_dags/example_task_group.py
[2024-08-05T06:12:04.247+0000] {logging_mixin.py:120} INFO - [2024-08-05T06:12:04.247+0000] {dag.py:2585} INFO - Sync 1 DAGs
[2024-08-05T06:12:04.275+0000] {logging_mixin.py:120} INFO - [2024-08-05T06:12:04.275+0000] {dag.py:3340} INFO - Setting next_dagrun for example_task_group to 2024-08-04T06:12:04.275047+00:00, run_after=2024-08-05T06:12:04.275047+00:00
[2024-08-05T06:12:04.305+0000] {processor.py:176} INFO - Processing /home/airflow/.local/lib/python3.7/site-packages/airflow/example_dags/example_task_group.py took 0.123 seconds
[2024-08-05T06:12:34.838+0000] {processor.py:154} INFO - Started process (PID=2317) to work on /home/airflow/.local/lib/python3.7/site-packages/airflow/example_dags/example_task_group.py
[2024-08-05T06:12:34.839+0000] {processor.py:756} INFO - Processing file /home/airflow/.local/lib/python3.7/site-packages/airflow/example_dags/example_task_group.py for tasks to queue
[2024-08-05T06:12:34.841+0000] {logging_mixin.py:120} INFO - [2024-08-05T06:12:34.840+0000] {dagbag.py:537} INFO - Filling up the DagBag from /home/airflow/.local/lib/python3.7/site-packages/airflow/example_dags/example_task_group.py
[2024-08-05T06:12:34.858+0000] {processor.py:766} INFO - DAG(s) dict_keys(['example_task_group']) retrieved from /home/airflow/.local/lib/python3.7/site-packages/airflow/example_dags/example_task_group.py
[2024-08-05T06:12:34.903+0000] {logging_mixin.py:120} INFO - [2024-08-05T06:12:34.903+0000] {dag.py:2585} INFO - Sync 1 DAGs
[2024-08-05T06:12:34.931+0000] {logging_mixin.py:120} INFO - [2024-08-05T06:12:34.931+0000] {dag.py:3340} INFO - Setting next_dagrun for example_task_group to 2024-08-04T06:12:34.931107+00:00, run_after=2024-08-05T06:12:34.931107+00:00
[2024-08-05T06:12:34.957+0000] {processor.py:176} INFO - Processing /home/airflow/.local/lib/python3.7/site-packages/airflow/example_dags/example_task_group.py took 0.122 seconds
[2024-08-05T06:13:05.765+0000] {processor.py:154} INFO - Started process (PID=2376) to work on /home/airflow/.local/lib/python3.7/site-packages/airflow/example_dags/example_task_group.py
[2024-08-05T06:13:05.768+0000] {processor.py:756} INFO - Processing file /home/airflow/.local/lib/python3.7/site-packages/airflow/example_dags/example_task_group.py for tasks to queue
[2024-08-05T06:13:05.770+0000] {logging_mixin.py:120} INFO - [2024-08-05T06:13:05.770+0000] {dagbag.py:537} INFO - Filling up the DagBag from /home/airflow/.local/lib/python3.7/site-packages/airflow/example_dags/example_task_group.py
[2024-08-05T06:13:05.799+0000] {processor.py:766} INFO - DAG(s) dict_keys(['example_task_group']) retrieved from /home/airflow/.local/lib/python3.7/site-packages/airflow/example_dags/example_task_group.py
[2024-08-05T06:13:05.857+0000] {logging_mixin.py:120} INFO - [2024-08-05T06:13:05.857+0000] {dag.py:2585} INFO - Sync 1 DAGs
[2024-08-05T06:13:05.900+0000] {logging_mixin.py:120} INFO - [2024-08-05T06:13:05.900+0000] {dag.py:3340} INFO - Setting next_dagrun for example_task_group to 2024-08-04T06:13:05.899842+00:00, run_after=2024-08-05T06:13:05.899842+00:00
[2024-08-05T06:13:05.937+0000] {processor.py:176} INFO - Processing /home/airflow/.local/lib/python3.7/site-packages/airflow/example_dags/example_task_group.py took 0.176 seconds
[2024-08-05T06:13:36.589+0000] {processor.py:154} INFO - Started process (PID=2443) to work on /home/airflow/.local/lib/python3.7/site-packages/airflow/example_dags/example_task_group.py
[2024-08-05T06:13:36.591+0000] {processor.py:756} INFO - Processing file /home/airflow/.local/lib/python3.7/site-packages/airflow/example_dags/example_task_group.py for tasks to queue
[2024-08-05T06:13:36.593+0000] {logging_mixin.py:120} INFO - [2024-08-05T06:13:36.592+0000] {dagbag.py:537} INFO - Filling up the DagBag from /home/airflow/.local/lib/python3.7/site-packages/airflow/example_dags/example_task_group.py
[2024-08-05T06:13:36.616+0000] {processor.py:766} INFO - DAG(s) dict_keys(['example_task_group']) retrieved from /home/airflow/.local/lib/python3.7/site-packages/airflow/example_dags/example_task_group.py
[2024-08-05T06:13:36.675+0000] {logging_mixin.py:120} INFO - [2024-08-05T06:13:36.674+0000] {dag.py:2585} INFO - Sync 1 DAGs
[2024-08-05T06:13:36.713+0000] {logging_mixin.py:120} INFO - [2024-08-05T06:13:36.712+0000] {dag.py:3340} INFO - Setting next_dagrun for example_task_group to 2024-08-04T06:13:36.712357+00:00, run_after=2024-08-05T06:13:36.712357+00:00
[2024-08-05T06:13:36.752+0000] {processor.py:176} INFO - Processing /home/airflow/.local/lib/python3.7/site-packages/airflow/example_dags/example_task_group.py took 0.169 seconds
[2024-08-05T06:14:07.983+0000] {processor.py:154} INFO - Started process (PID=2510) to work on /home/airflow/.local/lib/python3.7/site-packages/airflow/example_dags/example_task_group.py
[2024-08-05T06:14:07.988+0000] {processor.py:756} INFO - Processing file /home/airflow/.local/lib/python3.7/site-packages/airflow/example_dags/example_task_group.py for tasks to queue
[2024-08-05T06:14:07.989+0000] {logging_mixin.py:120} INFO - [2024-08-05T06:14:07.989+0000] {dagbag.py:537} INFO - Filling up the DagBag from /home/airflow/.local/lib/python3.7/site-packages/airflow/example_dags/example_task_group.py
[2024-08-05T06:14:08.002+0000] {processor.py:766} INFO - DAG(s) dict_keys(['example_task_group']) retrieved from /home/airflow/.local/lib/python3.7/site-packages/airflow/example_dags/example_task_group.py
[2024-08-05T06:14:08.033+0000] {logging_mixin.py:120} INFO - [2024-08-05T06:14:08.033+0000] {dag.py:2585} INFO - Sync 1 DAGs
[2024-08-05T06:14:08.053+0000] {logging_mixin.py:120} INFO - [2024-08-05T06:14:08.053+0000] {dag.py:3340} INFO - Setting next_dagrun for example_task_group to 2024-08-04T06:14:08.052881+00:00, run_after=2024-08-05T06:14:08.052881+00:00
[2024-08-05T06:14:08.073+0000] {processor.py:176} INFO - Processing /home/airflow/.local/lib/python3.7/site-packages/airflow/example_dags/example_task_group.py took 0.093 seconds
[2024-08-05T06:14:38.879+0000] {processor.py:154} INFO - Started process (PID=2575) to work on /home/airflow/.local/lib/python3.7/site-packages/airflow/example_dags/example_task_group.py
[2024-08-05T06:14:38.881+0000] {processor.py:756} INFO - Processing file /home/airflow/.local/lib/python3.7/site-packages/airflow/example_dags/example_task_group.py for tasks to queue
[2024-08-05T06:14:38.883+0000] {logging_mixin.py:120} INFO - [2024-08-05T06:14:38.883+0000] {dagbag.py:537} INFO - Filling up the DagBag from /home/airflow/.local/lib/python3.7/site-packages/airflow/example_dags/example_task_group.py
[2024-08-05T06:14:38.916+0000] {processor.py:766} INFO - DAG(s) dict_keys(['example_task_group']) retrieved from /home/airflow/.local/lib/python3.7/site-packages/airflow/example_dags/example_task_group.py
[2024-08-05T06:14:39.007+0000] {logging_mixin.py:120} INFO - [2024-08-05T06:14:39.006+0000] {dag.py:2585} INFO - Sync 1 DAGs
[2024-08-05T06:14:39.063+0000] {logging_mixin.py:120} INFO - [2024-08-05T06:14:39.062+0000] {dag.py:3340} INFO - Setting next_dagrun for example_task_group to 2024-08-04T06:14:39.062685+00:00, run_after=2024-08-05T06:14:39.062685+00:00
[2024-08-05T06:14:39.104+0000] {processor.py:176} INFO - Processing /home/airflow/.local/lib/python3.7/site-packages/airflow/example_dags/example_task_group.py took 0.229 seconds
[2024-08-05T06:15:09.192+0000] {processor.py:154} INFO - Started process (PID=2634) to work on /home/airflow/.local/lib/python3.7/site-packages/airflow/example_dags/example_task_group.py
[2024-08-05T06:15:09.194+0000] {processor.py:756} INFO - Processing file /home/airflow/.local/lib/python3.7/site-packages/airflow/example_dags/example_task_group.py for tasks to queue
[2024-08-05T06:15:09.196+0000] {logging_mixin.py:120} INFO - [2024-08-05T06:15:09.196+0000] {dagbag.py:537} INFO - Filling up the DagBag from /home/airflow/.local/lib/python3.7/site-packages/airflow/example_dags/example_task_group.py
[2024-08-05T06:15:09.217+0000] {processor.py:766} INFO - DAG(s) dict_keys(['example_task_group']) retrieved from /home/airflow/.local/lib/python3.7/site-packages/airflow/example_dags/example_task_group.py
[2024-08-05T06:15:09.265+0000] {logging_mixin.py:120} INFO - [2024-08-05T06:15:09.265+0000] {dag.py:2585} INFO - Sync 1 DAGs
[2024-08-05T06:15:09.298+0000] {logging_mixin.py:120} INFO - [2024-08-05T06:15:09.298+0000] {dag.py:3340} INFO - Setting next_dagrun for example_task_group to 2024-08-04T06:15:09.298139+00:00, run_after=2024-08-05T06:15:09.298139+00:00
[2024-08-05T06:15:09.345+0000] {processor.py:176} INFO - Processing /home/airflow/.local/lib/python3.7/site-packages/airflow/example_dags/example_task_group.py took 0.159 seconds
[2024-08-05T06:15:40.500+0000] {processor.py:154} INFO - Started process (PID=2703) to work on /home/airflow/.local/lib/python3.7/site-packages/airflow/example_dags/example_task_group.py
[2024-08-05T06:15:40.503+0000] {processor.py:756} INFO - Processing file /home/airflow/.local/lib/python3.7/site-packages/airflow/example_dags/example_task_group.py for tasks to queue
[2024-08-05T06:15:40.504+0000] {logging_mixin.py:120} INFO - [2024-08-05T06:15:40.504+0000] {dagbag.py:537} INFO - Filling up the DagBag from /home/airflow/.local/lib/python3.7/site-packages/airflow/example_dags/example_task_group.py
[2024-08-05T06:15:40.526+0000] {processor.py:766} INFO - DAG(s) dict_keys(['example_task_group']) retrieved from /home/airflow/.local/lib/python3.7/site-packages/airflow/example_dags/example_task_group.py
[2024-08-05T06:15:40.580+0000] {logging_mixin.py:120} INFO - [2024-08-05T06:15:40.580+0000] {dag.py:2585} INFO - Sync 1 DAGs
[2024-08-05T06:15:40.612+0000] {logging_mixin.py:120} INFO - [2024-08-05T06:15:40.612+0000] {dag.py:3340} INFO - Setting next_dagrun for example_task_group to 2024-08-04T06:15:40.612092+00:00, run_after=2024-08-05T06:15:40.612092+00:00
[2024-08-05T06:15:40.661+0000] {processor.py:176} INFO - Processing /home/airflow/.local/lib/python3.7/site-packages/airflow/example_dags/example_task_group.py took 0.166 seconds
[2024-08-05T06:16:15.041+0000] {processor.py:154} INFO - Started process (PID=2770) to work on /home/airflow/.local/lib/python3.7/site-packages/airflow/example_dags/example_task_group.py
[2024-08-05T06:16:15.042+0000] {processor.py:756} INFO - Processing file /home/airflow/.local/lib/python3.7/site-packages/airflow/example_dags/example_task_group.py for tasks to queue
[2024-08-05T06:16:15.882+0000] {logging_mixin.py:120} INFO - [2024-08-05T06:16:15.882+0000] {dagbag.py:537} INFO - Filling up the DagBag from /home/airflow/.local/lib/python3.7/site-packages/airflow/example_dags/example_task_group.py
[2024-08-05T06:16:15.916+0000] {processor.py:766} INFO - DAG(s) dict_keys(['example_task_group']) retrieved from /home/airflow/.local/lib/python3.7/site-packages/airflow/example_dags/example_task_group.py
[2024-08-05T06:16:15.972+0000] {logging_mixin.py:120} INFO - [2024-08-05T06:16:15.972+0000] {dag.py:2585} INFO - Sync 1 DAGs
[2024-08-05T06:16:16.004+0000] {logging_mixin.py:120} INFO - [2024-08-05T06:16:16.004+0000] {dag.py:3340} INFO - Setting next_dagrun for example_task_group to 2024-08-04T06:16:16.004362+00:00, run_after=2024-08-05T06:16:16.004362+00:00
[2024-08-05T06:16:16.030+0000] {processor.py:176} INFO - Processing /home/airflow/.local/lib/python3.7/site-packages/airflow/example_dags/example_task_group.py took 0.992 seconds
[2024-08-05T06:22:33.511+0000] {processor.py:154} INFO - Started process (PID=2827) to work on /home/airflow/.local/lib/python3.7/site-packages/airflow/example_dags/example_task_group.py
[2024-08-05T06:22:33.527+0000] {processor.py:756} INFO - Processing file /home/airflow/.local/lib/python3.7/site-packages/airflow/example_dags/example_task_group.py for tasks to queue
[2024-08-05T06:22:33.566+0000] {logging_mixin.py:120} INFO - [2024-08-05T06:22:33.566+0000] {dagbag.py:537} INFO - Filling up the DagBag from /home/airflow/.local/lib/python3.7/site-packages/airflow/example_dags/example_task_group.py
[2024-08-05T06:22:33.600+0000] {processor.py:766} INFO - DAG(s) dict_keys(['example_task_group']) retrieved from /home/airflow/.local/lib/python3.7/site-packages/airflow/example_dags/example_task_group.py
[2024-08-05T06:22:33.683+0000] {logging_mixin.py:120} INFO - [2024-08-05T06:22:33.683+0000] {dag.py:2585} INFO - Sync 1 DAGs
[2024-08-05T06:22:33.732+0000] {logging_mixin.py:120} INFO - [2024-08-05T06:22:33.732+0000] {dag.py:3340} INFO - Setting next_dagrun for example_task_group to 2024-08-04T06:22:33.732151+00:00, run_after=2024-08-05T06:22:33.732151+00:00
[2024-08-05T06:22:33.781+0000] {processor.py:176} INFO - Processing /home/airflow/.local/lib/python3.7/site-packages/airflow/example_dags/example_task_group.py took 0.274 seconds
[2024-08-05T06:23:04.161+0000] {processor.py:154} INFO - Started process (PID=2894) to work on /home/airflow/.local/lib/python3.7/site-packages/airflow/example_dags/example_task_group.py
[2024-08-05T06:23:04.163+0000] {processor.py:756} INFO - Processing file /home/airflow/.local/lib/python3.7/site-packages/airflow/example_dags/example_task_group.py for tasks to queue
[2024-08-05T06:23:04.164+0000] {logging_mixin.py:120} INFO - [2024-08-05T06:23:04.163+0000] {dagbag.py:537} INFO - Filling up the DagBag from /home/airflow/.local/lib/python3.7/site-packages/airflow/example_dags/example_task_group.py
[2024-08-05T06:23:04.182+0000] {processor.py:766} INFO - DAG(s) dict_keys(['example_task_group']) retrieved from /home/airflow/.local/lib/python3.7/site-packages/airflow/example_dags/example_task_group.py
[2024-08-05T06:23:04.232+0000] {logging_mixin.py:120} INFO - [2024-08-05T06:23:04.232+0000] {dag.py:2585} INFO - Sync 1 DAGs
[2024-08-05T06:23:04.260+0000] {logging_mixin.py:120} INFO - [2024-08-05T06:23:04.260+0000] {dag.py:3340} INFO - Setting next_dagrun for example_task_group to 2024-08-04T06:23:04.259926+00:00, run_after=2024-08-05T06:23:04.259926+00:00
[2024-08-05T06:23:04.292+0000] {processor.py:176} INFO - Processing /home/airflow/.local/lib/python3.7/site-packages/airflow/example_dags/example_task_group.py took 0.135 seconds
[2024-08-05T06:23:36.026+0000] {processor.py:154} INFO - Started process (PID=2952) to work on /home/airflow/.local/lib/python3.7/site-packages/airflow/example_dags/example_task_group.py
[2024-08-05T06:23:36.030+0000] {processor.py:756} INFO - Processing file /home/airflow/.local/lib/python3.7/site-packages/airflow/example_dags/example_task_group.py for tasks to queue
[2024-08-05T06:23:36.035+0000] {logging_mixin.py:120} INFO - [2024-08-05T06:23:36.034+0000] {dagbag.py:537} INFO - Filling up the DagBag from /home/airflow/.local/lib/python3.7/site-packages/airflow/example_dags/example_task_group.py
[2024-08-05T06:23:36.070+0000] {processor.py:766} INFO - DAG(s) dict_keys(['example_task_group']) retrieved from /home/airflow/.local/lib/python3.7/site-packages/airflow/example_dags/example_task_group.py
[2024-08-05T06:23:36.213+0000] {logging_mixin.py:120} INFO - [2024-08-05T06:23:36.213+0000] {dag.py:2585} INFO - Sync 1 DAGs
[2024-08-05T06:23:36.358+0000] {logging_mixin.py:120} INFO - [2024-08-05T06:23:36.358+0000] {dag.py:3340} INFO - Setting next_dagrun for example_task_group to 2024-08-04T06:23:36.358110+00:00, run_after=2024-08-05T06:23:36.358110+00:00
[2024-08-05T06:23:36.519+0000] {processor.py:176} INFO - Processing /home/airflow/.local/lib/python3.7/site-packages/airflow/example_dags/example_task_group.py took 0.497 seconds
[2024-08-05T06:24:07.975+0000] {processor.py:154} INFO - Started process (PID=3020) to work on /home/airflow/.local/lib/python3.7/site-packages/airflow/example_dags/example_task_group.py
[2024-08-05T06:24:07.987+0000] {processor.py:756} INFO - Processing file /home/airflow/.local/lib/python3.7/site-packages/airflow/example_dags/example_task_group.py for tasks to queue
[2024-08-05T06:24:08.018+0000] {logging_mixin.py:120} INFO - [2024-08-05T06:24:08.018+0000] {dagbag.py:537} INFO - Filling up the DagBag from /home/airflow/.local/lib/python3.7/site-packages/airflow/example_dags/example_task_group.py
[2024-08-05T06:24:08.043+0000] {processor.py:766} INFO - DAG(s) dict_keys(['example_task_group']) retrieved from /home/airflow/.local/lib/python3.7/site-packages/airflow/example_dags/example_task_group.py
[2024-08-05T06:24:08.096+0000] {logging_mixin.py:120} INFO - [2024-08-05T06:24:08.095+0000] {dag.py:2585} INFO - Sync 1 DAGs
[2024-08-05T06:24:08.131+0000] {logging_mixin.py:120} INFO - [2024-08-05T06:24:08.130+0000] {dag.py:3340} INFO - Setting next_dagrun for example_task_group to 2024-08-04T06:24:08.130414+00:00, run_after=2024-08-05T06:24:08.130414+00:00
[2024-08-05T06:24:08.219+0000] {processor.py:176} INFO - Processing /home/airflow/.local/lib/python3.7/site-packages/airflow/example_dags/example_task_group.py took 0.247 seconds
[2024-08-05T06:24:38.641+0000] {processor.py:154} INFO - Started process (PID=3087) to work on /home/airflow/.local/lib/python3.7/site-packages/airflow/example_dags/example_task_group.py
[2024-08-05T06:24:38.642+0000] {processor.py:756} INFO - Processing file /home/airflow/.local/lib/python3.7/site-packages/airflow/example_dags/example_task_group.py for tasks to queue
[2024-08-05T06:24:38.643+0000] {logging_mixin.py:120} INFO - [2024-08-05T06:24:38.643+0000] {dagbag.py:537} INFO - Filling up the DagBag from /home/airflow/.local/lib/python3.7/site-packages/airflow/example_dags/example_task_group.py
[2024-08-05T06:24:38.773+0000] {processor.py:766} INFO - DAG(s) dict_keys(['example_task_group']) retrieved from /home/airflow/.local/lib/python3.7/site-packages/airflow/example_dags/example_task_group.py
[2024-08-05T06:24:38.844+0000] {logging_mixin.py:120} INFO - [2024-08-05T06:24:38.844+0000] {dag.py:2585} INFO - Sync 1 DAGs
[2024-08-05T06:24:38.924+0000] {logging_mixin.py:120} INFO - [2024-08-05T06:24:38.920+0000] {dag.py:3340} INFO - Setting next_dagrun for example_task_group to 2024-08-04T06:24:38.919876+00:00, run_after=2024-08-05T06:24:38.919876+00:00
[2024-08-05T06:24:38.951+0000] {processor.py:176} INFO - Processing /home/airflow/.local/lib/python3.7/site-packages/airflow/example_dags/example_task_group.py took 0.314 seconds
[2024-08-05T06:25:10.751+0000] {processor.py:154} INFO - Started process (PID=3146) to work on /home/airflow/.local/lib/python3.7/site-packages/airflow/example_dags/example_task_group.py
[2024-08-05T06:25:10.754+0000] {processor.py:756} INFO - Processing file /home/airflow/.local/lib/python3.7/site-packages/airflow/example_dags/example_task_group.py for tasks to queue
[2024-08-05T06:25:10.759+0000] {logging_mixin.py:120} INFO - [2024-08-05T06:25:10.758+0000] {dagbag.py:537} INFO - Filling up the DagBag from /home/airflow/.local/lib/python3.7/site-packages/airflow/example_dags/example_task_group.py
[2024-08-05T06:25:10.809+0000] {processor.py:766} INFO - DAG(s) dict_keys(['example_task_group']) retrieved from /home/airflow/.local/lib/python3.7/site-packages/airflow/example_dags/example_task_group.py
[2024-08-05T06:25:10.855+0000] {logging_mixin.py:120} INFO - [2024-08-05T06:25:10.854+0000] {dag.py:2585} INFO - Sync 1 DAGs
[2024-08-05T06:25:10.894+0000] {logging_mixin.py:120} INFO - [2024-08-05T06:25:10.894+0000] {dag.py:3340} INFO - Setting next_dagrun for example_task_group to 2024-08-04T06:25:10.893883+00:00, run_after=2024-08-05T06:25:10.893883+00:00
[2024-08-05T06:25:11.069+0000] {processor.py:176} INFO - Processing /home/airflow/.local/lib/python3.7/site-packages/airflow/example_dags/example_task_group.py took 0.321 seconds
[2024-08-05T06:25:41.827+0000] {processor.py:154} INFO - Started process (PID=3213) to work on /home/airflow/.local/lib/python3.7/site-packages/airflow/example_dags/example_task_group.py
[2024-08-05T06:25:41.854+0000] {processor.py:756} INFO - Processing file /home/airflow/.local/lib/python3.7/site-packages/airflow/example_dags/example_task_group.py for tasks to queue
[2024-08-05T06:25:41.913+0000] {logging_mixin.py:120} INFO - [2024-08-05T06:25:41.913+0000] {dagbag.py:537} INFO - Filling up the DagBag from /home/airflow/.local/lib/python3.7/site-packages/airflow/example_dags/example_task_group.py
[2024-08-05T06:25:41.938+0000] {processor.py:766} INFO - DAG(s) dict_keys(['example_task_group']) retrieved from /home/airflow/.local/lib/python3.7/site-packages/airflow/example_dags/example_task_group.py
[2024-08-05T06:25:41.999+0000] {logging_mixin.py:120} INFO - [2024-08-05T06:25:41.998+0000] {dag.py:2585} INFO - Sync 1 DAGs
[2024-08-05T06:25:42.026+0000] {logging_mixin.py:120} INFO - [2024-08-05T06:25:42.026+0000] {dag.py:3340} INFO - Setting next_dagrun for example_task_group to 2024-08-04T06:25:42.026364+00:00, run_after=2024-08-05T06:25:42.026364+00:00
[2024-08-05T06:25:42.052+0000] {processor.py:176} INFO - Processing /home/airflow/.local/lib/python3.7/site-packages/airflow/example_dags/example_task_group.py took 0.228 seconds
[2024-08-05T06:26:15.527+0000] {processor.py:154} INFO - Started process (PID=3280) to work on /home/airflow/.local/lib/python3.7/site-packages/airflow/example_dags/example_task_group.py
[2024-08-05T06:26:15.528+0000] {processor.py:756} INFO - Processing file /home/airflow/.local/lib/python3.7/site-packages/airflow/example_dags/example_task_group.py for tasks to queue
[2024-08-05T06:26:15.535+0000] {logging_mixin.py:120} INFO - [2024-08-05T06:26:15.535+0000] {dagbag.py:537} INFO - Filling up the DagBag from /home/airflow/.local/lib/python3.7/site-packages/airflow/example_dags/example_task_group.py
[2024-08-05T06:26:15.567+0000] {processor.py:766} INFO - DAG(s) dict_keys(['example_task_group']) retrieved from /home/airflow/.local/lib/python3.7/site-packages/airflow/example_dags/example_task_group.py
[2024-08-05T06:26:15.755+0000] {logging_mixin.py:120} INFO - [2024-08-05T06:26:15.755+0000] {dag.py:2585} INFO - Sync 1 DAGs
[2024-08-05T06:26:15.855+0000] {logging_mixin.py:120} INFO - [2024-08-05T06:26:15.855+0000] {dag.py:3340} INFO - Setting next_dagrun for example_task_group to 2024-08-04T06:26:15.854938+00:00, run_after=2024-08-05T06:26:15.854938+00:00
[2024-08-05T06:26:15.965+0000] {processor.py:176} INFO - Processing /home/airflow/.local/lib/python3.7/site-packages/airflow/example_dags/example_task_group.py took 0.443 seconds
[2024-08-05T06:26:46.787+0000] {processor.py:154} INFO - Started process (PID=3338) to work on /home/airflow/.local/lib/python3.7/site-packages/airflow/example_dags/example_task_group.py
[2024-08-05T06:26:46.792+0000] {processor.py:756} INFO - Processing file /home/airflow/.local/lib/python3.7/site-packages/airflow/example_dags/example_task_group.py for tasks to queue
[2024-08-05T06:26:46.795+0000] {logging_mixin.py:120} INFO - [2024-08-05T06:26:46.795+0000] {dagbag.py:537} INFO - Filling up the DagBag from /home/airflow/.local/lib/python3.7/site-packages/airflow/example_dags/example_task_group.py
[2024-08-05T06:26:46.824+0000] {processor.py:766} INFO - DAG(s) dict_keys(['example_task_group']) retrieved from /home/airflow/.local/lib/python3.7/site-packages/airflow/example_dags/example_task_group.py
[2024-08-05T06:26:46.864+0000] {logging_mixin.py:120} INFO - [2024-08-05T06:26:46.863+0000] {dag.py:2585} INFO - Sync 1 DAGs
[2024-08-05T06:26:46.896+0000] {logging_mixin.py:120} INFO - [2024-08-05T06:26:46.896+0000] {dag.py:3340} INFO - Setting next_dagrun for example_task_group to 2024-08-04T06:26:46.896276+00:00, run_after=2024-08-05T06:26:46.896276+00:00
[2024-08-05T06:26:47.010+0000] {processor.py:176} INFO - Processing /home/airflow/.local/lib/python3.7/site-packages/airflow/example_dags/example_task_group.py took 0.226 seconds
[2024-08-05T06:27:19.225+0000] {processor.py:154} INFO - Started process (PID=3405) to work on /home/airflow/.local/lib/python3.7/site-packages/airflow/example_dags/example_task_group.py
[2024-08-05T06:27:19.240+0000] {processor.py:756} INFO - Processing file /home/airflow/.local/lib/python3.7/site-packages/airflow/example_dags/example_task_group.py for tasks to queue
[2024-08-05T06:27:19.251+0000] {logging_mixin.py:120} INFO - [2024-08-05T06:27:19.251+0000] {dagbag.py:537} INFO - Filling up the DagBag from /home/airflow/.local/lib/python3.7/site-packages/airflow/example_dags/example_task_group.py
[2024-08-05T06:27:19.267+0000] {processor.py:766} INFO - DAG(s) dict_keys(['example_task_group']) retrieved from /home/airflow/.local/lib/python3.7/site-packages/airflow/example_dags/example_task_group.py
[2024-08-05T06:27:19.499+0000] {logging_mixin.py:120} INFO - [2024-08-05T06:27:19.499+0000] {dag.py:2585} INFO - Sync 1 DAGs
[2024-08-05T06:27:19.699+0000] {logging_mixin.py:120} INFO - [2024-08-05T06:27:19.699+0000] {dag.py:3340} INFO - Setting next_dagrun for example_task_group to 2024-08-04T06:27:19.699508+00:00, run_after=2024-08-05T06:27:19.699508+00:00
[2024-08-05T06:27:19.811+0000] {processor.py:176} INFO - Processing /home/airflow/.local/lib/python3.7/site-packages/airflow/example_dags/example_task_group.py took 0.590 seconds
[2024-08-05T06:27:50.024+0000] {processor.py:154} INFO - Started process (PID=3472) to work on /home/airflow/.local/lib/python3.7/site-packages/airflow/example_dags/example_task_group.py
[2024-08-05T06:27:50.025+0000] {processor.py:756} INFO - Processing file /home/airflow/.local/lib/python3.7/site-packages/airflow/example_dags/example_task_group.py for tasks to queue
[2024-08-05T06:27:50.030+0000] {logging_mixin.py:120} INFO - [2024-08-05T06:27:50.030+0000] {dagbag.py:537} INFO - Filling up the DagBag from /home/airflow/.local/lib/python3.7/site-packages/airflow/example_dags/example_task_group.py
[2024-08-05T06:27:50.169+0000] {processor.py:766} INFO - DAG(s) dict_keys(['example_task_group']) retrieved from /home/airflow/.local/lib/python3.7/site-packages/airflow/example_dags/example_task_group.py
[2024-08-05T06:27:50.304+0000] {logging_mixin.py:120} INFO - [2024-08-05T06:27:50.304+0000] {dag.py:2585} INFO - Sync 1 DAGs
[2024-08-05T06:27:50.402+0000] {logging_mixin.py:120} INFO - [2024-08-05T06:27:50.402+0000] {dag.py:3340} INFO - Setting next_dagrun for example_task_group to 2024-08-04T06:27:50.402056+00:00, run_after=2024-08-05T06:27:50.402056+00:00
[2024-08-05T06:27:50.466+0000] {processor.py:176} INFO - Processing /home/airflow/.local/lib/python3.7/site-packages/airflow/example_dags/example_task_group.py took 0.446 seconds
[2024-08-05T06:28:21.016+0000] {processor.py:154} INFO - Started process (PID=3531) to work on /home/airflow/.local/lib/python3.7/site-packages/airflow/example_dags/example_task_group.py
[2024-08-05T06:28:21.024+0000] {processor.py:756} INFO - Processing file /home/airflow/.local/lib/python3.7/site-packages/airflow/example_dags/example_task_group.py for tasks to queue
[2024-08-05T06:28:21.031+0000] {logging_mixin.py:120} INFO - [2024-08-05T06:28:21.031+0000] {dagbag.py:537} INFO - Filling up the DagBag from /home/airflow/.local/lib/python3.7/site-packages/airflow/example_dags/example_task_group.py
[2024-08-05T06:28:21.059+0000] {processor.py:766} INFO - DAG(s) dict_keys(['example_task_group']) retrieved from /home/airflow/.local/lib/python3.7/site-packages/airflow/example_dags/example_task_group.py
[2024-08-05T06:28:21.102+0000] {logging_mixin.py:120} INFO - [2024-08-05T06:28:21.101+0000] {dag.py:2585} INFO - Sync 1 DAGs
[2024-08-05T06:28:21.140+0000] {logging_mixin.py:120} INFO - [2024-08-05T06:28:21.140+0000] {dag.py:3340} INFO - Setting next_dagrun for example_task_group to 2024-08-04T06:28:21.140369+00:00, run_after=2024-08-05T06:28:21.140369+00:00
[2024-08-05T06:28:21.176+0000] {processor.py:176} INFO - Processing /home/airflow/.local/lib/python3.7/site-packages/airflow/example_dags/example_task_group.py took 0.163 seconds
[2024-08-05T06:28:52.220+0000] {processor.py:154} INFO - Started process (PID=3597) to work on /home/airflow/.local/lib/python3.7/site-packages/airflow/example_dags/example_task_group.py
[2024-08-05T06:28:52.225+0000] {processor.py:756} INFO - Processing file /home/airflow/.local/lib/python3.7/site-packages/airflow/example_dags/example_task_group.py for tasks to queue
[2024-08-05T06:28:52.229+0000] {logging_mixin.py:120} INFO - [2024-08-05T06:28:52.229+0000] {dagbag.py:537} INFO - Filling up the DagBag from /home/airflow/.local/lib/python3.7/site-packages/airflow/example_dags/example_task_group.py
[2024-08-05T06:28:52.251+0000] {processor.py:766} INFO - DAG(s) dict_keys(['example_task_group']) retrieved from /home/airflow/.local/lib/python3.7/site-packages/airflow/example_dags/example_task_group.py
[2024-08-05T06:28:52.405+0000] {logging_mixin.py:120} INFO - [2024-08-05T06:28:52.404+0000] {dag.py:2585} INFO - Sync 1 DAGs
[2024-08-05T06:28:52.615+0000] {logging_mixin.py:120} INFO - [2024-08-05T06:28:52.615+0000] {dag.py:3340} INFO - Setting next_dagrun for example_task_group to 2024-08-04T06:28:52.615539+00:00, run_after=2024-08-05T06:28:52.615539+00:00
[2024-08-05T06:28:52.786+0000] {processor.py:176} INFO - Processing /home/airflow/.local/lib/python3.7/site-packages/airflow/example_dags/example_task_group.py took 0.571 seconds
[2024-08-05T06:29:24.029+0000] {processor.py:154} INFO - Started process (PID=3662) to work on /home/airflow/.local/lib/python3.7/site-packages/airflow/example_dags/example_task_group.py
[2024-08-05T06:29:24.030+0000] {processor.py:756} INFO - Processing file /home/airflow/.local/lib/python3.7/site-packages/airflow/example_dags/example_task_group.py for tasks to queue
[2024-08-05T06:29:24.031+0000] {logging_mixin.py:120} INFO - [2024-08-05T06:29:24.031+0000] {dagbag.py:537} INFO - Filling up the DagBag from /home/airflow/.local/lib/python3.7/site-packages/airflow/example_dags/example_task_group.py
[2024-08-05T06:29:24.053+0000] {processor.py:766} INFO - DAG(s) dict_keys(['example_task_group']) retrieved from /home/airflow/.local/lib/python3.7/site-packages/airflow/example_dags/example_task_group.py
[2024-08-05T06:29:24.100+0000] {logging_mixin.py:120} INFO - [2024-08-05T06:29:24.099+0000] {dag.py:2585} INFO - Sync 1 DAGs
[2024-08-05T06:29:24.130+0000] {logging_mixin.py:120} INFO - [2024-08-05T06:29:24.130+0000] {dag.py:3340} INFO - Setting next_dagrun for example_task_group to 2024-08-04T06:29:24.129785+00:00, run_after=2024-08-05T06:29:24.129785+00:00
[2024-08-05T06:29:24.152+0000] {processor.py:176} INFO - Processing /home/airflow/.local/lib/python3.7/site-packages/airflow/example_dags/example_task_group.py took 0.129 seconds
[2024-08-05T06:29:54.488+0000] {processor.py:154} INFO - Started process (PID=3721) to work on /home/airflow/.local/lib/python3.7/site-packages/airflow/example_dags/example_task_group.py
[2024-08-05T06:29:54.501+0000] {processor.py:756} INFO - Processing file /home/airflow/.local/lib/python3.7/site-packages/airflow/example_dags/example_task_group.py for tasks to queue
[2024-08-05T06:29:54.512+0000] {logging_mixin.py:120} INFO - [2024-08-05T06:29:54.512+0000] {dagbag.py:537} INFO - Filling up the DagBag from /home/airflow/.local/lib/python3.7/site-packages/airflow/example_dags/example_task_group.py
[2024-08-05T06:29:54.529+0000] {processor.py:766} INFO - DAG(s) dict_keys(['example_task_group']) retrieved from /home/airflow/.local/lib/python3.7/site-packages/airflow/example_dags/example_task_group.py
[2024-08-05T06:29:54.684+0000] {logging_mixin.py:120} INFO - [2024-08-05T06:29:54.684+0000] {dag.py:2585} INFO - Sync 1 DAGs
[2024-08-05T06:29:54.798+0000] {logging_mixin.py:120} INFO - [2024-08-05T06:29:54.797+0000] {dag.py:3340} INFO - Setting next_dagrun for example_task_group to 2024-08-04T06:29:54.797776+00:00, run_after=2024-08-05T06:29:54.797776+00:00
[2024-08-05T06:29:54.932+0000] {processor.py:176} INFO - Processing /home/airflow/.local/lib/python3.7/site-packages/airflow/example_dags/example_task_group.py took 0.448 seconds
[2024-08-05T06:30:25.140+0000] {processor.py:154} INFO - Started process (PID=3788) to work on /home/airflow/.local/lib/python3.7/site-packages/airflow/example_dags/example_task_group.py
[2024-08-05T06:30:25.141+0000] {processor.py:756} INFO - Processing file /home/airflow/.local/lib/python3.7/site-packages/airflow/example_dags/example_task_group.py for tasks to queue
[2024-08-05T06:30:25.142+0000] {logging_mixin.py:120} INFO - [2024-08-05T06:30:25.142+0000] {dagbag.py:537} INFO - Filling up the DagBag from /home/airflow/.local/lib/python3.7/site-packages/airflow/example_dags/example_task_group.py
[2024-08-05T06:30:25.167+0000] {processor.py:766} INFO - DAG(s) dict_keys(['example_task_group']) retrieved from /home/airflow/.local/lib/python3.7/site-packages/airflow/example_dags/example_task_group.py
[2024-08-05T06:30:25.265+0000] {logging_mixin.py:120} INFO - [2024-08-05T06:30:25.264+0000] {dag.py:2585} INFO - Sync 1 DAGs
[2024-08-05T06:30:25.296+0000] {logging_mixin.py:120} INFO - [2024-08-05T06:30:25.296+0000] {dag.py:3340} INFO - Setting next_dagrun for example_task_group to 2024-08-04T06:30:25.296400+00:00, run_after=2024-08-05T06:30:25.296400+00:00
[2024-08-05T06:30:25.339+0000] {processor.py:176} INFO - Processing /home/airflow/.local/lib/python3.7/site-packages/airflow/example_dags/example_task_group.py took 0.203 seconds
[2024-08-05T06:30:55.536+0000] {processor.py:154} INFO - Started process (PID=3852) to work on /home/airflow/.local/lib/python3.7/site-packages/airflow/example_dags/example_task_group.py
[2024-08-05T06:30:55.570+0000] {processor.py:756} INFO - Processing file /home/airflow/.local/lib/python3.7/site-packages/airflow/example_dags/example_task_group.py for tasks to queue
[2024-08-05T06:30:55.572+0000] {logging_mixin.py:120} INFO - [2024-08-05T06:30:55.571+0000] {dagbag.py:537} INFO - Filling up the DagBag from /home/airflow/.local/lib/python3.7/site-packages/airflow/example_dags/example_task_group.py
[2024-08-05T06:30:55.588+0000] {processor.py:766} INFO - DAG(s) dict_keys(['example_task_group']) retrieved from /home/airflow/.local/lib/python3.7/site-packages/airflow/example_dags/example_task_group.py
[2024-08-05T06:30:55.683+0000] {logging_mixin.py:120} INFO - [2024-08-05T06:30:55.683+0000] {dag.py:2585} INFO - Sync 1 DAGs
[2024-08-05T06:30:55.731+0000] {logging_mixin.py:120} INFO - [2024-08-05T06:30:55.731+0000] {dag.py:3340} INFO - Setting next_dagrun for example_task_group to 2024-08-04T06:30:55.731206+00:00, run_after=2024-08-05T06:30:55.731206+00:00
[2024-08-05T06:30:55.914+0000] {processor.py:176} INFO - Processing /home/airflow/.local/lib/python3.7/site-packages/airflow/example_dags/example_task_group.py took 0.382 seconds
[2024-08-05T06:31:26.428+0000] {processor.py:154} INFO - Started process (PID=3912) to work on /home/airflow/.local/lib/python3.7/site-packages/airflow/example_dags/example_task_group.py
[2024-08-05T06:31:26.429+0000] {processor.py:756} INFO - Processing file /home/airflow/.local/lib/python3.7/site-packages/airflow/example_dags/example_task_group.py for tasks to queue
[2024-08-05T06:31:26.432+0000] {logging_mixin.py:120} INFO - [2024-08-05T06:31:26.431+0000] {dagbag.py:537} INFO - Filling up the DagBag from /home/airflow/.local/lib/python3.7/site-packages/airflow/example_dags/example_task_group.py
[2024-08-05T06:31:26.455+0000] {processor.py:766} INFO - DAG(s) dict_keys(['example_task_group']) retrieved from /home/airflow/.local/lib/python3.7/site-packages/airflow/example_dags/example_task_group.py
[2024-08-05T06:31:26.491+0000] {logging_mixin.py:120} INFO - [2024-08-05T06:31:26.491+0000] {dag.py:2585} INFO - Sync 1 DAGs
[2024-08-05T06:31:26.519+0000] {logging_mixin.py:120} INFO - [2024-08-05T06:31:26.519+0000] {dag.py:3340} INFO - Setting next_dagrun for example_task_group to 2024-08-04T06:31:26.519277+00:00, run_after=2024-08-05T06:31:26.519277+00:00
[2024-08-05T06:31:26.544+0000] {processor.py:176} INFO - Processing /home/airflow/.local/lib/python3.7/site-packages/airflow/example_dags/example_task_group.py took 0.122 seconds
[2024-08-05T06:31:57.177+0000] {processor.py:154} INFO - Started process (PID=3980) to work on /home/airflow/.local/lib/python3.7/site-packages/airflow/example_dags/example_task_group.py
[2024-08-05T06:31:57.183+0000] {processor.py:756} INFO - Processing file /home/airflow/.local/lib/python3.7/site-packages/airflow/example_dags/example_task_group.py for tasks to queue
[2024-08-05T06:31:57.184+0000] {logging_mixin.py:120} INFO - [2024-08-05T06:31:57.184+0000] {dagbag.py:537} INFO - Filling up the DagBag from /home/airflow/.local/lib/python3.7/site-packages/airflow/example_dags/example_task_group.py
[2024-08-05T06:31:57.213+0000] {processor.py:766} INFO - DAG(s) dict_keys(['example_task_group']) retrieved from /home/airflow/.local/lib/python3.7/site-packages/airflow/example_dags/example_task_group.py
[2024-08-05T06:31:57.290+0000] {logging_mixin.py:120} INFO - [2024-08-05T06:31:57.290+0000] {dag.py:2585} INFO - Sync 1 DAGs
[2024-08-05T06:31:57.332+0000] {logging_mixin.py:120} INFO - [2024-08-05T06:31:57.332+0000] {dag.py:3340} INFO - Setting next_dagrun for example_task_group to 2024-08-04T06:31:57.331986+00:00, run_after=2024-08-05T06:31:57.331986+00:00
[2024-08-05T06:31:57.514+0000] {processor.py:176} INFO - Processing /home/airflow/.local/lib/python3.7/site-packages/airflow/example_dags/example_task_group.py took 0.340 seconds
[2024-08-05T06:32:29.200+0000] {processor.py:154} INFO - Started process (PID=4037) to work on /home/airflow/.local/lib/python3.7/site-packages/airflow/example_dags/example_task_group.py
[2024-08-05T06:32:29.296+0000] {processor.py:756} INFO - Processing file /home/airflow/.local/lib/python3.7/site-packages/airflow/example_dags/example_task_group.py for tasks to queue
[2024-08-05T06:32:29.411+0000] {logging_mixin.py:120} INFO - [2024-08-05T06:32:29.411+0000] {dagbag.py:537} INFO - Filling up the DagBag from /home/airflow/.local/lib/python3.7/site-packages/airflow/example_dags/example_task_group.py
[2024-08-05T06:32:29.459+0000] {processor.py:766} INFO - DAG(s) dict_keys(['example_task_group']) retrieved from /home/airflow/.local/lib/python3.7/site-packages/airflow/example_dags/example_task_group.py
[2024-08-05T06:32:29.854+0000] {logging_mixin.py:120} INFO - [2024-08-05T06:32:29.854+0000] {dag.py:2585} INFO - Sync 1 DAGs
[2024-08-05T06:32:30.075+0000] {logging_mixin.py:120} INFO - [2024-08-05T06:32:30.075+0000] {dag.py:3340} INFO - Setting next_dagrun for example_task_group to 2024-08-04T06:32:30.066924+00:00, run_after=2024-08-05T06:32:30.066924+00:00
[2024-08-05T06:32:30.415+0000] {processor.py:176} INFO - Processing /home/airflow/.local/lib/python3.7/site-packages/airflow/example_dags/example_task_group.py took 1.219 seconds
[2024-08-05T06:33:01.242+0000] {processor.py:154} INFO - Started process (PID=4104) to work on /home/airflow/.local/lib/python3.7/site-packages/airflow/example_dags/example_task_group.py
[2024-08-05T06:33:01.243+0000] {processor.py:756} INFO - Processing file /home/airflow/.local/lib/python3.7/site-packages/airflow/example_dags/example_task_group.py for tasks to queue
[2024-08-05T06:33:01.245+0000] {logging_mixin.py:120} INFO - [2024-08-05T06:33:01.244+0000] {dagbag.py:537} INFO - Filling up the DagBag from /home/airflow/.local/lib/python3.7/site-packages/airflow/example_dags/example_task_group.py
[2024-08-05T06:33:01.260+0000] {processor.py:766} INFO - DAG(s) dict_keys(['example_task_group']) retrieved from /home/airflow/.local/lib/python3.7/site-packages/airflow/example_dags/example_task_group.py
[2024-08-05T06:33:01.303+0000] {logging_mixin.py:120} INFO - [2024-08-05T06:33:01.302+0000] {dag.py:2585} INFO - Sync 1 DAGs
[2024-08-05T06:33:01.333+0000] {logging_mixin.py:120} INFO - [2024-08-05T06:33:01.333+0000] {dag.py:3340} INFO - Setting next_dagrun for example_task_group to 2024-08-04T06:33:01.332817+00:00, run_after=2024-08-05T06:33:01.332817+00:00
[2024-08-05T06:33:01.355+0000] {processor.py:176} INFO - Processing /home/airflow/.local/lib/python3.7/site-packages/airflow/example_dags/example_task_group.py took 0.117 seconds
[2024-08-05T06:33:31.884+0000] {processor.py:154} INFO - Started process (PID=4171) to work on /home/airflow/.local/lib/python3.7/site-packages/airflow/example_dags/example_task_group.py
[2024-08-05T06:33:31.911+0000] {processor.py:756} INFO - Processing file /home/airflow/.local/lib/python3.7/site-packages/airflow/example_dags/example_task_group.py for tasks to queue
[2024-08-05T06:33:31.913+0000] {logging_mixin.py:120} INFO - [2024-08-05T06:33:31.913+0000] {dagbag.py:537} INFO - Filling up the DagBag from /home/airflow/.local/lib/python3.7/site-packages/airflow/example_dags/example_task_group.py
[2024-08-05T06:33:31.929+0000] {processor.py:766} INFO - DAG(s) dict_keys(['example_task_group']) retrieved from /home/airflow/.local/lib/python3.7/site-packages/airflow/example_dags/example_task_group.py
[2024-08-05T06:33:31.975+0000] {logging_mixin.py:120} INFO - [2024-08-05T06:33:31.974+0000] {dag.py:2585} INFO - Sync 1 DAGs
[2024-08-05T06:33:32.005+0000] {logging_mixin.py:120} INFO - [2024-08-05T06:33:32.005+0000] {dag.py:3340} INFO - Setting next_dagrun for example_task_group to 2024-08-04T06:33:32.005412+00:00, run_after=2024-08-05T06:33:32.005412+00:00
[2024-08-05T06:33:32.128+0000] {processor.py:176} INFO - Processing /home/airflow/.local/lib/python3.7/site-packages/airflow/example_dags/example_task_group.py took 0.249 seconds
[2024-08-05T06:34:03.034+0000] {processor.py:154} INFO - Started process (PID=4238) to work on /home/airflow/.local/lib/python3.7/site-packages/airflow/example_dags/example_task_group.py
[2024-08-05T06:34:03.035+0000] {processor.py:756} INFO - Processing file /home/airflow/.local/lib/python3.7/site-packages/airflow/example_dags/example_task_group.py for tasks to queue
[2024-08-05T06:34:03.036+0000] {logging_mixin.py:120} INFO - [2024-08-05T06:34:03.036+0000] {dagbag.py:537} INFO - Filling up the DagBag from /home/airflow/.local/lib/python3.7/site-packages/airflow/example_dags/example_task_group.py
[2024-08-05T06:34:03.058+0000] {processor.py:766} INFO - DAG(s) dict_keys(['example_task_group']) retrieved from /home/airflow/.local/lib/python3.7/site-packages/airflow/example_dags/example_task_group.py
[2024-08-05T06:34:03.099+0000] {logging_mixin.py:120} INFO - [2024-08-05T06:34:03.099+0000] {dag.py:2585} INFO - Sync 1 DAGs
[2024-08-05T06:34:03.123+0000] {logging_mixin.py:120} INFO - [2024-08-05T06:34:03.123+0000] {dag.py:3340} INFO - Setting next_dagrun for example_task_group to 2024-08-04T06:34:03.123538+00:00, run_after=2024-08-05T06:34:03.123538+00:00
[2024-08-05T06:34:03.143+0000] {processor.py:176} INFO - Processing /home/airflow/.local/lib/python3.7/site-packages/airflow/example_dags/example_task_group.py took 0.113 seconds
[2024-08-05T06:34:34.083+0000] {processor.py:154} INFO - Started process (PID=4296) to work on /home/airflow/.local/lib/python3.7/site-packages/airflow/example_dags/example_task_group.py
[2024-08-05T06:34:34.159+0000] {processor.py:756} INFO - Processing file /home/airflow/.local/lib/python3.7/site-packages/airflow/example_dags/example_task_group.py for tasks to queue
[2024-08-05T06:34:34.164+0000] {logging_mixin.py:120} INFO - [2024-08-05T06:34:34.164+0000] {dagbag.py:537} INFO - Filling up the DagBag from /home/airflow/.local/lib/python3.7/site-packages/airflow/example_dags/example_task_group.py
[2024-08-05T06:34:34.192+0000] {processor.py:766} INFO - DAG(s) dict_keys(['example_task_group']) retrieved from /home/airflow/.local/lib/python3.7/site-packages/airflow/example_dags/example_task_group.py
[2024-08-05T06:34:34.308+0000] {logging_mixin.py:120} INFO - [2024-08-05T06:34:34.308+0000] {dag.py:2585} INFO - Sync 1 DAGs
[2024-08-05T06:34:34.350+0000] {logging_mixin.py:120} INFO - [2024-08-05T06:34:34.349+0000] {dag.py:3340} INFO - Setting next_dagrun for example_task_group to 2024-08-04T06:34:34.349717+00:00, run_after=2024-08-05T06:34:34.349717+00:00
[2024-08-05T06:34:34.439+0000] {processor.py:176} INFO - Processing /home/airflow/.local/lib/python3.7/site-packages/airflow/example_dags/example_task_group.py took 0.359 seconds
[2024-08-05T06:35:05.066+0000] {processor.py:154} INFO - Started process (PID=4363) to work on /home/airflow/.local/lib/python3.7/site-packages/airflow/example_dags/example_task_group.py
[2024-08-05T06:35:05.087+0000] {processor.py:756} INFO - Processing file /home/airflow/.local/lib/python3.7/site-packages/airflow/example_dags/example_task_group.py for tasks to queue
[2024-08-05T06:35:05.089+0000] {logging_mixin.py:120} INFO - [2024-08-05T06:35:05.089+0000] {dagbag.py:537} INFO - Filling up the DagBag from /home/airflow/.local/lib/python3.7/site-packages/airflow/example_dags/example_task_group.py
[2024-08-05T06:35:05.107+0000] {processor.py:766} INFO - DAG(s) dict_keys(['example_task_group']) retrieved from /home/airflow/.local/lib/python3.7/site-packages/airflow/example_dags/example_task_group.py
[2024-08-05T06:35:05.166+0000] {logging_mixin.py:120} INFO - [2024-08-05T06:35:05.166+0000] {dag.py:2585} INFO - Sync 1 DAGs
[2024-08-05T06:35:05.195+0000] {logging_mixin.py:120} INFO - [2024-08-05T06:35:05.195+0000] {dag.py:3340} INFO - Setting next_dagrun for example_task_group to 2024-08-04T06:35:05.194778+00:00, run_after=2024-08-05T06:35:05.194778+00:00
[2024-08-05T06:35:05.224+0000] {processor.py:176} INFO - Processing /home/airflow/.local/lib/python3.7/site-packages/airflow/example_dags/example_task_group.py took 0.162 seconds
[2024-08-05T06:35:36.161+0000] {processor.py:154} INFO - Started process (PID=4431) to work on /home/airflow/.local/lib/python3.7/site-packages/airflow/example_dags/example_task_group.py
[2024-08-05T06:35:36.163+0000] {processor.py:756} INFO - Processing file /home/airflow/.local/lib/python3.7/site-packages/airflow/example_dags/example_task_group.py for tasks to queue
[2024-08-05T06:35:36.165+0000] {logging_mixin.py:120} INFO - [2024-08-05T06:35:36.165+0000] {dagbag.py:537} INFO - Filling up the DagBag from /home/airflow/.local/lib/python3.7/site-packages/airflow/example_dags/example_task_group.py
[2024-08-05T06:35:36.186+0000] {processor.py:766} INFO - DAG(s) dict_keys(['example_task_group']) retrieved from /home/airflow/.local/lib/python3.7/site-packages/airflow/example_dags/example_task_group.py
[2024-08-05T06:35:36.235+0000] {logging_mixin.py:120} INFO - [2024-08-05T06:35:36.234+0000] {dag.py:2585} INFO - Sync 1 DAGs
[2024-08-05T06:35:36.263+0000] {logging_mixin.py:120} INFO - [2024-08-05T06:35:36.263+0000] {dag.py:3340} INFO - Setting next_dagrun for example_task_group to 2024-08-04T06:35:36.263059+00:00, run_after=2024-08-05T06:35:36.263059+00:00
[2024-08-05T06:35:36.294+0000] {processor.py:176} INFO - Processing /home/airflow/.local/lib/python3.7/site-packages/airflow/example_dags/example_task_group.py took 0.136 seconds
[2024-08-05T06:36:06.480+0000] {processor.py:154} INFO - Started process (PID=4490) to work on /home/airflow/.local/lib/python3.7/site-packages/airflow/example_dags/example_task_group.py
[2024-08-05T06:36:06.481+0000] {processor.py:756} INFO - Processing file /home/airflow/.local/lib/python3.7/site-packages/airflow/example_dags/example_task_group.py for tasks to queue
[2024-08-05T06:36:06.483+0000] {logging_mixin.py:120} INFO - [2024-08-05T06:36:06.483+0000] {dagbag.py:537} INFO - Filling up the DagBag from /home/airflow/.local/lib/python3.7/site-packages/airflow/example_dags/example_task_group.py
[2024-08-05T06:36:06.503+0000] {processor.py:766} INFO - DAG(s) dict_keys(['example_task_group']) retrieved from /home/airflow/.local/lib/python3.7/site-packages/airflow/example_dags/example_task_group.py
[2024-08-05T06:36:06.553+0000] {logging_mixin.py:120} INFO - [2024-08-05T06:36:06.552+0000] {dag.py:2585} INFO - Sync 1 DAGs
[2024-08-05T06:36:06.587+0000] {logging_mixin.py:120} INFO - [2024-08-05T06:36:06.587+0000] {dag.py:3340} INFO - Setting next_dagrun for example_task_group to 2024-08-04T06:36:06.587523+00:00, run_after=2024-08-05T06:36:06.587523+00:00
[2024-08-05T06:36:06.618+0000] {processor.py:176} INFO - Processing /home/airflow/.local/lib/python3.7/site-packages/airflow/example_dags/example_task_group.py took 0.142 seconds
[2024-08-05T06:36:37.183+0000] {processor.py:154} INFO - Started process (PID=4557) to work on /home/airflow/.local/lib/python3.7/site-packages/airflow/example_dags/example_task_group.py
[2024-08-05T06:36:37.184+0000] {processor.py:756} INFO - Processing file /home/airflow/.local/lib/python3.7/site-packages/airflow/example_dags/example_task_group.py for tasks to queue
[2024-08-05T06:36:37.185+0000] {logging_mixin.py:120} INFO - [2024-08-05T06:36:37.185+0000] {dagbag.py:537} INFO - Filling up the DagBag from /home/airflow/.local/lib/python3.7/site-packages/airflow/example_dags/example_task_group.py
[2024-08-05T06:36:37.203+0000] {processor.py:766} INFO - DAG(s) dict_keys(['example_task_group']) retrieved from /home/airflow/.local/lib/python3.7/site-packages/airflow/example_dags/example_task_group.py
[2024-08-05T06:36:37.251+0000] {logging_mixin.py:120} INFO - [2024-08-05T06:36:37.250+0000] {dag.py:2585} INFO - Sync 1 DAGs
[2024-08-05T06:36:37.338+0000] {logging_mixin.py:120} INFO - [2024-08-05T06:36:37.338+0000] {dag.py:3340} INFO - Setting next_dagrun for example_task_group to 2024-08-04T06:36:37.337997+00:00, run_after=2024-08-05T06:36:37.337997+00:00
[2024-08-05T06:36:37.458+0000] {processor.py:176} INFO - Processing /home/airflow/.local/lib/python3.7/site-packages/airflow/example_dags/example_task_group.py took 0.279 seconds
[2024-08-05T06:37:08.701+0000] {processor.py:154} INFO - Started process (PID=4615) to work on /home/airflow/.local/lib/python3.7/site-packages/airflow/example_dags/example_task_group.py
[2024-08-05T06:37:08.703+0000] {processor.py:756} INFO - Processing file /home/airflow/.local/lib/python3.7/site-packages/airflow/example_dags/example_task_group.py for tasks to queue
[2024-08-05T06:37:08.705+0000] {logging_mixin.py:120} INFO - [2024-08-05T06:37:08.704+0000] {dagbag.py:537} INFO - Filling up the DagBag from /home/airflow/.local/lib/python3.7/site-packages/airflow/example_dags/example_task_group.py
[2024-08-05T06:37:08.740+0000] {processor.py:766} INFO - DAG(s) dict_keys(['example_task_group']) retrieved from /home/airflow/.local/lib/python3.7/site-packages/airflow/example_dags/example_task_group.py
[2024-08-05T06:37:08.826+0000] {logging_mixin.py:120} INFO - [2024-08-05T06:37:08.826+0000] {dag.py:2585} INFO - Sync 1 DAGs
[2024-08-05T06:37:08.886+0000] {logging_mixin.py:120} INFO - [2024-08-05T06:37:08.885+0000] {dag.py:3340} INFO - Setting next_dagrun for example_task_group to 2024-08-04T06:37:08.885353+00:00, run_after=2024-08-05T06:37:08.885353+00:00
[2024-08-05T06:37:08.931+0000] {processor.py:176} INFO - Processing /home/airflow/.local/lib/python3.7/site-packages/airflow/example_dags/example_task_group.py took 0.236 seconds
[2024-08-05T06:37:39.725+0000] {processor.py:154} INFO - Started process (PID=4682) to work on /home/airflow/.local/lib/python3.7/site-packages/airflow/example_dags/example_task_group.py
[2024-08-05T06:37:39.727+0000] {processor.py:756} INFO - Processing file /home/airflow/.local/lib/python3.7/site-packages/airflow/example_dags/example_task_group.py for tasks to queue
[2024-08-05T06:37:39.729+0000] {logging_mixin.py:120} INFO - [2024-08-05T06:37:39.728+0000] {dagbag.py:537} INFO - Filling up the DagBag from /home/airflow/.local/lib/python3.7/site-packages/airflow/example_dags/example_task_group.py
[2024-08-05T06:37:39.783+0000] {processor.py:766} INFO - DAG(s) dict_keys(['example_task_group']) retrieved from /home/airflow/.local/lib/python3.7/site-packages/airflow/example_dags/example_task_group.py
[2024-08-05T06:37:39.876+0000] {logging_mixin.py:120} INFO - [2024-08-05T06:37:39.876+0000] {dag.py:2585} INFO - Sync 1 DAGs
[2024-08-05T06:37:39.930+0000] {logging_mixin.py:120} INFO - [2024-08-05T06:37:39.930+0000] {dag.py:3340} INFO - Setting next_dagrun for example_task_group to 2024-08-04T06:37:39.929833+00:00, run_after=2024-08-05T06:37:39.929833+00:00
[2024-08-05T06:37:39.969+0000] {processor.py:176} INFO - Processing /home/airflow/.local/lib/python3.7/site-packages/airflow/example_dags/example_task_group.py took 0.250 seconds
[2024-08-05T06:38:10.247+0000] {processor.py:154} INFO - Started process (PID=4749) to work on /home/airflow/.local/lib/python3.7/site-packages/airflow/example_dags/example_task_group.py
[2024-08-05T06:38:10.248+0000] {processor.py:756} INFO - Processing file /home/airflow/.local/lib/python3.7/site-packages/airflow/example_dags/example_task_group.py for tasks to queue
[2024-08-05T06:38:10.250+0000] {logging_mixin.py:120} INFO - [2024-08-05T06:38:10.249+0000] {dagbag.py:537} INFO - Filling up the DagBag from /home/airflow/.local/lib/python3.7/site-packages/airflow/example_dags/example_task_group.py
[2024-08-05T06:38:10.276+0000] {processor.py:766} INFO - DAG(s) dict_keys(['example_task_group']) retrieved from /home/airflow/.local/lib/python3.7/site-packages/airflow/example_dags/example_task_group.py
[2024-08-05T06:38:10.329+0000] {logging_mixin.py:120} INFO - [2024-08-05T06:38:10.329+0000] {dag.py:2585} INFO - Sync 1 DAGs
[2024-08-05T06:38:10.366+0000] {logging_mixin.py:120} INFO - [2024-08-05T06:38:10.366+0000] {dag.py:3340} INFO - Setting next_dagrun for example_task_group to 2024-08-04T06:38:10.366117+00:00, run_after=2024-08-05T06:38:10.366117+00:00
[2024-08-05T06:38:10.420+0000] {processor.py:176} INFO - Processing /home/airflow/.local/lib/python3.7/site-packages/airflow/example_dags/example_task_group.py took 0.179 seconds
[2024-08-05T06:38:40.628+0000] {processor.py:154} INFO - Started process (PID=4807) to work on /home/airflow/.local/lib/python3.7/site-packages/airflow/example_dags/example_task_group.py
[2024-08-05T06:38:40.629+0000] {processor.py:756} INFO - Processing file /home/airflow/.local/lib/python3.7/site-packages/airflow/example_dags/example_task_group.py for tasks to queue
[2024-08-05T06:38:40.631+0000] {logging_mixin.py:120} INFO - [2024-08-05T06:38:40.630+0000] {dagbag.py:537} INFO - Filling up the DagBag from /home/airflow/.local/lib/python3.7/site-packages/airflow/example_dags/example_task_group.py
[2024-08-05T06:38:40.648+0000] {processor.py:766} INFO - DAG(s) dict_keys(['example_task_group']) retrieved from /home/airflow/.local/lib/python3.7/site-packages/airflow/example_dags/example_task_group.py
[2024-08-05T06:38:40.705+0000] {logging_mixin.py:120} INFO - [2024-08-05T06:38:40.704+0000] {dag.py:2585} INFO - Sync 1 DAGs
[2024-08-05T06:38:40.741+0000] {logging_mixin.py:120} INFO - [2024-08-05T06:38:40.741+0000] {dag.py:3340} INFO - Setting next_dagrun for example_task_group to 2024-08-04T06:38:40.741109+00:00, run_after=2024-08-05T06:38:40.741109+00:00
[2024-08-05T06:38:40.773+0000] {processor.py:176} INFO - Processing /home/airflow/.local/lib/python3.7/site-packages/airflow/example_dags/example_task_group.py took 0.150 seconds
[2024-08-05T06:39:13.897+0000] {processor.py:154} INFO - Started process (PID=4874) to work on /home/airflow/.local/lib/python3.7/site-packages/airflow/example_dags/example_task_group.py
[2024-08-05T06:39:13.918+0000] {processor.py:756} INFO - Processing file /home/airflow/.local/lib/python3.7/site-packages/airflow/example_dags/example_task_group.py for tasks to queue
[2024-08-05T06:39:13.937+0000] {logging_mixin.py:120} INFO - [2024-08-05T06:39:13.937+0000] {dagbag.py:537} INFO - Filling up the DagBag from /home/airflow/.local/lib/python3.7/site-packages/airflow/example_dags/example_task_group.py
[2024-08-05T06:39:13.960+0000] {processor.py:766} INFO - DAG(s) dict_keys(['example_task_group']) retrieved from /home/airflow/.local/lib/python3.7/site-packages/airflow/example_dags/example_task_group.py
[2024-08-05T06:39:14.022+0000] {logging_mixin.py:120} INFO - [2024-08-05T06:39:14.022+0000] {dag.py:2585} INFO - Sync 1 DAGs
[2024-08-05T06:39:14.065+0000] {logging_mixin.py:120} INFO - [2024-08-05T06:39:14.065+0000] {dag.py:3340} INFO - Setting next_dagrun for example_task_group to 2024-08-04T06:39:14.064713+00:00, run_after=2024-08-05T06:39:14.064713+00:00
[2024-08-05T06:39:14.108+0000] {processor.py:176} INFO - Processing /home/airflow/.local/lib/python3.7/site-packages/airflow/example_dags/example_task_group.py took 0.215 seconds
[2024-08-05T06:39:45.875+0000] {processor.py:154} INFO - Started process (PID=4941) to work on /home/airflow/.local/lib/python3.7/site-packages/airflow/example_dags/example_task_group.py
[2024-08-05T06:39:45.878+0000] {processor.py:756} INFO - Processing file /home/airflow/.local/lib/python3.7/site-packages/airflow/example_dags/example_task_group.py for tasks to queue
[2024-08-05T06:39:45.881+0000] {logging_mixin.py:120} INFO - [2024-08-05T06:39:45.879+0000] {dagbag.py:537} INFO - Filling up the DagBag from /home/airflow/.local/lib/python3.7/site-packages/airflow/example_dags/example_task_group.py
[2024-08-05T06:39:45.923+0000] {processor.py:766} INFO - DAG(s) dict_keys(['example_task_group']) retrieved from /home/airflow/.local/lib/python3.7/site-packages/airflow/example_dags/example_task_group.py
[2024-08-05T06:39:46.022+0000] {logging_mixin.py:120} INFO - [2024-08-05T06:39:46.021+0000] {dag.py:2585} INFO - Sync 1 DAGs
[2024-08-05T06:39:46.078+0000] {logging_mixin.py:120} INFO - [2024-08-05T06:39:46.078+0000] {dag.py:3340} INFO - Setting next_dagrun for example_task_group to 2024-08-04T06:39:46.078145+00:00, run_after=2024-08-05T06:39:46.078145+00:00
[2024-08-05T06:39:46.121+0000] {processor.py:176} INFO - Processing /home/airflow/.local/lib/python3.7/site-packages/airflow/example_dags/example_task_group.py took 0.253 seconds
[2024-08-05T06:40:19.504+0000] {processor.py:154} INFO - Started process (PID=5008) to work on /home/airflow/.local/lib/python3.7/site-packages/airflow/example_dags/example_task_group.py
[2024-08-05T06:40:19.667+0000] {processor.py:756} INFO - Processing file /home/airflow/.local/lib/python3.7/site-packages/airflow/example_dags/example_task_group.py for tasks to queue
[2024-08-05T06:40:19.704+0000] {logging_mixin.py:120} INFO - [2024-08-05T06:40:19.704+0000] {dagbag.py:537} INFO - Filling up the DagBag from /home/airflow/.local/lib/python3.7/site-packages/airflow/example_dags/example_task_group.py
[2024-08-05T06:40:19.870+0000] {processor.py:766} INFO - DAG(s) dict_keys(['example_task_group']) retrieved from /home/airflow/.local/lib/python3.7/site-packages/airflow/example_dags/example_task_group.py
[2024-08-05T06:40:20.046+0000] {logging_mixin.py:120} INFO - [2024-08-05T06:40:20.046+0000] {dag.py:2585} INFO - Sync 1 DAGs
[2024-08-05T06:40:20.156+0000] {logging_mixin.py:120} INFO - [2024-08-05T06:40:20.156+0000] {dag.py:3340} INFO - Setting next_dagrun for example_task_group to 2024-08-04T06:40:20.155986+00:00, run_after=2024-08-05T06:40:20.155986+00:00
[2024-08-05T06:40:20.293+0000] {processor.py:176} INFO - Processing /home/airflow/.local/lib/python3.7/site-packages/airflow/example_dags/example_task_group.py took 0.794 seconds
[2024-08-05T06:40:55.490+0000] {processor.py:154} INFO - Started process (PID=5074) to work on /home/airflow/.local/lib/python3.7/site-packages/airflow/example_dags/example_task_group.py
[2024-08-05T06:40:55.504+0000] {processor.py:756} INFO - Processing file /home/airflow/.local/lib/python3.7/site-packages/airflow/example_dags/example_task_group.py for tasks to queue
[2024-08-05T06:40:55.536+0000] {logging_mixin.py:120} INFO - [2024-08-05T06:40:55.536+0000] {dagbag.py:537} INFO - Filling up the DagBag from /home/airflow/.local/lib/python3.7/site-packages/airflow/example_dags/example_task_group.py
[2024-08-05T06:40:55.590+0000] {processor.py:766} INFO - DAG(s) dict_keys(['example_task_group']) retrieved from /home/airflow/.local/lib/python3.7/site-packages/airflow/example_dags/example_task_group.py
[2024-08-05T06:40:55.689+0000] {logging_mixin.py:120} INFO - [2024-08-05T06:40:55.689+0000] {dag.py:2585} INFO - Sync 1 DAGs
[2024-08-05T06:40:55.804+0000] {logging_mixin.py:120} INFO - [2024-08-05T06:40:55.804+0000] {dag.py:3340} INFO - Setting next_dagrun for example_task_group to 2024-08-04T06:40:55.803923+00:00, run_after=2024-08-05T06:40:55.803923+00:00
[2024-08-05T06:40:55.919+0000] {processor.py:176} INFO - Processing /home/airflow/.local/lib/python3.7/site-packages/airflow/example_dags/example_task_group.py took 0.432 seconds
[2024-08-05T06:41:27.157+0000] {processor.py:154} INFO - Started process (PID=5132) to work on /home/airflow/.local/lib/python3.7/site-packages/airflow/example_dags/example_task_group.py
[2024-08-05T06:41:27.163+0000] {processor.py:756} INFO - Processing file /home/airflow/.local/lib/python3.7/site-packages/airflow/example_dags/example_task_group.py for tasks to queue
[2024-08-05T06:41:27.164+0000] {logging_mixin.py:120} INFO - [2024-08-05T06:41:27.164+0000] {dagbag.py:537} INFO - Filling up the DagBag from /home/airflow/.local/lib/python3.7/site-packages/airflow/example_dags/example_task_group.py
[2024-08-05T06:41:27.245+0000] {processor.py:766} INFO - DAG(s) dict_keys(['example_task_group']) retrieved from /home/airflow/.local/lib/python3.7/site-packages/airflow/example_dags/example_task_group.py
[2024-08-05T06:41:27.342+0000] {logging_mixin.py:120} INFO - [2024-08-05T06:41:27.342+0000] {dag.py:2585} INFO - Sync 1 DAGs
[2024-08-05T06:41:27.403+0000] {logging_mixin.py:120} INFO - [2024-08-05T06:41:27.403+0000] {dag.py:3340} INFO - Setting next_dagrun for example_task_group to 2024-08-04T06:41:27.402633+00:00, run_after=2024-08-05T06:41:27.402633+00:00
[2024-08-05T06:41:27.468+0000] {processor.py:176} INFO - Processing /home/airflow/.local/lib/python3.7/site-packages/airflow/example_dags/example_task_group.py took 0.314 seconds
[2024-08-05T06:41:58.624+0000] {processor.py:154} INFO - Started process (PID=5199) to work on /home/airflow/.local/lib/python3.7/site-packages/airflow/example_dags/example_task_group.py
[2024-08-05T06:41:58.626+0000] {processor.py:756} INFO - Processing file /home/airflow/.local/lib/python3.7/site-packages/airflow/example_dags/example_task_group.py for tasks to queue
[2024-08-05T06:41:58.627+0000] {logging_mixin.py:120} INFO - [2024-08-05T06:41:58.627+0000] {dagbag.py:537} INFO - Filling up the DagBag from /home/airflow/.local/lib/python3.7/site-packages/airflow/example_dags/example_task_group.py
[2024-08-05T06:41:58.662+0000] {processor.py:766} INFO - DAG(s) dict_keys(['example_task_group']) retrieved from /home/airflow/.local/lib/python3.7/site-packages/airflow/example_dags/example_task_group.py
[2024-08-05T06:41:59.338+0000] {logging_mixin.py:120} INFO - [2024-08-05T06:41:59.338+0000] {dag.py:2585} INFO - Sync 1 DAGs
[2024-08-05T06:41:59.366+0000] {logging_mixin.py:120} INFO - [2024-08-05T06:41:59.366+0000] {dag.py:3340} INFO - Setting next_dagrun for example_task_group to 2024-08-04T06:41:59.366214+00:00, run_after=2024-08-05T06:41:59.366214+00:00
[2024-08-05T06:41:59.444+0000] {processor.py:176} INFO - Processing /home/airflow/.local/lib/python3.7/site-packages/airflow/example_dags/example_task_group.py took 0.823 seconds
[2024-08-05T06:42:30.090+0000] {processor.py:154} INFO - Started process (PID=5264) to work on /home/airflow/.local/lib/python3.7/site-packages/airflow/example_dags/example_task_group.py
[2024-08-05T06:42:30.092+0000] {processor.py:756} INFO - Processing file /home/airflow/.local/lib/python3.7/site-packages/airflow/example_dags/example_task_group.py for tasks to queue
[2024-08-05T06:42:30.093+0000] {logging_mixin.py:120} INFO - [2024-08-05T06:42:30.093+0000] {dagbag.py:537} INFO - Filling up the DagBag from /home/airflow/.local/lib/python3.7/site-packages/airflow/example_dags/example_task_group.py
[2024-08-05T06:42:30.108+0000] {processor.py:766} INFO - DAG(s) dict_keys(['example_task_group']) retrieved from /home/airflow/.local/lib/python3.7/site-packages/airflow/example_dags/example_task_group.py
[2024-08-05T06:42:30.156+0000] {logging_mixin.py:120} INFO - [2024-08-05T06:42:30.156+0000] {dag.py:2585} INFO - Sync 1 DAGs
[2024-08-05T06:42:30.184+0000] {logging_mixin.py:120} INFO - [2024-08-05T06:42:30.184+0000] {dag.py:3340} INFO - Setting next_dagrun for example_task_group to 2024-08-04T06:42:30.184051+00:00, run_after=2024-08-05T06:42:30.184051+00:00
[2024-08-05T06:42:30.212+0000] {processor.py:176} INFO - Processing /home/airflow/.local/lib/python3.7/site-packages/airflow/example_dags/example_task_group.py took 0.125 seconds
[2024-08-05T06:43:01.546+0000] {processor.py:154} INFO - Started process (PID=5323) to work on /home/airflow/.local/lib/python3.7/site-packages/airflow/example_dags/example_task_group.py
[2024-08-05T06:43:01.653+0000] {processor.py:756} INFO - Processing file /home/airflow/.local/lib/python3.7/site-packages/airflow/example_dags/example_task_group.py for tasks to queue
[2024-08-05T06:43:01.724+0000] {logging_mixin.py:120} INFO - [2024-08-05T06:43:01.724+0000] {dagbag.py:537} INFO - Filling up the DagBag from /home/airflow/.local/lib/python3.7/site-packages/airflow/example_dags/example_task_group.py
[2024-08-05T06:43:01.798+0000] {processor.py:766} INFO - DAG(s) dict_keys(['example_task_group']) retrieved from /home/airflow/.local/lib/python3.7/site-packages/airflow/example_dags/example_task_group.py
[2024-08-05T06:43:01.899+0000] {logging_mixin.py:120} INFO - [2024-08-05T06:43:01.898+0000] {dag.py:2585} INFO - Sync 1 DAGs
[2024-08-05T06:43:01.937+0000] {logging_mixin.py:120} INFO - [2024-08-05T06:43:01.937+0000] {dag.py:3340} INFO - Setting next_dagrun for example_task_group to 2024-08-04T06:43:01.936817+00:00, run_after=2024-08-05T06:43:01.936817+00:00
[2024-08-05T06:43:02.205+0000] {processor.py:176} INFO - Processing /home/airflow/.local/lib/python3.7/site-packages/airflow/example_dags/example_task_group.py took 0.663 seconds
[2024-08-05T06:43:33.262+0000] {processor.py:154} INFO - Started process (PID=5390) to work on /home/airflow/.local/lib/python3.7/site-packages/airflow/example_dags/example_task_group.py
[2024-08-05T06:43:33.269+0000] {processor.py:756} INFO - Processing file /home/airflow/.local/lib/python3.7/site-packages/airflow/example_dags/example_task_group.py for tasks to queue
[2024-08-05T06:43:33.281+0000] {logging_mixin.py:120} INFO - [2024-08-05T06:43:33.281+0000] {dagbag.py:537} INFO - Filling up the DagBag from /home/airflow/.local/lib/python3.7/site-packages/airflow/example_dags/example_task_group.py
[2024-08-05T06:43:33.393+0000] {processor.py:766} INFO - DAG(s) dict_keys(['example_task_group']) retrieved from /home/airflow/.local/lib/python3.7/site-packages/airflow/example_dags/example_task_group.py
[2024-08-05T06:43:33.466+0000] {logging_mixin.py:120} INFO - [2024-08-05T06:43:33.466+0000] {dag.py:2585} INFO - Sync 1 DAGs
[2024-08-05T06:43:33.591+0000] {logging_mixin.py:120} INFO - [2024-08-05T06:43:33.591+0000] {dag.py:3340} INFO - Setting next_dagrun for example_task_group to 2024-08-04T06:43:33.591467+00:00, run_after=2024-08-05T06:43:33.591467+00:00
[2024-08-05T06:43:33.707+0000] {processor.py:176} INFO - Processing /home/airflow/.local/lib/python3.7/site-packages/airflow/example_dags/example_task_group.py took 0.449 seconds
[2024-08-05T06:44:05.436+0000] {processor.py:154} INFO - Started process (PID=5457) to work on /home/airflow/.local/lib/python3.7/site-packages/airflow/example_dags/example_task_group.py
[2024-08-05T06:44:05.438+0000] {processor.py:756} INFO - Processing file /home/airflow/.local/lib/python3.7/site-packages/airflow/example_dags/example_task_group.py for tasks to queue
[2024-08-05T06:44:05.439+0000] {logging_mixin.py:120} INFO - [2024-08-05T06:44:05.438+0000] {dagbag.py:537} INFO - Filling up the DagBag from /home/airflow/.local/lib/python3.7/site-packages/airflow/example_dags/example_task_group.py
[2024-08-05T06:44:05.458+0000] {processor.py:766} INFO - DAG(s) dict_keys(['example_task_group']) retrieved from /home/airflow/.local/lib/python3.7/site-packages/airflow/example_dags/example_task_group.py
[2024-08-05T06:44:05.502+0000] {logging_mixin.py:120} INFO - [2024-08-05T06:44:05.502+0000] {dag.py:2585} INFO - Sync 1 DAGs
[2024-08-05T06:44:05.530+0000] {logging_mixin.py:120} INFO - [2024-08-05T06:44:05.529+0000] {dag.py:3340} INFO - Setting next_dagrun for example_task_group to 2024-08-04T06:44:05.529603+00:00, run_after=2024-08-05T06:44:05.529603+00:00
[2024-08-05T06:44:05.557+0000] {processor.py:176} INFO - Processing /home/airflow/.local/lib/python3.7/site-packages/airflow/example_dags/example_task_group.py took 0.127 seconds
[2024-08-05T06:44:35.614+0000] {processor.py:154} INFO - Started process (PID=5514) to work on /home/airflow/.local/lib/python3.7/site-packages/airflow/example_dags/example_task_group.py
[2024-08-05T06:44:35.618+0000] {processor.py:756} INFO - Processing file /home/airflow/.local/lib/python3.7/site-packages/airflow/example_dags/example_task_group.py for tasks to queue
[2024-08-05T06:44:35.620+0000] {logging_mixin.py:120} INFO - [2024-08-05T06:44:35.620+0000] {dagbag.py:537} INFO - Filling up the DagBag from /home/airflow/.local/lib/python3.7/site-packages/airflow/example_dags/example_task_group.py
[2024-08-05T06:44:35.644+0000] {processor.py:766} INFO - DAG(s) dict_keys(['example_task_group']) retrieved from /home/airflow/.local/lib/python3.7/site-packages/airflow/example_dags/example_task_group.py
[2024-08-05T06:44:35.705+0000] {logging_mixin.py:120} INFO - [2024-08-05T06:44:35.705+0000] {dag.py:2585} INFO - Sync 1 DAGs
[2024-08-05T06:44:35.744+0000] {logging_mixin.py:120} INFO - [2024-08-05T06:44:35.744+0000] {dag.py:3340} INFO - Setting next_dagrun for example_task_group to 2024-08-04T06:44:35.743811+00:00, run_after=2024-08-05T06:44:35.743811+00:00
[2024-08-05T06:44:35.789+0000] {processor.py:176} INFO - Processing /home/airflow/.local/lib/python3.7/site-packages/airflow/example_dags/example_task_group.py took 0.180 seconds
[2024-08-05T06:45:07.346+0000] {processor.py:154} INFO - Started process (PID=5579) to work on /home/airflow/.local/lib/python3.7/site-packages/airflow/example_dags/example_task_group.py
[2024-08-05T06:45:07.348+0000] {processor.py:756} INFO - Processing file /home/airflow/.local/lib/python3.7/site-packages/airflow/example_dags/example_task_group.py for tasks to queue
[2024-08-05T06:45:07.356+0000] {logging_mixin.py:120} INFO - [2024-08-05T06:45:07.356+0000] {dagbag.py:537} INFO - Filling up the DagBag from /home/airflow/.local/lib/python3.7/site-packages/airflow/example_dags/example_task_group.py
[2024-08-05T06:45:07.373+0000] {processor.py:766} INFO - DAG(s) dict_keys(['example_task_group']) retrieved from /home/airflow/.local/lib/python3.7/site-packages/airflow/example_dags/example_task_group.py
[2024-08-05T06:45:07.436+0000] {logging_mixin.py:120} INFO - [2024-08-05T06:45:07.435+0000] {dag.py:2585} INFO - Sync 1 DAGs
[2024-08-05T06:45:07.581+0000] {logging_mixin.py:120} INFO - [2024-08-05T06:45:07.581+0000] {dag.py:3340} INFO - Setting next_dagrun for example_task_group to 2024-08-04T06:45:07.581568+00:00, run_after=2024-08-05T06:45:07.581568+00:00
[2024-08-05T06:45:07.701+0000] {processor.py:176} INFO - Processing /home/airflow/.local/lib/python3.7/site-packages/airflow/example_dags/example_task_group.py took 0.362 seconds
[2024-08-05T06:45:38.222+0000] {processor.py:154} INFO - Started process (PID=5647) to work on /home/airflow/.local/lib/python3.7/site-packages/airflow/example_dags/example_task_group.py
[2024-08-05T06:45:38.224+0000] {processor.py:756} INFO - Processing file /home/airflow/.local/lib/python3.7/site-packages/airflow/example_dags/example_task_group.py for tasks to queue
[2024-08-05T06:45:38.225+0000] {logging_mixin.py:120} INFO - [2024-08-05T06:45:38.225+0000] {dagbag.py:537} INFO - Filling up the DagBag from /home/airflow/.local/lib/python3.7/site-packages/airflow/example_dags/example_task_group.py
[2024-08-05T06:45:38.246+0000] {processor.py:766} INFO - DAG(s) dict_keys(['example_task_group']) retrieved from /home/airflow/.local/lib/python3.7/site-packages/airflow/example_dags/example_task_group.py
[2024-08-05T06:45:38.298+0000] {logging_mixin.py:120} INFO - [2024-08-05T06:45:38.298+0000] {dag.py:2585} INFO - Sync 1 DAGs
[2024-08-05T06:45:38.329+0000] {logging_mixin.py:120} INFO - [2024-08-05T06:45:38.329+0000] {dag.py:3340} INFO - Setting next_dagrun for example_task_group to 2024-08-04T06:45:38.328748+00:00, run_after=2024-08-05T06:45:38.328748+00:00
[2024-08-05T06:45:38.369+0000] {processor.py:176} INFO - Processing /home/airflow/.local/lib/python3.7/site-packages/airflow/example_dags/example_task_group.py took 0.152 seconds
[2024-08-05T06:46:10.741+0000] {processor.py:154} INFO - Started process (PID=5705) to work on /home/airflow/.local/lib/python3.7/site-packages/airflow/example_dags/example_task_group.py
[2024-08-05T06:46:10.742+0000] {processor.py:756} INFO - Processing file /home/airflow/.local/lib/python3.7/site-packages/airflow/example_dags/example_task_group.py for tasks to queue
[2024-08-05T06:46:10.744+0000] {logging_mixin.py:120} INFO - [2024-08-05T06:46:10.743+0000] {dagbag.py:537} INFO - Filling up the DagBag from /home/airflow/.local/lib/python3.7/site-packages/airflow/example_dags/example_task_group.py
[2024-08-05T06:46:10.782+0000] {processor.py:766} INFO - DAG(s) dict_keys(['example_task_group']) retrieved from /home/airflow/.local/lib/python3.7/site-packages/airflow/example_dags/example_task_group.py
[2024-08-05T06:46:10.829+0000] {logging_mixin.py:120} INFO - [2024-08-05T06:46:10.828+0000] {dag.py:2585} INFO - Sync 1 DAGs
[2024-08-05T06:46:10.858+0000] {logging_mixin.py:120} INFO - [2024-08-05T06:46:10.858+0000] {dag.py:3340} INFO - Setting next_dagrun for example_task_group to 2024-08-04T06:46:10.857706+00:00, run_after=2024-08-05T06:46:10.857706+00:00
[2024-08-05T06:46:10.891+0000] {processor.py:176} INFO - Processing /home/airflow/.local/lib/python3.7/site-packages/airflow/example_dags/example_task_group.py took 0.155 seconds
[2024-08-05T06:46:41.348+0000] {processor.py:154} INFO - Started process (PID=5770) to work on /home/airflow/.local/lib/python3.7/site-packages/airflow/example_dags/example_task_group.py
[2024-08-05T06:46:41.349+0000] {processor.py:756} INFO - Processing file /home/airflow/.local/lib/python3.7/site-packages/airflow/example_dags/example_task_group.py for tasks to queue
[2024-08-05T06:46:41.350+0000] {logging_mixin.py:120} INFO - [2024-08-05T06:46:41.350+0000] {dagbag.py:537} INFO - Filling up the DagBag from /home/airflow/.local/lib/python3.7/site-packages/airflow/example_dags/example_task_group.py
[2024-08-05T06:46:41.379+0000] {processor.py:766} INFO - DAG(s) dict_keys(['example_task_group']) retrieved from /home/airflow/.local/lib/python3.7/site-packages/airflow/example_dags/example_task_group.py
[2024-08-05T06:46:41.474+0000] {logging_mixin.py:120} INFO - [2024-08-05T06:46:41.470+0000] {dag.py:2585} INFO - Sync 1 DAGs
[2024-08-05T06:46:41.516+0000] {logging_mixin.py:120} INFO - [2024-08-05T06:46:41.515+0000] {dag.py:3340} INFO - Setting next_dagrun for example_task_group to 2024-08-04T06:46:41.515492+00:00, run_after=2024-08-05T06:46:41.515492+00:00
[2024-08-05T06:46:41.614+0000] {processor.py:176} INFO - Processing /home/airflow/.local/lib/python3.7/site-packages/airflow/example_dags/example_task_group.py took 0.270 seconds
[2024-08-05T06:47:12.484+0000] {processor.py:154} INFO - Started process (PID=5828) to work on /home/airflow/.local/lib/python3.7/site-packages/airflow/example_dags/example_task_group.py
[2024-08-05T06:47:12.490+0000] {processor.py:756} INFO - Processing file /home/airflow/.local/lib/python3.7/site-packages/airflow/example_dags/example_task_group.py for tasks to queue
[2024-08-05T06:47:12.491+0000] {logging_mixin.py:120} INFO - [2024-08-05T06:47:12.491+0000] {dagbag.py:537} INFO - Filling up the DagBag from /home/airflow/.local/lib/python3.7/site-packages/airflow/example_dags/example_task_group.py
[2024-08-05T06:47:12.511+0000] {processor.py:766} INFO - DAG(s) dict_keys(['example_task_group']) retrieved from /home/airflow/.local/lib/python3.7/site-packages/airflow/example_dags/example_task_group.py
[2024-08-05T06:47:12.628+0000] {logging_mixin.py:120} INFO - [2024-08-05T06:47:12.628+0000] {dag.py:2585} INFO - Sync 1 DAGs
[2024-08-05T06:47:12.697+0000] {logging_mixin.py:120} INFO - [2024-08-05T06:47:12.697+0000] {dag.py:3340} INFO - Setting next_dagrun for example_task_group to 2024-08-04T06:47:12.697423+00:00, run_after=2024-08-05T06:47:12.697423+00:00
[2024-08-05T06:47:12.918+0000] {processor.py:176} INFO - Processing /home/airflow/.local/lib/python3.7/site-packages/airflow/example_dags/example_task_group.py took 0.437 seconds
[2024-08-05T06:47:43.832+0000] {processor.py:154} INFO - Started process (PID=5895) to work on /home/airflow/.local/lib/python3.7/site-packages/airflow/example_dags/example_task_group.py
[2024-08-05T06:47:43.835+0000] {processor.py:756} INFO - Processing file /home/airflow/.local/lib/python3.7/site-packages/airflow/example_dags/example_task_group.py for tasks to queue
[2024-08-05T06:47:43.837+0000] {logging_mixin.py:120} INFO - [2024-08-05T06:47:43.836+0000] {dagbag.py:537} INFO - Filling up the DagBag from /home/airflow/.local/lib/python3.7/site-packages/airflow/example_dags/example_task_group.py
[2024-08-05T06:47:43.862+0000] {processor.py:766} INFO - DAG(s) dict_keys(['example_task_group']) retrieved from /home/airflow/.local/lib/python3.7/site-packages/airflow/example_dags/example_task_group.py
[2024-08-05T06:47:43.912+0000] {logging_mixin.py:120} INFO - [2024-08-05T06:47:43.912+0000] {dag.py:2585} INFO - Sync 1 DAGs
[2024-08-05T06:47:43.946+0000] {logging_mixin.py:120} INFO - [2024-08-05T06:47:43.946+0000] {dag.py:3340} INFO - Setting next_dagrun for example_task_group to 2024-08-04T06:47:43.945821+00:00, run_after=2024-08-05T06:47:43.945821+00:00
[2024-08-05T06:47:43.980+0000] {processor.py:176} INFO - Processing /home/airflow/.local/lib/python3.7/site-packages/airflow/example_dags/example_task_group.py took 0.152 seconds
[2024-08-05T06:48:14.162+0000] {processor.py:154} INFO - Started process (PID=5962) to work on /home/airflow/.local/lib/python3.7/site-packages/airflow/example_dags/example_task_group.py
[2024-08-05T06:48:14.163+0000] {processor.py:756} INFO - Processing file /home/airflow/.local/lib/python3.7/site-packages/airflow/example_dags/example_task_group.py for tasks to queue
[2024-08-05T06:48:14.164+0000] {logging_mixin.py:120} INFO - [2024-08-05T06:48:14.164+0000] {dagbag.py:537} INFO - Filling up the DagBag from /home/airflow/.local/lib/python3.7/site-packages/airflow/example_dags/example_task_group.py
[2024-08-05T06:48:14.181+0000] {processor.py:766} INFO - DAG(s) dict_keys(['example_task_group']) retrieved from /home/airflow/.local/lib/python3.7/site-packages/airflow/example_dags/example_task_group.py
[2024-08-05T06:48:14.225+0000] {logging_mixin.py:120} INFO - [2024-08-05T06:48:14.225+0000] {dag.py:2585} INFO - Sync 1 DAGs
[2024-08-05T06:48:14.259+0000] {logging_mixin.py:120} INFO - [2024-08-05T06:48:14.258+0000] {dag.py:3340} INFO - Setting next_dagrun for example_task_group to 2024-08-04T06:48:14.257677+00:00, run_after=2024-08-05T06:48:14.257677+00:00
[2024-08-05T06:48:14.286+0000] {processor.py:176} INFO - Processing /home/airflow/.local/lib/python3.7/site-packages/airflow/example_dags/example_task_group.py took 0.127 seconds
[2024-08-05T06:48:44.457+0000] {processor.py:154} INFO - Started process (PID=6020) to work on /home/airflow/.local/lib/python3.7/site-packages/airflow/example_dags/example_task_group.py
[2024-08-05T06:48:44.460+0000] {processor.py:756} INFO - Processing file /home/airflow/.local/lib/python3.7/site-packages/airflow/example_dags/example_task_group.py for tasks to queue
[2024-08-05T06:48:44.464+0000] {logging_mixin.py:120} INFO - [2024-08-05T06:48:44.464+0000] {dagbag.py:537} INFO - Filling up the DagBag from /home/airflow/.local/lib/python3.7/site-packages/airflow/example_dags/example_task_group.py
[2024-08-05T06:48:44.492+0000] {processor.py:766} INFO - DAG(s) dict_keys(['example_task_group']) retrieved from /home/airflow/.local/lib/python3.7/site-packages/airflow/example_dags/example_task_group.py
[2024-08-05T06:48:44.557+0000] {logging_mixin.py:120} INFO - [2024-08-05T06:48:44.556+0000] {dag.py:2585} INFO - Sync 1 DAGs
[2024-08-05T06:48:44.584+0000] {logging_mixin.py:120} INFO - [2024-08-05T06:48:44.584+0000] {dag.py:3340} INFO - Setting next_dagrun for example_task_group to 2024-08-04T06:48:44.583862+00:00, run_after=2024-08-05T06:48:44.583862+00:00
[2024-08-05T06:48:44.625+0000] {processor.py:176} INFO - Processing /home/airflow/.local/lib/python3.7/site-packages/airflow/example_dags/example_task_group.py took 0.173 seconds
[2024-08-05T06:49:15.471+0000] {processor.py:154} INFO - Started process (PID=6087) to work on /home/airflow/.local/lib/python3.7/site-packages/airflow/example_dags/example_task_group.py
[2024-08-05T06:49:15.473+0000] {processor.py:756} INFO - Processing file /home/airflow/.local/lib/python3.7/site-packages/airflow/example_dags/example_task_group.py for tasks to queue
[2024-08-05T06:49:15.474+0000] {logging_mixin.py:120} INFO - [2024-08-05T06:49:15.473+0000] {dagbag.py:537} INFO - Filling up the DagBag from /home/airflow/.local/lib/python3.7/site-packages/airflow/example_dags/example_task_group.py
[2024-08-05T06:49:15.492+0000] {processor.py:766} INFO - DAG(s) dict_keys(['example_task_group']) retrieved from /home/airflow/.local/lib/python3.7/site-packages/airflow/example_dags/example_task_group.py
[2024-08-05T06:49:15.547+0000] {logging_mixin.py:120} INFO - [2024-08-05T06:49:15.546+0000] {dag.py:2585} INFO - Sync 1 DAGs
[2024-08-05T06:49:15.574+0000] {logging_mixin.py:120} INFO - [2024-08-05T06:49:15.574+0000] {dag.py:3340} INFO - Setting next_dagrun for example_task_group to 2024-08-04T06:49:15.574248+00:00, run_after=2024-08-05T06:49:15.574248+00:00
[2024-08-05T06:49:15.599+0000] {processor.py:176} INFO - Processing /home/airflow/.local/lib/python3.7/site-packages/airflow/example_dags/example_task_group.py took 0.133 seconds
[2024-08-05T06:49:46.140+0000] {processor.py:154} INFO - Started process (PID=6154) to work on /home/airflow/.local/lib/python3.7/site-packages/airflow/example_dags/example_task_group.py
[2024-08-05T06:49:46.142+0000] {processor.py:756} INFO - Processing file /home/airflow/.local/lib/python3.7/site-packages/airflow/example_dags/example_task_group.py for tasks to queue
[2024-08-05T06:49:46.143+0000] {logging_mixin.py:120} INFO - [2024-08-05T06:49:46.143+0000] {dagbag.py:537} INFO - Filling up the DagBag from /home/airflow/.local/lib/python3.7/site-packages/airflow/example_dags/example_task_group.py
[2024-08-05T06:49:46.165+0000] {processor.py:766} INFO - DAG(s) dict_keys(['example_task_group']) retrieved from /home/airflow/.local/lib/python3.7/site-packages/airflow/example_dags/example_task_group.py
[2024-08-05T06:49:46.220+0000] {logging_mixin.py:120} INFO - [2024-08-05T06:49:46.220+0000] {dag.py:2585} INFO - Sync 1 DAGs
[2024-08-05T06:49:46.291+0000] {logging_mixin.py:120} INFO - [2024-08-05T06:49:46.291+0000] {dag.py:3340} INFO - Setting next_dagrun for example_task_group to 2024-08-04T06:49:46.290800+00:00, run_after=2024-08-05T06:49:46.290800+00:00
[2024-08-05T06:49:46.342+0000] {processor.py:176} INFO - Processing /home/airflow/.local/lib/python3.7/site-packages/airflow/example_dags/example_task_group.py took 0.206 seconds
[2024-08-05T06:50:17.225+0000] {processor.py:154} INFO - Started process (PID=6212) to work on /home/airflow/.local/lib/python3.7/site-packages/airflow/example_dags/example_task_group.py
[2024-08-05T06:50:17.226+0000] {processor.py:756} INFO - Processing file /home/airflow/.local/lib/python3.7/site-packages/airflow/example_dags/example_task_group.py for tasks to queue
[2024-08-05T06:50:17.228+0000] {logging_mixin.py:120} INFO - [2024-08-05T06:50:17.228+0000] {dagbag.py:537} INFO - Filling up the DagBag from /home/airflow/.local/lib/python3.7/site-packages/airflow/example_dags/example_task_group.py
[2024-08-05T06:50:17.252+0000] {processor.py:766} INFO - DAG(s) dict_keys(['example_task_group']) retrieved from /home/airflow/.local/lib/python3.7/site-packages/airflow/example_dags/example_task_group.py
[2024-08-05T06:50:17.313+0000] {logging_mixin.py:120} INFO - [2024-08-05T06:50:17.313+0000] {dag.py:2585} INFO - Sync 1 DAGs
[2024-08-05T06:50:17.350+0000] {logging_mixin.py:120} INFO - [2024-08-05T06:50:17.350+0000] {dag.py:3340} INFO - Setting next_dagrun for example_task_group to 2024-08-04T06:50:17.350457+00:00, run_after=2024-08-05T06:50:17.350457+00:00
[2024-08-05T06:50:17.384+0000] {processor.py:176} INFO - Processing /home/airflow/.local/lib/python3.7/site-packages/airflow/example_dags/example_task_group.py took 0.163 seconds
[2024-08-05T06:50:47.646+0000] {processor.py:154} INFO - Started process (PID=6279) to work on /home/airflow/.local/lib/python3.7/site-packages/airflow/example_dags/example_task_group.py
[2024-08-05T06:50:47.652+0000] {processor.py:756} INFO - Processing file /home/airflow/.local/lib/python3.7/site-packages/airflow/example_dags/example_task_group.py for tasks to queue
[2024-08-05T06:50:47.653+0000] {logging_mixin.py:120} INFO - [2024-08-05T06:50:47.653+0000] {dagbag.py:537} INFO - Filling up the DagBag from /home/airflow/.local/lib/python3.7/site-packages/airflow/example_dags/example_task_group.py
[2024-08-05T06:50:47.672+0000] {processor.py:766} INFO - DAG(s) dict_keys(['example_task_group']) retrieved from /home/airflow/.local/lib/python3.7/site-packages/airflow/example_dags/example_task_group.py
[2024-08-05T06:50:47.721+0000] {logging_mixin.py:120} INFO - [2024-08-05T06:50:47.720+0000] {dag.py:2585} INFO - Sync 1 DAGs
[2024-08-05T06:50:47.751+0000] {logging_mixin.py:120} INFO - [2024-08-05T06:50:47.750+0000] {dag.py:3340} INFO - Setting next_dagrun for example_task_group to 2024-08-04T06:50:47.750672+00:00, run_after=2024-08-05T06:50:47.750672+00:00
[2024-08-05T06:50:47.774+0000] {processor.py:176} INFO - Processing /home/airflow/.local/lib/python3.7/site-packages/airflow/example_dags/example_task_group.py took 0.132 seconds
[2024-08-05T06:51:18.493+0000] {processor.py:154} INFO - Started process (PID=6346) to work on /home/airflow/.local/lib/python3.7/site-packages/airflow/example_dags/example_task_group.py
[2024-08-05T06:51:18.494+0000] {processor.py:756} INFO - Processing file /home/airflow/.local/lib/python3.7/site-packages/airflow/example_dags/example_task_group.py for tasks to queue
[2024-08-05T06:51:18.495+0000] {logging_mixin.py:120} INFO - [2024-08-05T06:51:18.495+0000] {dagbag.py:537} INFO - Filling up the DagBag from /home/airflow/.local/lib/python3.7/site-packages/airflow/example_dags/example_task_group.py
[2024-08-05T06:51:18.514+0000] {processor.py:766} INFO - DAG(s) dict_keys(['example_task_group']) retrieved from /home/airflow/.local/lib/python3.7/site-packages/airflow/example_dags/example_task_group.py
[2024-08-05T06:51:18.565+0000] {logging_mixin.py:120} INFO - [2024-08-05T06:51:18.565+0000] {dag.py:2585} INFO - Sync 1 DAGs
[2024-08-05T06:51:18.608+0000] {logging_mixin.py:120} INFO - [2024-08-05T06:51:18.607+0000] {dag.py:3340} INFO - Setting next_dagrun for example_task_group to 2024-08-04T06:51:18.607621+00:00, run_after=2024-08-05T06:51:18.607621+00:00
[2024-08-05T06:51:18.638+0000] {processor.py:176} INFO - Processing /home/airflow/.local/lib/python3.7/site-packages/airflow/example_dags/example_task_group.py took 0.148 seconds
[2024-08-05T06:51:48.930+0000] {processor.py:154} INFO - Started process (PID=6404) to work on /home/airflow/.local/lib/python3.7/site-packages/airflow/example_dags/example_task_group.py
[2024-08-05T06:51:48.931+0000] {processor.py:756} INFO - Processing file /home/airflow/.local/lib/python3.7/site-packages/airflow/example_dags/example_task_group.py for tasks to queue
[2024-08-05T06:51:48.932+0000] {logging_mixin.py:120} INFO - [2024-08-05T06:51:48.932+0000] {dagbag.py:537} INFO - Filling up the DagBag from /home/airflow/.local/lib/python3.7/site-packages/airflow/example_dags/example_task_group.py
[2024-08-05T06:51:48.950+0000] {processor.py:766} INFO - DAG(s) dict_keys(['example_task_group']) retrieved from /home/airflow/.local/lib/python3.7/site-packages/airflow/example_dags/example_task_group.py
[2024-08-05T06:51:48.992+0000] {logging_mixin.py:120} INFO - [2024-08-05T06:51:48.992+0000] {dag.py:2585} INFO - Sync 1 DAGs
[2024-08-05T06:51:49.022+0000] {logging_mixin.py:120} INFO - [2024-08-05T06:51:49.021+0000] {dag.py:3340} INFO - Setting next_dagrun for example_task_group to 2024-08-04T06:51:49.021766+00:00, run_after=2024-08-05T06:51:49.021766+00:00
[2024-08-05T06:51:49.047+0000] {processor.py:176} INFO - Processing /home/airflow/.local/lib/python3.7/site-packages/airflow/example_dags/example_task_group.py took 0.121 seconds
[2024-08-05T06:52:22.072+0000] {processor.py:154} INFO - Started process (PID=6472) to work on /home/airflow/.local/lib/python3.7/site-packages/airflow/example_dags/example_task_group.py
[2024-08-05T06:52:22.086+0000] {processor.py:756} INFO - Processing file /home/airflow/.local/lib/python3.7/site-packages/airflow/example_dags/example_task_group.py for tasks to queue
[2024-08-05T06:52:22.088+0000] {logging_mixin.py:120} INFO - [2024-08-05T06:52:22.087+0000] {dagbag.py:537} INFO - Filling up the DagBag from /home/airflow/.local/lib/python3.7/site-packages/airflow/example_dags/example_task_group.py
[2024-08-05T06:52:22.106+0000] {processor.py:766} INFO - DAG(s) dict_keys(['example_task_group']) retrieved from /home/airflow/.local/lib/python3.7/site-packages/airflow/example_dags/example_task_group.py
[2024-08-05T06:52:22.156+0000] {logging_mixin.py:120} INFO - [2024-08-05T06:52:22.155+0000] {dag.py:2585} INFO - Sync 1 DAGs
[2024-08-05T06:52:22.215+0000] {logging_mixin.py:120} INFO - [2024-08-05T06:52:22.215+0000] {dag.py:3340} INFO - Setting next_dagrun for example_task_group to 2024-08-04T06:52:22.214812+00:00, run_after=2024-08-05T06:52:22.214812+00:00
[2024-08-05T06:52:22.257+0000] {processor.py:176} INFO - Processing /home/airflow/.local/lib/python3.7/site-packages/airflow/example_dags/example_task_group.py took 0.188 seconds
[2024-08-05T06:52:52.735+0000] {processor.py:154} INFO - Started process (PID=6540) to work on /home/airflow/.local/lib/python3.7/site-packages/airflow/example_dags/example_task_group.py
[2024-08-05T06:52:52.737+0000] {processor.py:756} INFO - Processing file /home/airflow/.local/lib/python3.7/site-packages/airflow/example_dags/example_task_group.py for tasks to queue
[2024-08-05T06:52:52.738+0000] {logging_mixin.py:120} INFO - [2024-08-05T06:52:52.738+0000] {dagbag.py:537} INFO - Filling up the DagBag from /home/airflow/.local/lib/python3.7/site-packages/airflow/example_dags/example_task_group.py
[2024-08-05T06:52:52.757+0000] {processor.py:766} INFO - DAG(s) dict_keys(['example_task_group']) retrieved from /home/airflow/.local/lib/python3.7/site-packages/airflow/example_dags/example_task_group.py
[2024-08-05T06:52:52.810+0000] {logging_mixin.py:120} INFO - [2024-08-05T06:52:52.809+0000] {dag.py:2585} INFO - Sync 1 DAGs
[2024-08-05T06:52:52.834+0000] {logging_mixin.py:120} INFO - [2024-08-05T06:52:52.833+0000] {dag.py:3340} INFO - Setting next_dagrun for example_task_group to 2024-08-04T06:52:52.833732+00:00, run_after=2024-08-05T06:52:52.833732+00:00
[2024-08-05T06:52:52.907+0000] {processor.py:176} INFO - Processing /home/airflow/.local/lib/python3.7/site-packages/airflow/example_dags/example_task_group.py took 0.175 seconds
[2024-08-05T06:53:23.393+0000] {processor.py:154} INFO - Started process (PID=6599) to work on /home/airflow/.local/lib/python3.7/site-packages/airflow/example_dags/example_task_group.py
[2024-08-05T06:53:23.398+0000] {processor.py:756} INFO - Processing file /home/airflow/.local/lib/python3.7/site-packages/airflow/example_dags/example_task_group.py for tasks to queue
[2024-08-05T06:53:23.406+0000] {logging_mixin.py:120} INFO - [2024-08-05T06:53:23.406+0000] {dagbag.py:537} INFO - Filling up the DagBag from /home/airflow/.local/lib/python3.7/site-packages/airflow/example_dags/example_task_group.py
[2024-08-05T06:53:23.428+0000] {processor.py:766} INFO - DAG(s) dict_keys(['example_task_group']) retrieved from /home/airflow/.local/lib/python3.7/site-packages/airflow/example_dags/example_task_group.py
[2024-08-05T06:53:23.475+0000] {logging_mixin.py:120} INFO - [2024-08-05T06:53:23.475+0000] {dag.py:2585} INFO - Sync 1 DAGs
[2024-08-05T06:53:23.507+0000] {logging_mixin.py:120} INFO - [2024-08-05T06:53:23.507+0000] {dag.py:3340} INFO - Setting next_dagrun for example_task_group to 2024-08-04T06:53:23.506914+00:00, run_after=2024-08-05T06:53:23.506914+00:00
[2024-08-05T06:53:23.620+0000] {processor.py:176} INFO - Processing /home/airflow/.local/lib/python3.7/site-packages/airflow/example_dags/example_task_group.py took 0.230 seconds
[2024-08-05T06:53:53.723+0000] {processor.py:154} INFO - Started process (PID=6666) to work on /home/airflow/.local/lib/python3.7/site-packages/airflow/example_dags/example_task_group.py
[2024-08-05T06:53:53.725+0000] {processor.py:756} INFO - Processing file /home/airflow/.local/lib/python3.7/site-packages/airflow/example_dags/example_task_group.py for tasks to queue
[2024-08-05T06:53:53.726+0000] {logging_mixin.py:120} INFO - [2024-08-05T06:53:53.726+0000] {dagbag.py:537} INFO - Filling up the DagBag from /home/airflow/.local/lib/python3.7/site-packages/airflow/example_dags/example_task_group.py
[2024-08-05T06:53:53.743+0000] {processor.py:766} INFO - DAG(s) dict_keys(['example_task_group']) retrieved from /home/airflow/.local/lib/python3.7/site-packages/airflow/example_dags/example_task_group.py
[2024-08-05T06:53:53.784+0000] {logging_mixin.py:120} INFO - [2024-08-05T06:53:53.784+0000] {dag.py:2585} INFO - Sync 1 DAGs
[2024-08-05T06:53:53.808+0000] {logging_mixin.py:120} INFO - [2024-08-05T06:53:53.807+0000] {dag.py:3340} INFO - Setting next_dagrun for example_task_group to 2024-08-04T06:53:53.807760+00:00, run_after=2024-08-05T06:53:53.807760+00:00
[2024-08-05T06:53:53.840+0000] {processor.py:176} INFO - Processing /home/airflow/.local/lib/python3.7/site-packages/airflow/example_dags/example_task_group.py took 0.121 seconds
[2024-08-05T06:54:24.045+0000] {processor.py:154} INFO - Started process (PID=6723) to work on /home/airflow/.local/lib/python3.7/site-packages/airflow/example_dags/example_task_group.py
[2024-08-05T06:54:24.048+0000] {processor.py:756} INFO - Processing file /home/airflow/.local/lib/python3.7/site-packages/airflow/example_dags/example_task_group.py for tasks to queue
[2024-08-05T06:54:24.050+0000] {logging_mixin.py:120} INFO - [2024-08-05T06:54:24.050+0000] {dagbag.py:537} INFO - Filling up the DagBag from /home/airflow/.local/lib/python3.7/site-packages/airflow/example_dags/example_task_group.py
[2024-08-05T06:54:24.067+0000] {processor.py:766} INFO - DAG(s) dict_keys(['example_task_group']) retrieved from /home/airflow/.local/lib/python3.7/site-packages/airflow/example_dags/example_task_group.py
[2024-08-05T06:54:24.116+0000] {logging_mixin.py:120} INFO - [2024-08-05T06:54:24.115+0000] {dag.py:2585} INFO - Sync 1 DAGs
[2024-08-05T06:54:24.142+0000] {logging_mixin.py:120} INFO - [2024-08-05T06:54:24.142+0000] {dag.py:3340} INFO - Setting next_dagrun for example_task_group to 2024-08-04T06:54:24.142061+00:00, run_after=2024-08-05T06:54:24.142061+00:00
[2024-08-05T06:54:24.165+0000] {processor.py:176} INFO - Processing /home/airflow/.local/lib/python3.7/site-packages/airflow/example_dags/example_task_group.py took 0.124 seconds
[2024-08-05T06:54:54.284+0000] {processor.py:154} INFO - Started process (PID=6790) to work on /home/airflow/.local/lib/python3.7/site-packages/airflow/example_dags/example_task_group.py
[2024-08-05T06:54:54.285+0000] {processor.py:756} INFO - Processing file /home/airflow/.local/lib/python3.7/site-packages/airflow/example_dags/example_task_group.py for tasks to queue
[2024-08-05T06:54:54.286+0000] {logging_mixin.py:120} INFO - [2024-08-05T06:54:54.286+0000] {dagbag.py:537} INFO - Filling up the DagBag from /home/airflow/.local/lib/python3.7/site-packages/airflow/example_dags/example_task_group.py
[2024-08-05T06:54:54.306+0000] {processor.py:766} INFO - DAG(s) dict_keys(['example_task_group']) retrieved from /home/airflow/.local/lib/python3.7/site-packages/airflow/example_dags/example_task_group.py
[2024-08-05T06:54:54.351+0000] {logging_mixin.py:120} INFO - [2024-08-05T06:54:54.350+0000] {dag.py:2585} INFO - Sync 1 DAGs
[2024-08-05T06:54:54.387+0000] {logging_mixin.py:120} INFO - [2024-08-05T06:54:54.387+0000] {dag.py:3340} INFO - Setting next_dagrun for example_task_group to 2024-08-04T06:54:54.387282+00:00, run_after=2024-08-05T06:54:54.387282+00:00
[2024-08-05T06:54:54.412+0000] {processor.py:176} INFO - Processing /home/airflow/.local/lib/python3.7/site-packages/airflow/example_dags/example_task_group.py took 0.131 seconds
[2024-08-05T06:55:24.660+0000] {processor.py:154} INFO - Started process (PID=6856) to work on /home/airflow/.local/lib/python3.7/site-packages/airflow/example_dags/example_task_group.py
[2024-08-05T06:55:24.661+0000] {processor.py:756} INFO - Processing file /home/airflow/.local/lib/python3.7/site-packages/airflow/example_dags/example_task_group.py for tasks to queue
[2024-08-05T06:55:24.670+0000] {logging_mixin.py:120} INFO - [2024-08-05T06:55:24.670+0000] {dagbag.py:537} INFO - Filling up the DagBag from /home/airflow/.local/lib/python3.7/site-packages/airflow/example_dags/example_task_group.py
[2024-08-05T06:55:24.730+0000] {processor.py:766} INFO - DAG(s) dict_keys(['example_task_group']) retrieved from /home/airflow/.local/lib/python3.7/site-packages/airflow/example_dags/example_task_group.py
[2024-08-05T06:55:24.769+0000] {logging_mixin.py:120} INFO - [2024-08-05T06:55:24.769+0000] {dag.py:2585} INFO - Sync 1 DAGs
[2024-08-05T06:55:24.901+0000] {logging_mixin.py:120} INFO - [2024-08-05T06:55:24.901+0000] {dag.py:3340} INFO - Setting next_dagrun for example_task_group to 2024-08-04T06:55:24.901045+00:00, run_after=2024-08-05T06:55:24.901045+00:00
[2024-08-05T06:55:24.928+0000] {processor.py:176} INFO - Processing /home/airflow/.local/lib/python3.7/site-packages/airflow/example_dags/example_task_group.py took 0.271 seconds
[2024-08-05T06:55:55.736+0000] {processor.py:154} INFO - Started process (PID=6914) to work on /home/airflow/.local/lib/python3.7/site-packages/airflow/example_dags/example_task_group.py
[2024-08-05T06:55:55.737+0000] {processor.py:756} INFO - Processing file /home/airflow/.local/lib/python3.7/site-packages/airflow/example_dags/example_task_group.py for tasks to queue
[2024-08-05T06:55:55.738+0000] {logging_mixin.py:120} INFO - [2024-08-05T06:55:55.738+0000] {dagbag.py:537} INFO - Filling up the DagBag from /home/airflow/.local/lib/python3.7/site-packages/airflow/example_dags/example_task_group.py
[2024-08-05T06:55:55.759+0000] {processor.py:766} INFO - DAG(s) dict_keys(['example_task_group']) retrieved from /home/airflow/.local/lib/python3.7/site-packages/airflow/example_dags/example_task_group.py
[2024-08-05T06:55:55.842+0000] {logging_mixin.py:120} INFO - [2024-08-05T06:55:55.842+0000] {dag.py:2585} INFO - Sync 1 DAGs
[2024-08-05T06:55:55.936+0000] {logging_mixin.py:120} INFO - [2024-08-05T06:55:55.926+0000] {dag.py:3340} INFO - Setting next_dagrun for example_task_group to 2024-08-04T06:55:55.925681+00:00, run_after=2024-08-05T06:55:55.925681+00:00
[2024-08-05T06:55:56.011+0000] {processor.py:176} INFO - Processing /home/airflow/.local/lib/python3.7/site-packages/airflow/example_dags/example_task_group.py took 0.280 seconds
[2024-08-05T06:56:26.290+0000] {processor.py:154} INFO - Started process (PID=6982) to work on /home/airflow/.local/lib/python3.7/site-packages/airflow/example_dags/example_task_group.py
[2024-08-05T06:56:26.292+0000] {processor.py:756} INFO - Processing file /home/airflow/.local/lib/python3.7/site-packages/airflow/example_dags/example_task_group.py for tasks to queue
[2024-08-05T06:56:26.294+0000] {logging_mixin.py:120} INFO - [2024-08-05T06:56:26.294+0000] {dagbag.py:537} INFO - Filling up the DagBag from /home/airflow/.local/lib/python3.7/site-packages/airflow/example_dags/example_task_group.py
[2024-08-05T06:56:26.314+0000] {processor.py:766} INFO - DAG(s) dict_keys(['example_task_group']) retrieved from /home/airflow/.local/lib/python3.7/site-packages/airflow/example_dags/example_task_group.py
[2024-08-05T06:56:26.362+0000] {logging_mixin.py:120} INFO - [2024-08-05T06:56:26.362+0000] {dag.py:2585} INFO - Sync 1 DAGs
[2024-08-05T06:56:26.388+0000] {logging_mixin.py:120} INFO - [2024-08-05T06:56:26.388+0000] {dag.py:3340} INFO - Setting next_dagrun for example_task_group to 2024-08-04T06:56:26.388460+00:00, run_after=2024-08-05T06:56:26.388460+00:00
[2024-08-05T06:56:26.412+0000] {processor.py:176} INFO - Processing /home/airflow/.local/lib/python3.7/site-packages/airflow/example_dags/example_task_group.py took 0.126 seconds
[2024-08-05T06:56:56.803+0000] {processor.py:154} INFO - Started process (PID=7050) to work on /home/airflow/.local/lib/python3.7/site-packages/airflow/example_dags/example_task_group.py
[2024-08-05T06:56:56.804+0000] {processor.py:756} INFO - Processing file /home/airflow/.local/lib/python3.7/site-packages/airflow/example_dags/example_task_group.py for tasks to queue
[2024-08-05T06:56:56.806+0000] {logging_mixin.py:120} INFO - [2024-08-05T06:56:56.806+0000] {dagbag.py:537} INFO - Filling up the DagBag from /home/airflow/.local/lib/python3.7/site-packages/airflow/example_dags/example_task_group.py
[2024-08-05T06:56:56.850+0000] {processor.py:766} INFO - DAG(s) dict_keys(['example_task_group']) retrieved from /home/airflow/.local/lib/python3.7/site-packages/airflow/example_dags/example_task_group.py
[2024-08-05T06:56:56.908+0000] {logging_mixin.py:120} INFO - [2024-08-05T06:56:56.908+0000] {dag.py:2585} INFO - Sync 1 DAGs
[2024-08-05T06:56:56.945+0000] {logging_mixin.py:120} INFO - [2024-08-05T06:56:56.944+0000] {dag.py:3340} INFO - Setting next_dagrun for example_task_group to 2024-08-04T06:56:56.944625+00:00, run_after=2024-08-05T06:56:56.944625+00:00
[2024-08-05T06:56:57.006+0000] {processor.py:176} INFO - Processing /home/airflow/.local/lib/python3.7/site-packages/airflow/example_dags/example_task_group.py took 0.207 seconds
[2024-08-05T06:57:27.416+0000] {processor.py:154} INFO - Started process (PID=7108) to work on /home/airflow/.local/lib/python3.7/site-packages/airflow/example_dags/example_task_group.py
[2024-08-05T06:57:27.417+0000] {processor.py:756} INFO - Processing file /home/airflow/.local/lib/python3.7/site-packages/airflow/example_dags/example_task_group.py for tasks to queue
[2024-08-05T06:57:27.428+0000] {logging_mixin.py:120} INFO - [2024-08-05T06:57:27.428+0000] {dagbag.py:537} INFO - Filling up the DagBag from /home/airflow/.local/lib/python3.7/site-packages/airflow/example_dags/example_task_group.py
[2024-08-05T06:57:27.452+0000] {processor.py:766} INFO - DAG(s) dict_keys(['example_task_group']) retrieved from /home/airflow/.local/lib/python3.7/site-packages/airflow/example_dags/example_task_group.py
[2024-08-05T06:57:27.532+0000] {logging_mixin.py:120} INFO - [2024-08-05T06:57:27.532+0000] {dag.py:2585} INFO - Sync 1 DAGs
[2024-08-05T06:57:27.570+0000] {logging_mixin.py:120} INFO - [2024-08-05T06:57:27.570+0000] {dag.py:3340} INFO - Setting next_dagrun for example_task_group to 2024-08-04T06:57:27.569904+00:00, run_after=2024-08-05T06:57:27.569904+00:00
[2024-08-05T06:57:27.598+0000] {processor.py:176} INFO - Processing /home/airflow/.local/lib/python3.7/site-packages/airflow/example_dags/example_task_group.py took 0.186 seconds
[2024-08-05T06:57:58.926+0000] {processor.py:154} INFO - Started process (PID=7176) to work on /home/airflow/.local/lib/python3.7/site-packages/airflow/example_dags/example_task_group.py
[2024-08-05T06:57:58.928+0000] {processor.py:756} INFO - Processing file /home/airflow/.local/lib/python3.7/site-packages/airflow/example_dags/example_task_group.py for tasks to queue
[2024-08-05T06:57:58.929+0000] {logging_mixin.py:120} INFO - [2024-08-05T06:57:58.929+0000] {dagbag.py:537} INFO - Filling up the DagBag from /home/airflow/.local/lib/python3.7/site-packages/airflow/example_dags/example_task_group.py
[2024-08-05T06:57:58.949+0000] {processor.py:766} INFO - DAG(s) dict_keys(['example_task_group']) retrieved from /home/airflow/.local/lib/python3.7/site-packages/airflow/example_dags/example_task_group.py
[2024-08-05T06:57:59.010+0000] {logging_mixin.py:120} INFO - [2024-08-05T06:57:59.010+0000] {dag.py:2585} INFO - Sync 1 DAGs
[2024-08-05T06:57:59.099+0000] {logging_mixin.py:120} INFO - [2024-08-05T06:57:59.099+0000] {dag.py:3340} INFO - Setting next_dagrun for example_task_group to 2024-08-04T06:57:59.098920+00:00, run_after=2024-08-05T06:57:59.098920+00:00
[2024-08-05T06:57:59.185+0000] {processor.py:176} INFO - Processing /home/airflow/.local/lib/python3.7/site-packages/airflow/example_dags/example_task_group.py took 0.263 seconds
[2024-08-05T06:58:30.381+0000] {processor.py:154} INFO - Started process (PID=7243) to work on /home/airflow/.local/lib/python3.7/site-packages/airflow/example_dags/example_task_group.py
[2024-08-05T06:58:30.383+0000] {processor.py:756} INFO - Processing file /home/airflow/.local/lib/python3.7/site-packages/airflow/example_dags/example_task_group.py for tasks to queue
[2024-08-05T06:58:30.385+0000] {logging_mixin.py:120} INFO - [2024-08-05T06:58:30.384+0000] {dagbag.py:537} INFO - Filling up the DagBag from /home/airflow/.local/lib/python3.7/site-packages/airflow/example_dags/example_task_group.py
[2024-08-05T06:58:30.416+0000] {processor.py:766} INFO - DAG(s) dict_keys(['example_task_group']) retrieved from /home/airflow/.local/lib/python3.7/site-packages/airflow/example_dags/example_task_group.py
[2024-08-05T06:58:30.496+0000] {logging_mixin.py:120} INFO - [2024-08-05T06:58:30.495+0000] {dag.py:2585} INFO - Sync 1 DAGs
[2024-08-05T06:58:30.546+0000] {logging_mixin.py:120} INFO - [2024-08-05T06:58:30.545+0000] {dag.py:3340} INFO - Setting next_dagrun for example_task_group to 2024-08-04T06:58:30.545294+00:00, run_after=2024-08-05T06:58:30.545294+00:00
[2024-08-05T06:58:30.586+0000] {processor.py:176} INFO - Processing /home/airflow/.local/lib/python3.7/site-packages/airflow/example_dags/example_task_group.py took 0.214 seconds
[2024-08-05T06:59:01.237+0000] {processor.py:154} INFO - Started process (PID=7301) to work on /home/airflow/.local/lib/python3.7/site-packages/airflow/example_dags/example_task_group.py
[2024-08-05T06:59:01.267+0000] {processor.py:756} INFO - Processing file /home/airflow/.local/lib/python3.7/site-packages/airflow/example_dags/example_task_group.py for tasks to queue
[2024-08-05T06:59:01.270+0000] {logging_mixin.py:120} INFO - [2024-08-05T06:59:01.269+0000] {dagbag.py:537} INFO - Filling up the DagBag from /home/airflow/.local/lib/python3.7/site-packages/airflow/example_dags/example_task_group.py
[2024-08-05T06:59:01.322+0000] {processor.py:766} INFO - DAG(s) dict_keys(['example_task_group']) retrieved from /home/airflow/.local/lib/python3.7/site-packages/airflow/example_dags/example_task_group.py
[2024-08-05T06:59:01.560+0000] {logging_mixin.py:120} INFO - [2024-08-05T06:59:01.560+0000] {dag.py:2585} INFO - Sync 1 DAGs
[2024-08-05T06:59:01.617+0000] {logging_mixin.py:120} INFO - [2024-08-05T06:59:01.616+0000] {dag.py:3340} INFO - Setting next_dagrun for example_task_group to 2024-08-04T06:59:01.616701+00:00, run_after=2024-08-05T06:59:01.616701+00:00
[2024-08-05T06:59:01.735+0000] {processor.py:176} INFO - Processing /home/airflow/.local/lib/python3.7/site-packages/airflow/example_dags/example_task_group.py took 0.501 seconds
[2024-08-05T06:59:32.722+0000] {processor.py:154} INFO - Started process (PID=7368) to work on /home/airflow/.local/lib/python3.7/site-packages/airflow/example_dags/example_task_group.py
[2024-08-05T06:59:32.723+0000] {processor.py:756} INFO - Processing file /home/airflow/.local/lib/python3.7/site-packages/airflow/example_dags/example_task_group.py for tasks to queue
[2024-08-05T06:59:32.724+0000] {logging_mixin.py:120} INFO - [2024-08-05T06:59:32.724+0000] {dagbag.py:537} INFO - Filling up the DagBag from /home/airflow/.local/lib/python3.7/site-packages/airflow/example_dags/example_task_group.py
[2024-08-05T06:59:32.743+0000] {processor.py:766} INFO - DAG(s) dict_keys(['example_task_group']) retrieved from /home/airflow/.local/lib/python3.7/site-packages/airflow/example_dags/example_task_group.py
[2024-08-05T06:59:32.787+0000] {logging_mixin.py:120} INFO - [2024-08-05T06:59:32.787+0000] {dag.py:2585} INFO - Sync 1 DAGs
[2024-08-05T06:59:32.835+0000] {logging_mixin.py:120} INFO - [2024-08-05T06:59:32.835+0000] {dag.py:3340} INFO - Setting next_dagrun for example_task_group to 2024-08-04T06:59:32.835295+00:00, run_after=2024-08-05T06:59:32.835295+00:00
[2024-08-05T06:59:32.862+0000] {processor.py:176} INFO - Processing /home/airflow/.local/lib/python3.7/site-packages/airflow/example_dags/example_task_group.py took 0.144 seconds
[2024-08-05T07:00:03.024+0000] {processor.py:154} INFO - Started process (PID=7426) to work on /home/airflow/.local/lib/python3.7/site-packages/airflow/example_dags/example_task_group.py
[2024-08-05T07:00:03.026+0000] {processor.py:756} INFO - Processing file /home/airflow/.local/lib/python3.7/site-packages/airflow/example_dags/example_task_group.py for tasks to queue
[2024-08-05T07:00:03.028+0000] {logging_mixin.py:120} INFO - [2024-08-05T07:00:03.027+0000] {dagbag.py:537} INFO - Filling up the DagBag from /home/airflow/.local/lib/python3.7/site-packages/airflow/example_dags/example_task_group.py
[2024-08-05T07:00:03.052+0000] {processor.py:766} INFO - DAG(s) dict_keys(['example_task_group']) retrieved from /home/airflow/.local/lib/python3.7/site-packages/airflow/example_dags/example_task_group.py
[2024-08-05T07:00:03.113+0000] {logging_mixin.py:120} INFO - [2024-08-05T07:00:03.113+0000] {dag.py:2585} INFO - Sync 1 DAGs
[2024-08-05T07:00:03.147+0000] {logging_mixin.py:120} INFO - [2024-08-05T07:00:03.146+0000] {dag.py:3340} INFO - Setting next_dagrun for example_task_group to 2024-08-04T07:00:03.146553+00:00, run_after=2024-08-05T07:00:03.146553+00:00
[2024-08-05T07:00:03.182+0000] {processor.py:176} INFO - Processing /home/airflow/.local/lib/python3.7/site-packages/airflow/example_dags/example_task_group.py took 0.162 seconds
[2024-08-05T07:00:33.747+0000] {processor.py:154} INFO - Started process (PID=7492) to work on /home/airflow/.local/lib/python3.7/site-packages/airflow/example_dags/example_task_group.py
[2024-08-05T07:00:33.749+0000] {processor.py:756} INFO - Processing file /home/airflow/.local/lib/python3.7/site-packages/airflow/example_dags/example_task_group.py for tasks to queue
[2024-08-05T07:00:33.754+0000] {logging_mixin.py:120} INFO - [2024-08-05T07:00:33.753+0000] {dagbag.py:537} INFO - Filling up the DagBag from /home/airflow/.local/lib/python3.7/site-packages/airflow/example_dags/example_task_group.py
[2024-08-05T07:00:33.783+0000] {processor.py:766} INFO - DAG(s) dict_keys(['example_task_group']) retrieved from /home/airflow/.local/lib/python3.7/site-packages/airflow/example_dags/example_task_group.py
[2024-08-05T07:00:33.876+0000] {logging_mixin.py:120} INFO - [2024-08-05T07:00:33.876+0000] {dag.py:2585} INFO - Sync 1 DAGs
[2024-08-05T07:00:33.906+0000] {logging_mixin.py:120} INFO - [2024-08-05T07:00:33.906+0000] {dag.py:3340} INFO - Setting next_dagrun for example_task_group to 2024-08-04T07:00:33.906234+00:00, run_after=2024-08-05T07:00:33.906234+00:00
[2024-08-05T07:00:33.939+0000] {processor.py:176} INFO - Processing /home/airflow/.local/lib/python3.7/site-packages/airflow/example_dags/example_task_group.py took 0.196 seconds
[2024-08-05T07:01:04.680+0000] {processor.py:154} INFO - Started process (PID=7559) to work on /home/airflow/.local/lib/python3.7/site-packages/airflow/example_dags/example_task_group.py
[2024-08-05T07:01:04.681+0000] {processor.py:756} INFO - Processing file /home/airflow/.local/lib/python3.7/site-packages/airflow/example_dags/example_task_group.py for tasks to queue
[2024-08-05T07:01:04.684+0000] {logging_mixin.py:120} INFO - [2024-08-05T07:01:04.683+0000] {dagbag.py:537} INFO - Filling up the DagBag from /home/airflow/.local/lib/python3.7/site-packages/airflow/example_dags/example_task_group.py
[2024-08-05T07:01:04.714+0000] {processor.py:766} INFO - DAG(s) dict_keys(['example_task_group']) retrieved from /home/airflow/.local/lib/python3.7/site-packages/airflow/example_dags/example_task_group.py
[2024-08-05T07:01:04.770+0000] {logging_mixin.py:120} INFO - [2024-08-05T07:01:04.770+0000] {dag.py:2585} INFO - Sync 1 DAGs
[2024-08-05T07:01:04.798+0000] {logging_mixin.py:120} INFO - [2024-08-05T07:01:04.798+0000] {dag.py:3340} INFO - Setting next_dagrun for example_task_group to 2024-08-04T07:01:04.798088+00:00, run_after=2024-08-05T07:01:04.798088+00:00
[2024-08-05T07:01:04.824+0000] {processor.py:176} INFO - Processing /home/airflow/.local/lib/python3.7/site-packages/airflow/example_dags/example_task_group.py took 0.148 seconds
[2024-08-05T07:01:35.605+0000] {processor.py:154} INFO - Started process (PID=7617) to work on /home/airflow/.local/lib/python3.7/site-packages/airflow/example_dags/example_task_group.py
[2024-08-05T07:01:35.607+0000] {processor.py:756} INFO - Processing file /home/airflow/.local/lib/python3.7/site-packages/airflow/example_dags/example_task_group.py for tasks to queue
[2024-08-05T07:01:35.609+0000] {logging_mixin.py:120} INFO - [2024-08-05T07:01:35.608+0000] {dagbag.py:537} INFO - Filling up the DagBag from /home/airflow/.local/lib/python3.7/site-packages/airflow/example_dags/example_task_group.py
[2024-08-05T07:01:35.630+0000] {processor.py:766} INFO - DAG(s) dict_keys(['example_task_group']) retrieved from /home/airflow/.local/lib/python3.7/site-packages/airflow/example_dags/example_task_group.py
[2024-08-05T07:01:35.680+0000] {logging_mixin.py:120} INFO - [2024-08-05T07:01:35.679+0000] {dag.py:2585} INFO - Sync 1 DAGs
[2024-08-05T07:01:35.713+0000] {logging_mixin.py:120} INFO - [2024-08-05T07:01:35.713+0000] {dag.py:3340} INFO - Setting next_dagrun for example_task_group to 2024-08-04T07:01:35.713484+00:00, run_after=2024-08-05T07:01:35.713484+00:00
[2024-08-05T07:01:35.739+0000] {processor.py:176} INFO - Processing /home/airflow/.local/lib/python3.7/site-packages/airflow/example_dags/example_task_group.py took 0.140 seconds
[2024-08-05T07:02:07.012+0000] {processor.py:154} INFO - Started process (PID=7684) to work on /home/airflow/.local/lib/python3.7/site-packages/airflow/example_dags/example_task_group.py
[2024-08-05T07:02:07.076+0000] {processor.py:756} INFO - Processing file /home/airflow/.local/lib/python3.7/site-packages/airflow/example_dags/example_task_group.py for tasks to queue
[2024-08-05T07:02:07.133+0000] {logging_mixin.py:120} INFO - [2024-08-05T07:02:07.132+0000] {dagbag.py:537} INFO - Filling up the DagBag from /home/airflow/.local/lib/python3.7/site-packages/airflow/example_dags/example_task_group.py
[2024-08-05T07:02:07.182+0000] {processor.py:766} INFO - DAG(s) dict_keys(['example_task_group']) retrieved from /home/airflow/.local/lib/python3.7/site-packages/airflow/example_dags/example_task_group.py
[2024-08-05T07:02:07.232+0000] {logging_mixin.py:120} INFO - [2024-08-05T07:02:07.232+0000] {dag.py:2585} INFO - Sync 1 DAGs
[2024-08-05T07:02:07.264+0000] {logging_mixin.py:120} INFO - [2024-08-05T07:02:07.264+0000] {dag.py:3340} INFO - Setting next_dagrun for example_task_group to 2024-08-04T07:02:07.264428+00:00, run_after=2024-08-05T07:02:07.264428+00:00
[2024-08-05T07:02:07.383+0000] {processor.py:176} INFO - Processing /home/airflow/.local/lib/python3.7/site-packages/airflow/example_dags/example_task_group.py took 0.376 seconds
[2024-08-05T07:02:38.895+0000] {processor.py:154} INFO - Started process (PID=7741) to work on /home/airflow/.local/lib/python3.7/site-packages/airflow/example_dags/example_task_group.py
[2024-08-05T07:02:38.989+0000] {processor.py:756} INFO - Processing file /home/airflow/.local/lib/python3.7/site-packages/airflow/example_dags/example_task_group.py for tasks to queue
[2024-08-05T07:02:38.999+0000] {logging_mixin.py:120} INFO - [2024-08-05T07:02:38.998+0000] {dagbag.py:537} INFO - Filling up the DagBag from /home/airflow/.local/lib/python3.7/site-packages/airflow/example_dags/example_task_group.py
[2024-08-05T07:02:39.044+0000] {processor.py:766} INFO - DAG(s) dict_keys(['example_task_group']) retrieved from /home/airflow/.local/lib/python3.7/site-packages/airflow/example_dags/example_task_group.py
[2024-08-05T07:02:39.305+0000] {logging_mixin.py:120} INFO - [2024-08-05T07:02:39.305+0000] {dag.py:2585} INFO - Sync 1 DAGs
[2024-08-05T07:02:39.667+0000] {logging_mixin.py:120} INFO - [2024-08-05T07:02:39.667+0000] {dag.py:3340} INFO - Setting next_dagrun for example_task_group to 2024-08-04T07:02:39.667288+00:00, run_after=2024-08-05T07:02:39.667288+00:00
[2024-08-05T07:02:39.840+0000] {processor.py:176} INFO - Processing /home/airflow/.local/lib/python3.7/site-packages/airflow/example_dags/example_task_group.py took 0.948 seconds
[2024-08-05T07:03:10.367+0000] {processor.py:154} INFO - Started process (PID=7807) to work on /home/airflow/.local/lib/python3.7/site-packages/airflow/example_dags/example_task_group.py
[2024-08-05T07:03:10.397+0000] {processor.py:756} INFO - Processing file /home/airflow/.local/lib/python3.7/site-packages/airflow/example_dags/example_task_group.py for tasks to queue
[2024-08-05T07:03:10.456+0000] {logging_mixin.py:120} INFO - [2024-08-05T07:03:10.456+0000] {dagbag.py:537} INFO - Filling up the DagBag from /home/airflow/.local/lib/python3.7/site-packages/airflow/example_dags/example_task_group.py
[2024-08-05T07:03:10.490+0000] {processor.py:766} INFO - DAG(s) dict_keys(['example_task_group']) retrieved from /home/airflow/.local/lib/python3.7/site-packages/airflow/example_dags/example_task_group.py
[2024-08-05T07:03:10.540+0000] {logging_mixin.py:120} INFO - [2024-08-05T07:03:10.540+0000] {dag.py:2585} INFO - Sync 1 DAGs
[2024-08-05T07:03:10.578+0000] {logging_mixin.py:120} INFO - [2024-08-05T07:03:10.578+0000] {dag.py:3340} INFO - Setting next_dagrun for example_task_group to 2024-08-04T07:03:10.578089+00:00, run_after=2024-08-05T07:03:10.578089+00:00
[2024-08-05T07:03:10.612+0000] {processor.py:176} INFO - Processing /home/airflow/.local/lib/python3.7/site-packages/airflow/example_dags/example_task_group.py took 0.251 seconds
[2024-08-05T07:03:40.885+0000] {processor.py:154} INFO - Started process (PID=7874) to work on /home/airflow/.local/lib/python3.7/site-packages/airflow/example_dags/example_task_group.py
[2024-08-05T07:03:40.887+0000] {processor.py:756} INFO - Processing file /home/airflow/.local/lib/python3.7/site-packages/airflow/example_dags/example_task_group.py for tasks to queue
[2024-08-05T07:03:40.889+0000] {logging_mixin.py:120} INFO - [2024-08-05T07:03:40.889+0000] {dagbag.py:537} INFO - Filling up the DagBag from /home/airflow/.local/lib/python3.7/site-packages/airflow/example_dags/example_task_group.py
[2024-08-05T07:03:40.913+0000] {processor.py:766} INFO - DAG(s) dict_keys(['example_task_group']) retrieved from /home/airflow/.local/lib/python3.7/site-packages/airflow/example_dags/example_task_group.py
[2024-08-05T07:03:40.977+0000] {logging_mixin.py:120} INFO - [2024-08-05T07:03:40.976+0000] {dag.py:2585} INFO - Sync 1 DAGs
[2024-08-05T07:03:41.025+0000] {logging_mixin.py:120} INFO - [2024-08-05T07:03:41.025+0000] {dag.py:3340} INFO - Setting next_dagrun for example_task_group to 2024-08-04T07:03:41.024745+00:00, run_after=2024-08-05T07:03:41.024745+00:00
[2024-08-05T07:03:41.080+0000] {processor.py:176} INFO - Processing /home/airflow/.local/lib/python3.7/site-packages/airflow/example_dags/example_task_group.py took 0.199 seconds
[2024-08-05T07:04:11.373+0000] {processor.py:154} INFO - Started process (PID=7932) to work on /home/airflow/.local/lib/python3.7/site-packages/airflow/example_dags/example_task_group.py
[2024-08-05T07:04:11.376+0000] {processor.py:756} INFO - Processing file /home/airflow/.local/lib/python3.7/site-packages/airflow/example_dags/example_task_group.py for tasks to queue
[2024-08-05T07:04:11.377+0000] {logging_mixin.py:120} INFO - [2024-08-05T07:04:11.377+0000] {dagbag.py:537} INFO - Filling up the DagBag from /home/airflow/.local/lib/python3.7/site-packages/airflow/example_dags/example_task_group.py
[2024-08-05T07:04:11.396+0000] {processor.py:766} INFO - DAG(s) dict_keys(['example_task_group']) retrieved from /home/airflow/.local/lib/python3.7/site-packages/airflow/example_dags/example_task_group.py
[2024-08-05T07:04:11.443+0000] {logging_mixin.py:120} INFO - [2024-08-05T07:04:11.442+0000] {dag.py:2585} INFO - Sync 1 DAGs
[2024-08-05T07:04:11.540+0000] {logging_mixin.py:120} INFO - [2024-08-05T07:04:11.540+0000] {dag.py:3340} INFO - Setting next_dagrun for example_task_group to 2024-08-04T07:04:11.540253+00:00, run_after=2024-08-05T07:04:11.540253+00:00
[2024-08-05T07:04:11.610+0000] {processor.py:176} INFO - Processing /home/airflow/.local/lib/python3.7/site-packages/airflow/example_dags/example_task_group.py took 0.242 seconds
[2024-08-05T07:04:41.710+0000] {processor.py:154} INFO - Started process (PID=7998) to work on /home/airflow/.local/lib/python3.7/site-packages/airflow/example_dags/example_task_group.py
[2024-08-05T07:04:41.711+0000] {processor.py:756} INFO - Processing file /home/airflow/.local/lib/python3.7/site-packages/airflow/example_dags/example_task_group.py for tasks to queue
[2024-08-05T07:04:41.713+0000] {logging_mixin.py:120} INFO - [2024-08-05T07:04:41.712+0000] {dagbag.py:537} INFO - Filling up the DagBag from /home/airflow/.local/lib/python3.7/site-packages/airflow/example_dags/example_task_group.py
[2024-08-05T07:04:41.728+0000] {processor.py:766} INFO - DAG(s) dict_keys(['example_task_group']) retrieved from /home/airflow/.local/lib/python3.7/site-packages/airflow/example_dags/example_task_group.py
[2024-08-05T07:04:41.770+0000] {logging_mixin.py:120} INFO - [2024-08-05T07:04:41.770+0000] {dag.py:2585} INFO - Sync 1 DAGs
[2024-08-05T07:04:41.800+0000] {logging_mixin.py:120} INFO - [2024-08-05T07:04:41.800+0000] {dag.py:3340} INFO - Setting next_dagrun for example_task_group to 2024-08-04T07:04:41.800273+00:00, run_after=2024-08-05T07:04:41.800273+00:00
[2024-08-05T07:04:41.828+0000] {processor.py:176} INFO - Processing /home/airflow/.local/lib/python3.7/site-packages/airflow/example_dags/example_task_group.py took 0.121 seconds
[2024-08-05T07:05:11.916+0000] {processor.py:154} INFO - Started process (PID=8056) to work on /home/airflow/.local/lib/python3.7/site-packages/airflow/example_dags/example_task_group.py
[2024-08-05T07:05:11.917+0000] {processor.py:756} INFO - Processing file /home/airflow/.local/lib/python3.7/site-packages/airflow/example_dags/example_task_group.py for tasks to queue
[2024-08-05T07:05:11.918+0000] {logging_mixin.py:120} INFO - [2024-08-05T07:05:11.918+0000] {dagbag.py:537} INFO - Filling up the DagBag from /home/airflow/.local/lib/python3.7/site-packages/airflow/example_dags/example_task_group.py
[2024-08-05T07:05:11.934+0000] {processor.py:766} INFO - DAG(s) dict_keys(['example_task_group']) retrieved from /home/airflow/.local/lib/python3.7/site-packages/airflow/example_dags/example_task_group.py
[2024-08-05T07:05:11.974+0000] {logging_mixin.py:120} INFO - [2024-08-05T07:05:11.974+0000] {dag.py:2585} INFO - Sync 1 DAGs
[2024-08-05T07:05:12.001+0000] {logging_mixin.py:120} INFO - [2024-08-05T07:05:12.001+0000] {dag.py:3340} INFO - Setting next_dagrun for example_task_group to 2024-08-04T07:05:12.001387+00:00, run_after=2024-08-05T07:05:12.001387+00:00
[2024-08-05T07:05:12.033+0000] {processor.py:176} INFO - Processing /home/airflow/.local/lib/python3.7/site-packages/airflow/example_dags/example_task_group.py took 0.121 seconds
[2024-08-05T07:05:42.253+0000] {processor.py:154} INFO - Started process (PID=8123) to work on /home/airflow/.local/lib/python3.7/site-packages/airflow/example_dags/example_task_group.py
[2024-08-05T07:05:42.258+0000] {processor.py:756} INFO - Processing file /home/airflow/.local/lib/python3.7/site-packages/airflow/example_dags/example_task_group.py for tasks to queue
[2024-08-05T07:05:42.317+0000] {logging_mixin.py:120} INFO - [2024-08-05T07:05:42.316+0000] {dagbag.py:537} INFO - Filling up the DagBag from /home/airflow/.local/lib/python3.7/site-packages/airflow/example_dags/example_task_group.py
[2024-08-05T07:05:42.409+0000] {processor.py:766} INFO - DAG(s) dict_keys(['example_task_group']) retrieved from /home/airflow/.local/lib/python3.7/site-packages/airflow/example_dags/example_task_group.py
[2024-08-05T07:05:42.526+0000] {logging_mixin.py:120} INFO - [2024-08-05T07:05:42.526+0000] {dag.py:2585} INFO - Sync 1 DAGs
[2024-08-05T07:05:42.584+0000] {logging_mixin.py:120} INFO - [2024-08-05T07:05:42.583+0000] {dag.py:3340} INFO - Setting next_dagrun for example_task_group to 2024-08-04T07:05:42.583621+00:00, run_after=2024-08-05T07:05:42.583621+00:00
[2024-08-05T07:05:42.700+0000] {processor.py:176} INFO - Processing /home/airflow/.local/lib/python3.7/site-packages/airflow/example_dags/example_task_group.py took 0.451 seconds
[2024-08-05T07:06:13.878+0000] {processor.py:154} INFO - Started process (PID=8188) to work on /home/airflow/.local/lib/python3.7/site-packages/airflow/example_dags/example_task_group.py
[2024-08-05T07:06:13.880+0000] {processor.py:756} INFO - Processing file /home/airflow/.local/lib/python3.7/site-packages/airflow/example_dags/example_task_group.py for tasks to queue
[2024-08-05T07:06:13.881+0000] {logging_mixin.py:120} INFO - [2024-08-05T07:06:13.881+0000] {dagbag.py:537} INFO - Filling up the DagBag from /home/airflow/.local/lib/python3.7/site-packages/airflow/example_dags/example_task_group.py
[2024-08-05T07:06:13.905+0000] {processor.py:766} INFO - DAG(s) dict_keys(['example_task_group']) retrieved from /home/airflow/.local/lib/python3.7/site-packages/airflow/example_dags/example_task_group.py
[2024-08-05T07:06:13.966+0000] {logging_mixin.py:120} INFO - [2024-08-05T07:06:13.966+0000] {dag.py:2585} INFO - Sync 1 DAGs
[2024-08-05T07:06:14.023+0000] {logging_mixin.py:120} INFO - [2024-08-05T07:06:14.023+0000] {dag.py:3340} INFO - Setting next_dagrun for example_task_group to 2024-08-04T07:06:14.023310+00:00, run_after=2024-08-05T07:06:14.023310+00:00
[2024-08-05T07:06:14.065+0000] {processor.py:176} INFO - Processing /home/airflow/.local/lib/python3.7/site-packages/airflow/example_dags/example_task_group.py took 0.192 seconds
[2024-08-05T07:06:44.187+0000] {processor.py:154} INFO - Started process (PID=8246) to work on /home/airflow/.local/lib/python3.7/site-packages/airflow/example_dags/example_task_group.py
[2024-08-05T07:06:44.189+0000] {processor.py:756} INFO - Processing file /home/airflow/.local/lib/python3.7/site-packages/airflow/example_dags/example_task_group.py for tasks to queue
[2024-08-05T07:06:44.191+0000] {logging_mixin.py:120} INFO - [2024-08-05T07:06:44.191+0000] {dagbag.py:537} INFO - Filling up the DagBag from /home/airflow/.local/lib/python3.7/site-packages/airflow/example_dags/example_task_group.py
[2024-08-05T07:06:44.211+0000] {processor.py:766} INFO - DAG(s) dict_keys(['example_task_group']) retrieved from /home/airflow/.local/lib/python3.7/site-packages/airflow/example_dags/example_task_group.py
[2024-08-05T07:06:44.275+0000] {logging_mixin.py:120} INFO - [2024-08-05T07:06:44.274+0000] {dag.py:2585} INFO - Sync 1 DAGs
[2024-08-05T07:06:44.313+0000] {logging_mixin.py:120} INFO - [2024-08-05T07:06:44.313+0000] {dag.py:3340} INFO - Setting next_dagrun for example_task_group to 2024-08-04T07:06:44.313269+00:00, run_after=2024-08-05T07:06:44.313269+00:00
[2024-08-05T07:06:44.346+0000] {processor.py:176} INFO - Processing /home/airflow/.local/lib/python3.7/site-packages/airflow/example_dags/example_task_group.py took 0.163 seconds
[2024-08-05T07:07:15.240+0000] {processor.py:154} INFO - Started process (PID=8312) to work on /home/airflow/.local/lib/python3.7/site-packages/airflow/example_dags/example_task_group.py
[2024-08-05T07:07:15.242+0000] {processor.py:756} INFO - Processing file /home/airflow/.local/lib/python3.7/site-packages/airflow/example_dags/example_task_group.py for tasks to queue
[2024-08-05T07:07:15.251+0000] {logging_mixin.py:120} INFO - [2024-08-05T07:07:15.250+0000] {dagbag.py:537} INFO - Filling up the DagBag from /home/airflow/.local/lib/python3.7/site-packages/airflow/example_dags/example_task_group.py
[2024-08-05T07:07:15.287+0000] {processor.py:766} INFO - DAG(s) dict_keys(['example_task_group']) retrieved from /home/airflow/.local/lib/python3.7/site-packages/airflow/example_dags/example_task_group.py
[2024-08-05T07:07:15.369+0000] {logging_mixin.py:120} INFO - [2024-08-05T07:07:15.368+0000] {dag.py:2585} INFO - Sync 1 DAGs
[2024-08-05T07:07:15.411+0000] {logging_mixin.py:120} INFO - [2024-08-05T07:07:15.411+0000] {dag.py:3340} INFO - Setting next_dagrun for example_task_group to 2024-08-04T07:07:15.410828+00:00, run_after=2024-08-05T07:07:15.410828+00:00
[2024-08-05T07:07:15.458+0000] {processor.py:176} INFO - Processing /home/airflow/.local/lib/python3.7/site-packages/airflow/example_dags/example_task_group.py took 0.224 seconds
[2024-08-05T07:07:45.624+0000] {processor.py:154} INFO - Started process (PID=8370) to work on /home/airflow/.local/lib/python3.7/site-packages/airflow/example_dags/example_task_group.py
[2024-08-05T07:07:45.625+0000] {processor.py:756} INFO - Processing file /home/airflow/.local/lib/python3.7/site-packages/airflow/example_dags/example_task_group.py for tasks to queue
[2024-08-05T07:07:45.626+0000] {logging_mixin.py:120} INFO - [2024-08-05T07:07:45.626+0000] {dagbag.py:537} INFO - Filling up the DagBag from /home/airflow/.local/lib/python3.7/site-packages/airflow/example_dags/example_task_group.py
[2024-08-05T07:07:45.642+0000] {processor.py:766} INFO - DAG(s) dict_keys(['example_task_group']) retrieved from /home/airflow/.local/lib/python3.7/site-packages/airflow/example_dags/example_task_group.py
[2024-08-05T07:07:45.690+0000] {logging_mixin.py:120} INFO - [2024-08-05T07:07:45.690+0000] {dag.py:2585} INFO - Sync 1 DAGs
[2024-08-05T07:07:45.775+0000] {logging_mixin.py:120} INFO - [2024-08-05T07:07:45.775+0000] {dag.py:3340} INFO - Setting next_dagrun for example_task_group to 2024-08-04T07:07:45.775542+00:00, run_after=2024-08-05T07:07:45.775542+00:00
[2024-08-05T07:07:45.819+0000] {processor.py:176} INFO - Processing /home/airflow/.local/lib/python3.7/site-packages/airflow/example_dags/example_task_group.py took 0.199 seconds
[2024-08-05T07:08:16.754+0000] {processor.py:154} INFO - Started process (PID=8436) to work on /home/airflow/.local/lib/python3.7/site-packages/airflow/example_dags/example_task_group.py
[2024-08-05T07:08:16.756+0000] {processor.py:756} INFO - Processing file /home/airflow/.local/lib/python3.7/site-packages/airflow/example_dags/example_task_group.py for tasks to queue
[2024-08-05T07:08:16.757+0000] {logging_mixin.py:120} INFO - [2024-08-05T07:08:16.757+0000] {dagbag.py:537} INFO - Filling up the DagBag from /home/airflow/.local/lib/python3.7/site-packages/airflow/example_dags/example_task_group.py
[2024-08-05T07:08:16.782+0000] {processor.py:766} INFO - DAG(s) dict_keys(['example_task_group']) retrieved from /home/airflow/.local/lib/python3.7/site-packages/airflow/example_dags/example_task_group.py
[2024-08-05T07:08:16.844+0000] {logging_mixin.py:120} INFO - [2024-08-05T07:08:16.843+0000] {dag.py:2585} INFO - Sync 1 DAGs
[2024-08-05T07:08:16.960+0000] {logging_mixin.py:120} INFO - [2024-08-05T07:08:16.959+0000] {dag.py:3340} INFO - Setting next_dagrun for example_task_group to 2024-08-04T07:08:16.959481+00:00, run_after=2024-08-05T07:08:16.959481+00:00
[2024-08-05T07:08:17.138+0000] {processor.py:176} INFO - Processing /home/airflow/.local/lib/python3.7/site-packages/airflow/example_dags/example_task_group.py took 0.387 seconds
[2024-08-05T07:08:47.326+0000] {processor.py:154} INFO - Started process (PID=8494) to work on /home/airflow/.local/lib/python3.7/site-packages/airflow/example_dags/example_task_group.py
[2024-08-05T07:08:47.328+0000] {processor.py:756} INFO - Processing file /home/airflow/.local/lib/python3.7/site-packages/airflow/example_dags/example_task_group.py for tasks to queue
[2024-08-05T07:08:47.329+0000] {logging_mixin.py:120} INFO - [2024-08-05T07:08:47.329+0000] {dagbag.py:537} INFO - Filling up the DagBag from /home/airflow/.local/lib/python3.7/site-packages/airflow/example_dags/example_task_group.py
[2024-08-05T07:08:47.348+0000] {processor.py:766} INFO - DAG(s) dict_keys(['example_task_group']) retrieved from /home/airflow/.local/lib/python3.7/site-packages/airflow/example_dags/example_task_group.py
[2024-08-05T07:08:47.390+0000] {logging_mixin.py:120} INFO - [2024-08-05T07:08:47.390+0000] {dag.py:2585} INFO - Sync 1 DAGs
[2024-08-05T07:08:47.421+0000] {logging_mixin.py:120} INFO - [2024-08-05T07:08:47.421+0000] {dag.py:3340} INFO - Setting next_dagrun for example_task_group to 2024-08-04T07:08:47.421497+00:00, run_after=2024-08-05T07:08:47.421497+00:00
[2024-08-05T07:08:47.448+0000] {processor.py:176} INFO - Processing /home/airflow/.local/lib/python3.7/site-packages/airflow/example_dags/example_task_group.py took 0.125 seconds
[2024-08-05T07:09:17.646+0000] {processor.py:154} INFO - Started process (PID=8570) to work on /home/airflow/.local/lib/python3.7/site-packages/airflow/example_dags/example_task_group.py
[2024-08-05T07:09:17.659+0000] {processor.py:756} INFO - Processing file /home/airflow/.local/lib/python3.7/site-packages/airflow/example_dags/example_task_group.py for tasks to queue
[2024-08-05T07:09:17.661+0000] {logging_mixin.py:120} INFO - [2024-08-05T07:09:17.661+0000] {dagbag.py:537} INFO - Filling up the DagBag from /home/airflow/.local/lib/python3.7/site-packages/airflow/example_dags/example_task_group.py
[2024-08-05T07:09:17.681+0000] {processor.py:766} INFO - DAG(s) dict_keys(['example_task_group']) retrieved from /home/airflow/.local/lib/python3.7/site-packages/airflow/example_dags/example_task_group.py
[2024-08-05T07:09:17.737+0000] {logging_mixin.py:120} INFO - [2024-08-05T07:09:17.736+0000] {dag.py:2585} INFO - Sync 1 DAGs
[2024-08-05T07:09:17.784+0000] {logging_mixin.py:120} INFO - [2024-08-05T07:09:17.784+0000] {dag.py:3340} INFO - Setting next_dagrun for example_task_group to 2024-08-04T07:09:17.783864+00:00, run_after=2024-08-05T07:09:17.783864+00:00
[2024-08-05T07:09:17.825+0000] {processor.py:176} INFO - Processing /home/airflow/.local/lib/python3.7/site-packages/airflow/example_dags/example_task_group.py took 0.185 seconds
[2024-08-05T07:09:48.078+0000] {processor.py:154} INFO - Started process (PID=8637) to work on /home/airflow/.local/lib/python3.7/site-packages/airflow/example_dags/example_task_group.py
[2024-08-05T07:09:48.080+0000] {processor.py:756} INFO - Processing file /home/airflow/.local/lib/python3.7/site-packages/airflow/example_dags/example_task_group.py for tasks to queue
[2024-08-05T07:09:48.080+0000] {logging_mixin.py:120} INFO - [2024-08-05T07:09:48.080+0000] {dagbag.py:537} INFO - Filling up the DagBag from /home/airflow/.local/lib/python3.7/site-packages/airflow/example_dags/example_task_group.py
[2024-08-05T07:09:48.103+0000] {processor.py:766} INFO - DAG(s) dict_keys(['example_task_group']) retrieved from /home/airflow/.local/lib/python3.7/site-packages/airflow/example_dags/example_task_group.py
[2024-08-05T07:09:48.151+0000] {logging_mixin.py:120} INFO - [2024-08-05T07:09:48.151+0000] {dag.py:2585} INFO - Sync 1 DAGs
[2024-08-05T07:09:48.186+0000] {logging_mixin.py:120} INFO - [2024-08-05T07:09:48.185+0000] {dag.py:3340} INFO - Setting next_dagrun for example_task_group to 2024-08-04T07:09:48.185683+00:00, run_after=2024-08-05T07:09:48.185683+00:00
[2024-08-05T07:09:48.213+0000] {processor.py:176} INFO - Processing /home/airflow/.local/lib/python3.7/site-packages/airflow/example_dags/example_task_group.py took 0.139 seconds
[2024-08-05T07:10:18.427+0000] {processor.py:154} INFO - Started process (PID=8699) to work on /home/airflow/.local/lib/python3.7/site-packages/airflow/example_dags/example_task_group.py
[2024-08-05T07:10:18.439+0000] {processor.py:756} INFO - Processing file /home/airflow/.local/lib/python3.7/site-packages/airflow/example_dags/example_task_group.py for tasks to queue
[2024-08-05T07:10:18.446+0000] {logging_mixin.py:120} INFO - [2024-08-05T07:10:18.446+0000] {dagbag.py:537} INFO - Filling up the DagBag from /home/airflow/.local/lib/python3.7/site-packages/airflow/example_dags/example_task_group.py
[2024-08-05T07:10:18.469+0000] {processor.py:766} INFO - DAG(s) dict_keys(['example_task_group']) retrieved from /home/airflow/.local/lib/python3.7/site-packages/airflow/example_dags/example_task_group.py
[2024-08-05T07:10:18.540+0000] {logging_mixin.py:120} INFO - [2024-08-05T07:10:18.539+0000] {dag.py:2585} INFO - Sync 1 DAGs
[2024-08-05T07:10:18.594+0000] {logging_mixin.py:120} INFO - [2024-08-05T07:10:18.593+0000] {dag.py:3340} INFO - Setting next_dagrun for example_task_group to 2024-08-04T07:10:18.593495+00:00, run_after=2024-08-05T07:10:18.593495+00:00
[2024-08-05T07:10:18.638+0000] {processor.py:176} INFO - Processing /home/airflow/.local/lib/python3.7/site-packages/airflow/example_dags/example_task_group.py took 0.216 seconds
[2024-08-05T07:10:49.062+0000] {processor.py:154} INFO - Started process (PID=8766) to work on /home/airflow/.local/lib/python3.7/site-packages/airflow/example_dags/example_task_group.py
[2024-08-05T07:10:49.063+0000] {processor.py:756} INFO - Processing file /home/airflow/.local/lib/python3.7/site-packages/airflow/example_dags/example_task_group.py for tasks to queue
[2024-08-05T07:10:49.065+0000] {logging_mixin.py:120} INFO - [2024-08-05T07:10:49.065+0000] {dagbag.py:537} INFO - Filling up the DagBag from /home/airflow/.local/lib/python3.7/site-packages/airflow/example_dags/example_task_group.py
[2024-08-05T07:10:49.083+0000] {processor.py:766} INFO - DAG(s) dict_keys(['example_task_group']) retrieved from /home/airflow/.local/lib/python3.7/site-packages/airflow/example_dags/example_task_group.py
[2024-08-05T07:10:49.121+0000] {logging_mixin.py:120} INFO - [2024-08-05T07:10:49.121+0000] {dag.py:2585} INFO - Sync 1 DAGs
[2024-08-05T07:10:49.142+0000] {logging_mixin.py:120} INFO - [2024-08-05T07:10:49.142+0000] {dag.py:3340} INFO - Setting next_dagrun for example_task_group to 2024-08-04T07:10:49.142419+00:00, run_after=2024-08-05T07:10:49.142419+00:00
[2024-08-05T07:10:49.165+0000] {processor.py:176} INFO - Processing /home/airflow/.local/lib/python3.7/site-packages/airflow/example_dags/example_task_group.py took 0.106 seconds
[2024-08-05T07:11:20.290+0000] {processor.py:154} INFO - Started process (PID=8824) to work on /home/airflow/.local/lib/python3.7/site-packages/airflow/example_dags/example_task_group.py
[2024-08-05T07:11:20.310+0000] {processor.py:756} INFO - Processing file /home/airflow/.local/lib/python3.7/site-packages/airflow/example_dags/example_task_group.py for tasks to queue
[2024-08-05T07:11:20.312+0000] {logging_mixin.py:120} INFO - [2024-08-05T07:11:20.312+0000] {dagbag.py:537} INFO - Filling up the DagBag from /home/airflow/.local/lib/python3.7/site-packages/airflow/example_dags/example_task_group.py
[2024-08-05T07:11:20.381+0000] {processor.py:766} INFO - DAG(s) dict_keys(['example_task_group']) retrieved from /home/airflow/.local/lib/python3.7/site-packages/airflow/example_dags/example_task_group.py
[2024-08-05T07:11:20.436+0000] {logging_mixin.py:120} INFO - [2024-08-05T07:11:20.435+0000] {dag.py:2585} INFO - Sync 1 DAGs
[2024-08-05T07:11:20.545+0000] {logging_mixin.py:120} INFO - [2024-08-05T07:11:20.545+0000] {dag.py:3340} INFO - Setting next_dagrun for example_task_group to 2024-08-04T07:11:20.544972+00:00, run_after=2024-08-05T07:11:20.544972+00:00
[2024-08-05T07:11:20.716+0000] {processor.py:176} INFO - Processing /home/airflow/.local/lib/python3.7/site-packages/airflow/example_dags/example_task_group.py took 0.430 seconds
[2024-08-05T07:11:51.630+0000] {processor.py:154} INFO - Started process (PID=8892) to work on /home/airflow/.local/lib/python3.7/site-packages/airflow/example_dags/example_task_group.py
[2024-08-05T07:11:51.631+0000] {processor.py:756} INFO - Processing file /home/airflow/.local/lib/python3.7/site-packages/airflow/example_dags/example_task_group.py for tasks to queue
[2024-08-05T07:11:51.632+0000] {logging_mixin.py:120} INFO - [2024-08-05T07:11:51.632+0000] {dagbag.py:537} INFO - Filling up the DagBag from /home/airflow/.local/lib/python3.7/site-packages/airflow/example_dags/example_task_group.py
[2024-08-05T07:11:51.657+0000] {processor.py:766} INFO - DAG(s) dict_keys(['example_task_group']) retrieved from /home/airflow/.local/lib/python3.7/site-packages/airflow/example_dags/example_task_group.py
[2024-08-05T07:11:51.716+0000] {logging_mixin.py:120} INFO - [2024-08-05T07:11:51.716+0000] {dag.py:2585} INFO - Sync 1 DAGs
[2024-08-05T07:11:51.749+0000] {logging_mixin.py:120} INFO - [2024-08-05T07:11:51.749+0000] {dag.py:3340} INFO - Setting next_dagrun for example_task_group to 2024-08-04T07:11:51.749185+00:00, run_after=2024-08-05T07:11:51.749185+00:00
[2024-08-05T07:11:51.788+0000] {processor.py:176} INFO - Processing /home/airflow/.local/lib/python3.7/site-packages/airflow/example_dags/example_task_group.py took 0.163 seconds
[2024-08-05T07:12:22.013+0000] {processor.py:154} INFO - Started process (PID=8959) to work on /home/airflow/.local/lib/python3.7/site-packages/airflow/example_dags/example_task_group.py
[2024-08-05T07:12:22.015+0000] {processor.py:756} INFO - Processing file /home/airflow/.local/lib/python3.7/site-packages/airflow/example_dags/example_task_group.py for tasks to queue
[2024-08-05T07:12:22.018+0000] {logging_mixin.py:120} INFO - [2024-08-05T07:12:22.017+0000] {dagbag.py:537} INFO - Filling up the DagBag from /home/airflow/.local/lib/python3.7/site-packages/airflow/example_dags/example_task_group.py
[2024-08-05T07:12:22.041+0000] {processor.py:766} INFO - DAG(s) dict_keys(['example_task_group']) retrieved from /home/airflow/.local/lib/python3.7/site-packages/airflow/example_dags/example_task_group.py
[2024-08-05T07:12:22.107+0000] {logging_mixin.py:120} INFO - [2024-08-05T07:12:22.107+0000] {dag.py:2585} INFO - Sync 1 DAGs
[2024-08-05T07:12:22.136+0000] {logging_mixin.py:120} INFO - [2024-08-05T07:12:22.136+0000] {dag.py:3340} INFO - Setting next_dagrun for example_task_group to 2024-08-04T07:12:22.136411+00:00, run_after=2024-08-05T07:12:22.136411+00:00
[2024-08-05T07:12:22.163+0000] {processor.py:176} INFO - Processing /home/airflow/.local/lib/python3.7/site-packages/airflow/example_dags/example_task_group.py took 0.154 seconds
[2024-08-05T07:12:52.310+0000] {processor.py:154} INFO - Started process (PID=9017) to work on /home/airflow/.local/lib/python3.7/site-packages/airflow/example_dags/example_task_group.py
[2024-08-05T07:12:52.311+0000] {processor.py:756} INFO - Processing file /home/airflow/.local/lib/python3.7/site-packages/airflow/example_dags/example_task_group.py for tasks to queue
[2024-08-05T07:12:52.312+0000] {logging_mixin.py:120} INFO - [2024-08-05T07:12:52.312+0000] {dagbag.py:537} INFO - Filling up the DagBag from /home/airflow/.local/lib/python3.7/site-packages/airflow/example_dags/example_task_group.py
[2024-08-05T07:12:52.328+0000] {processor.py:766} INFO - DAG(s) dict_keys(['example_task_group']) retrieved from /home/airflow/.local/lib/python3.7/site-packages/airflow/example_dags/example_task_group.py
[2024-08-05T07:12:52.370+0000] {logging_mixin.py:120} INFO - [2024-08-05T07:12:52.370+0000] {dag.py:2585} INFO - Sync 1 DAGs
[2024-08-05T07:12:52.396+0000] {logging_mixin.py:120} INFO - [2024-08-05T07:12:52.396+0000] {dag.py:3340} INFO - Setting next_dagrun for example_task_group to 2024-08-04T07:12:52.396503+00:00, run_after=2024-08-05T07:12:52.396503+00:00
[2024-08-05T07:12:52.426+0000] {processor.py:176} INFO - Processing /home/airflow/.local/lib/python3.7/site-packages/airflow/example_dags/example_task_group.py took 0.120 seconds
[2024-08-05T07:13:23.421+0000] {processor.py:154} INFO - Started process (PID=9084) to work on /home/airflow/.local/lib/python3.7/site-packages/airflow/example_dags/example_task_group.py
[2024-08-05T07:13:23.424+0000] {processor.py:756} INFO - Processing file /home/airflow/.local/lib/python3.7/site-packages/airflow/example_dags/example_task_group.py for tasks to queue
[2024-08-05T07:13:23.425+0000] {logging_mixin.py:120} INFO - [2024-08-05T07:13:23.424+0000] {dagbag.py:537} INFO - Filling up the DagBag from /home/airflow/.local/lib/python3.7/site-packages/airflow/example_dags/example_task_group.py
[2024-08-05T07:13:23.446+0000] {processor.py:766} INFO - DAG(s) dict_keys(['example_task_group']) retrieved from /home/airflow/.local/lib/python3.7/site-packages/airflow/example_dags/example_task_group.py
[2024-08-05T07:13:23.503+0000] {logging_mixin.py:120} INFO - [2024-08-05T07:13:23.503+0000] {dag.py:2585} INFO - Sync 1 DAGs
[2024-08-05T07:13:23.539+0000] {logging_mixin.py:120} INFO - [2024-08-05T07:13:23.538+0000] {dag.py:3340} INFO - Setting next_dagrun for example_task_group to 2024-08-04T07:13:23.538582+00:00, run_after=2024-08-05T07:13:23.538582+00:00
[2024-08-05T07:13:23.574+0000] {processor.py:176} INFO - Processing /home/airflow/.local/lib/python3.7/site-packages/airflow/example_dags/example_task_group.py took 0.158 seconds
[2024-08-05T07:13:53.909+0000] {processor.py:154} INFO - Started process (PID=9151) to work on /home/airflow/.local/lib/python3.7/site-packages/airflow/example_dags/example_task_group.py
[2024-08-05T07:13:53.910+0000] {processor.py:756} INFO - Processing file /home/airflow/.local/lib/python3.7/site-packages/airflow/example_dags/example_task_group.py for tasks to queue
[2024-08-05T07:13:53.911+0000] {logging_mixin.py:120} INFO - [2024-08-05T07:13:53.911+0000] {dagbag.py:537} INFO - Filling up the DagBag from /home/airflow/.local/lib/python3.7/site-packages/airflow/example_dags/example_task_group.py
[2024-08-05T07:13:53.926+0000] {processor.py:766} INFO - DAG(s) dict_keys(['example_task_group']) retrieved from /home/airflow/.local/lib/python3.7/site-packages/airflow/example_dags/example_task_group.py
[2024-08-05T07:13:53.969+0000] {logging_mixin.py:120} INFO - [2024-08-05T07:13:53.969+0000] {dag.py:2585} INFO - Sync 1 DAGs
[2024-08-05T07:13:53.994+0000] {logging_mixin.py:120} INFO - [2024-08-05T07:13:53.994+0000] {dag.py:3340} INFO - Setting next_dagrun for example_task_group to 2024-08-04T07:13:53.993862+00:00, run_after=2024-08-05T07:13:53.993862+00:00
[2024-08-05T07:13:54.015+0000] {processor.py:176} INFO - Processing /home/airflow/.local/lib/python3.7/site-packages/airflow/example_dags/example_task_group.py took 0.110 seconds
[2024-08-05T07:14:24.455+0000] {processor.py:154} INFO - Started process (PID=9209) to work on /home/airflow/.local/lib/python3.7/site-packages/airflow/example_dags/example_task_group.py
[2024-08-05T07:14:24.457+0000] {processor.py:756} INFO - Processing file /home/airflow/.local/lib/python3.7/site-packages/airflow/example_dags/example_task_group.py for tasks to queue
[2024-08-05T07:14:24.460+0000] {logging_mixin.py:120} INFO - [2024-08-05T07:14:24.460+0000] {dagbag.py:537} INFO - Filling up the DagBag from /home/airflow/.local/lib/python3.7/site-packages/airflow/example_dags/example_task_group.py
[2024-08-05T07:14:24.486+0000] {processor.py:766} INFO - DAG(s) dict_keys(['example_task_group']) retrieved from /home/airflow/.local/lib/python3.7/site-packages/airflow/example_dags/example_task_group.py
[2024-08-05T07:14:24.529+0000] {logging_mixin.py:120} INFO - [2024-08-05T07:14:24.529+0000] {dag.py:2585} INFO - Sync 1 DAGs
[2024-08-05T07:14:24.558+0000] {logging_mixin.py:120} INFO - [2024-08-05T07:14:24.558+0000] {dag.py:3340} INFO - Setting next_dagrun for example_task_group to 2024-08-04T07:14:24.557702+00:00, run_after=2024-08-05T07:14:24.557702+00:00
[2024-08-05T07:14:24.588+0000] {processor.py:176} INFO - Processing /home/airflow/.local/lib/python3.7/site-packages/airflow/example_dags/example_task_group.py took 0.145 seconds
[2024-08-05T07:14:55.232+0000] {processor.py:154} INFO - Started process (PID=9277) to work on /home/airflow/.local/lib/python3.7/site-packages/airflow/example_dags/example_task_group.py
[2024-08-05T07:14:55.234+0000] {processor.py:756} INFO - Processing file /home/airflow/.local/lib/python3.7/site-packages/airflow/example_dags/example_task_group.py for tasks to queue
[2024-08-05T07:14:55.235+0000] {logging_mixin.py:120} INFO - [2024-08-05T07:14:55.235+0000] {dagbag.py:537} INFO - Filling up the DagBag from /home/airflow/.local/lib/python3.7/site-packages/airflow/example_dags/example_task_group.py
[2024-08-05T07:14:55.256+0000] {processor.py:766} INFO - DAG(s) dict_keys(['example_task_group']) retrieved from /home/airflow/.local/lib/python3.7/site-packages/airflow/example_dags/example_task_group.py
[2024-08-05T07:14:55.672+0000] {logging_mixin.py:120} INFO - [2024-08-05T07:14:55.672+0000] {dag.py:2585} INFO - Sync 1 DAGs
[2024-08-05T07:14:55.987+0000] {logging_mixin.py:120} INFO - [2024-08-05T07:14:55.987+0000] {dag.py:3340} INFO - Setting next_dagrun for example_task_group to 2024-08-04T07:14:55.986848+00:00, run_after=2024-08-05T07:14:55.986848+00:00
[2024-08-05T07:14:56.160+0000] {processor.py:176} INFO - Processing /home/airflow/.local/lib/python3.7/site-packages/airflow/example_dags/example_task_group.py took 0.932 seconds
[2024-08-05T07:15:27.002+0000] {processor.py:154} INFO - Started process (PID=9344) to work on /home/airflow/.local/lib/python3.7/site-packages/airflow/example_dags/example_task_group.py
[2024-08-05T07:15:27.004+0000] {processor.py:756} INFO - Processing file /home/airflow/.local/lib/python3.7/site-packages/airflow/example_dags/example_task_group.py for tasks to queue
[2024-08-05T07:15:27.005+0000] {logging_mixin.py:120} INFO - [2024-08-05T07:15:27.005+0000] {dagbag.py:537} INFO - Filling up the DagBag from /home/airflow/.local/lib/python3.7/site-packages/airflow/example_dags/example_task_group.py
[2024-08-05T07:15:27.035+0000] {processor.py:766} INFO - DAG(s) dict_keys(['example_task_group']) retrieved from /home/airflow/.local/lib/python3.7/site-packages/airflow/example_dags/example_task_group.py
[2024-08-05T07:15:27.121+0000] {logging_mixin.py:120} INFO - [2024-08-05T07:15:27.121+0000] {dag.py:2585} INFO - Sync 1 DAGs
[2024-08-05T07:15:27.160+0000] {logging_mixin.py:120} INFO - [2024-08-05T07:15:27.160+0000] {dag.py:3340} INFO - Setting next_dagrun for example_task_group to 2024-08-04T07:15:27.159788+00:00, run_after=2024-08-05T07:15:27.159788+00:00
[2024-08-05T07:15:27.194+0000] {processor.py:176} INFO - Processing /home/airflow/.local/lib/python3.7/site-packages/airflow/example_dags/example_task_group.py took 0.196 seconds
[2024-08-05T07:15:57.744+0000] {processor.py:154} INFO - Started process (PID=9402) to work on /home/airflow/.local/lib/python3.7/site-packages/airflow/example_dags/example_task_group.py
[2024-08-05T07:15:57.745+0000] {processor.py:756} INFO - Processing file /home/airflow/.local/lib/python3.7/site-packages/airflow/example_dags/example_task_group.py for tasks to queue
[2024-08-05T07:15:57.750+0000] {logging_mixin.py:120} INFO - [2024-08-05T07:15:57.750+0000] {dagbag.py:537} INFO - Filling up the DagBag from /home/airflow/.local/lib/python3.7/site-packages/airflow/example_dags/example_task_group.py
[2024-08-05T07:15:57.782+0000] {processor.py:766} INFO - DAG(s) dict_keys(['example_task_group']) retrieved from /home/airflow/.local/lib/python3.7/site-packages/airflow/example_dags/example_task_group.py
[2024-08-05T07:15:57.857+0000] {logging_mixin.py:120} INFO - [2024-08-05T07:15:57.856+0000] {dag.py:2585} INFO - Sync 1 DAGs
[2024-08-05T07:15:57.911+0000] {logging_mixin.py:120} INFO - [2024-08-05T07:15:57.911+0000] {dag.py:3340} INFO - Setting next_dagrun for example_task_group to 2024-08-04T07:15:57.911066+00:00, run_after=2024-08-05T07:15:57.911066+00:00
[2024-08-05T07:15:57.952+0000] {processor.py:176} INFO - Processing /home/airflow/.local/lib/python3.7/site-packages/airflow/example_dags/example_task_group.py took 0.213 seconds
[2024-08-05T07:16:28.161+0000] {processor.py:154} INFO - Started process (PID=9469) to work on /home/airflow/.local/lib/python3.7/site-packages/airflow/example_dags/example_task_group.py
[2024-08-05T07:16:28.164+0000] {processor.py:756} INFO - Processing file /home/airflow/.local/lib/python3.7/site-packages/airflow/example_dags/example_task_group.py for tasks to queue
[2024-08-05T07:16:28.165+0000] {logging_mixin.py:120} INFO - [2024-08-05T07:16:28.165+0000] {dagbag.py:537} INFO - Filling up the DagBag from /home/airflow/.local/lib/python3.7/site-packages/airflow/example_dags/example_task_group.py
[2024-08-05T07:16:28.188+0000] {processor.py:766} INFO - DAG(s) dict_keys(['example_task_group']) retrieved from /home/airflow/.local/lib/python3.7/site-packages/airflow/example_dags/example_task_group.py
[2024-08-05T07:16:28.226+0000] {logging_mixin.py:120} INFO - [2024-08-05T07:16:28.225+0000] {dag.py:2585} INFO - Sync 1 DAGs
[2024-08-05T07:16:28.252+0000] {logging_mixin.py:120} INFO - [2024-08-05T07:16:28.252+0000] {dag.py:3340} INFO - Setting next_dagrun for example_task_group to 2024-08-04T07:16:28.252403+00:00, run_after=2024-08-05T07:16:28.252403+00:00
[2024-08-05T07:16:28.274+0000] {processor.py:176} INFO - Processing /home/airflow/.local/lib/python3.7/site-packages/airflow/example_dags/example_task_group.py took 0.116 seconds
[2024-08-05T07:16:58.551+0000] {processor.py:154} INFO - Started process (PID=9534) to work on /home/airflow/.local/lib/python3.7/site-packages/airflow/example_dags/example_task_group.py
[2024-08-05T07:16:58.595+0000] {processor.py:756} INFO - Processing file /home/airflow/.local/lib/python3.7/site-packages/airflow/example_dags/example_task_group.py for tasks to queue
[2024-08-05T07:16:58.640+0000] {logging_mixin.py:120} INFO - [2024-08-05T07:16:58.640+0000] {dagbag.py:537} INFO - Filling up the DagBag from /home/airflow/.local/lib/python3.7/site-packages/airflow/example_dags/example_task_group.py
[2024-08-05T07:16:58.674+0000] {processor.py:766} INFO - DAG(s) dict_keys(['example_task_group']) retrieved from /home/airflow/.local/lib/python3.7/site-packages/airflow/example_dags/example_task_group.py
[2024-08-05T07:16:59.068+0000] {logging_mixin.py:120} INFO - [2024-08-05T07:16:59.068+0000] {dag.py:2585} INFO - Sync 1 DAGs
[2024-08-05T07:16:59.173+0000] {logging_mixin.py:120} INFO - [2024-08-05T07:16:59.173+0000] {dag.py:3340} INFO - Setting next_dagrun for example_task_group to 2024-08-04T07:16:59.172999+00:00, run_after=2024-08-05T07:16:59.172999+00:00
[2024-08-05T07:16:59.323+0000] {processor.py:176} INFO - Processing /home/airflow/.local/lib/python3.7/site-packages/airflow/example_dags/example_task_group.py took 0.776 seconds
[2024-08-05T07:17:29.784+0000] {processor.py:154} INFO - Started process (PID=9594) to work on /home/airflow/.local/lib/python3.7/site-packages/airflow/example_dags/example_task_group.py
[2024-08-05T07:17:29.785+0000] {processor.py:756} INFO - Processing file /home/airflow/.local/lib/python3.7/site-packages/airflow/example_dags/example_task_group.py for tasks to queue
[2024-08-05T07:17:29.786+0000] {logging_mixin.py:120} INFO - [2024-08-05T07:17:29.786+0000] {dagbag.py:537} INFO - Filling up the DagBag from /home/airflow/.local/lib/python3.7/site-packages/airflow/example_dags/example_task_group.py
[2024-08-05T07:17:29.801+0000] {processor.py:766} INFO - DAG(s) dict_keys(['example_task_group']) retrieved from /home/airflow/.local/lib/python3.7/site-packages/airflow/example_dags/example_task_group.py
[2024-08-05T07:17:29.848+0000] {logging_mixin.py:120} INFO - [2024-08-05T07:17:29.848+0000] {dag.py:2585} INFO - Sync 1 DAGs
[2024-08-05T07:17:29.870+0000] {logging_mixin.py:120} INFO - [2024-08-05T07:17:29.870+0000] {dag.py:3340} INFO - Setting next_dagrun for example_task_group to 2024-08-04T07:17:29.870210+00:00, run_after=2024-08-05T07:17:29.870210+00:00
[2024-08-05T07:17:29.917+0000] {processor.py:176} INFO - Processing /home/airflow/.local/lib/python3.7/site-packages/airflow/example_dags/example_task_group.py took 0.136 seconds
[2024-08-05T07:18:00.700+0000] {processor.py:154} INFO - Started process (PID=9661) to work on /home/airflow/.local/lib/python3.7/site-packages/airflow/example_dags/example_task_group.py
[2024-08-05T07:18:00.701+0000] {processor.py:756} INFO - Processing file /home/airflow/.local/lib/python3.7/site-packages/airflow/example_dags/example_task_group.py for tasks to queue
[2024-08-05T07:18:00.702+0000] {logging_mixin.py:120} INFO - [2024-08-05T07:18:00.702+0000] {dagbag.py:537} INFO - Filling up the DagBag from /home/airflow/.local/lib/python3.7/site-packages/airflow/example_dags/example_task_group.py
[2024-08-05T07:18:00.721+0000] {processor.py:766} INFO - DAG(s) dict_keys(['example_task_group']) retrieved from /home/airflow/.local/lib/python3.7/site-packages/airflow/example_dags/example_task_group.py
[2024-08-05T07:18:00.766+0000] {logging_mixin.py:120} INFO - [2024-08-05T07:18:00.766+0000] {dag.py:2585} INFO - Sync 1 DAGs
[2024-08-05T07:18:00.796+0000] {logging_mixin.py:120} INFO - [2024-08-05T07:18:00.796+0000] {dag.py:3340} INFO - Setting next_dagrun for example_task_group to 2024-08-04T07:18:00.795815+00:00, run_after=2024-08-05T07:18:00.795815+00:00
[2024-08-05T07:18:00.821+0000] {processor.py:176} INFO - Processing /home/airflow/.local/lib/python3.7/site-packages/airflow/example_dags/example_task_group.py took 0.124 seconds
[2024-08-05T07:18:31.539+0000] {processor.py:154} INFO - Started process (PID=9719) to work on /home/airflow/.local/lib/python3.7/site-packages/airflow/example_dags/example_task_group.py
[2024-08-05T07:18:31.540+0000] {processor.py:756} INFO - Processing file /home/airflow/.local/lib/python3.7/site-packages/airflow/example_dags/example_task_group.py for tasks to queue
[2024-08-05T07:18:31.541+0000] {logging_mixin.py:120} INFO - [2024-08-05T07:18:31.541+0000] {dagbag.py:537} INFO - Filling up the DagBag from /home/airflow/.local/lib/python3.7/site-packages/airflow/example_dags/example_task_group.py
[2024-08-05T07:18:31.563+0000] {processor.py:766} INFO - DAG(s) dict_keys(['example_task_group']) retrieved from /home/airflow/.local/lib/python3.7/site-packages/airflow/example_dags/example_task_group.py
[2024-08-05T07:18:31.603+0000] {logging_mixin.py:120} INFO - [2024-08-05T07:18:31.600+0000] {dag.py:2585} INFO - Sync 1 DAGs
[2024-08-05T07:18:31.632+0000] {logging_mixin.py:120} INFO - [2024-08-05T07:18:31.631+0000] {dag.py:3340} INFO - Setting next_dagrun for example_task_group to 2024-08-04T07:18:31.631632+00:00, run_after=2024-08-05T07:18:31.631632+00:00
[2024-08-05T07:18:31.654+0000] {processor.py:176} INFO - Processing /home/airflow/.local/lib/python3.7/site-packages/airflow/example_dags/example_task_group.py took 0.120 seconds
[2024-08-05T07:19:02.415+0000] {processor.py:154} INFO - Started process (PID=9786) to work on /home/airflow/.local/lib/python3.7/site-packages/airflow/example_dags/example_task_group.py
[2024-08-05T07:19:02.416+0000] {processor.py:756} INFO - Processing file /home/airflow/.local/lib/python3.7/site-packages/airflow/example_dags/example_task_group.py for tasks to queue
[2024-08-05T07:19:02.417+0000] {logging_mixin.py:120} INFO - [2024-08-05T07:19:02.417+0000] {dagbag.py:537} INFO - Filling up the DagBag from /home/airflow/.local/lib/python3.7/site-packages/airflow/example_dags/example_task_group.py
[2024-08-05T07:19:02.432+0000] {processor.py:766} INFO - DAG(s) dict_keys(['example_task_group']) retrieved from /home/airflow/.local/lib/python3.7/site-packages/airflow/example_dags/example_task_group.py
[2024-08-05T07:19:02.475+0000] {logging_mixin.py:120} INFO - [2024-08-05T07:19:02.475+0000] {dag.py:2585} INFO - Sync 1 DAGs
[2024-08-05T07:19:02.503+0000] {logging_mixin.py:120} INFO - [2024-08-05T07:19:02.502+0000] {dag.py:3340} INFO - Setting next_dagrun for example_task_group to 2024-08-04T07:19:02.502638+00:00, run_after=2024-08-05T07:19:02.502638+00:00
[2024-08-05T07:19:02.546+0000] {processor.py:176} INFO - Processing /home/airflow/.local/lib/python3.7/site-packages/airflow/example_dags/example_task_group.py took 0.135 seconds
[2024-08-05T07:19:33.800+0000] {processor.py:154} INFO - Started process (PID=9852) to work on /home/airflow/.local/lib/python3.7/site-packages/airflow/example_dags/example_task_group.py
[2024-08-05T07:19:33.967+0000] {processor.py:756} INFO - Processing file /home/airflow/.local/lib/python3.7/site-packages/airflow/example_dags/example_task_group.py for tasks to queue
[2024-08-05T07:19:34.109+0000] {logging_mixin.py:120} INFO - [2024-08-05T07:19:34.109+0000] {dagbag.py:537} INFO - Filling up the DagBag from /home/airflow/.local/lib/python3.7/site-packages/airflow/example_dags/example_task_group.py
[2024-08-05T07:19:34.240+0000] {processor.py:766} INFO - DAG(s) dict_keys(['example_task_group']) retrieved from /home/airflow/.local/lib/python3.7/site-packages/airflow/example_dags/example_task_group.py
[2024-08-05T07:19:34.395+0000] {logging_mixin.py:120} INFO - [2024-08-05T07:19:34.395+0000] {dag.py:2585} INFO - Sync 1 DAGs
[2024-08-05T07:19:34.470+0000] {logging_mixin.py:120} INFO - [2024-08-05T07:19:34.470+0000] {dag.py:3340} INFO - Setting next_dagrun for example_task_group to 2024-08-04T07:19:34.470112+00:00, run_after=2024-08-05T07:19:34.470112+00:00
[2024-08-05T07:19:34.557+0000] {processor.py:176} INFO - Processing /home/airflow/.local/lib/python3.7/site-packages/airflow/example_dags/example_task_group.py took 0.761 seconds
[2024-08-05T07:20:05.011+0000] {processor.py:154} INFO - Started process (PID=9910) to work on /home/airflow/.local/lib/python3.7/site-packages/airflow/example_dags/example_task_group.py
[2024-08-05T07:20:05.012+0000] {processor.py:756} INFO - Processing file /home/airflow/.local/lib/python3.7/site-packages/airflow/example_dags/example_task_group.py for tasks to queue
[2024-08-05T07:20:05.013+0000] {logging_mixin.py:120} INFO - [2024-08-05T07:20:05.013+0000] {dagbag.py:537} INFO - Filling up the DagBag from /home/airflow/.local/lib/python3.7/site-packages/airflow/example_dags/example_task_group.py
[2024-08-05T07:20:05.027+0000] {processor.py:766} INFO - DAG(s) dict_keys(['example_task_group']) retrieved from /home/airflow/.local/lib/python3.7/site-packages/airflow/example_dags/example_task_group.py
[2024-08-05T07:20:05.067+0000] {logging_mixin.py:120} INFO - [2024-08-05T07:20:05.067+0000] {dag.py:2585} INFO - Sync 1 DAGs
[2024-08-05T07:20:05.096+0000] {logging_mixin.py:120} INFO - [2024-08-05T07:20:05.095+0000] {dag.py:3340} INFO - Setting next_dagrun for example_task_group to 2024-08-04T07:20:05.095573+00:00, run_after=2024-08-05T07:20:05.095573+00:00
[2024-08-05T07:20:05.116+0000] {processor.py:176} INFO - Processing /home/airflow/.local/lib/python3.7/site-packages/airflow/example_dags/example_task_group.py took 0.109 seconds
[2024-08-05T07:20:35.202+0000] {processor.py:154} INFO - Started process (PID=9977) to work on /home/airflow/.local/lib/python3.7/site-packages/airflow/example_dags/example_task_group.py
[2024-08-05T07:20:35.203+0000] {processor.py:756} INFO - Processing file /home/airflow/.local/lib/python3.7/site-packages/airflow/example_dags/example_task_group.py for tasks to queue
[2024-08-05T07:20:35.204+0000] {logging_mixin.py:120} INFO - [2024-08-05T07:20:35.204+0000] {dagbag.py:537} INFO - Filling up the DagBag from /home/airflow/.local/lib/python3.7/site-packages/airflow/example_dags/example_task_group.py
[2024-08-05T07:20:35.221+0000] {processor.py:766} INFO - DAG(s) dict_keys(['example_task_group']) retrieved from /home/airflow/.local/lib/python3.7/site-packages/airflow/example_dags/example_task_group.py
[2024-08-05T07:20:35.264+0000] {logging_mixin.py:120} INFO - [2024-08-05T07:20:35.264+0000] {dag.py:2585} INFO - Sync 1 DAGs
[2024-08-05T07:20:35.301+0000] {logging_mixin.py:120} INFO - [2024-08-05T07:20:35.300+0000] {dag.py:3340} INFO - Setting next_dagrun for example_task_group to 2024-08-04T07:20:35.300700+00:00, run_after=2024-08-05T07:20:35.300700+00:00
[2024-08-05T07:20:35.326+0000] {processor.py:176} INFO - Processing /home/airflow/.local/lib/python3.7/site-packages/airflow/example_dags/example_task_group.py took 0.127 seconds
[2024-08-05T07:21:05.588+0000] {processor.py:154} INFO - Started process (PID=10044) to work on /home/airflow/.local/lib/python3.7/site-packages/airflow/example_dags/example_task_group.py
[2024-08-05T07:21:05.589+0000] {processor.py:756} INFO - Processing file /home/airflow/.local/lib/python3.7/site-packages/airflow/example_dags/example_task_group.py for tasks to queue
[2024-08-05T07:21:05.590+0000] {logging_mixin.py:120} INFO - [2024-08-05T07:21:05.590+0000] {dagbag.py:537} INFO - Filling up the DagBag from /home/airflow/.local/lib/python3.7/site-packages/airflow/example_dags/example_task_group.py
[2024-08-05T07:21:05.606+0000] {processor.py:766} INFO - DAG(s) dict_keys(['example_task_group']) retrieved from /home/airflow/.local/lib/python3.7/site-packages/airflow/example_dags/example_task_group.py
[2024-08-05T07:21:05.648+0000] {logging_mixin.py:120} INFO - [2024-08-05T07:21:05.647+0000] {dag.py:2585} INFO - Sync 1 DAGs
[2024-08-05T07:21:05.674+0000] {logging_mixin.py:120} INFO - [2024-08-05T07:21:05.674+0000] {dag.py:3340} INFO - Setting next_dagrun for example_task_group to 2024-08-04T07:21:05.673843+00:00, run_after=2024-08-05T07:21:05.673843+00:00
[2024-08-05T07:21:05.697+0000] {processor.py:176} INFO - Processing /home/airflow/.local/lib/python3.7/site-packages/airflow/example_dags/example_task_group.py took 0.112 seconds
[2024-08-05T07:21:36.168+0000] {processor.py:154} INFO - Started process (PID=10102) to work on /home/airflow/.local/lib/python3.7/site-packages/airflow/example_dags/example_task_group.py
[2024-08-05T07:21:36.171+0000] {processor.py:756} INFO - Processing file /home/airflow/.local/lib/python3.7/site-packages/airflow/example_dags/example_task_group.py for tasks to queue
[2024-08-05T07:21:36.172+0000] {logging_mixin.py:120} INFO - [2024-08-05T07:21:36.172+0000] {dagbag.py:537} INFO - Filling up the DagBag from /home/airflow/.local/lib/python3.7/site-packages/airflow/example_dags/example_task_group.py
[2024-08-05T07:21:36.197+0000] {processor.py:766} INFO - DAG(s) dict_keys(['example_task_group']) retrieved from /home/airflow/.local/lib/python3.7/site-packages/airflow/example_dags/example_task_group.py
[2024-08-05T07:21:36.265+0000] {logging_mixin.py:120} INFO - [2024-08-05T07:21:36.264+0000] {dag.py:2585} INFO - Sync 1 DAGs
[2024-08-05T07:21:36.291+0000] {logging_mixin.py:120} INFO - [2024-08-05T07:21:36.291+0000] {dag.py:3340} INFO - Setting next_dagrun for example_task_group to 2024-08-04T07:21:36.291152+00:00, run_after=2024-08-05T07:21:36.291152+00:00
[2024-08-05T07:21:36.315+0000] {processor.py:176} INFO - Processing /home/airflow/.local/lib/python3.7/site-packages/airflow/example_dags/example_task_group.py took 0.150 seconds
[2024-08-05T07:22:06.891+0000] {processor.py:154} INFO - Started process (PID=10169) to work on /home/airflow/.local/lib/python3.7/site-packages/airflow/example_dags/example_task_group.py
[2024-08-05T07:22:06.895+0000] {processor.py:756} INFO - Processing file /home/airflow/.local/lib/python3.7/site-packages/airflow/example_dags/example_task_group.py for tasks to queue
[2024-08-05T07:22:06.897+0000] {logging_mixin.py:120} INFO - [2024-08-05T07:22:06.897+0000] {dagbag.py:537} INFO - Filling up the DagBag from /home/airflow/.local/lib/python3.7/site-packages/airflow/example_dags/example_task_group.py
[2024-08-05T07:22:06.917+0000] {processor.py:766} INFO - DAG(s) dict_keys(['example_task_group']) retrieved from /home/airflow/.local/lib/python3.7/site-packages/airflow/example_dags/example_task_group.py
[2024-08-05T07:22:06.991+0000] {logging_mixin.py:120} INFO - [2024-08-05T07:22:06.991+0000] {dag.py:2585} INFO - Sync 1 DAGs
[2024-08-05T07:22:07.026+0000] {logging_mixin.py:120} INFO - [2024-08-05T07:22:07.026+0000] {dag.py:3340} INFO - Setting next_dagrun for example_task_group to 2024-08-04T07:22:07.026028+00:00, run_after=2024-08-05T07:22:07.026028+00:00
[2024-08-05T07:22:07.058+0000] {processor.py:176} INFO - Processing /home/airflow/.local/lib/python3.7/site-packages/airflow/example_dags/example_task_group.py took 0.172 seconds
[2024-08-05T07:22:37.084+0000] {processor.py:154} INFO - Started process (PID=10237) to work on /home/airflow/.local/lib/python3.7/site-packages/airflow/example_dags/example_task_group.py
[2024-08-05T07:22:37.085+0000] {processor.py:756} INFO - Processing file /home/airflow/.local/lib/python3.7/site-packages/airflow/example_dags/example_task_group.py for tasks to queue
[2024-08-05T07:22:37.086+0000] {logging_mixin.py:120} INFO - [2024-08-05T07:22:37.086+0000] {dagbag.py:537} INFO - Filling up the DagBag from /home/airflow/.local/lib/python3.7/site-packages/airflow/example_dags/example_task_group.py
[2024-08-05T07:22:37.108+0000] {processor.py:766} INFO - DAG(s) dict_keys(['example_task_group']) retrieved from /home/airflow/.local/lib/python3.7/site-packages/airflow/example_dags/example_task_group.py
[2024-08-05T07:22:37.151+0000] {logging_mixin.py:120} INFO - [2024-08-05T07:22:37.151+0000] {dag.py:2585} INFO - Sync 1 DAGs
[2024-08-05T07:22:37.179+0000] {logging_mixin.py:120} INFO - [2024-08-05T07:22:37.179+0000] {dag.py:3340} INFO - Setting next_dagrun for example_task_group to 2024-08-04T07:22:37.179155+00:00, run_after=2024-08-05T07:22:37.179155+00:00
[2024-08-05T07:22:37.201+0000] {processor.py:176} INFO - Processing /home/airflow/.local/lib/python3.7/site-packages/airflow/example_dags/example_task_group.py took 0.120 seconds
[2024-08-05T07:23:08.035+0000] {processor.py:154} INFO - Started process (PID=10295) to work on /home/airflow/.local/lib/python3.7/site-packages/airflow/example_dags/example_task_group.py
[2024-08-05T07:23:08.036+0000] {processor.py:756} INFO - Processing file /home/airflow/.local/lib/python3.7/site-packages/airflow/example_dags/example_task_group.py for tasks to queue
[2024-08-05T07:23:08.037+0000] {logging_mixin.py:120} INFO - [2024-08-05T07:23:08.037+0000] {dagbag.py:537} INFO - Filling up the DagBag from /home/airflow/.local/lib/python3.7/site-packages/airflow/example_dags/example_task_group.py
[2024-08-05T07:23:08.061+0000] {processor.py:766} INFO - DAG(s) dict_keys(['example_task_group']) retrieved from /home/airflow/.local/lib/python3.7/site-packages/airflow/example_dags/example_task_group.py
[2024-08-05T07:23:08.115+0000] {logging_mixin.py:120} INFO - [2024-08-05T07:23:08.115+0000] {dag.py:2585} INFO - Sync 1 DAGs
[2024-08-05T07:23:08.159+0000] {logging_mixin.py:120} INFO - [2024-08-05T07:23:08.159+0000] {dag.py:3340} INFO - Setting next_dagrun for example_task_group to 2024-08-04T07:23:08.159321+00:00, run_after=2024-08-05T07:23:08.159321+00:00
[2024-08-05T07:23:08.211+0000] {processor.py:176} INFO - Processing /home/airflow/.local/lib/python3.7/site-packages/airflow/example_dags/example_task_group.py took 0.179 seconds
[2024-08-05T07:23:39.004+0000] {processor.py:154} INFO - Started process (PID=10362) to work on /home/airflow/.local/lib/python3.7/site-packages/airflow/example_dags/example_task_group.py
[2024-08-05T07:23:39.006+0000] {processor.py:756} INFO - Processing file /home/airflow/.local/lib/python3.7/site-packages/airflow/example_dags/example_task_group.py for tasks to queue
[2024-08-05T07:23:39.007+0000] {logging_mixin.py:120} INFO - [2024-08-05T07:23:39.007+0000] {dagbag.py:537} INFO - Filling up the DagBag from /home/airflow/.local/lib/python3.7/site-packages/airflow/example_dags/example_task_group.py
[2024-08-05T07:23:39.033+0000] {processor.py:766} INFO - DAG(s) dict_keys(['example_task_group']) retrieved from /home/airflow/.local/lib/python3.7/site-packages/airflow/example_dags/example_task_group.py
[2024-08-05T07:23:39.098+0000] {logging_mixin.py:120} INFO - [2024-08-05T07:23:39.098+0000] {dag.py:2585} INFO - Sync 1 DAGs
[2024-08-05T07:23:39.133+0000] {logging_mixin.py:120} INFO - [2024-08-05T07:23:39.133+0000] {dag.py:3340} INFO - Setting next_dagrun for example_task_group to 2024-08-04T07:23:39.132743+00:00, run_after=2024-08-05T07:23:39.132743+00:00
[2024-08-05T07:23:39.166+0000] {processor.py:176} INFO - Processing /home/airflow/.local/lib/python3.7/site-packages/airflow/example_dags/example_task_group.py took 0.166 seconds
[2024-08-05T08:25:24.670+0000] {processor.py:154} INFO - Started process (PID=10441) to work on /home/airflow/.local/lib/python3.7/site-packages/airflow/example_dags/example_task_group.py
[2024-08-05T08:25:24.727+0000] {processor.py:756} INFO - Processing file /home/airflow/.local/lib/python3.7/site-packages/airflow/example_dags/example_task_group.py for tasks to queue
[2024-08-05T08:25:24.792+0000] {logging_mixin.py:120} INFO - [2024-08-05T08:25:24.791+0000] {dagbag.py:537} INFO - Filling up the DagBag from /home/airflow/.local/lib/python3.7/site-packages/airflow/example_dags/example_task_group.py
[2024-08-05T08:25:24.925+0000] {processor.py:766} INFO - DAG(s) dict_keys(['example_task_group']) retrieved from /home/airflow/.local/lib/python3.7/site-packages/airflow/example_dags/example_task_group.py
[2024-08-05T08:25:25.117+0000] {logging_mixin.py:120} INFO - [2024-08-05T08:25:25.117+0000] {dag.py:2585} INFO - Sync 1 DAGs
[2024-08-05T08:25:25.187+0000] {logging_mixin.py:120} INFO - [2024-08-05T08:25:25.186+0000] {dag.py:3340} INFO - Setting next_dagrun for example_task_group to 2024-08-04T08:25:25.186296+00:00, run_after=2024-08-05T08:25:25.186296+00:00
[2024-08-05T08:25:25.254+0000] {processor.py:176} INFO - Processing /home/airflow/.local/lib/python3.7/site-packages/airflow/example_dags/example_task_group.py took 0.594 seconds
[2024-08-05T08:25:55.829+0000] {processor.py:154} INFO - Started process (PID=10508) to work on /home/airflow/.local/lib/python3.7/site-packages/airflow/example_dags/example_task_group.py
[2024-08-05T08:25:55.830+0000] {processor.py:756} INFO - Processing file /home/airflow/.local/lib/python3.7/site-packages/airflow/example_dags/example_task_group.py for tasks to queue
[2024-08-05T08:25:55.831+0000] {logging_mixin.py:120} INFO - [2024-08-05T08:25:55.831+0000] {dagbag.py:537} INFO - Filling up the DagBag from /home/airflow/.local/lib/python3.7/site-packages/airflow/example_dags/example_task_group.py
[2024-08-05T08:25:55.842+0000] {processor.py:766} INFO - DAG(s) dict_keys(['example_task_group']) retrieved from /home/airflow/.local/lib/python3.7/site-packages/airflow/example_dags/example_task_group.py
[2024-08-05T08:25:55.882+0000] {logging_mixin.py:120} INFO - [2024-08-05T08:25:55.882+0000] {dag.py:2585} INFO - Sync 1 DAGs
[2024-08-05T08:25:55.904+0000] {logging_mixin.py:120} INFO - [2024-08-05T08:25:55.904+0000] {dag.py:3340} INFO - Setting next_dagrun for example_task_group to 2024-08-04T08:25:55.904551+00:00, run_after=2024-08-05T08:25:55.904551+00:00
[2024-08-05T08:25:55.922+0000] {processor.py:176} INFO - Processing /home/airflow/.local/lib/python3.7/site-packages/airflow/example_dags/example_task_group.py took 0.095 seconds
[2024-08-05T08:26:26.438+0000] {processor.py:154} INFO - Started process (PID=10576) to work on /home/airflow/.local/lib/python3.7/site-packages/airflow/example_dags/example_task_group.py
[2024-08-05T08:26:26.440+0000] {processor.py:756} INFO - Processing file /home/airflow/.local/lib/python3.7/site-packages/airflow/example_dags/example_task_group.py for tasks to queue
[2024-08-05T08:26:26.442+0000] {logging_mixin.py:120} INFO - [2024-08-05T08:26:26.442+0000] {dagbag.py:537} INFO - Filling up the DagBag from /home/airflow/.local/lib/python3.7/site-packages/airflow/example_dags/example_task_group.py
[2024-08-05T08:26:26.462+0000] {processor.py:766} INFO - DAG(s) dict_keys(['example_task_group']) retrieved from /home/airflow/.local/lib/python3.7/site-packages/airflow/example_dags/example_task_group.py
[2024-08-05T08:26:26.525+0000] {logging_mixin.py:120} INFO - [2024-08-05T08:26:26.524+0000] {dag.py:2585} INFO - Sync 1 DAGs
[2024-08-05T08:26:26.563+0000] {logging_mixin.py:120} INFO - [2024-08-05T08:26:26.561+0000] {dag.py:3340} INFO - Setting next_dagrun for example_task_group to 2024-08-04T08:26:26.561173+00:00, run_after=2024-08-05T08:26:26.561173+00:00
[2024-08-05T08:26:26.588+0000] {processor.py:176} INFO - Processing /home/airflow/.local/lib/python3.7/site-packages/airflow/example_dags/example_task_group.py took 0.158 seconds
[2024-08-05T08:26:57.172+0000] {processor.py:154} INFO - Started process (PID=10634) to work on /home/airflow/.local/lib/python3.7/site-packages/airflow/example_dags/example_task_group.py
[2024-08-05T08:26:57.173+0000] {processor.py:756} INFO - Processing file /home/airflow/.local/lib/python3.7/site-packages/airflow/example_dags/example_task_group.py for tasks to queue
[2024-08-05T08:26:57.174+0000] {logging_mixin.py:120} INFO - [2024-08-05T08:26:57.174+0000] {dagbag.py:537} INFO - Filling up the DagBag from /home/airflow/.local/lib/python3.7/site-packages/airflow/example_dags/example_task_group.py
[2024-08-05T08:26:57.197+0000] {processor.py:766} INFO - DAG(s) dict_keys(['example_task_group']) retrieved from /home/airflow/.local/lib/python3.7/site-packages/airflow/example_dags/example_task_group.py
[2024-08-05T08:26:57.233+0000] {logging_mixin.py:120} INFO - [2024-08-05T08:26:57.232+0000] {dag.py:2585} INFO - Sync 1 DAGs
[2024-08-05T08:26:57.254+0000] {logging_mixin.py:120} INFO - [2024-08-05T08:26:57.254+0000] {dag.py:3340} INFO - Setting next_dagrun for example_task_group to 2024-08-04T08:26:57.254479+00:00, run_after=2024-08-05T08:26:57.254479+00:00
[2024-08-05T08:26:57.275+0000] {processor.py:176} INFO - Processing /home/airflow/.local/lib/python3.7/site-packages/airflow/example_dags/example_task_group.py took 0.107 seconds
[2024-08-05T08:27:28.232+0000] {processor.py:154} INFO - Started process (PID=10701) to work on /home/airflow/.local/lib/python3.7/site-packages/airflow/example_dags/example_task_group.py
[2024-08-05T08:27:28.233+0000] {processor.py:756} INFO - Processing file /home/airflow/.local/lib/python3.7/site-packages/airflow/example_dags/example_task_group.py for tasks to queue
[2024-08-05T08:27:28.237+0000] {logging_mixin.py:120} INFO - [2024-08-05T08:27:28.237+0000] {dagbag.py:537} INFO - Filling up the DagBag from /home/airflow/.local/lib/python3.7/site-packages/airflow/example_dags/example_task_group.py
[2024-08-05T08:27:28.266+0000] {processor.py:766} INFO - DAG(s) dict_keys(['example_task_group']) retrieved from /home/airflow/.local/lib/python3.7/site-packages/airflow/example_dags/example_task_group.py
[2024-08-05T08:27:28.309+0000] {logging_mixin.py:120} INFO - [2024-08-05T08:27:28.309+0000] {dag.py:2585} INFO - Sync 1 DAGs
[2024-08-05T08:27:28.337+0000] {logging_mixin.py:120} INFO - [2024-08-05T08:27:28.336+0000] {dag.py:3340} INFO - Setting next_dagrun for example_task_group to 2024-08-04T08:27:28.336151+00:00, run_after=2024-08-05T08:27:28.336151+00:00
[2024-08-05T08:27:28.358+0000] {processor.py:176} INFO - Processing /home/airflow/.local/lib/python3.7/site-packages/airflow/example_dags/example_task_group.py took 0.129 seconds
[2024-08-05T08:27:58.414+0000] {processor.py:154} INFO - Started process (PID=10767) to work on /home/airflow/.local/lib/python3.7/site-packages/airflow/example_dags/example_task_group.py
[2024-08-05T08:27:58.416+0000] {processor.py:756} INFO - Processing file /home/airflow/.local/lib/python3.7/site-packages/airflow/example_dags/example_task_group.py for tasks to queue
[2024-08-05T08:27:58.417+0000] {logging_mixin.py:120} INFO - [2024-08-05T08:27:58.417+0000] {dagbag.py:537} INFO - Filling up the DagBag from /home/airflow/.local/lib/python3.7/site-packages/airflow/example_dags/example_task_group.py
[2024-08-05T08:27:58.440+0000] {processor.py:766} INFO - DAG(s) dict_keys(['example_task_group']) retrieved from /home/airflow/.local/lib/python3.7/site-packages/airflow/example_dags/example_task_group.py
[2024-08-05T08:27:58.492+0000] {logging_mixin.py:120} INFO - [2024-08-05T08:27:58.492+0000] {dag.py:2585} INFO - Sync 1 DAGs
[2024-08-05T08:27:58.510+0000] {logging_mixin.py:120} INFO - [2024-08-05T08:27:58.510+0000] {dag.py:3340} INFO - Setting next_dagrun for example_task_group to 2024-08-04T08:27:58.510180+00:00, run_after=2024-08-05T08:27:58.510180+00:00
[2024-08-05T08:27:58.526+0000] {processor.py:176} INFO - Processing /home/airflow/.local/lib/python3.7/site-packages/airflow/example_dags/example_task_group.py took 0.118 seconds
[2024-08-05T08:28:28.855+0000] {processor.py:154} INFO - Started process (PID=10835) to work on /home/airflow/.local/lib/python3.7/site-packages/airflow/example_dags/example_task_group.py
[2024-08-05T08:28:28.856+0000] {processor.py:756} INFO - Processing file /home/airflow/.local/lib/python3.7/site-packages/airflow/example_dags/example_task_group.py for tasks to queue
[2024-08-05T08:28:28.857+0000] {logging_mixin.py:120} INFO - [2024-08-05T08:28:28.857+0000] {dagbag.py:537} INFO - Filling up the DagBag from /home/airflow/.local/lib/python3.7/site-packages/airflow/example_dags/example_task_group.py
[2024-08-05T08:28:28.869+0000] {processor.py:766} INFO - DAG(s) dict_keys(['example_task_group']) retrieved from /home/airflow/.local/lib/python3.7/site-packages/airflow/example_dags/example_task_group.py
[2024-08-05T08:28:28.901+0000] {logging_mixin.py:120} INFO - [2024-08-05T08:28:28.901+0000] {dag.py:2585} INFO - Sync 1 DAGs
[2024-08-05T08:28:28.920+0000] {logging_mixin.py:120} INFO - [2024-08-05T08:28:28.920+0000] {dag.py:3340} INFO - Setting next_dagrun for example_task_group to 2024-08-04T08:28:28.920618+00:00, run_after=2024-08-05T08:28:28.920618+00:00
[2024-08-05T08:28:28.952+0000] {processor.py:176} INFO - Processing /home/airflow/.local/lib/python3.7/site-packages/airflow/example_dags/example_task_group.py took 0.099 seconds
[2024-08-05T08:28:59.857+0000] {processor.py:154} INFO - Started process (PID=10902) to work on /home/airflow/.local/lib/python3.7/site-packages/airflow/example_dags/example_task_group.py
[2024-08-05T08:28:59.858+0000] {processor.py:756} INFO - Processing file /home/airflow/.local/lib/python3.7/site-packages/airflow/example_dags/example_task_group.py for tasks to queue
[2024-08-05T08:28:59.859+0000] {logging_mixin.py:120} INFO - [2024-08-05T08:28:59.858+0000] {dagbag.py:537} INFO - Filling up the DagBag from /home/airflow/.local/lib/python3.7/site-packages/airflow/example_dags/example_task_group.py
[2024-08-05T08:28:59.875+0000] {processor.py:766} INFO - DAG(s) dict_keys(['example_task_group']) retrieved from /home/airflow/.local/lib/python3.7/site-packages/airflow/example_dags/example_task_group.py
[2024-08-05T08:28:59.916+0000] {logging_mixin.py:120} INFO - [2024-08-05T08:28:59.916+0000] {dag.py:2585} INFO - Sync 1 DAGs
[2024-08-05T08:28:59.941+0000] {logging_mixin.py:120} INFO - [2024-08-05T08:28:59.941+0000] {dag.py:3340} INFO - Setting next_dagrun for example_task_group to 2024-08-04T08:28:59.940902+00:00, run_after=2024-08-05T08:28:59.940902+00:00
[2024-08-05T08:28:59.965+0000] {processor.py:176} INFO - Processing /home/airflow/.local/lib/python3.7/site-packages/airflow/example_dags/example_task_group.py took 0.111 seconds
[2024-08-05T08:29:30.167+0000] {processor.py:154} INFO - Started process (PID=10960) to work on /home/airflow/.local/lib/python3.7/site-packages/airflow/example_dags/example_task_group.py
[2024-08-05T08:29:30.168+0000] {processor.py:756} INFO - Processing file /home/airflow/.local/lib/python3.7/site-packages/airflow/example_dags/example_task_group.py for tasks to queue
[2024-08-05T08:29:30.169+0000] {logging_mixin.py:120} INFO - [2024-08-05T08:29:30.168+0000] {dagbag.py:537} INFO - Filling up the DagBag from /home/airflow/.local/lib/python3.7/site-packages/airflow/example_dags/example_task_group.py
[2024-08-05T08:29:30.182+0000] {processor.py:766} INFO - DAG(s) dict_keys(['example_task_group']) retrieved from /home/airflow/.local/lib/python3.7/site-packages/airflow/example_dags/example_task_group.py
[2024-08-05T08:29:30.220+0000] {logging_mixin.py:120} INFO - [2024-08-05T08:29:30.220+0000] {dag.py:2585} INFO - Sync 1 DAGs
[2024-08-05T08:29:30.244+0000] {logging_mixin.py:120} INFO - [2024-08-05T08:29:30.243+0000] {dag.py:3340} INFO - Setting next_dagrun for example_task_group to 2024-08-04T08:29:30.243516+00:00, run_after=2024-08-05T08:29:30.243516+00:00
[2024-08-05T08:29:30.264+0000] {processor.py:176} INFO - Processing /home/airflow/.local/lib/python3.7/site-packages/airflow/example_dags/example_task_group.py took 0.100 seconds
[2024-08-05T08:30:01.212+0000] {processor.py:154} INFO - Started process (PID=11026) to work on /home/airflow/.local/lib/python3.7/site-packages/airflow/example_dags/example_task_group.py
[2024-08-05T08:30:01.213+0000] {processor.py:756} INFO - Processing file /home/airflow/.local/lib/python3.7/site-packages/airflow/example_dags/example_task_group.py for tasks to queue
[2024-08-05T08:30:01.216+0000] {logging_mixin.py:120} INFO - [2024-08-05T08:30:01.214+0000] {dagbag.py:537} INFO - Filling up the DagBag from /home/airflow/.local/lib/python3.7/site-packages/airflow/example_dags/example_task_group.py
[2024-08-05T08:30:01.232+0000] {processor.py:766} INFO - DAG(s) dict_keys(['example_task_group']) retrieved from /home/airflow/.local/lib/python3.7/site-packages/airflow/example_dags/example_task_group.py
[2024-08-05T08:30:01.291+0000] {logging_mixin.py:120} INFO - [2024-08-05T08:30:01.290+0000] {dag.py:2585} INFO - Sync 1 DAGs
[2024-08-05T08:30:01.312+0000] {logging_mixin.py:120} INFO - [2024-08-05T08:30:01.312+0000] {dag.py:3340} INFO - Setting next_dagrun for example_task_group to 2024-08-04T08:30:01.311903+00:00, run_after=2024-08-05T08:30:01.311903+00:00
[2024-08-05T08:30:01.334+0000] {processor.py:176} INFO - Processing /home/airflow/.local/lib/python3.7/site-packages/airflow/example_dags/example_task_group.py took 0.125 seconds
[2024-08-05T08:30:31.451+0000] {processor.py:154} INFO - Started process (PID=11093) to work on /home/airflow/.local/lib/python3.7/site-packages/airflow/example_dags/example_task_group.py
[2024-08-05T08:30:31.452+0000] {processor.py:756} INFO - Processing file /home/airflow/.local/lib/python3.7/site-packages/airflow/example_dags/example_task_group.py for tasks to queue
[2024-08-05T08:30:31.453+0000] {logging_mixin.py:120} INFO - [2024-08-05T08:30:31.453+0000] {dagbag.py:537} INFO - Filling up the DagBag from /home/airflow/.local/lib/python3.7/site-packages/airflow/example_dags/example_task_group.py
[2024-08-05T08:30:31.464+0000] {processor.py:766} INFO - DAG(s) dict_keys(['example_task_group']) retrieved from /home/airflow/.local/lib/python3.7/site-packages/airflow/example_dags/example_task_group.py
[2024-08-05T08:30:31.496+0000] {logging_mixin.py:120} INFO - [2024-08-05T08:30:31.495+0000] {dag.py:2585} INFO - Sync 1 DAGs
[2024-08-05T08:30:31.514+0000] {logging_mixin.py:120} INFO - [2024-08-05T08:30:31.513+0000] {dag.py:3340} INFO - Setting next_dagrun for example_task_group to 2024-08-04T08:30:31.513713+00:00, run_after=2024-08-05T08:30:31.513713+00:00
[2024-08-05T08:30:31.535+0000] {processor.py:176} INFO - Processing /home/airflow/.local/lib/python3.7/site-packages/airflow/example_dags/example_task_group.py took 0.086 seconds
[2024-08-05T08:31:01.788+0000] {processor.py:154} INFO - Started process (PID=11160) to work on /home/airflow/.local/lib/python3.7/site-packages/airflow/example_dags/example_task_group.py
[2024-08-05T08:31:01.789+0000] {processor.py:756} INFO - Processing file /home/airflow/.local/lib/python3.7/site-packages/airflow/example_dags/example_task_group.py for tasks to queue
[2024-08-05T08:31:01.790+0000] {logging_mixin.py:120} INFO - [2024-08-05T08:31:01.790+0000] {dagbag.py:537} INFO - Filling up the DagBag from /home/airflow/.local/lib/python3.7/site-packages/airflow/example_dags/example_task_group.py
[2024-08-05T08:31:01.804+0000] {processor.py:766} INFO - DAG(s) dict_keys(['example_task_group']) retrieved from /home/airflow/.local/lib/python3.7/site-packages/airflow/example_dags/example_task_group.py
[2024-08-05T08:31:01.842+0000] {logging_mixin.py:120} INFO - [2024-08-05T08:31:01.842+0000] {dag.py:2585} INFO - Sync 1 DAGs
[2024-08-05T08:31:01.867+0000] {logging_mixin.py:120} INFO - [2024-08-05T08:31:01.867+0000] {dag.py:3340} INFO - Setting next_dagrun for example_task_group to 2024-08-04T08:31:01.867303+00:00, run_after=2024-08-05T08:31:01.867303+00:00
[2024-08-05T08:31:01.892+0000] {processor.py:176} INFO - Processing /home/airflow/.local/lib/python3.7/site-packages/airflow/example_dags/example_task_group.py took 0.106 seconds
[2024-08-05T08:31:32.406+0000] {processor.py:154} INFO - Started process (PID=11218) to work on /home/airflow/.local/lib/python3.7/site-packages/airflow/example_dags/example_task_group.py
[2024-08-05T08:31:32.490+0000] {processor.py:756} INFO - Processing file /home/airflow/.local/lib/python3.7/site-packages/airflow/example_dags/example_task_group.py for tasks to queue
[2024-08-05T08:31:32.507+0000] {logging_mixin.py:120} INFO - [2024-08-05T08:31:32.507+0000] {dagbag.py:537} INFO - Filling up the DagBag from /home/airflow/.local/lib/python3.7/site-packages/airflow/example_dags/example_task_group.py
[2024-08-05T08:31:32.562+0000] {processor.py:766} INFO - DAG(s) dict_keys(['example_task_group']) retrieved from /home/airflow/.local/lib/python3.7/site-packages/airflow/example_dags/example_task_group.py
[2024-08-05T08:31:32.664+0000] {logging_mixin.py:120} INFO - [2024-08-05T08:31:32.664+0000] {dag.py:2585} INFO - Sync 1 DAGs
[2024-08-05T08:31:32.689+0000] {logging_mixin.py:120} INFO - [2024-08-05T08:31:32.689+0000] {dag.py:3340} INFO - Setting next_dagrun for example_task_group to 2024-08-04T08:31:32.688812+00:00, run_after=2024-08-05T08:31:32.688812+00:00
[2024-08-05T08:31:32.707+0000] {processor.py:176} INFO - Processing /home/airflow/.local/lib/python3.7/site-packages/airflow/example_dags/example_task_group.py took 0.304 seconds
[2024-08-05T08:32:02.955+0000] {processor.py:154} INFO - Started process (PID=11285) to work on /home/airflow/.local/lib/python3.7/site-packages/airflow/example_dags/example_task_group.py
[2024-08-05T08:32:02.957+0000] {processor.py:756} INFO - Processing file /home/airflow/.local/lib/python3.7/site-packages/airflow/example_dags/example_task_group.py for tasks to queue
[2024-08-05T08:32:02.958+0000] {logging_mixin.py:120} INFO - [2024-08-05T08:32:02.958+0000] {dagbag.py:537} INFO - Filling up the DagBag from /home/airflow/.local/lib/python3.7/site-packages/airflow/example_dags/example_task_group.py
[2024-08-05T08:32:02.973+0000] {processor.py:766} INFO - DAG(s) dict_keys(['example_task_group']) retrieved from /home/airflow/.local/lib/python3.7/site-packages/airflow/example_dags/example_task_group.py
[2024-08-05T08:32:03.007+0000] {logging_mixin.py:120} INFO - [2024-08-05T08:32:03.007+0000] {dag.py:2585} INFO - Sync 1 DAGs
[2024-08-05T08:32:03.028+0000] {logging_mixin.py:120} INFO - [2024-08-05T08:32:03.028+0000] {dag.py:3340} INFO - Setting next_dagrun for example_task_group to 2024-08-04T08:32:03.028589+00:00, run_after=2024-08-05T08:32:03.028589+00:00
[2024-08-05T08:32:03.049+0000] {processor.py:176} INFO - Processing /home/airflow/.local/lib/python3.7/site-packages/airflow/example_dags/example_task_group.py took 0.098 seconds
[2024-08-05T08:32:33.889+0000] {processor.py:154} INFO - Started process (PID=11352) to work on /home/airflow/.local/lib/python3.7/site-packages/airflow/example_dags/example_task_group.py
[2024-08-05T08:32:33.891+0000] {processor.py:756} INFO - Processing file /home/airflow/.local/lib/python3.7/site-packages/airflow/example_dags/example_task_group.py for tasks to queue
[2024-08-05T08:32:33.892+0000] {logging_mixin.py:120} INFO - [2024-08-05T08:32:33.892+0000] {dagbag.py:537} INFO - Filling up the DagBag from /home/airflow/.local/lib/python3.7/site-packages/airflow/example_dags/example_task_group.py
[2024-08-05T08:32:33.909+0000] {processor.py:766} INFO - DAG(s) dict_keys(['example_task_group']) retrieved from /home/airflow/.local/lib/python3.7/site-packages/airflow/example_dags/example_task_group.py
[2024-08-05T08:32:33.948+0000] {logging_mixin.py:120} INFO - [2024-08-05T08:32:33.948+0000] {dag.py:2585} INFO - Sync 1 DAGs
[2024-08-05T08:32:33.969+0000] {logging_mixin.py:120} INFO - [2024-08-05T08:32:33.969+0000] {dag.py:3340} INFO - Setting next_dagrun for example_task_group to 2024-08-04T08:32:33.969303+00:00, run_after=2024-08-05T08:32:33.969303+00:00
[2024-08-05T08:32:33.989+0000] {processor.py:176} INFO - Processing /home/airflow/.local/lib/python3.7/site-packages/airflow/example_dags/example_task_group.py took 0.103 seconds
[2024-08-05T08:33:04.805+0000] {processor.py:154} INFO - Started process (PID=11420) to work on /home/airflow/.local/lib/python3.7/site-packages/airflow/example_dags/example_task_group.py
[2024-08-05T08:33:04.806+0000] {processor.py:756} INFO - Processing file /home/airflow/.local/lib/python3.7/site-packages/airflow/example_dags/example_task_group.py for tasks to queue
[2024-08-05T08:33:04.808+0000] {logging_mixin.py:120} INFO - [2024-08-05T08:33:04.807+0000] {dagbag.py:537} INFO - Filling up the DagBag from /home/airflow/.local/lib/python3.7/site-packages/airflow/example_dags/example_task_group.py
[2024-08-05T08:33:04.823+0000] {processor.py:766} INFO - DAG(s) dict_keys(['example_task_group']) retrieved from /home/airflow/.local/lib/python3.7/site-packages/airflow/example_dags/example_task_group.py
[2024-08-05T08:33:04.861+0000] {logging_mixin.py:120} INFO - [2024-08-05T08:33:04.861+0000] {dag.py:2585} INFO - Sync 1 DAGs
[2024-08-05T08:33:04.893+0000] {logging_mixin.py:120} INFO - [2024-08-05T08:33:04.893+0000] {dag.py:3340} INFO - Setting next_dagrun for example_task_group to 2024-08-04T08:33:04.892869+00:00, run_after=2024-08-05T08:33:04.892869+00:00
[2024-08-05T08:33:04.918+0000] {processor.py:176} INFO - Processing /home/airflow/.local/lib/python3.7/site-packages/airflow/example_dags/example_task_group.py took 0.116 seconds
[2024-08-05T08:33:35.889+0000] {processor.py:154} INFO - Started process (PID=11487) to work on /home/airflow/.local/lib/python3.7/site-packages/airflow/example_dags/example_task_group.py
[2024-08-05T08:33:35.890+0000] {processor.py:756} INFO - Processing file /home/airflow/.local/lib/python3.7/site-packages/airflow/example_dags/example_task_group.py for tasks to queue
[2024-08-05T08:33:35.891+0000] {logging_mixin.py:120} INFO - [2024-08-05T08:33:35.891+0000] {dagbag.py:537} INFO - Filling up the DagBag from /home/airflow/.local/lib/python3.7/site-packages/airflow/example_dags/example_task_group.py
[2024-08-05T08:33:35.908+0000] {processor.py:766} INFO - DAG(s) dict_keys(['example_task_group']) retrieved from /home/airflow/.local/lib/python3.7/site-packages/airflow/example_dags/example_task_group.py
[2024-08-05T08:33:35.956+0000] {logging_mixin.py:120} INFO - [2024-08-05T08:33:35.956+0000] {dag.py:2585} INFO - Sync 1 DAGs
[2024-08-05T08:33:35.988+0000] {logging_mixin.py:120} INFO - [2024-08-05T08:33:35.988+0000] {dag.py:3340} INFO - Setting next_dagrun for example_task_group to 2024-08-04T08:33:35.988122+00:00, run_after=2024-08-05T08:33:35.988122+00:00
[2024-08-05T08:33:36.016+0000] {processor.py:176} INFO - Processing /home/airflow/.local/lib/python3.7/site-packages/airflow/example_dags/example_task_group.py took 0.131 seconds
[2024-08-05T08:34:07.022+0000] {processor.py:154} INFO - Started process (PID=11552) to work on /home/airflow/.local/lib/python3.7/site-packages/airflow/example_dags/example_task_group.py
[2024-08-05T08:34:07.152+0000] {processor.py:756} INFO - Processing file /home/airflow/.local/lib/python3.7/site-packages/airflow/example_dags/example_task_group.py for tasks to queue
[2024-08-05T08:34:07.153+0000] {logging_mixin.py:120} INFO - [2024-08-05T08:34:07.153+0000] {dagbag.py:537} INFO - Filling up the DagBag from /home/airflow/.local/lib/python3.7/site-packages/airflow/example_dags/example_task_group.py
[2024-08-05T08:34:07.168+0000] {processor.py:766} INFO - DAG(s) dict_keys(['example_task_group']) retrieved from /home/airflow/.local/lib/python3.7/site-packages/airflow/example_dags/example_task_group.py
[2024-08-05T08:34:07.214+0000] {logging_mixin.py:120} INFO - [2024-08-05T08:34:07.214+0000] {dag.py:2585} INFO - Sync 1 DAGs
[2024-08-05T08:34:07.239+0000] {logging_mixin.py:120} INFO - [2024-08-05T08:34:07.238+0000] {dag.py:3340} INFO - Setting next_dagrun for example_task_group to 2024-08-04T08:34:07.238701+00:00, run_after=2024-08-05T08:34:07.238701+00:00
[2024-08-05T08:34:07.277+0000] {processor.py:176} INFO - Processing /home/airflow/.local/lib/python3.7/site-packages/airflow/example_dags/example_task_group.py took 0.257 seconds
[2024-08-05T08:34:37.991+0000] {processor.py:154} INFO - Started process (PID=11612) to work on /home/airflow/.local/lib/python3.7/site-packages/airflow/example_dags/example_task_group.py
[2024-08-05T08:34:37.992+0000] {processor.py:756} INFO - Processing file /home/airflow/.local/lib/python3.7/site-packages/airflow/example_dags/example_task_group.py for tasks to queue
[2024-08-05T08:34:37.993+0000] {logging_mixin.py:120} INFO - [2024-08-05T08:34:37.993+0000] {dagbag.py:537} INFO - Filling up the DagBag from /home/airflow/.local/lib/python3.7/site-packages/airflow/example_dags/example_task_group.py
[2024-08-05T08:34:38.009+0000] {processor.py:766} INFO - DAG(s) dict_keys(['example_task_group']) retrieved from /home/airflow/.local/lib/python3.7/site-packages/airflow/example_dags/example_task_group.py
[2024-08-05T08:34:38.050+0000] {logging_mixin.py:120} INFO - [2024-08-05T08:34:38.050+0000] {dag.py:2585} INFO - Sync 1 DAGs
[2024-08-05T08:34:38.071+0000] {logging_mixin.py:120} INFO - [2024-08-05T08:34:38.071+0000] {dag.py:3340} INFO - Setting next_dagrun for example_task_group to 2024-08-04T08:34:38.071387+00:00, run_after=2024-08-05T08:34:38.071387+00:00
[2024-08-05T08:34:38.090+0000] {processor.py:176} INFO - Processing /home/airflow/.local/lib/python3.7/site-packages/airflow/example_dags/example_task_group.py took 0.103 seconds
[2024-08-05T08:35:08.179+0000] {processor.py:154} INFO - Started process (PID=11679) to work on /home/airflow/.local/lib/python3.7/site-packages/airflow/example_dags/example_task_group.py
[2024-08-05T08:35:08.180+0000] {processor.py:756} INFO - Processing file /home/airflow/.local/lib/python3.7/site-packages/airflow/example_dags/example_task_group.py for tasks to queue
[2024-08-05T08:35:08.180+0000] {logging_mixin.py:120} INFO - [2024-08-05T08:35:08.180+0000] {dagbag.py:537} INFO - Filling up the DagBag from /home/airflow/.local/lib/python3.7/site-packages/airflow/example_dags/example_task_group.py
[2024-08-05T08:35:08.192+0000] {processor.py:766} INFO - DAG(s) dict_keys(['example_task_group']) retrieved from /home/airflow/.local/lib/python3.7/site-packages/airflow/example_dags/example_task_group.py
[2024-08-05T08:35:08.227+0000] {logging_mixin.py:120} INFO - [2024-08-05T08:35:08.227+0000] {dag.py:2585} INFO - Sync 1 DAGs
[2024-08-05T08:35:08.247+0000] {logging_mixin.py:120} INFO - [2024-08-05T08:35:08.247+0000] {dag.py:3340} INFO - Setting next_dagrun for example_task_group to 2024-08-04T08:35:08.246937+00:00, run_after=2024-08-05T08:35:08.246937+00:00
[2024-08-05T08:35:08.268+0000] {processor.py:176} INFO - Processing /home/airflow/.local/lib/python3.7/site-packages/airflow/example_dags/example_task_group.py took 0.093 seconds
[2024-08-05T08:35:39.100+0000] {processor.py:154} INFO - Started process (PID=11746) to work on /home/airflow/.local/lib/python3.7/site-packages/airflow/example_dags/example_task_group.py
[2024-08-05T08:35:39.102+0000] {processor.py:756} INFO - Processing file /home/airflow/.local/lib/python3.7/site-packages/airflow/example_dags/example_task_group.py for tasks to queue
[2024-08-05T08:35:39.103+0000] {logging_mixin.py:120} INFO - [2024-08-05T08:35:39.103+0000] {dagbag.py:537} INFO - Filling up the DagBag from /home/airflow/.local/lib/python3.7/site-packages/airflow/example_dags/example_task_group.py
[2024-08-05T08:35:39.120+0000] {processor.py:766} INFO - DAG(s) dict_keys(['example_task_group']) retrieved from /home/airflow/.local/lib/python3.7/site-packages/airflow/example_dags/example_task_group.py
[2024-08-05T08:35:39.159+0000] {logging_mixin.py:120} INFO - [2024-08-05T08:35:39.158+0000] {dag.py:2585} INFO - Sync 1 DAGs
[2024-08-05T08:35:39.184+0000] {logging_mixin.py:120} INFO - [2024-08-05T08:35:39.184+0000] {dag.py:3340} INFO - Setting next_dagrun for example_task_group to 2024-08-04T08:35:39.184096+00:00, run_after=2024-08-05T08:35:39.184096+00:00
[2024-08-05T08:35:39.209+0000] {processor.py:176} INFO - Processing /home/airflow/.local/lib/python3.7/site-packages/airflow/example_dags/example_task_group.py took 0.113 seconds
[2024-08-05T08:36:11.496+0000] {processor.py:154} INFO - Started process (PID=11814) to work on /home/airflow/.local/lib/python3.7/site-packages/airflow/example_dags/example_task_group.py
[2024-08-05T08:36:11.497+0000] {processor.py:756} INFO - Processing file /home/airflow/.local/lib/python3.7/site-packages/airflow/example_dags/example_task_group.py for tasks to queue
[2024-08-05T08:36:11.498+0000] {logging_mixin.py:120} INFO - [2024-08-05T08:36:11.498+0000] {dagbag.py:537} INFO - Filling up the DagBag from /home/airflow/.local/lib/python3.7/site-packages/airflow/example_dags/example_task_group.py
[2024-08-05T08:36:11.512+0000] {processor.py:766} INFO - DAG(s) dict_keys(['example_task_group']) retrieved from /home/airflow/.local/lib/python3.7/site-packages/airflow/example_dags/example_task_group.py
[2024-08-05T08:36:11.549+0000] {logging_mixin.py:120} INFO - [2024-08-05T08:36:11.548+0000] {dag.py:2585} INFO - Sync 1 DAGs
[2024-08-05T08:36:11.604+0000] {logging_mixin.py:120} INFO - [2024-08-05T08:36:11.603+0000] {dag.py:3340} INFO - Setting next_dagrun for example_task_group to 2024-08-04T08:36:11.603550+00:00, run_after=2024-08-05T08:36:11.603550+00:00
[2024-08-05T08:36:11.642+0000] {processor.py:176} INFO - Processing /home/airflow/.local/lib/python3.7/site-packages/airflow/example_dags/example_task_group.py took 0.149 seconds
[2024-08-05T08:36:41.900+0000] {processor.py:154} INFO - Started process (PID=11881) to work on /home/airflow/.local/lib/python3.7/site-packages/airflow/example_dags/example_task_group.py
[2024-08-05T08:36:41.900+0000] {processor.py:756} INFO - Processing file /home/airflow/.local/lib/python3.7/site-packages/airflow/example_dags/example_task_group.py for tasks to queue
[2024-08-05T08:36:41.902+0000] {logging_mixin.py:120} INFO - [2024-08-05T08:36:41.902+0000] {dagbag.py:537} INFO - Filling up the DagBag from /home/airflow/.local/lib/python3.7/site-packages/airflow/example_dags/example_task_group.py
[2024-08-05T08:36:41.915+0000] {processor.py:766} INFO - DAG(s) dict_keys(['example_task_group']) retrieved from /home/airflow/.local/lib/python3.7/site-packages/airflow/example_dags/example_task_group.py
[2024-08-05T08:36:41.956+0000] {logging_mixin.py:120} INFO - [2024-08-05T08:36:41.956+0000] {dag.py:2585} INFO - Sync 1 DAGs
[2024-08-05T08:36:41.980+0000] {logging_mixin.py:120} INFO - [2024-08-05T08:36:41.980+0000] {dag.py:3340} INFO - Setting next_dagrun for example_task_group to 2024-08-04T08:36:41.980161+00:00, run_after=2024-08-05T08:36:41.980161+00:00
[2024-08-05T08:36:42.010+0000] {processor.py:176} INFO - Processing /home/airflow/.local/lib/python3.7/site-packages/airflow/example_dags/example_task_group.py took 0.113 seconds
[2024-08-05T08:37:12.084+0000] {processor.py:154} INFO - Started process (PID=11938) to work on /home/airflow/.local/lib/python3.7/site-packages/airflow/example_dags/example_task_group.py
[2024-08-05T08:37:12.085+0000] {processor.py:756} INFO - Processing file /home/airflow/.local/lib/python3.7/site-packages/airflow/example_dags/example_task_group.py for tasks to queue
[2024-08-05T08:37:12.085+0000] {logging_mixin.py:120} INFO - [2024-08-05T08:37:12.085+0000] {dagbag.py:537} INFO - Filling up the DagBag from /home/airflow/.local/lib/python3.7/site-packages/airflow/example_dags/example_task_group.py
[2024-08-05T08:37:12.099+0000] {processor.py:766} INFO - DAG(s) dict_keys(['example_task_group']) retrieved from /home/airflow/.local/lib/python3.7/site-packages/airflow/example_dags/example_task_group.py
[2024-08-05T08:37:12.132+0000] {logging_mixin.py:120} INFO - [2024-08-05T08:37:12.132+0000] {dag.py:2585} INFO - Sync 1 DAGs
[2024-08-05T08:37:12.155+0000] {logging_mixin.py:120} INFO - [2024-08-05T08:37:12.155+0000] {dag.py:3340} INFO - Setting next_dagrun for example_task_group to 2024-08-04T08:37:12.155484+00:00, run_after=2024-08-05T08:37:12.155484+00:00
[2024-08-05T08:37:12.179+0000] {processor.py:176} INFO - Processing /home/airflow/.local/lib/python3.7/site-packages/airflow/example_dags/example_task_group.py took 0.098 seconds
[2024-08-05T08:37:42.314+0000] {processor.py:154} INFO - Started process (PID=12004) to work on /home/airflow/.local/lib/python3.7/site-packages/airflow/example_dags/example_task_group.py
[2024-08-05T08:37:42.315+0000] {processor.py:756} INFO - Processing file /home/airflow/.local/lib/python3.7/site-packages/airflow/example_dags/example_task_group.py for tasks to queue
[2024-08-05T08:37:42.316+0000] {logging_mixin.py:120} INFO - [2024-08-05T08:37:42.316+0000] {dagbag.py:537} INFO - Filling up the DagBag from /home/airflow/.local/lib/python3.7/site-packages/airflow/example_dags/example_task_group.py
[2024-08-05T08:37:42.329+0000] {processor.py:766} INFO - DAG(s) dict_keys(['example_task_group']) retrieved from /home/airflow/.local/lib/python3.7/site-packages/airflow/example_dags/example_task_group.py
[2024-08-05T08:37:42.365+0000] {logging_mixin.py:120} INFO - [2024-08-05T08:37:42.364+0000] {dag.py:2585} INFO - Sync 1 DAGs
[2024-08-05T08:37:42.387+0000] {logging_mixin.py:120} INFO - [2024-08-05T08:37:42.387+0000] {dag.py:3340} INFO - Setting next_dagrun for example_task_group to 2024-08-04T08:37:42.386904+00:00, run_after=2024-08-05T08:37:42.386904+00:00
[2024-08-05T08:37:42.410+0000] {processor.py:176} INFO - Processing /home/airflow/.local/lib/python3.7/site-packages/airflow/example_dags/example_task_group.py took 0.100 seconds
[2024-08-05T08:38:12.862+0000] {processor.py:154} INFO - Started process (PID=12072) to work on /home/airflow/.local/lib/python3.7/site-packages/airflow/example_dags/example_task_group.py
[2024-08-05T08:38:12.863+0000] {processor.py:756} INFO - Processing file /home/airflow/.local/lib/python3.7/site-packages/airflow/example_dags/example_task_group.py for tasks to queue
[2024-08-05T08:38:12.864+0000] {logging_mixin.py:120} INFO - [2024-08-05T08:38:12.864+0000] {dagbag.py:537} INFO - Filling up the DagBag from /home/airflow/.local/lib/python3.7/site-packages/airflow/example_dags/example_task_group.py
[2024-08-05T08:38:12.881+0000] {processor.py:766} INFO - DAG(s) dict_keys(['example_task_group']) retrieved from /home/airflow/.local/lib/python3.7/site-packages/airflow/example_dags/example_task_group.py
[2024-08-05T08:38:12.926+0000] {logging_mixin.py:120} INFO - [2024-08-05T08:38:12.926+0000] {dag.py:2585} INFO - Sync 1 DAGs
[2024-08-05T08:38:12.954+0000] {logging_mixin.py:120} INFO - [2024-08-05T08:38:12.954+0000] {dag.py:3340} INFO - Setting next_dagrun for example_task_group to 2024-08-04T08:38:12.953714+00:00, run_after=2024-08-05T08:38:12.953714+00:00
[2024-08-05T08:38:12.980+0000] {processor.py:176} INFO - Processing /home/airflow/.local/lib/python3.7/site-packages/airflow/example_dags/example_task_group.py took 0.120 seconds
[2024-08-05T08:38:43.710+0000] {processor.py:154} INFO - Started process (PID=12139) to work on /home/airflow/.local/lib/python3.7/site-packages/airflow/example_dags/example_task_group.py
[2024-08-05T08:38:43.710+0000] {processor.py:756} INFO - Processing file /home/airflow/.local/lib/python3.7/site-packages/airflow/example_dags/example_task_group.py for tasks to queue
[2024-08-05T08:38:43.711+0000] {logging_mixin.py:120} INFO - [2024-08-05T08:38:43.711+0000] {dagbag.py:537} INFO - Filling up the DagBag from /home/airflow/.local/lib/python3.7/site-packages/airflow/example_dags/example_task_group.py
[2024-08-05T08:38:43.729+0000] {processor.py:766} INFO - DAG(s) dict_keys(['example_task_group']) retrieved from /home/airflow/.local/lib/python3.7/site-packages/airflow/example_dags/example_task_group.py
[2024-08-05T08:38:43.763+0000] {logging_mixin.py:120} INFO - [2024-08-05T08:38:43.763+0000] {dag.py:2585} INFO - Sync 1 DAGs
[2024-08-05T08:38:43.784+0000] {logging_mixin.py:120} INFO - [2024-08-05T08:38:43.784+0000] {dag.py:3340} INFO - Setting next_dagrun for example_task_group to 2024-08-04T08:38:43.784479+00:00, run_after=2024-08-05T08:38:43.784479+00:00
[2024-08-05T08:38:43.801+0000] {processor.py:176} INFO - Processing /home/airflow/.local/lib/python3.7/site-packages/airflow/example_dags/example_task_group.py took 0.094 seconds
[2024-08-05T08:39:14.171+0000] {processor.py:154} INFO - Started process (PID=12197) to work on /home/airflow/.local/lib/python3.7/site-packages/airflow/example_dags/example_task_group.py
[2024-08-05T08:39:14.259+0000] {processor.py:756} INFO - Processing file /home/airflow/.local/lib/python3.7/site-packages/airflow/example_dags/example_task_group.py for tasks to queue
[2024-08-05T08:39:14.262+0000] {logging_mixin.py:120} INFO - [2024-08-05T08:39:14.262+0000] {dagbag.py:537} INFO - Filling up the DagBag from /home/airflow/.local/lib/python3.7/site-packages/airflow/example_dags/example_task_group.py
[2024-08-05T08:39:14.413+0000] {processor.py:766} INFO - DAG(s) dict_keys(['example_task_group']) retrieved from /home/airflow/.local/lib/python3.7/site-packages/airflow/example_dags/example_task_group.py
[2024-08-05T08:39:14.611+0000] {logging_mixin.py:120} INFO - [2024-08-05T08:39:14.610+0000] {dag.py:2585} INFO - Sync 1 DAGs
[2024-08-05T08:39:14.709+0000] {logging_mixin.py:120} INFO - [2024-08-05T08:39:14.708+0000] {dag.py:3340} INFO - Setting next_dagrun for example_task_group to 2024-08-04T08:39:14.708690+00:00, run_after=2024-08-05T08:39:14.708690+00:00
[2024-08-05T08:39:15.123+0000] {processor.py:176} INFO - Processing /home/airflow/.local/lib/python3.7/site-packages/airflow/example_dags/example_task_group.py took 0.955 seconds
[2024-08-05T08:39:45.304+0000] {processor.py:154} INFO - Started process (PID=12263) to work on /home/airflow/.local/lib/python3.7/site-packages/airflow/example_dags/example_task_group.py
[2024-08-05T08:39:45.306+0000] {processor.py:756} INFO - Processing file /home/airflow/.local/lib/python3.7/site-packages/airflow/example_dags/example_task_group.py for tasks to queue
[2024-08-05T08:39:45.307+0000] {logging_mixin.py:120} INFO - [2024-08-05T08:39:45.306+0000] {dagbag.py:537} INFO - Filling up the DagBag from /home/airflow/.local/lib/python3.7/site-packages/airflow/example_dags/example_task_group.py
[2024-08-05T08:39:45.321+0000] {processor.py:766} INFO - DAG(s) dict_keys(['example_task_group']) retrieved from /home/airflow/.local/lib/python3.7/site-packages/airflow/example_dags/example_task_group.py
[2024-08-05T08:39:45.354+0000] {logging_mixin.py:120} INFO - [2024-08-05T08:39:45.354+0000] {dag.py:2585} INFO - Sync 1 DAGs
[2024-08-05T08:39:45.376+0000] {logging_mixin.py:120} INFO - [2024-08-05T08:39:45.375+0000] {dag.py:3340} INFO - Setting next_dagrun for example_task_group to 2024-08-04T08:39:45.375657+00:00, run_after=2024-08-05T08:39:45.375657+00:00
[2024-08-05T08:39:45.395+0000] {processor.py:176} INFO - Processing /home/airflow/.local/lib/python3.7/site-packages/airflow/example_dags/example_task_group.py took 0.093 seconds
[2024-08-05T08:40:16.302+0000] {processor.py:154} INFO - Started process (PID=12330) to work on /home/airflow/.local/lib/python3.7/site-packages/airflow/example_dags/example_task_group.py
[2024-08-05T08:40:16.303+0000] {processor.py:756} INFO - Processing file /home/airflow/.local/lib/python3.7/site-packages/airflow/example_dags/example_task_group.py for tasks to queue
[2024-08-05T08:40:16.304+0000] {logging_mixin.py:120} INFO - [2024-08-05T08:40:16.304+0000] {dagbag.py:537} INFO - Filling up the DagBag from /home/airflow/.local/lib/python3.7/site-packages/airflow/example_dags/example_task_group.py
[2024-08-05T08:40:16.328+0000] {processor.py:766} INFO - DAG(s) dict_keys(['example_task_group']) retrieved from /home/airflow/.local/lib/python3.7/site-packages/airflow/example_dags/example_task_group.py
[2024-08-05T08:40:16.379+0000] {logging_mixin.py:120} INFO - [2024-08-05T08:40:16.379+0000] {dag.py:2585} INFO - Sync 1 DAGs
[2024-08-05T08:40:16.433+0000] {logging_mixin.py:120} INFO - [2024-08-05T08:40:16.433+0000] {dag.py:3340} INFO - Setting next_dagrun for example_task_group to 2024-08-04T08:40:16.432673+00:00, run_after=2024-08-05T08:40:16.432673+00:00
[2024-08-05T08:40:16.461+0000] {processor.py:176} INFO - Processing /home/airflow/.local/lib/python3.7/site-packages/airflow/example_dags/example_task_group.py took 0.162 seconds
[2024-08-05T08:40:46.899+0000] {processor.py:154} INFO - Started process (PID=12397) to work on /home/airflow/.local/lib/python3.7/site-packages/airflow/example_dags/example_task_group.py
[2024-08-05T08:40:46.900+0000] {processor.py:756} INFO - Processing file /home/airflow/.local/lib/python3.7/site-packages/airflow/example_dags/example_task_group.py for tasks to queue
[2024-08-05T08:40:46.901+0000] {logging_mixin.py:120} INFO - [2024-08-05T08:40:46.901+0000] {dagbag.py:537} INFO - Filling up the DagBag from /home/airflow/.local/lib/python3.7/site-packages/airflow/example_dags/example_task_group.py
[2024-08-05T08:40:46.928+0000] {processor.py:766} INFO - DAG(s) dict_keys(['example_task_group']) retrieved from /home/airflow/.local/lib/python3.7/site-packages/airflow/example_dags/example_task_group.py
[2024-08-05T08:40:46.980+0000] {logging_mixin.py:120} INFO - [2024-08-05T08:40:46.980+0000] {dag.py:2585} INFO - Sync 1 DAGs
[2024-08-05T08:40:47.013+0000] {logging_mixin.py:120} INFO - [2024-08-05T08:40:47.013+0000] {dag.py:3340} INFO - Setting next_dagrun for example_task_group to 2024-08-04T08:40:47.013379+00:00, run_after=2024-08-05T08:40:47.013379+00:00
[2024-08-05T08:40:47.085+0000] {processor.py:176} INFO - Processing /home/airflow/.local/lib/python3.7/site-packages/airflow/example_dags/example_task_group.py took 0.189 seconds
[2024-08-05T08:41:18.436+0000] {processor.py:154} INFO - Started process (PID=12455) to work on /home/airflow/.local/lib/python3.7/site-packages/airflow/example_dags/example_task_group.py
[2024-08-05T08:41:18.436+0000] {processor.py:756} INFO - Processing file /home/airflow/.local/lib/python3.7/site-packages/airflow/example_dags/example_task_group.py for tasks to queue
[2024-08-05T08:41:18.438+0000] {logging_mixin.py:120} INFO - [2024-08-05T08:41:18.438+0000] {dagbag.py:537} INFO - Filling up the DagBag from /home/airflow/.local/lib/python3.7/site-packages/airflow/example_dags/example_task_group.py
[2024-08-05T08:41:18.461+0000] {processor.py:766} INFO - DAG(s) dict_keys(['example_task_group']) retrieved from /home/airflow/.local/lib/python3.7/site-packages/airflow/example_dags/example_task_group.py
[2024-08-05T08:41:18.519+0000] {logging_mixin.py:120} INFO - [2024-08-05T08:41:18.518+0000] {dag.py:2585} INFO - Sync 1 DAGs
[2024-08-05T08:41:18.546+0000] {logging_mixin.py:120} INFO - [2024-08-05T08:41:18.546+0000] {dag.py:3340} INFO - Setting next_dagrun for example_task_group to 2024-08-04T08:41:18.545953+00:00, run_after=2024-08-05T08:41:18.545953+00:00
[2024-08-05T08:41:18.570+0000] {processor.py:176} INFO - Processing /home/airflow/.local/lib/python3.7/site-packages/airflow/example_dags/example_task_group.py took 0.137 seconds
[2024-08-05T08:41:49.255+0000] {processor.py:154} INFO - Started process (PID=12522) to work on /home/airflow/.local/lib/python3.7/site-packages/airflow/example_dags/example_task_group.py
[2024-08-05T08:41:49.257+0000] {processor.py:756} INFO - Processing file /home/airflow/.local/lib/python3.7/site-packages/airflow/example_dags/example_task_group.py for tasks to queue
[2024-08-05T08:41:49.259+0000] {logging_mixin.py:120} INFO - [2024-08-05T08:41:49.259+0000] {dagbag.py:537} INFO - Filling up the DagBag from /home/airflow/.local/lib/python3.7/site-packages/airflow/example_dags/example_task_group.py
[2024-08-05T08:41:49.282+0000] {processor.py:766} INFO - DAG(s) dict_keys(['example_task_group']) retrieved from /home/airflow/.local/lib/python3.7/site-packages/airflow/example_dags/example_task_group.py
[2024-08-05T08:41:49.329+0000] {logging_mixin.py:120} INFO - [2024-08-05T08:41:49.329+0000] {dag.py:2585} INFO - Sync 1 DAGs
[2024-08-05T08:41:49.349+0000] {logging_mixin.py:120} INFO - [2024-08-05T08:41:49.349+0000] {dag.py:3340} INFO - Setting next_dagrun for example_task_group to 2024-08-04T08:41:49.349342+00:00, run_after=2024-08-05T08:41:49.349342+00:00
[2024-08-05T08:41:49.368+0000] {processor.py:176} INFO - Processing /home/airflow/.local/lib/python3.7/site-packages/airflow/example_dags/example_task_group.py took 0.118 seconds
[2024-08-05T08:42:19.671+0000] {processor.py:154} INFO - Started process (PID=12589) to work on /home/airflow/.local/lib/python3.7/site-packages/airflow/example_dags/example_task_group.py
[2024-08-05T08:42:19.673+0000] {processor.py:756} INFO - Processing file /home/airflow/.local/lib/python3.7/site-packages/airflow/example_dags/example_task_group.py for tasks to queue
[2024-08-05T08:42:19.674+0000] {logging_mixin.py:120} INFO - [2024-08-05T08:42:19.674+0000] {dagbag.py:537} INFO - Filling up the DagBag from /home/airflow/.local/lib/python3.7/site-packages/airflow/example_dags/example_task_group.py
[2024-08-05T08:42:19.691+0000] {processor.py:766} INFO - DAG(s) dict_keys(['example_task_group']) retrieved from /home/airflow/.local/lib/python3.7/site-packages/airflow/example_dags/example_task_group.py
[2024-08-05T08:42:19.731+0000] {logging_mixin.py:120} INFO - [2024-08-05T08:42:19.731+0000] {dag.py:2585} INFO - Sync 1 DAGs
[2024-08-05T08:42:19.759+0000] {logging_mixin.py:120} INFO - [2024-08-05T08:42:19.759+0000] {dag.py:3340} INFO - Setting next_dagrun for example_task_group to 2024-08-04T08:42:19.759572+00:00, run_after=2024-08-05T08:42:19.759572+00:00
[2024-08-05T08:42:19.799+0000] {processor.py:176} INFO - Processing /home/airflow/.local/lib/python3.7/site-packages/airflow/example_dags/example_task_group.py took 0.131 seconds
[2024-08-05T08:42:50.475+0000] {processor.py:154} INFO - Started process (PID=12657) to work on /home/airflow/.local/lib/python3.7/site-packages/airflow/example_dags/example_task_group.py
[2024-08-05T08:42:50.476+0000] {processor.py:756} INFO - Processing file /home/airflow/.local/lib/python3.7/site-packages/airflow/example_dags/example_task_group.py for tasks to queue
[2024-08-05T08:42:50.478+0000] {logging_mixin.py:120} INFO - [2024-08-05T08:42:50.478+0000] {dagbag.py:537} INFO - Filling up the DagBag from /home/airflow/.local/lib/python3.7/site-packages/airflow/example_dags/example_task_group.py
[2024-08-05T08:42:50.509+0000] {processor.py:766} INFO - DAG(s) dict_keys(['example_task_group']) retrieved from /home/airflow/.local/lib/python3.7/site-packages/airflow/example_dags/example_task_group.py
[2024-08-05T08:42:50.661+0000] {logging_mixin.py:120} INFO - [2024-08-05T08:42:50.660+0000] {dag.py:2585} INFO - Sync 1 DAGs
[2024-08-05T08:42:50.744+0000] {logging_mixin.py:120} INFO - [2024-08-05T08:42:50.743+0000] {dag.py:3340} INFO - Setting next_dagrun for example_task_group to 2024-08-04T08:42:50.743571+00:00, run_after=2024-08-05T08:42:50.743571+00:00
[2024-08-05T08:42:50.795+0000] {processor.py:176} INFO - Processing /home/airflow/.local/lib/python3.7/site-packages/airflow/example_dags/example_task_group.py took 0.324 seconds
[2024-08-05T08:43:21.092+0000] {processor.py:154} INFO - Started process (PID=12715) to work on /home/airflow/.local/lib/python3.7/site-packages/airflow/example_dags/example_task_group.py
[2024-08-05T08:43:21.093+0000] {processor.py:756} INFO - Processing file /home/airflow/.local/lib/python3.7/site-packages/airflow/example_dags/example_task_group.py for tasks to queue
[2024-08-05T08:43:21.094+0000] {logging_mixin.py:120} INFO - [2024-08-05T08:43:21.094+0000] {dagbag.py:537} INFO - Filling up the DagBag from /home/airflow/.local/lib/python3.7/site-packages/airflow/example_dags/example_task_group.py
[2024-08-05T08:43:21.116+0000] {processor.py:766} INFO - DAG(s) dict_keys(['example_task_group']) retrieved from /home/airflow/.local/lib/python3.7/site-packages/airflow/example_dags/example_task_group.py
[2024-08-05T08:43:21.162+0000] {logging_mixin.py:120} INFO - [2024-08-05T08:43:21.161+0000] {dag.py:2585} INFO - Sync 1 DAGs
[2024-08-05T08:43:21.183+0000] {logging_mixin.py:120} INFO - [2024-08-05T08:43:21.182+0000] {dag.py:3340} INFO - Setting next_dagrun for example_task_group to 2024-08-04T08:43:21.182746+00:00, run_after=2024-08-05T08:43:21.182746+00:00
[2024-08-05T08:43:21.209+0000] {processor.py:176} INFO - Processing /home/airflow/.local/lib/python3.7/site-packages/airflow/example_dags/example_task_group.py took 0.120 seconds
[2024-08-05T08:43:51.799+0000] {processor.py:154} INFO - Started process (PID=12781) to work on /home/airflow/.local/lib/python3.7/site-packages/airflow/example_dags/example_task_group.py
[2024-08-05T08:43:51.801+0000] {processor.py:756} INFO - Processing file /home/airflow/.local/lib/python3.7/site-packages/airflow/example_dags/example_task_group.py for tasks to queue
[2024-08-05T08:43:51.802+0000] {logging_mixin.py:120} INFO - [2024-08-05T08:43:51.802+0000] {dagbag.py:537} INFO - Filling up the DagBag from /home/airflow/.local/lib/python3.7/site-packages/airflow/example_dags/example_task_group.py
[2024-08-05T08:43:51.815+0000] {processor.py:766} INFO - DAG(s) dict_keys(['example_task_group']) retrieved from /home/airflow/.local/lib/python3.7/site-packages/airflow/example_dags/example_task_group.py
[2024-08-05T08:43:51.848+0000] {logging_mixin.py:120} INFO - [2024-08-05T08:43:51.848+0000] {dag.py:2585} INFO - Sync 1 DAGs
[2024-08-05T08:43:51.865+0000] {logging_mixin.py:120} INFO - [2024-08-05T08:43:51.865+0000] {dag.py:3340} INFO - Setting next_dagrun for example_task_group to 2024-08-04T08:43:51.865013+00:00, run_after=2024-08-05T08:43:51.865013+00:00
[2024-08-05T08:43:51.882+0000] {processor.py:176} INFO - Processing /home/airflow/.local/lib/python3.7/site-packages/airflow/example_dags/example_task_group.py took 0.086 seconds
[2024-08-05T08:44:22.060+0000] {processor.py:154} INFO - Started process (PID=12848) to work on /home/airflow/.local/lib/python3.7/site-packages/airflow/example_dags/example_task_group.py
[2024-08-05T08:44:22.061+0000] {processor.py:756} INFO - Processing file /home/airflow/.local/lib/python3.7/site-packages/airflow/example_dags/example_task_group.py for tasks to queue
[2024-08-05T08:44:22.062+0000] {logging_mixin.py:120} INFO - [2024-08-05T08:44:22.062+0000] {dagbag.py:537} INFO - Filling up the DagBag from /home/airflow/.local/lib/python3.7/site-packages/airflow/example_dags/example_task_group.py
[2024-08-05T08:44:22.077+0000] {processor.py:766} INFO - DAG(s) dict_keys(['example_task_group']) retrieved from /home/airflow/.local/lib/python3.7/site-packages/airflow/example_dags/example_task_group.py
[2024-08-05T08:44:22.114+0000] {logging_mixin.py:120} INFO - [2024-08-05T08:44:22.114+0000] {dag.py:2585} INFO - Sync 1 DAGs
[2024-08-05T08:44:22.150+0000] {logging_mixin.py:120} INFO - [2024-08-05T08:44:22.150+0000] {dag.py:3340} INFO - Setting next_dagrun for example_task_group to 2024-08-04T08:44:22.150310+00:00, run_after=2024-08-05T08:44:22.150310+00:00
[2024-08-05T08:44:22.175+0000] {processor.py:176} INFO - Processing /home/airflow/.local/lib/python3.7/site-packages/airflow/example_dags/example_task_group.py took 0.118 seconds
[2024-08-05T08:44:52.463+0000] {processor.py:154} INFO - Started process (PID=12915) to work on /home/airflow/.local/lib/python3.7/site-packages/airflow/example_dags/example_task_group.py
[2024-08-05T08:44:52.465+0000] {processor.py:756} INFO - Processing file /home/airflow/.local/lib/python3.7/site-packages/airflow/example_dags/example_task_group.py for tasks to queue
[2024-08-05T08:44:52.466+0000] {logging_mixin.py:120} INFO - [2024-08-05T08:44:52.466+0000] {dagbag.py:537} INFO - Filling up the DagBag from /home/airflow/.local/lib/python3.7/site-packages/airflow/example_dags/example_task_group.py
[2024-08-05T08:44:52.484+0000] {processor.py:766} INFO - DAG(s) dict_keys(['example_task_group']) retrieved from /home/airflow/.local/lib/python3.7/site-packages/airflow/example_dags/example_task_group.py
[2024-08-05T08:44:52.523+0000] {logging_mixin.py:120} INFO - [2024-08-05T08:44:52.523+0000] {dag.py:2585} INFO - Sync 1 DAGs
[2024-08-05T08:44:52.560+0000] {logging_mixin.py:120} INFO - [2024-08-05T08:44:52.560+0000] {dag.py:3340} INFO - Setting next_dagrun for example_task_group to 2024-08-04T08:44:52.560136+00:00, run_after=2024-08-05T08:44:52.560136+00:00
[2024-08-05T08:44:52.585+0000] {processor.py:176} INFO - Processing /home/airflow/.local/lib/python3.7/site-packages/airflow/example_dags/example_task_group.py took 0.127 seconds
[2024-08-05T08:45:23.498+0000] {processor.py:154} INFO - Started process (PID=12973) to work on /home/airflow/.local/lib/python3.7/site-packages/airflow/example_dags/example_task_group.py
[2024-08-05T08:45:23.499+0000] {processor.py:756} INFO - Processing file /home/airflow/.local/lib/python3.7/site-packages/airflow/example_dags/example_task_group.py for tasks to queue
[2024-08-05T08:45:23.501+0000] {logging_mixin.py:120} INFO - [2024-08-05T08:45:23.500+0000] {dagbag.py:537} INFO - Filling up the DagBag from /home/airflow/.local/lib/python3.7/site-packages/airflow/example_dags/example_task_group.py
[2024-08-05T08:45:23.513+0000] {processor.py:766} INFO - DAG(s) dict_keys(['example_task_group']) retrieved from /home/airflow/.local/lib/python3.7/site-packages/airflow/example_dags/example_task_group.py
[2024-08-05T08:45:23.550+0000] {logging_mixin.py:120} INFO - [2024-08-05T08:45:23.549+0000] {dag.py:2585} INFO - Sync 1 DAGs
[2024-08-05T08:45:23.573+0000] {logging_mixin.py:120} INFO - [2024-08-05T08:45:23.573+0000] {dag.py:3340} INFO - Setting next_dagrun for example_task_group to 2024-08-04T08:45:23.573397+00:00, run_after=2024-08-05T08:45:23.573397+00:00
[2024-08-05T08:45:23.592+0000] {processor.py:176} INFO - Processing /home/airflow/.local/lib/python3.7/site-packages/airflow/example_dags/example_task_group.py took 0.098 seconds
[2024-08-05T08:45:53.809+0000] {processor.py:154} INFO - Started process (PID=13039) to work on /home/airflow/.local/lib/python3.7/site-packages/airflow/example_dags/example_task_group.py
[2024-08-05T08:45:53.810+0000] {processor.py:756} INFO - Processing file /home/airflow/.local/lib/python3.7/site-packages/airflow/example_dags/example_task_group.py for tasks to queue
[2024-08-05T08:45:53.811+0000] {logging_mixin.py:120} INFO - [2024-08-05T08:45:53.811+0000] {dagbag.py:537} INFO - Filling up the DagBag from /home/airflow/.local/lib/python3.7/site-packages/airflow/example_dags/example_task_group.py
[2024-08-05T08:45:53.824+0000] {processor.py:766} INFO - DAG(s) dict_keys(['example_task_group']) retrieved from /home/airflow/.local/lib/python3.7/site-packages/airflow/example_dags/example_task_group.py
[2024-08-05T08:45:53.854+0000] {logging_mixin.py:120} INFO - [2024-08-05T08:45:53.854+0000] {dag.py:2585} INFO - Sync 1 DAGs
[2024-08-05T08:45:53.919+0000] {logging_mixin.py:120} INFO - [2024-08-05T08:45:53.919+0000] {dag.py:3340} INFO - Setting next_dagrun for example_task_group to 2024-08-04T08:45:53.919320+00:00, run_after=2024-08-05T08:45:53.919320+00:00
[2024-08-05T08:45:53.949+0000] {processor.py:176} INFO - Processing /home/airflow/.local/lib/python3.7/site-packages/airflow/example_dags/example_task_group.py took 0.142 seconds
[2024-08-05T08:46:24.227+0000] {processor.py:154} INFO - Started process (PID=13106) to work on /home/airflow/.local/lib/python3.7/site-packages/airflow/example_dags/example_task_group.py
[2024-08-05T08:46:24.228+0000] {processor.py:756} INFO - Processing file /home/airflow/.local/lib/python3.7/site-packages/airflow/example_dags/example_task_group.py for tasks to queue
[2024-08-05T08:46:24.229+0000] {logging_mixin.py:120} INFO - [2024-08-05T08:46:24.229+0000] {dagbag.py:537} INFO - Filling up the DagBag from /home/airflow/.local/lib/python3.7/site-packages/airflow/example_dags/example_task_group.py
[2024-08-05T08:46:24.242+0000] {processor.py:766} INFO - DAG(s) dict_keys(['example_task_group']) retrieved from /home/airflow/.local/lib/python3.7/site-packages/airflow/example_dags/example_task_group.py
[2024-08-05T08:46:24.274+0000] {logging_mixin.py:120} INFO - [2024-08-05T08:46:24.274+0000] {dag.py:2585} INFO - Sync 1 DAGs
[2024-08-05T08:46:24.294+0000] {logging_mixin.py:120} INFO - [2024-08-05T08:46:24.293+0000] {dag.py:3340} INFO - Setting next_dagrun for example_task_group to 2024-08-04T08:46:24.293599+00:00, run_after=2024-08-05T08:46:24.293599+00:00
[2024-08-05T08:46:24.317+0000] {processor.py:176} INFO - Processing /home/airflow/.local/lib/python3.7/site-packages/airflow/example_dags/example_task_group.py took 0.093 seconds
[2024-08-05T08:46:54.860+0000] {processor.py:154} INFO - Started process (PID=13173) to work on /home/airflow/.local/lib/python3.7/site-packages/airflow/example_dags/example_task_group.py
[2024-08-05T08:46:54.867+0000] {processor.py:756} INFO - Processing file /home/airflow/.local/lib/python3.7/site-packages/airflow/example_dags/example_task_group.py for tasks to queue
[2024-08-05T08:46:54.868+0000] {logging_mixin.py:120} INFO - [2024-08-05T08:46:54.868+0000] {dagbag.py:537} INFO - Filling up the DagBag from /home/airflow/.local/lib/python3.7/site-packages/airflow/example_dags/example_task_group.py
[2024-08-05T08:46:54.894+0000] {processor.py:766} INFO - DAG(s) dict_keys(['example_task_group']) retrieved from /home/airflow/.local/lib/python3.7/site-packages/airflow/example_dags/example_task_group.py
[2024-08-05T08:46:54.961+0000] {logging_mixin.py:120} INFO - [2024-08-05T08:46:54.961+0000] {dag.py:2585} INFO - Sync 1 DAGs
[2024-08-05T08:46:54.990+0000] {logging_mixin.py:120} INFO - [2024-08-05T08:46:54.990+0000] {dag.py:3340} INFO - Setting next_dagrun for example_task_group to 2024-08-04T08:46:54.990582+00:00, run_after=2024-08-05T08:46:54.990582+00:00
[2024-08-05T08:46:55.019+0000] {processor.py:176} INFO - Processing /home/airflow/.local/lib/python3.7/site-packages/airflow/example_dags/example_task_group.py took 0.163 seconds
[2024-08-05T08:47:25.277+0000] {processor.py:154} INFO - Started process (PID=13241) to work on /home/airflow/.local/lib/python3.7/site-packages/airflow/example_dags/example_task_group.py
[2024-08-05T08:47:25.279+0000] {processor.py:756} INFO - Processing file /home/airflow/.local/lib/python3.7/site-packages/airflow/example_dags/example_task_group.py for tasks to queue
[2024-08-05T08:47:25.280+0000] {logging_mixin.py:120} INFO - [2024-08-05T08:47:25.280+0000] {dagbag.py:537} INFO - Filling up the DagBag from /home/airflow/.local/lib/python3.7/site-packages/airflow/example_dags/example_task_group.py
[2024-08-05T08:47:25.291+0000] {processor.py:766} INFO - DAG(s) dict_keys(['example_task_group']) retrieved from /home/airflow/.local/lib/python3.7/site-packages/airflow/example_dags/example_task_group.py
[2024-08-05T08:47:25.323+0000] {logging_mixin.py:120} INFO - [2024-08-05T08:47:25.323+0000] {dag.py:2585} INFO - Sync 1 DAGs
[2024-08-05T08:47:25.342+0000] {logging_mixin.py:120} INFO - [2024-08-05T08:47:25.342+0000] {dag.py:3340} INFO - Setting next_dagrun for example_task_group to 2024-08-04T08:47:25.341953+00:00, run_after=2024-08-05T08:47:25.341953+00:00
[2024-08-05T08:47:25.361+0000] {processor.py:176} INFO - Processing /home/airflow/.local/lib/python3.7/site-packages/airflow/example_dags/example_task_group.py took 0.091 seconds
[2024-08-05T08:47:56.138+0000] {processor.py:154} INFO - Started process (PID=13299) to work on /home/airflow/.local/lib/python3.7/site-packages/airflow/example_dags/example_task_group.py
[2024-08-05T08:47:56.175+0000] {processor.py:756} INFO - Processing file /home/airflow/.local/lib/python3.7/site-packages/airflow/example_dags/example_task_group.py for tasks to queue
[2024-08-05T08:47:56.239+0000] {logging_mixin.py:120} INFO - [2024-08-05T08:47:56.238+0000] {dagbag.py:537} INFO - Filling up the DagBag from /home/airflow/.local/lib/python3.7/site-packages/airflow/example_dags/example_task_group.py
[2024-08-05T08:47:56.278+0000] {processor.py:766} INFO - DAG(s) dict_keys(['example_task_group']) retrieved from /home/airflow/.local/lib/python3.7/site-packages/airflow/example_dags/example_task_group.py
[2024-08-05T08:47:56.343+0000] {logging_mixin.py:120} INFO - [2024-08-05T08:47:56.342+0000] {dag.py:2585} INFO - Sync 1 DAGs
[2024-08-05T08:47:56.368+0000] {logging_mixin.py:120} INFO - [2024-08-05T08:47:56.368+0000] {dag.py:3340} INFO - Setting next_dagrun for example_task_group to 2024-08-04T08:47:56.368080+00:00, run_after=2024-08-05T08:47:56.368080+00:00
[2024-08-05T08:47:56.396+0000] {processor.py:176} INFO - Processing /home/airflow/.local/lib/python3.7/site-packages/airflow/example_dags/example_task_group.py took 0.265 seconds
[2024-08-05T08:48:26.611+0000] {processor.py:154} INFO - Started process (PID=13368) to work on /home/airflow/.local/lib/python3.7/site-packages/airflow/example_dags/example_task_group.py
[2024-08-05T08:48:26.613+0000] {processor.py:756} INFO - Processing file /home/airflow/.local/lib/python3.7/site-packages/airflow/example_dags/example_task_group.py for tasks to queue
[2024-08-05T08:48:26.614+0000] {logging_mixin.py:120} INFO - [2024-08-05T08:48:26.613+0000] {dagbag.py:537} INFO - Filling up the DagBag from /home/airflow/.local/lib/python3.7/site-packages/airflow/example_dags/example_task_group.py
[2024-08-05T08:48:26.635+0000] {processor.py:766} INFO - DAG(s) dict_keys(['example_task_group']) retrieved from /home/airflow/.local/lib/python3.7/site-packages/airflow/example_dags/example_task_group.py
[2024-08-05T08:48:26.667+0000] {logging_mixin.py:120} INFO - [2024-08-05T08:48:26.667+0000] {dag.py:2585} INFO - Sync 1 DAGs
[2024-08-05T08:48:26.685+0000] {logging_mixin.py:120} INFO - [2024-08-05T08:48:26.685+0000] {dag.py:3340} INFO - Setting next_dagrun for example_task_group to 2024-08-04T08:48:26.685297+00:00, run_after=2024-08-05T08:48:26.685297+00:00
[2024-08-05T08:48:26.737+0000] {processor.py:176} INFO - Processing /home/airflow/.local/lib/python3.7/site-packages/airflow/example_dags/example_task_group.py took 0.131 seconds
[2024-08-05T08:48:57.210+0000] {processor.py:154} INFO - Started process (PID=13434) to work on /home/airflow/.local/lib/python3.7/site-packages/airflow/example_dags/example_task_group.py
[2024-08-05T08:48:57.211+0000] {processor.py:756} INFO - Processing file /home/airflow/.local/lib/python3.7/site-packages/airflow/example_dags/example_task_group.py for tasks to queue
[2024-08-05T08:48:57.212+0000] {logging_mixin.py:120} INFO - [2024-08-05T08:48:57.212+0000] {dagbag.py:537} INFO - Filling up the DagBag from /home/airflow/.local/lib/python3.7/site-packages/airflow/example_dags/example_task_group.py
[2024-08-05T08:48:57.226+0000] {processor.py:766} INFO - DAG(s) dict_keys(['example_task_group']) retrieved from /home/airflow/.local/lib/python3.7/site-packages/airflow/example_dags/example_task_group.py
[2024-08-05T08:48:57.292+0000] {logging_mixin.py:120} INFO - [2024-08-05T08:48:57.292+0000] {dag.py:2585} INFO - Sync 1 DAGs
[2024-08-05T08:48:57.312+0000] {logging_mixin.py:120} INFO - [2024-08-05T08:48:57.312+0000] {dag.py:3340} INFO - Setting next_dagrun for example_task_group to 2024-08-04T08:48:57.312116+00:00, run_after=2024-08-05T08:48:57.312116+00:00
[2024-08-05T08:48:57.331+0000] {processor.py:176} INFO - Processing /home/airflow/.local/lib/python3.7/site-packages/airflow/example_dags/example_task_group.py took 0.123 seconds
[2024-08-05T08:49:27.719+0000] {processor.py:154} INFO - Started process (PID=13501) to work on /home/airflow/.local/lib/python3.7/site-packages/airflow/example_dags/example_task_group.py
[2024-08-05T08:49:27.720+0000] {processor.py:756} INFO - Processing file /home/airflow/.local/lib/python3.7/site-packages/airflow/example_dags/example_task_group.py for tasks to queue
[2024-08-05T08:49:27.722+0000] {logging_mixin.py:120} INFO - [2024-08-05T08:49:27.721+0000] {dagbag.py:537} INFO - Filling up the DagBag from /home/airflow/.local/lib/python3.7/site-packages/airflow/example_dags/example_task_group.py
[2024-08-05T08:49:27.738+0000] {processor.py:766} INFO - DAG(s) dict_keys(['example_task_group']) retrieved from /home/airflow/.local/lib/python3.7/site-packages/airflow/example_dags/example_task_group.py
[2024-08-05T08:49:27.770+0000] {logging_mixin.py:120} INFO - [2024-08-05T08:49:27.770+0000] {dag.py:2585} INFO - Sync 1 DAGs
[2024-08-05T08:49:27.796+0000] {logging_mixin.py:120} INFO - [2024-08-05T08:49:27.795+0000] {dag.py:3340} INFO - Setting next_dagrun for example_task_group to 2024-08-04T08:49:27.795653+00:00, run_after=2024-08-05T08:49:27.795653+00:00
[2024-08-05T08:49:27.819+0000] {processor.py:176} INFO - Processing /home/airflow/.local/lib/python3.7/site-packages/airflow/example_dags/example_task_group.py took 0.101 seconds
[2024-08-05T08:49:58.015+0000] {processor.py:154} INFO - Started process (PID=13566) to work on /home/airflow/.local/lib/python3.7/site-packages/airflow/example_dags/example_task_group.py
[2024-08-05T08:49:58.016+0000] {processor.py:756} INFO - Processing file /home/airflow/.local/lib/python3.7/site-packages/airflow/example_dags/example_task_group.py for tasks to queue
[2024-08-05T08:49:58.019+0000] {logging_mixin.py:120} INFO - [2024-08-05T08:49:58.019+0000] {dagbag.py:537} INFO - Filling up the DagBag from /home/airflow/.local/lib/python3.7/site-packages/airflow/example_dags/example_task_group.py
[2024-08-05T08:49:58.031+0000] {processor.py:766} INFO - DAG(s) dict_keys(['example_task_group']) retrieved from /home/airflow/.local/lib/python3.7/site-packages/airflow/example_dags/example_task_group.py
[2024-08-05T08:49:58.075+0000] {logging_mixin.py:120} INFO - [2024-08-05T08:49:58.075+0000] {dag.py:2585} INFO - Sync 1 DAGs
[2024-08-05T08:49:58.096+0000] {logging_mixin.py:120} INFO - [2024-08-05T08:49:58.095+0000] {dag.py:3340} INFO - Setting next_dagrun for example_task_group to 2024-08-04T08:49:58.095534+00:00, run_after=2024-08-05T08:49:58.095534+00:00
[2024-08-05T08:49:58.121+0000] {processor.py:176} INFO - Processing /home/airflow/.local/lib/python3.7/site-packages/airflow/example_dags/example_task_group.py took 0.108 seconds
[2024-08-05T08:50:28.372+0000] {processor.py:154} INFO - Started process (PID=13626) to work on /home/airflow/.local/lib/python3.7/site-packages/airflow/example_dags/example_task_group.py
[2024-08-05T08:50:28.374+0000] {processor.py:756} INFO - Processing file /home/airflow/.local/lib/python3.7/site-packages/airflow/example_dags/example_task_group.py for tasks to queue
[2024-08-05T08:50:28.374+0000] {logging_mixin.py:120} INFO - [2024-08-05T08:50:28.374+0000] {dagbag.py:537} INFO - Filling up the DagBag from /home/airflow/.local/lib/python3.7/site-packages/airflow/example_dags/example_task_group.py
[2024-08-05T08:50:28.392+0000] {processor.py:766} INFO - DAG(s) dict_keys(['example_task_group']) retrieved from /home/airflow/.local/lib/python3.7/site-packages/airflow/example_dags/example_task_group.py
[2024-08-05T08:50:28.437+0000] {logging_mixin.py:120} INFO - [2024-08-05T08:50:28.437+0000] {dag.py:2585} INFO - Sync 1 DAGs
[2024-08-05T08:50:28.461+0000] {logging_mixin.py:120} INFO - [2024-08-05T08:50:28.461+0000] {dag.py:3340} INFO - Setting next_dagrun for example_task_group to 2024-08-04T08:50:28.461315+00:00, run_after=2024-08-05T08:50:28.461315+00:00
[2024-08-05T08:50:28.490+0000] {processor.py:176} INFO - Processing /home/airflow/.local/lib/python3.7/site-packages/airflow/example_dags/example_task_group.py took 0.120 seconds
[2024-08-05T08:50:59.113+0000] {processor.py:154} INFO - Started process (PID=13693) to work on /home/airflow/.local/lib/python3.7/site-packages/airflow/example_dags/example_task_group.py
[2024-08-05T08:50:59.115+0000] {processor.py:756} INFO - Processing file /home/airflow/.local/lib/python3.7/site-packages/airflow/example_dags/example_task_group.py for tasks to queue
[2024-08-05T08:50:59.116+0000] {logging_mixin.py:120} INFO - [2024-08-05T08:50:59.116+0000] {dagbag.py:537} INFO - Filling up the DagBag from /home/airflow/.local/lib/python3.7/site-packages/airflow/example_dags/example_task_group.py
[2024-08-05T08:50:59.126+0000] {processor.py:766} INFO - DAG(s) dict_keys(['example_task_group']) retrieved from /home/airflow/.local/lib/python3.7/site-packages/airflow/example_dags/example_task_group.py
[2024-08-05T08:50:59.163+0000] {logging_mixin.py:120} INFO - [2024-08-05T08:50:59.163+0000] {dag.py:2585} INFO - Sync 1 DAGs
[2024-08-05T08:50:59.202+0000] {logging_mixin.py:120} INFO - [2024-08-05T08:50:59.202+0000] {dag.py:3340} INFO - Setting next_dagrun for example_task_group to 2024-08-04T08:50:59.202687+00:00, run_after=2024-08-05T08:50:59.202687+00:00
[2024-08-05T08:50:59.221+0000] {processor.py:176} INFO - Processing /home/airflow/.local/lib/python3.7/site-packages/airflow/example_dags/example_task_group.py took 0.111 seconds
[2024-08-05T08:51:29.867+0000] {processor.py:154} INFO - Started process (PID=13759) to work on /home/airflow/.local/lib/python3.7/site-packages/airflow/example_dags/example_task_group.py
[2024-08-05T08:51:29.870+0000] {processor.py:756} INFO - Processing file /home/airflow/.local/lib/python3.7/site-packages/airflow/example_dags/example_task_group.py for tasks to queue
[2024-08-05T08:51:29.873+0000] {logging_mixin.py:120} INFO - [2024-08-05T08:51:29.872+0000] {dagbag.py:537} INFO - Filling up the DagBag from /home/airflow/.local/lib/python3.7/site-packages/airflow/example_dags/example_task_group.py
[2024-08-05T08:51:29.909+0000] {processor.py:766} INFO - DAG(s) dict_keys(['example_task_group']) retrieved from /home/airflow/.local/lib/python3.7/site-packages/airflow/example_dags/example_task_group.py
[2024-08-05T08:51:29.952+0000] {logging_mixin.py:120} INFO - [2024-08-05T08:51:29.952+0000] {dag.py:2585} INFO - Sync 1 DAGs
[2024-08-05T08:51:29.971+0000] {logging_mixin.py:120} INFO - [2024-08-05T08:51:29.971+0000] {dag.py:3340} INFO - Setting next_dagrun for example_task_group to 2024-08-04T08:51:29.970907+00:00, run_after=2024-08-05T08:51:29.970907+00:00
[2024-08-05T08:51:29.989+0000] {processor.py:176} INFO - Processing /home/airflow/.local/lib/python3.7/site-packages/airflow/example_dags/example_task_group.py took 0.128 seconds
[2024-08-05T08:52:01.769+0000] {processor.py:154} INFO - Started process (PID=13826) to work on /home/airflow/.local/lib/python3.7/site-packages/airflow/example_dags/example_task_group.py
[2024-08-05T08:52:01.770+0000] {processor.py:756} INFO - Processing file /home/airflow/.local/lib/python3.7/site-packages/airflow/example_dags/example_task_group.py for tasks to queue
[2024-08-05T08:52:01.770+0000] {logging_mixin.py:120} INFO - [2024-08-05T08:52:01.770+0000] {dagbag.py:537} INFO - Filling up the DagBag from /home/airflow/.local/lib/python3.7/site-packages/airflow/example_dags/example_task_group.py
[2024-08-05T08:52:01.782+0000] {processor.py:766} INFO - DAG(s) dict_keys(['example_task_group']) retrieved from /home/airflow/.local/lib/python3.7/site-packages/airflow/example_dags/example_task_group.py
[2024-08-05T08:52:01.828+0000] {logging_mixin.py:120} INFO - [2024-08-05T08:52:01.827+0000] {dag.py:2585} INFO - Sync 1 DAGs
[2024-08-05T08:52:01.853+0000] {logging_mixin.py:120} INFO - [2024-08-05T08:52:01.853+0000] {dag.py:3340} INFO - Setting next_dagrun for example_task_group to 2024-08-04T08:52:01.852798+00:00, run_after=2024-08-05T08:52:01.852798+00:00
[2024-08-05T08:52:01.875+0000] {processor.py:176} INFO - Processing /home/airflow/.local/lib/python3.7/site-packages/airflow/example_dags/example_task_group.py took 0.108 seconds
[2024-08-05T08:52:32.751+0000] {processor.py:154} INFO - Started process (PID=13891) to work on /home/airflow/.local/lib/python3.7/site-packages/airflow/example_dags/example_task_group.py
[2024-08-05T08:52:32.753+0000] {processor.py:756} INFO - Processing file /home/airflow/.local/lib/python3.7/site-packages/airflow/example_dags/example_task_group.py for tasks to queue
[2024-08-05T08:52:32.754+0000] {logging_mixin.py:120} INFO - [2024-08-05T08:52:32.754+0000] {dagbag.py:537} INFO - Filling up the DagBag from /home/airflow/.local/lib/python3.7/site-packages/airflow/example_dags/example_task_group.py
[2024-08-05T08:52:32.768+0000] {processor.py:766} INFO - DAG(s) dict_keys(['example_task_group']) retrieved from /home/airflow/.local/lib/python3.7/site-packages/airflow/example_dags/example_task_group.py
[2024-08-05T08:52:32.801+0000] {logging_mixin.py:120} INFO - [2024-08-05T08:52:32.801+0000] {dag.py:2585} INFO - Sync 1 DAGs
[2024-08-05T08:52:32.819+0000] {logging_mixin.py:120} INFO - [2024-08-05T08:52:32.819+0000] {dag.py:3340} INFO - Setting next_dagrun for example_task_group to 2024-08-04T08:52:32.819415+00:00, run_after=2024-08-05T08:52:32.819415+00:00
[2024-08-05T08:52:32.839+0000] {processor.py:176} INFO - Processing /home/airflow/.local/lib/python3.7/site-packages/airflow/example_dags/example_task_group.py took 0.090 seconds
[2024-08-05T08:53:03.317+0000] {processor.py:154} INFO - Started process (PID=13950) to work on /home/airflow/.local/lib/python3.7/site-packages/airflow/example_dags/example_task_group.py
[2024-08-05T08:53:03.323+0000] {processor.py:756} INFO - Processing file /home/airflow/.local/lib/python3.7/site-packages/airflow/example_dags/example_task_group.py for tasks to queue
[2024-08-05T08:53:03.355+0000] {logging_mixin.py:120} INFO - [2024-08-05T08:53:03.354+0000] {dagbag.py:537} INFO - Filling up the DagBag from /home/airflow/.local/lib/python3.7/site-packages/airflow/example_dags/example_task_group.py
[2024-08-05T08:53:03.387+0000] {processor.py:766} INFO - DAG(s) dict_keys(['example_task_group']) retrieved from /home/airflow/.local/lib/python3.7/site-packages/airflow/example_dags/example_task_group.py
[2024-08-05T08:53:03.460+0000] {logging_mixin.py:120} INFO - [2024-08-05T08:53:03.460+0000] {dag.py:2585} INFO - Sync 1 DAGs
[2024-08-05T08:53:03.487+0000] {logging_mixin.py:120} INFO - [2024-08-05T08:53:03.487+0000] {dag.py:3340} INFO - Setting next_dagrun for example_task_group to 2024-08-04T08:53:03.487405+00:00, run_after=2024-08-05T08:53:03.487405+00:00
[2024-08-05T08:53:03.505+0000] {processor.py:176} INFO - Processing /home/airflow/.local/lib/python3.7/site-packages/airflow/example_dags/example_task_group.py took 0.191 seconds
[2024-08-05T08:53:33.622+0000] {processor.py:154} INFO - Started process (PID=14017) to work on /home/airflow/.local/lib/python3.7/site-packages/airflow/example_dags/example_task_group.py
[2024-08-05T08:53:33.624+0000] {processor.py:756} INFO - Processing file /home/airflow/.local/lib/python3.7/site-packages/airflow/example_dags/example_task_group.py for tasks to queue
[2024-08-05T08:53:33.626+0000] {logging_mixin.py:120} INFO - [2024-08-05T08:53:33.626+0000] {dagbag.py:537} INFO - Filling up the DagBag from /home/airflow/.local/lib/python3.7/site-packages/airflow/example_dags/example_task_group.py
[2024-08-05T08:53:33.652+0000] {processor.py:766} INFO - DAG(s) dict_keys(['example_task_group']) retrieved from /home/airflow/.local/lib/python3.7/site-packages/airflow/example_dags/example_task_group.py
[2024-08-05T08:53:33.707+0000] {logging_mixin.py:120} INFO - [2024-08-05T08:53:33.707+0000] {dag.py:2585} INFO - Sync 1 DAGs
[2024-08-05T08:53:33.746+0000] {logging_mixin.py:120} INFO - [2024-08-05T08:53:33.746+0000] {dag.py:3340} INFO - Setting next_dagrun for example_task_group to 2024-08-04T08:53:33.746577+00:00, run_after=2024-08-05T08:53:33.746577+00:00
[2024-08-05T08:53:33.804+0000] {processor.py:176} INFO - Processing /home/airflow/.local/lib/python3.7/site-packages/airflow/example_dags/example_task_group.py took 0.187 seconds
[2024-08-05T08:54:04.320+0000] {processor.py:154} INFO - Started process (PID=14084) to work on /home/airflow/.local/lib/python3.7/site-packages/airflow/example_dags/example_task_group.py
[2024-08-05T08:54:04.322+0000] {processor.py:756} INFO - Processing file /home/airflow/.local/lib/python3.7/site-packages/airflow/example_dags/example_task_group.py for tasks to queue
[2024-08-05T08:54:04.323+0000] {logging_mixin.py:120} INFO - [2024-08-05T08:54:04.323+0000] {dagbag.py:537} INFO - Filling up the DagBag from /home/airflow/.local/lib/python3.7/site-packages/airflow/example_dags/example_task_group.py
[2024-08-05T08:54:04.335+0000] {processor.py:766} INFO - DAG(s) dict_keys(['example_task_group']) retrieved from /home/airflow/.local/lib/python3.7/site-packages/airflow/example_dags/example_task_group.py
[2024-08-05T08:54:04.370+0000] {logging_mixin.py:120} INFO - [2024-08-05T08:54:04.370+0000] {dag.py:2585} INFO - Sync 1 DAGs
[2024-08-05T08:54:04.389+0000] {logging_mixin.py:120} INFO - [2024-08-05T08:54:04.388+0000] {dag.py:3340} INFO - Setting next_dagrun for example_task_group to 2024-08-04T08:54:04.388707+00:00, run_after=2024-08-05T08:54:04.388707+00:00
[2024-08-05T08:54:04.414+0000] {processor.py:176} INFO - Processing /home/airflow/.local/lib/python3.7/site-packages/airflow/example_dags/example_task_group.py took 0.096 seconds
[2024-08-05T09:02:11.443+0000] {processor.py:154} INFO - Started process (PID=14144) to work on /home/airflow/.local/lib/python3.7/site-packages/airflow/example_dags/example_task_group.py
[2024-08-05T09:02:11.445+0000] {processor.py:756} INFO - Processing file /home/airflow/.local/lib/python3.7/site-packages/airflow/example_dags/example_task_group.py for tasks to queue
[2024-08-05T09:02:11.446+0000] {logging_mixin.py:120} INFO - [2024-08-05T09:02:11.446+0000] {dagbag.py:537} INFO - Filling up the DagBag from /home/airflow/.local/lib/python3.7/site-packages/airflow/example_dags/example_task_group.py
[2024-08-05T09:02:11.466+0000] {processor.py:766} INFO - DAG(s) dict_keys(['example_task_group']) retrieved from /home/airflow/.local/lib/python3.7/site-packages/airflow/example_dags/example_task_group.py
[2024-08-05T09:02:11.512+0000] {logging_mixin.py:120} INFO - [2024-08-05T09:02:11.512+0000] {dag.py:2585} INFO - Sync 1 DAGs
[2024-08-05T09:02:11.541+0000] {logging_mixin.py:120} INFO - [2024-08-05T09:02:11.541+0000] {dag.py:3340} INFO - Setting next_dagrun for example_task_group to 2024-08-04T09:02:11.541224+00:00, run_after=2024-08-05T09:02:11.541224+00:00
[2024-08-05T09:02:11.571+0000] {processor.py:176} INFO - Processing /home/airflow/.local/lib/python3.7/site-packages/airflow/example_dags/example_task_group.py took 0.133 seconds
[2024-08-05T09:02:41.939+0000] {processor.py:154} INFO - Started process (PID=14211) to work on /home/airflow/.local/lib/python3.7/site-packages/airflow/example_dags/example_task_group.py
[2024-08-05T09:02:41.940+0000] {processor.py:756} INFO - Processing file /home/airflow/.local/lib/python3.7/site-packages/airflow/example_dags/example_task_group.py for tasks to queue
[2024-08-05T09:02:41.941+0000] {logging_mixin.py:120} INFO - [2024-08-05T09:02:41.941+0000] {dagbag.py:537} INFO - Filling up the DagBag from /home/airflow/.local/lib/python3.7/site-packages/airflow/example_dags/example_task_group.py
[2024-08-05T09:02:41.962+0000] {processor.py:766} INFO - DAG(s) dict_keys(['example_task_group']) retrieved from /home/airflow/.local/lib/python3.7/site-packages/airflow/example_dags/example_task_group.py
[2024-08-05T09:02:42.011+0000] {logging_mixin.py:120} INFO - [2024-08-05T09:02:42.011+0000] {dag.py:2585} INFO - Sync 1 DAGs
[2024-08-05T09:02:42.041+0000] {logging_mixin.py:120} INFO - [2024-08-05T09:02:42.041+0000] {dag.py:3340} INFO - Setting next_dagrun for example_task_group to 2024-08-04T09:02:42.041306+00:00, run_after=2024-08-05T09:02:42.041306+00:00
[2024-08-05T09:02:42.067+0000] {processor.py:176} INFO - Processing /home/airflow/.local/lib/python3.7/site-packages/airflow/example_dags/example_task_group.py took 0.131 seconds
[2024-08-05T09:03:12.381+0000] {processor.py:154} INFO - Started process (PID=14278) to work on /home/airflow/.local/lib/python3.7/site-packages/airflow/example_dags/example_task_group.py
[2024-08-05T09:03:12.383+0000] {processor.py:756} INFO - Processing file /home/airflow/.local/lib/python3.7/site-packages/airflow/example_dags/example_task_group.py for tasks to queue
[2024-08-05T09:03:12.383+0000] {logging_mixin.py:120} INFO - [2024-08-05T09:03:12.383+0000] {dagbag.py:537} INFO - Filling up the DagBag from /home/airflow/.local/lib/python3.7/site-packages/airflow/example_dags/example_task_group.py
[2024-08-05T09:03:12.397+0000] {processor.py:766} INFO - DAG(s) dict_keys(['example_task_group']) retrieved from /home/airflow/.local/lib/python3.7/site-packages/airflow/example_dags/example_task_group.py
[2024-08-05T09:03:12.428+0000] {logging_mixin.py:120} INFO - [2024-08-05T09:03:12.428+0000] {dag.py:2585} INFO - Sync 1 DAGs
[2024-08-05T09:03:12.445+0000] {logging_mixin.py:120} INFO - [2024-08-05T09:03:12.445+0000] {dag.py:3340} INFO - Setting next_dagrun for example_task_group to 2024-08-04T09:03:12.445197+00:00, run_after=2024-08-05T09:03:12.445197+00:00
[2024-08-05T09:03:12.460+0000] {processor.py:176} INFO - Processing /home/airflow/.local/lib/python3.7/site-packages/airflow/example_dags/example_task_group.py took 0.081 seconds
[2024-08-05T09:03:43.246+0000] {processor.py:154} INFO - Started process (PID=14345) to work on /home/airflow/.local/lib/python3.7/site-packages/airflow/example_dags/example_task_group.py
[2024-08-05T09:03:43.248+0000] {processor.py:756} INFO - Processing file /home/airflow/.local/lib/python3.7/site-packages/airflow/example_dags/example_task_group.py for tasks to queue
[2024-08-05T09:03:43.248+0000] {logging_mixin.py:120} INFO - [2024-08-05T09:03:43.248+0000] {dagbag.py:537} INFO - Filling up the DagBag from /home/airflow/.local/lib/python3.7/site-packages/airflow/example_dags/example_task_group.py
[2024-08-05T09:03:43.262+0000] {processor.py:766} INFO - DAG(s) dict_keys(['example_task_group']) retrieved from /home/airflow/.local/lib/python3.7/site-packages/airflow/example_dags/example_task_group.py
[2024-08-05T09:03:43.297+0000] {logging_mixin.py:120} INFO - [2024-08-05T09:03:43.297+0000] {dag.py:2585} INFO - Sync 1 DAGs
[2024-08-05T09:03:43.318+0000] {logging_mixin.py:120} INFO - [2024-08-05T09:03:43.318+0000] {dag.py:3340} INFO - Setting next_dagrun for example_task_group to 2024-08-04T09:03:43.318143+00:00, run_after=2024-08-05T09:03:43.318143+00:00
[2024-08-05T09:03:43.336+0000] {processor.py:176} INFO - Processing /home/airflow/.local/lib/python3.7/site-packages/airflow/example_dags/example_task_group.py took 0.093 seconds
[2024-08-05T09:04:13.615+0000] {processor.py:154} INFO - Started process (PID=14412) to work on /home/airflow/.local/lib/python3.7/site-packages/airflow/example_dags/example_task_group.py
[2024-08-05T09:04:13.616+0000] {processor.py:756} INFO - Processing file /home/airflow/.local/lib/python3.7/site-packages/airflow/example_dags/example_task_group.py for tasks to queue
[2024-08-05T09:04:13.617+0000] {logging_mixin.py:120} INFO - [2024-08-05T09:04:13.617+0000] {dagbag.py:537} INFO - Filling up the DagBag from /home/airflow/.local/lib/python3.7/site-packages/airflow/example_dags/example_task_group.py
[2024-08-05T09:04:13.639+0000] {processor.py:766} INFO - DAG(s) dict_keys(['example_task_group']) retrieved from /home/airflow/.local/lib/python3.7/site-packages/airflow/example_dags/example_task_group.py
[2024-08-05T09:04:13.675+0000] {logging_mixin.py:120} INFO - [2024-08-05T09:04:13.675+0000] {dag.py:2585} INFO - Sync 1 DAGs
[2024-08-05T09:04:13.694+0000] {logging_mixin.py:120} INFO - [2024-08-05T09:04:13.694+0000] {dag.py:3340} INFO - Setting next_dagrun for example_task_group to 2024-08-04T09:04:13.694309+00:00, run_after=2024-08-05T09:04:13.694309+00:00
[2024-08-05T09:04:13.717+0000] {processor.py:176} INFO - Processing /home/airflow/.local/lib/python3.7/site-packages/airflow/example_dags/example_task_group.py took 0.105 seconds
[2024-08-05T09:04:44.111+0000] {processor.py:154} INFO - Started process (PID=14470) to work on /home/airflow/.local/lib/python3.7/site-packages/airflow/example_dags/example_task_group.py
[2024-08-05T09:04:44.112+0000] {processor.py:756} INFO - Processing file /home/airflow/.local/lib/python3.7/site-packages/airflow/example_dags/example_task_group.py for tasks to queue
[2024-08-05T09:04:44.113+0000] {logging_mixin.py:120} INFO - [2024-08-05T09:04:44.113+0000] {dagbag.py:537} INFO - Filling up the DagBag from /home/airflow/.local/lib/python3.7/site-packages/airflow/example_dags/example_task_group.py
[2024-08-05T09:04:44.129+0000] {processor.py:766} INFO - DAG(s) dict_keys(['example_task_group']) retrieved from /home/airflow/.local/lib/python3.7/site-packages/airflow/example_dags/example_task_group.py
[2024-08-05T09:04:44.166+0000] {logging_mixin.py:120} INFO - [2024-08-05T09:04:44.166+0000] {dag.py:2585} INFO - Sync 1 DAGs
[2024-08-05T09:04:44.191+0000] {logging_mixin.py:120} INFO - [2024-08-05T09:04:44.191+0000] {dag.py:3340} INFO - Setting next_dagrun for example_task_group to 2024-08-04T09:04:44.190926+00:00, run_after=2024-08-05T09:04:44.190926+00:00
[2024-08-05T09:04:44.217+0000] {processor.py:176} INFO - Processing /home/airflow/.local/lib/python3.7/site-packages/airflow/example_dags/example_task_group.py took 0.109 seconds
[2024-08-05T09:05:15.334+0000] {processor.py:154} INFO - Started process (PID=14537) to work on /home/airflow/.local/lib/python3.7/site-packages/airflow/example_dags/example_task_group.py
[2024-08-05T09:05:15.336+0000] {processor.py:756} INFO - Processing file /home/airflow/.local/lib/python3.7/site-packages/airflow/example_dags/example_task_group.py for tasks to queue
[2024-08-05T09:05:15.337+0000] {logging_mixin.py:120} INFO - [2024-08-05T09:05:15.337+0000] {dagbag.py:537} INFO - Filling up the DagBag from /home/airflow/.local/lib/python3.7/site-packages/airflow/example_dags/example_task_group.py
[2024-08-05T09:05:15.353+0000] {processor.py:766} INFO - DAG(s) dict_keys(['example_task_group']) retrieved from /home/airflow/.local/lib/python3.7/site-packages/airflow/example_dags/example_task_group.py
[2024-08-05T09:05:15.392+0000] {logging_mixin.py:120} INFO - [2024-08-05T09:05:15.392+0000] {dag.py:2585} INFO - Sync 1 DAGs
[2024-08-05T09:05:15.414+0000] {logging_mixin.py:120} INFO - [2024-08-05T09:05:15.414+0000] {dag.py:3340} INFO - Setting next_dagrun for example_task_group to 2024-08-04T09:05:15.414601+00:00, run_after=2024-08-05T09:05:15.414601+00:00
[2024-08-05T09:05:15.444+0000] {processor.py:176} INFO - Processing /home/airflow/.local/lib/python3.7/site-packages/airflow/example_dags/example_task_group.py took 0.112 seconds
[2024-08-05T09:05:45.931+0000] {processor.py:154} INFO - Started process (PID=14605) to work on /home/airflow/.local/lib/python3.7/site-packages/airflow/example_dags/example_task_group.py
[2024-08-05T09:05:45.932+0000] {processor.py:756} INFO - Processing file /home/airflow/.local/lib/python3.7/site-packages/airflow/example_dags/example_task_group.py for tasks to queue
[2024-08-05T09:05:45.933+0000] {logging_mixin.py:120} INFO - [2024-08-05T09:05:45.933+0000] {dagbag.py:537} INFO - Filling up the DagBag from /home/airflow/.local/lib/python3.7/site-packages/airflow/example_dags/example_task_group.py
[2024-08-05T09:05:45.947+0000] {processor.py:766} INFO - DAG(s) dict_keys(['example_task_group']) retrieved from /home/airflow/.local/lib/python3.7/site-packages/airflow/example_dags/example_task_group.py
[2024-08-05T09:05:45.983+0000] {logging_mixin.py:120} INFO - [2024-08-05T09:05:45.983+0000] {dag.py:2585} INFO - Sync 1 DAGs
[2024-08-05T09:05:46.002+0000] {logging_mixin.py:120} INFO - [2024-08-05T09:05:46.002+0000] {dag.py:3340} INFO - Setting next_dagrun for example_task_group to 2024-08-04T09:05:46.002242+00:00, run_after=2024-08-05T09:05:46.002242+00:00
[2024-08-05T09:05:46.028+0000] {processor.py:176} INFO - Processing /home/airflow/.local/lib/python3.7/site-packages/airflow/example_dags/example_task_group.py took 0.100 seconds
[2024-08-05T09:06:16.282+0000] {processor.py:154} INFO - Started process (PID=14672) to work on /home/airflow/.local/lib/python3.7/site-packages/airflow/example_dags/example_task_group.py
[2024-08-05T09:06:16.283+0000] {processor.py:756} INFO - Processing file /home/airflow/.local/lib/python3.7/site-packages/airflow/example_dags/example_task_group.py for tasks to queue
[2024-08-05T09:06:16.284+0000] {logging_mixin.py:120} INFO - [2024-08-05T09:06:16.284+0000] {dagbag.py:537} INFO - Filling up the DagBag from /home/airflow/.local/lib/python3.7/site-packages/airflow/example_dags/example_task_group.py
[2024-08-05T09:06:16.297+0000] {processor.py:766} INFO - DAG(s) dict_keys(['example_task_group']) retrieved from /home/airflow/.local/lib/python3.7/site-packages/airflow/example_dags/example_task_group.py
[2024-08-05T09:06:16.341+0000] {logging_mixin.py:120} INFO - [2024-08-05T09:06:16.340+0000] {dag.py:2585} INFO - Sync 1 DAGs
[2024-08-05T09:06:16.364+0000] {logging_mixin.py:120} INFO - [2024-08-05T09:06:16.364+0000] {dag.py:3340} INFO - Setting next_dagrun for example_task_group to 2024-08-04T09:06:16.364032+00:00, run_after=2024-08-05T09:06:16.364032+00:00
[2024-08-05T09:06:16.384+0000] {processor.py:176} INFO - Processing /home/airflow/.local/lib/python3.7/site-packages/airflow/example_dags/example_task_group.py took 0.105 seconds
[2024-08-05T09:06:51.165+0000] {processor.py:154} INFO - Started process (PID=14740) to work on /home/airflow/.local/lib/python3.7/site-packages/airflow/example_dags/example_task_group.py
[2024-08-05T09:06:51.167+0000] {processor.py:756} INFO - Processing file /home/airflow/.local/lib/python3.7/site-packages/airflow/example_dags/example_task_group.py for tasks to queue
[2024-08-05T09:06:51.168+0000] {logging_mixin.py:120} INFO - [2024-08-05T09:06:51.168+0000] {dagbag.py:537} INFO - Filling up the DagBag from /home/airflow/.local/lib/python3.7/site-packages/airflow/example_dags/example_task_group.py
[2024-08-05T09:06:51.203+0000] {processor.py:766} INFO - DAG(s) dict_keys(['example_task_group']) retrieved from /home/airflow/.local/lib/python3.7/site-packages/airflow/example_dags/example_task_group.py
[2024-08-05T09:06:51.255+0000] {logging_mixin.py:120} INFO - [2024-08-05T09:06:51.255+0000] {dag.py:2585} INFO - Sync 1 DAGs
[2024-08-05T09:06:51.295+0000] {logging_mixin.py:120} INFO - [2024-08-05T09:06:51.295+0000] {dag.py:3340} INFO - Setting next_dagrun for example_task_group to 2024-08-04T09:06:51.295306+00:00, run_after=2024-08-05T09:06:51.295306+00:00
[2024-08-05T09:06:51.320+0000] {processor.py:176} INFO - Processing /home/airflow/.local/lib/python3.7/site-packages/airflow/example_dags/example_task_group.py took 0.164 seconds
[2024-08-05T09:07:22.194+0000] {processor.py:154} INFO - Started process (PID=14807) to work on /home/airflow/.local/lib/python3.7/site-packages/airflow/example_dags/example_task_group.py
[2024-08-05T09:07:22.196+0000] {processor.py:756} INFO - Processing file /home/airflow/.local/lib/python3.7/site-packages/airflow/example_dags/example_task_group.py for tasks to queue
[2024-08-05T09:07:22.198+0000] {logging_mixin.py:120} INFO - [2024-08-05T09:07:22.197+0000] {dagbag.py:537} INFO - Filling up the DagBag from /home/airflow/.local/lib/python3.7/site-packages/airflow/example_dags/example_task_group.py
[2024-08-05T09:07:22.234+0000] {processor.py:766} INFO - DAG(s) dict_keys(['example_task_group']) retrieved from /home/airflow/.local/lib/python3.7/site-packages/airflow/example_dags/example_task_group.py
[2024-08-05T09:07:22.300+0000] {logging_mixin.py:120} INFO - [2024-08-05T09:07:22.299+0000] {dag.py:2585} INFO - Sync 1 DAGs
[2024-08-05T09:07:22.333+0000] {logging_mixin.py:120} INFO - [2024-08-05T09:07:22.333+0000] {dag.py:3340} INFO - Setting next_dagrun for example_task_group to 2024-08-04T09:07:22.333215+00:00, run_after=2024-08-05T09:07:22.333215+00:00
[2024-08-05T09:07:22.362+0000] {processor.py:176} INFO - Processing /home/airflow/.local/lib/python3.7/site-packages/airflow/example_dags/example_task_group.py took 0.172 seconds
[2024-08-05T09:16:36.859+0000] {processor.py:154} INFO - Started process (PID=14869) to work on /home/airflow/.local/lib/python3.7/site-packages/airflow/example_dags/example_task_group.py
[2024-08-05T09:16:36.868+0000] {processor.py:756} INFO - Processing file /home/airflow/.local/lib/python3.7/site-packages/airflow/example_dags/example_task_group.py for tasks to queue
[2024-08-05T09:16:36.881+0000] {logging_mixin.py:120} INFO - [2024-08-05T09:16:36.881+0000] {dagbag.py:537} INFO - Filling up the DagBag from /home/airflow/.local/lib/python3.7/site-packages/airflow/example_dags/example_task_group.py
[2024-08-05T09:16:36.956+0000] {processor.py:766} INFO - DAG(s) dict_keys(['example_task_group']) retrieved from /home/airflow/.local/lib/python3.7/site-packages/airflow/example_dags/example_task_group.py
[2024-08-05T09:16:37.088+0000] {logging_mixin.py:120} INFO - [2024-08-05T09:16:37.088+0000] {dag.py:2585} INFO - Sync 1 DAGs
[2024-08-05T09:16:37.160+0000] {logging_mixin.py:120} INFO - [2024-08-05T09:16:37.160+0000] {dag.py:3340} INFO - Setting next_dagrun for example_task_group to 2024-08-04T09:16:37.160300+00:00, run_after=2024-08-05T09:16:37.160300+00:00
[2024-08-05T09:16:37.238+0000] {processor.py:176} INFO - Processing /home/airflow/.local/lib/python3.7/site-packages/airflow/example_dags/example_task_group.py took 0.388 seconds
[2024-08-05T09:17:07.992+0000] {processor.py:154} INFO - Started process (PID=14937) to work on /home/airflow/.local/lib/python3.7/site-packages/airflow/example_dags/example_task_group.py
[2024-08-05T09:17:07.994+0000] {processor.py:756} INFO - Processing file /home/airflow/.local/lib/python3.7/site-packages/airflow/example_dags/example_task_group.py for tasks to queue
[2024-08-05T09:17:08.069+0000] {logging_mixin.py:120} INFO - [2024-08-05T09:17:08.069+0000] {dagbag.py:537} INFO - Filling up the DagBag from /home/airflow/.local/lib/python3.7/site-packages/airflow/example_dags/example_task_group.py
[2024-08-05T09:17:08.140+0000] {processor.py:766} INFO - DAG(s) dict_keys(['example_task_group']) retrieved from /home/airflow/.local/lib/python3.7/site-packages/airflow/example_dags/example_task_group.py
[2024-08-05T09:17:08.180+0000] {logging_mixin.py:120} INFO - [2024-08-05T09:17:08.180+0000] {dag.py:2585} INFO - Sync 1 DAGs
[2024-08-05T09:17:08.302+0000] {logging_mixin.py:120} INFO - [2024-08-05T09:17:08.302+0000] {dag.py:3340} INFO - Setting next_dagrun for example_task_group to 2024-08-04T09:17:08.302442+00:00, run_after=2024-08-05T09:17:08.302442+00:00
[2024-08-05T09:17:08.404+0000] {processor.py:176} INFO - Processing /home/airflow/.local/lib/python3.7/site-packages/airflow/example_dags/example_task_group.py took 0.415 seconds
[2024-08-05T09:17:38.663+0000] {processor.py:154} INFO - Started process (PID=15004) to work on /home/airflow/.local/lib/python3.7/site-packages/airflow/example_dags/example_task_group.py
[2024-08-05T09:17:38.669+0000] {processor.py:756} INFO - Processing file /home/airflow/.local/lib/python3.7/site-packages/airflow/example_dags/example_task_group.py for tasks to queue
[2024-08-05T09:17:38.671+0000] {logging_mixin.py:120} INFO - [2024-08-05T09:17:38.670+0000] {dagbag.py:537} INFO - Filling up the DagBag from /home/airflow/.local/lib/python3.7/site-packages/airflow/example_dags/example_task_group.py
[2024-08-05T09:17:38.713+0000] {processor.py:766} INFO - DAG(s) dict_keys(['example_task_group']) retrieved from /home/airflow/.local/lib/python3.7/site-packages/airflow/example_dags/example_task_group.py
[2024-08-05T09:17:38.776+0000] {logging_mixin.py:120} INFO - [2024-08-05T09:17:38.776+0000] {dag.py:2585} INFO - Sync 1 DAGs
[2024-08-05T09:17:38.818+0000] {logging_mixin.py:120} INFO - [2024-08-05T09:17:38.817+0000] {dag.py:3340} INFO - Setting next_dagrun for example_task_group to 2024-08-04T09:17:38.817691+00:00, run_after=2024-08-05T09:17:38.817691+00:00
[2024-08-05T09:17:38.844+0000] {processor.py:176} INFO - Processing /home/airflow/.local/lib/python3.7/site-packages/airflow/example_dags/example_task_group.py took 0.185 seconds
[2024-08-05T09:18:10.504+0000] {processor.py:154} INFO - Started process (PID=15063) to work on /home/airflow/.local/lib/python3.7/site-packages/airflow/example_dags/example_task_group.py
[2024-08-05T09:18:10.506+0000] {processor.py:756} INFO - Processing file /home/airflow/.local/lib/python3.7/site-packages/airflow/example_dags/example_task_group.py for tasks to queue
[2024-08-05T09:18:10.507+0000] {logging_mixin.py:120} INFO - [2024-08-05T09:18:10.506+0000] {dagbag.py:537} INFO - Filling up the DagBag from /home/airflow/.local/lib/python3.7/site-packages/airflow/example_dags/example_task_group.py
[2024-08-05T09:18:10.556+0000] {processor.py:766} INFO - DAG(s) dict_keys(['example_task_group']) retrieved from /home/airflow/.local/lib/python3.7/site-packages/airflow/example_dags/example_task_group.py
[2024-08-05T09:18:10.596+0000] {logging_mixin.py:120} INFO - [2024-08-05T09:18:10.596+0000] {dag.py:2585} INFO - Sync 1 DAGs
[2024-08-05T09:18:10.701+0000] {logging_mixin.py:120} INFO - [2024-08-05T09:18:10.701+0000] {dag.py:3340} INFO - Setting next_dagrun for example_task_group to 2024-08-04T09:18:10.701140+00:00, run_after=2024-08-05T09:18:10.701140+00:00
[2024-08-05T09:18:10.729+0000] {processor.py:176} INFO - Processing /home/airflow/.local/lib/python3.7/site-packages/airflow/example_dags/example_task_group.py took 0.227 seconds
[2024-08-05T09:18:43.969+0000] {processor.py:154} INFO - Started process (PID=15131) to work on /home/airflow/.local/lib/python3.7/site-packages/airflow/example_dags/example_task_group.py
[2024-08-05T09:18:43.971+0000] {processor.py:756} INFO - Processing file /home/airflow/.local/lib/python3.7/site-packages/airflow/example_dags/example_task_group.py for tasks to queue
[2024-08-05T09:18:43.972+0000] {logging_mixin.py:120} INFO - [2024-08-05T09:18:43.972+0000] {dagbag.py:537} INFO - Filling up the DagBag from /home/airflow/.local/lib/python3.7/site-packages/airflow/example_dags/example_task_group.py
[2024-08-05T09:18:44.002+0000] {processor.py:766} INFO - DAG(s) dict_keys(['example_task_group']) retrieved from /home/airflow/.local/lib/python3.7/site-packages/airflow/example_dags/example_task_group.py
[2024-08-05T09:18:44.071+0000] {logging_mixin.py:120} INFO - [2024-08-05T09:18:44.070+0000] {dag.py:2585} INFO - Sync 1 DAGs
[2024-08-05T09:18:44.109+0000] {logging_mixin.py:120} INFO - [2024-08-05T09:18:44.109+0000] {dag.py:3340} INFO - Setting next_dagrun for example_task_group to 2024-08-04T09:18:44.109110+00:00, run_after=2024-08-05T09:18:44.109110+00:00
[2024-08-05T09:18:44.139+0000] {processor.py:176} INFO - Processing /home/airflow/.local/lib/python3.7/site-packages/airflow/example_dags/example_task_group.py took 0.174 seconds
[2024-08-05T09:19:14.696+0000] {processor.py:154} INFO - Started process (PID=15198) to work on /home/airflow/.local/lib/python3.7/site-packages/airflow/example_dags/example_task_group.py
[2024-08-05T09:19:14.698+0000] {processor.py:756} INFO - Processing file /home/airflow/.local/lib/python3.7/site-packages/airflow/example_dags/example_task_group.py for tasks to queue
[2024-08-05T09:19:14.699+0000] {logging_mixin.py:120} INFO - [2024-08-05T09:19:14.699+0000] {dagbag.py:537} INFO - Filling up the DagBag from /home/airflow/.local/lib/python3.7/site-packages/airflow/example_dags/example_task_group.py
[2024-08-05T09:19:14.718+0000] {processor.py:766} INFO - DAG(s) dict_keys(['example_task_group']) retrieved from /home/airflow/.local/lib/python3.7/site-packages/airflow/example_dags/example_task_group.py
[2024-08-05T09:19:14.771+0000] {logging_mixin.py:120} INFO - [2024-08-05T09:19:14.771+0000] {dag.py:2585} INFO - Sync 1 DAGs
[2024-08-05T09:19:14.802+0000] {logging_mixin.py:120} INFO - [2024-08-05T09:19:14.802+0000] {dag.py:3340} INFO - Setting next_dagrun for example_task_group to 2024-08-04T09:19:14.802008+00:00, run_after=2024-08-05T09:19:14.802008+00:00
[2024-08-05T09:19:14.830+0000] {processor.py:176} INFO - Processing /home/airflow/.local/lib/python3.7/site-packages/airflow/example_dags/example_task_group.py took 0.139 seconds
[2024-08-05T09:19:46.002+0000] {processor.py:154} INFO - Started process (PID=15256) to work on /home/airflow/.local/lib/python3.7/site-packages/airflow/example_dags/example_task_group.py
[2024-08-05T09:19:46.003+0000] {processor.py:756} INFO - Processing file /home/airflow/.local/lib/python3.7/site-packages/airflow/example_dags/example_task_group.py for tasks to queue
[2024-08-05T09:19:46.005+0000] {logging_mixin.py:120} INFO - [2024-08-05T09:19:46.004+0000] {dagbag.py:537} INFO - Filling up the DagBag from /home/airflow/.local/lib/python3.7/site-packages/airflow/example_dags/example_task_group.py
[2024-08-05T09:19:46.035+0000] {processor.py:766} INFO - DAG(s) dict_keys(['example_task_group']) retrieved from /home/airflow/.local/lib/python3.7/site-packages/airflow/example_dags/example_task_group.py
[2024-08-05T09:19:46.127+0000] {logging_mixin.py:120} INFO - [2024-08-05T09:19:46.127+0000] {dag.py:2585} INFO - Sync 1 DAGs
[2024-08-05T09:19:46.160+0000] {logging_mixin.py:120} INFO - [2024-08-05T09:19:46.160+0000] {dag.py:3340} INFO - Setting next_dagrun for example_task_group to 2024-08-04T09:19:46.160345+00:00, run_after=2024-08-05T09:19:46.160345+00:00
[2024-08-05T09:19:46.186+0000] {processor.py:176} INFO - Processing /home/airflow/.local/lib/python3.7/site-packages/airflow/example_dags/example_task_group.py took 0.188 seconds
[2024-08-05T09:20:19.943+0000] {processor.py:154} INFO - Started process (PID=15324) to work on /home/airflow/.local/lib/python3.7/site-packages/airflow/example_dags/example_task_group.py
[2024-08-05T09:20:19.948+0000] {processor.py:756} INFO - Processing file /home/airflow/.local/lib/python3.7/site-packages/airflow/example_dags/example_task_group.py for tasks to queue
[2024-08-05T09:20:19.956+0000] {logging_mixin.py:120} INFO - [2024-08-05T09:20:19.955+0000] {dagbag.py:537} INFO - Filling up the DagBag from /home/airflow/.local/lib/python3.7/site-packages/airflow/example_dags/example_task_group.py
[2024-08-05T09:20:19.977+0000] {processor.py:766} INFO - DAG(s) dict_keys(['example_task_group']) retrieved from /home/airflow/.local/lib/python3.7/site-packages/airflow/example_dags/example_task_group.py
[2024-08-05T09:20:20.159+0000] {logging_mixin.py:120} INFO - [2024-08-05T09:20:20.158+0000] {dag.py:2585} INFO - Sync 1 DAGs
[2024-08-05T09:20:20.325+0000] {logging_mixin.py:120} INFO - [2024-08-05T09:20:20.325+0000] {dag.py:3340} INFO - Setting next_dagrun for example_task_group to 2024-08-04T09:20:20.325303+00:00, run_after=2024-08-05T09:20:20.325303+00:00
[2024-08-05T09:20:20.500+0000] {processor.py:176} INFO - Processing /home/airflow/.local/lib/python3.7/site-packages/airflow/example_dags/example_task_group.py took 0.561 seconds
[2024-08-05T09:20:51.069+0000] {processor.py:154} INFO - Started process (PID=15391) to work on /home/airflow/.local/lib/python3.7/site-packages/airflow/example_dags/example_task_group.py
[2024-08-05T09:20:51.140+0000] {processor.py:756} INFO - Processing file /home/airflow/.local/lib/python3.7/site-packages/airflow/example_dags/example_task_group.py for tasks to queue
[2024-08-05T09:20:51.200+0000] {logging_mixin.py:120} INFO - [2024-08-05T09:20:51.200+0000] {dagbag.py:537} INFO - Filling up the DagBag from /home/airflow/.local/lib/python3.7/site-packages/airflow/example_dags/example_task_group.py
[2024-08-05T09:20:51.242+0000] {processor.py:766} INFO - DAG(s) dict_keys(['example_task_group']) retrieved from /home/airflow/.local/lib/python3.7/site-packages/airflow/example_dags/example_task_group.py
[2024-08-05T09:20:51.423+0000] {logging_mixin.py:120} INFO - [2024-08-05T09:20:51.423+0000] {dag.py:2585} INFO - Sync 1 DAGs
[2024-08-05T09:20:51.550+0000] {logging_mixin.py:120} INFO - [2024-08-05T09:20:51.550+0000] {dag.py:3340} INFO - Setting next_dagrun for example_task_group to 2024-08-04T09:20:51.549845+00:00, run_after=2024-08-05T09:20:51.549845+00:00
[2024-08-05T09:20:51.721+0000] {processor.py:176} INFO - Processing /home/airflow/.local/lib/python3.7/site-packages/airflow/example_dags/example_task_group.py took 0.657 seconds
[2024-08-05T09:21:23.003+0000] {processor.py:154} INFO - Started process (PID=15458) to work on /home/airflow/.local/lib/python3.7/site-packages/airflow/example_dags/example_task_group.py
[2024-08-05T09:21:23.149+0000] {processor.py:756} INFO - Processing file /home/airflow/.local/lib/python3.7/site-packages/airflow/example_dags/example_task_group.py for tasks to queue
[2024-08-05T09:21:23.154+0000] {logging_mixin.py:120} INFO - [2024-08-05T09:21:23.154+0000] {dagbag.py:537} INFO - Filling up the DagBag from /home/airflow/.local/lib/python3.7/site-packages/airflow/example_dags/example_task_group.py
[2024-08-05T09:21:23.185+0000] {processor.py:766} INFO - DAG(s) dict_keys(['example_task_group']) retrieved from /home/airflow/.local/lib/python3.7/site-packages/airflow/example_dags/example_task_group.py
[2024-08-05T09:21:23.307+0000] {logging_mixin.py:120} INFO - [2024-08-05T09:21:23.307+0000] {dag.py:2585} INFO - Sync 1 DAGs
[2024-08-05T09:21:23.446+0000] {logging_mixin.py:120} INFO - [2024-08-05T09:21:23.445+0000] {dag.py:3340} INFO - Setting next_dagrun for example_task_group to 2024-08-04T09:21:23.444781+00:00, run_after=2024-08-05T09:21:23.444781+00:00
[2024-08-05T09:21:23.533+0000] {processor.py:176} INFO - Processing /home/airflow/.local/lib/python3.7/site-packages/airflow/example_dags/example_task_group.py took 0.533 seconds
[2024-08-05T09:21:56.689+0000] {processor.py:154} INFO - Started process (PID=15516) to work on /home/airflow/.local/lib/python3.7/site-packages/airflow/example_dags/example_task_group.py
[2024-08-05T09:21:56.690+0000] {processor.py:756} INFO - Processing file /home/airflow/.local/lib/python3.7/site-packages/airflow/example_dags/example_task_group.py for tasks to queue
[2024-08-05T09:21:56.695+0000] {logging_mixin.py:120} INFO - [2024-08-05T09:21:56.694+0000] {dagbag.py:537} INFO - Filling up the DagBag from /home/airflow/.local/lib/python3.7/site-packages/airflow/example_dags/example_task_group.py
[2024-08-05T09:21:56.726+0000] {processor.py:766} INFO - DAG(s) dict_keys(['example_task_group']) retrieved from /home/airflow/.local/lib/python3.7/site-packages/airflow/example_dags/example_task_group.py
[2024-08-05T09:21:56.790+0000] {logging_mixin.py:120} INFO - [2024-08-05T09:21:56.789+0000] {dag.py:2585} INFO - Sync 1 DAGs
[2024-08-05T09:21:56.821+0000] {logging_mixin.py:120} INFO - [2024-08-05T09:21:56.821+0000] {dag.py:3340} INFO - Setting next_dagrun for example_task_group to 2024-08-04T09:21:56.820761+00:00, run_after=2024-08-05T09:21:56.820761+00:00
[2024-08-05T09:21:56.854+0000] {processor.py:176} INFO - Processing /home/airflow/.local/lib/python3.7/site-packages/airflow/example_dags/example_task_group.py took 0.170 seconds
[2024-08-05T09:22:28.605+0000] {processor.py:154} INFO - Started process (PID=15583) to work on /home/airflow/.local/lib/python3.7/site-packages/airflow/example_dags/example_task_group.py
[2024-08-05T09:22:28.606+0000] {processor.py:756} INFO - Processing file /home/airflow/.local/lib/python3.7/site-packages/airflow/example_dags/example_task_group.py for tasks to queue
[2024-08-05T09:22:28.607+0000] {logging_mixin.py:120} INFO - [2024-08-05T09:22:28.607+0000] {dagbag.py:537} INFO - Filling up the DagBag from /home/airflow/.local/lib/python3.7/site-packages/airflow/example_dags/example_task_group.py
[2024-08-05T09:22:28.620+0000] {processor.py:766} INFO - DAG(s) dict_keys(['example_task_group']) retrieved from /home/airflow/.local/lib/python3.7/site-packages/airflow/example_dags/example_task_group.py
[2024-08-05T09:22:28.657+0000] {logging_mixin.py:120} INFO - [2024-08-05T09:22:28.657+0000] {dag.py:2585} INFO - Sync 1 DAGs
[2024-08-05T09:22:28.681+0000] {logging_mixin.py:120} INFO - [2024-08-05T09:22:28.680+0000] {dag.py:3340} INFO - Setting next_dagrun for example_task_group to 2024-08-04T09:22:28.680760+00:00, run_after=2024-08-05T09:22:28.680760+00:00
[2024-08-05T09:22:28.702+0000] {processor.py:176} INFO - Processing /home/airflow/.local/lib/python3.7/site-packages/airflow/example_dags/example_task_group.py took 0.102 seconds
[2024-08-05T09:22:59.837+0000] {processor.py:154} INFO - Started process (PID=15649) to work on /home/airflow/.local/lib/python3.7/site-packages/airflow/example_dags/example_task_group.py
[2024-08-05T09:22:59.904+0000] {processor.py:756} INFO - Processing file /home/airflow/.local/lib/python3.7/site-packages/airflow/example_dags/example_task_group.py for tasks to queue
[2024-08-05T09:22:59.936+0000] {logging_mixin.py:120} INFO - [2024-08-05T09:22:59.936+0000] {dagbag.py:537} INFO - Filling up the DagBag from /home/airflow/.local/lib/python3.7/site-packages/airflow/example_dags/example_task_group.py
[2024-08-05T09:22:59.967+0000] {processor.py:766} INFO - DAG(s) dict_keys(['example_task_group']) retrieved from /home/airflow/.local/lib/python3.7/site-packages/airflow/example_dags/example_task_group.py
[2024-08-05T09:23:00.046+0000] {logging_mixin.py:120} INFO - [2024-08-05T09:23:00.046+0000] {dag.py:2585} INFO - Sync 1 DAGs
[2024-08-05T09:23:00.098+0000] {logging_mixin.py:120} INFO - [2024-08-05T09:23:00.097+0000] {dag.py:3340} INFO - Setting next_dagrun for example_task_group to 2024-08-04T09:23:00.097086+00:00, run_after=2024-08-05T09:23:00.097086+00:00
[2024-08-05T09:23:00.149+0000] {processor.py:176} INFO - Processing /home/airflow/.local/lib/python3.7/site-packages/airflow/example_dags/example_task_group.py took 0.316 seconds
[2024-08-05T09:23:32.032+0000] {processor.py:154} INFO - Started process (PID=15708) to work on /home/airflow/.local/lib/python3.7/site-packages/airflow/example_dags/example_task_group.py
[2024-08-05T09:23:32.109+0000] {processor.py:756} INFO - Processing file /home/airflow/.local/lib/python3.7/site-packages/airflow/example_dags/example_task_group.py for tasks to queue
[2024-08-05T09:23:32.135+0000] {logging_mixin.py:120} INFO - [2024-08-05T09:23:32.135+0000] {dagbag.py:537} INFO - Filling up the DagBag from /home/airflow/.local/lib/python3.7/site-packages/airflow/example_dags/example_task_group.py
[2024-08-05T09:23:32.172+0000] {processor.py:766} INFO - DAG(s) dict_keys(['example_task_group']) retrieved from /home/airflow/.local/lib/python3.7/site-packages/airflow/example_dags/example_task_group.py
[2024-08-05T09:23:32.362+0000] {logging_mixin.py:120} INFO - [2024-08-05T09:23:32.362+0000] {dag.py:2585} INFO - Sync 1 DAGs
[2024-08-05T09:23:32.544+0000] {logging_mixin.py:120} INFO - [2024-08-05T09:23:32.544+0000] {dag.py:3340} INFO - Setting next_dagrun for example_task_group to 2024-08-04T09:23:32.544193+00:00, run_after=2024-08-05T09:23:32.544193+00:00
[2024-08-05T09:23:32.712+0000] {processor.py:176} INFO - Processing /home/airflow/.local/lib/python3.7/site-packages/airflow/example_dags/example_task_group.py took 0.683 seconds
[2024-08-05T09:24:03.474+0000] {processor.py:154} INFO - Started process (PID=15775) to work on /home/airflow/.local/lib/python3.7/site-packages/airflow/example_dags/example_task_group.py
[2024-08-05T09:24:03.498+0000] {processor.py:756} INFO - Processing file /home/airflow/.local/lib/python3.7/site-packages/airflow/example_dags/example_task_group.py for tasks to queue
[2024-08-05T09:24:03.528+0000] {logging_mixin.py:120} INFO - [2024-08-05T09:24:03.528+0000] {dagbag.py:537} INFO - Filling up the DagBag from /home/airflow/.local/lib/python3.7/site-packages/airflow/example_dags/example_task_group.py
[2024-08-05T09:24:03.563+0000] {processor.py:766} INFO - DAG(s) dict_keys(['example_task_group']) retrieved from /home/airflow/.local/lib/python3.7/site-packages/airflow/example_dags/example_task_group.py
[2024-08-05T09:24:03.618+0000] {logging_mixin.py:120} INFO - [2024-08-05T09:24:03.617+0000] {dag.py:2585} INFO - Sync 1 DAGs
[2024-08-05T09:24:03.717+0000] {logging_mixin.py:120} INFO - [2024-08-05T09:24:03.716+0000] {dag.py:3340} INFO - Setting next_dagrun for example_task_group to 2024-08-04T09:24:03.716490+00:00, run_after=2024-08-05T09:24:03.716490+00:00
[2024-08-05T09:24:03.748+0000] {processor.py:176} INFO - Processing /home/airflow/.local/lib/python3.7/site-packages/airflow/example_dags/example_task_group.py took 0.277 seconds
[2024-08-05T09:24:34.208+0000] {processor.py:154} INFO - Started process (PID=15843) to work on /home/airflow/.local/lib/python3.7/site-packages/airflow/example_dags/example_task_group.py
[2024-08-05T09:24:34.249+0000] {processor.py:756} INFO - Processing file /home/airflow/.local/lib/python3.7/site-packages/airflow/example_dags/example_task_group.py for tasks to queue
[2024-08-05T09:24:34.282+0000] {logging_mixin.py:120} INFO - [2024-08-05T09:24:34.282+0000] {dagbag.py:537} INFO - Filling up the DagBag from /home/airflow/.local/lib/python3.7/site-packages/airflow/example_dags/example_task_group.py
[2024-08-05T09:24:34.348+0000] {processor.py:766} INFO - DAG(s) dict_keys(['example_task_group']) retrieved from /home/airflow/.local/lib/python3.7/site-packages/airflow/example_dags/example_task_group.py
[2024-08-05T09:24:34.420+0000] {logging_mixin.py:120} INFO - [2024-08-05T09:24:34.420+0000] {dag.py:2585} INFO - Sync 1 DAGs
[2024-08-05T09:24:34.499+0000] {logging_mixin.py:120} INFO - [2024-08-05T09:24:34.499+0000] {dag.py:3340} INFO - Setting next_dagrun for example_task_group to 2024-08-04T09:24:34.499146+00:00, run_after=2024-08-05T09:24:34.499146+00:00
[2024-08-05T09:24:34.544+0000] {processor.py:176} INFO - Processing /home/airflow/.local/lib/python3.7/site-packages/airflow/example_dags/example_task_group.py took 0.340 seconds
[2024-08-05T09:25:04.704+0000] {processor.py:154} INFO - Started process (PID=15899) to work on /home/airflow/.local/lib/python3.7/site-packages/airflow/example_dags/example_task_group.py
[2024-08-05T09:25:04.705+0000] {processor.py:756} INFO - Processing file /home/airflow/.local/lib/python3.7/site-packages/airflow/example_dags/example_task_group.py for tasks to queue
[2024-08-05T09:25:04.706+0000] {logging_mixin.py:120} INFO - [2024-08-05T09:25:04.706+0000] {dagbag.py:537} INFO - Filling up the DagBag from /home/airflow/.local/lib/python3.7/site-packages/airflow/example_dags/example_task_group.py
[2024-08-05T09:25:04.740+0000] {processor.py:766} INFO - DAG(s) dict_keys(['example_task_group']) retrieved from /home/airflow/.local/lib/python3.7/site-packages/airflow/example_dags/example_task_group.py
[2024-08-05T09:25:04.894+0000] {logging_mixin.py:120} INFO - [2024-08-05T09:25:04.894+0000] {dag.py:2585} INFO - Sync 1 DAGs
[2024-08-05T09:25:05.184+0000] {logging_mixin.py:120} INFO - [2024-08-05T09:25:05.184+0000] {dag.py:3340} INFO - Setting next_dagrun for example_task_group to 2024-08-04T09:25:05.184158+00:00, run_after=2024-08-05T09:25:05.184158+00:00
[2024-08-05T09:25:05.469+0000] {processor.py:176} INFO - Processing /home/airflow/.local/lib/python3.7/site-packages/airflow/example_dags/example_task_group.py took 0.769 seconds
[2024-08-05T09:25:35.636+0000] {processor.py:154} INFO - Started process (PID=15966) to work on /home/airflow/.local/lib/python3.7/site-packages/airflow/example_dags/example_task_group.py
[2024-08-05T09:25:35.637+0000] {processor.py:756} INFO - Processing file /home/airflow/.local/lib/python3.7/site-packages/airflow/example_dags/example_task_group.py for tasks to queue
[2024-08-05T09:25:35.638+0000] {logging_mixin.py:120} INFO - [2024-08-05T09:25:35.638+0000] {dagbag.py:537} INFO - Filling up the DagBag from /home/airflow/.local/lib/python3.7/site-packages/airflow/example_dags/example_task_group.py
[2024-08-05T09:25:35.655+0000] {processor.py:766} INFO - DAG(s) dict_keys(['example_task_group']) retrieved from /home/airflow/.local/lib/python3.7/site-packages/airflow/example_dags/example_task_group.py
[2024-08-05T09:25:35.695+0000] {logging_mixin.py:120} INFO - [2024-08-05T09:25:35.695+0000] {dag.py:2585} INFO - Sync 1 DAGs
[2024-08-05T09:25:35.737+0000] {logging_mixin.py:120} INFO - [2024-08-05T09:25:35.737+0000] {dag.py:3340} INFO - Setting next_dagrun for example_task_group to 2024-08-04T09:25:35.737242+00:00, run_after=2024-08-05T09:25:35.737242+00:00
[2024-08-05T09:25:35.759+0000] {processor.py:176} INFO - Processing /home/airflow/.local/lib/python3.7/site-packages/airflow/example_dags/example_task_group.py took 0.128 seconds
[2024-08-05T09:26:05.916+0000] {processor.py:154} INFO - Started process (PID=16024) to work on /home/airflow/.local/lib/python3.7/site-packages/airflow/example_dags/example_task_group.py
[2024-08-05T09:26:05.920+0000] {processor.py:756} INFO - Processing file /home/airflow/.local/lib/python3.7/site-packages/airflow/example_dags/example_task_group.py for tasks to queue
[2024-08-05T09:26:05.921+0000] {logging_mixin.py:120} INFO - [2024-08-05T09:26:05.921+0000] {dagbag.py:537} INFO - Filling up the DagBag from /home/airflow/.local/lib/python3.7/site-packages/airflow/example_dags/example_task_group.py
[2024-08-05T09:26:05.940+0000] {processor.py:766} INFO - DAG(s) dict_keys(['example_task_group']) retrieved from /home/airflow/.local/lib/python3.7/site-packages/airflow/example_dags/example_task_group.py
[2024-08-05T09:26:05.989+0000] {logging_mixin.py:120} INFO - [2024-08-05T09:26:05.989+0000] {dag.py:2585} INFO - Sync 1 DAGs
[2024-08-05T09:26:06.055+0000] {logging_mixin.py:120} INFO - [2024-08-05T09:26:06.055+0000] {dag.py:3340} INFO - Setting next_dagrun for example_task_group to 2024-08-04T09:26:06.055257+00:00, run_after=2024-08-05T09:26:06.055257+00:00
[2024-08-05T09:26:06.149+0000] {processor.py:176} INFO - Processing /home/airflow/.local/lib/python3.7/site-packages/airflow/example_dags/example_task_group.py took 0.236 seconds
[2024-08-05T09:26:36.756+0000] {processor.py:154} INFO - Started process (PID=16091) to work on /home/airflow/.local/lib/python3.7/site-packages/airflow/example_dags/example_task_group.py
[2024-08-05T09:26:36.758+0000] {processor.py:756} INFO - Processing file /home/airflow/.local/lib/python3.7/site-packages/airflow/example_dags/example_task_group.py for tasks to queue
[2024-08-05T09:26:36.759+0000] {logging_mixin.py:120} INFO - [2024-08-05T09:26:36.758+0000] {dagbag.py:537} INFO - Filling up the DagBag from /home/airflow/.local/lib/python3.7/site-packages/airflow/example_dags/example_task_group.py
[2024-08-05T09:26:36.791+0000] {processor.py:766} INFO - DAG(s) dict_keys(['example_task_group']) retrieved from /home/airflow/.local/lib/python3.7/site-packages/airflow/example_dags/example_task_group.py
[2024-08-05T09:26:36.956+0000] {logging_mixin.py:120} INFO - [2024-08-05T09:26:36.956+0000] {dag.py:2585} INFO - Sync 1 DAGs
[2024-08-05T09:26:37.097+0000] {logging_mixin.py:120} INFO - [2024-08-05T09:26:37.097+0000] {dag.py:3340} INFO - Setting next_dagrun for example_task_group to 2024-08-04T09:26:37.096961+00:00, run_after=2024-08-05T09:26:37.096961+00:00
[2024-08-05T09:26:37.387+0000] {processor.py:176} INFO - Processing /home/airflow/.local/lib/python3.7/site-packages/airflow/example_dags/example_task_group.py took 0.634 seconds
[2024-08-05T09:27:08.174+0000] {processor.py:154} INFO - Started process (PID=16157) to work on /home/airflow/.local/lib/python3.7/site-packages/airflow/example_dags/example_task_group.py
[2024-08-05T09:27:08.175+0000] {processor.py:756} INFO - Processing file /home/airflow/.local/lib/python3.7/site-packages/airflow/example_dags/example_task_group.py for tasks to queue
[2024-08-05T09:27:08.176+0000] {logging_mixin.py:120} INFO - [2024-08-05T09:27:08.176+0000] {dagbag.py:537} INFO - Filling up the DagBag from /home/airflow/.local/lib/python3.7/site-packages/airflow/example_dags/example_task_group.py
[2024-08-05T09:27:08.206+0000] {processor.py:766} INFO - DAG(s) dict_keys(['example_task_group']) retrieved from /home/airflow/.local/lib/python3.7/site-packages/airflow/example_dags/example_task_group.py
[2024-08-05T09:27:08.376+0000] {logging_mixin.py:120} INFO - [2024-08-05T09:27:08.376+0000] {dag.py:2585} INFO - Sync 1 DAGs
[2024-08-05T09:27:08.404+0000] {logging_mixin.py:120} INFO - [2024-08-05T09:27:08.404+0000] {dag.py:3340} INFO - Setting next_dagrun for example_task_group to 2024-08-04T09:27:08.404118+00:00, run_after=2024-08-05T09:27:08.404118+00:00
[2024-08-05T09:27:08.483+0000] {processor.py:176} INFO - Processing /home/airflow/.local/lib/python3.7/site-packages/airflow/example_dags/example_task_group.py took 0.312 seconds
[2024-08-05T09:27:39.736+0000] {processor.py:154} INFO - Started process (PID=16216) to work on /home/airflow/.local/lib/python3.7/site-packages/airflow/example_dags/example_task_group.py
[2024-08-05T09:27:39.821+0000] {processor.py:756} INFO - Processing file /home/airflow/.local/lib/python3.7/site-packages/airflow/example_dags/example_task_group.py for tasks to queue
[2024-08-05T09:27:39.836+0000] {logging_mixin.py:120} INFO - [2024-08-05T09:27:39.836+0000] {dagbag.py:537} INFO - Filling up the DagBag from /home/airflow/.local/lib/python3.7/site-packages/airflow/example_dags/example_task_group.py
[2024-08-05T09:27:39.874+0000] {processor.py:766} INFO - DAG(s) dict_keys(['example_task_group']) retrieved from /home/airflow/.local/lib/python3.7/site-packages/airflow/example_dags/example_task_group.py
[2024-08-05T09:27:39.935+0000] {logging_mixin.py:120} INFO - [2024-08-05T09:27:39.934+0000] {dag.py:2585} INFO - Sync 1 DAGs
[2024-08-05T09:27:40.052+0000] {logging_mixin.py:120} INFO - [2024-08-05T09:27:40.051+0000] {dag.py:3340} INFO - Setting next_dagrun for example_task_group to 2024-08-04T09:27:40.051645+00:00, run_after=2024-08-05T09:27:40.051645+00:00
[2024-08-05T09:27:40.083+0000] {processor.py:176} INFO - Processing /home/airflow/.local/lib/python3.7/site-packages/airflow/example_dags/example_task_group.py took 0.350 seconds
[2024-08-05T09:28:10.896+0000] {processor.py:154} INFO - Started process (PID=16284) to work on /home/airflow/.local/lib/python3.7/site-packages/airflow/example_dags/example_task_group.py
[2024-08-05T09:28:10.898+0000] {processor.py:756} INFO - Processing file /home/airflow/.local/lib/python3.7/site-packages/airflow/example_dags/example_task_group.py for tasks to queue
[2024-08-05T09:28:10.907+0000] {logging_mixin.py:120} INFO - [2024-08-05T09:28:10.907+0000] {dagbag.py:537} INFO - Filling up the DagBag from /home/airflow/.local/lib/python3.7/site-packages/airflow/example_dags/example_task_group.py
[2024-08-05T09:28:10.967+0000] {processor.py:766} INFO - DAG(s) dict_keys(['example_task_group']) retrieved from /home/airflow/.local/lib/python3.7/site-packages/airflow/example_dags/example_task_group.py
[2024-08-05T09:28:11.072+0000] {logging_mixin.py:120} INFO - [2024-08-05T09:28:11.071+0000] {dag.py:2585} INFO - Sync 1 DAGs
[2024-08-05T09:28:11.102+0000] {logging_mixin.py:120} INFO - [2024-08-05T09:28:11.102+0000] {dag.py:3340} INFO - Setting next_dagrun for example_task_group to 2024-08-04T09:28:11.101809+00:00, run_after=2024-08-05T09:28:11.101809+00:00
[2024-08-05T09:28:11.126+0000] {processor.py:176} INFO - Processing /home/airflow/.local/lib/python3.7/site-packages/airflow/example_dags/example_task_group.py took 0.234 seconds
[2024-08-05T09:28:41.446+0000] {processor.py:154} INFO - Started process (PID=16351) to work on /home/airflow/.local/lib/python3.7/site-packages/airflow/example_dags/example_task_group.py
[2024-08-05T09:28:41.447+0000] {processor.py:756} INFO - Processing file /home/airflow/.local/lib/python3.7/site-packages/airflow/example_dags/example_task_group.py for tasks to queue
[2024-08-05T09:28:41.448+0000] {logging_mixin.py:120} INFO - [2024-08-05T09:28:41.448+0000] {dagbag.py:537} INFO - Filling up the DagBag from /home/airflow/.local/lib/python3.7/site-packages/airflow/example_dags/example_task_group.py
[2024-08-05T09:28:41.466+0000] {processor.py:766} INFO - DAG(s) dict_keys(['example_task_group']) retrieved from /home/airflow/.local/lib/python3.7/site-packages/airflow/example_dags/example_task_group.py
[2024-08-05T09:28:41.517+0000] {logging_mixin.py:120} INFO - [2024-08-05T09:28:41.517+0000] {dag.py:2585} INFO - Sync 1 DAGs
[2024-08-05T09:28:41.546+0000] {logging_mixin.py:120} INFO - [2024-08-05T09:28:41.545+0000] {dag.py:3340} INFO - Setting next_dagrun for example_task_group to 2024-08-04T09:28:41.545564+00:00, run_after=2024-08-05T09:28:41.545564+00:00
[2024-08-05T09:28:41.580+0000] {processor.py:176} INFO - Processing /home/airflow/.local/lib/python3.7/site-packages/airflow/example_dags/example_task_group.py took 0.138 seconds
[2024-08-05T09:29:11.930+0000] {processor.py:154} INFO - Started process (PID=16408) to work on /home/airflow/.local/lib/python3.7/site-packages/airflow/example_dags/example_task_group.py
[2024-08-05T09:29:11.932+0000] {processor.py:756} INFO - Processing file /home/airflow/.local/lib/python3.7/site-packages/airflow/example_dags/example_task_group.py for tasks to queue
[2024-08-05T09:29:11.933+0000] {logging_mixin.py:120} INFO - [2024-08-05T09:29:11.932+0000] {dagbag.py:537} INFO - Filling up the DagBag from /home/airflow/.local/lib/python3.7/site-packages/airflow/example_dags/example_task_group.py
[2024-08-05T09:29:11.958+0000] {processor.py:766} INFO - DAG(s) dict_keys(['example_task_group']) retrieved from /home/airflow/.local/lib/python3.7/site-packages/airflow/example_dags/example_task_group.py
[2024-08-05T09:29:12.139+0000] {logging_mixin.py:120} INFO - [2024-08-05T09:29:12.139+0000] {dag.py:2585} INFO - Sync 1 DAGs
[2024-08-05T09:29:12.237+0000] {logging_mixin.py:120} INFO - [2024-08-05T09:29:12.237+0000] {dag.py:3340} INFO - Setting next_dagrun for example_task_group to 2024-08-04T09:29:12.236878+00:00, run_after=2024-08-05T09:29:12.236878+00:00
[2024-08-05T09:29:12.275+0000] {processor.py:176} INFO - Processing /home/airflow/.local/lib/python3.7/site-packages/airflow/example_dags/example_task_group.py took 0.349 seconds
[2024-08-05T09:29:43.139+0000] {processor.py:154} INFO - Started process (PID=16475) to work on /home/airflow/.local/lib/python3.7/site-packages/airflow/example_dags/example_task_group.py
[2024-08-05T09:29:43.144+0000] {processor.py:756} INFO - Processing file /home/airflow/.local/lib/python3.7/site-packages/airflow/example_dags/example_task_group.py for tasks to queue
[2024-08-05T09:29:43.146+0000] {logging_mixin.py:120} INFO - [2024-08-05T09:29:43.145+0000] {dagbag.py:537} INFO - Filling up the DagBag from /home/airflow/.local/lib/python3.7/site-packages/airflow/example_dags/example_task_group.py
[2024-08-05T09:29:43.178+0000] {processor.py:766} INFO - DAG(s) dict_keys(['example_task_group']) retrieved from /home/airflow/.local/lib/python3.7/site-packages/airflow/example_dags/example_task_group.py
[2024-08-05T09:29:43.344+0000] {logging_mixin.py:120} INFO - [2024-08-05T09:29:43.344+0000] {dag.py:2585} INFO - Sync 1 DAGs
[2024-08-05T09:29:43.476+0000] {logging_mixin.py:120} INFO - [2024-08-05T09:29:43.475+0000] {dag.py:3340} INFO - Setting next_dagrun for example_task_group to 2024-08-04T09:29:43.475534+00:00, run_after=2024-08-05T09:29:43.475534+00:00
[2024-08-05T09:29:43.515+0000] {processor.py:176} INFO - Processing /home/airflow/.local/lib/python3.7/site-packages/airflow/example_dags/example_task_group.py took 0.379 seconds
[2024-08-05T09:30:13.981+0000] {processor.py:154} INFO - Started process (PID=16542) to work on /home/airflow/.local/lib/python3.7/site-packages/airflow/example_dags/example_task_group.py
[2024-08-05T09:30:14.075+0000] {processor.py:756} INFO - Processing file /home/airflow/.local/lib/python3.7/site-packages/airflow/example_dags/example_task_group.py for tasks to queue
[2024-08-05T09:30:14.076+0000] {logging_mixin.py:120} INFO - [2024-08-05T09:30:14.076+0000] {dagbag.py:537} INFO - Filling up the DagBag from /home/airflow/.local/lib/python3.7/site-packages/airflow/example_dags/example_task_group.py
[2024-08-05T09:30:14.113+0000] {processor.py:766} INFO - DAG(s) dict_keys(['example_task_group']) retrieved from /home/airflow/.local/lib/python3.7/site-packages/airflow/example_dags/example_task_group.py
[2024-08-05T09:30:14.164+0000] {logging_mixin.py:120} INFO - [2024-08-05T09:30:14.164+0000] {dag.py:2585} INFO - Sync 1 DAGs
[2024-08-05T09:30:14.187+0000] {logging_mixin.py:120} INFO - [2024-08-05T09:30:14.187+0000] {dag.py:3340} INFO - Setting next_dagrun for example_task_group to 2024-08-04T09:30:14.187055+00:00, run_after=2024-08-05T09:30:14.187055+00:00
[2024-08-05T09:30:14.210+0000] {processor.py:176} INFO - Processing /home/airflow/.local/lib/python3.7/site-packages/airflow/example_dags/example_task_group.py took 0.233 seconds
[2024-08-05T09:30:45.473+0000] {processor.py:154} INFO - Started process (PID=16602) to work on /home/airflow/.local/lib/python3.7/site-packages/airflow/example_dags/example_task_group.py
[2024-08-05T09:30:45.613+0000] {processor.py:756} INFO - Processing file /home/airflow/.local/lib/python3.7/site-packages/airflow/example_dags/example_task_group.py for tasks to queue
[2024-08-05T09:30:45.630+0000] {logging_mixin.py:120} INFO - [2024-08-05T09:30:45.630+0000] {dagbag.py:537} INFO - Filling up the DagBag from /home/airflow/.local/lib/python3.7/site-packages/airflow/example_dags/example_task_group.py
[2024-08-05T09:30:45.666+0000] {processor.py:766} INFO - DAG(s) dict_keys(['example_task_group']) retrieved from /home/airflow/.local/lib/python3.7/site-packages/airflow/example_dags/example_task_group.py
[2024-08-05T09:30:45.861+0000] {logging_mixin.py:120} INFO - [2024-08-05T09:30:45.861+0000] {dag.py:2585} INFO - Sync 1 DAGs
[2024-08-05T09:30:46.072+0000] {logging_mixin.py:120} INFO - [2024-08-05T09:30:46.072+0000] {dag.py:3340} INFO - Setting next_dagrun for example_task_group to 2024-08-04T09:30:46.071891+00:00, run_after=2024-08-05T09:30:46.071891+00:00
[2024-08-05T09:30:46.126+0000] {processor.py:176} INFO - Processing /home/airflow/.local/lib/python3.7/site-packages/airflow/example_dags/example_task_group.py took 0.657 seconds
[2024-08-05T09:31:16.918+0000] {processor.py:154} INFO - Started process (PID=16669) to work on /home/airflow/.local/lib/python3.7/site-packages/airflow/example_dags/example_task_group.py
[2024-08-05T09:31:16.920+0000] {processor.py:756} INFO - Processing file /home/airflow/.local/lib/python3.7/site-packages/airflow/example_dags/example_task_group.py for tasks to queue
[2024-08-05T09:31:16.921+0000] {logging_mixin.py:120} INFO - [2024-08-05T09:31:16.921+0000] {dagbag.py:537} INFO - Filling up the DagBag from /home/airflow/.local/lib/python3.7/site-packages/airflow/example_dags/example_task_group.py
[2024-08-05T09:31:16.938+0000] {processor.py:766} INFO - DAG(s) dict_keys(['example_task_group']) retrieved from /home/airflow/.local/lib/python3.7/site-packages/airflow/example_dags/example_task_group.py
[2024-08-05T09:31:16.983+0000] {logging_mixin.py:120} INFO - [2024-08-05T09:31:16.982+0000] {dag.py:2585} INFO - Sync 1 DAGs
[2024-08-05T09:31:17.014+0000] {logging_mixin.py:120} INFO - [2024-08-05T09:31:17.013+0000] {dag.py:3340} INFO - Setting next_dagrun for example_task_group to 2024-08-04T09:31:17.013738+00:00, run_after=2024-08-05T09:31:17.013738+00:00
[2024-08-05T09:31:17.033+0000] {processor.py:176} INFO - Processing /home/airflow/.local/lib/python3.7/site-packages/airflow/example_dags/example_task_group.py took 0.118 seconds
[2024-08-05T09:31:47.778+0000] {processor.py:154} INFO - Started process (PID=16737) to work on /home/airflow/.local/lib/python3.7/site-packages/airflow/example_dags/example_task_group.py
[2024-08-05T09:31:47.780+0000] {processor.py:756} INFO - Processing file /home/airflow/.local/lib/python3.7/site-packages/airflow/example_dags/example_task_group.py for tasks to queue
[2024-08-05T09:31:47.781+0000] {logging_mixin.py:120} INFO - [2024-08-05T09:31:47.781+0000] {dagbag.py:537} INFO - Filling up the DagBag from /home/airflow/.local/lib/python3.7/site-packages/airflow/example_dags/example_task_group.py
[2024-08-05T09:31:47.803+0000] {processor.py:766} INFO - DAG(s) dict_keys(['example_task_group']) retrieved from /home/airflow/.local/lib/python3.7/site-packages/airflow/example_dags/example_task_group.py
[2024-08-05T09:31:47.862+0000] {logging_mixin.py:120} INFO - [2024-08-05T09:31:47.862+0000] {dag.py:2585} INFO - Sync 1 DAGs
[2024-08-05T09:31:47.892+0000] {logging_mixin.py:120} INFO - [2024-08-05T09:31:47.891+0000] {dag.py:3340} INFO - Setting next_dagrun for example_task_group to 2024-08-04T09:31:47.891762+00:00, run_after=2024-08-05T09:31:47.891762+00:00
[2024-08-05T09:31:47.916+0000] {processor.py:176} INFO - Processing /home/airflow/.local/lib/python3.7/site-packages/airflow/example_dags/example_task_group.py took 0.142 seconds
[2024-08-05T09:32:18.005+0000] {processor.py:154} INFO - Started process (PID=16794) to work on /home/airflow/.local/lib/python3.7/site-packages/airflow/example_dags/example_task_group.py
[2024-08-05T09:32:18.007+0000] {processor.py:756} INFO - Processing file /home/airflow/.local/lib/python3.7/site-packages/airflow/example_dags/example_task_group.py for tasks to queue
[2024-08-05T09:32:18.008+0000] {logging_mixin.py:120} INFO - [2024-08-05T09:32:18.007+0000] {dagbag.py:537} INFO - Filling up the DagBag from /home/airflow/.local/lib/python3.7/site-packages/airflow/example_dags/example_task_group.py
[2024-08-05T09:32:18.028+0000] {processor.py:766} INFO - DAG(s) dict_keys(['example_task_group']) retrieved from /home/airflow/.local/lib/python3.7/site-packages/airflow/example_dags/example_task_group.py
[2024-08-05T09:32:18.067+0000] {logging_mixin.py:120} INFO - [2024-08-05T09:32:18.067+0000] {dag.py:2585} INFO - Sync 1 DAGs
[2024-08-05T09:32:18.091+0000] {logging_mixin.py:120} INFO - [2024-08-05T09:32:18.091+0000] {dag.py:3340} INFO - Setting next_dagrun for example_task_group to 2024-08-04T09:32:18.091553+00:00, run_after=2024-08-05T09:32:18.091553+00:00
[2024-08-05T09:32:18.117+0000] {processor.py:176} INFO - Processing /home/airflow/.local/lib/python3.7/site-packages/airflow/example_dags/example_task_group.py took 0.115 seconds
[2024-08-05T09:32:48.357+0000] {processor.py:154} INFO - Started process (PID=16861) to work on /home/airflow/.local/lib/python3.7/site-packages/airflow/example_dags/example_task_group.py
[2024-08-05T09:32:48.358+0000] {processor.py:756} INFO - Processing file /home/airflow/.local/lib/python3.7/site-packages/airflow/example_dags/example_task_group.py for tasks to queue
[2024-08-05T09:32:48.359+0000] {logging_mixin.py:120} INFO - [2024-08-05T09:32:48.359+0000] {dagbag.py:537} INFO - Filling up the DagBag from /home/airflow/.local/lib/python3.7/site-packages/airflow/example_dags/example_task_group.py
[2024-08-05T09:32:48.377+0000] {processor.py:766} INFO - DAG(s) dict_keys(['example_task_group']) retrieved from /home/airflow/.local/lib/python3.7/site-packages/airflow/example_dags/example_task_group.py
[2024-08-05T09:32:48.418+0000] {logging_mixin.py:120} INFO - [2024-08-05T09:32:48.418+0000] {dag.py:2585} INFO - Sync 1 DAGs
[2024-08-05T09:32:48.468+0000] {logging_mixin.py:120} INFO - [2024-08-05T09:32:48.468+0000] {dag.py:3340} INFO - Setting next_dagrun for example_task_group to 2024-08-04T09:32:48.467794+00:00, run_after=2024-08-05T09:32:48.467794+00:00
[2024-08-05T09:32:48.489+0000] {processor.py:176} INFO - Processing /home/airflow/.local/lib/python3.7/site-packages/airflow/example_dags/example_task_group.py took 0.135 seconds
[2024-08-05T09:33:18.694+0000] {processor.py:154} INFO - Started process (PID=16927) to work on /home/airflow/.local/lib/python3.7/site-packages/airflow/example_dags/example_task_group.py
[2024-08-05T09:33:18.695+0000] {processor.py:756} INFO - Processing file /home/airflow/.local/lib/python3.7/site-packages/airflow/example_dags/example_task_group.py for tasks to queue
[2024-08-05T09:33:18.696+0000] {logging_mixin.py:120} INFO - [2024-08-05T09:33:18.696+0000] {dagbag.py:537} INFO - Filling up the DagBag from /home/airflow/.local/lib/python3.7/site-packages/airflow/example_dags/example_task_group.py
[2024-08-05T09:33:18.712+0000] {processor.py:766} INFO - DAG(s) dict_keys(['example_task_group']) retrieved from /home/airflow/.local/lib/python3.7/site-packages/airflow/example_dags/example_task_group.py
[2024-08-05T09:33:18.753+0000] {logging_mixin.py:120} INFO - [2024-08-05T09:33:18.753+0000] {dag.py:2585} INFO - Sync 1 DAGs
[2024-08-05T09:33:18.779+0000] {logging_mixin.py:120} INFO - [2024-08-05T09:33:18.779+0000] {dag.py:3340} INFO - Setting next_dagrun for example_task_group to 2024-08-04T09:33:18.778946+00:00, run_after=2024-08-05T09:33:18.778946+00:00
[2024-08-05T09:33:18.803+0000] {processor.py:176} INFO - Processing /home/airflow/.local/lib/python3.7/site-packages/airflow/example_dags/example_task_group.py took 0.111 seconds
[2024-08-05T09:33:49.102+0000] {processor.py:154} INFO - Started process (PID=16985) to work on /home/airflow/.local/lib/python3.7/site-packages/airflow/example_dags/example_task_group.py
[2024-08-05T09:33:49.103+0000] {processor.py:756} INFO - Processing file /home/airflow/.local/lib/python3.7/site-packages/airflow/example_dags/example_task_group.py for tasks to queue
[2024-08-05T09:33:49.104+0000] {logging_mixin.py:120} INFO - [2024-08-05T09:33:49.104+0000] {dagbag.py:537} INFO - Filling up the DagBag from /home/airflow/.local/lib/python3.7/site-packages/airflow/example_dags/example_task_group.py
[2024-08-05T09:33:49.132+0000] {processor.py:766} INFO - DAG(s) dict_keys(['example_task_group']) retrieved from /home/airflow/.local/lib/python3.7/site-packages/airflow/example_dags/example_task_group.py
[2024-08-05T09:33:49.183+0000] {logging_mixin.py:120} INFO - [2024-08-05T09:33:49.183+0000] {dag.py:2585} INFO - Sync 1 DAGs
[2024-08-05T09:33:49.230+0000] {logging_mixin.py:120} INFO - [2024-08-05T09:33:49.230+0000] {dag.py:3340} INFO - Setting next_dagrun for example_task_group to 2024-08-04T09:33:49.230184+00:00, run_after=2024-08-05T09:33:49.230184+00:00
[2024-08-05T09:33:49.258+0000] {processor.py:176} INFO - Processing /home/airflow/.local/lib/python3.7/site-packages/airflow/example_dags/example_task_group.py took 0.159 seconds
[2024-08-05T09:34:19.697+0000] {processor.py:154} INFO - Started process (PID=17052) to work on /home/airflow/.local/lib/python3.7/site-packages/airflow/example_dags/example_task_group.py
[2024-08-05T09:34:19.699+0000] {processor.py:756} INFO - Processing file /home/airflow/.local/lib/python3.7/site-packages/airflow/example_dags/example_task_group.py for tasks to queue
[2024-08-05T09:34:19.700+0000] {logging_mixin.py:120} INFO - [2024-08-05T09:34:19.700+0000] {dagbag.py:537} INFO - Filling up the DagBag from /home/airflow/.local/lib/python3.7/site-packages/airflow/example_dags/example_task_group.py
[2024-08-05T09:34:19.725+0000] {processor.py:766} INFO - DAG(s) dict_keys(['example_task_group']) retrieved from /home/airflow/.local/lib/python3.7/site-packages/airflow/example_dags/example_task_group.py
[2024-08-05T09:34:19.776+0000] {logging_mixin.py:120} INFO - [2024-08-05T09:34:19.776+0000] {dag.py:2585} INFO - Sync 1 DAGs
[2024-08-05T09:34:19.834+0000] {logging_mixin.py:120} INFO - [2024-08-05T09:34:19.833+0000] {dag.py:3340} INFO - Setting next_dagrun for example_task_group to 2024-08-04T09:34:19.833389+00:00, run_after=2024-08-05T09:34:19.833389+00:00
[2024-08-05T09:34:19.857+0000] {processor.py:176} INFO - Processing /home/airflow/.local/lib/python3.7/site-packages/airflow/example_dags/example_task_group.py took 0.163 seconds
[2024-08-05T09:34:50.645+0000] {processor.py:154} INFO - Started process (PID=17117) to work on /home/airflow/.local/lib/python3.7/site-packages/airflow/example_dags/example_task_group.py
[2024-08-05T09:34:50.649+0000] {processor.py:756} INFO - Processing file /home/airflow/.local/lib/python3.7/site-packages/airflow/example_dags/example_task_group.py for tasks to queue
[2024-08-05T09:34:50.650+0000] {logging_mixin.py:120} INFO - [2024-08-05T09:34:50.650+0000] {dagbag.py:537} INFO - Filling up the DagBag from /home/airflow/.local/lib/python3.7/site-packages/airflow/example_dags/example_task_group.py
[2024-08-05T09:34:50.669+0000] {processor.py:766} INFO - DAG(s) dict_keys(['example_task_group']) retrieved from /home/airflow/.local/lib/python3.7/site-packages/airflow/example_dags/example_task_group.py
[2024-08-05T09:34:50.720+0000] {logging_mixin.py:120} INFO - [2024-08-05T09:34:50.719+0000] {dag.py:2585} INFO - Sync 1 DAGs
[2024-08-05T09:34:50.809+0000] {logging_mixin.py:120} INFO - [2024-08-05T09:34:50.809+0000] {dag.py:3340} INFO - Setting next_dagrun for example_task_group to 2024-08-04T09:34:50.808988+00:00, run_after=2024-08-05T09:34:50.808988+00:00
[2024-08-05T09:34:50.841+0000] {processor.py:176} INFO - Processing /home/airflow/.local/lib/python3.7/site-packages/airflow/example_dags/example_task_group.py took 0.200 seconds
[2024-08-05T09:35:21.270+0000] {processor.py:154} INFO - Started process (PID=17177) to work on /home/airflow/.local/lib/python3.7/site-packages/airflow/example_dags/example_task_group.py
[2024-08-05T09:35:21.272+0000] {processor.py:756} INFO - Processing file /home/airflow/.local/lib/python3.7/site-packages/airflow/example_dags/example_task_group.py for tasks to queue
[2024-08-05T09:35:21.275+0000] {logging_mixin.py:120} INFO - [2024-08-05T09:35:21.275+0000] {dagbag.py:537} INFO - Filling up the DagBag from /home/airflow/.local/lib/python3.7/site-packages/airflow/example_dags/example_task_group.py
[2024-08-05T09:35:21.297+0000] {processor.py:766} INFO - DAG(s) dict_keys(['example_task_group']) retrieved from /home/airflow/.local/lib/python3.7/site-packages/airflow/example_dags/example_task_group.py
[2024-08-05T09:35:21.347+0000] {logging_mixin.py:120} INFO - [2024-08-05T09:35:21.347+0000] {dag.py:2585} INFO - Sync 1 DAGs
[2024-08-05T09:35:21.386+0000] {logging_mixin.py:120} INFO - [2024-08-05T09:35:21.386+0000] {dag.py:3340} INFO - Setting next_dagrun for example_task_group to 2024-08-04T09:35:21.385582+00:00, run_after=2024-08-05T09:35:21.385582+00:00
[2024-08-05T09:35:21.440+0000] {processor.py:176} INFO - Processing /home/airflow/.local/lib/python3.7/site-packages/airflow/example_dags/example_task_group.py took 0.173 seconds
[2024-08-05T09:35:52.009+0000] {processor.py:154} INFO - Started process (PID=17244) to work on /home/airflow/.local/lib/python3.7/site-packages/airflow/example_dags/example_task_group.py
[2024-08-05T09:35:52.011+0000] {processor.py:756} INFO - Processing file /home/airflow/.local/lib/python3.7/site-packages/airflow/example_dags/example_task_group.py for tasks to queue
[2024-08-05T09:35:52.012+0000] {logging_mixin.py:120} INFO - [2024-08-05T09:35:52.012+0000] {dagbag.py:537} INFO - Filling up the DagBag from /home/airflow/.local/lib/python3.7/site-packages/airflow/example_dags/example_task_group.py
[2024-08-05T09:35:52.029+0000] {processor.py:766} INFO - DAG(s) dict_keys(['example_task_group']) retrieved from /home/airflow/.local/lib/python3.7/site-packages/airflow/example_dags/example_task_group.py
[2024-08-05T09:35:52.091+0000] {logging_mixin.py:120} INFO - [2024-08-05T09:35:52.091+0000] {dag.py:2585} INFO - Sync 1 DAGs
[2024-08-05T09:35:52.121+0000] {logging_mixin.py:120} INFO - [2024-08-05T09:35:52.121+0000] {dag.py:3340} INFO - Setting next_dagrun for example_task_group to 2024-08-04T09:35:52.120948+00:00, run_after=2024-08-05T09:35:52.120948+00:00
[2024-08-05T09:35:52.142+0000] {processor.py:176} INFO - Processing /home/airflow/.local/lib/python3.7/site-packages/airflow/example_dags/example_task_group.py took 0.137 seconds
[2024-08-05T09:36:22.234+0000] {processor.py:154} INFO - Started process (PID=17302) to work on /home/airflow/.local/lib/python3.7/site-packages/airflow/example_dags/example_task_group.py
[2024-08-05T09:36:22.235+0000] {processor.py:756} INFO - Processing file /home/airflow/.local/lib/python3.7/site-packages/airflow/example_dags/example_task_group.py for tasks to queue
[2024-08-05T09:36:22.236+0000] {logging_mixin.py:120} INFO - [2024-08-05T09:36:22.236+0000] {dagbag.py:537} INFO - Filling up the DagBag from /home/airflow/.local/lib/python3.7/site-packages/airflow/example_dags/example_task_group.py
[2024-08-05T09:36:22.251+0000] {processor.py:766} INFO - DAG(s) dict_keys(['example_task_group']) retrieved from /home/airflow/.local/lib/python3.7/site-packages/airflow/example_dags/example_task_group.py
[2024-08-05T09:36:22.293+0000] {logging_mixin.py:120} INFO - [2024-08-05T09:36:22.292+0000] {dag.py:2585} INFO - Sync 1 DAGs
[2024-08-05T09:36:22.322+0000] {logging_mixin.py:120} INFO - [2024-08-05T09:36:22.322+0000] {dag.py:3340} INFO - Setting next_dagrun for example_task_group to 2024-08-04T09:36:22.322145+00:00, run_after=2024-08-05T09:36:22.322145+00:00
[2024-08-05T09:36:22.344+0000] {processor.py:176} INFO - Processing /home/airflow/.local/lib/python3.7/site-packages/airflow/example_dags/example_task_group.py took 0.113 seconds
[2024-08-05T09:36:53.032+0000] {processor.py:154} INFO - Started process (PID=17369) to work on /home/airflow/.local/lib/python3.7/site-packages/airflow/example_dags/example_task_group.py
[2024-08-05T09:36:53.106+0000] {processor.py:756} INFO - Processing file /home/airflow/.local/lib/python3.7/site-packages/airflow/example_dags/example_task_group.py for tasks to queue
[2024-08-05T09:36:53.112+0000] {logging_mixin.py:120} INFO - [2024-08-05T09:36:53.112+0000] {dagbag.py:537} INFO - Filling up the DagBag from /home/airflow/.local/lib/python3.7/site-packages/airflow/example_dags/example_task_group.py
[2024-08-05T09:36:53.147+0000] {processor.py:766} INFO - DAG(s) dict_keys(['example_task_group']) retrieved from /home/airflow/.local/lib/python3.7/site-packages/airflow/example_dags/example_task_group.py
[2024-08-05T09:36:53.210+0000] {logging_mixin.py:120} INFO - [2024-08-05T09:36:53.210+0000] {dag.py:2585} INFO - Sync 1 DAGs
[2024-08-05T09:36:53.253+0000] {logging_mixin.py:120} INFO - [2024-08-05T09:36:53.253+0000] {dag.py:3340} INFO - Setting next_dagrun for example_task_group to 2024-08-04T09:36:53.252628+00:00, run_after=2024-08-05T09:36:53.252628+00:00
[2024-08-05T09:36:53.283+0000] {processor.py:176} INFO - Processing /home/airflow/.local/lib/python3.7/site-packages/airflow/example_dags/example_task_group.py took 0.255 seconds
[2024-08-05T09:37:24.208+0000] {processor.py:154} INFO - Started process (PID=17436) to work on /home/airflow/.local/lib/python3.7/site-packages/airflow/example_dags/example_task_group.py
[2024-08-05T09:37:24.215+0000] {processor.py:756} INFO - Processing file /home/airflow/.local/lib/python3.7/site-packages/airflow/example_dags/example_task_group.py for tasks to queue
[2024-08-05T09:37:24.217+0000] {logging_mixin.py:120} INFO - [2024-08-05T09:37:24.217+0000] {dagbag.py:537} INFO - Filling up the DagBag from /home/airflow/.local/lib/python3.7/site-packages/airflow/example_dags/example_task_group.py
[2024-08-05T09:37:24.240+0000] {processor.py:766} INFO - DAG(s) dict_keys(['example_task_group']) retrieved from /home/airflow/.local/lib/python3.7/site-packages/airflow/example_dags/example_task_group.py
[2024-08-05T09:37:24.286+0000] {logging_mixin.py:120} INFO - [2024-08-05T09:37:24.285+0000] {dag.py:2585} INFO - Sync 1 DAGs
[2024-08-05T09:37:24.322+0000] {logging_mixin.py:120} INFO - [2024-08-05T09:37:24.322+0000] {dag.py:3340} INFO - Setting next_dagrun for example_task_group to 2024-08-04T09:37:24.321905+00:00, run_after=2024-08-05T09:37:24.321905+00:00
[2024-08-05T09:37:24.355+0000] {processor.py:176} INFO - Processing /home/airflow/.local/lib/python3.7/site-packages/airflow/example_dags/example_task_group.py took 0.150 seconds
[2024-08-05T09:37:54.504+0000] {processor.py:154} INFO - Started process (PID=17493) to work on /home/airflow/.local/lib/python3.7/site-packages/airflow/example_dags/example_task_group.py
[2024-08-05T09:37:54.506+0000] {processor.py:756} INFO - Processing file /home/airflow/.local/lib/python3.7/site-packages/airflow/example_dags/example_task_group.py for tasks to queue
[2024-08-05T09:37:54.507+0000] {logging_mixin.py:120} INFO - [2024-08-05T09:37:54.507+0000] {dagbag.py:537} INFO - Filling up the DagBag from /home/airflow/.local/lib/python3.7/site-packages/airflow/example_dags/example_task_group.py
[2024-08-05T09:37:54.522+0000] {processor.py:766} INFO - DAG(s) dict_keys(['example_task_group']) retrieved from /home/airflow/.local/lib/python3.7/site-packages/airflow/example_dags/example_task_group.py
[2024-08-05T09:37:54.561+0000] {logging_mixin.py:120} INFO - [2024-08-05T09:37:54.561+0000] {dag.py:2585} INFO - Sync 1 DAGs
[2024-08-05T09:37:54.584+0000] {logging_mixin.py:120} INFO - [2024-08-05T09:37:54.584+0000] {dag.py:3340} INFO - Setting next_dagrun for example_task_group to 2024-08-04T09:37:54.584032+00:00, run_after=2024-08-05T09:37:54.584032+00:00
[2024-08-05T09:37:54.606+0000] {processor.py:176} INFO - Processing /home/airflow/.local/lib/python3.7/site-packages/airflow/example_dags/example_task_group.py took 0.106 seconds
[2024-08-05T09:38:25.270+0000] {processor.py:154} INFO - Started process (PID=17561) to work on /home/airflow/.local/lib/python3.7/site-packages/airflow/example_dags/example_task_group.py
[2024-08-05T09:38:25.274+0000] {processor.py:756} INFO - Processing file /home/airflow/.local/lib/python3.7/site-packages/airflow/example_dags/example_task_group.py for tasks to queue
[2024-08-05T09:38:25.276+0000] {logging_mixin.py:120} INFO - [2024-08-05T09:38:25.276+0000] {dagbag.py:537} INFO - Filling up the DagBag from /home/airflow/.local/lib/python3.7/site-packages/airflow/example_dags/example_task_group.py
[2024-08-05T09:38:25.298+0000] {processor.py:766} INFO - DAG(s) dict_keys(['example_task_group']) retrieved from /home/airflow/.local/lib/python3.7/site-packages/airflow/example_dags/example_task_group.py
[2024-08-05T09:38:25.361+0000] {logging_mixin.py:120} INFO - [2024-08-05T09:38:25.361+0000] {dag.py:2585} INFO - Sync 1 DAGs
[2024-08-05T09:38:25.392+0000] {logging_mixin.py:120} INFO - [2024-08-05T09:38:25.392+0000] {dag.py:3340} INFO - Setting next_dagrun for example_task_group to 2024-08-04T09:38:25.392554+00:00, run_after=2024-08-05T09:38:25.392554+00:00
[2024-08-05T09:38:25.425+0000] {processor.py:176} INFO - Processing /home/airflow/.local/lib/python3.7/site-packages/airflow/example_dags/example_task_group.py took 0.159 seconds
[2024-08-05T09:38:55.567+0000] {processor.py:154} INFO - Started process (PID=17628) to work on /home/airflow/.local/lib/python3.7/site-packages/airflow/example_dags/example_task_group.py
[2024-08-05T09:38:55.568+0000] {processor.py:756} INFO - Processing file /home/airflow/.local/lib/python3.7/site-packages/airflow/example_dags/example_task_group.py for tasks to queue
[2024-08-05T09:38:55.569+0000] {logging_mixin.py:120} INFO - [2024-08-05T09:38:55.569+0000] {dagbag.py:537} INFO - Filling up the DagBag from /home/airflow/.local/lib/python3.7/site-packages/airflow/example_dags/example_task_group.py
[2024-08-05T09:38:55.598+0000] {processor.py:766} INFO - DAG(s) dict_keys(['example_task_group']) retrieved from /home/airflow/.local/lib/python3.7/site-packages/airflow/example_dags/example_task_group.py
[2024-08-05T09:38:55.646+0000] {logging_mixin.py:120} INFO - [2024-08-05T09:38:55.646+0000] {dag.py:2585} INFO - Sync 1 DAGs
[2024-08-05T09:38:55.670+0000] {logging_mixin.py:120} INFO - [2024-08-05T09:38:55.670+0000] {dag.py:3340} INFO - Setting next_dagrun for example_task_group to 2024-08-04T09:38:55.669901+00:00, run_after=2024-08-05T09:38:55.669901+00:00
[2024-08-05T09:38:55.694+0000] {processor.py:176} INFO - Processing /home/airflow/.local/lib/python3.7/site-packages/airflow/example_dags/example_task_group.py took 0.131 seconds
[2024-08-05T09:39:26.100+0000] {processor.py:154} INFO - Started process (PID=17686) to work on /home/airflow/.local/lib/python3.7/site-packages/airflow/example_dags/example_task_group.py
[2024-08-05T09:39:26.103+0000] {processor.py:756} INFO - Processing file /home/airflow/.local/lib/python3.7/site-packages/airflow/example_dags/example_task_group.py for tasks to queue
[2024-08-05T09:39:26.104+0000] {logging_mixin.py:120} INFO - [2024-08-05T09:39:26.104+0000] {dagbag.py:537} INFO - Filling up the DagBag from /home/airflow/.local/lib/python3.7/site-packages/airflow/example_dags/example_task_group.py
[2024-08-05T09:39:26.124+0000] {processor.py:766} INFO - DAG(s) dict_keys(['example_task_group']) retrieved from /home/airflow/.local/lib/python3.7/site-packages/airflow/example_dags/example_task_group.py
[2024-08-05T09:39:26.182+0000] {logging_mixin.py:120} INFO - [2024-08-05T09:39:26.182+0000] {dag.py:2585} INFO - Sync 1 DAGs
[2024-08-05T09:39:26.319+0000] {logging_mixin.py:120} INFO - [2024-08-05T09:39:26.319+0000] {dag.py:3340} INFO - Setting next_dagrun for example_task_group to 2024-08-04T09:39:26.319000+00:00, run_after=2024-08-05T09:39:26.319000+00:00
[2024-08-05T09:39:26.429+0000] {processor.py:176} INFO - Processing /home/airflow/.local/lib/python3.7/site-packages/airflow/example_dags/example_task_group.py took 0.333 seconds
[2024-08-05T09:39:56.891+0000] {processor.py:154} INFO - Started process (PID=17753) to work on /home/airflow/.local/lib/python3.7/site-packages/airflow/example_dags/example_task_group.py
[2024-08-05T09:39:56.893+0000] {processor.py:756} INFO - Processing file /home/airflow/.local/lib/python3.7/site-packages/airflow/example_dags/example_task_group.py for tasks to queue
[2024-08-05T09:39:56.894+0000] {logging_mixin.py:120} INFO - [2024-08-05T09:39:56.894+0000] {dagbag.py:537} INFO - Filling up the DagBag from /home/airflow/.local/lib/python3.7/site-packages/airflow/example_dags/example_task_group.py
[2024-08-05T09:39:56.912+0000] {processor.py:766} INFO - DAG(s) dict_keys(['example_task_group']) retrieved from /home/airflow/.local/lib/python3.7/site-packages/airflow/example_dags/example_task_group.py
[2024-08-05T09:39:57.029+0000] {logging_mixin.py:120} INFO - [2024-08-05T09:39:57.028+0000] {dag.py:2585} INFO - Sync 1 DAGs
[2024-08-05T09:39:57.110+0000] {logging_mixin.py:120} INFO - [2024-08-05T09:39:57.110+0000] {dag.py:3340} INFO - Setting next_dagrun for example_task_group to 2024-08-04T09:39:57.110461+00:00, run_after=2024-08-05T09:39:57.110461+00:00
[2024-08-05T09:39:57.173+0000] {processor.py:176} INFO - Processing /home/airflow/.local/lib/python3.7/site-packages/airflow/example_dags/example_task_group.py took 0.286 seconds
[2024-08-05T09:40:27.269+0000] {processor.py:154} INFO - Started process (PID=17818) to work on /home/airflow/.local/lib/python3.7/site-packages/airflow/example_dags/example_task_group.py
[2024-08-05T09:40:27.286+0000] {processor.py:756} INFO - Processing file /home/airflow/.local/lib/python3.7/site-packages/airflow/example_dags/example_task_group.py for tasks to queue
[2024-08-05T09:40:27.287+0000] {logging_mixin.py:120} INFO - [2024-08-05T09:40:27.287+0000] {dagbag.py:537} INFO - Filling up the DagBag from /home/airflow/.local/lib/python3.7/site-packages/airflow/example_dags/example_task_group.py
[2024-08-05T09:40:27.314+0000] {processor.py:766} INFO - DAG(s) dict_keys(['example_task_group']) retrieved from /home/airflow/.local/lib/python3.7/site-packages/airflow/example_dags/example_task_group.py
[2024-08-05T09:40:27.401+0000] {logging_mixin.py:120} INFO - [2024-08-05T09:40:27.400+0000] {dag.py:2585} INFO - Sync 1 DAGs
[2024-08-05T09:40:27.447+0000] {logging_mixin.py:120} INFO - [2024-08-05T09:40:27.446+0000] {dag.py:3340} INFO - Setting next_dagrun for example_task_group to 2024-08-04T09:40:27.446605+00:00, run_after=2024-08-05T09:40:27.446605+00:00
[2024-08-05T09:40:27.490+0000] {processor.py:176} INFO - Processing /home/airflow/.local/lib/python3.7/site-packages/airflow/example_dags/example_task_group.py took 0.226 seconds
[2024-08-05T09:41:00.929+0000] {processor.py:154} INFO - Started process (PID=17877) to work on /home/airflow/.local/lib/python3.7/site-packages/airflow/example_dags/example_task_group.py
[2024-08-05T09:41:00.932+0000] {processor.py:756} INFO - Processing file /home/airflow/.local/lib/python3.7/site-packages/airflow/example_dags/example_task_group.py for tasks to queue
[2024-08-05T09:41:00.933+0000] {logging_mixin.py:120} INFO - [2024-08-05T09:41:00.933+0000] {dagbag.py:537} INFO - Filling up the DagBag from /home/airflow/.local/lib/python3.7/site-packages/airflow/example_dags/example_task_group.py
[2024-08-05T09:41:00.952+0000] {processor.py:766} INFO - DAG(s) dict_keys(['example_task_group']) retrieved from /home/airflow/.local/lib/python3.7/site-packages/airflow/example_dags/example_task_group.py
[2024-08-05T09:41:01.019+0000] {logging_mixin.py:120} INFO - [2024-08-05T09:41:01.019+0000] {dag.py:2585} INFO - Sync 1 DAGs
[2024-08-05T09:41:01.053+0000] {logging_mixin.py:120} INFO - [2024-08-05T09:41:01.053+0000] {dag.py:3340} INFO - Setting next_dagrun for example_task_group to 2024-08-04T09:41:01.052721+00:00, run_after=2024-08-05T09:41:01.052721+00:00
[2024-08-05T09:41:01.082+0000] {processor.py:176} INFO - Processing /home/airflow/.local/lib/python3.7/site-packages/airflow/example_dags/example_task_group.py took 0.156 seconds
[2024-08-05T09:41:32.575+0000] {processor.py:154} INFO - Started process (PID=17947) to work on /home/airflow/.local/lib/python3.7/site-packages/airflow/example_dags/example_task_group.py
[2024-08-05T09:41:32.577+0000] {processor.py:756} INFO - Processing file /home/airflow/.local/lib/python3.7/site-packages/airflow/example_dags/example_task_group.py for tasks to queue
[2024-08-05T09:41:32.578+0000] {logging_mixin.py:120} INFO - [2024-08-05T09:41:32.578+0000] {dagbag.py:537} INFO - Filling up the DagBag from /home/airflow/.local/lib/python3.7/site-packages/airflow/example_dags/example_task_group.py
[2024-08-05T09:41:32.605+0000] {processor.py:766} INFO - DAG(s) dict_keys(['example_task_group']) retrieved from /home/airflow/.local/lib/python3.7/site-packages/airflow/example_dags/example_task_group.py
[2024-08-05T09:41:32.660+0000] {logging_mixin.py:120} INFO - [2024-08-05T09:41:32.660+0000] {dag.py:2585} INFO - Sync 1 DAGs
[2024-08-05T09:41:32.690+0000] {logging_mixin.py:120} INFO - [2024-08-05T09:41:32.689+0000] {dag.py:3340} INFO - Setting next_dagrun for example_task_group to 2024-08-04T09:41:32.689642+00:00, run_after=2024-08-05T09:41:32.689642+00:00
[2024-08-05T09:41:32.722+0000] {processor.py:176} INFO - Processing /home/airflow/.local/lib/python3.7/site-packages/airflow/example_dags/example_task_group.py took 0.151 seconds
[2024-08-05T09:42:02.765+0000] {processor.py:154} INFO - Started process (PID=18012) to work on /home/airflow/.local/lib/python3.7/site-packages/airflow/example_dags/example_task_group.py
[2024-08-05T09:42:02.767+0000] {processor.py:756} INFO - Processing file /home/airflow/.local/lib/python3.7/site-packages/airflow/example_dags/example_task_group.py for tasks to queue
[2024-08-05T09:42:02.769+0000] {logging_mixin.py:120} INFO - [2024-08-05T09:42:02.769+0000] {dagbag.py:537} INFO - Filling up the DagBag from /home/airflow/.local/lib/python3.7/site-packages/airflow/example_dags/example_task_group.py
[2024-08-05T09:42:02.797+0000] {processor.py:766} INFO - DAG(s) dict_keys(['example_task_group']) retrieved from /home/airflow/.local/lib/python3.7/site-packages/airflow/example_dags/example_task_group.py
[2024-08-05T09:42:02.869+0000] {logging_mixin.py:120} INFO - [2024-08-05T09:42:02.869+0000] {dag.py:2585} INFO - Sync 1 DAGs
[2024-08-05T09:42:02.910+0000] {logging_mixin.py:120} INFO - [2024-08-05T09:42:02.910+0000] {dag.py:3340} INFO - Setting next_dagrun for example_task_group to 2024-08-04T09:42:02.909918+00:00, run_after=2024-08-05T09:42:02.909918+00:00
[2024-08-05T09:42:02.946+0000] {processor.py:176} INFO - Processing /home/airflow/.local/lib/python3.7/site-packages/airflow/example_dags/example_task_group.py took 0.186 seconds
[2024-08-05T09:42:33.145+0000] {processor.py:154} INFO - Started process (PID=18069) to work on /home/airflow/.local/lib/python3.7/site-packages/airflow/example_dags/example_task_group.py
[2024-08-05T09:42:33.146+0000] {processor.py:756} INFO - Processing file /home/airflow/.local/lib/python3.7/site-packages/airflow/example_dags/example_task_group.py for tasks to queue
[2024-08-05T09:42:33.147+0000] {logging_mixin.py:120} INFO - [2024-08-05T09:42:33.147+0000] {dagbag.py:537} INFO - Filling up the DagBag from /home/airflow/.local/lib/python3.7/site-packages/airflow/example_dags/example_task_group.py
[2024-08-05T09:42:33.165+0000] {processor.py:766} INFO - DAG(s) dict_keys(['example_task_group']) retrieved from /home/airflow/.local/lib/python3.7/site-packages/airflow/example_dags/example_task_group.py
[2024-08-05T09:42:33.213+0000] {logging_mixin.py:120} INFO - [2024-08-05T09:42:33.213+0000] {dag.py:2585} INFO - Sync 1 DAGs
[2024-08-05T09:42:33.243+0000] {logging_mixin.py:120} INFO - [2024-08-05T09:42:33.243+0000] {dag.py:3340} INFO - Setting next_dagrun for example_task_group to 2024-08-04T09:42:33.243073+00:00, run_after=2024-08-05T09:42:33.243073+00:00
[2024-08-05T09:42:33.292+0000] {processor.py:176} INFO - Processing /home/airflow/.local/lib/python3.7/site-packages/airflow/example_dags/example_task_group.py took 0.150 seconds
[2024-08-05T09:43:03.995+0000] {processor.py:154} INFO - Started process (PID=18137) to work on /home/airflow/.local/lib/python3.7/site-packages/airflow/example_dags/example_task_group.py
[2024-08-05T09:43:03.996+0000] {processor.py:756} INFO - Processing file /home/airflow/.local/lib/python3.7/site-packages/airflow/example_dags/example_task_group.py for tasks to queue
[2024-08-05T09:43:03.997+0000] {logging_mixin.py:120} INFO - [2024-08-05T09:43:03.997+0000] {dagbag.py:537} INFO - Filling up the DagBag from /home/airflow/.local/lib/python3.7/site-packages/airflow/example_dags/example_task_group.py
[2024-08-05T09:43:04.026+0000] {processor.py:766} INFO - DAG(s) dict_keys(['example_task_group']) retrieved from /home/airflow/.local/lib/python3.7/site-packages/airflow/example_dags/example_task_group.py
[2024-08-05T09:43:04.085+0000] {logging_mixin.py:120} INFO - [2024-08-05T09:43:04.085+0000] {dag.py:2585} INFO - Sync 1 DAGs
[2024-08-05T09:43:04.125+0000] {logging_mixin.py:120} INFO - [2024-08-05T09:43:04.125+0000] {dag.py:3340} INFO - Setting next_dagrun for example_task_group to 2024-08-04T09:43:04.124811+00:00, run_after=2024-08-05T09:43:04.124811+00:00
[2024-08-05T09:43:04.149+0000] {processor.py:176} INFO - Processing /home/airflow/.local/lib/python3.7/site-packages/airflow/example_dags/example_task_group.py took 0.161 seconds
[2024-08-05T09:43:35.170+0000] {processor.py:154} INFO - Started process (PID=18196) to work on /home/airflow/.local/lib/python3.7/site-packages/airflow/example_dags/example_task_group.py
[2024-08-05T09:43:35.171+0000] {processor.py:756} INFO - Processing file /home/airflow/.local/lib/python3.7/site-packages/airflow/example_dags/example_task_group.py for tasks to queue
[2024-08-05T09:43:35.172+0000] {logging_mixin.py:120} INFO - [2024-08-05T09:43:35.171+0000] {dagbag.py:537} INFO - Filling up the DagBag from /home/airflow/.local/lib/python3.7/site-packages/airflow/example_dags/example_task_group.py
[2024-08-05T09:43:35.192+0000] {processor.py:766} INFO - DAG(s) dict_keys(['example_task_group']) retrieved from /home/airflow/.local/lib/python3.7/site-packages/airflow/example_dags/example_task_group.py
[2024-08-05T09:43:35.248+0000] {logging_mixin.py:120} INFO - [2024-08-05T09:43:35.248+0000] {dag.py:2585} INFO - Sync 1 DAGs
[2024-08-05T09:43:35.288+0000] {logging_mixin.py:120} INFO - [2024-08-05T09:43:35.287+0000] {dag.py:3340} INFO - Setting next_dagrun for example_task_group to 2024-08-04T09:43:35.287724+00:00, run_after=2024-08-05T09:43:35.287724+00:00
[2024-08-05T09:43:35.345+0000] {processor.py:176} INFO - Processing /home/airflow/.local/lib/python3.7/site-packages/airflow/example_dags/example_task_group.py took 0.179 seconds
[2024-08-05T09:44:05.637+0000] {processor.py:154} INFO - Started process (PID=18263) to work on /home/airflow/.local/lib/python3.7/site-packages/airflow/example_dags/example_task_group.py
[2024-08-05T09:44:05.639+0000] {processor.py:756} INFO - Processing file /home/airflow/.local/lib/python3.7/site-packages/airflow/example_dags/example_task_group.py for tasks to queue
[2024-08-05T09:44:05.640+0000] {logging_mixin.py:120} INFO - [2024-08-05T09:44:05.640+0000] {dagbag.py:537} INFO - Filling up the DagBag from /home/airflow/.local/lib/python3.7/site-packages/airflow/example_dags/example_task_group.py
[2024-08-05T09:44:05.661+0000] {processor.py:766} INFO - DAG(s) dict_keys(['example_task_group']) retrieved from /home/airflow/.local/lib/python3.7/site-packages/airflow/example_dags/example_task_group.py
[2024-08-05T09:44:05.717+0000] {logging_mixin.py:120} INFO - [2024-08-05T09:44:05.716+0000] {dag.py:2585} INFO - Sync 1 DAGs
[2024-08-05T09:44:05.747+0000] {logging_mixin.py:120} INFO - [2024-08-05T09:44:05.747+0000] {dag.py:3340} INFO - Setting next_dagrun for example_task_group to 2024-08-04T09:44:05.747424+00:00, run_after=2024-08-05T09:44:05.747424+00:00
[2024-08-05T09:44:05.773+0000] {processor.py:176} INFO - Processing /home/airflow/.local/lib/python3.7/site-packages/airflow/example_dags/example_task_group.py took 0.142 seconds
[2024-08-05T10:37:55.087+0000] {processor.py:154} INFO - Started process (PID=18330) to work on /home/airflow/.local/lib/python3.7/site-packages/airflow/example_dags/example_task_group.py
[2024-08-05T10:37:55.088+0000] {processor.py:756} INFO - Processing file /home/airflow/.local/lib/python3.7/site-packages/airflow/example_dags/example_task_group.py for tasks to queue
[2024-08-05T10:37:55.091+0000] {logging_mixin.py:120} INFO - [2024-08-05T10:37:55.090+0000] {dagbag.py:537} INFO - Filling up the DagBag from /home/airflow/.local/lib/python3.7/site-packages/airflow/example_dags/example_task_group.py
[2024-08-05T10:37:55.134+0000] {processor.py:766} INFO - DAG(s) dict_keys(['example_task_group']) retrieved from /home/airflow/.local/lib/python3.7/site-packages/airflow/example_dags/example_task_group.py
[2024-08-05T10:37:55.205+0000] {logging_mixin.py:120} INFO - [2024-08-05T10:37:55.204+0000] {dag.py:2585} INFO - Sync 1 DAGs
[2024-08-05T10:37:55.556+0000] {logging_mixin.py:120} INFO - [2024-08-05T10:37:55.556+0000] {dag.py:3340} INFO - Setting next_dagrun for example_task_group to 2024-08-04T10:37:55.555761+00:00, run_after=2024-08-05T10:37:55.555761+00:00
[2024-08-05T10:37:55.620+0000] {processor.py:176} INFO - Processing /home/airflow/.local/lib/python3.7/site-packages/airflow/example_dags/example_task_group.py took 0.537 seconds
[2024-08-05T11:03:40.330+0000] {processor.py:154} INFO - Started process (PID=18362) to work on /home/airflow/.local/lib/python3.7/site-packages/airflow/example_dags/example_task_group.py
[2024-08-05T11:03:40.332+0000] {processor.py:756} INFO - Processing file /home/airflow/.local/lib/python3.7/site-packages/airflow/example_dags/example_task_group.py for tasks to queue
[2024-08-05T11:03:40.333+0000] {logging_mixin.py:120} INFO - [2024-08-05T11:03:40.333+0000] {dagbag.py:537} INFO - Filling up the DagBag from /home/airflow/.local/lib/python3.7/site-packages/airflow/example_dags/example_task_group.py
[2024-08-05T11:03:40.371+0000] {processor.py:766} INFO - DAG(s) dict_keys(['example_task_group']) retrieved from /home/airflow/.local/lib/python3.7/site-packages/airflow/example_dags/example_task_group.py
[2024-08-05T11:03:40.458+0000] {logging_mixin.py:120} INFO - [2024-08-05T11:03:40.458+0000] {dag.py:2585} INFO - Sync 1 DAGs
[2024-08-05T11:03:40.508+0000] {logging_mixin.py:120} INFO - [2024-08-05T11:03:40.508+0000] {dag.py:3340} INFO - Setting next_dagrun for example_task_group to 2024-08-04T11:03:40.508209+00:00, run_after=2024-08-05T11:03:40.508209+00:00
[2024-08-05T11:03:40.567+0000] {processor.py:176} INFO - Processing /home/airflow/.local/lib/python3.7/site-packages/airflow/example_dags/example_task_group.py took 0.241 seconds
[2024-08-05T11:04:14.203+0000] {processor.py:154} INFO - Started process (PID=18420) to work on /home/airflow/.local/lib/python3.7/site-packages/airflow/example_dags/example_task_group.py
[2024-08-05T11:04:14.204+0000] {processor.py:756} INFO - Processing file /home/airflow/.local/lib/python3.7/site-packages/airflow/example_dags/example_task_group.py for tasks to queue
[2024-08-05T11:04:14.205+0000] {logging_mixin.py:120} INFO - [2024-08-05T11:04:14.205+0000] {dagbag.py:537} INFO - Filling up the DagBag from /home/airflow/.local/lib/python3.7/site-packages/airflow/example_dags/example_task_group.py
[2024-08-05T11:04:14.218+0000] {processor.py:766} INFO - DAG(s) dict_keys(['example_task_group']) retrieved from /home/airflow/.local/lib/python3.7/site-packages/airflow/example_dags/example_task_group.py
[2024-08-05T11:04:14.268+0000] {logging_mixin.py:120} INFO - [2024-08-05T11:04:14.268+0000] {dag.py:2585} INFO - Sync 1 DAGs
[2024-08-05T11:04:14.290+0000] {logging_mixin.py:120} INFO - [2024-08-05T11:04:14.290+0000] {dag.py:3340} INFO - Setting next_dagrun for example_task_group to 2024-08-04T11:04:14.290452+00:00, run_after=2024-08-05T11:04:14.290452+00:00
[2024-08-05T11:04:14.308+0000] {processor.py:176} INFO - Processing /home/airflow/.local/lib/python3.7/site-packages/airflow/example_dags/example_task_group.py took 0.109 seconds
[2024-08-05T11:04:48.133+0000] {processor.py:154} INFO - Started process (PID=18487) to work on /home/airflow/.local/lib/python3.7/site-packages/airflow/example_dags/example_task_group.py
[2024-08-05T11:04:48.168+0000] {processor.py:756} INFO - Processing file /home/airflow/.local/lib/python3.7/site-packages/airflow/example_dags/example_task_group.py for tasks to queue
[2024-08-05T11:04:48.180+0000] {logging_mixin.py:120} INFO - [2024-08-05T11:04:48.179+0000] {dagbag.py:537} INFO - Filling up the DagBag from /home/airflow/.local/lib/python3.7/site-packages/airflow/example_dags/example_task_group.py
[2024-08-05T11:04:48.218+0000] {processor.py:766} INFO - DAG(s) dict_keys(['example_task_group']) retrieved from /home/airflow/.local/lib/python3.7/site-packages/airflow/example_dags/example_task_group.py
[2024-08-05T11:04:48.386+0000] {logging_mixin.py:120} INFO - [2024-08-05T11:04:48.386+0000] {dag.py:2585} INFO - Sync 1 DAGs
[2024-08-05T11:04:48.435+0000] {logging_mixin.py:120} INFO - [2024-08-05T11:04:48.434+0000] {dag.py:3340} INFO - Setting next_dagrun for example_task_group to 2024-08-04T11:04:48.433829+00:00, run_after=2024-08-05T11:04:48.433829+00:00
[2024-08-05T11:04:48.498+0000] {processor.py:176} INFO - Processing /home/airflow/.local/lib/python3.7/site-packages/airflow/example_dags/example_task_group.py took 0.369 seconds
[2024-08-05T11:05:19.288+0000] {processor.py:154} INFO - Started process (PID=18554) to work on /home/airflow/.local/lib/python3.7/site-packages/airflow/example_dags/example_task_group.py
[2024-08-05T11:05:19.291+0000] {processor.py:756} INFO - Processing file /home/airflow/.local/lib/python3.7/site-packages/airflow/example_dags/example_task_group.py for tasks to queue
[2024-08-05T11:05:19.295+0000] {logging_mixin.py:120} INFO - [2024-08-05T11:05:19.294+0000] {dagbag.py:537} INFO - Filling up the DagBag from /home/airflow/.local/lib/python3.7/site-packages/airflow/example_dags/example_task_group.py
[2024-08-05T11:05:19.351+0000] {processor.py:766} INFO - DAG(s) dict_keys(['example_task_group']) retrieved from /home/airflow/.local/lib/python3.7/site-packages/airflow/example_dags/example_task_group.py
[2024-08-05T11:05:19.440+0000] {logging_mixin.py:120} INFO - [2024-08-05T11:05:19.440+0000] {dag.py:2585} INFO - Sync 1 DAGs
[2024-08-05T11:05:19.504+0000] {logging_mixin.py:120} INFO - [2024-08-05T11:05:19.504+0000] {dag.py:3340} INFO - Setting next_dagrun for example_task_group to 2024-08-04T11:05:19.503950+00:00, run_after=2024-08-05T11:05:19.503950+00:00
[2024-08-05T11:05:19.549+0000] {processor.py:176} INFO - Processing /home/airflow/.local/lib/python3.7/site-packages/airflow/example_dags/example_task_group.py took 0.268 seconds
[2024-08-05T11:05:51.028+0000] {processor.py:154} INFO - Started process (PID=18612) to work on /home/airflow/.local/lib/python3.7/site-packages/airflow/example_dags/example_task_group.py
[2024-08-05T11:05:51.030+0000] {processor.py:756} INFO - Processing file /home/airflow/.local/lib/python3.7/site-packages/airflow/example_dags/example_task_group.py for tasks to queue
[2024-08-05T11:05:51.031+0000] {logging_mixin.py:120} INFO - [2024-08-05T11:05:51.031+0000] {dagbag.py:537} INFO - Filling up the DagBag from /home/airflow/.local/lib/python3.7/site-packages/airflow/example_dags/example_task_group.py
[2024-08-05T11:05:51.053+0000] {processor.py:766} INFO - DAG(s) dict_keys(['example_task_group']) retrieved from /home/airflow/.local/lib/python3.7/site-packages/airflow/example_dags/example_task_group.py
[2024-08-05T11:05:51.104+0000] {logging_mixin.py:120} INFO - [2024-08-05T11:05:51.103+0000] {dag.py:2585} INFO - Sync 1 DAGs
[2024-08-05T11:05:51.145+0000] {logging_mixin.py:120} INFO - [2024-08-05T11:05:51.145+0000] {dag.py:3340} INFO - Setting next_dagrun for example_task_group to 2024-08-04T11:05:51.144993+00:00, run_after=2024-08-05T11:05:51.144993+00:00
[2024-08-05T11:05:51.163+0000] {processor.py:176} INFO - Processing /home/airflow/.local/lib/python3.7/site-packages/airflow/example_dags/example_task_group.py took 0.141 seconds
[2024-08-05T11:06:22.144+0000] {processor.py:154} INFO - Started process (PID=18678) to work on /home/airflow/.local/lib/python3.7/site-packages/airflow/example_dags/example_task_group.py
[2024-08-05T11:06:22.263+0000] {processor.py:756} INFO - Processing file /home/airflow/.local/lib/python3.7/site-packages/airflow/example_dags/example_task_group.py for tasks to queue
[2024-08-05T11:06:22.264+0000] {logging_mixin.py:120} INFO - [2024-08-05T11:06:22.264+0000] {dagbag.py:537} INFO - Filling up the DagBag from /home/airflow/.local/lib/python3.7/site-packages/airflow/example_dags/example_task_group.py
[2024-08-05T11:06:22.283+0000] {processor.py:766} INFO - DAG(s) dict_keys(['example_task_group']) retrieved from /home/airflow/.local/lib/python3.7/site-packages/airflow/example_dags/example_task_group.py
[2024-08-05T11:06:22.331+0000] {logging_mixin.py:120} INFO - [2024-08-05T11:06:22.330+0000] {dag.py:2585} INFO - Sync 1 DAGs
[2024-08-05T11:06:22.362+0000] {logging_mixin.py:120} INFO - [2024-08-05T11:06:22.362+0000] {dag.py:3340} INFO - Setting next_dagrun for example_task_group to 2024-08-04T11:06:22.362460+00:00, run_after=2024-08-05T11:06:22.362460+00:00
[2024-08-05T11:06:22.391+0000] {processor.py:176} INFO - Processing /home/airflow/.local/lib/python3.7/site-packages/airflow/example_dags/example_task_group.py took 0.250 seconds
[2024-08-05T11:06:53.288+0000] {processor.py:154} INFO - Started process (PID=18736) to work on /home/airflow/.local/lib/python3.7/site-packages/airflow/example_dags/example_task_group.py
[2024-08-05T11:06:53.423+0000] {processor.py:756} INFO - Processing file /home/airflow/.local/lib/python3.7/site-packages/airflow/example_dags/example_task_group.py for tasks to queue
[2024-08-05T11:06:53.456+0000] {logging_mixin.py:120} INFO - [2024-08-05T11:06:53.455+0000] {dagbag.py:537} INFO - Filling up the DagBag from /home/airflow/.local/lib/python3.7/site-packages/airflow/example_dags/example_task_group.py
[2024-08-05T11:06:53.474+0000] {processor.py:766} INFO - DAG(s) dict_keys(['example_task_group']) retrieved from /home/airflow/.local/lib/python3.7/site-packages/airflow/example_dags/example_task_group.py
[2024-08-05T11:06:53.515+0000] {logging_mixin.py:120} INFO - [2024-08-05T11:06:53.515+0000] {dag.py:2585} INFO - Sync 1 DAGs
[2024-08-05T11:06:53.544+0000] {logging_mixin.py:120} INFO - [2024-08-05T11:06:53.544+0000] {dag.py:3340} INFO - Setting next_dagrun for example_task_group to 2024-08-04T11:06:53.544297+00:00, run_after=2024-08-05T11:06:53.544297+00:00
[2024-08-05T11:06:53.572+0000] {processor.py:176} INFO - Processing /home/airflow/.local/lib/python3.7/site-packages/airflow/example_dags/example_task_group.py took 0.288 seconds
[2024-08-05T11:07:23.947+0000] {processor.py:154} INFO - Started process (PID=18804) to work on /home/airflow/.local/lib/python3.7/site-packages/airflow/example_dags/example_task_group.py
[2024-08-05T11:07:23.949+0000] {processor.py:756} INFO - Processing file /home/airflow/.local/lib/python3.7/site-packages/airflow/example_dags/example_task_group.py for tasks to queue
[2024-08-05T11:07:23.951+0000] {logging_mixin.py:120} INFO - [2024-08-05T11:07:23.951+0000] {dagbag.py:537} INFO - Filling up the DagBag from /home/airflow/.local/lib/python3.7/site-packages/airflow/example_dags/example_task_group.py
[2024-08-05T11:07:23.970+0000] {processor.py:766} INFO - DAG(s) dict_keys(['example_task_group']) retrieved from /home/airflow/.local/lib/python3.7/site-packages/airflow/example_dags/example_task_group.py
[2024-08-05T11:07:24.013+0000] {logging_mixin.py:120} INFO - [2024-08-05T11:07:24.013+0000] {dag.py:2585} INFO - Sync 1 DAGs
[2024-08-05T11:07:24.115+0000] {logging_mixin.py:120} INFO - [2024-08-05T11:07:24.115+0000] {dag.py:3340} INFO - Setting next_dagrun for example_task_group to 2024-08-04T11:07:24.114922+00:00, run_after=2024-08-05T11:07:24.114922+00:00
[2024-08-05T11:07:24.274+0000] {processor.py:176} INFO - Processing /home/airflow/.local/lib/python3.7/site-packages/airflow/example_dags/example_task_group.py took 0.330 seconds
[2024-08-05T11:07:54.427+0000] {processor.py:154} INFO - Started process (PID=18869) to work on /home/airflow/.local/lib/python3.7/site-packages/airflow/example_dags/example_task_group.py
[2024-08-05T11:07:54.429+0000] {processor.py:756} INFO - Processing file /home/airflow/.local/lib/python3.7/site-packages/airflow/example_dags/example_task_group.py for tasks to queue
[2024-08-05T11:07:54.431+0000] {logging_mixin.py:120} INFO - [2024-08-05T11:07:54.431+0000] {dagbag.py:537} INFO - Filling up the DagBag from /home/airflow/.local/lib/python3.7/site-packages/airflow/example_dags/example_task_group.py
[2024-08-05T11:07:54.451+0000] {processor.py:766} INFO - DAG(s) dict_keys(['example_task_group']) retrieved from /home/airflow/.local/lib/python3.7/site-packages/airflow/example_dags/example_task_group.py
[2024-08-05T11:07:54.508+0000] {logging_mixin.py:120} INFO - [2024-08-05T11:07:54.508+0000] {dag.py:2585} INFO - Sync 1 DAGs
[2024-08-05T11:07:54.550+0000] {logging_mixin.py:120} INFO - [2024-08-05T11:07:54.549+0000] {dag.py:3340} INFO - Setting next_dagrun for example_task_group to 2024-08-04T11:07:54.549555+00:00, run_after=2024-08-05T11:07:54.549555+00:00
[2024-08-05T11:07:54.588+0000] {processor.py:176} INFO - Processing /home/airflow/.local/lib/python3.7/site-packages/airflow/example_dags/example_task_group.py took 0.165 seconds
[2024-08-05T11:08:25.297+0000] {processor.py:154} INFO - Started process (PID=18927) to work on /home/airflow/.local/lib/python3.7/site-packages/airflow/example_dags/example_task_group.py
[2024-08-05T11:08:25.298+0000] {processor.py:756} INFO - Processing file /home/airflow/.local/lib/python3.7/site-packages/airflow/example_dags/example_task_group.py for tasks to queue
[2024-08-05T11:08:25.300+0000] {logging_mixin.py:120} INFO - [2024-08-05T11:08:25.300+0000] {dagbag.py:537} INFO - Filling up the DagBag from /home/airflow/.local/lib/python3.7/site-packages/airflow/example_dags/example_task_group.py
[2024-08-05T11:08:25.319+0000] {processor.py:766} INFO - DAG(s) dict_keys(['example_task_group']) retrieved from /home/airflow/.local/lib/python3.7/site-packages/airflow/example_dags/example_task_group.py
[2024-08-05T11:08:25.390+0000] {logging_mixin.py:120} INFO - [2024-08-05T11:08:25.389+0000] {dag.py:2585} INFO - Sync 1 DAGs
[2024-08-05T11:08:25.441+0000] {logging_mixin.py:120} INFO - [2024-08-05T11:08:25.440+0000] {dag.py:3340} INFO - Setting next_dagrun for example_task_group to 2024-08-04T11:08:25.440594+00:00, run_after=2024-08-05T11:08:25.440594+00:00
[2024-08-05T11:08:25.588+0000] {processor.py:176} INFO - Processing /home/airflow/.local/lib/python3.7/site-packages/airflow/example_dags/example_task_group.py took 0.295 seconds
[2024-08-05T11:08:56.875+0000] {processor.py:154} INFO - Started process (PID=18994) to work on /home/airflow/.local/lib/python3.7/site-packages/airflow/example_dags/example_task_group.py
[2024-08-05T11:08:56.878+0000] {processor.py:756} INFO - Processing file /home/airflow/.local/lib/python3.7/site-packages/airflow/example_dags/example_task_group.py for tasks to queue
[2024-08-05T11:08:56.879+0000] {logging_mixin.py:120} INFO - [2024-08-05T11:08:56.879+0000] {dagbag.py:537} INFO - Filling up the DagBag from /home/airflow/.local/lib/python3.7/site-packages/airflow/example_dags/example_task_group.py
[2024-08-05T11:08:56.900+0000] {processor.py:766} INFO - DAG(s) dict_keys(['example_task_group']) retrieved from /home/airflow/.local/lib/python3.7/site-packages/airflow/example_dags/example_task_group.py
[2024-08-05T11:08:56.954+0000] {logging_mixin.py:120} INFO - [2024-08-05T11:08:56.953+0000] {dag.py:2585} INFO - Sync 1 DAGs
[2024-08-05T11:08:56.990+0000] {logging_mixin.py:120} INFO - [2024-08-05T11:08:56.990+0000] {dag.py:3340} INFO - Setting next_dagrun for example_task_group to 2024-08-04T11:08:56.990485+00:00, run_after=2024-08-05T11:08:56.990485+00:00
[2024-08-05T11:08:57.026+0000] {processor.py:176} INFO - Processing /home/airflow/.local/lib/python3.7/site-packages/airflow/example_dags/example_task_group.py took 0.155 seconds
[2024-08-05T11:09:27.872+0000] {processor.py:154} INFO - Started process (PID=19062) to work on /home/airflow/.local/lib/python3.7/site-packages/airflow/example_dags/example_task_group.py
[2024-08-05T11:09:27.875+0000] {processor.py:756} INFO - Processing file /home/airflow/.local/lib/python3.7/site-packages/airflow/example_dags/example_task_group.py for tasks to queue
[2024-08-05T11:09:27.876+0000] {logging_mixin.py:120} INFO - [2024-08-05T11:09:27.876+0000] {dagbag.py:537} INFO - Filling up the DagBag from /home/airflow/.local/lib/python3.7/site-packages/airflow/example_dags/example_task_group.py
[2024-08-05T11:09:27.900+0000] {processor.py:766} INFO - DAG(s) dict_keys(['example_task_group']) retrieved from /home/airflow/.local/lib/python3.7/site-packages/airflow/example_dags/example_task_group.py
[2024-08-05T11:09:27.944+0000] {logging_mixin.py:120} INFO - [2024-08-05T11:09:27.944+0000] {dag.py:2585} INFO - Sync 1 DAGs
[2024-08-05T11:09:28.006+0000] {logging_mixin.py:120} INFO - [2024-08-05T11:09:28.006+0000] {dag.py:3340} INFO - Setting next_dagrun for example_task_group to 2024-08-04T11:09:28.006475+00:00, run_after=2024-08-05T11:09:28.006475+00:00
[2024-08-05T11:09:28.035+0000] {processor.py:176} INFO - Processing /home/airflow/.local/lib/python3.7/site-packages/airflow/example_dags/example_task_group.py took 0.166 seconds
[2024-08-05T11:09:59.550+0000] {processor.py:154} INFO - Started process (PID=19120) to work on /home/airflow/.local/lib/python3.7/site-packages/airflow/example_dags/example_task_group.py
[2024-08-05T11:09:59.552+0000] {processor.py:756} INFO - Processing file /home/airflow/.local/lib/python3.7/site-packages/airflow/example_dags/example_task_group.py for tasks to queue
[2024-08-05T11:09:59.553+0000] {logging_mixin.py:120} INFO - [2024-08-05T11:09:59.553+0000] {dagbag.py:537} INFO - Filling up the DagBag from /home/airflow/.local/lib/python3.7/site-packages/airflow/example_dags/example_task_group.py
[2024-08-05T11:09:59.569+0000] {processor.py:766} INFO - DAG(s) dict_keys(['example_task_group']) retrieved from /home/airflow/.local/lib/python3.7/site-packages/airflow/example_dags/example_task_group.py
[2024-08-05T11:09:59.616+0000] {logging_mixin.py:120} INFO - [2024-08-05T11:09:59.616+0000] {dag.py:2585} INFO - Sync 1 DAGs
[2024-08-05T11:09:59.641+0000] {logging_mixin.py:120} INFO - [2024-08-05T11:09:59.640+0000] {dag.py:3340} INFO - Setting next_dagrun for example_task_group to 2024-08-04T11:09:59.640534+00:00, run_after=2024-08-05T11:09:59.640534+00:00
[2024-08-05T11:09:59.666+0000] {processor.py:176} INFO - Processing /home/airflow/.local/lib/python3.7/site-packages/airflow/example_dags/example_task_group.py took 0.120 seconds
[2024-08-05T11:10:30.480+0000] {processor.py:154} INFO - Started process (PID=19187) to work on /home/airflow/.local/lib/python3.7/site-packages/airflow/example_dags/example_task_group.py
[2024-08-05T11:10:30.482+0000] {processor.py:756} INFO - Processing file /home/airflow/.local/lib/python3.7/site-packages/airflow/example_dags/example_task_group.py for tasks to queue
[2024-08-05T11:10:30.483+0000] {logging_mixin.py:120} INFO - [2024-08-05T11:10:30.483+0000] {dagbag.py:537} INFO - Filling up the DagBag from /home/airflow/.local/lib/python3.7/site-packages/airflow/example_dags/example_task_group.py
[2024-08-05T11:10:30.506+0000] {processor.py:766} INFO - DAG(s) dict_keys(['example_task_group']) retrieved from /home/airflow/.local/lib/python3.7/site-packages/airflow/example_dags/example_task_group.py
[2024-08-05T11:10:30.559+0000] {logging_mixin.py:120} INFO - [2024-08-05T11:10:30.559+0000] {dag.py:2585} INFO - Sync 1 DAGs
[2024-08-05T11:10:30.591+0000] {logging_mixin.py:120} INFO - [2024-08-05T11:10:30.590+0000] {dag.py:3340} INFO - Setting next_dagrun for example_task_group to 2024-08-04T11:10:30.590550+00:00, run_after=2024-08-05T11:10:30.590550+00:00
[2024-08-05T11:10:30.621+0000] {processor.py:176} INFO - Processing /home/airflow/.local/lib/python3.7/site-packages/airflow/example_dags/example_task_group.py took 0.146 seconds
[2024-08-05T11:11:01.356+0000] {processor.py:154} INFO - Started process (PID=19245) to work on /home/airflow/.local/lib/python3.7/site-packages/airflow/example_dags/example_task_group.py
[2024-08-05T11:11:01.358+0000] {processor.py:756} INFO - Processing file /home/airflow/.local/lib/python3.7/site-packages/airflow/example_dags/example_task_group.py for tasks to queue
[2024-08-05T11:11:01.360+0000] {logging_mixin.py:120} INFO - [2024-08-05T11:11:01.360+0000] {dagbag.py:537} INFO - Filling up the DagBag from /home/airflow/.local/lib/python3.7/site-packages/airflow/example_dags/example_task_group.py
[2024-08-05T11:11:01.378+0000] {processor.py:766} INFO - DAG(s) dict_keys(['example_task_group']) retrieved from /home/airflow/.local/lib/python3.7/site-packages/airflow/example_dags/example_task_group.py
[2024-08-05T11:11:01.430+0000] {logging_mixin.py:120} INFO - [2024-08-05T11:11:01.430+0000] {dag.py:2585} INFO - Sync 1 DAGs
[2024-08-05T11:11:01.491+0000] {logging_mixin.py:120} INFO - [2024-08-05T11:11:01.491+0000] {dag.py:3340} INFO - Setting next_dagrun for example_task_group to 2024-08-04T11:11:01.490919+00:00, run_after=2024-08-05T11:11:01.490919+00:00
[2024-08-05T11:11:01.524+0000] {processor.py:176} INFO - Processing /home/airflow/.local/lib/python3.7/site-packages/airflow/example_dags/example_task_group.py took 0.172 seconds
[2024-08-05T11:11:32.516+0000] {processor.py:154} INFO - Started process (PID=19312) to work on /home/airflow/.local/lib/python3.7/site-packages/airflow/example_dags/example_task_group.py
[2024-08-05T11:11:32.521+0000] {processor.py:756} INFO - Processing file /home/airflow/.local/lib/python3.7/site-packages/airflow/example_dags/example_task_group.py for tasks to queue
[2024-08-05T11:11:32.522+0000] {logging_mixin.py:120} INFO - [2024-08-05T11:11:32.522+0000] {dagbag.py:537} INFO - Filling up the DagBag from /home/airflow/.local/lib/python3.7/site-packages/airflow/example_dags/example_task_group.py
[2024-08-05T11:11:32.550+0000] {processor.py:766} INFO - DAG(s) dict_keys(['example_task_group']) retrieved from /home/airflow/.local/lib/python3.7/site-packages/airflow/example_dags/example_task_group.py
[2024-08-05T11:11:32.714+0000] {logging_mixin.py:120} INFO - [2024-08-05T11:11:32.713+0000] {dag.py:2585} INFO - Sync 1 DAGs
[2024-08-05T11:11:32.855+0000] {logging_mixin.py:120} INFO - [2024-08-05T11:11:32.855+0000] {dag.py:3340} INFO - Setting next_dagrun for example_task_group to 2024-08-04T11:11:32.854746+00:00, run_after=2024-08-05T11:11:32.854746+00:00
[2024-08-05T11:11:32.965+0000] {processor.py:176} INFO - Processing /home/airflow/.local/lib/python3.7/site-packages/airflow/example_dags/example_task_group.py took 0.453 seconds
[2024-08-05T11:12:04.639+0000] {processor.py:154} INFO - Started process (PID=19379) to work on /home/airflow/.local/lib/python3.7/site-packages/airflow/example_dags/example_task_group.py
[2024-08-05T11:12:04.641+0000] {processor.py:756} INFO - Processing file /home/airflow/.local/lib/python3.7/site-packages/airflow/example_dags/example_task_group.py for tasks to queue
[2024-08-05T11:12:04.644+0000] {logging_mixin.py:120} INFO - [2024-08-05T11:12:04.644+0000] {dagbag.py:537} INFO - Filling up the DagBag from /home/airflow/.local/lib/python3.7/site-packages/airflow/example_dags/example_task_group.py
[2024-08-05T11:12:04.676+0000] {processor.py:766} INFO - DAG(s) dict_keys(['example_task_group']) retrieved from /home/airflow/.local/lib/python3.7/site-packages/airflow/example_dags/example_task_group.py
[2024-08-05T11:12:04.776+0000] {logging_mixin.py:120} INFO - [2024-08-05T11:12:04.776+0000] {dag.py:2585} INFO - Sync 1 DAGs
[2024-08-05T11:12:04.839+0000] {logging_mixin.py:120} INFO - [2024-08-05T11:12:04.839+0000] {dag.py:3340} INFO - Setting next_dagrun for example_task_group to 2024-08-04T11:12:04.838884+00:00, run_after=2024-08-05T11:12:04.838884+00:00
[2024-08-05T11:12:04.891+0000] {processor.py:176} INFO - Processing /home/airflow/.local/lib/python3.7/site-packages/airflow/example_dags/example_task_group.py took 0.256 seconds
[2024-08-05T11:12:35.418+0000] {processor.py:154} INFO - Started process (PID=19436) to work on /home/airflow/.local/lib/python3.7/site-packages/airflow/example_dags/example_task_group.py
[2024-08-05T11:12:35.420+0000] {processor.py:756} INFO - Processing file /home/airflow/.local/lib/python3.7/site-packages/airflow/example_dags/example_task_group.py for tasks to queue
[2024-08-05T11:12:35.421+0000] {logging_mixin.py:120} INFO - [2024-08-05T11:12:35.421+0000] {dagbag.py:537} INFO - Filling up the DagBag from /home/airflow/.local/lib/python3.7/site-packages/airflow/example_dags/example_task_group.py
[2024-08-05T11:12:35.446+0000] {processor.py:766} INFO - DAG(s) dict_keys(['example_task_group']) retrieved from /home/airflow/.local/lib/python3.7/site-packages/airflow/example_dags/example_task_group.py
[2024-08-05T11:12:35.538+0000] {logging_mixin.py:120} INFO - [2024-08-05T11:12:35.537+0000] {dag.py:2585} INFO - Sync 1 DAGs
[2024-08-05T11:12:35.638+0000] {logging_mixin.py:120} INFO - [2024-08-05T11:12:35.638+0000] {dag.py:3340} INFO - Setting next_dagrun for example_task_group to 2024-08-04T11:12:35.638159+00:00, run_after=2024-08-05T11:12:35.638159+00:00
[2024-08-05T11:12:35.861+0000] {processor.py:176} INFO - Processing /home/airflow/.local/lib/python3.7/site-packages/airflow/example_dags/example_task_group.py took 0.446 seconds
[2024-08-05T11:13:07.841+0000] {processor.py:154} INFO - Started process (PID=19504) to work on /home/airflow/.local/lib/python3.7/site-packages/airflow/example_dags/example_task_group.py
[2024-08-05T11:13:07.849+0000] {processor.py:756} INFO - Processing file /home/airflow/.local/lib/python3.7/site-packages/airflow/example_dags/example_task_group.py for tasks to queue
[2024-08-05T11:13:07.851+0000] {logging_mixin.py:120} INFO - [2024-08-05T11:13:07.851+0000] {dagbag.py:537} INFO - Filling up the DagBag from /home/airflow/.local/lib/python3.7/site-packages/airflow/example_dags/example_task_group.py
[2024-08-05T11:13:07.887+0000] {processor.py:766} INFO - DAG(s) dict_keys(['example_task_group']) retrieved from /home/airflow/.local/lib/python3.7/site-packages/airflow/example_dags/example_task_group.py
[2024-08-05T11:13:08.054+0000] {logging_mixin.py:120} INFO - [2024-08-05T11:13:08.054+0000] {dag.py:2585} INFO - Sync 1 DAGs
[2024-08-05T11:13:08.084+0000] {logging_mixin.py:120} INFO - [2024-08-05T11:13:08.084+0000] {dag.py:3340} INFO - Setting next_dagrun for example_task_group to 2024-08-04T11:13:08.084529+00:00, run_after=2024-08-05T11:13:08.084529+00:00
[2024-08-05T11:13:08.109+0000] {processor.py:176} INFO - Processing /home/airflow/.local/lib/python3.7/site-packages/airflow/example_dags/example_task_group.py took 0.274 seconds
[2024-08-05T11:13:40.453+0000] {processor.py:154} INFO - Started process (PID=19572) to work on /home/airflow/.local/lib/python3.7/site-packages/airflow/example_dags/example_task_group.py
[2024-08-05T11:13:40.455+0000] {processor.py:756} INFO - Processing file /home/airflow/.local/lib/python3.7/site-packages/airflow/example_dags/example_task_group.py for tasks to queue
[2024-08-05T11:13:40.457+0000] {logging_mixin.py:120} INFO - [2024-08-05T11:13:40.456+0000] {dagbag.py:537} INFO - Filling up the DagBag from /home/airflow/.local/lib/python3.7/site-packages/airflow/example_dags/example_task_group.py
[2024-08-05T11:13:40.489+0000] {processor.py:766} INFO - DAG(s) dict_keys(['example_task_group']) retrieved from /home/airflow/.local/lib/python3.7/site-packages/airflow/example_dags/example_task_group.py
[2024-08-05T11:13:40.562+0000] {logging_mixin.py:120} INFO - [2024-08-05T11:13:40.562+0000] {dag.py:2585} INFO - Sync 1 DAGs
[2024-08-05T11:13:40.611+0000] {logging_mixin.py:120} INFO - [2024-08-05T11:13:40.610+0000] {dag.py:3340} INFO - Setting next_dagrun for example_task_group to 2024-08-04T11:13:40.610576+00:00, run_after=2024-08-05T11:13:40.610576+00:00
[2024-08-05T11:13:40.645+0000] {processor.py:176} INFO - Processing /home/airflow/.local/lib/python3.7/site-packages/airflow/example_dags/example_task_group.py took 0.196 seconds
[2024-08-05T11:14:11.369+0000] {processor.py:154} INFO - Started process (PID=19630) to work on /home/airflow/.local/lib/python3.7/site-packages/airflow/example_dags/example_task_group.py
[2024-08-05T11:14:11.372+0000] {processor.py:756} INFO - Processing file /home/airflow/.local/lib/python3.7/site-packages/airflow/example_dags/example_task_group.py for tasks to queue
[2024-08-05T11:14:11.375+0000] {logging_mixin.py:120} INFO - [2024-08-05T11:14:11.375+0000] {dagbag.py:537} INFO - Filling up the DagBag from /home/airflow/.local/lib/python3.7/site-packages/airflow/example_dags/example_task_group.py
[2024-08-05T11:14:11.418+0000] {processor.py:766} INFO - DAG(s) dict_keys(['example_task_group']) retrieved from /home/airflow/.local/lib/python3.7/site-packages/airflow/example_dags/example_task_group.py
[2024-08-05T11:14:11.507+0000] {logging_mixin.py:120} INFO - [2024-08-05T11:14:11.506+0000] {dag.py:2585} INFO - Sync 1 DAGs
[2024-08-05T11:14:11.583+0000] {logging_mixin.py:120} INFO - [2024-08-05T11:14:11.583+0000] {dag.py:3340} INFO - Setting next_dagrun for example_task_group to 2024-08-04T11:14:11.582813+00:00, run_after=2024-08-05T11:14:11.582813+00:00
[2024-08-05T11:14:11.613+0000] {processor.py:176} INFO - Processing /home/airflow/.local/lib/python3.7/site-packages/airflow/example_dags/example_task_group.py took 0.247 seconds
[2024-08-05T11:14:43.421+0000] {processor.py:154} INFO - Started process (PID=19697) to work on /home/airflow/.local/lib/python3.7/site-packages/airflow/example_dags/example_task_group.py
[2024-08-05T11:14:43.424+0000] {processor.py:756} INFO - Processing file /home/airflow/.local/lib/python3.7/site-packages/airflow/example_dags/example_task_group.py for tasks to queue
[2024-08-05T11:14:43.426+0000] {logging_mixin.py:120} INFO - [2024-08-05T11:14:43.426+0000] {dagbag.py:537} INFO - Filling up the DagBag from /home/airflow/.local/lib/python3.7/site-packages/airflow/example_dags/example_task_group.py
[2024-08-05T11:14:43.452+0000] {processor.py:766} INFO - DAG(s) dict_keys(['example_task_group']) retrieved from /home/airflow/.local/lib/python3.7/site-packages/airflow/example_dags/example_task_group.py
[2024-08-05T11:14:43.636+0000] {logging_mixin.py:120} INFO - [2024-08-05T11:14:43.636+0000] {dag.py:2585} INFO - Sync 1 DAGs
[2024-08-05T11:14:43.789+0000] {logging_mixin.py:120} INFO - [2024-08-05T11:14:43.789+0000] {dag.py:3340} INFO - Setting next_dagrun for example_task_group to 2024-08-04T11:14:43.788759+00:00, run_after=2024-08-05T11:14:43.788759+00:00
[2024-08-05T11:14:43.820+0000] {processor.py:176} INFO - Processing /home/airflow/.local/lib/python3.7/site-packages/airflow/example_dags/example_task_group.py took 0.403 seconds
[2024-08-05T11:15:14.343+0000] {processor.py:154} INFO - Started process (PID=19764) to work on /home/airflow/.local/lib/python3.7/site-packages/airflow/example_dags/example_task_group.py
[2024-08-05T11:15:14.345+0000] {processor.py:756} INFO - Processing file /home/airflow/.local/lib/python3.7/site-packages/airflow/example_dags/example_task_group.py for tasks to queue
[2024-08-05T11:15:14.349+0000] {logging_mixin.py:120} INFO - [2024-08-05T11:15:14.348+0000] {dagbag.py:537} INFO - Filling up the DagBag from /home/airflow/.local/lib/python3.7/site-packages/airflow/example_dags/example_task_group.py
[2024-08-05T11:15:14.395+0000] {processor.py:766} INFO - DAG(s) dict_keys(['example_task_group']) retrieved from /home/airflow/.local/lib/python3.7/site-packages/airflow/example_dags/example_task_group.py
[2024-08-05T11:15:14.435+0000] {logging_mixin.py:120} INFO - [2024-08-05T11:15:14.434+0000] {dag.py:2585} INFO - Sync 1 DAGs
[2024-08-05T11:15:14.482+0000] {logging_mixin.py:120} INFO - [2024-08-05T11:15:14.481+0000] {dag.py:3340} INFO - Setting next_dagrun for example_task_group to 2024-08-04T11:15:14.481719+00:00, run_after=2024-08-05T11:15:14.481719+00:00
[2024-08-05T11:15:14.549+0000] {processor.py:176} INFO - Processing /home/airflow/.local/lib/python3.7/site-packages/airflow/example_dags/example_task_group.py took 0.210 seconds
[2024-08-05T11:15:45.601+0000] {processor.py:154} INFO - Started process (PID=19822) to work on /home/airflow/.local/lib/python3.7/site-packages/airflow/example_dags/example_task_group.py
[2024-08-05T11:15:45.603+0000] {processor.py:756} INFO - Processing file /home/airflow/.local/lib/python3.7/site-packages/airflow/example_dags/example_task_group.py for tasks to queue
[2024-08-05T11:15:45.616+0000] {logging_mixin.py:120} INFO - [2024-08-05T11:15:45.616+0000] {dagbag.py:537} INFO - Filling up the DagBag from /home/airflow/.local/lib/python3.7/site-packages/airflow/example_dags/example_task_group.py
[2024-08-05T11:15:45.640+0000] {processor.py:766} INFO - DAG(s) dict_keys(['example_task_group']) retrieved from /home/airflow/.local/lib/python3.7/site-packages/airflow/example_dags/example_task_group.py
[2024-08-05T11:15:45.820+0000] {logging_mixin.py:120} INFO - [2024-08-05T11:15:45.820+0000] {dag.py:2585} INFO - Sync 1 DAGs
[2024-08-05T11:15:45.971+0000] {logging_mixin.py:120} INFO - [2024-08-05T11:15:45.971+0000] {dag.py:3340} INFO - Setting next_dagrun for example_task_group to 2024-08-04T11:15:45.970738+00:00, run_after=2024-08-05T11:15:45.970738+00:00
[2024-08-05T11:15:46.129+0000] {processor.py:176} INFO - Processing /home/airflow/.local/lib/python3.7/site-packages/airflow/example_dags/example_task_group.py took 0.533 seconds
[2024-08-05T11:16:17.413+0000] {processor.py:154} INFO - Started process (PID=19890) to work on /home/airflow/.local/lib/python3.7/site-packages/airflow/example_dags/example_task_group.py
[2024-08-05T11:16:17.416+0000] {processor.py:756} INFO - Processing file /home/airflow/.local/lib/python3.7/site-packages/airflow/example_dags/example_task_group.py for tasks to queue
[2024-08-05T11:16:17.501+0000] {logging_mixin.py:120} INFO - [2024-08-05T11:16:17.500+0000] {dagbag.py:537} INFO - Filling up the DagBag from /home/airflow/.local/lib/python3.7/site-packages/airflow/example_dags/example_task_group.py
[2024-08-05T11:16:17.570+0000] {processor.py:766} INFO - DAG(s) dict_keys(['example_task_group']) retrieved from /home/airflow/.local/lib/python3.7/site-packages/airflow/example_dags/example_task_group.py
[2024-08-05T11:16:17.796+0000] {logging_mixin.py:120} INFO - [2024-08-05T11:16:17.796+0000] {dag.py:2585} INFO - Sync 1 DAGs
[2024-08-05T11:16:17.968+0000] {logging_mixin.py:120} INFO - [2024-08-05T11:16:17.968+0000] {dag.py:3340} INFO - Setting next_dagrun for example_task_group to 2024-08-04T11:16:17.968538+00:00, run_after=2024-08-05T11:16:17.968538+00:00
[2024-08-05T11:16:18.026+0000] {processor.py:176} INFO - Processing /home/airflow/.local/lib/python3.7/site-packages/airflow/example_dags/example_task_group.py took 0.616 seconds
[2024-08-05T11:16:48.297+0000] {processor.py:154} INFO - Started process (PID=19957) to work on /home/airflow/.local/lib/python3.7/site-packages/airflow/example_dags/example_task_group.py
[2024-08-05T11:16:48.315+0000] {processor.py:756} INFO - Processing file /home/airflow/.local/lib/python3.7/site-packages/airflow/example_dags/example_task_group.py for tasks to queue
[2024-08-05T11:16:48.336+0000] {logging_mixin.py:120} INFO - [2024-08-05T11:16:48.335+0000] {dagbag.py:537} INFO - Filling up the DagBag from /home/airflow/.local/lib/python3.7/site-packages/airflow/example_dags/example_task_group.py
[2024-08-05T11:16:48.361+0000] {processor.py:766} INFO - DAG(s) dict_keys(['example_task_group']) retrieved from /home/airflow/.local/lib/python3.7/site-packages/airflow/example_dags/example_task_group.py
[2024-08-05T11:16:48.423+0000] {logging_mixin.py:120} INFO - [2024-08-05T11:16:48.423+0000] {dag.py:2585} INFO - Sync 1 DAGs
[2024-08-05T11:16:48.479+0000] {logging_mixin.py:120} INFO - [2024-08-05T11:16:48.479+0000] {dag.py:3340} INFO - Setting next_dagrun for example_task_group to 2024-08-04T11:16:48.479110+00:00, run_after=2024-08-05T11:16:48.479110+00:00
[2024-08-05T11:16:48.544+0000] {processor.py:176} INFO - Processing /home/airflow/.local/lib/python3.7/site-packages/airflow/example_dags/example_task_group.py took 0.251 seconds
[2024-08-05T11:17:19.586+0000] {processor.py:154} INFO - Started process (PID=20015) to work on /home/airflow/.local/lib/python3.7/site-packages/airflow/example_dags/example_task_group.py
[2024-08-05T11:17:19.587+0000] {processor.py:756} INFO - Processing file /home/airflow/.local/lib/python3.7/site-packages/airflow/example_dags/example_task_group.py for tasks to queue
[2024-08-05T11:17:19.588+0000] {logging_mixin.py:120} INFO - [2024-08-05T11:17:19.588+0000] {dagbag.py:537} INFO - Filling up the DagBag from /home/airflow/.local/lib/python3.7/site-packages/airflow/example_dags/example_task_group.py
[2024-08-05T11:17:19.615+0000] {processor.py:766} INFO - DAG(s) dict_keys(['example_task_group']) retrieved from /home/airflow/.local/lib/python3.7/site-packages/airflow/example_dags/example_task_group.py
[2024-08-05T11:17:19.757+0000] {logging_mixin.py:120} INFO - [2024-08-05T11:17:19.756+0000] {dag.py:2585} INFO - Sync 1 DAGs
[2024-08-05T11:17:19.811+0000] {logging_mixin.py:120} INFO - [2024-08-05T11:17:19.811+0000] {dag.py:3340} INFO - Setting next_dagrun for example_task_group to 2024-08-04T11:17:19.811273+00:00, run_after=2024-08-05T11:17:19.811273+00:00
[2024-08-05T11:17:19.851+0000] {processor.py:176} INFO - Processing /home/airflow/.local/lib/python3.7/site-packages/airflow/example_dags/example_task_group.py took 0.269 seconds
[2024-08-05T11:17:50.368+0000] {processor.py:154} INFO - Started process (PID=20083) to work on /home/airflow/.local/lib/python3.7/site-packages/airflow/example_dags/example_task_group.py
[2024-08-05T11:17:50.369+0000] {processor.py:756} INFO - Processing file /home/airflow/.local/lib/python3.7/site-packages/airflow/example_dags/example_task_group.py for tasks to queue
[2024-08-05T11:17:50.370+0000] {logging_mixin.py:120} INFO - [2024-08-05T11:17:50.370+0000] {dagbag.py:537} INFO - Filling up the DagBag from /home/airflow/.local/lib/python3.7/site-packages/airflow/example_dags/example_task_group.py
[2024-08-05T11:17:50.390+0000] {processor.py:766} INFO - DAG(s) dict_keys(['example_task_group']) retrieved from /home/airflow/.local/lib/python3.7/site-packages/airflow/example_dags/example_task_group.py
[2024-08-05T11:17:50.427+0000] {logging_mixin.py:120} INFO - [2024-08-05T11:17:50.427+0000] {dag.py:2585} INFO - Sync 1 DAGs
[2024-08-05T11:17:50.493+0000] {logging_mixin.py:120} INFO - [2024-08-05T11:17:50.492+0000] {dag.py:3340} INFO - Setting next_dagrun for example_task_group to 2024-08-04T11:17:50.492647+00:00, run_after=2024-08-05T11:17:50.492647+00:00
[2024-08-05T11:17:50.513+0000] {processor.py:176} INFO - Processing /home/airflow/.local/lib/python3.7/site-packages/airflow/example_dags/example_task_group.py took 0.148 seconds
[2024-08-05T11:18:21.771+0000] {processor.py:154} INFO - Started process (PID=20150) to work on /home/airflow/.local/lib/python3.7/site-packages/airflow/example_dags/example_task_group.py
[2024-08-05T11:18:21.774+0000] {processor.py:756} INFO - Processing file /home/airflow/.local/lib/python3.7/site-packages/airflow/example_dags/example_task_group.py for tasks to queue
[2024-08-05T11:18:21.777+0000] {logging_mixin.py:120} INFO - [2024-08-05T11:18:21.776+0000] {dagbag.py:537} INFO - Filling up the DagBag from /home/airflow/.local/lib/python3.7/site-packages/airflow/example_dags/example_task_group.py
[2024-08-05T11:18:21.805+0000] {processor.py:766} INFO - DAG(s) dict_keys(['example_task_group']) retrieved from /home/airflow/.local/lib/python3.7/site-packages/airflow/example_dags/example_task_group.py
[2024-08-05T11:18:21.868+0000] {logging_mixin.py:120} INFO - [2024-08-05T11:18:21.867+0000] {dag.py:2585} INFO - Sync 1 DAGs
[2024-08-05T11:18:21.910+0000] {logging_mixin.py:120} INFO - [2024-08-05T11:18:21.909+0000] {dag.py:3340} INFO - Setting next_dagrun for example_task_group to 2024-08-04T11:18:21.909364+00:00, run_after=2024-08-05T11:18:21.909364+00:00
[2024-08-05T11:18:21.955+0000] {processor.py:176} INFO - Processing /home/airflow/.local/lib/python3.7/site-packages/airflow/example_dags/example_task_group.py took 0.189 seconds
[2024-08-05T11:18:54.805+0000] {processor.py:154} INFO - Started process (PID=20209) to work on /home/airflow/.local/lib/python3.7/site-packages/airflow/example_dags/example_task_group.py
[2024-08-05T11:18:54.807+0000] {processor.py:756} INFO - Processing file /home/airflow/.local/lib/python3.7/site-packages/airflow/example_dags/example_task_group.py for tasks to queue
[2024-08-05T11:18:54.809+0000] {logging_mixin.py:120} INFO - [2024-08-05T11:18:54.809+0000] {dagbag.py:537} INFO - Filling up the DagBag from /home/airflow/.local/lib/python3.7/site-packages/airflow/example_dags/example_task_group.py
[2024-08-05T11:18:54.856+0000] {processor.py:766} INFO - DAG(s) dict_keys(['example_task_group']) retrieved from /home/airflow/.local/lib/python3.7/site-packages/airflow/example_dags/example_task_group.py
[2024-08-05T11:18:55.052+0000] {logging_mixin.py:120} INFO - [2024-08-05T11:18:55.052+0000] {dag.py:2585} INFO - Sync 1 DAGs
[2024-08-05T11:18:55.092+0000] {logging_mixin.py:120} INFO - [2024-08-05T11:18:55.092+0000] {dag.py:3340} INFO - Setting next_dagrun for example_task_group to 2024-08-04T11:18:55.091829+00:00, run_after=2024-08-05T11:18:55.091829+00:00
[2024-08-05T11:18:55.121+0000] {processor.py:176} INFO - Processing /home/airflow/.local/lib/python3.7/site-packages/airflow/example_dags/example_task_group.py took 0.322 seconds
[2024-08-05T11:19:25.263+0000] {processor.py:154} INFO - Started process (PID=20276) to work on /home/airflow/.local/lib/python3.7/site-packages/airflow/example_dags/example_task_group.py
[2024-08-05T11:19:25.264+0000] {processor.py:756} INFO - Processing file /home/airflow/.local/lib/python3.7/site-packages/airflow/example_dags/example_task_group.py for tasks to queue
[2024-08-05T11:19:25.266+0000] {logging_mixin.py:120} INFO - [2024-08-05T11:19:25.265+0000] {dagbag.py:537} INFO - Filling up the DagBag from /home/airflow/.local/lib/python3.7/site-packages/airflow/example_dags/example_task_group.py
[2024-08-05T11:19:25.285+0000] {processor.py:766} INFO - DAG(s) dict_keys(['example_task_group']) retrieved from /home/airflow/.local/lib/python3.7/site-packages/airflow/example_dags/example_task_group.py
[2024-08-05T11:19:25.332+0000] {logging_mixin.py:120} INFO - [2024-08-05T11:19:25.332+0000] {dag.py:2585} INFO - Sync 1 DAGs
[2024-08-05T11:19:25.404+0000] {logging_mixin.py:120} INFO - [2024-08-05T11:19:25.404+0000] {dag.py:3340} INFO - Setting next_dagrun for example_task_group to 2024-08-04T11:19:25.404133+00:00, run_after=2024-08-05T11:19:25.404133+00:00
[2024-08-05T11:19:25.446+0000] {processor.py:176} INFO - Processing /home/airflow/.local/lib/python3.7/site-packages/airflow/example_dags/example_task_group.py took 0.188 seconds
[2024-08-05T11:19:56.762+0000] {processor.py:154} INFO - Started process (PID=20343) to work on /home/airflow/.local/lib/python3.7/site-packages/airflow/example_dags/example_task_group.py
[2024-08-05T11:19:56.763+0000] {processor.py:756} INFO - Processing file /home/airflow/.local/lib/python3.7/site-packages/airflow/example_dags/example_task_group.py for tasks to queue
[2024-08-05T11:19:56.764+0000] {logging_mixin.py:120} INFO - [2024-08-05T11:19:56.764+0000] {dagbag.py:537} INFO - Filling up the DagBag from /home/airflow/.local/lib/python3.7/site-packages/airflow/example_dags/example_task_group.py
[2024-08-05T11:19:56.789+0000] {processor.py:766} INFO - DAG(s) dict_keys(['example_task_group']) retrieved from /home/airflow/.local/lib/python3.7/site-packages/airflow/example_dags/example_task_group.py
[2024-08-05T11:19:56.847+0000] {logging_mixin.py:120} INFO - [2024-08-05T11:19:56.847+0000] {dag.py:2585} INFO - Sync 1 DAGs
[2024-08-05T11:19:56.890+0000] {logging_mixin.py:120} INFO - [2024-08-05T11:19:56.890+0000] {dag.py:3340} INFO - Setting next_dagrun for example_task_group to 2024-08-04T11:19:56.890423+00:00, run_after=2024-08-05T11:19:56.890423+00:00
[2024-08-05T11:19:56.922+0000] {processor.py:176} INFO - Processing /home/airflow/.local/lib/python3.7/site-packages/airflow/example_dags/example_task_group.py took 0.164 seconds
[2024-08-05T11:20:30.972+0000] {processor.py:154} INFO - Started process (PID=20408) to work on /home/airflow/.local/lib/python3.7/site-packages/airflow/example_dags/example_task_group.py
[2024-08-05T11:20:30.974+0000] {processor.py:756} INFO - Processing file /home/airflow/.local/lib/python3.7/site-packages/airflow/example_dags/example_task_group.py for tasks to queue
[2024-08-05T11:20:30.975+0000] {logging_mixin.py:120} INFO - [2024-08-05T11:20:30.975+0000] {dagbag.py:537} INFO - Filling up the DagBag from /home/airflow/.local/lib/python3.7/site-packages/airflow/example_dags/example_task_group.py
[2024-08-05T11:20:30.998+0000] {processor.py:766} INFO - DAG(s) dict_keys(['example_task_group']) retrieved from /home/airflow/.local/lib/python3.7/site-packages/airflow/example_dags/example_task_group.py
[2024-08-05T11:20:31.089+0000] {logging_mixin.py:120} INFO - [2024-08-05T11:20:31.089+0000] {dag.py:2585} INFO - Sync 1 DAGs
[2024-08-05T11:20:31.142+0000] {logging_mixin.py:120} INFO - [2024-08-05T11:20:31.142+0000] {dag.py:3340} INFO - Setting next_dagrun for example_task_group to 2024-08-04T11:20:31.142226+00:00, run_after=2024-08-05T11:20:31.142226+00:00
[2024-08-05T11:20:31.191+0000] {processor.py:176} INFO - Processing /home/airflow/.local/lib/python3.7/site-packages/airflow/example_dags/example_task_group.py took 0.223 seconds
[2024-08-05T11:21:02.502+0000] {processor.py:154} INFO - Started process (PID=20468) to work on /home/airflow/.local/lib/python3.7/site-packages/airflow/example_dags/example_task_group.py
[2024-08-05T11:21:02.504+0000] {processor.py:756} INFO - Processing file /home/airflow/.local/lib/python3.7/site-packages/airflow/example_dags/example_task_group.py for tasks to queue
[2024-08-05T11:21:02.505+0000] {logging_mixin.py:120} INFO - [2024-08-05T11:21:02.505+0000] {dagbag.py:537} INFO - Filling up the DagBag from /home/airflow/.local/lib/python3.7/site-packages/airflow/example_dags/example_task_group.py
[2024-08-05T11:21:02.553+0000] {processor.py:766} INFO - DAG(s) dict_keys(['example_task_group']) retrieved from /home/airflow/.local/lib/python3.7/site-packages/airflow/example_dags/example_task_group.py
[2024-08-05T11:21:02.607+0000] {logging_mixin.py:120} INFO - [2024-08-05T11:21:02.607+0000] {dag.py:2585} INFO - Sync 1 DAGs
[2024-08-05T11:21:02.706+0000] {logging_mixin.py:120} INFO - [2024-08-05T11:21:02.706+0000] {dag.py:3340} INFO - Setting next_dagrun for example_task_group to 2024-08-04T11:21:02.706464+00:00, run_after=2024-08-05T11:21:02.706464+00:00
[2024-08-05T11:21:02.823+0000] {processor.py:176} INFO - Processing /home/airflow/.local/lib/python3.7/site-packages/airflow/example_dags/example_task_group.py took 0.325 seconds
[2024-08-05T11:21:35.016+0000] {processor.py:154} INFO - Started process (PID=20535) to work on /home/airflow/.local/lib/python3.7/site-packages/airflow/example_dags/example_task_group.py
[2024-08-05T11:21:35.018+0000] {processor.py:756} INFO - Processing file /home/airflow/.local/lib/python3.7/site-packages/airflow/example_dags/example_task_group.py for tasks to queue
[2024-08-05T11:21:35.021+0000] {logging_mixin.py:120} INFO - [2024-08-05T11:21:35.021+0000] {dagbag.py:537} INFO - Filling up the DagBag from /home/airflow/.local/lib/python3.7/site-packages/airflow/example_dags/example_task_group.py
[2024-08-05T11:21:35.059+0000] {processor.py:766} INFO - DAG(s) dict_keys(['example_task_group']) retrieved from /home/airflow/.local/lib/python3.7/site-packages/airflow/example_dags/example_task_group.py
[2024-08-05T11:21:35.188+0000] {logging_mixin.py:120} INFO - [2024-08-05T11:21:35.187+0000] {dag.py:2585} INFO - Sync 1 DAGs
[2024-08-05T11:21:35.262+0000] {logging_mixin.py:120} INFO - [2024-08-05T11:21:35.262+0000] {dag.py:3340} INFO - Setting next_dagrun for example_task_group to 2024-08-04T11:21:35.262428+00:00, run_after=2024-08-05T11:21:35.262428+00:00
[2024-08-05T11:21:35.403+0000] {processor.py:176} INFO - Processing /home/airflow/.local/lib/python3.7/site-packages/airflow/example_dags/example_task_group.py took 0.395 seconds
[2024-08-05T11:22:05.852+0000] {processor.py:154} INFO - Started process (PID=20599) to work on /home/airflow/.local/lib/python3.7/site-packages/airflow/example_dags/example_task_group.py
[2024-08-05T11:22:05.857+0000] {processor.py:756} INFO - Processing file /home/airflow/.local/lib/python3.7/site-packages/airflow/example_dags/example_task_group.py for tasks to queue
[2024-08-05T11:22:05.858+0000] {logging_mixin.py:120} INFO - [2024-08-05T11:22:05.858+0000] {dagbag.py:537} INFO - Filling up the DagBag from /home/airflow/.local/lib/python3.7/site-packages/airflow/example_dags/example_task_group.py
[2024-08-05T11:22:05.901+0000] {processor.py:766} INFO - DAG(s) dict_keys(['example_task_group']) retrieved from /home/airflow/.local/lib/python3.7/site-packages/airflow/example_dags/example_task_group.py
[2024-08-05T11:22:06.024+0000] {logging_mixin.py:120} INFO - [2024-08-05T11:22:06.023+0000] {dag.py:2585} INFO - Sync 1 DAGs
[2024-08-05T11:22:06.139+0000] {logging_mixin.py:120} INFO - [2024-08-05T11:22:06.139+0000] {dag.py:3340} INFO - Setting next_dagrun for example_task_group to 2024-08-04T11:22:06.138525+00:00, run_after=2024-08-05T11:22:06.138525+00:00
[2024-08-05T11:22:06.235+0000] {processor.py:176} INFO - Processing /home/airflow/.local/lib/python3.7/site-packages/airflow/example_dags/example_task_group.py took 0.387 seconds
[2024-08-05T11:22:37.300+0000] {processor.py:154} INFO - Started process (PID=20658) to work on /home/airflow/.local/lib/python3.7/site-packages/airflow/example_dags/example_task_group.py
[2024-08-05T11:22:37.310+0000] {processor.py:756} INFO - Processing file /home/airflow/.local/lib/python3.7/site-packages/airflow/example_dags/example_task_group.py for tasks to queue
[2024-08-05T11:22:37.317+0000] {logging_mixin.py:120} INFO - [2024-08-05T11:22:37.317+0000] {dagbag.py:537} INFO - Filling up the DagBag from /home/airflow/.local/lib/python3.7/site-packages/airflow/example_dags/example_task_group.py
[2024-08-05T11:22:37.347+0000] {processor.py:766} INFO - DAG(s) dict_keys(['example_task_group']) retrieved from /home/airflow/.local/lib/python3.7/site-packages/airflow/example_dags/example_task_group.py
[2024-08-05T11:22:37.501+0000] {logging_mixin.py:120} INFO - [2024-08-05T11:22:37.501+0000] {dag.py:2585} INFO - Sync 1 DAGs
[2024-08-05T11:22:37.656+0000] {logging_mixin.py:120} INFO - [2024-08-05T11:22:37.655+0000] {dag.py:3340} INFO - Setting next_dagrun for example_task_group to 2024-08-04T11:22:37.647057+00:00, run_after=2024-08-05T11:22:37.647057+00:00
[2024-08-05T11:22:37.693+0000] {processor.py:176} INFO - Processing /home/airflow/.local/lib/python3.7/site-packages/airflow/example_dags/example_task_group.py took 0.397 seconds
[2024-08-05T11:23:08.174+0000] {processor.py:154} INFO - Started process (PID=20725) to work on /home/airflow/.local/lib/python3.7/site-packages/airflow/example_dags/example_task_group.py
[2024-08-05T11:23:08.183+0000] {processor.py:756} INFO - Processing file /home/airflow/.local/lib/python3.7/site-packages/airflow/example_dags/example_task_group.py for tasks to queue
[2024-08-05T11:23:08.184+0000] {logging_mixin.py:120} INFO - [2024-08-05T11:23:08.184+0000] {dagbag.py:537} INFO - Filling up the DagBag from /home/airflow/.local/lib/python3.7/site-packages/airflow/example_dags/example_task_group.py
[2024-08-05T11:23:08.213+0000] {processor.py:766} INFO - DAG(s) dict_keys(['example_task_group']) retrieved from /home/airflow/.local/lib/python3.7/site-packages/airflow/example_dags/example_task_group.py
[2024-08-05T11:23:08.315+0000] {logging_mixin.py:120} INFO - [2024-08-05T11:23:08.315+0000] {dag.py:2585} INFO - Sync 1 DAGs
[2024-08-05T11:23:08.350+0000] {logging_mixin.py:120} INFO - [2024-08-05T11:23:08.349+0000] {dag.py:3340} INFO - Setting next_dagrun for example_task_group to 2024-08-04T11:23:08.349702+00:00, run_after=2024-08-05T11:23:08.349702+00:00
[2024-08-05T11:23:08.475+0000] {processor.py:176} INFO - Processing /home/airflow/.local/lib/python3.7/site-packages/airflow/example_dags/example_task_group.py took 0.306 seconds
[2024-08-05T11:23:38.883+0000] {processor.py:154} INFO - Started process (PID=20783) to work on /home/airflow/.local/lib/python3.7/site-packages/airflow/example_dags/example_task_group.py
[2024-08-05T11:23:38.894+0000] {processor.py:756} INFO - Processing file /home/airflow/.local/lib/python3.7/site-packages/airflow/example_dags/example_task_group.py for tasks to queue
[2024-08-05T11:23:38.896+0000] {logging_mixin.py:120} INFO - [2024-08-05T11:23:38.895+0000] {dagbag.py:537} INFO - Filling up the DagBag from /home/airflow/.local/lib/python3.7/site-packages/airflow/example_dags/example_task_group.py
[2024-08-05T11:23:38.922+0000] {processor.py:766} INFO - DAG(s) dict_keys(['example_task_group']) retrieved from /home/airflow/.local/lib/python3.7/site-packages/airflow/example_dags/example_task_group.py
[2024-08-05T11:23:39.110+0000] {logging_mixin.py:120} INFO - [2024-08-05T11:23:39.110+0000] {dag.py:2585} INFO - Sync 1 DAGs
[2024-08-05T11:23:39.150+0000] {logging_mixin.py:120} INFO - [2024-08-05T11:23:39.150+0000] {dag.py:3340} INFO - Setting next_dagrun for example_task_group to 2024-08-04T11:23:39.150373+00:00, run_after=2024-08-05T11:23:39.150373+00:00
[2024-08-05T11:23:39.280+0000] {processor.py:176} INFO - Processing /home/airflow/.local/lib/python3.7/site-packages/airflow/example_dags/example_task_group.py took 0.402 seconds
[2024-08-05T11:24:09.449+0000] {processor.py:154} INFO - Started process (PID=20849) to work on /home/airflow/.local/lib/python3.7/site-packages/airflow/example_dags/example_task_group.py
[2024-08-05T11:24:09.450+0000] {processor.py:756} INFO - Processing file /home/airflow/.local/lib/python3.7/site-packages/airflow/example_dags/example_task_group.py for tasks to queue
[2024-08-05T11:24:09.451+0000] {logging_mixin.py:120} INFO - [2024-08-05T11:24:09.451+0000] {dagbag.py:537} INFO - Filling up the DagBag from /home/airflow/.local/lib/python3.7/site-packages/airflow/example_dags/example_task_group.py
[2024-08-05T11:24:09.466+0000] {processor.py:766} INFO - DAG(s) dict_keys(['example_task_group']) retrieved from /home/airflow/.local/lib/python3.7/site-packages/airflow/example_dags/example_task_group.py
[2024-08-05T11:24:09.505+0000] {logging_mixin.py:120} INFO - [2024-08-05T11:24:09.505+0000] {dag.py:2585} INFO - Sync 1 DAGs
[2024-08-05T11:24:09.529+0000] {logging_mixin.py:120} INFO - [2024-08-05T11:24:09.529+0000] {dag.py:3340} INFO - Setting next_dagrun for example_task_group to 2024-08-04T11:24:09.529405+00:00, run_after=2024-08-05T11:24:09.529405+00:00
[2024-08-05T11:24:09.564+0000] {processor.py:176} INFO - Processing /home/airflow/.local/lib/python3.7/site-packages/airflow/example_dags/example_task_group.py took 0.118 seconds
[2024-08-05T11:24:39.718+0000] {processor.py:154} INFO - Started process (PID=20914) to work on /home/airflow/.local/lib/python3.7/site-packages/airflow/example_dags/example_task_group.py
[2024-08-05T11:24:39.720+0000] {processor.py:756} INFO - Processing file /home/airflow/.local/lib/python3.7/site-packages/airflow/example_dags/example_task_group.py for tasks to queue
[2024-08-05T11:24:39.721+0000] {logging_mixin.py:120} INFO - [2024-08-05T11:24:39.721+0000] {dagbag.py:537} INFO - Filling up the DagBag from /home/airflow/.local/lib/python3.7/site-packages/airflow/example_dags/example_task_group.py
[2024-08-05T11:24:39.745+0000] {processor.py:766} INFO - DAG(s) dict_keys(['example_task_group']) retrieved from /home/airflow/.local/lib/python3.7/site-packages/airflow/example_dags/example_task_group.py
[2024-08-05T11:24:39.808+0000] {logging_mixin.py:120} INFO - [2024-08-05T11:24:39.807+0000] {dag.py:2585} INFO - Sync 1 DAGs
[2024-08-05T11:24:39.869+0000] {logging_mixin.py:120} INFO - [2024-08-05T11:24:39.869+0000] {dag.py:3340} INFO - Setting next_dagrun for example_task_group to 2024-08-04T11:24:39.869182+00:00, run_after=2024-08-05T11:24:39.869182+00:00
[2024-08-05T11:24:39.910+0000] {processor.py:176} INFO - Processing /home/airflow/.local/lib/python3.7/site-packages/airflow/example_dags/example_task_group.py took 0.196 seconds
[2024-08-05T11:25:10.470+0000] {processor.py:154} INFO - Started process (PID=20974) to work on /home/airflow/.local/lib/python3.7/site-packages/airflow/example_dags/example_task_group.py
[2024-08-05T11:25:10.471+0000] {processor.py:756} INFO - Processing file /home/airflow/.local/lib/python3.7/site-packages/airflow/example_dags/example_task_group.py for tasks to queue
[2024-08-05T11:25:10.472+0000] {logging_mixin.py:120} INFO - [2024-08-05T11:25:10.472+0000] {dagbag.py:537} INFO - Filling up the DagBag from /home/airflow/.local/lib/python3.7/site-packages/airflow/example_dags/example_task_group.py
[2024-08-05T11:25:10.502+0000] {processor.py:766} INFO - DAG(s) dict_keys(['example_task_group']) retrieved from /home/airflow/.local/lib/python3.7/site-packages/airflow/example_dags/example_task_group.py
[2024-08-05T11:25:10.550+0000] {logging_mixin.py:120} INFO - [2024-08-05T11:25:10.550+0000] {dag.py:2585} INFO - Sync 1 DAGs
[2024-08-05T11:25:10.580+0000] {logging_mixin.py:120} INFO - [2024-08-05T11:25:10.580+0000] {dag.py:3340} INFO - Setting next_dagrun for example_task_group to 2024-08-04T11:25:10.580467+00:00, run_after=2024-08-05T11:25:10.580467+00:00
[2024-08-05T11:25:10.608+0000] {processor.py:176} INFO - Processing /home/airflow/.local/lib/python3.7/site-packages/airflow/example_dags/example_task_group.py took 0.143 seconds
[2024-08-05T11:25:42.506+0000] {processor.py:154} INFO - Started process (PID=21041) to work on /home/airflow/.local/lib/python3.7/site-packages/airflow/example_dags/example_task_group.py
[2024-08-05T11:25:42.512+0000] {processor.py:756} INFO - Processing file /home/airflow/.local/lib/python3.7/site-packages/airflow/example_dags/example_task_group.py for tasks to queue
[2024-08-05T11:25:42.660+0000] {logging_mixin.py:120} INFO - [2024-08-05T11:25:42.660+0000] {dagbag.py:537} INFO - Filling up the DagBag from /home/airflow/.local/lib/python3.7/site-packages/airflow/example_dags/example_task_group.py
[2024-08-05T11:25:42.706+0000] {processor.py:766} INFO - DAG(s) dict_keys(['example_task_group']) retrieved from /home/airflow/.local/lib/python3.7/site-packages/airflow/example_dags/example_task_group.py
[2024-08-05T11:25:42.889+0000] {logging_mixin.py:120} INFO - [2024-08-05T11:25:42.889+0000] {dag.py:2585} INFO - Sync 1 DAGs
[2024-08-05T11:25:43.016+0000] {logging_mixin.py:120} INFO - [2024-08-05T11:25:43.016+0000] {dag.py:3340} INFO - Setting next_dagrun for example_task_group to 2024-08-04T11:25:43.015929+00:00, run_after=2024-08-05T11:25:43.015929+00:00
[2024-08-05T11:25:43.137+0000] {processor.py:176} INFO - Processing /home/airflow/.local/lib/python3.7/site-packages/airflow/example_dags/example_task_group.py took 0.633 seconds
[2024-08-05T11:26:13.471+0000] {processor.py:154} INFO - Started process (PID=21099) to work on /home/airflow/.local/lib/python3.7/site-packages/airflow/example_dags/example_task_group.py
[2024-08-05T11:26:13.472+0000] {processor.py:756} INFO - Processing file /home/airflow/.local/lib/python3.7/site-packages/airflow/example_dags/example_task_group.py for tasks to queue
[2024-08-05T11:26:13.474+0000] {logging_mixin.py:120} INFO - [2024-08-05T11:26:13.474+0000] {dagbag.py:537} INFO - Filling up the DagBag from /home/airflow/.local/lib/python3.7/site-packages/airflow/example_dags/example_task_group.py
[2024-08-05T11:26:13.493+0000] {processor.py:766} INFO - DAG(s) dict_keys(['example_task_group']) retrieved from /home/airflow/.local/lib/python3.7/site-packages/airflow/example_dags/example_task_group.py
[2024-08-05T11:26:13.540+0000] {logging_mixin.py:120} INFO - [2024-08-05T11:26:13.539+0000] {dag.py:2585} INFO - Sync 1 DAGs
[2024-08-05T11:26:13.567+0000] {logging_mixin.py:120} INFO - [2024-08-05T11:26:13.567+0000] {dag.py:3340} INFO - Setting next_dagrun for example_task_group to 2024-08-04T11:26:13.567334+00:00, run_after=2024-08-05T11:26:13.567334+00:00
[2024-08-05T11:26:13.593+0000] {processor.py:176} INFO - Processing /home/airflow/.local/lib/python3.7/site-packages/airflow/example_dags/example_task_group.py took 0.125 seconds
[2024-08-05T11:26:44.242+0000] {processor.py:154} INFO - Started process (PID=21166) to work on /home/airflow/.local/lib/python3.7/site-packages/airflow/example_dags/example_task_group.py
[2024-08-05T11:26:44.243+0000] {processor.py:756} INFO - Processing file /home/airflow/.local/lib/python3.7/site-packages/airflow/example_dags/example_task_group.py for tasks to queue
[2024-08-05T11:26:44.244+0000] {logging_mixin.py:120} INFO - [2024-08-05T11:26:44.244+0000] {dagbag.py:537} INFO - Filling up the DagBag from /home/airflow/.local/lib/python3.7/site-packages/airflow/example_dags/example_task_group.py
[2024-08-05T11:26:44.261+0000] {processor.py:766} INFO - DAG(s) dict_keys(['example_task_group']) retrieved from /home/airflow/.local/lib/python3.7/site-packages/airflow/example_dags/example_task_group.py
[2024-08-05T11:26:44.301+0000] {logging_mixin.py:120} INFO - [2024-08-05T11:26:44.301+0000] {dag.py:2585} INFO - Sync 1 DAGs
[2024-08-05T11:26:44.344+0000] {logging_mixin.py:120} INFO - [2024-08-05T11:26:44.343+0000] {dag.py:3340} INFO - Setting next_dagrun for example_task_group to 2024-08-04T11:26:44.343690+00:00, run_after=2024-08-05T11:26:44.343690+00:00
[2024-08-05T11:26:44.372+0000] {processor.py:176} INFO - Processing /home/airflow/.local/lib/python3.7/site-packages/airflow/example_dags/example_task_group.py took 0.133 seconds
[2024-08-05T11:27:15.310+0000] {processor.py:154} INFO - Started process (PID=21233) to work on /home/airflow/.local/lib/python3.7/site-packages/airflow/example_dags/example_task_group.py
[2024-08-05T11:27:15.312+0000] {processor.py:756} INFO - Processing file /home/airflow/.local/lib/python3.7/site-packages/airflow/example_dags/example_task_group.py for tasks to queue
[2024-08-05T11:27:15.313+0000] {logging_mixin.py:120} INFO - [2024-08-05T11:27:15.313+0000] {dagbag.py:537} INFO - Filling up the DagBag from /home/airflow/.local/lib/python3.7/site-packages/airflow/example_dags/example_task_group.py
[2024-08-05T11:27:15.330+0000] {processor.py:766} INFO - DAG(s) dict_keys(['example_task_group']) retrieved from /home/airflow/.local/lib/python3.7/site-packages/airflow/example_dags/example_task_group.py
[2024-08-05T11:27:15.374+0000] {logging_mixin.py:120} INFO - [2024-08-05T11:27:15.373+0000] {dag.py:2585} INFO - Sync 1 DAGs
[2024-08-05T11:27:15.418+0000] {logging_mixin.py:120} INFO - [2024-08-05T11:27:15.418+0000] {dag.py:3340} INFO - Setting next_dagrun for example_task_group to 2024-08-04T11:27:15.418587+00:00, run_after=2024-08-05T11:27:15.418587+00:00
[2024-08-05T11:27:15.439+0000] {processor.py:176} INFO - Processing /home/airflow/.local/lib/python3.7/site-packages/airflow/example_dags/example_task_group.py took 0.133 seconds
[2024-08-05T11:27:45.539+0000] {processor.py:154} INFO - Started process (PID=21291) to work on /home/airflow/.local/lib/python3.7/site-packages/airflow/example_dags/example_task_group.py
[2024-08-05T11:27:45.540+0000] {processor.py:756} INFO - Processing file /home/airflow/.local/lib/python3.7/site-packages/airflow/example_dags/example_task_group.py for tasks to queue
[2024-08-05T11:27:45.541+0000] {logging_mixin.py:120} INFO - [2024-08-05T11:27:45.541+0000] {dagbag.py:537} INFO - Filling up the DagBag from /home/airflow/.local/lib/python3.7/site-packages/airflow/example_dags/example_task_group.py
[2024-08-05T11:27:45.561+0000] {processor.py:766} INFO - DAG(s) dict_keys(['example_task_group']) retrieved from /home/airflow/.local/lib/python3.7/site-packages/airflow/example_dags/example_task_group.py
[2024-08-05T11:27:45.607+0000] {logging_mixin.py:120} INFO - [2024-08-05T11:27:45.606+0000] {dag.py:2585} INFO - Sync 1 DAGs
[2024-08-05T11:27:45.692+0000] {logging_mixin.py:120} INFO - [2024-08-05T11:27:45.691+0000] {dag.py:3340} INFO - Setting next_dagrun for example_task_group to 2024-08-04T11:27:45.691612+00:00, run_after=2024-08-05T11:27:45.691612+00:00
[2024-08-05T11:27:45.820+0000] {processor.py:176} INFO - Processing /home/airflow/.local/lib/python3.7/site-packages/airflow/example_dags/example_task_group.py took 0.286 seconds
[2024-08-05T11:28:16.119+0000] {processor.py:154} INFO - Started process (PID=21357) to work on /home/airflow/.local/lib/python3.7/site-packages/airflow/example_dags/example_task_group.py
[2024-08-05T11:28:16.124+0000] {processor.py:756} INFO - Processing file /home/airflow/.local/lib/python3.7/site-packages/airflow/example_dags/example_task_group.py for tasks to queue
[2024-08-05T11:28:16.125+0000] {logging_mixin.py:120} INFO - [2024-08-05T11:28:16.125+0000] {dagbag.py:537} INFO - Filling up the DagBag from /home/airflow/.local/lib/python3.7/site-packages/airflow/example_dags/example_task_group.py
[2024-08-05T11:28:16.163+0000] {processor.py:766} INFO - DAG(s) dict_keys(['example_task_group']) retrieved from /home/airflow/.local/lib/python3.7/site-packages/airflow/example_dags/example_task_group.py
[2024-08-05T11:28:16.329+0000] {logging_mixin.py:120} INFO - [2024-08-05T11:28:16.329+0000] {dag.py:2585} INFO - Sync 1 DAGs
[2024-08-05T11:28:16.454+0000] {logging_mixin.py:120} INFO - [2024-08-05T11:28:16.454+0000] {dag.py:3340} INFO - Setting next_dagrun for example_task_group to 2024-08-04T11:28:16.454107+00:00, run_after=2024-08-05T11:28:16.454107+00:00
[2024-08-05T11:28:16.548+0000] {processor.py:176} INFO - Processing /home/airflow/.local/lib/python3.7/site-packages/airflow/example_dags/example_task_group.py took 0.433 seconds
[2024-08-05T11:28:47.335+0000] {processor.py:154} INFO - Started process (PID=21424) to work on /home/airflow/.local/lib/python3.7/site-packages/airflow/example_dags/example_task_group.py
[2024-08-05T11:28:47.338+0000] {processor.py:756} INFO - Processing file /home/airflow/.local/lib/python3.7/site-packages/airflow/example_dags/example_task_group.py for tasks to queue
[2024-08-05T11:28:47.339+0000] {logging_mixin.py:120} INFO - [2024-08-05T11:28:47.339+0000] {dagbag.py:537} INFO - Filling up the DagBag from /home/airflow/.local/lib/python3.7/site-packages/airflow/example_dags/example_task_group.py
[2024-08-05T11:28:47.368+0000] {processor.py:766} INFO - DAG(s) dict_keys(['example_task_group']) retrieved from /home/airflow/.local/lib/python3.7/site-packages/airflow/example_dags/example_task_group.py
[2024-08-05T11:28:47.491+0000] {logging_mixin.py:120} INFO - [2024-08-05T11:28:47.491+0000] {dag.py:2585} INFO - Sync 1 DAGs
[2024-08-05T11:28:47.587+0000] {logging_mixin.py:120} INFO - [2024-08-05T11:28:47.587+0000] {dag.py:3340} INFO - Setting next_dagrun for example_task_group to 2024-08-04T11:28:47.587181+00:00, run_after=2024-08-05T11:28:47.587181+00:00
[2024-08-05T11:28:47.739+0000] {processor.py:176} INFO - Processing /home/airflow/.local/lib/python3.7/site-packages/airflow/example_dags/example_task_group.py took 0.406 seconds
[2024-08-05T11:29:17.792+0000] {processor.py:154} INFO - Started process (PID=21481) to work on /home/airflow/.local/lib/python3.7/site-packages/airflow/example_dags/example_task_group.py
[2024-08-05T11:29:17.793+0000] {processor.py:756} INFO - Processing file /home/airflow/.local/lib/python3.7/site-packages/airflow/example_dags/example_task_group.py for tasks to queue
[2024-08-05T11:29:17.794+0000] {logging_mixin.py:120} INFO - [2024-08-05T11:29:17.794+0000] {dagbag.py:537} INFO - Filling up the DagBag from /home/airflow/.local/lib/python3.7/site-packages/airflow/example_dags/example_task_group.py
[2024-08-05T11:29:17.817+0000] {processor.py:766} INFO - DAG(s) dict_keys(['example_task_group']) retrieved from /home/airflow/.local/lib/python3.7/site-packages/airflow/example_dags/example_task_group.py
[2024-08-05T11:29:17.864+0000] {logging_mixin.py:120} INFO - [2024-08-05T11:29:17.864+0000] {dag.py:2585} INFO - Sync 1 DAGs
[2024-08-05T11:29:17.892+0000] {logging_mixin.py:120} INFO - [2024-08-05T11:29:17.892+0000] {dag.py:3340} INFO - Setting next_dagrun for example_task_group to 2024-08-04T11:29:17.892076+00:00, run_after=2024-08-05T11:29:17.892076+00:00
[2024-08-05T11:29:17.925+0000] {processor.py:176} INFO - Processing /home/airflow/.local/lib/python3.7/site-packages/airflow/example_dags/example_task_group.py took 0.137 seconds
[2024-08-05T11:29:48.380+0000] {processor.py:154} INFO - Started process (PID=21549) to work on /home/airflow/.local/lib/python3.7/site-packages/airflow/example_dags/example_task_group.py
[2024-08-05T11:29:48.382+0000] {processor.py:756} INFO - Processing file /home/airflow/.local/lib/python3.7/site-packages/airflow/example_dags/example_task_group.py for tasks to queue
[2024-08-05T11:29:48.383+0000] {logging_mixin.py:120} INFO - [2024-08-05T11:29:48.383+0000] {dagbag.py:537} INFO - Filling up the DagBag from /home/airflow/.local/lib/python3.7/site-packages/airflow/example_dags/example_task_group.py
[2024-08-05T11:29:48.398+0000] {processor.py:766} INFO - DAG(s) dict_keys(['example_task_group']) retrieved from /home/airflow/.local/lib/python3.7/site-packages/airflow/example_dags/example_task_group.py
[2024-08-05T11:29:48.455+0000] {logging_mixin.py:120} INFO - [2024-08-05T11:29:48.455+0000] {dag.py:2585} INFO - Sync 1 DAGs
[2024-08-05T11:29:48.480+0000] {logging_mixin.py:120} INFO - [2024-08-05T11:29:48.480+0000] {dag.py:3340} INFO - Setting next_dagrun for example_task_group to 2024-08-04T11:29:48.479825+00:00, run_after=2024-08-05T11:29:48.479825+00:00
[2024-08-05T11:29:48.504+0000] {processor.py:176} INFO - Processing /home/airflow/.local/lib/python3.7/site-packages/airflow/example_dags/example_task_group.py took 0.128 seconds
[2024-08-05T11:30:19.298+0000] {processor.py:154} INFO - Started process (PID=21616) to work on /home/airflow/.local/lib/python3.7/site-packages/airflow/example_dags/example_task_group.py
[2024-08-05T11:30:19.300+0000] {processor.py:756} INFO - Processing file /home/airflow/.local/lib/python3.7/site-packages/airflow/example_dags/example_task_group.py for tasks to queue
[2024-08-05T11:30:19.301+0000] {logging_mixin.py:120} INFO - [2024-08-05T11:30:19.301+0000] {dagbag.py:537} INFO - Filling up the DagBag from /home/airflow/.local/lib/python3.7/site-packages/airflow/example_dags/example_task_group.py
[2024-08-05T11:30:19.331+0000] {processor.py:766} INFO - DAG(s) dict_keys(['example_task_group']) retrieved from /home/airflow/.local/lib/python3.7/site-packages/airflow/example_dags/example_task_group.py
[2024-08-05T11:30:19.405+0000] {logging_mixin.py:120} INFO - [2024-08-05T11:30:19.405+0000] {dag.py:2585} INFO - Sync 1 DAGs
[2024-08-05T11:30:19.503+0000] {logging_mixin.py:120} INFO - [2024-08-05T11:30:19.502+0000] {dag.py:3340} INFO - Setting next_dagrun for example_task_group to 2024-08-04T11:30:19.502580+00:00, run_after=2024-08-05T11:30:19.502580+00:00
[2024-08-05T11:30:19.583+0000] {processor.py:176} INFO - Processing /home/airflow/.local/lib/python3.7/site-packages/airflow/example_dags/example_task_group.py took 0.288 seconds
[2024-08-05T11:30:49.739+0000] {processor.py:154} INFO - Started process (PID=21673) to work on /home/airflow/.local/lib/python3.7/site-packages/airflow/example_dags/example_task_group.py
[2024-08-05T11:30:49.740+0000] {processor.py:756} INFO - Processing file /home/airflow/.local/lib/python3.7/site-packages/airflow/example_dags/example_task_group.py for tasks to queue
[2024-08-05T11:30:49.741+0000] {logging_mixin.py:120} INFO - [2024-08-05T11:30:49.741+0000] {dagbag.py:537} INFO - Filling up the DagBag from /home/airflow/.local/lib/python3.7/site-packages/airflow/example_dags/example_task_group.py
[2024-08-05T11:30:49.756+0000] {processor.py:766} INFO - DAG(s) dict_keys(['example_task_group']) retrieved from /home/airflow/.local/lib/python3.7/site-packages/airflow/example_dags/example_task_group.py
[2024-08-05T11:30:49.795+0000] {logging_mixin.py:120} INFO - [2024-08-05T11:30:49.795+0000] {dag.py:2585} INFO - Sync 1 DAGs
[2024-08-05T11:30:49.826+0000] {logging_mixin.py:120} INFO - [2024-08-05T11:30:49.826+0000] {dag.py:3340} INFO - Setting next_dagrun for example_task_group to 2024-08-04T11:30:49.826011+00:00, run_after=2024-08-05T11:30:49.826011+00:00
[2024-08-05T11:30:49.877+0000] {processor.py:176} INFO - Processing /home/airflow/.local/lib/python3.7/site-packages/airflow/example_dags/example_task_group.py took 0.141 seconds
[2024-08-05T11:31:20.362+0000] {processor.py:154} INFO - Started process (PID=21739) to work on /home/airflow/.local/lib/python3.7/site-packages/airflow/example_dags/example_task_group.py
[2024-08-05T11:31:20.363+0000] {processor.py:756} INFO - Processing file /home/airflow/.local/lib/python3.7/site-packages/airflow/example_dags/example_task_group.py for tasks to queue
[2024-08-05T11:31:20.364+0000] {logging_mixin.py:120} INFO - [2024-08-05T11:31:20.364+0000] {dagbag.py:537} INFO - Filling up the DagBag from /home/airflow/.local/lib/python3.7/site-packages/airflow/example_dags/example_task_group.py
[2024-08-05T11:31:20.380+0000] {processor.py:766} INFO - DAG(s) dict_keys(['example_task_group']) retrieved from /home/airflow/.local/lib/python3.7/site-packages/airflow/example_dags/example_task_group.py
[2024-08-05T11:31:20.525+0000] {logging_mixin.py:120} INFO - [2024-08-05T11:31:20.525+0000] {dag.py:2585} INFO - Sync 1 DAGs
[2024-08-05T11:31:20.548+0000] {logging_mixin.py:120} INFO - [2024-08-05T11:31:20.548+0000] {dag.py:3340} INFO - Setting next_dagrun for example_task_group to 2024-08-04T11:31:20.548456+00:00, run_after=2024-08-05T11:31:20.548456+00:00
[2024-08-05T11:31:20.569+0000] {processor.py:176} INFO - Processing /home/airflow/.local/lib/python3.7/site-packages/airflow/example_dags/example_task_group.py took 0.211 seconds
[2024-08-05T11:31:50.734+0000] {processor.py:154} INFO - Started process (PID=21803) to work on /home/airflow/.local/lib/python3.7/site-packages/airflow/example_dags/example_task_group.py
[2024-08-05T11:31:50.736+0000] {processor.py:756} INFO - Processing file /home/airflow/.local/lib/python3.7/site-packages/airflow/example_dags/example_task_group.py for tasks to queue
[2024-08-05T11:31:50.737+0000] {logging_mixin.py:120} INFO - [2024-08-05T11:31:50.737+0000] {dagbag.py:537} INFO - Filling up the DagBag from /home/airflow/.local/lib/python3.7/site-packages/airflow/example_dags/example_task_group.py
[2024-08-05T11:31:50.771+0000] {processor.py:766} INFO - DAG(s) dict_keys(['example_task_group']) retrieved from /home/airflow/.local/lib/python3.7/site-packages/airflow/example_dags/example_task_group.py
[2024-08-05T11:31:50.924+0000] {logging_mixin.py:120} INFO - [2024-08-05T11:31:50.924+0000] {dag.py:2585} INFO - Sync 1 DAGs
[2024-08-05T11:31:50.961+0000] {logging_mixin.py:120} INFO - [2024-08-05T11:31:50.960+0000] {dag.py:3340} INFO - Setting next_dagrun for example_task_group to 2024-08-04T11:31:50.960642+00:00, run_after=2024-08-05T11:31:50.960642+00:00
[2024-08-05T11:31:51.000+0000] {processor.py:176} INFO - Processing /home/airflow/.local/lib/python3.7/site-packages/airflow/example_dags/example_task_group.py took 0.271 seconds
[2024-08-05T11:32:21.432+0000] {processor.py:154} INFO - Started process (PID=21862) to work on /home/airflow/.local/lib/python3.7/site-packages/airflow/example_dags/example_task_group.py
[2024-08-05T11:32:21.434+0000] {processor.py:756} INFO - Processing file /home/airflow/.local/lib/python3.7/site-packages/airflow/example_dags/example_task_group.py for tasks to queue
[2024-08-05T11:32:21.435+0000] {logging_mixin.py:120} INFO - [2024-08-05T11:32:21.435+0000] {dagbag.py:537} INFO - Filling up the DagBag from /home/airflow/.local/lib/python3.7/site-packages/airflow/example_dags/example_task_group.py
[2024-08-05T11:32:21.456+0000] {processor.py:766} INFO - DAG(s) dict_keys(['example_task_group']) retrieved from /home/airflow/.local/lib/python3.7/site-packages/airflow/example_dags/example_task_group.py
[2024-08-05T11:32:21.504+0000] {logging_mixin.py:120} INFO - [2024-08-05T11:32:21.504+0000] {dag.py:2585} INFO - Sync 1 DAGs
[2024-08-05T11:32:21.536+0000] {logging_mixin.py:120} INFO - [2024-08-05T11:32:21.535+0000] {dag.py:3340} INFO - Setting next_dagrun for example_task_group to 2024-08-04T11:32:21.535505+00:00, run_after=2024-08-05T11:32:21.535505+00:00
[2024-08-05T11:32:21.560+0000] {processor.py:176} INFO - Processing /home/airflow/.local/lib/python3.7/site-packages/airflow/example_dags/example_task_group.py took 0.132 seconds
[2024-08-05T11:32:51.828+0000] {processor.py:154} INFO - Started process (PID=21929) to work on /home/airflow/.local/lib/python3.7/site-packages/airflow/example_dags/example_task_group.py
[2024-08-05T11:32:51.925+0000] {processor.py:756} INFO - Processing file /home/airflow/.local/lib/python3.7/site-packages/airflow/example_dags/example_task_group.py for tasks to queue
[2024-08-05T11:32:51.940+0000] {logging_mixin.py:120} INFO - [2024-08-05T11:32:51.939+0000] {dagbag.py:537} INFO - Filling up the DagBag from /home/airflow/.local/lib/python3.7/site-packages/airflow/example_dags/example_task_group.py
[2024-08-05T11:32:51.991+0000] {processor.py:766} INFO - DAG(s) dict_keys(['example_task_group']) retrieved from /home/airflow/.local/lib/python3.7/site-packages/airflow/example_dags/example_task_group.py
[2024-08-05T11:32:52.060+0000] {logging_mixin.py:120} INFO - [2024-08-05T11:32:52.059+0000] {dag.py:2585} INFO - Sync 1 DAGs
[2024-08-05T11:32:52.213+0000] {logging_mixin.py:120} INFO - [2024-08-05T11:32:52.213+0000] {dag.py:3340} INFO - Setting next_dagrun for example_task_group to 2024-08-04T11:32:52.212851+00:00, run_after=2024-08-05T11:32:52.212851+00:00
[2024-08-05T11:32:52.330+0000] {processor.py:176} INFO - Processing /home/airflow/.local/lib/python3.7/site-packages/airflow/example_dags/example_task_group.py took 0.507 seconds
[2024-08-05T11:33:22.534+0000] {processor.py:154} INFO - Started process (PID=21987) to work on /home/airflow/.local/lib/python3.7/site-packages/airflow/example_dags/example_task_group.py
[2024-08-05T11:33:22.536+0000] {processor.py:756} INFO - Processing file /home/airflow/.local/lib/python3.7/site-packages/airflow/example_dags/example_task_group.py for tasks to queue
[2024-08-05T11:33:22.541+0000] {logging_mixin.py:120} INFO - [2024-08-05T11:33:22.541+0000] {dagbag.py:537} INFO - Filling up the DagBag from /home/airflow/.local/lib/python3.7/site-packages/airflow/example_dags/example_task_group.py
[2024-08-05T11:33:22.564+0000] {processor.py:766} INFO - DAG(s) dict_keys(['example_task_group']) retrieved from /home/airflow/.local/lib/python3.7/site-packages/airflow/example_dags/example_task_group.py
[2024-08-05T11:33:22.628+0000] {logging_mixin.py:120} INFO - [2024-08-05T11:33:22.627+0000] {dag.py:2585} INFO - Sync 1 DAGs
[2024-08-05T11:33:22.664+0000] {logging_mixin.py:120} INFO - [2024-08-05T11:33:22.664+0000] {dag.py:3340} INFO - Setting next_dagrun for example_task_group to 2024-08-04T11:33:22.664331+00:00, run_after=2024-08-05T11:33:22.664331+00:00
[2024-08-05T11:33:22.703+0000] {processor.py:176} INFO - Processing /home/airflow/.local/lib/python3.7/site-packages/airflow/example_dags/example_task_group.py took 0.174 seconds
[2024-08-05T11:33:52.898+0000] {processor.py:154} INFO - Started process (PID=22055) to work on /home/airflow/.local/lib/python3.7/site-packages/airflow/example_dags/example_task_group.py
[2024-08-05T11:33:52.899+0000] {processor.py:756} INFO - Processing file /home/airflow/.local/lib/python3.7/site-packages/airflow/example_dags/example_task_group.py for tasks to queue
[2024-08-05T11:33:52.905+0000] {logging_mixin.py:120} INFO - [2024-08-05T11:33:52.904+0000] {dagbag.py:537} INFO - Filling up the DagBag from /home/airflow/.local/lib/python3.7/site-packages/airflow/example_dags/example_task_group.py
[2024-08-05T11:33:52.926+0000] {processor.py:766} INFO - DAG(s) dict_keys(['example_task_group']) retrieved from /home/airflow/.local/lib/python3.7/site-packages/airflow/example_dags/example_task_group.py
[2024-08-05T11:33:52.981+0000] {logging_mixin.py:120} INFO - [2024-08-05T11:33:52.980+0000] {dag.py:2585} INFO - Sync 1 DAGs
[2024-08-05T11:33:53.014+0000] {logging_mixin.py:120} INFO - [2024-08-05T11:33:53.014+0000] {dag.py:3340} INFO - Setting next_dagrun for example_task_group to 2024-08-04T11:33:53.014142+00:00, run_after=2024-08-05T11:33:53.014142+00:00
[2024-08-05T11:33:53.042+0000] {processor.py:176} INFO - Processing /home/airflow/.local/lib/python3.7/site-packages/airflow/example_dags/example_task_group.py took 0.148 seconds
[2024-08-05T11:34:23.443+0000] {processor.py:154} INFO - Started process (PID=22123) to work on /home/airflow/.local/lib/python3.7/site-packages/airflow/example_dags/example_task_group.py
[2024-08-05T11:34:23.444+0000] {processor.py:756} INFO - Processing file /home/airflow/.local/lib/python3.7/site-packages/airflow/example_dags/example_task_group.py for tasks to queue
[2024-08-05T11:34:23.445+0000] {logging_mixin.py:120} INFO - [2024-08-05T11:34:23.445+0000] {dagbag.py:537} INFO - Filling up the DagBag from /home/airflow/.local/lib/python3.7/site-packages/airflow/example_dags/example_task_group.py
[2024-08-05T11:34:23.482+0000] {processor.py:766} INFO - DAG(s) dict_keys(['example_task_group']) retrieved from /home/airflow/.local/lib/python3.7/site-packages/airflow/example_dags/example_task_group.py
[2024-08-05T11:34:23.664+0000] {logging_mixin.py:120} INFO - [2024-08-05T11:34:23.664+0000] {dag.py:2585} INFO - Sync 1 DAGs
[2024-08-05T11:34:23.707+0000] {logging_mixin.py:120} INFO - [2024-08-05T11:34:23.706+0000] {dag.py:3340} INFO - Setting next_dagrun for example_task_group to 2024-08-04T11:34:23.706545+00:00, run_after=2024-08-05T11:34:23.706545+00:00
[2024-08-05T11:34:23.747+0000] {processor.py:176} INFO - Processing /home/airflow/.local/lib/python3.7/site-packages/airflow/example_dags/example_task_group.py took 0.308 seconds
[2024-08-05T11:34:53.873+0000] {processor.py:154} INFO - Started process (PID=22181) to work on /home/airflow/.local/lib/python3.7/site-packages/airflow/example_dags/example_task_group.py
[2024-08-05T11:34:53.874+0000] {processor.py:756} INFO - Processing file /home/airflow/.local/lib/python3.7/site-packages/airflow/example_dags/example_task_group.py for tasks to queue
[2024-08-05T11:34:53.876+0000] {logging_mixin.py:120} INFO - [2024-08-05T11:34:53.876+0000] {dagbag.py:537} INFO - Filling up the DagBag from /home/airflow/.local/lib/python3.7/site-packages/airflow/example_dags/example_task_group.py
[2024-08-05T11:34:53.894+0000] {processor.py:766} INFO - DAG(s) dict_keys(['example_task_group']) retrieved from /home/airflow/.local/lib/python3.7/site-packages/airflow/example_dags/example_task_group.py
[2024-08-05T11:34:53.938+0000] {logging_mixin.py:120} INFO - [2024-08-05T11:34:53.937+0000] {dag.py:2585} INFO - Sync 1 DAGs
[2024-08-05T11:34:54.002+0000] {logging_mixin.py:120} INFO - [2024-08-05T11:34:54.002+0000] {dag.py:3340} INFO - Setting next_dagrun for example_task_group to 2024-08-04T11:34:54.001887+00:00, run_after=2024-08-05T11:34:54.001887+00:00
[2024-08-05T11:34:54.034+0000] {processor.py:176} INFO - Processing /home/airflow/.local/lib/python3.7/site-packages/airflow/example_dags/example_task_group.py took 0.164 seconds
[2024-08-05T11:35:25.841+0000] {processor.py:154} INFO - Started process (PID=22248) to work on /home/airflow/.local/lib/python3.7/site-packages/airflow/example_dags/example_task_group.py
[2024-08-05T11:35:25.912+0000] {processor.py:756} INFO - Processing file /home/airflow/.local/lib/python3.7/site-packages/airflow/example_dags/example_task_group.py for tasks to queue
[2024-08-05T11:35:25.963+0000] {logging_mixin.py:120} INFO - [2024-08-05T11:35:25.962+0000] {dagbag.py:537} INFO - Filling up the DagBag from /home/airflow/.local/lib/python3.7/site-packages/airflow/example_dags/example_task_group.py
[2024-08-05T11:35:25.997+0000] {processor.py:766} INFO - DAG(s) dict_keys(['example_task_group']) retrieved from /home/airflow/.local/lib/python3.7/site-packages/airflow/example_dags/example_task_group.py
[2024-08-05T11:35:26.170+0000] {logging_mixin.py:120} INFO - [2024-08-05T11:35:26.170+0000] {dag.py:2585} INFO - Sync 1 DAGs
[2024-08-05T11:35:26.431+0000] {logging_mixin.py:120} INFO - [2024-08-05T11:35:26.431+0000] {dag.py:3340} INFO - Setting next_dagrun for example_task_group to 2024-08-04T11:35:26.430911+00:00, run_after=2024-08-05T11:35:26.430911+00:00
[2024-08-05T11:35:26.488+0000] {processor.py:176} INFO - Processing /home/airflow/.local/lib/python3.7/site-packages/airflow/example_dags/example_task_group.py took 0.653 seconds
[2024-08-05T11:35:56.838+0000] {processor.py:154} INFO - Started process (PID=22306) to work on /home/airflow/.local/lib/python3.7/site-packages/airflow/example_dags/example_task_group.py
[2024-08-05T11:35:56.839+0000] {processor.py:756} INFO - Processing file /home/airflow/.local/lib/python3.7/site-packages/airflow/example_dags/example_task_group.py for tasks to queue
[2024-08-05T11:35:56.846+0000] {logging_mixin.py:120} INFO - [2024-08-05T11:35:56.846+0000] {dagbag.py:537} INFO - Filling up the DagBag from /home/airflow/.local/lib/python3.7/site-packages/airflow/example_dags/example_task_group.py
[2024-08-05T11:35:56.861+0000] {processor.py:766} INFO - DAG(s) dict_keys(['example_task_group']) retrieved from /home/airflow/.local/lib/python3.7/site-packages/airflow/example_dags/example_task_group.py
[2024-08-05T11:35:56.898+0000] {logging_mixin.py:120} INFO - [2024-08-05T11:35:56.898+0000] {dag.py:2585} INFO - Sync 1 DAGs
[2024-08-05T11:35:56.920+0000] {logging_mixin.py:120} INFO - [2024-08-05T11:35:56.920+0000] {dag.py:3340} INFO - Setting next_dagrun for example_task_group to 2024-08-04T11:35:56.920602+00:00, run_after=2024-08-05T11:35:56.920602+00:00
[2024-08-05T11:35:56.950+0000] {processor.py:176} INFO - Processing /home/airflow/.local/lib/python3.7/site-packages/airflow/example_dags/example_task_group.py took 0.117 seconds
[2024-08-05T11:36:27.241+0000] {processor.py:154} INFO - Started process (PID=22373) to work on /home/airflow/.local/lib/python3.7/site-packages/airflow/example_dags/example_task_group.py
[2024-08-05T11:36:27.242+0000] {processor.py:756} INFO - Processing file /home/airflow/.local/lib/python3.7/site-packages/airflow/example_dags/example_task_group.py for tasks to queue
[2024-08-05T11:36:27.243+0000] {logging_mixin.py:120} INFO - [2024-08-05T11:36:27.243+0000] {dagbag.py:537} INFO - Filling up the DagBag from /home/airflow/.local/lib/python3.7/site-packages/airflow/example_dags/example_task_group.py
[2024-08-05T11:36:27.264+0000] {processor.py:766} INFO - DAG(s) dict_keys(['example_task_group']) retrieved from /home/airflow/.local/lib/python3.7/site-packages/airflow/example_dags/example_task_group.py
[2024-08-05T11:36:27.314+0000] {logging_mixin.py:120} INFO - [2024-08-05T11:36:27.314+0000] {dag.py:2585} INFO - Sync 1 DAGs
[2024-08-05T11:36:27.345+0000] {logging_mixin.py:120} INFO - [2024-08-05T11:36:27.345+0000] {dag.py:3340} INFO - Setting next_dagrun for example_task_group to 2024-08-04T11:36:27.345484+00:00, run_after=2024-08-05T11:36:27.345484+00:00
[2024-08-05T11:36:27.370+0000] {processor.py:176} INFO - Processing /home/airflow/.local/lib/python3.7/site-packages/airflow/example_dags/example_task_group.py took 0.134 seconds
[2024-08-05T11:36:57.487+0000] {processor.py:154} INFO - Started process (PID=22430) to work on /home/airflow/.local/lib/python3.7/site-packages/airflow/example_dags/example_task_group.py
[2024-08-05T11:36:57.488+0000] {processor.py:756} INFO - Processing file /home/airflow/.local/lib/python3.7/site-packages/airflow/example_dags/example_task_group.py for tasks to queue
[2024-08-05T11:36:57.489+0000] {logging_mixin.py:120} INFO - [2024-08-05T11:36:57.489+0000] {dagbag.py:537} INFO - Filling up the DagBag from /home/airflow/.local/lib/python3.7/site-packages/airflow/example_dags/example_task_group.py
[2024-08-05T11:36:57.515+0000] {processor.py:766} INFO - DAG(s) dict_keys(['example_task_group']) retrieved from /home/airflow/.local/lib/python3.7/site-packages/airflow/example_dags/example_task_group.py
[2024-08-05T11:36:57.563+0000] {logging_mixin.py:120} INFO - [2024-08-05T11:36:57.563+0000] {dag.py:2585} INFO - Sync 1 DAGs
[2024-08-05T11:36:57.617+0000] {logging_mixin.py:120} INFO - [2024-08-05T11:36:57.616+0000] {dag.py:3340} INFO - Setting next_dagrun for example_task_group to 2024-08-04T11:36:57.616251+00:00, run_after=2024-08-05T11:36:57.616251+00:00
[2024-08-05T11:36:57.736+0000] {processor.py:176} INFO - Processing /home/airflow/.local/lib/python3.7/site-packages/airflow/example_dags/example_task_group.py took 0.252 seconds
[2024-08-05T11:37:29.873+0000] {processor.py:154} INFO - Started process (PID=22496) to work on /home/airflow/.local/lib/python3.7/site-packages/airflow/example_dags/example_task_group.py
[2024-08-05T11:37:29.875+0000] {processor.py:756} INFO - Processing file /home/airflow/.local/lib/python3.7/site-packages/airflow/example_dags/example_task_group.py for tasks to queue
[2024-08-05T11:37:29.877+0000] {logging_mixin.py:120} INFO - [2024-08-05T11:37:29.876+0000] {dagbag.py:537} INFO - Filling up the DagBag from /home/airflow/.local/lib/python3.7/site-packages/airflow/example_dags/example_task_group.py
[2024-08-05T11:37:29.924+0000] {processor.py:766} INFO - DAG(s) dict_keys(['example_task_group']) retrieved from /home/airflow/.local/lib/python3.7/site-packages/airflow/example_dags/example_task_group.py
[2024-08-05T11:37:29.974+0000] {logging_mixin.py:120} INFO - [2024-08-05T11:37:29.974+0000] {dag.py:2585} INFO - Sync 1 DAGs
[2024-08-05T11:37:30.100+0000] {logging_mixin.py:120} INFO - [2024-08-05T11:37:30.100+0000] {dag.py:3340} INFO - Setting next_dagrun for example_task_group to 2024-08-04T11:37:30.099947+00:00, run_after=2024-08-05T11:37:30.099947+00:00
[2024-08-05T11:37:30.233+0000] {processor.py:176} INFO - Processing /home/airflow/.local/lib/python3.7/site-packages/airflow/example_dags/example_task_group.py took 0.364 seconds
[2024-08-05T11:38:01.792+0000] {processor.py:154} INFO - Started process (PID=22563) to work on /home/airflow/.local/lib/python3.7/site-packages/airflow/example_dags/example_task_group.py
[2024-08-05T11:38:01.793+0000] {processor.py:756} INFO - Processing file /home/airflow/.local/lib/python3.7/site-packages/airflow/example_dags/example_task_group.py for tasks to queue
[2024-08-05T11:38:01.794+0000] {logging_mixin.py:120} INFO - [2024-08-05T11:38:01.794+0000] {dagbag.py:537} INFO - Filling up the DagBag from /home/airflow/.local/lib/python3.7/site-packages/airflow/example_dags/example_task_group.py
[2024-08-05T11:38:01.847+0000] {processor.py:766} INFO - DAG(s) dict_keys(['example_task_group']) retrieved from /home/airflow/.local/lib/python3.7/site-packages/airflow/example_dags/example_task_group.py
[2024-08-05T11:38:01.884+0000] {logging_mixin.py:120} INFO - [2024-08-05T11:38:01.884+0000] {dag.py:2585} INFO - Sync 1 DAGs
[2024-08-05T11:38:01.910+0000] {logging_mixin.py:120} INFO - [2024-08-05T11:38:01.910+0000] {dag.py:3340} INFO - Setting next_dagrun for example_task_group to 2024-08-04T11:38:01.909802+00:00, run_after=2024-08-05T11:38:01.909802+00:00
[2024-08-05T11:38:01.953+0000] {processor.py:176} INFO - Processing /home/airflow/.local/lib/python3.7/site-packages/airflow/example_dags/example_task_group.py took 0.163 seconds
[2024-08-05T11:38:32.773+0000] {processor.py:154} INFO - Started process (PID=22630) to work on /home/airflow/.local/lib/python3.7/site-packages/airflow/example_dags/example_task_group.py
[2024-08-05T11:38:32.868+0000] {processor.py:756} INFO - Processing file /home/airflow/.local/lib/python3.7/site-packages/airflow/example_dags/example_task_group.py for tasks to queue
[2024-08-05T11:38:32.880+0000] {logging_mixin.py:120} INFO - [2024-08-05T11:38:32.880+0000] {dagbag.py:537} INFO - Filling up the DagBag from /home/airflow/.local/lib/python3.7/site-packages/airflow/example_dags/example_task_group.py
[2024-08-05T11:38:32.935+0000] {processor.py:766} INFO - DAG(s) dict_keys(['example_task_group']) retrieved from /home/airflow/.local/lib/python3.7/site-packages/airflow/example_dags/example_task_group.py
[2024-08-05T11:38:32.983+0000] {logging_mixin.py:120} INFO - [2024-08-05T11:38:32.983+0000] {dag.py:2585} INFO - Sync 1 DAGs
[2024-08-05T11:38:33.155+0000] {logging_mixin.py:120} INFO - [2024-08-05T11:38:33.155+0000] {dag.py:3340} INFO - Setting next_dagrun for example_task_group to 2024-08-04T11:38:33.155203+00:00, run_after=2024-08-05T11:38:33.155203+00:00
[2024-08-05T11:38:33.316+0000] {processor.py:176} INFO - Processing /home/airflow/.local/lib/python3.7/site-packages/airflow/example_dags/example_task_group.py took 0.546 seconds
[2024-08-05T11:39:03.568+0000] {processor.py:154} INFO - Started process (PID=22688) to work on /home/airflow/.local/lib/python3.7/site-packages/airflow/example_dags/example_task_group.py
[2024-08-05T11:39:03.570+0000] {processor.py:756} INFO - Processing file /home/airflow/.local/lib/python3.7/site-packages/airflow/example_dags/example_task_group.py for tasks to queue
[2024-08-05T11:39:03.572+0000] {logging_mixin.py:120} INFO - [2024-08-05T11:39:03.572+0000] {dagbag.py:537} INFO - Filling up the DagBag from /home/airflow/.local/lib/python3.7/site-packages/airflow/example_dags/example_task_group.py
[2024-08-05T11:39:03.604+0000] {processor.py:766} INFO - DAG(s) dict_keys(['example_task_group']) retrieved from /home/airflow/.local/lib/python3.7/site-packages/airflow/example_dags/example_task_group.py
[2024-08-05T11:39:03.791+0000] {logging_mixin.py:120} INFO - [2024-08-05T11:39:03.791+0000] {dag.py:2585} INFO - Sync 1 DAGs
[2024-08-05T11:39:04.003+0000] {logging_mixin.py:120} INFO - [2024-08-05T11:39:04.003+0000] {dag.py:3340} INFO - Setting next_dagrun for example_task_group to 2024-08-04T11:39:04.002718+00:00, run_after=2024-08-05T11:39:04.002718+00:00
[2024-08-05T11:39:04.154+0000] {processor.py:176} INFO - Processing /home/airflow/.local/lib/python3.7/site-packages/airflow/example_dags/example_task_group.py took 0.590 seconds
[2024-08-05T11:39:34.509+0000] {processor.py:154} INFO - Started process (PID=22755) to work on /home/airflow/.local/lib/python3.7/site-packages/airflow/example_dags/example_task_group.py
[2024-08-05T11:39:34.511+0000] {processor.py:756} INFO - Processing file /home/airflow/.local/lib/python3.7/site-packages/airflow/example_dags/example_task_group.py for tasks to queue
[2024-08-05T11:39:34.517+0000] {logging_mixin.py:120} INFO - [2024-08-05T11:39:34.517+0000] {dagbag.py:537} INFO - Filling up the DagBag from /home/airflow/.local/lib/python3.7/site-packages/airflow/example_dags/example_task_group.py
[2024-08-05T11:39:34.561+0000] {processor.py:766} INFO - DAG(s) dict_keys(['example_task_group']) retrieved from /home/airflow/.local/lib/python3.7/site-packages/airflow/example_dags/example_task_group.py
[2024-08-05T11:39:34.711+0000] {logging_mixin.py:120} INFO - [2024-08-05T11:39:34.711+0000] {dag.py:2585} INFO - Sync 1 DAGs
[2024-08-05T11:39:34.760+0000] {logging_mixin.py:120} INFO - [2024-08-05T11:39:34.760+0000] {dag.py:3340} INFO - Setting next_dagrun for example_task_group to 2024-08-04T11:39:34.760337+00:00, run_after=2024-08-05T11:39:34.760337+00:00
[2024-08-05T11:39:34.824+0000] {processor.py:176} INFO - Processing /home/airflow/.local/lib/python3.7/site-packages/airflow/example_dags/example_task_group.py took 0.320 seconds
[2024-08-05T11:40:05.022+0000] {processor.py:154} INFO - Started process (PID=22821) to work on /home/airflow/.local/lib/python3.7/site-packages/airflow/example_dags/example_task_group.py
[2024-08-05T11:40:05.023+0000] {processor.py:756} INFO - Processing file /home/airflow/.local/lib/python3.7/site-packages/airflow/example_dags/example_task_group.py for tasks to queue
[2024-08-05T11:40:05.024+0000] {logging_mixin.py:120} INFO - [2024-08-05T11:40:05.024+0000] {dagbag.py:537} INFO - Filling up the DagBag from /home/airflow/.local/lib/python3.7/site-packages/airflow/example_dags/example_task_group.py
[2024-08-05T11:40:05.040+0000] {processor.py:766} INFO - DAG(s) dict_keys(['example_task_group']) retrieved from /home/airflow/.local/lib/python3.7/site-packages/airflow/example_dags/example_task_group.py
[2024-08-05T11:40:05.107+0000] {logging_mixin.py:120} INFO - [2024-08-05T11:40:05.107+0000] {dag.py:2585} INFO - Sync 1 DAGs
[2024-08-05T11:40:05.226+0000] {logging_mixin.py:120} INFO - [2024-08-05T11:40:05.226+0000] {dag.py:3340} INFO - Setting next_dagrun for example_task_group to 2024-08-04T11:40:05.225822+00:00, run_after=2024-08-05T11:40:05.225822+00:00
[2024-08-05T11:40:05.371+0000] {processor.py:176} INFO - Processing /home/airflow/.local/lib/python3.7/site-packages/airflow/example_dags/example_task_group.py took 0.360 seconds
[2024-08-05T11:40:36.028+0000] {processor.py:154} INFO - Started process (PID=22880) to work on /home/airflow/.local/lib/python3.7/site-packages/airflow/example_dags/example_task_group.py
[2024-08-05T11:40:36.108+0000] {processor.py:756} INFO - Processing file /home/airflow/.local/lib/python3.7/site-packages/airflow/example_dags/example_task_group.py for tasks to queue
[2024-08-05T11:40:36.123+0000] {logging_mixin.py:120} INFO - [2024-08-05T11:40:36.123+0000] {dagbag.py:537} INFO - Filling up the DagBag from /home/airflow/.local/lib/python3.7/site-packages/airflow/example_dags/example_task_group.py
[2024-08-05T11:40:36.180+0000] {processor.py:766} INFO - DAG(s) dict_keys(['example_task_group']) retrieved from /home/airflow/.local/lib/python3.7/site-packages/airflow/example_dags/example_task_group.py
[2024-08-05T11:40:36.361+0000] {logging_mixin.py:120} INFO - [2024-08-05T11:40:36.361+0000] {dag.py:2585} INFO - Sync 1 DAGs
[2024-08-05T11:40:36.503+0000] {logging_mixin.py:120} INFO - [2024-08-05T11:40:36.503+0000] {dag.py:3340} INFO - Setting next_dagrun for example_task_group to 2024-08-04T11:40:36.502928+00:00, run_after=2024-08-05T11:40:36.502928+00:00
[2024-08-05T11:40:36.635+0000] {processor.py:176} INFO - Processing /home/airflow/.local/lib/python3.7/site-packages/airflow/example_dags/example_task_group.py took 0.610 seconds
[2024-08-05T11:41:07.195+0000] {processor.py:154} INFO - Started process (PID=22947) to work on /home/airflow/.local/lib/python3.7/site-packages/airflow/example_dags/example_task_group.py
[2024-08-05T11:41:07.196+0000] {processor.py:756} INFO - Processing file /home/airflow/.local/lib/python3.7/site-packages/airflow/example_dags/example_task_group.py for tasks to queue
[2024-08-05T11:41:07.198+0000] {logging_mixin.py:120} INFO - [2024-08-05T11:41:07.198+0000] {dagbag.py:537} INFO - Filling up the DagBag from /home/airflow/.local/lib/python3.7/site-packages/airflow/example_dags/example_task_group.py
[2024-08-05T11:41:07.222+0000] {processor.py:766} INFO - DAG(s) dict_keys(['example_task_group']) retrieved from /home/airflow/.local/lib/python3.7/site-packages/airflow/example_dags/example_task_group.py
[2024-08-05T11:41:07.290+0000] {logging_mixin.py:120} INFO - [2024-08-05T11:41:07.290+0000] {dag.py:2585} INFO - Sync 1 DAGs
[2024-08-05T11:41:07.335+0000] {logging_mixin.py:120} INFO - [2024-08-05T11:41:07.335+0000] {dag.py:3340} INFO - Setting next_dagrun for example_task_group to 2024-08-04T11:41:07.334740+00:00, run_after=2024-08-05T11:41:07.334740+00:00
[2024-08-05T11:41:07.369+0000] {processor.py:176} INFO - Processing /home/airflow/.local/lib/python3.7/site-packages/airflow/example_dags/example_task_group.py took 0.181 seconds
[2024-08-05T11:41:37.953+0000] {processor.py:154} INFO - Started process (PID=23005) to work on /home/airflow/.local/lib/python3.7/site-packages/airflow/example_dags/example_task_group.py
[2024-08-05T11:41:37.955+0000] {processor.py:756} INFO - Processing file /home/airflow/.local/lib/python3.7/site-packages/airflow/example_dags/example_task_group.py for tasks to queue
[2024-08-05T11:41:37.955+0000] {logging_mixin.py:120} INFO - [2024-08-05T11:41:37.955+0000] {dagbag.py:537} INFO - Filling up the DagBag from /home/airflow/.local/lib/python3.7/site-packages/airflow/example_dags/example_task_group.py
[2024-08-05T11:41:37.969+0000] {processor.py:766} INFO - DAG(s) dict_keys(['example_task_group']) retrieved from /home/airflow/.local/lib/python3.7/site-packages/airflow/example_dags/example_task_group.py
[2024-08-05T11:41:38.005+0000] {logging_mixin.py:120} INFO - [2024-08-05T11:41:38.005+0000] {dag.py:2585} INFO - Sync 1 DAGs
[2024-08-05T11:41:38.029+0000] {logging_mixin.py:120} INFO - [2024-08-05T11:41:38.029+0000] {dag.py:3340} INFO - Setting next_dagrun for example_task_group to 2024-08-04T11:41:38.028849+00:00, run_after=2024-08-05T11:41:38.028849+00:00
[2024-08-05T11:41:38.048+0000] {processor.py:176} INFO - Processing /home/airflow/.local/lib/python3.7/site-packages/airflow/example_dags/example_task_group.py took 0.098 seconds
[2024-08-05T11:42:08.159+0000] {processor.py:154} INFO - Started process (PID=23072) to work on /home/airflow/.local/lib/python3.7/site-packages/airflow/example_dags/example_task_group.py
[2024-08-05T11:42:08.160+0000] {processor.py:756} INFO - Processing file /home/airflow/.local/lib/python3.7/site-packages/airflow/example_dags/example_task_group.py for tasks to queue
[2024-08-05T11:42:08.161+0000] {logging_mixin.py:120} INFO - [2024-08-05T11:42:08.161+0000] {dagbag.py:537} INFO - Filling up the DagBag from /home/airflow/.local/lib/python3.7/site-packages/airflow/example_dags/example_task_group.py
[2024-08-05T11:42:08.177+0000] {processor.py:766} INFO - DAG(s) dict_keys(['example_task_group']) retrieved from /home/airflow/.local/lib/python3.7/site-packages/airflow/example_dags/example_task_group.py
[2024-08-05T11:42:08.209+0000] {logging_mixin.py:120} INFO - [2024-08-05T11:42:08.209+0000] {dag.py:2585} INFO - Sync 1 DAGs
[2024-08-05T11:42:08.227+0000] {logging_mixin.py:120} INFO - [2024-08-05T11:42:08.227+0000] {dag.py:3340} INFO - Setting next_dagrun for example_task_group to 2024-08-04T11:42:08.226881+00:00, run_after=2024-08-05T11:42:08.226881+00:00
[2024-08-05T11:42:08.244+0000] {processor.py:176} INFO - Processing /home/airflow/.local/lib/python3.7/site-packages/airflow/example_dags/example_task_group.py took 0.088 seconds
[2024-08-05T11:42:38.432+0000] {processor.py:154} INFO - Started process (PID=23139) to work on /home/airflow/.local/lib/python3.7/site-packages/airflow/example_dags/example_task_group.py
[2024-08-05T11:42:38.435+0000] {processor.py:756} INFO - Processing file /home/airflow/.local/lib/python3.7/site-packages/airflow/example_dags/example_task_group.py for tasks to queue
[2024-08-05T11:42:38.436+0000] {logging_mixin.py:120} INFO - [2024-08-05T11:42:38.436+0000] {dagbag.py:537} INFO - Filling up the DagBag from /home/airflow/.local/lib/python3.7/site-packages/airflow/example_dags/example_task_group.py
[2024-08-05T11:42:38.449+0000] {processor.py:766} INFO - DAG(s) dict_keys(['example_task_group']) retrieved from /home/airflow/.local/lib/python3.7/site-packages/airflow/example_dags/example_task_group.py
[2024-08-05T11:42:38.477+0000] {logging_mixin.py:120} INFO - [2024-08-05T11:42:38.477+0000] {dag.py:2585} INFO - Sync 1 DAGs
[2024-08-05T11:42:38.495+0000] {logging_mixin.py:120} INFO - [2024-08-05T11:42:38.495+0000] {dag.py:3340} INFO - Setting next_dagrun for example_task_group to 2024-08-04T11:42:38.495247+00:00, run_after=2024-08-05T11:42:38.495247+00:00
[2024-08-05T11:42:38.514+0000] {processor.py:176} INFO - Processing /home/airflow/.local/lib/python3.7/site-packages/airflow/example_dags/example_task_group.py took 0.084 seconds
[2024-08-05T11:43:10.420+0000] {processor.py:154} INFO - Started process (PID=23207) to work on /home/airflow/.local/lib/python3.7/site-packages/airflow/example_dags/example_task_group.py
[2024-08-05T11:43:10.421+0000] {processor.py:756} INFO - Processing file /home/airflow/.local/lib/python3.7/site-packages/airflow/example_dags/example_task_group.py for tasks to queue
[2024-08-05T11:43:10.422+0000] {logging_mixin.py:120} INFO - [2024-08-05T11:43:10.422+0000] {dagbag.py:537} INFO - Filling up the DagBag from /home/airflow/.local/lib/python3.7/site-packages/airflow/example_dags/example_task_group.py
[2024-08-05T11:43:10.450+0000] {processor.py:766} INFO - DAG(s) dict_keys(['example_task_group']) retrieved from /home/airflow/.local/lib/python3.7/site-packages/airflow/example_dags/example_task_group.py
[2024-08-05T11:43:10.500+0000] {logging_mixin.py:120} INFO - [2024-08-05T11:43:10.500+0000] {dag.py:2585} INFO - Sync 1 DAGs
[2024-08-05T11:43:10.533+0000] {logging_mixin.py:120} INFO - [2024-08-05T11:43:10.533+0000] {dag.py:3340} INFO - Setting next_dagrun for example_task_group to 2024-08-04T11:43:10.533038+00:00, run_after=2024-08-05T11:43:10.533038+00:00
[2024-08-05T11:43:10.566+0000] {processor.py:176} INFO - Processing /home/airflow/.local/lib/python3.7/site-packages/airflow/example_dags/example_task_group.py took 0.150 seconds
[2024-08-05T11:43:41.490+0000] {processor.py:154} INFO - Started process (PID=23265) to work on /home/airflow/.local/lib/python3.7/site-packages/airflow/example_dags/example_task_group.py
[2024-08-05T11:43:41.491+0000] {processor.py:756} INFO - Processing file /home/airflow/.local/lib/python3.7/site-packages/airflow/example_dags/example_task_group.py for tasks to queue
[2024-08-05T11:43:41.493+0000] {logging_mixin.py:120} INFO - [2024-08-05T11:43:41.493+0000] {dagbag.py:537} INFO - Filling up the DagBag from /home/airflow/.local/lib/python3.7/site-packages/airflow/example_dags/example_task_group.py
[2024-08-05T11:43:41.506+0000] {processor.py:766} INFO - DAG(s) dict_keys(['example_task_group']) retrieved from /home/airflow/.local/lib/python3.7/site-packages/airflow/example_dags/example_task_group.py
[2024-08-05T11:43:41.553+0000] {logging_mixin.py:120} INFO - [2024-08-05T11:43:41.553+0000] {dag.py:2585} INFO - Sync 1 DAGs
[2024-08-05T11:43:41.584+0000] {logging_mixin.py:120} INFO - [2024-08-05T11:43:41.584+0000] {dag.py:3340} INFO - Setting next_dagrun for example_task_group to 2024-08-04T11:43:41.583979+00:00, run_after=2024-08-05T11:43:41.583979+00:00
[2024-08-05T11:43:41.610+0000] {processor.py:176} INFO - Processing /home/airflow/.local/lib/python3.7/site-packages/airflow/example_dags/example_task_group.py took 0.124 seconds
[2024-08-05T11:44:12.931+0000] {processor.py:154} INFO - Started process (PID=23333) to work on /home/airflow/.local/lib/python3.7/site-packages/airflow/example_dags/example_task_group.py
[2024-08-05T11:44:12.932+0000] {processor.py:756} INFO - Processing file /home/airflow/.local/lib/python3.7/site-packages/airflow/example_dags/example_task_group.py for tasks to queue
[2024-08-05T11:44:12.933+0000] {logging_mixin.py:120} INFO - [2024-08-05T11:44:12.933+0000] {dagbag.py:537} INFO - Filling up the DagBag from /home/airflow/.local/lib/python3.7/site-packages/airflow/example_dags/example_task_group.py
[2024-08-05T11:44:12.946+0000] {processor.py:766} INFO - DAG(s) dict_keys(['example_task_group']) retrieved from /home/airflow/.local/lib/python3.7/site-packages/airflow/example_dags/example_task_group.py
[2024-08-05T11:44:12.980+0000] {logging_mixin.py:120} INFO - [2024-08-05T11:44:12.980+0000] {dag.py:2585} INFO - Sync 1 DAGs
[2024-08-05T11:44:13.000+0000] {logging_mixin.py:120} INFO - [2024-08-05T11:44:13.000+0000] {dag.py:3340} INFO - Setting next_dagrun for example_task_group to 2024-08-04T11:44:13.000263+00:00, run_after=2024-08-05T11:44:13.000263+00:00
[2024-08-05T11:44:13.023+0000] {processor.py:176} INFO - Processing /home/airflow/.local/lib/python3.7/site-packages/airflow/example_dags/example_task_group.py took 0.094 seconds
[2024-08-05T11:44:44.226+0000] {processor.py:154} INFO - Started process (PID=23400) to work on /home/airflow/.local/lib/python3.7/site-packages/airflow/example_dags/example_task_group.py
[2024-08-05T11:44:44.228+0000] {processor.py:756} INFO - Processing file /home/airflow/.local/lib/python3.7/site-packages/airflow/example_dags/example_task_group.py for tasks to queue
[2024-08-05T11:44:44.229+0000] {logging_mixin.py:120} INFO - [2024-08-05T11:44:44.229+0000] {dagbag.py:537} INFO - Filling up the DagBag from /home/airflow/.local/lib/python3.7/site-packages/airflow/example_dags/example_task_group.py
[2024-08-05T11:44:44.246+0000] {processor.py:766} INFO - DAG(s) dict_keys(['example_task_group']) retrieved from /home/airflow/.local/lib/python3.7/site-packages/airflow/example_dags/example_task_group.py
[2024-08-05T11:44:44.290+0000] {logging_mixin.py:120} INFO - [2024-08-05T11:44:44.290+0000] {dag.py:2585} INFO - Sync 1 DAGs
[2024-08-05T11:44:44.320+0000] {logging_mixin.py:120} INFO - [2024-08-05T11:44:44.320+0000] {dag.py:3340} INFO - Setting next_dagrun for example_task_group to 2024-08-04T11:44:44.319749+00:00, run_after=2024-08-05T11:44:44.319749+00:00
[2024-08-05T11:44:44.347+0000] {processor.py:176} INFO - Processing /home/airflow/.local/lib/python3.7/site-packages/airflow/example_dags/example_task_group.py took 0.124 seconds
[2024-08-05T11:45:16.870+0000] {processor.py:154} INFO - Started process (PID=23467) to work on /home/airflow/.local/lib/python3.7/site-packages/airflow/example_dags/example_task_group.py
[2024-08-05T11:45:16.872+0000] {processor.py:756} INFO - Processing file /home/airflow/.local/lib/python3.7/site-packages/airflow/example_dags/example_task_group.py for tasks to queue
[2024-08-05T11:45:16.874+0000] {logging_mixin.py:120} INFO - [2024-08-05T11:45:16.874+0000] {dagbag.py:537} INFO - Filling up the DagBag from /home/airflow/.local/lib/python3.7/site-packages/airflow/example_dags/example_task_group.py
[2024-08-05T11:45:16.906+0000] {processor.py:766} INFO - DAG(s) dict_keys(['example_task_group']) retrieved from /home/airflow/.local/lib/python3.7/site-packages/airflow/example_dags/example_task_group.py
[2024-08-05T11:45:16.999+0000] {logging_mixin.py:120} INFO - [2024-08-05T11:45:16.998+0000] {dag.py:2585} INFO - Sync 1 DAGs
[2024-08-05T11:45:17.044+0000] {logging_mixin.py:120} INFO - [2024-08-05T11:45:17.044+0000] {dag.py:3340} INFO - Setting next_dagrun for example_task_group to 2024-08-04T11:45:17.043498+00:00, run_after=2024-08-05T11:45:17.043498+00:00
[2024-08-05T11:45:17.088+0000] {processor.py:176} INFO - Processing /home/airflow/.local/lib/python3.7/site-packages/airflow/example_dags/example_task_group.py took 0.222 seconds
[2024-08-05T11:45:48.128+0000] {processor.py:154} INFO - Started process (PID=23525) to work on /home/airflow/.local/lib/python3.7/site-packages/airflow/example_dags/example_task_group.py
[2024-08-05T11:45:48.131+0000] {processor.py:756} INFO - Processing file /home/airflow/.local/lib/python3.7/site-packages/airflow/example_dags/example_task_group.py for tasks to queue
[2024-08-05T11:45:48.133+0000] {logging_mixin.py:120} INFO - [2024-08-05T11:45:48.132+0000] {dagbag.py:537} INFO - Filling up the DagBag from /home/airflow/.local/lib/python3.7/site-packages/airflow/example_dags/example_task_group.py
[2024-08-05T11:45:48.156+0000] {processor.py:766} INFO - DAG(s) dict_keys(['example_task_group']) retrieved from /home/airflow/.local/lib/python3.7/site-packages/airflow/example_dags/example_task_group.py
[2024-08-05T11:45:48.219+0000] {logging_mixin.py:120} INFO - [2024-08-05T11:45:48.219+0000] {dag.py:2585} INFO - Sync 1 DAGs
[2024-08-05T11:45:48.267+0000] {logging_mixin.py:120} INFO - [2024-08-05T11:45:48.267+0000] {dag.py:3340} INFO - Setting next_dagrun for example_task_group to 2024-08-04T11:45:48.266869+00:00, run_after=2024-08-05T11:45:48.266869+00:00
[2024-08-05T11:45:48.306+0000] {processor.py:176} INFO - Processing /home/airflow/.local/lib/python3.7/site-packages/airflow/example_dags/example_task_group.py took 0.182 seconds
[2024-08-05T11:46:19.261+0000] {processor.py:154} INFO - Started process (PID=23592) to work on /home/airflow/.local/lib/python3.7/site-packages/airflow/example_dags/example_task_group.py
[2024-08-05T11:46:19.262+0000] {processor.py:756} INFO - Processing file /home/airflow/.local/lib/python3.7/site-packages/airflow/example_dags/example_task_group.py for tasks to queue
[2024-08-05T11:46:19.263+0000] {logging_mixin.py:120} INFO - [2024-08-05T11:46:19.263+0000] {dagbag.py:537} INFO - Filling up the DagBag from /home/airflow/.local/lib/python3.7/site-packages/airflow/example_dags/example_task_group.py
[2024-08-05T11:46:19.283+0000] {processor.py:766} INFO - DAG(s) dict_keys(['example_task_group']) retrieved from /home/airflow/.local/lib/python3.7/site-packages/airflow/example_dags/example_task_group.py
[2024-08-05T11:46:19.339+0000] {logging_mixin.py:120} INFO - [2024-08-05T11:46:19.339+0000] {dag.py:2585} INFO - Sync 1 DAGs
[2024-08-05T11:46:19.372+0000] {logging_mixin.py:120} INFO - [2024-08-05T11:46:19.371+0000] {dag.py:3340} INFO - Setting next_dagrun for example_task_group to 2024-08-04T11:46:19.371214+00:00, run_after=2024-08-05T11:46:19.371214+00:00
[2024-08-05T11:46:19.410+0000] {processor.py:176} INFO - Processing /home/airflow/.local/lib/python3.7/site-packages/airflow/example_dags/example_task_group.py took 0.156 seconds
[2024-08-05T11:46:49.994+0000] {processor.py:154} INFO - Started process (PID=23651) to work on /home/airflow/.local/lib/python3.7/site-packages/airflow/example_dags/example_task_group.py
[2024-08-05T11:46:49.995+0000] {processor.py:756} INFO - Processing file /home/airflow/.local/lib/python3.7/site-packages/airflow/example_dags/example_task_group.py for tasks to queue
[2024-08-05T11:46:49.997+0000] {logging_mixin.py:120} INFO - [2024-08-05T11:46:49.996+0000] {dagbag.py:537} INFO - Filling up the DagBag from /home/airflow/.local/lib/python3.7/site-packages/airflow/example_dags/example_task_group.py
[2024-08-05T11:46:50.027+0000] {processor.py:766} INFO - DAG(s) dict_keys(['example_task_group']) retrieved from /home/airflow/.local/lib/python3.7/site-packages/airflow/example_dags/example_task_group.py
[2024-08-05T11:46:50.084+0000] {logging_mixin.py:120} INFO - [2024-08-05T11:46:50.084+0000] {dag.py:2585} INFO - Sync 1 DAGs
[2024-08-05T11:46:50.124+0000] {logging_mixin.py:120} INFO - [2024-08-05T11:46:50.123+0000] {dag.py:3340} INFO - Setting next_dagrun for example_task_group to 2024-08-04T11:46:50.123587+00:00, run_after=2024-08-05T11:46:50.123587+00:00
[2024-08-05T11:46:50.161+0000] {processor.py:176} INFO - Processing /home/airflow/.local/lib/python3.7/site-packages/airflow/example_dags/example_task_group.py took 0.171 seconds
[2024-08-05T11:47:21.143+0000] {processor.py:154} INFO - Started process (PID=23718) to work on /home/airflow/.local/lib/python3.7/site-packages/airflow/example_dags/example_task_group.py
[2024-08-05T11:47:21.145+0000] {processor.py:756} INFO - Processing file /home/airflow/.local/lib/python3.7/site-packages/airflow/example_dags/example_task_group.py for tasks to queue
[2024-08-05T11:47:21.148+0000] {logging_mixin.py:120} INFO - [2024-08-05T11:47:21.147+0000] {dagbag.py:537} INFO - Filling up the DagBag from /home/airflow/.local/lib/python3.7/site-packages/airflow/example_dags/example_task_group.py
[2024-08-05T11:47:21.201+0000] {processor.py:766} INFO - DAG(s) dict_keys(['example_task_group']) retrieved from /home/airflow/.local/lib/python3.7/site-packages/airflow/example_dags/example_task_group.py
[2024-08-05T11:47:21.304+0000] {logging_mixin.py:120} INFO - [2024-08-05T11:47:21.303+0000] {dag.py:2585} INFO - Sync 1 DAGs
[2024-08-05T11:47:21.360+0000] {logging_mixin.py:120} INFO - [2024-08-05T11:47:21.360+0000] {dag.py:3340} INFO - Setting next_dagrun for example_task_group to 2024-08-04T11:47:21.359759+00:00, run_after=2024-08-05T11:47:21.359759+00:00
[2024-08-05T11:47:21.403+0000] {processor.py:176} INFO - Processing /home/airflow/.local/lib/python3.7/site-packages/airflow/example_dags/example_task_group.py took 0.267 seconds
[2024-08-05T11:47:53.359+0000] {processor.py:154} INFO - Started process (PID=23787) to work on /home/airflow/.local/lib/python3.7/site-packages/airflow/example_dags/example_task_group.py
[2024-08-05T11:47:53.361+0000] {processor.py:756} INFO - Processing file /home/airflow/.local/lib/python3.7/site-packages/airflow/example_dags/example_task_group.py for tasks to queue
[2024-08-05T11:47:53.364+0000] {logging_mixin.py:120} INFO - [2024-08-05T11:47:53.363+0000] {dagbag.py:537} INFO - Filling up the DagBag from /home/airflow/.local/lib/python3.7/site-packages/airflow/example_dags/example_task_group.py
[2024-08-05T11:47:53.398+0000] {processor.py:766} INFO - DAG(s) dict_keys(['example_task_group']) retrieved from /home/airflow/.local/lib/python3.7/site-packages/airflow/example_dags/example_task_group.py
[2024-08-05T11:47:53.503+0000] {logging_mixin.py:120} INFO - [2024-08-05T11:47:53.503+0000] {dag.py:2585} INFO - Sync 1 DAGs
[2024-08-05T11:47:53.563+0000] {logging_mixin.py:120} INFO - [2024-08-05T11:47:53.562+0000] {dag.py:3340} INFO - Setting next_dagrun for example_task_group to 2024-08-04T11:47:53.562092+00:00, run_after=2024-08-05T11:47:53.562092+00:00
[2024-08-05T11:47:53.615+0000] {processor.py:176} INFO - Processing /home/airflow/.local/lib/python3.7/site-packages/airflow/example_dags/example_task_group.py took 0.267 seconds
[2024-08-05T11:48:23.758+0000] {processor.py:154} INFO - Started process (PID=23845) to work on /home/airflow/.local/lib/python3.7/site-packages/airflow/example_dags/example_task_group.py
[2024-08-05T11:48:23.760+0000] {processor.py:756} INFO - Processing file /home/airflow/.local/lib/python3.7/site-packages/airflow/example_dags/example_task_group.py for tasks to queue
[2024-08-05T11:48:23.761+0000] {logging_mixin.py:120} INFO - [2024-08-05T11:48:23.761+0000] {dagbag.py:537} INFO - Filling up the DagBag from /home/airflow/.local/lib/python3.7/site-packages/airflow/example_dags/example_task_group.py
[2024-08-05T11:48:23.786+0000] {processor.py:766} INFO - DAG(s) dict_keys(['example_task_group']) retrieved from /home/airflow/.local/lib/python3.7/site-packages/airflow/example_dags/example_task_group.py
[2024-08-05T11:48:23.853+0000] {logging_mixin.py:120} INFO - [2024-08-05T11:48:23.852+0000] {dag.py:2585} INFO - Sync 1 DAGs
[2024-08-05T11:48:23.887+0000] {logging_mixin.py:120} INFO - [2024-08-05T11:48:23.886+0000] {dag.py:3340} INFO - Setting next_dagrun for example_task_group to 2024-08-04T11:48:23.885936+00:00, run_after=2024-08-05T11:48:23.885936+00:00
[2024-08-05T11:48:23.922+0000] {processor.py:176} INFO - Processing /home/airflow/.local/lib/python3.7/site-packages/airflow/example_dags/example_task_group.py took 0.169 seconds
[2024-08-05T11:48:54.204+0000] {processor.py:154} INFO - Started process (PID=23911) to work on /home/airflow/.local/lib/python3.7/site-packages/airflow/example_dags/example_task_group.py
[2024-08-05T11:48:54.206+0000] {processor.py:756} INFO - Processing file /home/airflow/.local/lib/python3.7/site-packages/airflow/example_dags/example_task_group.py for tasks to queue
[2024-08-05T11:48:54.207+0000] {logging_mixin.py:120} INFO - [2024-08-05T11:48:54.207+0000] {dagbag.py:537} INFO - Filling up the DagBag from /home/airflow/.local/lib/python3.7/site-packages/airflow/example_dags/example_task_group.py
[2024-08-05T11:48:54.225+0000] {processor.py:766} INFO - DAG(s) dict_keys(['example_task_group']) retrieved from /home/airflow/.local/lib/python3.7/site-packages/airflow/example_dags/example_task_group.py
[2024-08-05T11:48:54.276+0000] {logging_mixin.py:120} INFO - [2024-08-05T11:48:54.275+0000] {dag.py:2585} INFO - Sync 1 DAGs
[2024-08-05T11:48:54.305+0000] {logging_mixin.py:120} INFO - [2024-08-05T11:48:54.305+0000] {dag.py:3340} INFO - Setting next_dagrun for example_task_group to 2024-08-04T11:48:54.305554+00:00, run_after=2024-08-05T11:48:54.305554+00:00
[2024-08-05T11:48:54.342+0000] {processor.py:176} INFO - Processing /home/airflow/.local/lib/python3.7/site-packages/airflow/example_dags/example_task_group.py took 0.141 seconds
[2024-08-05T11:49:25.177+0000] {processor.py:154} INFO - Started process (PID=23978) to work on /home/airflow/.local/lib/python3.7/site-packages/airflow/example_dags/example_task_group.py
[2024-08-05T11:49:25.179+0000] {processor.py:756} INFO - Processing file /home/airflow/.local/lib/python3.7/site-packages/airflow/example_dags/example_task_group.py for tasks to queue
[2024-08-05T11:49:25.180+0000] {logging_mixin.py:120} INFO - [2024-08-05T11:49:25.180+0000] {dagbag.py:537} INFO - Filling up the DagBag from /home/airflow/.local/lib/python3.7/site-packages/airflow/example_dags/example_task_group.py
[2024-08-05T11:49:25.206+0000] {processor.py:766} INFO - DAG(s) dict_keys(['example_task_group']) retrieved from /home/airflow/.local/lib/python3.7/site-packages/airflow/example_dags/example_task_group.py
[2024-08-05T11:49:25.269+0000] {logging_mixin.py:120} INFO - [2024-08-05T11:49:25.269+0000] {dag.py:2585} INFO - Sync 1 DAGs
[2024-08-05T11:49:25.321+0000] {logging_mixin.py:120} INFO - [2024-08-05T11:49:25.321+0000] {dag.py:3340} INFO - Setting next_dagrun for example_task_group to 2024-08-04T11:49:25.320767+00:00, run_after=2024-08-05T11:49:25.320767+00:00
[2024-08-05T11:49:25.362+0000] {processor.py:176} INFO - Processing /home/airflow/.local/lib/python3.7/site-packages/airflow/example_dags/example_task_group.py took 0.191 seconds
[2024-08-05T11:49:56.457+0000] {processor.py:154} INFO - Started process (PID=24036) to work on /home/airflow/.local/lib/python3.7/site-packages/airflow/example_dags/example_task_group.py
[2024-08-05T11:49:56.458+0000] {processor.py:756} INFO - Processing file /home/airflow/.local/lib/python3.7/site-packages/airflow/example_dags/example_task_group.py for tasks to queue
[2024-08-05T11:49:56.459+0000] {logging_mixin.py:120} INFO - [2024-08-05T11:49:56.459+0000] {dagbag.py:537} INFO - Filling up the DagBag from /home/airflow/.local/lib/python3.7/site-packages/airflow/example_dags/example_task_group.py
[2024-08-05T11:49:56.476+0000] {processor.py:766} INFO - DAG(s) dict_keys(['example_task_group']) retrieved from /home/airflow/.local/lib/python3.7/site-packages/airflow/example_dags/example_task_group.py
[2024-08-05T11:49:56.513+0000] {logging_mixin.py:120} INFO - [2024-08-05T11:49:56.512+0000] {dag.py:2585} INFO - Sync 1 DAGs
[2024-08-05T11:49:56.533+0000] {logging_mixin.py:120} INFO - [2024-08-05T11:49:56.533+0000] {dag.py:3340} INFO - Setting next_dagrun for example_task_group to 2024-08-04T11:49:56.532969+00:00, run_after=2024-08-05T11:49:56.532969+00:00
[2024-08-05T11:49:56.553+0000] {processor.py:176} INFO - Processing /home/airflow/.local/lib/python3.7/site-packages/airflow/example_dags/example_task_group.py took 0.098 seconds
[2024-08-05T11:50:27.349+0000] {processor.py:154} INFO - Started process (PID=24103) to work on /home/airflow/.local/lib/python3.7/site-packages/airflow/example_dags/example_task_group.py
[2024-08-05T11:50:27.350+0000] {processor.py:756} INFO - Processing file /home/airflow/.local/lib/python3.7/site-packages/airflow/example_dags/example_task_group.py for tasks to queue
[2024-08-05T11:50:27.351+0000] {logging_mixin.py:120} INFO - [2024-08-05T11:50:27.351+0000] {dagbag.py:537} INFO - Filling up the DagBag from /home/airflow/.local/lib/python3.7/site-packages/airflow/example_dags/example_task_group.py
[2024-08-05T11:50:27.363+0000] {processor.py:766} INFO - DAG(s) dict_keys(['example_task_group']) retrieved from /home/airflow/.local/lib/python3.7/site-packages/airflow/example_dags/example_task_group.py
[2024-08-05T11:50:27.392+0000] {logging_mixin.py:120} INFO - [2024-08-05T11:50:27.392+0000] {dag.py:2585} INFO - Sync 1 DAGs
[2024-08-05T11:50:27.410+0000] {logging_mixin.py:120} INFO - [2024-08-05T11:50:27.410+0000] {dag.py:3340} INFO - Setting next_dagrun for example_task_group to 2024-08-04T11:50:27.410148+00:00, run_after=2024-08-05T11:50:27.410148+00:00
[2024-08-05T11:50:27.424+0000] {processor.py:176} INFO - Processing /home/airflow/.local/lib/python3.7/site-packages/airflow/example_dags/example_task_group.py took 0.077 seconds
[2024-08-05T11:50:58.006+0000] {processor.py:154} INFO - Started process (PID=24170) to work on /home/airflow/.local/lib/python3.7/site-packages/airflow/example_dags/example_task_group.py
[2024-08-05T11:50:58.007+0000] {processor.py:756} INFO - Processing file /home/airflow/.local/lib/python3.7/site-packages/airflow/example_dags/example_task_group.py for tasks to queue
[2024-08-05T11:50:58.008+0000] {logging_mixin.py:120} INFO - [2024-08-05T11:50:58.008+0000] {dagbag.py:537} INFO - Filling up the DagBag from /home/airflow/.local/lib/python3.7/site-packages/airflow/example_dags/example_task_group.py
[2024-08-05T11:50:58.026+0000] {processor.py:766} INFO - DAG(s) dict_keys(['example_task_group']) retrieved from /home/airflow/.local/lib/python3.7/site-packages/airflow/example_dags/example_task_group.py
[2024-08-05T11:50:58.059+0000] {logging_mixin.py:120} INFO - [2024-08-05T11:50:58.059+0000] {dag.py:2585} INFO - Sync 1 DAGs
[2024-08-05T11:50:58.080+0000] {logging_mixin.py:120} INFO - [2024-08-05T11:50:58.080+0000] {dag.py:3340} INFO - Setting next_dagrun for example_task_group to 2024-08-04T11:50:58.080003+00:00, run_after=2024-08-05T11:50:58.080003+00:00
[2024-08-05T11:50:58.100+0000] {processor.py:176} INFO - Processing /home/airflow/.local/lib/python3.7/site-packages/airflow/example_dags/example_task_group.py took 0.099 seconds
[2024-08-05T11:51:28.903+0000] {processor.py:154} INFO - Started process (PID=24236) to work on /home/airflow/.local/lib/python3.7/site-packages/airflow/example_dags/example_task_group.py
[2024-08-05T11:51:28.905+0000] {processor.py:756} INFO - Processing file /home/airflow/.local/lib/python3.7/site-packages/airflow/example_dags/example_task_group.py for tasks to queue
[2024-08-05T11:51:28.907+0000] {logging_mixin.py:120} INFO - [2024-08-05T11:51:28.907+0000] {dagbag.py:537} INFO - Filling up the DagBag from /home/airflow/.local/lib/python3.7/site-packages/airflow/example_dags/example_task_group.py
[2024-08-05T11:51:28.927+0000] {processor.py:766} INFO - DAG(s) dict_keys(['example_task_group']) retrieved from /home/airflow/.local/lib/python3.7/site-packages/airflow/example_dags/example_task_group.py
[2024-08-05T11:51:28.994+0000] {logging_mixin.py:120} INFO - [2024-08-05T11:51:28.993+0000] {dag.py:2585} INFO - Sync 1 DAGs
[2024-08-05T11:51:29.042+0000] {logging_mixin.py:120} INFO - [2024-08-05T11:51:29.042+0000] {dag.py:3340} INFO - Setting next_dagrun for example_task_group to 2024-08-04T11:51:29.041641+00:00, run_after=2024-08-05T11:51:29.041641+00:00
[2024-08-05T11:51:29.079+0000] {processor.py:176} INFO - Processing /home/airflow/.local/lib/python3.7/site-packages/airflow/example_dags/example_task_group.py took 0.179 seconds
[2024-08-05T11:52:00.186+0000] {processor.py:154} INFO - Started process (PID=24297) to work on /home/airflow/.local/lib/python3.7/site-packages/airflow/example_dags/example_task_group.py
[2024-08-05T11:52:00.188+0000] {processor.py:756} INFO - Processing file /home/airflow/.local/lib/python3.7/site-packages/airflow/example_dags/example_task_group.py for tasks to queue
[2024-08-05T11:52:00.191+0000] {logging_mixin.py:120} INFO - [2024-08-05T11:52:00.190+0000] {dagbag.py:537} INFO - Filling up the DagBag from /home/airflow/.local/lib/python3.7/site-packages/airflow/example_dags/example_task_group.py
[2024-08-05T11:52:00.217+0000] {processor.py:766} INFO - DAG(s) dict_keys(['example_task_group']) retrieved from /home/airflow/.local/lib/python3.7/site-packages/airflow/example_dags/example_task_group.py
[2024-08-05T11:52:00.278+0000] {logging_mixin.py:120} INFO - [2024-08-05T11:52:00.278+0000] {dag.py:2585} INFO - Sync 1 DAGs
[2024-08-05T11:52:00.313+0000] {logging_mixin.py:120} INFO - [2024-08-05T11:52:00.313+0000] {dag.py:3340} INFO - Setting next_dagrun for example_task_group to 2024-08-04T11:52:00.312975+00:00, run_after=2024-08-05T11:52:00.312975+00:00
[2024-08-05T11:52:00.353+0000] {processor.py:176} INFO - Processing /home/airflow/.local/lib/python3.7/site-packages/airflow/example_dags/example_task_group.py took 0.173 seconds
[2024-08-05T11:52:31.055+0000] {processor.py:154} INFO - Started process (PID=24363) to work on /home/airflow/.local/lib/python3.7/site-packages/airflow/example_dags/example_task_group.py
[2024-08-05T11:52:31.056+0000] {processor.py:756} INFO - Processing file /home/airflow/.local/lib/python3.7/site-packages/airflow/example_dags/example_task_group.py for tasks to queue
[2024-08-05T11:52:31.057+0000] {logging_mixin.py:120} INFO - [2024-08-05T11:52:31.056+0000] {dagbag.py:537} INFO - Filling up the DagBag from /home/airflow/.local/lib/python3.7/site-packages/airflow/example_dags/example_task_group.py
[2024-08-05T11:52:31.068+0000] {processor.py:766} INFO - DAG(s) dict_keys(['example_task_group']) retrieved from /home/airflow/.local/lib/python3.7/site-packages/airflow/example_dags/example_task_group.py
[2024-08-05T11:52:31.103+0000] {logging_mixin.py:120} INFO - [2024-08-05T11:52:31.103+0000] {dag.py:2585} INFO - Sync 1 DAGs
[2024-08-05T11:52:31.126+0000] {logging_mixin.py:120} INFO - [2024-08-05T11:52:31.126+0000] {dag.py:3340} INFO - Setting next_dagrun for example_task_group to 2024-08-04T11:52:31.126609+00:00, run_after=2024-08-05T11:52:31.126609+00:00
[2024-08-05T11:52:31.149+0000] {processor.py:176} INFO - Processing /home/airflow/.local/lib/python3.7/site-packages/airflow/example_dags/example_task_group.py took 0.097 seconds
[2024-08-05T11:53:01.622+0000] {processor.py:154} INFO - Started process (PID=24422) to work on /home/airflow/.local/lib/python3.7/site-packages/airflow/example_dags/example_task_group.py
[2024-08-05T11:53:01.624+0000] {processor.py:756} INFO - Processing file /home/airflow/.local/lib/python3.7/site-packages/airflow/example_dags/example_task_group.py for tasks to queue
[2024-08-05T11:53:01.626+0000] {logging_mixin.py:120} INFO - [2024-08-05T11:53:01.626+0000] {dagbag.py:537} INFO - Filling up the DagBag from /home/airflow/.local/lib/python3.7/site-packages/airflow/example_dags/example_task_group.py
[2024-08-05T11:53:01.645+0000] {processor.py:766} INFO - DAG(s) dict_keys(['example_task_group']) retrieved from /home/airflow/.local/lib/python3.7/site-packages/airflow/example_dags/example_task_group.py
[2024-08-05T11:53:01.690+0000] {logging_mixin.py:120} INFO - [2024-08-05T11:53:01.690+0000] {dag.py:2585} INFO - Sync 1 DAGs
[2024-08-05T11:53:01.733+0000] {logging_mixin.py:120} INFO - [2024-08-05T11:53:01.733+0000] {dag.py:3340} INFO - Setting next_dagrun for example_task_group to 2024-08-04T11:53:01.731672+00:00, run_after=2024-08-05T11:53:01.731672+00:00
[2024-08-05T11:53:01.780+0000] {processor.py:176} INFO - Processing /home/airflow/.local/lib/python3.7/site-packages/airflow/example_dags/example_task_group.py took 0.162 seconds
[2024-08-05T11:53:32.286+0000] {processor.py:154} INFO - Started process (PID=24489) to work on /home/airflow/.local/lib/python3.7/site-packages/airflow/example_dags/example_task_group.py
[2024-08-05T11:53:32.288+0000] {processor.py:756} INFO - Processing file /home/airflow/.local/lib/python3.7/site-packages/airflow/example_dags/example_task_group.py for tasks to queue
[2024-08-05T11:53:32.289+0000] {logging_mixin.py:120} INFO - [2024-08-05T11:53:32.289+0000] {dagbag.py:537} INFO - Filling up the DagBag from /home/airflow/.local/lib/python3.7/site-packages/airflow/example_dags/example_task_group.py
[2024-08-05T11:53:32.305+0000] {processor.py:766} INFO - DAG(s) dict_keys(['example_task_group']) retrieved from /home/airflow/.local/lib/python3.7/site-packages/airflow/example_dags/example_task_group.py
[2024-08-05T11:53:32.342+0000] {logging_mixin.py:120} INFO - [2024-08-05T11:53:32.342+0000] {dag.py:2585} INFO - Sync 1 DAGs
[2024-08-05T11:53:32.367+0000] {logging_mixin.py:120} INFO - [2024-08-05T11:53:32.367+0000] {dag.py:3340} INFO - Setting next_dagrun for example_task_group to 2024-08-04T11:53:32.367272+00:00, run_after=2024-08-05T11:53:32.367272+00:00
[2024-08-05T11:53:32.395+0000] {processor.py:176} INFO - Processing /home/airflow/.local/lib/python3.7/site-packages/airflow/example_dags/example_task_group.py took 0.114 seconds
[2024-08-05T11:54:02.766+0000] {processor.py:154} INFO - Started process (PID=24557) to work on /home/airflow/.local/lib/python3.7/site-packages/airflow/example_dags/example_task_group.py
[2024-08-05T11:54:02.769+0000] {processor.py:756} INFO - Processing file /home/airflow/.local/lib/python3.7/site-packages/airflow/example_dags/example_task_group.py for tasks to queue
[2024-08-05T11:54:02.771+0000] {logging_mixin.py:120} INFO - [2024-08-05T11:54:02.771+0000] {dagbag.py:537} INFO - Filling up the DagBag from /home/airflow/.local/lib/python3.7/site-packages/airflow/example_dags/example_task_group.py
[2024-08-05T11:54:02.789+0000] {processor.py:766} INFO - DAG(s) dict_keys(['example_task_group']) retrieved from /home/airflow/.local/lib/python3.7/site-packages/airflow/example_dags/example_task_group.py
[2024-08-05T11:54:02.863+0000] {logging_mixin.py:120} INFO - [2024-08-05T11:54:02.863+0000] {dag.py:2585} INFO - Sync 1 DAGs
[2024-08-05T11:54:02.903+0000] {logging_mixin.py:120} INFO - [2024-08-05T11:54:02.902+0000] {dag.py:3340} INFO - Setting next_dagrun for example_task_group to 2024-08-04T11:54:02.902658+00:00, run_after=2024-08-05T11:54:02.902658+00:00
[2024-08-05T11:54:02.937+0000] {processor.py:176} INFO - Processing /home/airflow/.local/lib/python3.7/site-packages/airflow/example_dags/example_task_group.py took 0.174 seconds
[2024-08-05T11:54:33.409+0000] {processor.py:154} INFO - Started process (PID=24615) to work on /home/airflow/.local/lib/python3.7/site-packages/airflow/example_dags/example_task_group.py
[2024-08-05T11:54:33.410+0000] {processor.py:756} INFO - Processing file /home/airflow/.local/lib/python3.7/site-packages/airflow/example_dags/example_task_group.py for tasks to queue
[2024-08-05T11:54:33.411+0000] {logging_mixin.py:120} INFO - [2024-08-05T11:54:33.411+0000] {dagbag.py:537} INFO - Filling up the DagBag from /home/airflow/.local/lib/python3.7/site-packages/airflow/example_dags/example_task_group.py
[2024-08-05T11:54:33.427+0000] {processor.py:766} INFO - DAG(s) dict_keys(['example_task_group']) retrieved from /home/airflow/.local/lib/python3.7/site-packages/airflow/example_dags/example_task_group.py
[2024-08-05T11:54:33.475+0000] {logging_mixin.py:120} INFO - [2024-08-05T11:54:33.475+0000] {dag.py:2585} INFO - Sync 1 DAGs
[2024-08-05T11:54:33.511+0000] {logging_mixin.py:120} INFO - [2024-08-05T11:54:33.511+0000] {dag.py:3340} INFO - Setting next_dagrun for example_task_group to 2024-08-04T11:54:33.510803+00:00, run_after=2024-08-05T11:54:33.510803+00:00
[2024-08-05T11:54:33.540+0000] {processor.py:176} INFO - Processing /home/airflow/.local/lib/python3.7/site-packages/airflow/example_dags/example_task_group.py took 0.134 seconds
[2024-08-05T11:55:04.281+0000] {processor.py:154} INFO - Started process (PID=24682) to work on /home/airflow/.local/lib/python3.7/site-packages/airflow/example_dags/example_task_group.py
[2024-08-05T11:55:04.283+0000] {processor.py:756} INFO - Processing file /home/airflow/.local/lib/python3.7/site-packages/airflow/example_dags/example_task_group.py for tasks to queue
[2024-08-05T11:55:04.288+0000] {logging_mixin.py:120} INFO - [2024-08-05T11:55:04.287+0000] {dagbag.py:537} INFO - Filling up the DagBag from /home/airflow/.local/lib/python3.7/site-packages/airflow/example_dags/example_task_group.py
[2024-08-05T11:55:04.314+0000] {processor.py:766} INFO - DAG(s) dict_keys(['example_task_group']) retrieved from /home/airflow/.local/lib/python3.7/site-packages/airflow/example_dags/example_task_group.py
[2024-08-05T11:55:04.364+0000] {logging_mixin.py:120} INFO - [2024-08-05T11:55:04.364+0000] {dag.py:2585} INFO - Sync 1 DAGs
[2024-08-05T11:55:04.390+0000] {logging_mixin.py:120} INFO - [2024-08-05T11:55:04.389+0000] {dag.py:3340} INFO - Setting next_dagrun for example_task_group to 2024-08-04T11:55:04.389523+00:00, run_after=2024-08-05T11:55:04.389523+00:00
[2024-08-05T11:55:04.413+0000] {processor.py:176} INFO - Processing /home/airflow/.local/lib/python3.7/site-packages/airflow/example_dags/example_task_group.py took 0.140 seconds
[2024-08-05T11:55:35.502+0000] {processor.py:154} INFO - Started process (PID=24749) to work on /home/airflow/.local/lib/python3.7/site-packages/airflow/example_dags/example_task_group.py
[2024-08-05T11:55:35.505+0000] {processor.py:756} INFO - Processing file /home/airflow/.local/lib/python3.7/site-packages/airflow/example_dags/example_task_group.py for tasks to queue
[2024-08-05T11:55:35.507+0000] {logging_mixin.py:120} INFO - [2024-08-05T11:55:35.506+0000] {dagbag.py:537} INFO - Filling up the DagBag from /home/airflow/.local/lib/python3.7/site-packages/airflow/example_dags/example_task_group.py
[2024-08-05T11:55:35.534+0000] {processor.py:766} INFO - DAG(s) dict_keys(['example_task_group']) retrieved from /home/airflow/.local/lib/python3.7/site-packages/airflow/example_dags/example_task_group.py
[2024-08-05T11:55:35.572+0000] {logging_mixin.py:120} INFO - [2024-08-05T11:55:35.572+0000] {dag.py:2585} INFO - Sync 1 DAGs
[2024-08-05T11:55:35.603+0000] {logging_mixin.py:120} INFO - [2024-08-05T11:55:35.603+0000] {dag.py:3340} INFO - Setting next_dagrun for example_task_group to 2024-08-04T11:55:35.603280+00:00, run_after=2024-08-05T11:55:35.603280+00:00
[2024-08-05T11:55:35.627+0000] {processor.py:176} INFO - Processing /home/airflow/.local/lib/python3.7/site-packages/airflow/example_dags/example_task_group.py took 0.134 seconds
[2024-08-05T11:56:05.975+0000] {processor.py:154} INFO - Started process (PID=24807) to work on /home/airflow/.local/lib/python3.7/site-packages/airflow/example_dags/example_task_group.py
[2024-08-05T11:56:05.978+0000] {processor.py:756} INFO - Processing file /home/airflow/.local/lib/python3.7/site-packages/airflow/example_dags/example_task_group.py for tasks to queue
[2024-08-05T11:56:05.985+0000] {logging_mixin.py:120} INFO - [2024-08-05T11:56:05.981+0000] {dagbag.py:537} INFO - Filling up the DagBag from /home/airflow/.local/lib/python3.7/site-packages/airflow/example_dags/example_task_group.py
[2024-08-05T11:56:06.059+0000] {processor.py:766} INFO - DAG(s) dict_keys(['example_task_group']) retrieved from /home/airflow/.local/lib/python3.7/site-packages/airflow/example_dags/example_task_group.py
[2024-08-05T11:56:06.144+0000] {logging_mixin.py:120} INFO - [2024-08-05T11:56:06.144+0000] {dag.py:2585} INFO - Sync 1 DAGs
[2024-08-05T11:56:06.172+0000] {logging_mixin.py:120} INFO - [2024-08-05T11:56:06.171+0000] {dag.py:3340} INFO - Setting next_dagrun for example_task_group to 2024-08-04T11:56:06.171527+00:00, run_after=2024-08-05T11:56:06.171527+00:00
[2024-08-05T11:56:06.194+0000] {processor.py:176} INFO - Processing /home/airflow/.local/lib/python3.7/site-packages/airflow/example_dags/example_task_group.py took 0.223 seconds
[2024-08-05T11:56:36.785+0000] {processor.py:154} INFO - Started process (PID=24873) to work on /home/airflow/.local/lib/python3.7/site-packages/airflow/example_dags/example_task_group.py
[2024-08-05T11:56:36.787+0000] {processor.py:756} INFO - Processing file /home/airflow/.local/lib/python3.7/site-packages/airflow/example_dags/example_task_group.py for tasks to queue
[2024-08-05T11:56:36.788+0000] {logging_mixin.py:120} INFO - [2024-08-05T11:56:36.788+0000] {dagbag.py:537} INFO - Filling up the DagBag from /home/airflow/.local/lib/python3.7/site-packages/airflow/example_dags/example_task_group.py
[2024-08-05T11:56:36.806+0000] {processor.py:766} INFO - DAG(s) dict_keys(['example_task_group']) retrieved from /home/airflow/.local/lib/python3.7/site-packages/airflow/example_dags/example_task_group.py
[2024-08-05T11:56:36.856+0000] {logging_mixin.py:120} INFO - [2024-08-05T11:56:36.856+0000] {dag.py:2585} INFO - Sync 1 DAGs
[2024-08-05T11:56:36.889+0000] {logging_mixin.py:120} INFO - [2024-08-05T11:56:36.889+0000] {dag.py:3340} INFO - Setting next_dagrun for example_task_group to 2024-08-04T11:56:36.888841+00:00, run_after=2024-08-05T11:56:36.888841+00:00
[2024-08-05T11:56:36.917+0000] {processor.py:176} INFO - Processing /home/airflow/.local/lib/python3.7/site-packages/airflow/example_dags/example_task_group.py took 0.136 seconds
[2024-08-05T11:57:07.872+0000] {processor.py:154} INFO - Started process (PID=24940) to work on /home/airflow/.local/lib/python3.7/site-packages/airflow/example_dags/example_task_group.py
[2024-08-05T11:57:07.874+0000] {processor.py:756} INFO - Processing file /home/airflow/.local/lib/python3.7/site-packages/airflow/example_dags/example_task_group.py for tasks to queue
[2024-08-05T11:57:07.877+0000] {logging_mixin.py:120} INFO - [2024-08-05T11:57:07.877+0000] {dagbag.py:537} INFO - Filling up the DagBag from /home/airflow/.local/lib/python3.7/site-packages/airflow/example_dags/example_task_group.py
[2024-08-05T11:57:07.908+0000] {processor.py:766} INFO - DAG(s) dict_keys(['example_task_group']) retrieved from /home/airflow/.local/lib/python3.7/site-packages/airflow/example_dags/example_task_group.py
[2024-08-05T11:57:07.979+0000] {logging_mixin.py:120} INFO - [2024-08-05T11:57:07.979+0000] {dag.py:2585} INFO - Sync 1 DAGs
[2024-08-05T11:57:08.033+0000] {logging_mixin.py:120} INFO - [2024-08-05T11:57:08.033+0000] {dag.py:3340} INFO - Setting next_dagrun for example_task_group to 2024-08-04T11:57:08.032919+00:00, run_after=2024-08-05T11:57:08.032919+00:00
[2024-08-05T11:57:08.069+0000] {processor.py:176} INFO - Processing /home/airflow/.local/lib/python3.7/site-packages/airflow/example_dags/example_task_group.py took 0.201 seconds
[2024-08-05T11:57:38.531+0000] {processor.py:154} INFO - Started process (PID=24998) to work on /home/airflow/.local/lib/python3.7/site-packages/airflow/example_dags/example_task_group.py
[2024-08-05T11:57:38.533+0000] {processor.py:756} INFO - Processing file /home/airflow/.local/lib/python3.7/site-packages/airflow/example_dags/example_task_group.py for tasks to queue
[2024-08-05T11:57:38.535+0000] {logging_mixin.py:120} INFO - [2024-08-05T11:57:38.534+0000] {dagbag.py:537} INFO - Filling up the DagBag from /home/airflow/.local/lib/python3.7/site-packages/airflow/example_dags/example_task_group.py
[2024-08-05T11:57:38.564+0000] {processor.py:766} INFO - DAG(s) dict_keys(['example_task_group']) retrieved from /home/airflow/.local/lib/python3.7/site-packages/airflow/example_dags/example_task_group.py
[2024-08-05T11:57:38.624+0000] {logging_mixin.py:120} INFO - [2024-08-05T11:57:38.624+0000] {dag.py:2585} INFO - Sync 1 DAGs
[2024-08-05T11:57:38.660+0000] {logging_mixin.py:120} INFO - [2024-08-05T11:57:38.659+0000] {dag.py:3340} INFO - Setting next_dagrun for example_task_group to 2024-08-04T11:57:38.659636+00:00, run_after=2024-08-05T11:57:38.659636+00:00
[2024-08-05T11:57:38.695+0000] {processor.py:176} INFO - Processing /home/airflow/.local/lib/python3.7/site-packages/airflow/example_dags/example_task_group.py took 0.168 seconds
[2024-08-05T11:58:09.424+0000] {processor.py:154} INFO - Started process (PID=25064) to work on /home/airflow/.local/lib/python3.7/site-packages/airflow/example_dags/example_task_group.py
[2024-08-05T11:58:09.426+0000] {processor.py:756} INFO - Processing file /home/airflow/.local/lib/python3.7/site-packages/airflow/example_dags/example_task_group.py for tasks to queue
[2024-08-05T11:58:09.427+0000] {logging_mixin.py:120} INFO - [2024-08-05T11:58:09.427+0000] {dagbag.py:537} INFO - Filling up the DagBag from /home/airflow/.local/lib/python3.7/site-packages/airflow/example_dags/example_task_group.py
[2024-08-05T11:58:09.445+0000] {processor.py:766} INFO - DAG(s) dict_keys(['example_task_group']) retrieved from /home/airflow/.local/lib/python3.7/site-packages/airflow/example_dags/example_task_group.py
[2024-08-05T11:58:09.499+0000] {logging_mixin.py:120} INFO - [2024-08-05T11:58:09.499+0000] {dag.py:2585} INFO - Sync 1 DAGs
[2024-08-05T11:58:09.528+0000] {logging_mixin.py:120} INFO - [2024-08-05T11:58:09.528+0000] {dag.py:3340} INFO - Setting next_dagrun for example_task_group to 2024-08-04T11:58:09.528034+00:00, run_after=2024-08-05T11:58:09.528034+00:00
[2024-08-05T11:58:09.561+0000] {processor.py:176} INFO - Processing /home/airflow/.local/lib/python3.7/site-packages/airflow/example_dags/example_task_group.py took 0.142 seconds
[2024-08-05T11:58:39.794+0000] {processor.py:154} INFO - Started process (PID=25131) to work on /home/airflow/.local/lib/python3.7/site-packages/airflow/example_dags/example_task_group.py
[2024-08-05T11:58:39.796+0000] {processor.py:756} INFO - Processing file /home/airflow/.local/lib/python3.7/site-packages/airflow/example_dags/example_task_group.py for tasks to queue
[2024-08-05T11:58:39.797+0000] {logging_mixin.py:120} INFO - [2024-08-05T11:58:39.797+0000] {dagbag.py:537} INFO - Filling up the DagBag from /home/airflow/.local/lib/python3.7/site-packages/airflow/example_dags/example_task_group.py
[2024-08-05T11:58:39.816+0000] {processor.py:766} INFO - DAG(s) dict_keys(['example_task_group']) retrieved from /home/airflow/.local/lib/python3.7/site-packages/airflow/example_dags/example_task_group.py
[2024-08-05T11:58:39.868+0000] {logging_mixin.py:120} INFO - [2024-08-05T11:58:39.867+0000] {dag.py:2585} INFO - Sync 1 DAGs
[2024-08-05T11:58:39.902+0000] {logging_mixin.py:120} INFO - [2024-08-05T11:58:39.902+0000] {dag.py:3340} INFO - Setting next_dagrun for example_task_group to 2024-08-04T11:58:39.901608+00:00, run_after=2024-08-05T11:58:39.901608+00:00
[2024-08-05T11:58:39.937+0000] {processor.py:176} INFO - Processing /home/airflow/.local/lib/python3.7/site-packages/airflow/example_dags/example_task_group.py took 0.147 seconds
[2024-08-05T11:59:11.204+0000] {processor.py:154} INFO - Started process (PID=25198) to work on /home/airflow/.local/lib/python3.7/site-packages/airflow/example_dags/example_task_group.py
[2024-08-05T11:59:11.207+0000] {processor.py:756} INFO - Processing file /home/airflow/.local/lib/python3.7/site-packages/airflow/example_dags/example_task_group.py for tasks to queue
[2024-08-05T11:59:11.209+0000] {logging_mixin.py:120} INFO - [2024-08-05T11:59:11.209+0000] {dagbag.py:537} INFO - Filling up the DagBag from /home/airflow/.local/lib/python3.7/site-packages/airflow/example_dags/example_task_group.py
[2024-08-05T11:59:11.240+0000] {processor.py:766} INFO - DAG(s) dict_keys(['example_task_group']) retrieved from /home/airflow/.local/lib/python3.7/site-packages/airflow/example_dags/example_task_group.py
[2024-08-05T11:59:11.315+0000] {logging_mixin.py:120} INFO - [2024-08-05T11:59:11.314+0000] {dag.py:2585} INFO - Sync 1 DAGs
[2024-08-05T11:59:11.362+0000] {logging_mixin.py:120} INFO - [2024-08-05T11:59:11.361+0000] {dag.py:3340} INFO - Setting next_dagrun for example_task_group to 2024-08-04T11:59:11.361241+00:00, run_after=2024-08-05T11:59:11.361241+00:00
[2024-08-05T11:59:11.410+0000] {processor.py:176} INFO - Processing /home/airflow/.local/lib/python3.7/site-packages/airflow/example_dags/example_task_group.py took 0.214 seconds
[2024-08-05T12:00:34.688+0000] {processor.py:154} INFO - Started process (PID=78) to work on /home/airflow/.local/lib/python3.7/site-packages/airflow/example_dags/example_task_group.py
[2024-08-05T12:00:34.690+0000] {processor.py:756} INFO - Processing file /home/airflow/.local/lib/python3.7/site-packages/airflow/example_dags/example_task_group.py for tasks to queue
[2024-08-05T12:00:34.692+0000] {logging_mixin.py:120} INFO - [2024-08-05T12:00:34.692+0000] {dagbag.py:537} INFO - Filling up the DagBag from /home/airflow/.local/lib/python3.7/site-packages/airflow/example_dags/example_task_group.py
[2024-08-05T12:00:34.800+0000] {processor.py:766} INFO - DAG(s) dict_keys(['example_task_group']) retrieved from /home/airflow/.local/lib/python3.7/site-packages/airflow/example_dags/example_task_group.py
[2024-08-05T12:00:34.929+0000] {logging_mixin.py:120} INFO - [2024-08-05T12:00:34.928+0000] {dag.py:2585} INFO - Sync 1 DAGs
[2024-08-05T12:00:35.002+0000] {logging_mixin.py:120} INFO - [2024-08-05T12:00:35.002+0000] {dag.py:3340} INFO - Setting next_dagrun for example_task_group to 2024-08-04T12:00:35.001718+00:00, run_after=2024-08-05T12:00:35.001718+00:00
[2024-08-05T12:00:35.060+0000] {processor.py:176} INFO - Processing /home/airflow/.local/lib/python3.7/site-packages/airflow/example_dags/example_task_group.py took 0.384 seconds
[2024-08-05T12:01:05.405+0000] {processor.py:154} INFO - Started process (PID=137) to work on /home/airflow/.local/lib/python3.7/site-packages/airflow/example_dags/example_task_group.py
[2024-08-05T12:01:05.407+0000] {processor.py:756} INFO - Processing file /home/airflow/.local/lib/python3.7/site-packages/airflow/example_dags/example_task_group.py for tasks to queue
[2024-08-05T12:01:05.411+0000] {logging_mixin.py:120} INFO - [2024-08-05T12:01:05.411+0000] {dagbag.py:537} INFO - Filling up the DagBag from /home/airflow/.local/lib/python3.7/site-packages/airflow/example_dags/example_task_group.py
[2024-08-05T12:01:05.441+0000] {processor.py:766} INFO - DAG(s) dict_keys(['example_task_group']) retrieved from /home/airflow/.local/lib/python3.7/site-packages/airflow/example_dags/example_task_group.py
[2024-08-05T12:01:05.516+0000] {logging_mixin.py:120} INFO - [2024-08-05T12:01:05.516+0000] {dag.py:2585} INFO - Sync 1 DAGs
[2024-08-05T12:01:05.555+0000] {logging_mixin.py:120} INFO - [2024-08-05T12:01:05.555+0000] {dag.py:3340} INFO - Setting next_dagrun for example_task_group to 2024-08-04T12:01:05.555095+00:00, run_after=2024-08-05T12:01:05.555095+00:00
[2024-08-05T12:01:05.590+0000] {processor.py:176} INFO - Processing /home/airflow/.local/lib/python3.7/site-packages/airflow/example_dags/example_task_group.py took 0.190 seconds
[2024-08-05T12:01:36.169+0000] {processor.py:154} INFO - Started process (PID=205) to work on /home/airflow/.local/lib/python3.7/site-packages/airflow/example_dags/example_task_group.py
[2024-08-05T12:01:36.174+0000] {processor.py:756} INFO - Processing file /home/airflow/.local/lib/python3.7/site-packages/airflow/example_dags/example_task_group.py for tasks to queue
[2024-08-05T12:01:36.178+0000] {logging_mixin.py:120} INFO - [2024-08-05T12:01:36.178+0000] {dagbag.py:537} INFO - Filling up the DagBag from /home/airflow/.local/lib/python3.7/site-packages/airflow/example_dags/example_task_group.py
[2024-08-05T12:01:36.235+0000] {processor.py:766} INFO - DAG(s) dict_keys(['example_task_group']) retrieved from /home/airflow/.local/lib/python3.7/site-packages/airflow/example_dags/example_task_group.py
[2024-08-05T12:01:36.371+0000] {logging_mixin.py:120} INFO - [2024-08-05T12:01:36.370+0000] {dag.py:2585} INFO - Sync 1 DAGs
[2024-08-05T12:01:36.485+0000] {logging_mixin.py:120} INFO - [2024-08-05T12:01:36.484+0000] {dag.py:3340} INFO - Setting next_dagrun for example_task_group to 2024-08-04T12:01:36.483769+00:00, run_after=2024-08-05T12:01:36.483769+00:00
[2024-08-05T12:01:36.556+0000] {processor.py:176} INFO - Processing /home/airflow/.local/lib/python3.7/site-packages/airflow/example_dags/example_task_group.py took 0.402 seconds
[2024-08-05T12:02:09.749+0000] {processor.py:154} INFO - Started process (PID=271) to work on /home/airflow/.local/lib/python3.7/site-packages/airflow/example_dags/example_task_group.py
[2024-08-05T12:02:09.752+0000] {processor.py:756} INFO - Processing file /home/airflow/.local/lib/python3.7/site-packages/airflow/example_dags/example_task_group.py for tasks to queue
[2024-08-05T12:02:09.754+0000] {logging_mixin.py:120} INFO - [2024-08-05T12:02:09.754+0000] {dagbag.py:537} INFO - Filling up the DagBag from /home/airflow/.local/lib/python3.7/site-packages/airflow/example_dags/example_task_group.py
[2024-08-05T12:02:09.814+0000] {processor.py:766} INFO - DAG(s) dict_keys(['example_task_group']) retrieved from /home/airflow/.local/lib/python3.7/site-packages/airflow/example_dags/example_task_group.py
[2024-08-05T12:02:09.930+0000] {logging_mixin.py:120} INFO - [2024-08-05T12:02:09.929+0000] {dag.py:2585} INFO - Sync 1 DAGs
[2024-08-05T12:02:09.998+0000] {logging_mixin.py:120} INFO - [2024-08-05T12:02:09.997+0000] {dag.py:3340} INFO - Setting next_dagrun for example_task_group to 2024-08-04T12:02:09.997380+00:00, run_after=2024-08-05T12:02:09.997380+00:00
[2024-08-05T12:02:10.066+0000] {processor.py:176} INFO - Processing /home/airflow/.local/lib/python3.7/site-packages/airflow/example_dags/example_task_group.py took 0.333 seconds
[2024-08-05T12:02:40.693+0000] {processor.py:154} INFO - Started process (PID=330) to work on /home/airflow/.local/lib/python3.7/site-packages/airflow/example_dags/example_task_group.py
[2024-08-05T12:02:40.697+0000] {processor.py:756} INFO - Processing file /home/airflow/.local/lib/python3.7/site-packages/airflow/example_dags/example_task_group.py for tasks to queue
[2024-08-05T12:02:40.699+0000] {logging_mixin.py:120} INFO - [2024-08-05T12:02:40.699+0000] {dagbag.py:537} INFO - Filling up the DagBag from /home/airflow/.local/lib/python3.7/site-packages/airflow/example_dags/example_task_group.py
[2024-08-05T12:02:40.741+0000] {processor.py:766} INFO - DAG(s) dict_keys(['example_task_group']) retrieved from /home/airflow/.local/lib/python3.7/site-packages/airflow/example_dags/example_task_group.py
[2024-08-05T12:02:40.860+0000] {logging_mixin.py:120} INFO - [2024-08-05T12:02:40.860+0000] {dag.py:2585} INFO - Sync 1 DAGs
[2024-08-05T12:02:40.941+0000] {logging_mixin.py:120} INFO - [2024-08-05T12:02:40.941+0000] {dag.py:3340} INFO - Setting next_dagrun for example_task_group to 2024-08-04T12:02:40.940152+00:00, run_after=2024-08-05T12:02:40.940152+00:00
[2024-08-05T12:02:41.008+0000] {processor.py:176} INFO - Processing /home/airflow/.local/lib/python3.7/site-packages/airflow/example_dags/example_task_group.py took 0.328 seconds
[2024-08-05T12:03:11.702+0000] {processor.py:154} INFO - Started process (PID=395) to work on /home/airflow/.local/lib/python3.7/site-packages/airflow/example_dags/example_task_group.py
[2024-08-05T12:03:11.704+0000] {processor.py:756} INFO - Processing file /home/airflow/.local/lib/python3.7/site-packages/airflow/example_dags/example_task_group.py for tasks to queue
[2024-08-05T12:03:11.706+0000] {logging_mixin.py:120} INFO - [2024-08-05T12:03:11.705+0000] {dagbag.py:537} INFO - Filling up the DagBag from /home/airflow/.local/lib/python3.7/site-packages/airflow/example_dags/example_task_group.py
[2024-08-05T12:03:11.727+0000] {processor.py:766} INFO - DAG(s) dict_keys(['example_task_group']) retrieved from /home/airflow/.local/lib/python3.7/site-packages/airflow/example_dags/example_task_group.py
[2024-08-05T12:03:11.796+0000] {logging_mixin.py:120} INFO - [2024-08-05T12:03:11.795+0000] {dag.py:2585} INFO - Sync 1 DAGs
[2024-08-05T12:03:11.840+0000] {logging_mixin.py:120} INFO - [2024-08-05T12:03:11.840+0000] {dag.py:3340} INFO - Setting next_dagrun for example_task_group to 2024-08-04T12:03:11.840256+00:00, run_after=2024-08-05T12:03:11.840256+00:00
[2024-08-05T12:03:11.882+0000] {processor.py:176} INFO - Processing /home/airflow/.local/lib/python3.7/site-packages/airflow/example_dags/example_task_group.py took 0.183 seconds
[2024-08-05T12:03:42.458+0000] {processor.py:154} INFO - Started process (PID=455) to work on /home/airflow/.local/lib/python3.7/site-packages/airflow/example_dags/example_task_group.py
[2024-08-05T12:03:42.460+0000] {processor.py:756} INFO - Processing file /home/airflow/.local/lib/python3.7/site-packages/airflow/example_dags/example_task_group.py for tasks to queue
[2024-08-05T12:03:42.462+0000] {logging_mixin.py:120} INFO - [2024-08-05T12:03:42.462+0000] {dagbag.py:537} INFO - Filling up the DagBag from /home/airflow/.local/lib/python3.7/site-packages/airflow/example_dags/example_task_group.py
[2024-08-05T12:03:42.485+0000] {processor.py:766} INFO - DAG(s) dict_keys(['example_task_group']) retrieved from /home/airflow/.local/lib/python3.7/site-packages/airflow/example_dags/example_task_group.py
[2024-08-05T12:03:42.542+0000] {logging_mixin.py:120} INFO - [2024-08-05T12:03:42.542+0000] {dag.py:2585} INFO - Sync 1 DAGs
[2024-08-05T12:03:42.581+0000] {logging_mixin.py:120} INFO - [2024-08-05T12:03:42.581+0000] {dag.py:3340} INFO - Setting next_dagrun for example_task_group to 2024-08-04T12:03:42.580595+00:00, run_after=2024-08-05T12:03:42.580595+00:00
[2024-08-05T12:03:42.620+0000] {processor.py:176} INFO - Processing /home/airflow/.local/lib/python3.7/site-packages/airflow/example_dags/example_task_group.py took 0.166 seconds
[2024-08-05T12:04:13.656+0000] {processor.py:154} INFO - Started process (PID=522) to work on /home/airflow/.local/lib/python3.7/site-packages/airflow/example_dags/example_task_group.py
[2024-08-05T12:04:13.658+0000] {processor.py:756} INFO - Processing file /home/airflow/.local/lib/python3.7/site-packages/airflow/example_dags/example_task_group.py for tasks to queue
[2024-08-05T12:04:13.660+0000] {logging_mixin.py:120} INFO - [2024-08-05T12:04:13.659+0000] {dagbag.py:537} INFO - Filling up the DagBag from /home/airflow/.local/lib/python3.7/site-packages/airflow/example_dags/example_task_group.py
[2024-08-05T12:04:13.690+0000] {processor.py:766} INFO - DAG(s) dict_keys(['example_task_group']) retrieved from /home/airflow/.local/lib/python3.7/site-packages/airflow/example_dags/example_task_group.py
[2024-08-05T12:04:13.763+0000] {logging_mixin.py:120} INFO - [2024-08-05T12:04:13.763+0000] {dag.py:2585} INFO - Sync 1 DAGs
[2024-08-05T12:04:13.812+0000] {logging_mixin.py:120} INFO - [2024-08-05T12:04:13.812+0000] {dag.py:3340} INFO - Setting next_dagrun for example_task_group to 2024-08-04T12:04:13.811840+00:00, run_after=2024-08-05T12:04:13.811840+00:00
[2024-08-05T12:04:13.852+0000] {processor.py:176} INFO - Processing /home/airflow/.local/lib/python3.7/site-packages/airflow/example_dags/example_task_group.py took 0.199 seconds
[2024-08-05T12:04:44.000+0000] {processor.py:154} INFO - Started process (PID=587) to work on /home/airflow/.local/lib/python3.7/site-packages/airflow/example_dags/example_task_group.py
[2024-08-05T12:04:44.002+0000] {processor.py:756} INFO - Processing file /home/airflow/.local/lib/python3.7/site-packages/airflow/example_dags/example_task_group.py for tasks to queue
[2024-08-05T12:04:44.003+0000] {logging_mixin.py:120} INFO - [2024-08-05T12:04:44.003+0000] {dagbag.py:537} INFO - Filling up the DagBag from /home/airflow/.local/lib/python3.7/site-packages/airflow/example_dags/example_task_group.py
[2024-08-05T12:04:44.023+0000] {processor.py:766} INFO - DAG(s) dict_keys(['example_task_group']) retrieved from /home/airflow/.local/lib/python3.7/site-packages/airflow/example_dags/example_task_group.py
[2024-08-05T12:04:44.082+0000] {logging_mixin.py:120} INFO - [2024-08-05T12:04:44.082+0000] {dag.py:2585} INFO - Sync 1 DAGs
[2024-08-05T12:04:44.121+0000] {logging_mixin.py:120} INFO - [2024-08-05T12:04:44.121+0000] {dag.py:3340} INFO - Setting next_dagrun for example_task_group to 2024-08-04T12:04:44.120559+00:00, run_after=2024-08-05T12:04:44.120559+00:00
[2024-08-05T12:04:44.151+0000] {processor.py:176} INFO - Processing /home/airflow/.local/lib/python3.7/site-packages/airflow/example_dags/example_task_group.py took 0.155 seconds
[2024-08-05T12:05:14.754+0000] {processor.py:154} INFO - Started process (PID=645) to work on /home/airflow/.local/lib/python3.7/site-packages/airflow/example_dags/example_task_group.py
[2024-08-05T12:05:14.756+0000] {processor.py:756} INFO - Processing file /home/airflow/.local/lib/python3.7/site-packages/airflow/example_dags/example_task_group.py for tasks to queue
[2024-08-05T12:05:14.757+0000] {logging_mixin.py:120} INFO - [2024-08-05T12:05:14.757+0000] {dagbag.py:537} INFO - Filling up the DagBag from /home/airflow/.local/lib/python3.7/site-packages/airflow/example_dags/example_task_group.py
[2024-08-05T12:05:14.775+0000] {processor.py:766} INFO - DAG(s) dict_keys(['example_task_group']) retrieved from /home/airflow/.local/lib/python3.7/site-packages/airflow/example_dags/example_task_group.py
[2024-08-05T12:05:14.831+0000] {logging_mixin.py:120} INFO - [2024-08-05T12:05:14.831+0000] {dag.py:2585} INFO - Sync 1 DAGs
[2024-08-05T12:05:14.868+0000] {logging_mixin.py:120} INFO - [2024-08-05T12:05:14.868+0000] {dag.py:3340} INFO - Setting next_dagrun for example_task_group to 2024-08-04T12:05:14.867903+00:00, run_after=2024-08-05T12:05:14.867903+00:00
[2024-08-05T12:05:14.903+0000] {processor.py:176} INFO - Processing /home/airflow/.local/lib/python3.7/site-packages/airflow/example_dags/example_task_group.py took 0.152 seconds
[2024-08-05T12:05:45.723+0000] {processor.py:154} INFO - Started process (PID=712) to work on /home/airflow/.local/lib/python3.7/site-packages/airflow/example_dags/example_task_group.py
[2024-08-05T12:05:45.724+0000] {processor.py:756} INFO - Processing file /home/airflow/.local/lib/python3.7/site-packages/airflow/example_dags/example_task_group.py for tasks to queue
[2024-08-05T12:05:45.726+0000] {logging_mixin.py:120} INFO - [2024-08-05T12:05:45.726+0000] {dagbag.py:537} INFO - Filling up the DagBag from /home/airflow/.local/lib/python3.7/site-packages/airflow/example_dags/example_task_group.py
[2024-08-05T12:05:45.748+0000] {processor.py:766} INFO - DAG(s) dict_keys(['example_task_group']) retrieved from /home/airflow/.local/lib/python3.7/site-packages/airflow/example_dags/example_task_group.py
[2024-08-05T12:05:45.797+0000] {logging_mixin.py:120} INFO - [2024-08-05T12:05:45.797+0000] {dag.py:2585} INFO - Sync 1 DAGs
[2024-08-05T12:05:45.834+0000] {logging_mixin.py:120} INFO - [2024-08-05T12:05:45.834+0000] {dag.py:3340} INFO - Setting next_dagrun for example_task_group to 2024-08-04T12:05:45.834341+00:00, run_after=2024-08-05T12:05:45.834341+00:00
[2024-08-05T12:05:45.875+0000] {processor.py:176} INFO - Processing /home/airflow/.local/lib/python3.7/site-packages/airflow/example_dags/example_task_group.py took 0.157 seconds
