[2024-08-01T08:57:39.240+0000] {processor.py:154} INFO - Started process (PID=64) to work on /home/airflow/.local/lib/python3.7/site-packages/airflow/example_dags/example_datasets.py
[2024-08-01T08:57:39.248+0000] {processor.py:756} INFO - Processing file /home/airflow/.local/lib/python3.7/site-packages/airflow/example_dags/example_datasets.py for tasks to queue
[2024-08-01T08:57:39.249+0000] {logging_mixin.py:120} INFO - [2024-08-01T08:57:39.249+0000] {dagbag.py:537} INFO - Filling up the DagBag from /home/airflow/.local/lib/python3.7/site-packages/airflow/example_dags/example_datasets.py
[2024-08-01T08:57:39.274+0000] {processor.py:766} INFO - DAG(s) dict_keys(['dataset_consumes_1_and_2', 'dataset_produces_1', 'dataset_consumes_unknown_never_scheduled', 'dataset_consumes_1', 'dataset_consumes_1_never_scheduled', 'dataset_produces_2']) retrieved from /home/airflow/.local/lib/python3.7/site-packages/airflow/example_dags/example_datasets.py
[2024-08-01T08:57:39.499+0000] {logging_mixin.py:120} INFO - [2024-08-01T08:57:39.499+0000] {dag.py:2585} INFO - Sync 6 DAGs
[2024-08-01T08:57:39.553+0000] {logging_mixin.py:120} INFO - [2024-08-01T08:57:39.552+0000] {dag.py:3340} INFO - Setting next_dagrun for dataset_consumes_1 to None, run_after=None
[2024-08-01T08:57:39.560+0000] {logging_mixin.py:120} INFO - [2024-08-01T08:57:39.560+0000] {dag.py:3340} INFO - Setting next_dagrun for dataset_consumes_1_and_2 to None, run_after=None
[2024-08-01T08:57:39.564+0000] {logging_mixin.py:120} INFO - [2024-08-01T08:57:39.564+0000] {dag.py:3340} INFO - Setting next_dagrun for dataset_consumes_1_never_scheduled to None, run_after=None
[2024-08-01T08:57:39.569+0000] {logging_mixin.py:120} INFO - [2024-08-01T08:57:39.568+0000] {dag.py:3340} INFO - Setting next_dagrun for dataset_consumes_unknown_never_scheduled to None, run_after=None
[2024-08-01T08:57:39.575+0000] {logging_mixin.py:120} INFO - [2024-08-01T08:57:39.575+0000] {dag.py:3340} INFO - Setting next_dagrun for dataset_produces_1 to 2024-07-31T00:00:00+00:00, run_after=2024-08-01T00:00:00+00:00
[2024-08-01T08:57:39.579+0000] {logging_mixin.py:120} INFO - [2024-08-01T08:57:39.579+0000] {dag.py:3340} INFO - Setting next_dagrun for dataset_produces_2 to None, run_after=None
[2024-08-01T08:57:39.642+0000] {processor.py:176} INFO - Processing /home/airflow/.local/lib/python3.7/site-packages/airflow/example_dags/example_datasets.py took 0.407 seconds
[2024-08-01T08:58:14.007+0000] {processor.py:154} INFO - Started process (PID=127) to work on /home/airflow/.local/lib/python3.7/site-packages/airflow/example_dags/example_datasets.py
[2024-08-01T08:58:14.008+0000] {processor.py:756} INFO - Processing file /home/airflow/.local/lib/python3.7/site-packages/airflow/example_dags/example_datasets.py for tasks to queue
[2024-08-01T08:58:14.019+0000] {logging_mixin.py:120} INFO - [2024-08-01T08:58:14.019+0000] {dagbag.py:537} INFO - Filling up the DagBag from /home/airflow/.local/lib/python3.7/site-packages/airflow/example_dags/example_datasets.py
[2024-08-01T08:58:14.050+0000] {processor.py:766} INFO - DAG(s) dict_keys(['dataset_produces_1', 'dataset_produces_2', 'dataset_consumes_unknown_never_scheduled', 'dataset_consumes_1_never_scheduled', 'dataset_consumes_1_and_2', 'dataset_consumes_1']) retrieved from /home/airflow/.local/lib/python3.7/site-packages/airflow/example_dags/example_datasets.py
[2024-08-01T08:58:14.209+0000] {logging_mixin.py:120} INFO - [2024-08-01T08:58:14.209+0000] {dag.py:2585} INFO - Sync 6 DAGs
[2024-08-01T08:58:14.334+0000] {logging_mixin.py:120} INFO - [2024-08-01T08:58:14.334+0000] {dag.py:3340} INFO - Setting next_dagrun for dataset_consumes_1 to None, run_after=None
[2024-08-01T08:58:14.427+0000] {logging_mixin.py:120} INFO - [2024-08-01T08:58:14.427+0000] {dag.py:3340} INFO - Setting next_dagrun for dataset_consumes_1_and_2 to None, run_after=None
[2024-08-01T08:58:14.457+0000] {logging_mixin.py:120} INFO - [2024-08-01T08:58:14.456+0000] {dag.py:3340} INFO - Setting next_dagrun for dataset_consumes_1_never_scheduled to None, run_after=None
[2024-08-01T08:58:14.461+0000] {logging_mixin.py:120} INFO - [2024-08-01T08:58:14.461+0000] {dag.py:3340} INFO - Setting next_dagrun for dataset_consumes_unknown_never_scheduled to None, run_after=None
[2024-08-01T08:58:14.474+0000] {logging_mixin.py:120} INFO - [2024-08-01T08:58:14.473+0000] {dag.py:3340} INFO - Setting next_dagrun for dataset_produces_1 to 2024-07-31T00:00:00+00:00, run_after=2024-08-01T00:00:00+00:00
[2024-08-01T08:58:14.476+0000] {logging_mixin.py:120} INFO - [2024-08-01T08:58:14.476+0000] {dag.py:3340} INFO - Setting next_dagrun for dataset_produces_2 to None, run_after=None
[2024-08-01T08:58:14.517+0000] {processor.py:176} INFO - Processing /home/airflow/.local/lib/python3.7/site-packages/airflow/example_dags/example_datasets.py took 0.514 seconds
[2024-08-01T08:58:45.030+0000] {processor.py:154} INFO - Started process (PID=191) to work on /home/airflow/.local/lib/python3.7/site-packages/airflow/example_dags/example_datasets.py
[2024-08-01T08:58:45.092+0000] {processor.py:756} INFO - Processing file /home/airflow/.local/lib/python3.7/site-packages/airflow/example_dags/example_datasets.py for tasks to queue
[2024-08-01T08:58:45.123+0000] {logging_mixin.py:120} INFO - [2024-08-01T08:58:45.123+0000] {dagbag.py:537} INFO - Filling up the DagBag from /home/airflow/.local/lib/python3.7/site-packages/airflow/example_dags/example_datasets.py
[2024-08-01T08:58:45.162+0000] {processor.py:766} INFO - DAG(s) dict_keys(['dataset_consumes_1', 'dataset_consumes_1_never_scheduled', 'dataset_produces_1', 'dataset_consumes_1_and_2', 'dataset_produces_2', 'dataset_consumes_unknown_never_scheduled']) retrieved from /home/airflow/.local/lib/python3.7/site-packages/airflow/example_dags/example_datasets.py
[2024-08-01T08:58:45.277+0000] {logging_mixin.py:120} INFO - [2024-08-01T08:58:45.277+0000] {dag.py:2585} INFO - Sync 6 DAGs
[2024-08-01T08:58:45.375+0000] {logging_mixin.py:120} INFO - [2024-08-01T08:58:45.375+0000] {dag.py:3340} INFO - Setting next_dagrun for dataset_consumes_1 to None, run_after=None
[2024-08-01T08:58:45.440+0000] {logging_mixin.py:120} INFO - [2024-08-01T08:58:45.440+0000] {dag.py:3340} INFO - Setting next_dagrun for dataset_consumes_1_and_2 to None, run_after=None
[2024-08-01T08:58:45.488+0000] {logging_mixin.py:120} INFO - [2024-08-01T08:58:45.487+0000] {dag.py:3340} INFO - Setting next_dagrun for dataset_consumes_1_never_scheduled to None, run_after=None
[2024-08-01T08:58:45.495+0000] {logging_mixin.py:120} INFO - [2024-08-01T08:58:45.495+0000] {dag.py:3340} INFO - Setting next_dagrun for dataset_consumes_unknown_never_scheduled to None, run_after=None
[2024-08-01T08:58:45.500+0000] {logging_mixin.py:120} INFO - [2024-08-01T08:58:45.500+0000] {dag.py:3340} INFO - Setting next_dagrun for dataset_produces_1 to 2024-07-31T00:00:00+00:00, run_after=2024-08-01T00:00:00+00:00
[2024-08-01T08:58:45.504+0000] {logging_mixin.py:120} INFO - [2024-08-01T08:58:45.504+0000] {dag.py:3340} INFO - Setting next_dagrun for dataset_produces_2 to None, run_after=None
[2024-08-01T08:58:45.538+0000] {processor.py:176} INFO - Processing /home/airflow/.local/lib/python3.7/site-packages/airflow/example_dags/example_datasets.py took 0.511 seconds
[2024-08-01T08:59:16.382+0000] {processor.py:154} INFO - Started process (PID=245) to work on /home/airflow/.local/lib/python3.7/site-packages/airflow/example_dags/example_datasets.py
[2024-08-01T08:59:16.384+0000] {processor.py:756} INFO - Processing file /home/airflow/.local/lib/python3.7/site-packages/airflow/example_dags/example_datasets.py for tasks to queue
[2024-08-01T08:59:16.385+0000] {logging_mixin.py:120} INFO - [2024-08-01T08:59:16.384+0000] {dagbag.py:537} INFO - Filling up the DagBag from /home/airflow/.local/lib/python3.7/site-packages/airflow/example_dags/example_datasets.py
[2024-08-01T08:59:16.399+0000] {processor.py:766} INFO - DAG(s) dict_keys(['dataset_consumes_1_and_2', 'dataset_consumes_1', 'dataset_produces_2', 'dataset_consumes_unknown_never_scheduled', 'dataset_produces_1', 'dataset_consumes_1_never_scheduled']) retrieved from /home/airflow/.local/lib/python3.7/site-packages/airflow/example_dags/example_datasets.py
[2024-08-01T08:59:16.570+0000] {logging_mixin.py:120} INFO - [2024-08-01T08:59:16.570+0000] {dag.py:2585} INFO - Sync 6 DAGs
[2024-08-01T08:59:16.678+0000] {logging_mixin.py:120} INFO - [2024-08-01T08:59:16.677+0000] {dag.py:3340} INFO - Setting next_dagrun for dataset_consumes_1 to None, run_after=None
[2024-08-01T08:59:16.683+0000] {logging_mixin.py:120} INFO - [2024-08-01T08:59:16.683+0000] {dag.py:3340} INFO - Setting next_dagrun for dataset_consumes_1_and_2 to None, run_after=None
[2024-08-01T08:59:16.776+0000] {logging_mixin.py:120} INFO - [2024-08-01T08:59:16.776+0000] {dag.py:3340} INFO - Setting next_dagrun for dataset_consumes_1_never_scheduled to None, run_after=None
[2024-08-01T08:59:16.780+0000] {logging_mixin.py:120} INFO - [2024-08-01T08:59:16.780+0000] {dag.py:3340} INFO - Setting next_dagrun for dataset_consumes_unknown_never_scheduled to None, run_after=None
[2024-08-01T08:59:16.787+0000] {logging_mixin.py:120} INFO - [2024-08-01T08:59:16.786+0000] {dag.py:3340} INFO - Setting next_dagrun for dataset_produces_1 to 2024-07-31T00:00:00+00:00, run_after=2024-08-01T00:00:00+00:00
[2024-08-01T08:59:16.790+0000] {logging_mixin.py:120} INFO - [2024-08-01T08:59:16.789+0000] {dag.py:3340} INFO - Setting next_dagrun for dataset_produces_2 to None, run_after=None
[2024-08-01T08:59:16.847+0000] {processor.py:176} INFO - Processing /home/airflow/.local/lib/python3.7/site-packages/airflow/example_dags/example_datasets.py took 0.468 seconds
[2024-08-01T08:59:47.247+0000] {processor.py:154} INFO - Started process (PID=308) to work on /home/airflow/.local/lib/python3.7/site-packages/airflow/example_dags/example_datasets.py
[2024-08-01T08:59:47.248+0000] {processor.py:756} INFO - Processing file /home/airflow/.local/lib/python3.7/site-packages/airflow/example_dags/example_datasets.py for tasks to queue
[2024-08-01T08:59:47.249+0000] {logging_mixin.py:120} INFO - [2024-08-01T08:59:47.249+0000] {dagbag.py:537} INFO - Filling up the DagBag from /home/airflow/.local/lib/python3.7/site-packages/airflow/example_dags/example_datasets.py
[2024-08-01T08:59:47.277+0000] {processor.py:766} INFO - DAG(s) dict_keys(['dataset_produces_2', 'dataset_consumes_1_never_scheduled', 'dataset_consumes_1_and_2', 'dataset_consumes_1', 'dataset_produces_1', 'dataset_consumes_unknown_never_scheduled']) retrieved from /home/airflow/.local/lib/python3.7/site-packages/airflow/example_dags/example_datasets.py
[2024-08-01T08:59:47.362+0000] {logging_mixin.py:120} INFO - [2024-08-01T08:59:47.362+0000] {dag.py:2585} INFO - Sync 6 DAGs
[2024-08-01T08:59:47.486+0000] {logging_mixin.py:120} INFO - [2024-08-01T08:59:47.486+0000] {dag.py:3340} INFO - Setting next_dagrun for dataset_consumes_1 to None, run_after=None
[2024-08-01T08:59:47.491+0000] {logging_mixin.py:120} INFO - [2024-08-01T08:59:47.490+0000] {dag.py:3340} INFO - Setting next_dagrun for dataset_consumes_1_and_2 to None, run_after=None
[2024-08-01T08:59:47.495+0000] {logging_mixin.py:120} INFO - [2024-08-01T08:59:47.495+0000] {dag.py:3340} INFO - Setting next_dagrun for dataset_consumes_1_never_scheduled to None, run_after=None
[2024-08-01T08:59:47.500+0000] {logging_mixin.py:120} INFO - [2024-08-01T08:59:47.500+0000] {dag.py:3340} INFO - Setting next_dagrun for dataset_consumes_unknown_never_scheduled to None, run_after=None
[2024-08-01T08:59:47.531+0000] {logging_mixin.py:120} INFO - [2024-08-01T08:59:47.531+0000] {dag.py:3340} INFO - Setting next_dagrun for dataset_produces_1 to 2024-07-31T00:00:00+00:00, run_after=2024-08-01T00:00:00+00:00
[2024-08-01T08:59:47.608+0000] {logging_mixin.py:120} INFO - [2024-08-01T08:59:47.608+0000] {dag.py:3340} INFO - Setting next_dagrun for dataset_produces_2 to None, run_after=None
[2024-08-01T08:59:47.714+0000] {processor.py:176} INFO - Processing /home/airflow/.local/lib/python3.7/site-packages/airflow/example_dags/example_datasets.py took 0.475 seconds
[2024-08-01T09:00:18.968+0000] {processor.py:154} INFO - Started process (PID=362) to work on /home/airflow/.local/lib/python3.7/site-packages/airflow/example_dags/example_datasets.py
[2024-08-01T09:00:18.969+0000] {processor.py:756} INFO - Processing file /home/airflow/.local/lib/python3.7/site-packages/airflow/example_dags/example_datasets.py for tasks to queue
[2024-08-01T09:00:18.971+0000] {logging_mixin.py:120} INFO - [2024-08-01T09:00:18.971+0000] {dagbag.py:537} INFO - Filling up the DagBag from /home/airflow/.local/lib/python3.7/site-packages/airflow/example_dags/example_datasets.py
[2024-08-01T09:00:18.987+0000] {processor.py:766} INFO - DAG(s) dict_keys(['dataset_produces_2', 'dataset_consumes_1_never_scheduled', 'dataset_consumes_1_and_2', 'dataset_consumes_1', 'dataset_consumes_unknown_never_scheduled', 'dataset_produces_1']) retrieved from /home/airflow/.local/lib/python3.7/site-packages/airflow/example_dags/example_datasets.py
[2024-08-01T09:00:19.055+0000] {logging_mixin.py:120} INFO - [2024-08-01T09:00:19.055+0000] {dag.py:2585} INFO - Sync 6 DAGs
[2024-08-01T09:00:19.085+0000] {logging_mixin.py:120} INFO - [2024-08-01T09:00:19.085+0000] {dag.py:3340} INFO - Setting next_dagrun for dataset_consumes_1 to None, run_after=None
[2024-08-01T09:00:19.213+0000] {logging_mixin.py:120} INFO - [2024-08-01T09:00:19.213+0000] {dag.py:3340} INFO - Setting next_dagrun for dataset_consumes_1_and_2 to None, run_after=None
[2024-08-01T09:00:19.216+0000] {logging_mixin.py:120} INFO - [2024-08-01T09:00:19.216+0000] {dag.py:3340} INFO - Setting next_dagrun for dataset_consumes_1_never_scheduled to None, run_after=None
[2024-08-01T09:00:19.218+0000] {logging_mixin.py:120} INFO - [2024-08-01T09:00:19.218+0000] {dag.py:3340} INFO - Setting next_dagrun for dataset_consumes_unknown_never_scheduled to None, run_after=None
[2024-08-01T09:00:19.232+0000] {logging_mixin.py:120} INFO - [2024-08-01T09:00:19.232+0000] {dag.py:3340} INFO - Setting next_dagrun for dataset_produces_1 to 2024-07-31T00:00:00+00:00, run_after=2024-08-01T00:00:00+00:00
[2024-08-01T09:00:19.235+0000] {logging_mixin.py:120} INFO - [2024-08-01T09:00:19.235+0000] {dag.py:3340} INFO - Setting next_dagrun for dataset_produces_2 to None, run_after=None
[2024-08-01T09:00:19.268+0000] {processor.py:176} INFO - Processing /home/airflow/.local/lib/python3.7/site-packages/airflow/example_dags/example_datasets.py took 0.303 seconds
[2024-08-01T09:00:49.328+0000] {processor.py:154} INFO - Started process (PID=424) to work on /home/airflow/.local/lib/python3.7/site-packages/airflow/example_dags/example_datasets.py
[2024-08-01T09:00:49.332+0000] {processor.py:756} INFO - Processing file /home/airflow/.local/lib/python3.7/site-packages/airflow/example_dags/example_datasets.py for tasks to queue
[2024-08-01T09:00:49.334+0000] {logging_mixin.py:120} INFO - [2024-08-01T09:00:49.334+0000] {dagbag.py:537} INFO - Filling up the DagBag from /home/airflow/.local/lib/python3.7/site-packages/airflow/example_dags/example_datasets.py
[2024-08-01T09:00:49.364+0000] {processor.py:766} INFO - DAG(s) dict_keys(['dataset_consumes_1', 'dataset_produces_1', 'dataset_consumes_1_and_2', 'dataset_consumes_1_never_scheduled', 'dataset_produces_2', 'dataset_consumes_unknown_never_scheduled']) retrieved from /home/airflow/.local/lib/python3.7/site-packages/airflow/example_dags/example_datasets.py
[2024-08-01T09:00:49.429+0000] {logging_mixin.py:120} INFO - [2024-08-01T09:00:49.429+0000] {dag.py:2585} INFO - Sync 6 DAGs
[2024-08-01T09:00:49.458+0000] {logging_mixin.py:120} INFO - [2024-08-01T09:00:49.458+0000] {dag.py:3340} INFO - Setting next_dagrun for dataset_consumes_1 to None, run_after=None
[2024-08-01T09:00:49.463+0000] {logging_mixin.py:120} INFO - [2024-08-01T09:00:49.463+0000] {dag.py:3340} INFO - Setting next_dagrun for dataset_consumes_1_and_2 to None, run_after=None
[2024-08-01T09:00:49.465+0000] {logging_mixin.py:120} INFO - [2024-08-01T09:00:49.465+0000] {dag.py:3340} INFO - Setting next_dagrun for dataset_consumes_1_never_scheduled to None, run_after=None
[2024-08-01T09:00:49.469+0000] {logging_mixin.py:120} INFO - [2024-08-01T09:00:49.469+0000] {dag.py:3340} INFO - Setting next_dagrun for dataset_consumes_unknown_never_scheduled to None, run_after=None
[2024-08-01T09:00:49.480+0000] {logging_mixin.py:120} INFO - [2024-08-01T09:00:49.479+0000] {dag.py:3340} INFO - Setting next_dagrun for dataset_produces_1 to 2024-07-31T00:00:00+00:00, run_after=2024-08-01T00:00:00+00:00
[2024-08-01T09:00:49.482+0000] {logging_mixin.py:120} INFO - [2024-08-01T09:00:49.482+0000] {dag.py:3340} INFO - Setting next_dagrun for dataset_produces_2 to None, run_after=None
[2024-08-01T09:00:49.579+0000] {processor.py:176} INFO - Processing /home/airflow/.local/lib/python3.7/site-packages/airflow/example_dags/example_datasets.py took 0.254 seconds
[2024-08-01T09:01:20.675+0000] {processor.py:154} INFO - Started process (PID=488) to work on /home/airflow/.local/lib/python3.7/site-packages/airflow/example_dags/example_datasets.py
[2024-08-01T09:01:20.679+0000] {processor.py:756} INFO - Processing file /home/airflow/.local/lib/python3.7/site-packages/airflow/example_dags/example_datasets.py for tasks to queue
[2024-08-01T09:01:20.688+0000] {logging_mixin.py:120} INFO - [2024-08-01T09:01:20.688+0000] {dagbag.py:537} INFO - Filling up the DagBag from /home/airflow/.local/lib/python3.7/site-packages/airflow/example_dags/example_datasets.py
[2024-08-01T09:01:20.729+0000] {processor.py:766} INFO - DAG(s) dict_keys(['dataset_consumes_1', 'dataset_produces_1', 'dataset_consumes_1_never_scheduled', 'dataset_produces_2', 'dataset_consumes_unknown_never_scheduled', 'dataset_consumes_1_and_2']) retrieved from /home/airflow/.local/lib/python3.7/site-packages/airflow/example_dags/example_datasets.py
[2024-08-01T09:01:20.813+0000] {logging_mixin.py:120} INFO - [2024-08-01T09:01:20.813+0000] {dag.py:2585} INFO - Sync 6 DAGs
[2024-08-01T09:01:20.858+0000] {logging_mixin.py:120} INFO - [2024-08-01T09:01:20.858+0000] {dag.py:3340} INFO - Setting next_dagrun for dataset_consumes_1 to None, run_after=None
[2024-08-01T09:01:20.891+0000] {logging_mixin.py:120} INFO - [2024-08-01T09:01:20.891+0000] {dag.py:3340} INFO - Setting next_dagrun for dataset_consumes_1_and_2 to None, run_after=None
[2024-08-01T09:01:20.936+0000] {logging_mixin.py:120} INFO - [2024-08-01T09:01:20.935+0000] {dag.py:3340} INFO - Setting next_dagrun for dataset_consumes_1_never_scheduled to None, run_after=None
[2024-08-01T09:01:20.957+0000] {logging_mixin.py:120} INFO - [2024-08-01T09:01:20.957+0000] {dag.py:3340} INFO - Setting next_dagrun for dataset_consumes_unknown_never_scheduled to None, run_after=None
[2024-08-01T09:01:20.996+0000] {logging_mixin.py:120} INFO - [2024-08-01T09:01:20.996+0000] {dag.py:3340} INFO - Setting next_dagrun for dataset_produces_1 to 2024-07-31T00:00:00+00:00, run_after=2024-08-01T00:00:00+00:00
[2024-08-01T09:01:21.011+0000] {logging_mixin.py:120} INFO - [2024-08-01T09:01:21.010+0000] {dag.py:3340} INFO - Setting next_dagrun for dataset_produces_2 to None, run_after=None
[2024-08-01T09:01:21.050+0000] {processor.py:176} INFO - Processing /home/airflow/.local/lib/python3.7/site-packages/airflow/example_dags/example_datasets.py took 0.379 seconds
[2024-08-01T09:01:51.444+0000] {processor.py:154} INFO - Started process (PID=541) to work on /home/airflow/.local/lib/python3.7/site-packages/airflow/example_dags/example_datasets.py
[2024-08-01T09:01:51.540+0000] {processor.py:756} INFO - Processing file /home/airflow/.local/lib/python3.7/site-packages/airflow/example_dags/example_datasets.py for tasks to queue
[2024-08-01T09:01:51.557+0000] {logging_mixin.py:120} INFO - [2024-08-01T09:01:51.557+0000] {dagbag.py:537} INFO - Filling up the DagBag from /home/airflow/.local/lib/python3.7/site-packages/airflow/example_dags/example_datasets.py
[2024-08-01T09:01:51.584+0000] {processor.py:766} INFO - DAG(s) dict_keys(['dataset_produces_2', 'dataset_consumes_unknown_never_scheduled', 'dataset_produces_1', 'dataset_consumes_1_and_2', 'dataset_consumes_1_never_scheduled', 'dataset_consumes_1']) retrieved from /home/airflow/.local/lib/python3.7/site-packages/airflow/example_dags/example_datasets.py
[2024-08-01T09:01:51.783+0000] {logging_mixin.py:120} INFO - [2024-08-01T09:01:51.783+0000] {dag.py:2585} INFO - Sync 6 DAGs
[2024-08-01T09:01:51.947+0000] {logging_mixin.py:120} INFO - [2024-08-01T09:01:51.946+0000] {dag.py:3340} INFO - Setting next_dagrun for dataset_consumes_1 to None, run_after=None
[2024-08-01T09:01:52.060+0000] {logging_mixin.py:120} INFO - [2024-08-01T09:01:52.060+0000] {dag.py:3340} INFO - Setting next_dagrun for dataset_consumes_1_and_2 to None, run_after=None
[2024-08-01T09:01:52.101+0000] {logging_mixin.py:120} INFO - [2024-08-01T09:01:52.100+0000] {dag.py:3340} INFO - Setting next_dagrun for dataset_consumes_1_never_scheduled to None, run_after=None
[2024-08-01T09:01:52.113+0000] {logging_mixin.py:120} INFO - [2024-08-01T09:01:52.113+0000] {dag.py:3340} INFO - Setting next_dagrun for dataset_consumes_unknown_never_scheduled to None, run_after=None
[2024-08-01T09:01:52.178+0000] {logging_mixin.py:120} INFO - [2024-08-01T09:01:52.177+0000] {dag.py:3340} INFO - Setting next_dagrun for dataset_produces_1 to 2024-07-31T00:00:00+00:00, run_after=2024-08-01T00:00:00+00:00
[2024-08-01T09:01:52.181+0000] {logging_mixin.py:120} INFO - [2024-08-01T09:01:52.181+0000] {dag.py:3340} INFO - Setting next_dagrun for dataset_produces_2 to None, run_after=None
[2024-08-01T09:01:52.222+0000] {processor.py:176} INFO - Processing /home/airflow/.local/lib/python3.7/site-packages/airflow/example_dags/example_datasets.py took 0.782 seconds
[2024-08-01T09:02:22.509+0000] {processor.py:154} INFO - Started process (PID=604) to work on /home/airflow/.local/lib/python3.7/site-packages/airflow/example_dags/example_datasets.py
[2024-08-01T09:02:22.510+0000] {processor.py:756} INFO - Processing file /home/airflow/.local/lib/python3.7/site-packages/airflow/example_dags/example_datasets.py for tasks to queue
[2024-08-01T09:02:22.511+0000] {logging_mixin.py:120} INFO - [2024-08-01T09:02:22.511+0000] {dagbag.py:537} INFO - Filling up the DagBag from /home/airflow/.local/lib/python3.7/site-packages/airflow/example_dags/example_datasets.py
[2024-08-01T09:02:22.542+0000] {processor.py:766} INFO - DAG(s) dict_keys(['dataset_consumes_1_and_2', 'dataset_produces_1', 'dataset_consumes_1', 'dataset_consumes_unknown_never_scheduled', 'dataset_consumes_1_never_scheduled', 'dataset_produces_2']) retrieved from /home/airflow/.local/lib/python3.7/site-packages/airflow/example_dags/example_datasets.py
[2024-08-01T09:02:22.614+0000] {logging_mixin.py:120} INFO - [2024-08-01T09:02:22.613+0000] {dag.py:2585} INFO - Sync 6 DAGs
[2024-08-01T09:02:22.669+0000] {logging_mixin.py:120} INFO - [2024-08-01T09:02:22.669+0000] {dag.py:3340} INFO - Setting next_dagrun for dataset_consumes_1 to None, run_after=None
[2024-08-01T09:02:22.674+0000] {logging_mixin.py:120} INFO - [2024-08-01T09:02:22.673+0000] {dag.py:3340} INFO - Setting next_dagrun for dataset_consumes_1_and_2 to None, run_after=None
[2024-08-01T09:02:22.675+0000] {logging_mixin.py:120} INFO - [2024-08-01T09:02:22.675+0000] {dag.py:3340} INFO - Setting next_dagrun for dataset_consumes_1_never_scheduled to None, run_after=None
[2024-08-01T09:02:22.677+0000] {logging_mixin.py:120} INFO - [2024-08-01T09:02:22.677+0000] {dag.py:3340} INFO - Setting next_dagrun for dataset_consumes_unknown_never_scheduled to None, run_after=None
[2024-08-01T09:02:22.686+0000] {logging_mixin.py:120} INFO - [2024-08-01T09:02:22.686+0000] {dag.py:3340} INFO - Setting next_dagrun for dataset_produces_1 to 2024-07-31T00:00:00+00:00, run_after=2024-08-01T00:00:00+00:00
[2024-08-01T09:02:22.689+0000] {logging_mixin.py:120} INFO - [2024-08-01T09:02:22.689+0000] {dag.py:3340} INFO - Setting next_dagrun for dataset_produces_2 to None, run_after=None
[2024-08-01T09:02:22.727+0000] {processor.py:176} INFO - Processing /home/airflow/.local/lib/python3.7/site-packages/airflow/example_dags/example_datasets.py took 0.223 seconds
[2024-08-01T09:02:53.188+0000] {processor.py:154} INFO - Started process (PID=667) to work on /home/airflow/.local/lib/python3.7/site-packages/airflow/example_dags/example_datasets.py
[2024-08-01T09:02:53.190+0000] {processor.py:756} INFO - Processing file /home/airflow/.local/lib/python3.7/site-packages/airflow/example_dags/example_datasets.py for tasks to queue
[2024-08-01T09:02:53.192+0000] {logging_mixin.py:120} INFO - [2024-08-01T09:02:53.192+0000] {dagbag.py:537} INFO - Filling up the DagBag from /home/airflow/.local/lib/python3.7/site-packages/airflow/example_dags/example_datasets.py
[2024-08-01T09:02:53.214+0000] {processor.py:766} INFO - DAG(s) dict_keys(['dataset_produces_1', 'dataset_consumes_unknown_never_scheduled', 'dataset_consumes_1', 'dataset_consumes_1_never_scheduled', 'dataset_produces_2', 'dataset_consumes_1_and_2']) retrieved from /home/airflow/.local/lib/python3.7/site-packages/airflow/example_dags/example_datasets.py
[2024-08-01T09:02:53.279+0000] {logging_mixin.py:120} INFO - [2024-08-01T09:02:53.279+0000] {dag.py:2585} INFO - Sync 6 DAGs
[2024-08-01T09:02:53.307+0000] {logging_mixin.py:120} INFO - [2024-08-01T09:02:53.307+0000] {dag.py:3340} INFO - Setting next_dagrun for dataset_consumes_1 to None, run_after=None
[2024-08-01T09:02:53.373+0000] {logging_mixin.py:120} INFO - [2024-08-01T09:02:53.373+0000] {dag.py:3340} INFO - Setting next_dagrun for dataset_consumes_1_and_2 to None, run_after=None
[2024-08-01T09:02:53.375+0000] {logging_mixin.py:120} INFO - [2024-08-01T09:02:53.375+0000] {dag.py:3340} INFO - Setting next_dagrun for dataset_consumes_1_never_scheduled to None, run_after=None
[2024-08-01T09:02:53.377+0000] {logging_mixin.py:120} INFO - [2024-08-01T09:02:53.376+0000] {dag.py:3340} INFO - Setting next_dagrun for dataset_consumes_unknown_never_scheduled to None, run_after=None
[2024-08-01T09:02:53.382+0000] {logging_mixin.py:120} INFO - [2024-08-01T09:02:53.381+0000] {dag.py:3340} INFO - Setting next_dagrun for dataset_produces_1 to 2024-07-31T00:00:00+00:00, run_after=2024-08-01T00:00:00+00:00
[2024-08-01T09:02:53.386+0000] {logging_mixin.py:120} INFO - [2024-08-01T09:02:53.386+0000] {dag.py:3340} INFO - Setting next_dagrun for dataset_produces_2 to None, run_after=None
[2024-08-01T09:02:53.429+0000] {processor.py:176} INFO - Processing /home/airflow/.local/lib/python3.7/site-packages/airflow/example_dags/example_datasets.py took 0.245 seconds
[2024-08-01T09:03:23.535+0000] {processor.py:154} INFO - Started process (PID=721) to work on /home/airflow/.local/lib/python3.7/site-packages/airflow/example_dags/example_datasets.py
[2024-08-01T09:03:23.536+0000] {processor.py:756} INFO - Processing file /home/airflow/.local/lib/python3.7/site-packages/airflow/example_dags/example_datasets.py for tasks to queue
[2024-08-01T09:03:23.537+0000] {logging_mixin.py:120} INFO - [2024-08-01T09:03:23.537+0000] {dagbag.py:537} INFO - Filling up the DagBag from /home/airflow/.local/lib/python3.7/site-packages/airflow/example_dags/example_datasets.py
[2024-08-01T09:03:23.551+0000] {processor.py:766} INFO - DAG(s) dict_keys(['dataset_consumes_unknown_never_scheduled', 'dataset_produces_1', 'dataset_consumes_1_and_2', 'dataset_consumes_1_never_scheduled', 'dataset_produces_2', 'dataset_consumes_1']) retrieved from /home/airflow/.local/lib/python3.7/site-packages/airflow/example_dags/example_datasets.py
[2024-08-01T09:03:23.602+0000] {logging_mixin.py:120} INFO - [2024-08-01T09:03:23.601+0000] {dag.py:2585} INFO - Sync 6 DAGs
[2024-08-01T09:03:23.627+0000] {logging_mixin.py:120} INFO - [2024-08-01T09:03:23.627+0000] {dag.py:3340} INFO - Setting next_dagrun for dataset_consumes_1 to None, run_after=None
[2024-08-01T09:03:23.631+0000] {logging_mixin.py:120} INFO - [2024-08-01T09:03:23.631+0000] {dag.py:3340} INFO - Setting next_dagrun for dataset_consumes_1_and_2 to None, run_after=None
[2024-08-01T09:03:23.633+0000] {logging_mixin.py:120} INFO - [2024-08-01T09:03:23.633+0000] {dag.py:3340} INFO - Setting next_dagrun for dataset_consumes_1_never_scheduled to None, run_after=None
[2024-08-01T09:03:23.635+0000] {logging_mixin.py:120} INFO - [2024-08-01T09:03:23.635+0000] {dag.py:3340} INFO - Setting next_dagrun for dataset_consumes_unknown_never_scheduled to None, run_after=None
[2024-08-01T09:03:23.638+0000] {logging_mixin.py:120} INFO - [2024-08-01T09:03:23.638+0000] {dag.py:3340} INFO - Setting next_dagrun for dataset_produces_1 to 2024-07-31T00:00:00+00:00, run_after=2024-08-01T00:00:00+00:00
[2024-08-01T09:03:23.639+0000] {logging_mixin.py:120} INFO - [2024-08-01T09:03:23.639+0000] {dag.py:3340} INFO - Setting next_dagrun for dataset_produces_2 to None, run_after=None
[2024-08-01T09:03:23.670+0000] {processor.py:176} INFO - Processing /home/airflow/.local/lib/python3.7/site-packages/airflow/example_dags/example_datasets.py took 0.139 seconds
[2024-08-01T09:03:53.923+0000] {processor.py:154} INFO - Started process (PID=784) to work on /home/airflow/.local/lib/python3.7/site-packages/airflow/example_dags/example_datasets.py
[2024-08-01T09:03:53.924+0000] {processor.py:756} INFO - Processing file /home/airflow/.local/lib/python3.7/site-packages/airflow/example_dags/example_datasets.py for tasks to queue
[2024-08-01T09:03:53.926+0000] {logging_mixin.py:120} INFO - [2024-08-01T09:03:53.925+0000] {dagbag.py:537} INFO - Filling up the DagBag from /home/airflow/.local/lib/python3.7/site-packages/airflow/example_dags/example_datasets.py
[2024-08-01T09:03:53.946+0000] {processor.py:766} INFO - DAG(s) dict_keys(['dataset_consumes_1_never_scheduled', 'dataset_produces_1', 'dataset_produces_2', 'dataset_consumes_unknown_never_scheduled', 'dataset_consumes_1_and_2', 'dataset_consumes_1']) retrieved from /home/airflow/.local/lib/python3.7/site-packages/airflow/example_dags/example_datasets.py
[2024-08-01T09:03:54.022+0000] {logging_mixin.py:120} INFO - [2024-08-01T09:03:54.022+0000] {dag.py:2585} INFO - Sync 6 DAGs
[2024-08-01T09:03:54.057+0000] {logging_mixin.py:120} INFO - [2024-08-01T09:03:54.057+0000] {dag.py:3340} INFO - Setting next_dagrun for dataset_consumes_1 to None, run_after=None
[2024-08-01T09:03:54.061+0000] {logging_mixin.py:120} INFO - [2024-08-01T09:03:54.061+0000] {dag.py:3340} INFO - Setting next_dagrun for dataset_consumes_1_and_2 to None, run_after=None
[2024-08-01T09:03:54.063+0000] {logging_mixin.py:120} INFO - [2024-08-01T09:03:54.063+0000] {dag.py:3340} INFO - Setting next_dagrun for dataset_consumes_1_never_scheduled to None, run_after=None
[2024-08-01T09:03:54.065+0000] {logging_mixin.py:120} INFO - [2024-08-01T09:03:54.065+0000] {dag.py:3340} INFO - Setting next_dagrun for dataset_consumes_unknown_never_scheduled to None, run_after=None
[2024-08-01T09:03:54.068+0000] {logging_mixin.py:120} INFO - [2024-08-01T09:03:54.068+0000] {dag.py:3340} INFO - Setting next_dagrun for dataset_produces_1 to 2024-07-31T00:00:00+00:00, run_after=2024-08-01T00:00:00+00:00
[2024-08-01T09:03:54.071+0000] {logging_mixin.py:120} INFO - [2024-08-01T09:03:54.071+0000] {dag.py:3340} INFO - Setting next_dagrun for dataset_produces_2 to None, run_after=None
[2024-08-01T09:03:54.111+0000] {processor.py:176} INFO - Processing /home/airflow/.local/lib/python3.7/site-packages/airflow/example_dags/example_datasets.py took 0.191 seconds
[2024-08-01T09:04:24.735+0000] {processor.py:154} INFO - Started process (PID=847) to work on /home/airflow/.local/lib/python3.7/site-packages/airflow/example_dags/example_datasets.py
[2024-08-01T09:04:24.736+0000] {processor.py:756} INFO - Processing file /home/airflow/.local/lib/python3.7/site-packages/airflow/example_dags/example_datasets.py for tasks to queue
[2024-08-01T09:04:24.740+0000] {logging_mixin.py:120} INFO - [2024-08-01T09:04:24.740+0000] {dagbag.py:537} INFO - Filling up the DagBag from /home/airflow/.local/lib/python3.7/site-packages/airflow/example_dags/example_datasets.py
[2024-08-01T09:04:24.776+0000] {processor.py:766} INFO - DAG(s) dict_keys(['dataset_produces_1', 'dataset_consumes_1_and_2', 'dataset_consumes_1', 'dataset_consumes_unknown_never_scheduled', 'dataset_produces_2', 'dataset_consumes_1_never_scheduled']) retrieved from /home/airflow/.local/lib/python3.7/site-packages/airflow/example_dags/example_datasets.py
[2024-08-01T09:04:24.862+0000] {logging_mixin.py:120} INFO - [2024-08-01T09:04:24.861+0000] {dag.py:2585} INFO - Sync 6 DAGs
[2024-08-01T09:04:24.903+0000] {logging_mixin.py:120} INFO - [2024-08-01T09:04:24.902+0000] {dag.py:3340} INFO - Setting next_dagrun for dataset_consumes_1 to None, run_after=None
[2024-08-01T09:04:24.910+0000] {logging_mixin.py:120} INFO - [2024-08-01T09:04:24.909+0000] {dag.py:3340} INFO - Setting next_dagrun for dataset_consumes_1_and_2 to None, run_after=None
[2024-08-01T09:04:24.913+0000] {logging_mixin.py:120} INFO - [2024-08-01T09:04:24.913+0000] {dag.py:3340} INFO - Setting next_dagrun for dataset_consumes_1_never_scheduled to None, run_after=None
[2024-08-01T09:04:24.915+0000] {logging_mixin.py:120} INFO - [2024-08-01T09:04:24.915+0000] {dag.py:3340} INFO - Setting next_dagrun for dataset_consumes_unknown_never_scheduled to None, run_after=None
[2024-08-01T09:04:24.919+0000] {logging_mixin.py:120} INFO - [2024-08-01T09:04:24.919+0000] {dag.py:3340} INFO - Setting next_dagrun for dataset_produces_1 to 2024-07-31T00:00:00+00:00, run_after=2024-08-01T00:00:00+00:00
[2024-08-01T09:04:24.922+0000] {logging_mixin.py:120} INFO - [2024-08-01T09:04:24.922+0000] {dag.py:3340} INFO - Setting next_dagrun for dataset_produces_2 to None, run_after=None
[2024-08-01T09:04:24.964+0000] {processor.py:176} INFO - Processing /home/airflow/.local/lib/python3.7/site-packages/airflow/example_dags/example_datasets.py took 0.233 seconds
[2024-08-01T09:04:55.239+0000] {processor.py:154} INFO - Started process (PID=902) to work on /home/airflow/.local/lib/python3.7/site-packages/airflow/example_dags/example_datasets.py
[2024-08-01T09:04:55.240+0000] {processor.py:756} INFO - Processing file /home/airflow/.local/lib/python3.7/site-packages/airflow/example_dags/example_datasets.py for tasks to queue
[2024-08-01T09:04:55.241+0000] {logging_mixin.py:120} INFO - [2024-08-01T09:04:55.241+0000] {dagbag.py:537} INFO - Filling up the DagBag from /home/airflow/.local/lib/python3.7/site-packages/airflow/example_dags/example_datasets.py
[2024-08-01T09:04:55.269+0000] {processor.py:766} INFO - DAG(s) dict_keys(['dataset_produces_1', 'dataset_consumes_unknown_never_scheduled', 'dataset_consumes_1_never_scheduled', 'dataset_produces_2', 'dataset_consumes_1_and_2', 'dataset_consumes_1']) retrieved from /home/airflow/.local/lib/python3.7/site-packages/airflow/example_dags/example_datasets.py
[2024-08-01T09:04:55.338+0000] {logging_mixin.py:120} INFO - [2024-08-01T09:04:55.338+0000] {dag.py:2585} INFO - Sync 6 DAGs
[2024-08-01T09:04:55.544+0000] {logging_mixin.py:120} INFO - [2024-08-01T09:04:55.543+0000] {dag.py:3340} INFO - Setting next_dagrun for dataset_consumes_1 to None, run_after=None
[2024-08-01T09:04:55.571+0000] {logging_mixin.py:120} INFO - [2024-08-01T09:04:55.570+0000] {dag.py:3340} INFO - Setting next_dagrun for dataset_consumes_1_and_2 to None, run_after=None
[2024-08-01T09:04:55.601+0000] {logging_mixin.py:120} INFO - [2024-08-01T09:04:55.601+0000] {dag.py:3340} INFO - Setting next_dagrun for dataset_consumes_1_never_scheduled to None, run_after=None
[2024-08-01T09:04:55.605+0000] {logging_mixin.py:120} INFO - [2024-08-01T09:04:55.605+0000] {dag.py:3340} INFO - Setting next_dagrun for dataset_consumes_unknown_never_scheduled to None, run_after=None
[2024-08-01T09:04:55.620+0000] {logging_mixin.py:120} INFO - [2024-08-01T09:04:55.620+0000] {dag.py:3340} INFO - Setting next_dagrun for dataset_produces_1 to 2024-07-31T00:00:00+00:00, run_after=2024-08-01T00:00:00+00:00
[2024-08-01T09:04:55.622+0000] {logging_mixin.py:120} INFO - [2024-08-01T09:04:55.622+0000] {dag.py:3340} INFO - Setting next_dagrun for dataset_produces_2 to None, run_after=None
[2024-08-01T09:04:55.676+0000] {processor.py:176} INFO - Processing /home/airflow/.local/lib/python3.7/site-packages/airflow/example_dags/example_datasets.py took 0.441 seconds
[2024-08-01T09:05:27.714+0000] {processor.py:154} INFO - Started process (PID=966) to work on /home/airflow/.local/lib/python3.7/site-packages/airflow/example_dags/example_datasets.py
[2024-08-01T09:05:27.718+0000] {processor.py:756} INFO - Processing file /home/airflow/.local/lib/python3.7/site-packages/airflow/example_dags/example_datasets.py for tasks to queue
[2024-08-01T09:05:27.748+0000] {logging_mixin.py:120} INFO - [2024-08-01T09:05:27.748+0000] {dagbag.py:537} INFO - Filling up the DagBag from /home/airflow/.local/lib/python3.7/site-packages/airflow/example_dags/example_datasets.py
[2024-08-01T09:05:27.864+0000] {processor.py:766} INFO - DAG(s) dict_keys(['dataset_consumes_unknown_never_scheduled', 'dataset_produces_1', 'dataset_consumes_1', 'dataset_produces_2', 'dataset_consumes_1_never_scheduled', 'dataset_consumes_1_and_2']) retrieved from /home/airflow/.local/lib/python3.7/site-packages/airflow/example_dags/example_datasets.py
[2024-08-01T09:05:27.971+0000] {logging_mixin.py:120} INFO - [2024-08-01T09:05:27.970+0000] {dag.py:2585} INFO - Sync 6 DAGs
[2024-08-01T09:05:28.019+0000] {logging_mixin.py:120} INFO - [2024-08-01T09:05:28.019+0000] {dag.py:3340} INFO - Setting next_dagrun for dataset_consumes_1 to None, run_after=None
[2024-08-01T09:05:28.026+0000] {logging_mixin.py:120} INFO - [2024-08-01T09:05:28.026+0000] {dag.py:3340} INFO - Setting next_dagrun for dataset_consumes_1_and_2 to None, run_after=None
[2024-08-01T09:05:28.069+0000] {logging_mixin.py:120} INFO - [2024-08-01T09:05:28.069+0000] {dag.py:3340} INFO - Setting next_dagrun for dataset_consumes_1_never_scheduled to None, run_after=None
[2024-08-01T09:05:28.118+0000] {logging_mixin.py:120} INFO - [2024-08-01T09:05:28.118+0000] {dag.py:3340} INFO - Setting next_dagrun for dataset_consumes_unknown_never_scheduled to None, run_after=None
[2024-08-01T09:05:28.136+0000] {logging_mixin.py:120} INFO - [2024-08-01T09:05:28.136+0000] {dag.py:3340} INFO - Setting next_dagrun for dataset_produces_1 to 2024-07-31T00:00:00+00:00, run_after=2024-08-01T00:00:00+00:00
[2024-08-01T09:05:28.249+0000] {logging_mixin.py:120} INFO - [2024-08-01T09:05:28.249+0000] {dag.py:3340} INFO - Setting next_dagrun for dataset_produces_2 to None, run_after=None
[2024-08-01T09:05:28.324+0000] {processor.py:176} INFO - Processing /home/airflow/.local/lib/python3.7/site-packages/airflow/example_dags/example_datasets.py took 0.613 seconds
[2024-08-01T09:05:58.915+0000] {processor.py:154} INFO - Started process (PID=1030) to work on /home/airflow/.local/lib/python3.7/site-packages/airflow/example_dags/example_datasets.py
[2024-08-01T09:05:58.919+0000] {processor.py:756} INFO - Processing file /home/airflow/.local/lib/python3.7/site-packages/airflow/example_dags/example_datasets.py for tasks to queue
[2024-08-01T09:05:58.922+0000] {logging_mixin.py:120} INFO - [2024-08-01T09:05:58.921+0000] {dagbag.py:537} INFO - Filling up the DagBag from /home/airflow/.local/lib/python3.7/site-packages/airflow/example_dags/example_datasets.py
[2024-08-01T09:05:58.957+0000] {processor.py:766} INFO - DAG(s) dict_keys(['dataset_produces_2', 'dataset_consumes_1_and_2', 'dataset_consumes_1', 'dataset_consumes_unknown_never_scheduled', 'dataset_consumes_1_never_scheduled', 'dataset_produces_1']) retrieved from /home/airflow/.local/lib/python3.7/site-packages/airflow/example_dags/example_datasets.py
[2024-08-01T09:05:59.159+0000] {logging_mixin.py:120} INFO - [2024-08-01T09:05:59.158+0000] {dag.py:2585} INFO - Sync 6 DAGs
[2024-08-01T09:05:59.238+0000] {logging_mixin.py:120} INFO - [2024-08-01T09:05:59.237+0000] {dag.py:3340} INFO - Setting next_dagrun for dataset_consumes_1 to None, run_after=None
[2024-08-01T09:05:59.317+0000] {logging_mixin.py:120} INFO - [2024-08-01T09:05:59.316+0000] {dag.py:3340} INFO - Setting next_dagrun for dataset_consumes_1_and_2 to None, run_after=None
[2024-08-01T09:05:59.322+0000] {logging_mixin.py:120} INFO - [2024-08-01T09:05:59.322+0000] {dag.py:3340} INFO - Setting next_dagrun for dataset_consumes_1_never_scheduled to None, run_after=None
[2024-08-01T09:05:59.329+0000] {logging_mixin.py:120} INFO - [2024-08-01T09:05:59.329+0000] {dag.py:3340} INFO - Setting next_dagrun for dataset_consumes_unknown_never_scheduled to None, run_after=None
[2024-08-01T09:05:59.333+0000] {logging_mixin.py:120} INFO - [2024-08-01T09:05:59.333+0000] {dag.py:3340} INFO - Setting next_dagrun for dataset_produces_1 to 2024-07-31T00:00:00+00:00, run_after=2024-08-01T00:00:00+00:00
[2024-08-01T09:05:59.338+0000] {logging_mixin.py:120} INFO - [2024-08-01T09:05:59.337+0000] {dag.py:3340} INFO - Setting next_dagrun for dataset_produces_2 to None, run_after=None
[2024-08-01T09:05:59.369+0000] {processor.py:176} INFO - Processing /home/airflow/.local/lib/python3.7/site-packages/airflow/example_dags/example_datasets.py took 0.458 seconds
[2024-08-01T09:06:30.081+0000] {processor.py:154} INFO - Started process (PID=1084) to work on /home/airflow/.local/lib/python3.7/site-packages/airflow/example_dags/example_datasets.py
[2024-08-01T09:06:30.082+0000] {processor.py:756} INFO - Processing file /home/airflow/.local/lib/python3.7/site-packages/airflow/example_dags/example_datasets.py for tasks to queue
[2024-08-01T09:06:30.083+0000] {logging_mixin.py:120} INFO - [2024-08-01T09:06:30.083+0000] {dagbag.py:537} INFO - Filling up the DagBag from /home/airflow/.local/lib/python3.7/site-packages/airflow/example_dags/example_datasets.py
[2024-08-01T09:06:30.102+0000] {processor.py:766} INFO - DAG(s) dict_keys(['dataset_consumes_1_never_scheduled', 'dataset_consumes_1_and_2', 'dataset_consumes_1', 'dataset_consumes_unknown_never_scheduled', 'dataset_produces_1', 'dataset_produces_2']) retrieved from /home/airflow/.local/lib/python3.7/site-packages/airflow/example_dags/example_datasets.py
[2024-08-01T09:06:30.164+0000] {logging_mixin.py:120} INFO - [2024-08-01T09:06:30.164+0000] {dag.py:2585} INFO - Sync 6 DAGs
[2024-08-01T09:06:30.193+0000] {logging_mixin.py:120} INFO - [2024-08-01T09:06:30.192+0000] {dag.py:3340} INFO - Setting next_dagrun for dataset_consumes_1 to None, run_after=None
[2024-08-01T09:06:30.197+0000] {logging_mixin.py:120} INFO - [2024-08-01T09:06:30.197+0000] {dag.py:3340} INFO - Setting next_dagrun for dataset_consumes_1_and_2 to None, run_after=None
[2024-08-01T09:06:30.199+0000] {logging_mixin.py:120} INFO - [2024-08-01T09:06:30.199+0000] {dag.py:3340} INFO - Setting next_dagrun for dataset_consumes_1_never_scheduled to None, run_after=None
[2024-08-01T09:06:30.201+0000] {logging_mixin.py:120} INFO - [2024-08-01T09:06:30.201+0000] {dag.py:3340} INFO - Setting next_dagrun for dataset_consumes_unknown_never_scheduled to None, run_after=None
[2024-08-01T09:06:30.204+0000] {logging_mixin.py:120} INFO - [2024-08-01T09:06:30.204+0000] {dag.py:3340} INFO - Setting next_dagrun for dataset_produces_1 to 2024-07-31T00:00:00+00:00, run_after=2024-08-01T00:00:00+00:00
[2024-08-01T09:06:30.206+0000] {logging_mixin.py:120} INFO - [2024-08-01T09:06:30.206+0000] {dag.py:3340} INFO - Setting next_dagrun for dataset_produces_2 to None, run_after=None
[2024-08-01T09:06:30.273+0000] {processor.py:176} INFO - Processing /home/airflow/.local/lib/python3.7/site-packages/airflow/example_dags/example_datasets.py took 0.196 seconds
[2024-08-01T09:07:01.769+0000] {processor.py:154} INFO - Started process (PID=1146) to work on /home/airflow/.local/lib/python3.7/site-packages/airflow/example_dags/example_datasets.py
[2024-08-01T09:07:01.771+0000] {processor.py:756} INFO - Processing file /home/airflow/.local/lib/python3.7/site-packages/airflow/example_dags/example_datasets.py for tasks to queue
[2024-08-01T09:07:01.772+0000] {logging_mixin.py:120} INFO - [2024-08-01T09:07:01.772+0000] {dagbag.py:537} INFO - Filling up the DagBag from /home/airflow/.local/lib/python3.7/site-packages/airflow/example_dags/example_datasets.py
[2024-08-01T09:07:01.805+0000] {processor.py:766} INFO - DAG(s) dict_keys(['dataset_consumes_1_never_scheduled', 'dataset_produces_1', 'dataset_consumes_1', 'dataset_consumes_1_and_2', 'dataset_produces_2', 'dataset_consumes_unknown_never_scheduled']) retrieved from /home/airflow/.local/lib/python3.7/site-packages/airflow/example_dags/example_datasets.py
[2024-08-01T09:07:01.874+0000] {logging_mixin.py:120} INFO - [2024-08-01T09:07:01.873+0000] {dag.py:2585} INFO - Sync 6 DAGs
[2024-08-01T09:07:01.908+0000] {logging_mixin.py:120} INFO - [2024-08-01T09:07:01.908+0000] {dag.py:3340} INFO - Setting next_dagrun for dataset_consumes_1 to None, run_after=None
[2024-08-01T09:07:01.914+0000] {logging_mixin.py:120} INFO - [2024-08-01T09:07:01.914+0000] {dag.py:3340} INFO - Setting next_dagrun for dataset_consumes_1_and_2 to None, run_after=None
[2024-08-01T09:07:01.921+0000] {logging_mixin.py:120} INFO - [2024-08-01T09:07:01.920+0000] {dag.py:3340} INFO - Setting next_dagrun for dataset_consumes_1_never_scheduled to None, run_after=None
[2024-08-01T09:07:01.947+0000] {logging_mixin.py:120} INFO - [2024-08-01T09:07:01.947+0000] {dag.py:3340} INFO - Setting next_dagrun for dataset_consumes_unknown_never_scheduled to None, run_after=None
[2024-08-01T09:07:01.963+0000] {logging_mixin.py:120} INFO - [2024-08-01T09:07:01.963+0000] {dag.py:3340} INFO - Setting next_dagrun for dataset_produces_1 to 2024-07-31T00:00:00+00:00, run_after=2024-08-01T00:00:00+00:00
[2024-08-01T09:07:01.966+0000] {logging_mixin.py:120} INFO - [2024-08-01T09:07:01.966+0000] {dag.py:3340} INFO - Setting next_dagrun for dataset_produces_2 to None, run_after=None
[2024-08-01T09:07:01.991+0000] {processor.py:176} INFO - Processing /home/airflow/.local/lib/python3.7/site-packages/airflow/example_dags/example_datasets.py took 0.226 seconds
[2024-08-01T09:07:32.495+0000] {processor.py:154} INFO - Started process (PID=1209) to work on /home/airflow/.local/lib/python3.7/site-packages/airflow/example_dags/example_datasets.py
[2024-08-01T09:07:32.499+0000] {processor.py:756} INFO - Processing file /home/airflow/.local/lib/python3.7/site-packages/airflow/example_dags/example_datasets.py for tasks to queue
[2024-08-01T09:07:32.507+0000] {logging_mixin.py:120} INFO - [2024-08-01T09:07:32.506+0000] {dagbag.py:537} INFO - Filling up the DagBag from /home/airflow/.local/lib/python3.7/site-packages/airflow/example_dags/example_datasets.py
[2024-08-01T09:07:32.545+0000] {processor.py:766} INFO - DAG(s) dict_keys(['dataset_produces_1', 'dataset_consumes_1_never_scheduled', 'dataset_consumes_1_and_2', 'dataset_produces_2', 'dataset_consumes_1', 'dataset_consumes_unknown_never_scheduled']) retrieved from /home/airflow/.local/lib/python3.7/site-packages/airflow/example_dags/example_datasets.py
[2024-08-01T09:07:32.606+0000] {logging_mixin.py:120} INFO - [2024-08-01T09:07:32.605+0000] {dag.py:2585} INFO - Sync 6 DAGs
[2024-08-01T09:07:32.648+0000] {logging_mixin.py:120} INFO - [2024-08-01T09:07:32.648+0000] {dag.py:3340} INFO - Setting next_dagrun for dataset_consumes_1 to None, run_after=None
[2024-08-01T09:07:32.665+0000] {logging_mixin.py:120} INFO - [2024-08-01T09:07:32.665+0000] {dag.py:3340} INFO - Setting next_dagrun for dataset_consumes_1_and_2 to None, run_after=None
[2024-08-01T09:07:32.667+0000] {logging_mixin.py:120} INFO - [2024-08-01T09:07:32.667+0000] {dag.py:3340} INFO - Setting next_dagrun for dataset_consumes_1_never_scheduled to None, run_after=None
[2024-08-01T09:07:32.701+0000] {logging_mixin.py:120} INFO - [2024-08-01T09:07:32.701+0000] {dag.py:3340} INFO - Setting next_dagrun for dataset_consumes_unknown_never_scheduled to None, run_after=None
[2024-08-01T09:07:32.706+0000] {logging_mixin.py:120} INFO - [2024-08-01T09:07:32.706+0000] {dag.py:3340} INFO - Setting next_dagrun for dataset_produces_1 to 2024-07-31T00:00:00+00:00, run_after=2024-08-01T00:00:00+00:00
[2024-08-01T09:07:32.718+0000] {logging_mixin.py:120} INFO - [2024-08-01T09:07:32.718+0000] {dag.py:3340} INFO - Setting next_dagrun for dataset_produces_2 to None, run_after=None
[2024-08-01T09:07:32.758+0000] {processor.py:176} INFO - Processing /home/airflow/.local/lib/python3.7/site-packages/airflow/example_dags/example_datasets.py took 0.266 seconds
[2024-08-01T09:08:03.446+0000] {processor.py:154} INFO - Started process (PID=1263) to work on /home/airflow/.local/lib/python3.7/site-packages/airflow/example_dags/example_datasets.py
[2024-08-01T09:08:03.447+0000] {processor.py:756} INFO - Processing file /home/airflow/.local/lib/python3.7/site-packages/airflow/example_dags/example_datasets.py for tasks to queue
[2024-08-01T09:08:03.449+0000] {logging_mixin.py:120} INFO - [2024-08-01T09:08:03.448+0000] {dagbag.py:537} INFO - Filling up the DagBag from /home/airflow/.local/lib/python3.7/site-packages/airflow/example_dags/example_datasets.py
[2024-08-01T09:08:03.466+0000] {processor.py:766} INFO - DAG(s) dict_keys(['dataset_consumes_1_never_scheduled', 'dataset_consumes_unknown_never_scheduled', 'dataset_consumes_1_and_2', 'dataset_produces_2', 'dataset_consumes_1', 'dataset_produces_1']) retrieved from /home/airflow/.local/lib/python3.7/site-packages/airflow/example_dags/example_datasets.py
[2024-08-01T09:08:03.596+0000] {logging_mixin.py:120} INFO - [2024-08-01T09:08:03.596+0000] {dag.py:2585} INFO - Sync 6 DAGs
[2024-08-01T09:08:03.624+0000] {logging_mixin.py:120} INFO - [2024-08-01T09:08:03.624+0000] {dag.py:3340} INFO - Setting next_dagrun for dataset_consumes_1 to None, run_after=None
[2024-08-01T09:08:03.665+0000] {logging_mixin.py:120} INFO - [2024-08-01T09:08:03.664+0000] {dag.py:3340} INFO - Setting next_dagrun for dataset_consumes_1_and_2 to None, run_after=None
[2024-08-01T09:08:03.676+0000] {logging_mixin.py:120} INFO - [2024-08-01T09:08:03.676+0000] {dag.py:3340} INFO - Setting next_dagrun for dataset_consumes_1_never_scheduled to None, run_after=None
[2024-08-01T09:08:03.678+0000] {logging_mixin.py:120} INFO - [2024-08-01T09:08:03.678+0000] {dag.py:3340} INFO - Setting next_dagrun for dataset_consumes_unknown_never_scheduled to None, run_after=None
[2024-08-01T09:08:03.682+0000] {logging_mixin.py:120} INFO - [2024-08-01T09:08:03.682+0000] {dag.py:3340} INFO - Setting next_dagrun for dataset_produces_1 to 2024-07-31T00:00:00+00:00, run_after=2024-08-01T00:00:00+00:00
[2024-08-01T09:08:03.688+0000] {logging_mixin.py:120} INFO - [2024-08-01T09:08:03.687+0000] {dag.py:3340} INFO - Setting next_dagrun for dataset_produces_2 to None, run_after=None
[2024-08-01T09:08:03.737+0000] {processor.py:176} INFO - Processing /home/airflow/.local/lib/python3.7/site-packages/airflow/example_dags/example_datasets.py took 0.295 seconds
[2024-08-01T09:08:33.978+0000] {processor.py:154} INFO - Started process (PID=1326) to work on /home/airflow/.local/lib/python3.7/site-packages/airflow/example_dags/example_datasets.py
[2024-08-01T09:08:33.981+0000] {processor.py:756} INFO - Processing file /home/airflow/.local/lib/python3.7/site-packages/airflow/example_dags/example_datasets.py for tasks to queue
[2024-08-01T09:08:33.983+0000] {logging_mixin.py:120} INFO - [2024-08-01T09:08:33.983+0000] {dagbag.py:537} INFO - Filling up the DagBag from /home/airflow/.local/lib/python3.7/site-packages/airflow/example_dags/example_datasets.py
[2024-08-01T09:08:34.008+0000] {processor.py:766} INFO - DAG(s) dict_keys(['dataset_consumes_unknown_never_scheduled', 'dataset_produces_2', 'dataset_consumes_1', 'dataset_consumes_1_never_scheduled', 'dataset_produces_1', 'dataset_consumes_1_and_2']) retrieved from /home/airflow/.local/lib/python3.7/site-packages/airflow/example_dags/example_datasets.py
[2024-08-01T09:08:34.081+0000] {logging_mixin.py:120} INFO - [2024-08-01T09:08:34.081+0000] {dag.py:2585} INFO - Sync 6 DAGs
[2024-08-01T09:08:34.112+0000] {logging_mixin.py:120} INFO - [2024-08-01T09:08:34.112+0000] {dag.py:3340} INFO - Setting next_dagrun for dataset_consumes_1 to None, run_after=None
[2024-08-01T09:08:34.173+0000] {logging_mixin.py:120} INFO - [2024-08-01T09:08:34.172+0000] {dag.py:3340} INFO - Setting next_dagrun for dataset_consumes_1_and_2 to None, run_after=None
[2024-08-01T09:08:34.178+0000] {logging_mixin.py:120} INFO - [2024-08-01T09:08:34.178+0000] {dag.py:3340} INFO - Setting next_dagrun for dataset_consumes_1_never_scheduled to None, run_after=None
[2024-08-01T09:08:34.213+0000] {logging_mixin.py:120} INFO - [2024-08-01T09:08:34.213+0000] {dag.py:3340} INFO - Setting next_dagrun for dataset_consumes_unknown_never_scheduled to None, run_after=None
[2024-08-01T09:08:34.249+0000] {logging_mixin.py:120} INFO - [2024-08-01T09:08:34.249+0000] {dag.py:3340} INFO - Setting next_dagrun for dataset_produces_1 to 2024-07-31T00:00:00+00:00, run_after=2024-08-01T00:00:00+00:00
[2024-08-01T09:08:34.252+0000] {logging_mixin.py:120} INFO - [2024-08-01T09:08:34.252+0000] {dag.py:3340} INFO - Setting next_dagrun for dataset_produces_2 to None, run_after=None
[2024-08-01T09:08:34.362+0000] {processor.py:176} INFO - Processing /home/airflow/.local/lib/python3.7/site-packages/airflow/example_dags/example_datasets.py took 0.389 seconds
[2024-08-01T09:09:04.496+0000] {processor.py:154} INFO - Started process (PID=1389) to work on /home/airflow/.local/lib/python3.7/site-packages/airflow/example_dags/example_datasets.py
[2024-08-01T09:09:04.498+0000] {processor.py:756} INFO - Processing file /home/airflow/.local/lib/python3.7/site-packages/airflow/example_dags/example_datasets.py for tasks to queue
[2024-08-01T09:09:04.499+0000] {logging_mixin.py:120} INFO - [2024-08-01T09:09:04.499+0000] {dagbag.py:537} INFO - Filling up the DagBag from /home/airflow/.local/lib/python3.7/site-packages/airflow/example_dags/example_datasets.py
[2024-08-01T09:09:04.519+0000] {processor.py:766} INFO - DAG(s) dict_keys(['dataset_consumes_1_and_2', 'dataset_consumes_unknown_never_scheduled', 'dataset_produces_1', 'dataset_consumes_1_never_scheduled', 'dataset_produces_2', 'dataset_consumes_1']) retrieved from /home/airflow/.local/lib/python3.7/site-packages/airflow/example_dags/example_datasets.py
[2024-08-01T09:09:04.596+0000] {logging_mixin.py:120} INFO - [2024-08-01T09:09:04.596+0000] {dag.py:2585} INFO - Sync 6 DAGs
[2024-08-01T09:09:04.704+0000] {logging_mixin.py:120} INFO - [2024-08-01T09:09:04.703+0000] {dag.py:3340} INFO - Setting next_dagrun for dataset_consumes_1 to None, run_after=None
[2024-08-01T09:09:04.730+0000] {logging_mixin.py:120} INFO - [2024-08-01T09:09:04.730+0000] {dag.py:3340} INFO - Setting next_dagrun for dataset_consumes_1_and_2 to None, run_after=None
[2024-08-01T09:09:04.732+0000] {logging_mixin.py:120} INFO - [2024-08-01T09:09:04.732+0000] {dag.py:3340} INFO - Setting next_dagrun for dataset_consumes_1_never_scheduled to None, run_after=None
[2024-08-01T09:09:04.737+0000] {logging_mixin.py:120} INFO - [2024-08-01T09:09:04.737+0000] {dag.py:3340} INFO - Setting next_dagrun for dataset_consumes_unknown_never_scheduled to None, run_after=None
[2024-08-01T09:09:04.743+0000] {logging_mixin.py:120} INFO - [2024-08-01T09:09:04.743+0000] {dag.py:3340} INFO - Setting next_dagrun for dataset_produces_1 to 2024-07-31T00:00:00+00:00, run_after=2024-08-01T00:00:00+00:00
[2024-08-01T09:09:04.747+0000] {logging_mixin.py:120} INFO - [2024-08-01T09:09:04.747+0000] {dag.py:3340} INFO - Setting next_dagrun for dataset_produces_2 to None, run_after=None
[2024-08-01T09:09:04.790+0000] {processor.py:176} INFO - Processing /home/airflow/.local/lib/python3.7/site-packages/airflow/example_dags/example_datasets.py took 0.298 seconds
[2024-08-01T09:09:34.894+0000] {processor.py:154} INFO - Started process (PID=1444) to work on /home/airflow/.local/lib/python3.7/site-packages/airflow/example_dags/example_datasets.py
[2024-08-01T09:09:34.896+0000] {processor.py:756} INFO - Processing file /home/airflow/.local/lib/python3.7/site-packages/airflow/example_dags/example_datasets.py for tasks to queue
[2024-08-01T09:09:34.897+0000] {logging_mixin.py:120} INFO - [2024-08-01T09:09:34.897+0000] {dagbag.py:537} INFO - Filling up the DagBag from /home/airflow/.local/lib/python3.7/site-packages/airflow/example_dags/example_datasets.py
[2024-08-01T09:09:34.919+0000] {processor.py:766} INFO - DAG(s) dict_keys(['dataset_consumes_1_never_scheduled', 'dataset_consumes_1_and_2', 'dataset_produces_1', 'dataset_produces_2', 'dataset_consumes_unknown_never_scheduled', 'dataset_consumes_1']) retrieved from /home/airflow/.local/lib/python3.7/site-packages/airflow/example_dags/example_datasets.py
[2024-08-01T09:09:34.980+0000] {logging_mixin.py:120} INFO - [2024-08-01T09:09:34.980+0000] {dag.py:2585} INFO - Sync 6 DAGs
[2024-08-01T09:09:35.056+0000] {logging_mixin.py:120} INFO - [2024-08-01T09:09:35.056+0000] {dag.py:3340} INFO - Setting next_dagrun for dataset_consumes_1 to None, run_after=None
[2024-08-01T09:09:35.179+0000] {logging_mixin.py:120} INFO - [2024-08-01T09:09:35.179+0000] {dag.py:3340} INFO - Setting next_dagrun for dataset_consumes_1_and_2 to None, run_after=None
[2024-08-01T09:09:35.201+0000] {logging_mixin.py:120} INFO - [2024-08-01T09:09:35.200+0000] {dag.py:3340} INFO - Setting next_dagrun for dataset_consumes_1_never_scheduled to None, run_after=None
[2024-08-01T09:09:35.209+0000] {logging_mixin.py:120} INFO - [2024-08-01T09:09:35.209+0000] {dag.py:3340} INFO - Setting next_dagrun for dataset_consumes_unknown_never_scheduled to None, run_after=None
[2024-08-01T09:09:35.217+0000] {logging_mixin.py:120} INFO - [2024-08-01T09:09:35.216+0000] {dag.py:3340} INFO - Setting next_dagrun for dataset_produces_1 to 2024-07-31T00:00:00+00:00, run_after=2024-08-01T00:00:00+00:00
[2024-08-01T09:09:35.224+0000] {logging_mixin.py:120} INFO - [2024-08-01T09:09:35.219+0000] {dag.py:3340} INFO - Setting next_dagrun for dataset_produces_2 to None, run_after=None
[2024-08-01T09:09:35.256+0000] {processor.py:176} INFO - Processing /home/airflow/.local/lib/python3.7/site-packages/airflow/example_dags/example_datasets.py took 0.366 seconds
[2024-08-01T09:10:05.874+0000] {processor.py:154} INFO - Started process (PID=1506) to work on /home/airflow/.local/lib/python3.7/site-packages/airflow/example_dags/example_datasets.py
[2024-08-01T09:10:05.877+0000] {processor.py:756} INFO - Processing file /home/airflow/.local/lib/python3.7/site-packages/airflow/example_dags/example_datasets.py for tasks to queue
[2024-08-01T09:10:05.879+0000] {logging_mixin.py:120} INFO - [2024-08-01T09:10:05.879+0000] {dagbag.py:537} INFO - Filling up the DagBag from /home/airflow/.local/lib/python3.7/site-packages/airflow/example_dags/example_datasets.py
[2024-08-01T09:10:05.903+0000] {processor.py:766} INFO - DAG(s) dict_keys(['dataset_consumes_unknown_never_scheduled', 'dataset_produces_1', 'dataset_consumes_1_and_2', 'dataset_consumes_1_never_scheduled', 'dataset_produces_2', 'dataset_consumes_1']) retrieved from /home/airflow/.local/lib/python3.7/site-packages/airflow/example_dags/example_datasets.py
[2024-08-01T09:10:05.965+0000] {logging_mixin.py:120} INFO - [2024-08-01T09:10:05.965+0000] {dag.py:2585} INFO - Sync 6 DAGs
[2024-08-01T09:10:06.050+0000] {logging_mixin.py:120} INFO - [2024-08-01T09:10:06.050+0000] {dag.py:3340} INFO - Setting next_dagrun for dataset_consumes_1 to None, run_after=None
[2024-08-01T09:10:06.112+0000] {logging_mixin.py:120} INFO - [2024-08-01T09:10:06.112+0000] {dag.py:3340} INFO - Setting next_dagrun for dataset_consumes_1_and_2 to None, run_after=None
[2024-08-01T09:10:06.115+0000] {logging_mixin.py:120} INFO - [2024-08-01T09:10:06.115+0000] {dag.py:3340} INFO - Setting next_dagrun for dataset_consumes_1_never_scheduled to None, run_after=None
[2024-08-01T09:10:06.131+0000] {logging_mixin.py:120} INFO - [2024-08-01T09:10:06.131+0000] {dag.py:3340} INFO - Setting next_dagrun for dataset_consumes_unknown_never_scheduled to None, run_after=None
[2024-08-01T09:10:06.136+0000] {logging_mixin.py:120} INFO - [2024-08-01T09:10:06.136+0000] {dag.py:3340} INFO - Setting next_dagrun for dataset_produces_1 to 2024-07-31T00:00:00+00:00, run_after=2024-08-01T00:00:00+00:00
[2024-08-01T09:10:06.142+0000] {logging_mixin.py:120} INFO - [2024-08-01T09:10:06.142+0000] {dag.py:3340} INFO - Setting next_dagrun for dataset_produces_2 to None, run_after=None
[2024-08-01T09:10:06.176+0000] {processor.py:176} INFO - Processing /home/airflow/.local/lib/python3.7/site-packages/airflow/example_dags/example_datasets.py took 0.307 seconds
[2024-08-01T09:10:36.470+0000] {processor.py:154} INFO - Started process (PID=1559) to work on /home/airflow/.local/lib/python3.7/site-packages/airflow/example_dags/example_datasets.py
[2024-08-01T09:10:36.473+0000] {processor.py:756} INFO - Processing file /home/airflow/.local/lib/python3.7/site-packages/airflow/example_dags/example_datasets.py for tasks to queue
[2024-08-01T09:10:36.482+0000] {logging_mixin.py:120} INFO - [2024-08-01T09:10:36.481+0000] {dagbag.py:537} INFO - Filling up the DagBag from /home/airflow/.local/lib/python3.7/site-packages/airflow/example_dags/example_datasets.py
[2024-08-01T09:10:36.511+0000] {processor.py:766} INFO - DAG(s) dict_keys(['dataset_consumes_1', 'dataset_produces_1', 'dataset_consumes_1_never_scheduled', 'dataset_consumes_unknown_never_scheduled', 'dataset_consumes_1_and_2', 'dataset_produces_2']) retrieved from /home/airflow/.local/lib/python3.7/site-packages/airflow/example_dags/example_datasets.py
[2024-08-01T09:10:36.671+0000] {logging_mixin.py:120} INFO - [2024-08-01T09:10:36.671+0000] {dag.py:2585} INFO - Sync 6 DAGs
[2024-08-01T09:10:36.795+0000] {logging_mixin.py:120} INFO - [2024-08-01T09:10:36.795+0000] {dag.py:3340} INFO - Setting next_dagrun for dataset_consumes_1 to None, run_after=None
[2024-08-01T09:10:36.800+0000] {logging_mixin.py:120} INFO - [2024-08-01T09:10:36.799+0000] {dag.py:3340} INFO - Setting next_dagrun for dataset_consumes_1_and_2 to None, run_after=None
[2024-08-01T09:10:36.802+0000] {logging_mixin.py:120} INFO - [2024-08-01T09:10:36.802+0000] {dag.py:3340} INFO - Setting next_dagrun for dataset_consumes_1_never_scheduled to None, run_after=None
[2024-08-01T09:10:36.884+0000] {logging_mixin.py:120} INFO - [2024-08-01T09:10:36.884+0000] {dag.py:3340} INFO - Setting next_dagrun for dataset_consumes_unknown_never_scheduled to None, run_after=None
[2024-08-01T09:10:36.903+0000] {logging_mixin.py:120} INFO - [2024-08-01T09:10:36.903+0000] {dag.py:3340} INFO - Setting next_dagrun for dataset_produces_1 to 2024-07-31T00:00:00+00:00, run_after=2024-08-01T00:00:00+00:00
[2024-08-01T09:10:36.910+0000] {logging_mixin.py:120} INFO - [2024-08-01T09:10:36.910+0000] {dag.py:3340} INFO - Setting next_dagrun for dataset_produces_2 to None, run_after=None
[2024-08-01T09:10:36.949+0000] {processor.py:176} INFO - Processing /home/airflow/.local/lib/python3.7/site-packages/airflow/example_dags/example_datasets.py took 0.485 seconds
[2024-08-01T09:11:07.198+0000] {processor.py:154} INFO - Started process (PID=1622) to work on /home/airflow/.local/lib/python3.7/site-packages/airflow/example_dags/example_datasets.py
[2024-08-01T09:11:07.206+0000] {processor.py:756} INFO - Processing file /home/airflow/.local/lib/python3.7/site-packages/airflow/example_dags/example_datasets.py for tasks to queue
[2024-08-01T09:11:07.215+0000] {logging_mixin.py:120} INFO - [2024-08-01T09:11:07.215+0000] {dagbag.py:537} INFO - Filling up the DagBag from /home/airflow/.local/lib/python3.7/site-packages/airflow/example_dags/example_datasets.py
[2024-08-01T09:11:07.236+0000] {processor.py:766} INFO - DAG(s) dict_keys(['dataset_consumes_1_and_2', 'dataset_consumes_1_never_scheduled', 'dataset_produces_2', 'dataset_consumes_unknown_never_scheduled', 'dataset_produces_1', 'dataset_consumes_1']) retrieved from /home/airflow/.local/lib/python3.7/site-packages/airflow/example_dags/example_datasets.py
[2024-08-01T09:11:07.322+0000] {logging_mixin.py:120} INFO - [2024-08-01T09:11:07.322+0000] {dag.py:2585} INFO - Sync 6 DAGs
[2024-08-01T09:11:07.358+0000] {logging_mixin.py:120} INFO - [2024-08-01T09:11:07.358+0000] {dag.py:3340} INFO - Setting next_dagrun for dataset_consumes_1 to None, run_after=None
[2024-08-01T09:11:07.418+0000] {logging_mixin.py:120} INFO - [2024-08-01T09:11:07.418+0000] {dag.py:3340} INFO - Setting next_dagrun for dataset_consumes_1_and_2 to None, run_after=None
[2024-08-01T09:11:07.462+0000] {logging_mixin.py:120} INFO - [2024-08-01T09:11:07.462+0000] {dag.py:3340} INFO - Setting next_dagrun for dataset_consumes_1_never_scheduled to None, run_after=None
[2024-08-01T09:11:07.470+0000] {logging_mixin.py:120} INFO - [2024-08-01T09:11:07.470+0000] {dag.py:3340} INFO - Setting next_dagrun for dataset_consumes_unknown_never_scheduled to None, run_after=None
[2024-08-01T09:11:07.476+0000] {logging_mixin.py:120} INFO - [2024-08-01T09:11:07.476+0000] {dag.py:3340} INFO - Setting next_dagrun for dataset_produces_1 to 2024-07-31T00:00:00+00:00, run_after=2024-08-01T00:00:00+00:00
[2024-08-01T09:11:07.569+0000] {logging_mixin.py:120} INFO - [2024-08-01T09:11:07.569+0000] {dag.py:3340} INFO - Setting next_dagrun for dataset_produces_2 to None, run_after=None
[2024-08-01T09:11:07.621+0000] {processor.py:176} INFO - Processing /home/airflow/.local/lib/python3.7/site-packages/airflow/example_dags/example_datasets.py took 0.435 seconds
[2024-08-01T09:11:38.419+0000] {processor.py:154} INFO - Started process (PID=1685) to work on /home/airflow/.local/lib/python3.7/site-packages/airflow/example_dags/example_datasets.py
[2024-08-01T09:11:38.421+0000] {processor.py:756} INFO - Processing file /home/airflow/.local/lib/python3.7/site-packages/airflow/example_dags/example_datasets.py for tasks to queue
[2024-08-01T09:11:38.422+0000] {logging_mixin.py:120} INFO - [2024-08-01T09:11:38.422+0000] {dagbag.py:537} INFO - Filling up the DagBag from /home/airflow/.local/lib/python3.7/site-packages/airflow/example_dags/example_datasets.py
[2024-08-01T09:11:38.449+0000] {processor.py:766} INFO - DAG(s) dict_keys(['dataset_consumes_1_and_2', 'dataset_produces_1', 'dataset_consumes_1', 'dataset_produces_2', 'dataset_consumes_1_never_scheduled', 'dataset_consumes_unknown_never_scheduled']) retrieved from /home/airflow/.local/lib/python3.7/site-packages/airflow/example_dags/example_datasets.py
[2024-08-01T09:11:38.513+0000] {logging_mixin.py:120} INFO - [2024-08-01T09:11:38.513+0000] {dag.py:2585} INFO - Sync 6 DAGs
[2024-08-01T09:11:38.570+0000] {logging_mixin.py:120} INFO - [2024-08-01T09:11:38.570+0000] {dag.py:3340} INFO - Setting next_dagrun for dataset_consumes_1 to None, run_after=None
[2024-08-01T09:11:38.597+0000] {logging_mixin.py:120} INFO - [2024-08-01T09:11:38.597+0000] {dag.py:3340} INFO - Setting next_dagrun for dataset_consumes_1_and_2 to None, run_after=None
[2024-08-01T09:11:38.656+0000] {logging_mixin.py:120} INFO - [2024-08-01T09:11:38.655+0000] {dag.py:3340} INFO - Setting next_dagrun for dataset_consumes_1_never_scheduled to None, run_after=None
[2024-08-01T09:11:38.661+0000] {logging_mixin.py:120} INFO - [2024-08-01T09:11:38.661+0000] {dag.py:3340} INFO - Setting next_dagrun for dataset_consumes_unknown_never_scheduled to None, run_after=None
[2024-08-01T09:11:38.675+0000] {logging_mixin.py:120} INFO - [2024-08-01T09:11:38.675+0000] {dag.py:3340} INFO - Setting next_dagrun for dataset_produces_1 to 2024-07-31T00:00:00+00:00, run_after=2024-08-01T00:00:00+00:00
[2024-08-01T09:11:38.678+0000] {logging_mixin.py:120} INFO - [2024-08-01T09:11:38.678+0000] {dag.py:3340} INFO - Setting next_dagrun for dataset_produces_2 to None, run_after=None
[2024-08-01T09:11:38.745+0000] {processor.py:176} INFO - Processing /home/airflow/.local/lib/python3.7/site-packages/airflow/example_dags/example_datasets.py took 0.329 seconds
[2024-08-01T09:12:09.444+0000] {processor.py:154} INFO - Started process (PID=1739) to work on /home/airflow/.local/lib/python3.7/site-packages/airflow/example_dags/example_datasets.py
[2024-08-01T09:12:09.541+0000] {processor.py:756} INFO - Processing file /home/airflow/.local/lib/python3.7/site-packages/airflow/example_dags/example_datasets.py for tasks to queue
[2024-08-01T09:12:09.555+0000] {logging_mixin.py:120} INFO - [2024-08-01T09:12:09.555+0000] {dagbag.py:537} INFO - Filling up the DagBag from /home/airflow/.local/lib/python3.7/site-packages/airflow/example_dags/example_datasets.py
[2024-08-01T09:12:09.611+0000] {processor.py:766} INFO - DAG(s) dict_keys(['dataset_consumes_1_and_2', 'dataset_consumes_unknown_never_scheduled', 'dataset_consumes_1', 'dataset_consumes_1_never_scheduled', 'dataset_produces_2', 'dataset_produces_1']) retrieved from /home/airflow/.local/lib/python3.7/site-packages/airflow/example_dags/example_datasets.py
[2024-08-01T09:12:09.685+0000] {logging_mixin.py:120} INFO - [2024-08-01T09:12:09.685+0000] {dag.py:2585} INFO - Sync 6 DAGs
[2024-08-01T09:12:09.808+0000] {logging_mixin.py:120} INFO - [2024-08-01T09:12:09.807+0000] {dag.py:3340} INFO - Setting next_dagrun for dataset_consumes_1 to None, run_after=None
[2024-08-01T09:12:09.885+0000] {logging_mixin.py:120} INFO - [2024-08-01T09:12:09.885+0000] {dag.py:3340} INFO - Setting next_dagrun for dataset_consumes_1_and_2 to None, run_after=None
[2024-08-01T09:12:09.899+0000] {logging_mixin.py:120} INFO - [2024-08-01T09:12:09.899+0000] {dag.py:3340} INFO - Setting next_dagrun for dataset_consumes_1_never_scheduled to None, run_after=None
[2024-08-01T09:12:09.905+0000] {logging_mixin.py:120} INFO - [2024-08-01T09:12:09.904+0000] {dag.py:3340} INFO - Setting next_dagrun for dataset_consumes_unknown_never_scheduled to None, run_after=None
[2024-08-01T09:12:09.911+0000] {logging_mixin.py:120} INFO - [2024-08-01T09:12:09.910+0000] {dag.py:3340} INFO - Setting next_dagrun for dataset_produces_1 to 2024-07-31T00:00:00+00:00, run_after=2024-08-01T00:00:00+00:00
[2024-08-01T09:12:09.918+0000] {logging_mixin.py:120} INFO - [2024-08-01T09:12:09.918+0000] {dag.py:3340} INFO - Setting next_dagrun for dataset_produces_2 to None, run_after=None
[2024-08-01T09:12:09.951+0000] {processor.py:176} INFO - Processing /home/airflow/.local/lib/python3.7/site-packages/airflow/example_dags/example_datasets.py took 0.512 seconds
[2024-08-01T09:12:40.188+0000] {processor.py:154} INFO - Started process (PID=1802) to work on /home/airflow/.local/lib/python3.7/site-packages/airflow/example_dags/example_datasets.py
[2024-08-01T09:12:40.191+0000] {processor.py:756} INFO - Processing file /home/airflow/.local/lib/python3.7/site-packages/airflow/example_dags/example_datasets.py for tasks to queue
[2024-08-01T09:12:40.196+0000] {logging_mixin.py:120} INFO - [2024-08-01T09:12:40.195+0000] {dagbag.py:537} INFO - Filling up the DagBag from /home/airflow/.local/lib/python3.7/site-packages/airflow/example_dags/example_datasets.py
[2024-08-01T09:12:40.239+0000] {processor.py:766} INFO - DAG(s) dict_keys(['dataset_consumes_1', 'dataset_produces_2', 'dataset_consumes_1_never_scheduled', 'dataset_consumes_unknown_never_scheduled', 'dataset_produces_1', 'dataset_consumes_1_and_2']) retrieved from /home/airflow/.local/lib/python3.7/site-packages/airflow/example_dags/example_datasets.py
[2024-08-01T09:12:40.398+0000] {logging_mixin.py:120} INFO - [2024-08-01T09:12:40.398+0000] {dag.py:2585} INFO - Sync 6 DAGs
[2024-08-01T09:12:40.516+0000] {logging_mixin.py:120} INFO - [2024-08-01T09:12:40.515+0000] {dag.py:3340} INFO - Setting next_dagrun for dataset_consumes_1 to None, run_after=None
[2024-08-01T09:12:40.599+0000] {logging_mixin.py:120} INFO - [2024-08-01T09:12:40.598+0000] {dag.py:3340} INFO - Setting next_dagrun for dataset_consumes_1_and_2 to None, run_after=None
[2024-08-01T09:12:40.612+0000] {logging_mixin.py:120} INFO - [2024-08-01T09:12:40.612+0000] {dag.py:3340} INFO - Setting next_dagrun for dataset_consumes_1_never_scheduled to None, run_after=None
[2024-08-01T09:12:40.638+0000] {logging_mixin.py:120} INFO - [2024-08-01T09:12:40.638+0000] {dag.py:3340} INFO - Setting next_dagrun for dataset_consumes_unknown_never_scheduled to None, run_after=None
[2024-08-01T09:12:40.719+0000] {logging_mixin.py:120} INFO - [2024-08-01T09:12:40.719+0000] {dag.py:3340} INFO - Setting next_dagrun for dataset_produces_1 to 2024-07-31T00:00:00+00:00, run_after=2024-08-01T00:00:00+00:00
[2024-08-01T09:12:40.740+0000] {logging_mixin.py:120} INFO - [2024-08-01T09:12:40.739+0000] {dag.py:3340} INFO - Setting next_dagrun for dataset_produces_2 to None, run_after=None
[2024-08-01T09:12:40.801+0000] {processor.py:176} INFO - Processing /home/airflow/.local/lib/python3.7/site-packages/airflow/example_dags/example_datasets.py took 0.617 seconds
[2024-08-01T09:13:11.584+0000] {processor.py:154} INFO - Started process (PID=1865) to work on /home/airflow/.local/lib/python3.7/site-packages/airflow/example_dags/example_datasets.py
[2024-08-01T09:13:11.752+0000] {processor.py:756} INFO - Processing file /home/airflow/.local/lib/python3.7/site-packages/airflow/example_dags/example_datasets.py for tasks to queue
[2024-08-01T09:13:11.769+0000] {logging_mixin.py:120} INFO - [2024-08-01T09:13:11.769+0000] {dagbag.py:537} INFO - Filling up the DagBag from /home/airflow/.local/lib/python3.7/site-packages/airflow/example_dags/example_datasets.py
[2024-08-01T09:13:11.802+0000] {processor.py:766} INFO - DAG(s) dict_keys(['dataset_produces_1', 'dataset_consumes_unknown_never_scheduled', 'dataset_consumes_1_never_scheduled', 'dataset_consumes_1_and_2', 'dataset_produces_2', 'dataset_consumes_1']) retrieved from /home/airflow/.local/lib/python3.7/site-packages/airflow/example_dags/example_datasets.py
[2024-08-01T09:13:12.000+0000] {logging_mixin.py:120} INFO - [2024-08-01T09:13:12.000+0000] {dag.py:2585} INFO - Sync 6 DAGs
[2024-08-01T09:13:12.088+0000] {logging_mixin.py:120} INFO - [2024-08-01T09:13:12.087+0000] {dag.py:3340} INFO - Setting next_dagrun for dataset_consumes_1 to None, run_after=None
[2024-08-01T09:13:12.157+0000] {logging_mixin.py:120} INFO - [2024-08-01T09:13:12.157+0000] {dag.py:3340} INFO - Setting next_dagrun for dataset_consumes_1_and_2 to None, run_after=None
[2024-08-01T09:13:12.166+0000] {logging_mixin.py:120} INFO - [2024-08-01T09:13:12.165+0000] {dag.py:3340} INFO - Setting next_dagrun for dataset_consumes_1_never_scheduled to None, run_after=None
[2024-08-01T09:13:12.171+0000] {logging_mixin.py:120} INFO - [2024-08-01T09:13:12.170+0000] {dag.py:3340} INFO - Setting next_dagrun for dataset_consumes_unknown_never_scheduled to None, run_after=None
[2024-08-01T09:13:12.179+0000] {logging_mixin.py:120} INFO - [2024-08-01T09:13:12.179+0000] {dag.py:3340} INFO - Setting next_dagrun for dataset_produces_1 to 2024-07-31T00:00:00+00:00, run_after=2024-08-01T00:00:00+00:00
[2024-08-01T09:13:12.183+0000] {logging_mixin.py:120} INFO - [2024-08-01T09:13:12.183+0000] {dag.py:3340} INFO - Setting next_dagrun for dataset_produces_2 to None, run_after=None
[2024-08-01T09:13:12.247+0000] {processor.py:176} INFO - Processing /home/airflow/.local/lib/python3.7/site-packages/airflow/example_dags/example_datasets.py took 0.666 seconds
[2024-08-01T09:13:42.859+0000] {processor.py:154} INFO - Started process (PID=1919) to work on /home/airflow/.local/lib/python3.7/site-packages/airflow/example_dags/example_datasets.py
[2024-08-01T09:13:42.861+0000] {processor.py:756} INFO - Processing file /home/airflow/.local/lib/python3.7/site-packages/airflow/example_dags/example_datasets.py for tasks to queue
[2024-08-01T09:13:42.862+0000] {logging_mixin.py:120} INFO - [2024-08-01T09:13:42.862+0000] {dagbag.py:537} INFO - Filling up the DagBag from /home/airflow/.local/lib/python3.7/site-packages/airflow/example_dags/example_datasets.py
[2024-08-01T09:13:42.876+0000] {processor.py:766} INFO - DAG(s) dict_keys(['dataset_produces_1', 'dataset_consumes_1', 'dataset_consumes_unknown_never_scheduled', 'dataset_produces_2', 'dataset_consumes_1_never_scheduled', 'dataset_consumes_1_and_2']) retrieved from /home/airflow/.local/lib/python3.7/site-packages/airflow/example_dags/example_datasets.py
[2024-08-01T09:13:42.943+0000] {logging_mixin.py:120} INFO - [2024-08-01T09:13:42.943+0000] {dag.py:2585} INFO - Sync 6 DAGs
[2024-08-01T09:13:42.975+0000] {logging_mixin.py:120} INFO - [2024-08-01T09:13:42.975+0000] {dag.py:3340} INFO - Setting next_dagrun for dataset_consumes_1 to None, run_after=None
[2024-08-01T09:13:42.979+0000] {logging_mixin.py:120} INFO - [2024-08-01T09:13:42.979+0000] {dag.py:3340} INFO - Setting next_dagrun for dataset_consumes_1_and_2 to None, run_after=None
[2024-08-01T09:13:42.981+0000] {logging_mixin.py:120} INFO - [2024-08-01T09:13:42.981+0000] {dag.py:3340} INFO - Setting next_dagrun for dataset_consumes_1_never_scheduled to None, run_after=None
[2024-08-01T09:13:42.982+0000] {logging_mixin.py:120} INFO - [2024-08-01T09:13:42.982+0000] {dag.py:3340} INFO - Setting next_dagrun for dataset_consumes_unknown_never_scheduled to None, run_after=None
[2024-08-01T09:13:42.985+0000] {logging_mixin.py:120} INFO - [2024-08-01T09:13:42.985+0000] {dag.py:3340} INFO - Setting next_dagrun for dataset_produces_1 to 2024-07-31T00:00:00+00:00, run_after=2024-08-01T00:00:00+00:00
[2024-08-01T09:13:42.987+0000] {logging_mixin.py:120} INFO - [2024-08-01T09:13:42.987+0000] {dag.py:3340} INFO - Setting next_dagrun for dataset_produces_2 to None, run_after=None
[2024-08-01T09:13:43.027+0000] {processor.py:176} INFO - Processing /home/airflow/.local/lib/python3.7/site-packages/airflow/example_dags/example_datasets.py took 0.172 seconds
[2024-08-01T09:14:13.318+0000] {processor.py:154} INFO - Started process (PID=1983) to work on /home/airflow/.local/lib/python3.7/site-packages/airflow/example_dags/example_datasets.py
[2024-08-01T09:14:13.319+0000] {processor.py:756} INFO - Processing file /home/airflow/.local/lib/python3.7/site-packages/airflow/example_dags/example_datasets.py for tasks to queue
[2024-08-01T09:14:13.321+0000] {logging_mixin.py:120} INFO - [2024-08-01T09:14:13.321+0000] {dagbag.py:537} INFO - Filling up the DagBag from /home/airflow/.local/lib/python3.7/site-packages/airflow/example_dags/example_datasets.py
[2024-08-01T09:14:13.357+0000] {processor.py:766} INFO - DAG(s) dict_keys(['dataset_consumes_1', 'dataset_consumes_1_and_2', 'dataset_produces_2', 'dataset_produces_1', 'dataset_consumes_unknown_never_scheduled', 'dataset_consumes_1_never_scheduled']) retrieved from /home/airflow/.local/lib/python3.7/site-packages/airflow/example_dags/example_datasets.py
[2024-08-01T09:14:13.555+0000] {logging_mixin.py:120} INFO - [2024-08-01T09:14:13.555+0000] {dag.py:2585} INFO - Sync 6 DAGs
[2024-08-01T09:14:13.665+0000] {logging_mixin.py:120} INFO - [2024-08-01T09:14:13.665+0000] {dag.py:3340} INFO - Setting next_dagrun for dataset_consumes_1 to None, run_after=None
[2024-08-01T09:14:13.773+0000] {logging_mixin.py:120} INFO - [2024-08-01T09:14:13.773+0000] {dag.py:3340} INFO - Setting next_dagrun for dataset_consumes_1_and_2 to None, run_after=None
[2024-08-01T09:14:13.787+0000] {logging_mixin.py:120} INFO - [2024-08-01T09:14:13.787+0000] {dag.py:3340} INFO - Setting next_dagrun for dataset_consumes_1_never_scheduled to None, run_after=None
[2024-08-01T09:14:13.790+0000] {logging_mixin.py:120} INFO - [2024-08-01T09:14:13.790+0000] {dag.py:3340} INFO - Setting next_dagrun for dataset_consumes_unknown_never_scheduled to None, run_after=None
[2024-08-01T09:14:13.797+0000] {logging_mixin.py:120} INFO - [2024-08-01T09:14:13.797+0000] {dag.py:3340} INFO - Setting next_dagrun for dataset_produces_1 to 2024-07-31T00:00:00+00:00, run_after=2024-08-01T00:00:00+00:00
[2024-08-01T09:14:13.805+0000] {logging_mixin.py:120} INFO - [2024-08-01T09:14:13.805+0000] {dag.py:3340} INFO - Setting next_dagrun for dataset_produces_2 to None, run_after=None
[2024-08-01T09:14:13.852+0000] {processor.py:176} INFO - Processing /home/airflow/.local/lib/python3.7/site-packages/airflow/example_dags/example_datasets.py took 0.537 seconds
[2024-08-01T09:14:45.142+0000] {processor.py:154} INFO - Started process (PID=2037) to work on /home/airflow/.local/lib/python3.7/site-packages/airflow/example_dags/example_datasets.py
[2024-08-01T09:14:45.143+0000] {processor.py:756} INFO - Processing file /home/airflow/.local/lib/python3.7/site-packages/airflow/example_dags/example_datasets.py for tasks to queue
[2024-08-01T09:14:45.144+0000] {logging_mixin.py:120} INFO - [2024-08-01T09:14:45.144+0000] {dagbag.py:537} INFO - Filling up the DagBag from /home/airflow/.local/lib/python3.7/site-packages/airflow/example_dags/example_datasets.py
[2024-08-01T09:14:45.164+0000] {processor.py:766} INFO - DAG(s) dict_keys(['dataset_produces_1', 'dataset_consumes_1_and_2', 'dataset_consumes_1', 'dataset_consumes_unknown_never_scheduled', 'dataset_produces_2', 'dataset_consumes_1_never_scheduled']) retrieved from /home/airflow/.local/lib/python3.7/site-packages/airflow/example_dags/example_datasets.py
[2024-08-01T09:14:45.265+0000] {logging_mixin.py:120} INFO - [2024-08-01T09:14:45.264+0000] {dag.py:2585} INFO - Sync 6 DAGs
[2024-08-01T09:14:45.316+0000] {logging_mixin.py:120} INFO - [2024-08-01T09:14:45.316+0000] {dag.py:3340} INFO - Setting next_dagrun for dataset_consumes_1 to None, run_after=None
[2024-08-01T09:14:45.363+0000] {logging_mixin.py:120} INFO - [2024-08-01T09:14:45.362+0000] {dag.py:3340} INFO - Setting next_dagrun for dataset_consumes_1_and_2 to None, run_after=None
[2024-08-01T09:14:45.397+0000] {logging_mixin.py:120} INFO - [2024-08-01T09:14:45.396+0000] {dag.py:3340} INFO - Setting next_dagrun for dataset_consumes_1_never_scheduled to None, run_after=None
[2024-08-01T09:14:45.405+0000] {logging_mixin.py:120} INFO - [2024-08-01T09:14:45.405+0000] {dag.py:3340} INFO - Setting next_dagrun for dataset_consumes_unknown_never_scheduled to None, run_after=None
[2024-08-01T09:14:45.415+0000] {logging_mixin.py:120} INFO - [2024-08-01T09:14:45.415+0000] {dag.py:3340} INFO - Setting next_dagrun for dataset_produces_1 to 2024-07-31T00:00:00+00:00, run_after=2024-08-01T00:00:00+00:00
[2024-08-01T09:14:45.420+0000] {logging_mixin.py:120} INFO - [2024-08-01T09:14:45.420+0000] {dag.py:3340} INFO - Setting next_dagrun for dataset_produces_2 to None, run_after=None
[2024-08-01T09:14:45.494+0000] {processor.py:176} INFO - Processing /home/airflow/.local/lib/python3.7/site-packages/airflow/example_dags/example_datasets.py took 0.356 seconds
[2024-08-01T09:15:16.242+0000] {processor.py:154} INFO - Started process (PID=2100) to work on /home/airflow/.local/lib/python3.7/site-packages/airflow/example_dags/example_datasets.py
[2024-08-01T09:15:16.245+0000] {processor.py:756} INFO - Processing file /home/airflow/.local/lib/python3.7/site-packages/airflow/example_dags/example_datasets.py for tasks to queue
[2024-08-01T09:15:16.247+0000] {logging_mixin.py:120} INFO - [2024-08-01T09:15:16.247+0000] {dagbag.py:537} INFO - Filling up the DagBag from /home/airflow/.local/lib/python3.7/site-packages/airflow/example_dags/example_datasets.py
[2024-08-01T09:15:16.272+0000] {processor.py:766} INFO - DAG(s) dict_keys(['dataset_consumes_unknown_never_scheduled', 'dataset_produces_1', 'dataset_consumes_1_never_scheduled', 'dataset_consumes_1', 'dataset_produces_2', 'dataset_consumes_1_and_2']) retrieved from /home/airflow/.local/lib/python3.7/site-packages/airflow/example_dags/example_datasets.py
[2024-08-01T09:15:16.355+0000] {logging_mixin.py:120} INFO - [2024-08-01T09:15:16.355+0000] {dag.py:2585} INFO - Sync 6 DAGs
[2024-08-01T09:15:16.391+0000] {logging_mixin.py:120} INFO - [2024-08-01T09:15:16.391+0000] {dag.py:3340} INFO - Setting next_dagrun for dataset_consumes_1 to None, run_after=None
[2024-08-01T09:15:16.396+0000] {logging_mixin.py:120} INFO - [2024-08-01T09:15:16.396+0000] {dag.py:3340} INFO - Setting next_dagrun for dataset_consumes_1_and_2 to None, run_after=None
[2024-08-01T09:15:16.399+0000] {logging_mixin.py:120} INFO - [2024-08-01T09:15:16.398+0000] {dag.py:3340} INFO - Setting next_dagrun for dataset_consumes_1_never_scheduled to None, run_after=None
[2024-08-01T09:15:16.401+0000] {logging_mixin.py:120} INFO - [2024-08-01T09:15:16.401+0000] {dag.py:3340} INFO - Setting next_dagrun for dataset_consumes_unknown_never_scheduled to None, run_after=None
[2024-08-01T09:15:16.406+0000] {logging_mixin.py:120} INFO - [2024-08-01T09:15:16.406+0000] {dag.py:3340} INFO - Setting next_dagrun for dataset_produces_1 to 2024-07-31T00:00:00+00:00, run_after=2024-08-01T00:00:00+00:00
[2024-08-01T09:15:16.409+0000] {logging_mixin.py:120} INFO - [2024-08-01T09:15:16.409+0000] {dag.py:3340} INFO - Setting next_dagrun for dataset_produces_2 to None, run_after=None
[2024-08-01T09:15:16.462+0000] {processor.py:176} INFO - Processing /home/airflow/.local/lib/python3.7/site-packages/airflow/example_dags/example_datasets.py took 0.224 seconds
[2024-08-01T09:15:46.533+0000] {processor.py:154} INFO - Started process (PID=2163) to work on /home/airflow/.local/lib/python3.7/site-packages/airflow/example_dags/example_datasets.py
[2024-08-01T09:15:46.534+0000] {processor.py:756} INFO - Processing file /home/airflow/.local/lib/python3.7/site-packages/airflow/example_dags/example_datasets.py for tasks to queue
[2024-08-01T09:15:46.535+0000] {logging_mixin.py:120} INFO - [2024-08-01T09:15:46.535+0000] {dagbag.py:537} INFO - Filling up the DagBag from /home/airflow/.local/lib/python3.7/site-packages/airflow/example_dags/example_datasets.py
[2024-08-01T09:15:46.558+0000] {processor.py:766} INFO - DAG(s) dict_keys(['dataset_produces_1', 'dataset_consumes_1', 'dataset_consumes_1_never_scheduled', 'dataset_consumes_1_and_2', 'dataset_produces_2', 'dataset_consumes_unknown_never_scheduled']) retrieved from /home/airflow/.local/lib/python3.7/site-packages/airflow/example_dags/example_datasets.py
[2024-08-01T09:15:46.619+0000] {logging_mixin.py:120} INFO - [2024-08-01T09:15:46.619+0000] {dag.py:2585} INFO - Sync 6 DAGs
[2024-08-01T09:15:46.648+0000] {logging_mixin.py:120} INFO - [2024-08-01T09:15:46.648+0000] {dag.py:3340} INFO - Setting next_dagrun for dataset_consumes_1 to None, run_after=None
[2024-08-01T09:15:46.654+0000] {logging_mixin.py:120} INFO - [2024-08-01T09:15:46.654+0000] {dag.py:3340} INFO - Setting next_dagrun for dataset_consumes_1_and_2 to None, run_after=None
[2024-08-01T09:15:46.657+0000] {logging_mixin.py:120} INFO - [2024-08-01T09:15:46.657+0000] {dag.py:3340} INFO - Setting next_dagrun for dataset_consumes_1_never_scheduled to None, run_after=None
[2024-08-01T09:15:46.659+0000] {logging_mixin.py:120} INFO - [2024-08-01T09:15:46.658+0000] {dag.py:3340} INFO - Setting next_dagrun for dataset_consumes_unknown_never_scheduled to None, run_after=None
[2024-08-01T09:15:46.662+0000] {logging_mixin.py:120} INFO - [2024-08-01T09:15:46.662+0000] {dag.py:3340} INFO - Setting next_dagrun for dataset_produces_1 to 2024-07-31T00:00:00+00:00, run_after=2024-08-01T00:00:00+00:00
[2024-08-01T09:15:46.664+0000] {logging_mixin.py:120} INFO - [2024-08-01T09:15:46.664+0000] {dag.py:3340} INFO - Setting next_dagrun for dataset_produces_2 to None, run_after=None
[2024-08-01T09:15:46.690+0000] {processor.py:176} INFO - Processing /home/airflow/.local/lib/python3.7/site-packages/airflow/example_dags/example_datasets.py took 0.161 seconds
[2024-08-01T09:16:17.942+0000] {processor.py:154} INFO - Started process (PID=2217) to work on /home/airflow/.local/lib/python3.7/site-packages/airflow/example_dags/example_datasets.py
[2024-08-01T09:16:17.951+0000] {processor.py:756} INFO - Processing file /home/airflow/.local/lib/python3.7/site-packages/airflow/example_dags/example_datasets.py for tasks to queue
[2024-08-01T09:16:18.044+0000] {logging_mixin.py:120} INFO - [2024-08-01T09:16:18.044+0000] {dagbag.py:537} INFO - Filling up the DagBag from /home/airflow/.local/lib/python3.7/site-packages/airflow/example_dags/example_datasets.py
[2024-08-01T09:16:18.088+0000] {processor.py:766} INFO - DAG(s) dict_keys(['dataset_consumes_1_never_scheduled', 'dataset_produces_1', 'dataset_consumes_unknown_never_scheduled', 'dataset_consumes_1', 'dataset_produces_2', 'dataset_consumes_1_and_2']) retrieved from /home/airflow/.local/lib/python3.7/site-packages/airflow/example_dags/example_datasets.py
[2024-08-01T09:16:18.298+0000] {logging_mixin.py:120} INFO - [2024-08-01T09:16:18.298+0000] {dag.py:2585} INFO - Sync 6 DAGs
[2024-08-01T09:16:18.429+0000] {logging_mixin.py:120} INFO - [2024-08-01T09:16:18.429+0000] {dag.py:3340} INFO - Setting next_dagrun for dataset_consumes_1 to None, run_after=None
[2024-08-01T09:16:18.542+0000] {logging_mixin.py:120} INFO - [2024-08-01T09:16:18.542+0000] {dag.py:3340} INFO - Setting next_dagrun for dataset_consumes_1_and_2 to None, run_after=None
[2024-08-01T09:16:18.553+0000] {logging_mixin.py:120} INFO - [2024-08-01T09:16:18.553+0000] {dag.py:3340} INFO - Setting next_dagrun for dataset_consumes_1_never_scheduled to None, run_after=None
[2024-08-01T09:16:18.578+0000] {logging_mixin.py:120} INFO - [2024-08-01T09:16:18.578+0000] {dag.py:3340} INFO - Setting next_dagrun for dataset_consumes_unknown_never_scheduled to None, run_after=None
[2024-08-01T09:16:18.587+0000] {logging_mixin.py:120} INFO - [2024-08-01T09:16:18.587+0000] {dag.py:3340} INFO - Setting next_dagrun for dataset_produces_1 to 2024-07-31T00:00:00+00:00, run_after=2024-08-01T00:00:00+00:00
[2024-08-01T09:16:18.593+0000] {logging_mixin.py:120} INFO - [2024-08-01T09:16:18.593+0000] {dag.py:3340} INFO - Setting next_dagrun for dataset_produces_2 to None, run_after=None
[2024-08-01T09:16:18.788+0000] {processor.py:176} INFO - Processing /home/airflow/.local/lib/python3.7/site-packages/airflow/example_dags/example_datasets.py took 0.850 seconds
[2024-08-01T09:16:49.184+0000] {processor.py:154} INFO - Started process (PID=2281) to work on /home/airflow/.local/lib/python3.7/site-packages/airflow/example_dags/example_datasets.py
[2024-08-01T09:16:49.185+0000] {processor.py:756} INFO - Processing file /home/airflow/.local/lib/python3.7/site-packages/airflow/example_dags/example_datasets.py for tasks to queue
[2024-08-01T09:16:49.186+0000] {logging_mixin.py:120} INFO - [2024-08-01T09:16:49.186+0000] {dagbag.py:537} INFO - Filling up the DagBag from /home/airflow/.local/lib/python3.7/site-packages/airflow/example_dags/example_datasets.py
[2024-08-01T09:16:49.203+0000] {processor.py:766} INFO - DAG(s) dict_keys(['dataset_produces_1', 'dataset_produces_2', 'dataset_consumes_1_and_2', 'dataset_consumes_1_never_scheduled', 'dataset_consumes_unknown_never_scheduled', 'dataset_consumes_1']) retrieved from /home/airflow/.local/lib/python3.7/site-packages/airflow/example_dags/example_datasets.py
[2024-08-01T09:16:49.283+0000] {logging_mixin.py:120} INFO - [2024-08-01T09:16:49.283+0000] {dag.py:2585} INFO - Sync 6 DAGs
[2024-08-01T09:16:49.433+0000] {logging_mixin.py:120} INFO - [2024-08-01T09:16:49.432+0000] {dag.py:3340} INFO - Setting next_dagrun for dataset_consumes_1 to None, run_after=None
[2024-08-01T09:16:49.445+0000] {logging_mixin.py:120} INFO - [2024-08-01T09:16:49.444+0000] {dag.py:3340} INFO - Setting next_dagrun for dataset_consumes_1_and_2 to None, run_after=None
[2024-08-01T09:16:49.537+0000] {logging_mixin.py:120} INFO - [2024-08-01T09:16:49.537+0000] {dag.py:3340} INFO - Setting next_dagrun for dataset_consumes_1_never_scheduled to None, run_after=None
[2024-08-01T09:16:49.545+0000] {logging_mixin.py:120} INFO - [2024-08-01T09:16:49.545+0000] {dag.py:3340} INFO - Setting next_dagrun for dataset_consumes_unknown_never_scheduled to None, run_after=None
[2024-08-01T09:16:49.566+0000] {logging_mixin.py:120} INFO - [2024-08-01T09:16:49.565+0000] {dag.py:3340} INFO - Setting next_dagrun for dataset_produces_1 to 2024-07-31T00:00:00+00:00, run_after=2024-08-01T00:00:00+00:00
[2024-08-01T09:16:49.577+0000] {logging_mixin.py:120} INFO - [2024-08-01T09:16:49.576+0000] {dag.py:3340} INFO - Setting next_dagrun for dataset_produces_2 to None, run_after=None
[2024-08-01T09:16:49.617+0000] {processor.py:176} INFO - Processing /home/airflow/.local/lib/python3.7/site-packages/airflow/example_dags/example_datasets.py took 0.436 seconds
[2024-08-01T09:17:19.724+0000] {processor.py:154} INFO - Started process (PID=2335) to work on /home/airflow/.local/lib/python3.7/site-packages/airflow/example_dags/example_datasets.py
[2024-08-01T09:17:19.725+0000] {processor.py:756} INFO - Processing file /home/airflow/.local/lib/python3.7/site-packages/airflow/example_dags/example_datasets.py for tasks to queue
[2024-08-01T09:17:19.726+0000] {logging_mixin.py:120} INFO - [2024-08-01T09:17:19.726+0000] {dagbag.py:537} INFO - Filling up the DagBag from /home/airflow/.local/lib/python3.7/site-packages/airflow/example_dags/example_datasets.py
[2024-08-01T09:17:19.743+0000] {processor.py:766} INFO - DAG(s) dict_keys(['dataset_produces_2', 'dataset_consumes_unknown_never_scheduled', 'dataset_consumes_1_never_scheduled', 'dataset_consumes_1', 'dataset_consumes_1_and_2', 'dataset_produces_1']) retrieved from /home/airflow/.local/lib/python3.7/site-packages/airflow/example_dags/example_datasets.py
[2024-08-01T09:17:19.811+0000] {logging_mixin.py:120} INFO - [2024-08-01T09:17:19.810+0000] {dag.py:2585} INFO - Sync 6 DAGs
[2024-08-01T09:17:20.057+0000] {logging_mixin.py:120} INFO - [2024-08-01T09:17:20.057+0000] {dag.py:3340} INFO - Setting next_dagrun for dataset_consumes_1 to None, run_after=None
[2024-08-01T09:17:20.234+0000] {logging_mixin.py:120} INFO - [2024-08-01T09:17:20.234+0000] {dag.py:3340} INFO - Setting next_dagrun for dataset_consumes_1_and_2 to None, run_after=None
[2024-08-01T09:17:20.238+0000] {logging_mixin.py:120} INFO - [2024-08-01T09:17:20.238+0000] {dag.py:3340} INFO - Setting next_dagrun for dataset_consumes_1_never_scheduled to None, run_after=None
[2024-08-01T09:17:20.246+0000] {logging_mixin.py:120} INFO - [2024-08-01T09:17:20.246+0000] {dag.py:3340} INFO - Setting next_dagrun for dataset_consumes_unknown_never_scheduled to None, run_after=None
[2024-08-01T09:17:20.253+0000] {logging_mixin.py:120} INFO - [2024-08-01T09:17:20.253+0000] {dag.py:3340} INFO - Setting next_dagrun for dataset_produces_1 to 2024-07-31T00:00:00+00:00, run_after=2024-08-01T00:00:00+00:00
[2024-08-01T09:17:20.343+0000] {logging_mixin.py:120} INFO - [2024-08-01T09:17:20.343+0000] {dag.py:3340} INFO - Setting next_dagrun for dataset_produces_2 to None, run_after=None
[2024-08-01T09:17:20.393+0000] {processor.py:176} INFO - Processing /home/airflow/.local/lib/python3.7/site-packages/airflow/example_dags/example_datasets.py took 0.673 seconds
[2024-08-01T09:17:54.129+0000] {processor.py:154} INFO - Started process (PID=2398) to work on /home/airflow/.local/lib/python3.7/site-packages/airflow/example_dags/example_datasets.py
[2024-08-01T09:17:54.131+0000] {processor.py:756} INFO - Processing file /home/airflow/.local/lib/python3.7/site-packages/airflow/example_dags/example_datasets.py for tasks to queue
[2024-08-01T09:17:54.133+0000] {logging_mixin.py:120} INFO - [2024-08-01T09:17:54.132+0000] {dagbag.py:537} INFO - Filling up the DagBag from /home/airflow/.local/lib/python3.7/site-packages/airflow/example_dags/example_datasets.py
[2024-08-01T09:17:54.165+0000] {processor.py:766} INFO - DAG(s) dict_keys(['dataset_produces_2', 'dataset_consumes_1_never_scheduled', 'dataset_consumes_1_and_2', 'dataset_produces_1', 'dataset_consumes_unknown_never_scheduled', 'dataset_consumes_1']) retrieved from /home/airflow/.local/lib/python3.7/site-packages/airflow/example_dags/example_datasets.py
[2024-08-01T09:17:54.353+0000] {logging_mixin.py:120} INFO - [2024-08-01T09:17:54.353+0000] {dag.py:2585} INFO - Sync 6 DAGs
[2024-08-01T09:17:54.438+0000] {logging_mixin.py:120} INFO - [2024-08-01T09:17:54.437+0000] {dag.py:3340} INFO - Setting next_dagrun for dataset_consumes_1 to None, run_after=None
[2024-08-01T09:17:54.450+0000] {logging_mixin.py:120} INFO - [2024-08-01T09:17:54.450+0000] {dag.py:3340} INFO - Setting next_dagrun for dataset_consumes_1_and_2 to None, run_after=None
[2024-08-01T09:17:54.458+0000] {logging_mixin.py:120} INFO - [2024-08-01T09:17:54.458+0000] {dag.py:3340} INFO - Setting next_dagrun for dataset_consumes_1_never_scheduled to None, run_after=None
[2024-08-01T09:17:54.462+0000] {logging_mixin.py:120} INFO - [2024-08-01T09:17:54.462+0000] {dag.py:3340} INFO - Setting next_dagrun for dataset_consumes_unknown_never_scheduled to None, run_after=None
[2024-08-01T09:17:54.467+0000] {logging_mixin.py:120} INFO - [2024-08-01T09:17:54.467+0000] {dag.py:3340} INFO - Setting next_dagrun for dataset_produces_1 to 2024-07-31T00:00:00+00:00, run_after=2024-08-01T00:00:00+00:00
[2024-08-01T09:17:54.473+0000] {logging_mixin.py:120} INFO - [2024-08-01T09:17:54.473+0000] {dag.py:3340} INFO - Setting next_dagrun for dataset_produces_2 to None, run_after=None
[2024-08-01T09:17:54.538+0000] {processor.py:176} INFO - Processing /home/airflow/.local/lib/python3.7/site-packages/airflow/example_dags/example_datasets.py took 0.413 seconds
[2024-08-01T09:18:24.985+0000] {processor.py:154} INFO - Started process (PID=2463) to work on /home/airflow/.local/lib/python3.7/site-packages/airflow/example_dags/example_datasets.py
[2024-08-01T09:18:25.026+0000] {processor.py:756} INFO - Processing file /home/airflow/.local/lib/python3.7/site-packages/airflow/example_dags/example_datasets.py for tasks to queue
[2024-08-01T09:18:25.036+0000] {logging_mixin.py:120} INFO - [2024-08-01T09:18:25.036+0000] {dagbag.py:537} INFO - Filling up the DagBag from /home/airflow/.local/lib/python3.7/site-packages/airflow/example_dags/example_datasets.py
[2024-08-01T09:18:25.063+0000] {processor.py:766} INFO - DAG(s) dict_keys(['dataset_produces_1', 'dataset_consumes_unknown_never_scheduled', 'dataset_consumes_1_and_2', 'dataset_produces_2', 'dataset_consumes_1', 'dataset_consumes_1_never_scheduled']) retrieved from /home/airflow/.local/lib/python3.7/site-packages/airflow/example_dags/example_datasets.py
[2024-08-01T09:18:25.236+0000] {logging_mixin.py:120} INFO - [2024-08-01T09:18:25.236+0000] {dag.py:2585} INFO - Sync 6 DAGs
[2024-08-01T09:18:25.265+0000] {logging_mixin.py:120} INFO - [2024-08-01T09:18:25.265+0000] {dag.py:3340} INFO - Setting next_dagrun for dataset_consumes_1 to None, run_after=None
[2024-08-01T09:18:25.270+0000] {logging_mixin.py:120} INFO - [2024-08-01T09:18:25.270+0000] {dag.py:3340} INFO - Setting next_dagrun for dataset_consumes_1_and_2 to None, run_after=None
[2024-08-01T09:18:25.272+0000] {logging_mixin.py:120} INFO - [2024-08-01T09:18:25.272+0000] {dag.py:3340} INFO - Setting next_dagrun for dataset_consumes_1_never_scheduled to None, run_after=None
[2024-08-01T09:18:25.274+0000] {logging_mixin.py:120} INFO - [2024-08-01T09:18:25.274+0000] {dag.py:3340} INFO - Setting next_dagrun for dataset_consumes_unknown_never_scheduled to None, run_after=None
[2024-08-01T09:18:25.278+0000] {logging_mixin.py:120} INFO - [2024-08-01T09:18:25.278+0000] {dag.py:3340} INFO - Setting next_dagrun for dataset_produces_1 to 2024-07-31T00:00:00+00:00, run_after=2024-08-01T00:00:00+00:00
[2024-08-01T09:18:25.281+0000] {logging_mixin.py:120} INFO - [2024-08-01T09:18:25.281+0000] {dag.py:3340} INFO - Setting next_dagrun for dataset_produces_2 to None, run_after=None
[2024-08-01T09:18:25.320+0000] {processor.py:176} INFO - Processing /home/airflow/.local/lib/python3.7/site-packages/airflow/example_dags/example_datasets.py took 0.338 seconds
[2024-08-01T09:18:56.213+0000] {processor.py:154} INFO - Started process (PID=2518) to work on /home/airflow/.local/lib/python3.7/site-packages/airflow/example_dags/example_datasets.py
[2024-08-01T09:18:56.215+0000] {processor.py:756} INFO - Processing file /home/airflow/.local/lib/python3.7/site-packages/airflow/example_dags/example_datasets.py for tasks to queue
[2024-08-01T09:18:56.217+0000] {logging_mixin.py:120} INFO - [2024-08-01T09:18:56.216+0000] {dagbag.py:537} INFO - Filling up the DagBag from /home/airflow/.local/lib/python3.7/site-packages/airflow/example_dags/example_datasets.py
[2024-08-01T09:18:56.239+0000] {processor.py:766} INFO - DAG(s) dict_keys(['dataset_produces_1', 'dataset_consumes_1_and_2', 'dataset_produces_2', 'dataset_consumes_1_never_scheduled', 'dataset_consumes_unknown_never_scheduled', 'dataset_consumes_1']) retrieved from /home/airflow/.local/lib/python3.7/site-packages/airflow/example_dags/example_datasets.py
[2024-08-01T09:18:56.309+0000] {logging_mixin.py:120} INFO - [2024-08-01T09:18:56.309+0000] {dag.py:2585} INFO - Sync 6 DAGs
[2024-08-01T09:18:56.339+0000] {logging_mixin.py:120} INFO - [2024-08-01T09:18:56.338+0000] {dag.py:3340} INFO - Setting next_dagrun for dataset_consumes_1 to None, run_after=None
[2024-08-01T09:18:56.343+0000] {logging_mixin.py:120} INFO - [2024-08-01T09:18:56.343+0000] {dag.py:3340} INFO - Setting next_dagrun for dataset_consumes_1_and_2 to None, run_after=None
[2024-08-01T09:18:56.345+0000] {logging_mixin.py:120} INFO - [2024-08-01T09:18:56.345+0000] {dag.py:3340} INFO - Setting next_dagrun for dataset_consumes_1_never_scheduled to None, run_after=None
[2024-08-01T09:18:56.348+0000] {logging_mixin.py:120} INFO - [2024-08-01T09:18:56.347+0000] {dag.py:3340} INFO - Setting next_dagrun for dataset_consumes_unknown_never_scheduled to None, run_after=None
[2024-08-01T09:18:56.351+0000] {logging_mixin.py:120} INFO - [2024-08-01T09:18:56.351+0000] {dag.py:3340} INFO - Setting next_dagrun for dataset_produces_1 to 2024-07-31T00:00:00+00:00, run_after=2024-08-01T00:00:00+00:00
[2024-08-01T09:18:56.353+0000] {logging_mixin.py:120} INFO - [2024-08-01T09:18:56.353+0000] {dag.py:3340} INFO - Setting next_dagrun for dataset_produces_2 to None, run_after=None
[2024-08-01T09:18:56.398+0000] {processor.py:176} INFO - Processing /home/airflow/.local/lib/python3.7/site-packages/airflow/example_dags/example_datasets.py took 0.188 seconds
[2024-08-01T09:19:27.367+0000] {processor.py:154} INFO - Started process (PID=2582) to work on /home/airflow/.local/lib/python3.7/site-packages/airflow/example_dags/example_datasets.py
[2024-08-01T09:19:27.369+0000] {processor.py:756} INFO - Processing file /home/airflow/.local/lib/python3.7/site-packages/airflow/example_dags/example_datasets.py for tasks to queue
[2024-08-01T09:19:27.371+0000] {logging_mixin.py:120} INFO - [2024-08-01T09:19:27.371+0000] {dagbag.py:537} INFO - Filling up the DagBag from /home/airflow/.local/lib/python3.7/site-packages/airflow/example_dags/example_datasets.py
[2024-08-01T09:19:27.393+0000] {processor.py:766} INFO - DAG(s) dict_keys(['dataset_consumes_unknown_never_scheduled', 'dataset_produces_1', 'dataset_consumes_1', 'dataset_produces_2', 'dataset_consumes_1_never_scheduled', 'dataset_consumes_1_and_2']) retrieved from /home/airflow/.local/lib/python3.7/site-packages/airflow/example_dags/example_datasets.py
[2024-08-01T09:19:27.486+0000] {logging_mixin.py:120} INFO - [2024-08-01T09:19:27.486+0000] {dag.py:2585} INFO - Sync 6 DAGs
[2024-08-01T09:19:27.523+0000] {logging_mixin.py:120} INFO - [2024-08-01T09:19:27.523+0000] {dag.py:3340} INFO - Setting next_dagrun for dataset_consumes_1 to None, run_after=None
[2024-08-01T09:19:27.529+0000] {logging_mixin.py:120} INFO - [2024-08-01T09:19:27.529+0000] {dag.py:3340} INFO - Setting next_dagrun for dataset_consumes_1_and_2 to None, run_after=None
[2024-08-01T09:19:27.531+0000] {logging_mixin.py:120} INFO - [2024-08-01T09:19:27.531+0000] {dag.py:3340} INFO - Setting next_dagrun for dataset_consumes_1_never_scheduled to None, run_after=None
[2024-08-01T09:19:27.534+0000] {logging_mixin.py:120} INFO - [2024-08-01T09:19:27.533+0000] {dag.py:3340} INFO - Setting next_dagrun for dataset_consumes_unknown_never_scheduled to None, run_after=None
[2024-08-01T09:19:27.539+0000] {logging_mixin.py:120} INFO - [2024-08-01T09:19:27.539+0000] {dag.py:3340} INFO - Setting next_dagrun for dataset_produces_1 to 2024-07-31T00:00:00+00:00, run_after=2024-08-01T00:00:00+00:00
[2024-08-01T09:19:27.542+0000] {logging_mixin.py:120} INFO - [2024-08-01T09:19:27.542+0000] {dag.py:3340} INFO - Setting next_dagrun for dataset_produces_2 to None, run_after=None
[2024-08-01T09:19:27.587+0000] {processor.py:176} INFO - Processing /home/airflow/.local/lib/python3.7/site-packages/airflow/example_dags/example_datasets.py took 0.226 seconds
[2024-08-01T09:19:59.804+0000] {processor.py:154} INFO - Started process (PID=2646) to work on /home/airflow/.local/lib/python3.7/site-packages/airflow/example_dags/example_datasets.py
[2024-08-01T09:19:59.811+0000] {processor.py:756} INFO - Processing file /home/airflow/.local/lib/python3.7/site-packages/airflow/example_dags/example_datasets.py for tasks to queue
[2024-08-01T09:19:59.813+0000] {logging_mixin.py:120} INFO - [2024-08-01T09:19:59.812+0000] {dagbag.py:537} INFO - Filling up the DagBag from /home/airflow/.local/lib/python3.7/site-packages/airflow/example_dags/example_datasets.py
[2024-08-01T09:19:59.832+0000] {processor.py:766} INFO - DAG(s) dict_keys(['dataset_consumes_unknown_never_scheduled', 'dataset_produces_1', 'dataset_consumes_1_never_scheduled', 'dataset_consumes_1_and_2', 'dataset_produces_2', 'dataset_consumes_1']) retrieved from /home/airflow/.local/lib/python3.7/site-packages/airflow/example_dags/example_datasets.py
[2024-08-01T09:19:59.971+0000] {logging_mixin.py:120} INFO - [2024-08-01T09:19:59.971+0000] {dag.py:2585} INFO - Sync 6 DAGs
[2024-08-01T09:20:00.096+0000] {logging_mixin.py:120} INFO - [2024-08-01T09:20:00.096+0000] {dag.py:3340} INFO - Setting next_dagrun for dataset_consumes_1 to None, run_after=None
[2024-08-01T09:20:00.111+0000] {logging_mixin.py:120} INFO - [2024-08-01T09:20:00.111+0000] {dag.py:3340} INFO - Setting next_dagrun for dataset_consumes_1_and_2 to None, run_after=None
[2024-08-01T09:20:00.119+0000] {logging_mixin.py:120} INFO - [2024-08-01T09:20:00.118+0000] {dag.py:3340} INFO - Setting next_dagrun for dataset_consumes_1_never_scheduled to None, run_after=None
[2024-08-01T09:20:00.229+0000] {logging_mixin.py:120} INFO - [2024-08-01T09:20:00.229+0000] {dag.py:3340} INFO - Setting next_dagrun for dataset_consumes_unknown_never_scheduled to None, run_after=None
[2024-08-01T09:20:00.256+0000] {logging_mixin.py:120} INFO - [2024-08-01T09:20:00.256+0000] {dag.py:3340} INFO - Setting next_dagrun for dataset_produces_1 to 2024-07-31T00:00:00+00:00, run_after=2024-08-01T00:00:00+00:00
[2024-08-01T09:20:00.258+0000] {logging_mixin.py:120} INFO - [2024-08-01T09:20:00.258+0000] {dag.py:3340} INFO - Setting next_dagrun for dataset_produces_2 to None, run_after=None
[2024-08-01T09:20:00.304+0000] {processor.py:176} INFO - Processing /home/airflow/.local/lib/python3.7/site-packages/airflow/example_dags/example_datasets.py took 0.502 seconds
[2024-08-01T09:20:31.272+0000] {processor.py:154} INFO - Started process (PID=2701) to work on /home/airflow/.local/lib/python3.7/site-packages/airflow/example_dags/example_datasets.py
[2024-08-01T09:20:31.313+0000] {processor.py:756} INFO - Processing file /home/airflow/.local/lib/python3.7/site-packages/airflow/example_dags/example_datasets.py for tasks to queue
[2024-08-01T09:20:31.316+0000] {logging_mixin.py:120} INFO - [2024-08-01T09:20:31.316+0000] {dagbag.py:537} INFO - Filling up the DagBag from /home/airflow/.local/lib/python3.7/site-packages/airflow/example_dags/example_datasets.py
[2024-08-01T09:20:31.366+0000] {processor.py:766} INFO - DAG(s) dict_keys(['dataset_produces_2', 'dataset_produces_1', 'dataset_consumes_1_never_scheduled', 'dataset_consumes_1', 'dataset_consumes_1_and_2', 'dataset_consumes_unknown_never_scheduled']) retrieved from /home/airflow/.local/lib/python3.7/site-packages/airflow/example_dags/example_datasets.py
[2024-08-01T09:20:31.559+0000] {logging_mixin.py:120} INFO - [2024-08-01T09:20:31.559+0000] {dag.py:2585} INFO - Sync 6 DAGs
[2024-08-01T09:20:31.668+0000] {logging_mixin.py:120} INFO - [2024-08-01T09:20:31.668+0000] {dag.py:3340} INFO - Setting next_dagrun for dataset_consumes_1 to None, run_after=None
[2024-08-01T09:20:31.709+0000] {logging_mixin.py:120} INFO - [2024-08-01T09:20:31.709+0000] {dag.py:3340} INFO - Setting next_dagrun for dataset_consumes_1_and_2 to None, run_after=None
[2024-08-01T09:20:31.721+0000] {logging_mixin.py:120} INFO - [2024-08-01T09:20:31.721+0000] {dag.py:3340} INFO - Setting next_dagrun for dataset_consumes_1_never_scheduled to None, run_after=None
[2024-08-01T09:20:31.816+0000] {logging_mixin.py:120} INFO - [2024-08-01T09:20:31.815+0000] {dag.py:3340} INFO - Setting next_dagrun for dataset_consumes_unknown_never_scheduled to None, run_after=None
[2024-08-01T09:20:31.839+0000] {logging_mixin.py:120} INFO - [2024-08-01T09:20:31.839+0000] {dag.py:3340} INFO - Setting next_dagrun for dataset_produces_1 to 2024-07-31T00:00:00+00:00, run_after=2024-08-01T00:00:00+00:00
[2024-08-01T09:20:31.848+0000] {logging_mixin.py:120} INFO - [2024-08-01T09:20:31.847+0000] {dag.py:3340} INFO - Setting next_dagrun for dataset_produces_2 to None, run_after=None
[2024-08-01T09:20:31.900+0000] {processor.py:176} INFO - Processing /home/airflow/.local/lib/python3.7/site-packages/airflow/example_dags/example_datasets.py took 0.631 seconds
[2024-08-01T09:21:03.136+0000] {processor.py:154} INFO - Started process (PID=2765) to work on /home/airflow/.local/lib/python3.7/site-packages/airflow/example_dags/example_datasets.py
[2024-08-01T09:21:03.177+0000] {processor.py:756} INFO - Processing file /home/airflow/.local/lib/python3.7/site-packages/airflow/example_dags/example_datasets.py for tasks to queue
[2024-08-01T09:21:03.270+0000] {logging_mixin.py:120} INFO - [2024-08-01T09:21:03.270+0000] {dagbag.py:537} INFO - Filling up the DagBag from /home/airflow/.local/lib/python3.7/site-packages/airflow/example_dags/example_datasets.py
[2024-08-01T09:21:03.585+0000] {processor.py:766} INFO - DAG(s) dict_keys(['dataset_produces_2', 'dataset_consumes_unknown_never_scheduled', 'dataset_consumes_1_and_2', 'dataset_consumes_1_never_scheduled', 'dataset_consumes_1', 'dataset_produces_1']) retrieved from /home/airflow/.local/lib/python3.7/site-packages/airflow/example_dags/example_datasets.py
[2024-08-01T09:21:03.722+0000] {logging_mixin.py:120} INFO - [2024-08-01T09:21:03.722+0000] {dag.py:2585} INFO - Sync 6 DAGs
[2024-08-01T09:21:03.800+0000] {logging_mixin.py:120} INFO - [2024-08-01T09:21:03.800+0000] {dag.py:3340} INFO - Setting next_dagrun for dataset_consumes_1 to None, run_after=None
[2024-08-01T09:21:03.858+0000] {logging_mixin.py:120} INFO - [2024-08-01T09:21:03.857+0000] {dag.py:3340} INFO - Setting next_dagrun for dataset_consumes_1_and_2 to None, run_after=None
[2024-08-01T09:21:03.878+0000] {logging_mixin.py:120} INFO - [2024-08-01T09:21:03.878+0000] {dag.py:3340} INFO - Setting next_dagrun for dataset_consumes_1_never_scheduled to None, run_after=None
[2024-08-01T09:21:03.882+0000] {logging_mixin.py:120} INFO - [2024-08-01T09:21:03.881+0000] {dag.py:3340} INFO - Setting next_dagrun for dataset_consumes_unknown_never_scheduled to None, run_after=None
[2024-08-01T09:21:03.886+0000] {logging_mixin.py:120} INFO - [2024-08-01T09:21:03.885+0000] {dag.py:3340} INFO - Setting next_dagrun for dataset_produces_1 to 2024-07-31T00:00:00+00:00, run_after=2024-08-01T00:00:00+00:00
[2024-08-01T09:21:03.889+0000] {logging_mixin.py:120} INFO - [2024-08-01T09:21:03.889+0000] {dag.py:3340} INFO - Setting next_dagrun for dataset_produces_2 to None, run_after=None
[2024-08-01T09:21:03.930+0000] {processor.py:176} INFO - Processing /home/airflow/.local/lib/python3.7/site-packages/airflow/example_dags/example_datasets.py took 0.797 seconds
[2024-08-01T09:21:35.147+0000] {processor.py:154} INFO - Started process (PID=2829) to work on /home/airflow/.local/lib/python3.7/site-packages/airflow/example_dags/example_datasets.py
[2024-08-01T09:21:35.148+0000] {processor.py:756} INFO - Processing file /home/airflow/.local/lib/python3.7/site-packages/airflow/example_dags/example_datasets.py for tasks to queue
[2024-08-01T09:21:35.149+0000] {logging_mixin.py:120} INFO - [2024-08-01T09:21:35.149+0000] {dagbag.py:537} INFO - Filling up the DagBag from /home/airflow/.local/lib/python3.7/site-packages/airflow/example_dags/example_datasets.py
[2024-08-01T09:21:35.180+0000] {processor.py:766} INFO - DAG(s) dict_keys(['dataset_produces_2', 'dataset_consumes_unknown_never_scheduled', 'dataset_consumes_1_never_scheduled', 'dataset_produces_1', 'dataset_consumes_1_and_2', 'dataset_consumes_1']) retrieved from /home/airflow/.local/lib/python3.7/site-packages/airflow/example_dags/example_datasets.py
[2024-08-01T09:21:35.369+0000] {logging_mixin.py:120} INFO - [2024-08-01T09:21:35.369+0000] {dag.py:2585} INFO - Sync 6 DAGs
[2024-08-01T09:21:35.476+0000] {logging_mixin.py:120} INFO - [2024-08-01T09:21:35.476+0000] {dag.py:3340} INFO - Setting next_dagrun for dataset_consumes_1 to None, run_after=None
[2024-08-01T09:21:35.565+0000] {logging_mixin.py:120} INFO - [2024-08-01T09:21:35.564+0000] {dag.py:3340} INFO - Setting next_dagrun for dataset_consumes_1_and_2 to None, run_after=None
[2024-08-01T09:21:35.569+0000] {logging_mixin.py:120} INFO - [2024-08-01T09:21:35.569+0000] {dag.py:3340} INFO - Setting next_dagrun for dataset_consumes_1_never_scheduled to None, run_after=None
[2024-08-01T09:21:35.572+0000] {logging_mixin.py:120} INFO - [2024-08-01T09:21:35.572+0000] {dag.py:3340} INFO - Setting next_dagrun for dataset_consumes_unknown_never_scheduled to None, run_after=None
[2024-08-01T09:21:35.584+0000] {logging_mixin.py:120} INFO - [2024-08-01T09:21:35.584+0000] {dag.py:3340} INFO - Setting next_dagrun for dataset_produces_1 to 2024-07-31T00:00:00+00:00, run_after=2024-08-01T00:00:00+00:00
[2024-08-01T09:21:35.687+0000] {logging_mixin.py:120} INFO - [2024-08-01T09:21:35.686+0000] {dag.py:3340} INFO - Setting next_dagrun for dataset_produces_2 to None, run_after=None
[2024-08-01T09:21:35.774+0000] {processor.py:176} INFO - Processing /home/airflow/.local/lib/python3.7/site-packages/airflow/example_dags/example_datasets.py took 0.630 seconds
[2024-08-01T09:22:06.921+0000] {processor.py:154} INFO - Started process (PID=2884) to work on /home/airflow/.local/lib/python3.7/site-packages/airflow/example_dags/example_datasets.py
[2024-08-01T09:22:06.923+0000] {processor.py:756} INFO - Processing file /home/airflow/.local/lib/python3.7/site-packages/airflow/example_dags/example_datasets.py for tasks to queue
[2024-08-01T09:22:06.925+0000] {logging_mixin.py:120} INFO - [2024-08-01T09:22:06.924+0000] {dagbag.py:537} INFO - Filling up the DagBag from /home/airflow/.local/lib/python3.7/site-packages/airflow/example_dags/example_datasets.py
[2024-08-01T09:22:06.951+0000] {processor.py:766} INFO - DAG(s) dict_keys(['dataset_consumes_unknown_never_scheduled', 'dataset_consumes_1_never_scheduled', 'dataset_consumes_1_and_2', 'dataset_produces_1', 'dataset_produces_2', 'dataset_consumes_1']) retrieved from /home/airflow/.local/lib/python3.7/site-packages/airflow/example_dags/example_datasets.py
[2024-08-01T09:22:07.008+0000] {logging_mixin.py:120} INFO - [2024-08-01T09:22:07.008+0000] {dag.py:2585} INFO - Sync 6 DAGs
[2024-08-01T09:22:07.164+0000] {logging_mixin.py:120} INFO - [2024-08-01T09:22:07.164+0000] {dag.py:3340} INFO - Setting next_dagrun for dataset_consumes_1 to None, run_after=None
[2024-08-01T09:22:07.242+0000] {logging_mixin.py:120} INFO - [2024-08-01T09:22:07.241+0000] {dag.py:3340} INFO - Setting next_dagrun for dataset_consumes_1_and_2 to None, run_after=None
[2024-08-01T09:22:07.282+0000] {logging_mixin.py:120} INFO - [2024-08-01T09:22:07.282+0000] {dag.py:3340} INFO - Setting next_dagrun for dataset_consumes_1_never_scheduled to None, run_after=None
[2024-08-01T09:22:07.288+0000] {logging_mixin.py:120} INFO - [2024-08-01T09:22:07.288+0000] {dag.py:3340} INFO - Setting next_dagrun for dataset_consumes_unknown_never_scheduled to None, run_after=None
[2024-08-01T09:22:07.292+0000] {logging_mixin.py:120} INFO - [2024-08-01T09:22:07.292+0000] {dag.py:3340} INFO - Setting next_dagrun for dataset_produces_1 to 2024-07-31T00:00:00+00:00, run_after=2024-08-01T00:00:00+00:00
[2024-08-01T09:22:07.305+0000] {logging_mixin.py:120} INFO - [2024-08-01T09:22:07.305+0000] {dag.py:3340} INFO - Setting next_dagrun for dataset_produces_2 to None, run_after=None
[2024-08-01T09:22:07.364+0000] {processor.py:176} INFO - Processing /home/airflow/.local/lib/python3.7/site-packages/airflow/example_dags/example_datasets.py took 0.446 seconds
[2024-08-01T09:22:38.426+0000] {processor.py:154} INFO - Started process (PID=2948) to work on /home/airflow/.local/lib/python3.7/site-packages/airflow/example_dags/example_datasets.py
[2024-08-01T09:22:38.428+0000] {processor.py:756} INFO - Processing file /home/airflow/.local/lib/python3.7/site-packages/airflow/example_dags/example_datasets.py for tasks to queue
[2024-08-01T09:22:38.429+0000] {logging_mixin.py:120} INFO - [2024-08-01T09:22:38.429+0000] {dagbag.py:537} INFO - Filling up the DagBag from /home/airflow/.local/lib/python3.7/site-packages/airflow/example_dags/example_datasets.py
[2024-08-01T09:22:38.449+0000] {processor.py:766} INFO - DAG(s) dict_keys(['dataset_produces_2', 'dataset_consumes_unknown_never_scheduled', 'dataset_consumes_1_never_scheduled', 'dataset_consumes_1', 'dataset_consumes_1_and_2', 'dataset_produces_1']) retrieved from /home/airflow/.local/lib/python3.7/site-packages/airflow/example_dags/example_datasets.py
[2024-08-01T09:22:38.532+0000] {logging_mixin.py:120} INFO - [2024-08-01T09:22:38.532+0000] {dag.py:2585} INFO - Sync 6 DAGs
[2024-08-01T09:22:38.584+0000] {logging_mixin.py:120} INFO - [2024-08-01T09:22:38.583+0000] {dag.py:3340} INFO - Setting next_dagrun for dataset_consumes_1 to None, run_after=None
[2024-08-01T09:22:38.591+0000] {logging_mixin.py:120} INFO - [2024-08-01T09:22:38.591+0000] {dag.py:3340} INFO - Setting next_dagrun for dataset_consumes_1_and_2 to None, run_after=None
[2024-08-01T09:22:38.594+0000] {logging_mixin.py:120} INFO - [2024-08-01T09:22:38.594+0000] {dag.py:3340} INFO - Setting next_dagrun for dataset_consumes_1_never_scheduled to None, run_after=None
[2024-08-01T09:22:38.596+0000] {logging_mixin.py:120} INFO - [2024-08-01T09:22:38.596+0000] {dag.py:3340} INFO - Setting next_dagrun for dataset_consumes_unknown_never_scheduled to None, run_after=None
[2024-08-01T09:22:38.602+0000] {logging_mixin.py:120} INFO - [2024-08-01T09:22:38.602+0000] {dag.py:3340} INFO - Setting next_dagrun for dataset_produces_1 to 2024-07-31T00:00:00+00:00, run_after=2024-08-01T00:00:00+00:00
[2024-08-01T09:22:38.605+0000] {logging_mixin.py:120} INFO - [2024-08-01T09:22:38.605+0000] {dag.py:3340} INFO - Setting next_dagrun for dataset_produces_2 to None, run_after=None
[2024-08-01T09:22:38.656+0000] {processor.py:176} INFO - Processing /home/airflow/.local/lib/python3.7/site-packages/airflow/example_dags/example_datasets.py took 0.234 seconds
[2024-08-01T09:23:09.596+0000] {processor.py:154} INFO - Started process (PID=3012) to work on /home/airflow/.local/lib/python3.7/site-packages/airflow/example_dags/example_datasets.py
[2024-08-01T09:23:09.701+0000] {processor.py:756} INFO - Processing file /home/airflow/.local/lib/python3.7/site-packages/airflow/example_dags/example_datasets.py for tasks to queue
[2024-08-01T09:23:09.705+0000] {logging_mixin.py:120} INFO - [2024-08-01T09:23:09.705+0000] {dagbag.py:537} INFO - Filling up the DagBag from /home/airflow/.local/lib/python3.7/site-packages/airflow/example_dags/example_datasets.py
[2024-08-01T09:23:09.744+0000] {processor.py:766} INFO - DAG(s) dict_keys(['dataset_produces_1', 'dataset_consumes_1_and_2', 'dataset_produces_2', 'dataset_consumes_1', 'dataset_consumes_unknown_never_scheduled', 'dataset_consumes_1_never_scheduled']) retrieved from /home/airflow/.local/lib/python3.7/site-packages/airflow/example_dags/example_datasets.py
[2024-08-01T09:23:09.802+0000] {logging_mixin.py:120} INFO - [2024-08-01T09:23:09.802+0000] {dag.py:2585} INFO - Sync 6 DAGs
[2024-08-01T09:23:09.949+0000] {logging_mixin.py:120} INFO - [2024-08-01T09:23:09.949+0000] {dag.py:3340} INFO - Setting next_dagrun for dataset_consumes_1 to None, run_after=None
[2024-08-01T09:23:09.972+0000] {logging_mixin.py:120} INFO - [2024-08-01T09:23:09.972+0000] {dag.py:3340} INFO - Setting next_dagrun for dataset_consumes_1_and_2 to None, run_after=None
[2024-08-01T09:23:10.040+0000] {logging_mixin.py:120} INFO - [2024-08-01T09:23:10.040+0000] {dag.py:3340} INFO - Setting next_dagrun for dataset_consumes_1_never_scheduled to None, run_after=None
[2024-08-01T09:23:10.062+0000] {logging_mixin.py:120} INFO - [2024-08-01T09:23:10.062+0000] {dag.py:3340} INFO - Setting next_dagrun for dataset_consumes_unknown_never_scheduled to None, run_after=None
[2024-08-01T09:23:10.079+0000] {logging_mixin.py:120} INFO - [2024-08-01T09:23:10.079+0000] {dag.py:3340} INFO - Setting next_dagrun for dataset_produces_1 to 2024-07-31T00:00:00+00:00, run_after=2024-08-01T00:00:00+00:00
[2024-08-01T09:23:10.084+0000] {logging_mixin.py:120} INFO - [2024-08-01T09:23:10.084+0000] {dag.py:3340} INFO - Setting next_dagrun for dataset_produces_2 to None, run_after=None
[2024-08-01T09:23:10.139+0000] {processor.py:176} INFO - Processing /home/airflow/.local/lib/python3.7/site-packages/airflow/example_dags/example_datasets.py took 0.547 seconds
[2024-08-01T09:23:40.907+0000] {processor.py:154} INFO - Started process (PID=3067) to work on /home/airflow/.local/lib/python3.7/site-packages/airflow/example_dags/example_datasets.py
[2024-08-01T09:23:40.909+0000] {processor.py:756} INFO - Processing file /home/airflow/.local/lib/python3.7/site-packages/airflow/example_dags/example_datasets.py for tasks to queue
[2024-08-01T09:23:40.910+0000] {logging_mixin.py:120} INFO - [2024-08-01T09:23:40.910+0000] {dagbag.py:537} INFO - Filling up the DagBag from /home/airflow/.local/lib/python3.7/site-packages/airflow/example_dags/example_datasets.py
[2024-08-01T09:23:40.929+0000] {processor.py:766} INFO - DAG(s) dict_keys(['dataset_produces_2', 'dataset_consumes_1_and_2', 'dataset_consumes_unknown_never_scheduled', 'dataset_consumes_1_never_scheduled', 'dataset_consumes_1', 'dataset_produces_1']) retrieved from /home/airflow/.local/lib/python3.7/site-packages/airflow/example_dags/example_datasets.py
[2024-08-01T09:23:40.991+0000] {logging_mixin.py:120} INFO - [2024-08-01T09:23:40.991+0000] {dag.py:2585} INFO - Sync 6 DAGs
[2024-08-01T09:23:41.019+0000] {logging_mixin.py:120} INFO - [2024-08-01T09:23:41.018+0000] {dag.py:3340} INFO - Setting next_dagrun for dataset_consumes_1 to None, run_after=None
[2024-08-01T09:23:41.023+0000] {logging_mixin.py:120} INFO - [2024-08-01T09:23:41.023+0000] {dag.py:3340} INFO - Setting next_dagrun for dataset_consumes_1_and_2 to None, run_after=None
[2024-08-01T09:23:41.025+0000] {logging_mixin.py:120} INFO - [2024-08-01T09:23:41.025+0000] {dag.py:3340} INFO - Setting next_dagrun for dataset_consumes_1_never_scheduled to None, run_after=None
[2024-08-01T09:23:41.027+0000] {logging_mixin.py:120} INFO - [2024-08-01T09:23:41.027+0000] {dag.py:3340} INFO - Setting next_dagrun for dataset_consumes_unknown_never_scheduled to None, run_after=None
[2024-08-01T09:23:41.032+0000] {logging_mixin.py:120} INFO - [2024-08-01T09:23:41.032+0000] {dag.py:3340} INFO - Setting next_dagrun for dataset_produces_1 to 2024-07-31T00:00:00+00:00, run_after=2024-08-01T00:00:00+00:00
[2024-08-01T09:23:41.034+0000] {logging_mixin.py:120} INFO - [2024-08-01T09:23:41.034+0000] {dag.py:3340} INFO - Setting next_dagrun for dataset_produces_2 to None, run_after=None
[2024-08-01T09:23:41.069+0000] {processor.py:176} INFO - Processing /home/airflow/.local/lib/python3.7/site-packages/airflow/example_dags/example_datasets.py took 0.165 seconds
[2024-08-01T09:24:12.436+0000] {processor.py:154} INFO - Started process (PID=3131) to work on /home/airflow/.local/lib/python3.7/site-packages/airflow/example_dags/example_datasets.py
[2024-08-01T09:24:12.437+0000] {processor.py:756} INFO - Processing file /home/airflow/.local/lib/python3.7/site-packages/airflow/example_dags/example_datasets.py for tasks to queue
[2024-08-01T09:24:12.438+0000] {logging_mixin.py:120} INFO - [2024-08-01T09:24:12.438+0000] {dagbag.py:537} INFO - Filling up the DagBag from /home/airflow/.local/lib/python3.7/site-packages/airflow/example_dags/example_datasets.py
[2024-08-01T09:24:12.456+0000] {processor.py:766} INFO - DAG(s) dict_keys(['dataset_consumes_1_never_scheduled', 'dataset_consumes_1', 'dataset_produces_1', 'dataset_consumes_unknown_never_scheduled', 'dataset_consumes_1_and_2', 'dataset_produces_2']) retrieved from /home/airflow/.local/lib/python3.7/site-packages/airflow/example_dags/example_datasets.py
[2024-08-01T09:24:12.534+0000] {logging_mixin.py:120} INFO - [2024-08-01T09:24:12.534+0000] {dag.py:2585} INFO - Sync 6 DAGs
[2024-08-01T09:24:12.565+0000] {logging_mixin.py:120} INFO - [2024-08-01T09:24:12.565+0000] {dag.py:3340} INFO - Setting next_dagrun for dataset_consumes_1 to None, run_after=None
[2024-08-01T09:24:12.569+0000] {logging_mixin.py:120} INFO - [2024-08-01T09:24:12.568+0000] {dag.py:3340} INFO - Setting next_dagrun for dataset_consumes_1_and_2 to None, run_after=None
[2024-08-01T09:24:12.570+0000] {logging_mixin.py:120} INFO - [2024-08-01T09:24:12.570+0000] {dag.py:3340} INFO - Setting next_dagrun for dataset_consumes_1_never_scheduled to None, run_after=None
[2024-08-01T09:24:12.571+0000] {logging_mixin.py:120} INFO - [2024-08-01T09:24:12.571+0000] {dag.py:3340} INFO - Setting next_dagrun for dataset_consumes_unknown_never_scheduled to None, run_after=None
[2024-08-01T09:24:12.574+0000] {logging_mixin.py:120} INFO - [2024-08-01T09:24:12.574+0000] {dag.py:3340} INFO - Setting next_dagrun for dataset_produces_1 to 2024-07-31T00:00:00+00:00, run_after=2024-08-01T00:00:00+00:00
[2024-08-01T09:24:12.576+0000] {logging_mixin.py:120} INFO - [2024-08-01T09:24:12.576+0000] {dag.py:3340} INFO - Setting next_dagrun for dataset_produces_2 to None, run_after=None
[2024-08-01T09:24:12.619+0000] {processor.py:176} INFO - Processing /home/airflow/.local/lib/python3.7/site-packages/airflow/example_dags/example_datasets.py took 0.186 seconds
[2024-08-01T09:24:42.971+0000] {processor.py:154} INFO - Started process (PID=3188) to work on /home/airflow/.local/lib/python3.7/site-packages/airflow/example_dags/example_datasets.py
[2024-08-01T09:24:42.972+0000] {processor.py:756} INFO - Processing file /home/airflow/.local/lib/python3.7/site-packages/airflow/example_dags/example_datasets.py for tasks to queue
[2024-08-01T09:24:42.973+0000] {logging_mixin.py:120} INFO - [2024-08-01T09:24:42.973+0000] {dagbag.py:537} INFO - Filling up the DagBag from /home/airflow/.local/lib/python3.7/site-packages/airflow/example_dags/example_datasets.py
[2024-08-01T09:24:42.993+0000] {processor.py:766} INFO - DAG(s) dict_keys(['dataset_consumes_1', 'dataset_consumes_unknown_never_scheduled', 'dataset_consumes_1_never_scheduled', 'dataset_produces_2', 'dataset_consumes_1_and_2', 'dataset_produces_1']) retrieved from /home/airflow/.local/lib/python3.7/site-packages/airflow/example_dags/example_datasets.py
[2024-08-01T09:24:43.046+0000] {logging_mixin.py:120} INFO - [2024-08-01T09:24:43.046+0000] {dag.py:2585} INFO - Sync 6 DAGs
[2024-08-01T09:24:43.158+0000] {logging_mixin.py:120} INFO - [2024-08-01T09:24:43.158+0000] {dag.py:3340} INFO - Setting next_dagrun for dataset_consumes_1 to None, run_after=None
[2024-08-01T09:24:43.173+0000] {logging_mixin.py:120} INFO - [2024-08-01T09:24:43.173+0000] {dag.py:3340} INFO - Setting next_dagrun for dataset_consumes_1_and_2 to None, run_after=None
[2024-08-01T09:24:43.298+0000] {logging_mixin.py:120} INFO - [2024-08-01T09:24:43.298+0000] {dag.py:3340} INFO - Setting next_dagrun for dataset_consumes_1_never_scheduled to None, run_after=None
[2024-08-01T09:24:43.340+0000] {logging_mixin.py:120} INFO - [2024-08-01T09:24:43.339+0000] {dag.py:3340} INFO - Setting next_dagrun for dataset_consumes_unknown_never_scheduled to None, run_after=None
[2024-08-01T09:24:43.359+0000] {logging_mixin.py:120} INFO - [2024-08-01T09:24:43.358+0000] {dag.py:3340} INFO - Setting next_dagrun for dataset_produces_1 to 2024-07-31T00:00:00+00:00, run_after=2024-08-01T00:00:00+00:00
[2024-08-01T09:24:43.473+0000] {logging_mixin.py:120} INFO - [2024-08-01T09:24:43.473+0000] {dag.py:3340} INFO - Setting next_dagrun for dataset_produces_2 to None, run_after=None
[2024-08-01T09:24:43.529+0000] {processor.py:176} INFO - Processing /home/airflow/.local/lib/python3.7/site-packages/airflow/example_dags/example_datasets.py took 0.562 seconds
[2024-08-01T09:25:14.368+0000] {processor.py:154} INFO - Started process (PID=3253) to work on /home/airflow/.local/lib/python3.7/site-packages/airflow/example_dags/example_datasets.py
[2024-08-01T09:25:14.369+0000] {processor.py:756} INFO - Processing file /home/airflow/.local/lib/python3.7/site-packages/airflow/example_dags/example_datasets.py for tasks to queue
[2024-08-01T09:25:14.371+0000] {logging_mixin.py:120} INFO - [2024-08-01T09:25:14.371+0000] {dagbag.py:537} INFO - Filling up the DagBag from /home/airflow/.local/lib/python3.7/site-packages/airflow/example_dags/example_datasets.py
[2024-08-01T09:25:14.390+0000] {processor.py:766} INFO - DAG(s) dict_keys(['dataset_produces_1', 'dataset_consumes_1_and_2', 'dataset_produces_2', 'dataset_consumes_1_never_scheduled', 'dataset_consumes_1', 'dataset_consumes_unknown_never_scheduled']) retrieved from /home/airflow/.local/lib/python3.7/site-packages/airflow/example_dags/example_datasets.py
[2024-08-01T09:25:14.461+0000] {logging_mixin.py:120} INFO - [2024-08-01T09:25:14.461+0000] {dag.py:2585} INFO - Sync 6 DAGs
[2024-08-01T09:25:14.493+0000] {logging_mixin.py:120} INFO - [2024-08-01T09:25:14.492+0000] {dag.py:3340} INFO - Setting next_dagrun for dataset_consumes_1 to None, run_after=None
[2024-08-01T09:25:14.499+0000] {logging_mixin.py:120} INFO - [2024-08-01T09:25:14.498+0000] {dag.py:3340} INFO - Setting next_dagrun for dataset_consumes_1_and_2 to None, run_after=None
[2024-08-01T09:25:14.501+0000] {logging_mixin.py:120} INFO - [2024-08-01T09:25:14.501+0000] {dag.py:3340} INFO - Setting next_dagrun for dataset_consumes_1_never_scheduled to None, run_after=None
[2024-08-01T09:25:14.503+0000] {logging_mixin.py:120} INFO - [2024-08-01T09:25:14.503+0000] {dag.py:3340} INFO - Setting next_dagrun for dataset_consumes_unknown_never_scheduled to None, run_after=None
[2024-08-01T09:25:14.506+0000] {logging_mixin.py:120} INFO - [2024-08-01T09:25:14.505+0000] {dag.py:3340} INFO - Setting next_dagrun for dataset_produces_1 to 2024-07-31T00:00:00+00:00, run_after=2024-08-01T00:00:00+00:00
[2024-08-01T09:25:14.511+0000] {logging_mixin.py:120} INFO - [2024-08-01T09:25:14.511+0000] {dag.py:3340} INFO - Setting next_dagrun for dataset_produces_2 to None, run_after=None
[2024-08-01T09:25:14.548+0000] {processor.py:176} INFO - Processing /home/airflow/.local/lib/python3.7/site-packages/airflow/example_dags/example_datasets.py took 0.184 seconds
[2024-08-01T09:25:45.193+0000] {processor.py:154} INFO - Started process (PID=3318) to work on /home/airflow/.local/lib/python3.7/site-packages/airflow/example_dags/example_datasets.py
[2024-08-01T09:25:45.195+0000] {processor.py:756} INFO - Processing file /home/airflow/.local/lib/python3.7/site-packages/airflow/example_dags/example_datasets.py for tasks to queue
[2024-08-01T09:25:45.196+0000] {logging_mixin.py:120} INFO - [2024-08-01T09:25:45.195+0000] {dagbag.py:537} INFO - Filling up the DagBag from /home/airflow/.local/lib/python3.7/site-packages/airflow/example_dags/example_datasets.py
[2024-08-01T09:25:45.221+0000] {processor.py:766} INFO - DAG(s) dict_keys(['dataset_consumes_1_never_scheduled', 'dataset_consumes_1_and_2', 'dataset_produces_1', 'dataset_consumes_1', 'dataset_produces_2', 'dataset_consumes_unknown_never_scheduled']) retrieved from /home/airflow/.local/lib/python3.7/site-packages/airflow/example_dags/example_datasets.py
[2024-08-01T09:25:45.288+0000] {logging_mixin.py:120} INFO - [2024-08-01T09:25:45.288+0000] {dag.py:2585} INFO - Sync 6 DAGs
[2024-08-01T09:25:45.319+0000] {logging_mixin.py:120} INFO - [2024-08-01T09:25:45.319+0000] {dag.py:3340} INFO - Setting next_dagrun for dataset_consumes_1 to None, run_after=None
[2024-08-01T09:25:45.323+0000] {logging_mixin.py:120} INFO - [2024-08-01T09:25:45.323+0000] {dag.py:3340} INFO - Setting next_dagrun for dataset_consumes_1_and_2 to None, run_after=None
[2024-08-01T09:25:45.325+0000] {logging_mixin.py:120} INFO - [2024-08-01T09:25:45.324+0000] {dag.py:3340} INFO - Setting next_dagrun for dataset_consumes_1_never_scheduled to None, run_after=None
[2024-08-01T09:25:45.326+0000] {logging_mixin.py:120} INFO - [2024-08-01T09:25:45.326+0000] {dag.py:3340} INFO - Setting next_dagrun for dataset_consumes_unknown_never_scheduled to None, run_after=None
[2024-08-01T09:25:45.329+0000] {logging_mixin.py:120} INFO - [2024-08-01T09:25:45.329+0000] {dag.py:3340} INFO - Setting next_dagrun for dataset_produces_1 to 2024-07-31T00:00:00+00:00, run_after=2024-08-01T00:00:00+00:00
[2024-08-01T09:25:45.331+0000] {logging_mixin.py:120} INFO - [2024-08-01T09:25:45.331+0000] {dag.py:3340} INFO - Setting next_dagrun for dataset_produces_2 to None, run_after=None
[2024-08-01T09:25:45.378+0000] {processor.py:176} INFO - Processing /home/airflow/.local/lib/python3.7/site-packages/airflow/example_dags/example_datasets.py took 0.188 seconds
[2024-08-01T09:26:15.702+0000] {processor.py:154} INFO - Started process (PID=3373) to work on /home/airflow/.local/lib/python3.7/site-packages/airflow/example_dags/example_datasets.py
[2024-08-01T09:26:15.704+0000] {processor.py:756} INFO - Processing file /home/airflow/.local/lib/python3.7/site-packages/airflow/example_dags/example_datasets.py for tasks to queue
[2024-08-01T09:26:15.705+0000] {logging_mixin.py:120} INFO - [2024-08-01T09:26:15.704+0000] {dagbag.py:537} INFO - Filling up the DagBag from /home/airflow/.local/lib/python3.7/site-packages/airflow/example_dags/example_datasets.py
[2024-08-01T09:26:15.721+0000] {processor.py:766} INFO - DAG(s) dict_keys(['dataset_consumes_1_never_scheduled', 'dataset_produces_2', 'dataset_consumes_1', 'dataset_consumes_unknown_never_scheduled', 'dataset_consumes_1_and_2', 'dataset_produces_1']) retrieved from /home/airflow/.local/lib/python3.7/site-packages/airflow/example_dags/example_datasets.py
[2024-08-01T09:26:15.786+0000] {logging_mixin.py:120} INFO - [2024-08-01T09:26:15.785+0000] {dag.py:2585} INFO - Sync 6 DAGs
[2024-08-01T09:26:15.815+0000] {logging_mixin.py:120} INFO - [2024-08-01T09:26:15.815+0000] {dag.py:3340} INFO - Setting next_dagrun for dataset_consumes_1 to None, run_after=None
[2024-08-01T09:26:15.823+0000] {logging_mixin.py:120} INFO - [2024-08-01T09:26:15.822+0000] {dag.py:3340} INFO - Setting next_dagrun for dataset_consumes_1_and_2 to None, run_after=None
[2024-08-01T09:26:15.826+0000] {logging_mixin.py:120} INFO - [2024-08-01T09:26:15.826+0000] {dag.py:3340} INFO - Setting next_dagrun for dataset_consumes_1_never_scheduled to None, run_after=None
[2024-08-01T09:26:15.828+0000] {logging_mixin.py:120} INFO - [2024-08-01T09:26:15.828+0000] {dag.py:3340} INFO - Setting next_dagrun for dataset_consumes_unknown_never_scheduled to None, run_after=None
[2024-08-01T09:26:15.833+0000] {logging_mixin.py:120} INFO - [2024-08-01T09:26:15.833+0000] {dag.py:3340} INFO - Setting next_dagrun for dataset_produces_1 to 2024-07-31T00:00:00+00:00, run_after=2024-08-01T00:00:00+00:00
[2024-08-01T09:26:15.835+0000] {logging_mixin.py:120} INFO - [2024-08-01T09:26:15.835+0000] {dag.py:3340} INFO - Setting next_dagrun for dataset_produces_2 to None, run_after=None
[2024-08-01T09:26:15.870+0000] {processor.py:176} INFO - Processing /home/airflow/.local/lib/python3.7/site-packages/airflow/example_dags/example_datasets.py took 0.171 seconds
[2024-08-01T09:26:46.160+0000] {processor.py:154} INFO - Started process (PID=3437) to work on /home/airflow/.local/lib/python3.7/site-packages/airflow/example_dags/example_datasets.py
[2024-08-01T09:26:46.162+0000] {processor.py:756} INFO - Processing file /home/airflow/.local/lib/python3.7/site-packages/airflow/example_dags/example_datasets.py for tasks to queue
[2024-08-01T09:26:46.163+0000] {logging_mixin.py:120} INFO - [2024-08-01T09:26:46.163+0000] {dagbag.py:537} INFO - Filling up the DagBag from /home/airflow/.local/lib/python3.7/site-packages/airflow/example_dags/example_datasets.py
[2024-08-01T09:26:46.188+0000] {processor.py:766} INFO - DAG(s) dict_keys(['dataset_produces_1', 'dataset_consumes_1_and_2', 'dataset_consumes_1', 'dataset_consumes_1_never_scheduled', 'dataset_produces_2', 'dataset_consumes_unknown_never_scheduled']) retrieved from /home/airflow/.local/lib/python3.7/site-packages/airflow/example_dags/example_datasets.py
[2024-08-01T09:26:46.247+0000] {logging_mixin.py:120} INFO - [2024-08-01T09:26:46.247+0000] {dag.py:2585} INFO - Sync 6 DAGs
[2024-08-01T09:26:46.273+0000] {logging_mixin.py:120} INFO - [2024-08-01T09:26:46.273+0000] {dag.py:3340} INFO - Setting next_dagrun for dataset_consumes_1 to None, run_after=None
[2024-08-01T09:26:46.277+0000] {logging_mixin.py:120} INFO - [2024-08-01T09:26:46.276+0000] {dag.py:3340} INFO - Setting next_dagrun for dataset_consumes_1_and_2 to None, run_after=None
[2024-08-01T09:26:46.278+0000] {logging_mixin.py:120} INFO - [2024-08-01T09:26:46.278+0000] {dag.py:3340} INFO - Setting next_dagrun for dataset_consumes_1_never_scheduled to None, run_after=None
[2024-08-01T09:26:46.280+0000] {logging_mixin.py:120} INFO - [2024-08-01T09:26:46.280+0000] {dag.py:3340} INFO - Setting next_dagrun for dataset_consumes_unknown_never_scheduled to None, run_after=None
[2024-08-01T09:26:46.284+0000] {logging_mixin.py:120} INFO - [2024-08-01T09:26:46.283+0000] {dag.py:3340} INFO - Setting next_dagrun for dataset_produces_1 to 2024-07-31T00:00:00+00:00, run_after=2024-08-01T00:00:00+00:00
[2024-08-01T09:26:46.285+0000] {logging_mixin.py:120} INFO - [2024-08-01T09:26:46.285+0000] {dag.py:3340} INFO - Setting next_dagrun for dataset_produces_2 to None, run_after=None
[2024-08-01T09:26:46.316+0000] {processor.py:176} INFO - Processing /home/airflow/.local/lib/python3.7/site-packages/airflow/example_dags/example_datasets.py took 0.161 seconds
[2024-08-01T09:27:16.695+0000] {processor.py:154} INFO - Started process (PID=3501) to work on /home/airflow/.local/lib/python3.7/site-packages/airflow/example_dags/example_datasets.py
[2024-08-01T09:27:16.697+0000] {processor.py:756} INFO - Processing file /home/airflow/.local/lib/python3.7/site-packages/airflow/example_dags/example_datasets.py for tasks to queue
[2024-08-01T09:27:16.699+0000] {logging_mixin.py:120} INFO - [2024-08-01T09:27:16.699+0000] {dagbag.py:537} INFO - Filling up the DagBag from /home/airflow/.local/lib/python3.7/site-packages/airflow/example_dags/example_datasets.py
[2024-08-01T09:27:16.720+0000] {processor.py:766} INFO - DAG(s) dict_keys(['dataset_produces_1', 'dataset_consumes_unknown_never_scheduled', 'dataset_consumes_1_never_scheduled', 'dataset_consumes_1', 'dataset_consumes_1_and_2', 'dataset_produces_2']) retrieved from /home/airflow/.local/lib/python3.7/site-packages/airflow/example_dags/example_datasets.py
[2024-08-01T09:27:16.820+0000] {logging_mixin.py:120} INFO - [2024-08-01T09:27:16.820+0000] {dag.py:2585} INFO - Sync 6 DAGs
[2024-08-01T09:27:16.870+0000] {logging_mixin.py:120} INFO - [2024-08-01T09:27:16.870+0000] {dag.py:3340} INFO - Setting next_dagrun for dataset_consumes_1 to None, run_after=None
[2024-08-01T09:27:16.891+0000] {logging_mixin.py:120} INFO - [2024-08-01T09:27:16.890+0000] {dag.py:3340} INFO - Setting next_dagrun for dataset_consumes_1_and_2 to None, run_after=None
[2024-08-01T09:27:16.977+0000] {logging_mixin.py:120} INFO - [2024-08-01T09:27:16.977+0000] {dag.py:3340} INFO - Setting next_dagrun for dataset_consumes_1_never_scheduled to None, run_after=None
[2024-08-01T09:27:16.993+0000] {logging_mixin.py:120} INFO - [2024-08-01T09:27:16.993+0000] {dag.py:3340} INFO - Setting next_dagrun for dataset_consumes_unknown_never_scheduled to None, run_after=None
[2024-08-01T09:27:17.002+0000] {logging_mixin.py:120} INFO - [2024-08-01T09:27:17.002+0000] {dag.py:3340} INFO - Setting next_dagrun for dataset_produces_1 to 2024-07-31T00:00:00+00:00, run_after=2024-08-01T00:00:00+00:00
[2024-08-01T09:27:17.006+0000] {logging_mixin.py:120} INFO - [2024-08-01T09:27:17.005+0000] {dag.py:3340} INFO - Setting next_dagrun for dataset_produces_2 to None, run_after=None
[2024-08-01T09:27:17.069+0000] {processor.py:176} INFO - Processing /home/airflow/.local/lib/python3.7/site-packages/airflow/example_dags/example_datasets.py took 0.377 seconds
[2024-08-01T09:27:47.360+0000] {processor.py:154} INFO - Started process (PID=3556) to work on /home/airflow/.local/lib/python3.7/site-packages/airflow/example_dags/example_datasets.py
[2024-08-01T09:27:47.361+0000] {processor.py:756} INFO - Processing file /home/airflow/.local/lib/python3.7/site-packages/airflow/example_dags/example_datasets.py for tasks to queue
[2024-08-01T09:27:47.362+0000] {logging_mixin.py:120} INFO - [2024-08-01T09:27:47.362+0000] {dagbag.py:537} INFO - Filling up the DagBag from /home/airflow/.local/lib/python3.7/site-packages/airflow/example_dags/example_datasets.py
[2024-08-01T09:27:47.381+0000] {processor.py:766} INFO - DAG(s) dict_keys(['dataset_produces_2', 'dataset_consumes_1_and_2', 'dataset_consumes_1_never_scheduled', 'dataset_produces_1', 'dataset_consumes_1', 'dataset_consumes_unknown_never_scheduled']) retrieved from /home/airflow/.local/lib/python3.7/site-packages/airflow/example_dags/example_datasets.py
[2024-08-01T09:27:47.455+0000] {logging_mixin.py:120} INFO - [2024-08-01T09:27:47.455+0000] {dag.py:2585} INFO - Sync 6 DAGs
[2024-08-01T09:27:47.484+0000] {logging_mixin.py:120} INFO - [2024-08-01T09:27:47.484+0000] {dag.py:3340} INFO - Setting next_dagrun for dataset_consumes_1 to None, run_after=None
[2024-08-01T09:27:47.488+0000] {logging_mixin.py:120} INFO - [2024-08-01T09:27:47.488+0000] {dag.py:3340} INFO - Setting next_dagrun for dataset_consumes_1_and_2 to None, run_after=None
[2024-08-01T09:27:47.491+0000] {logging_mixin.py:120} INFO - [2024-08-01T09:27:47.491+0000] {dag.py:3340} INFO - Setting next_dagrun for dataset_consumes_1_never_scheduled to None, run_after=None
[2024-08-01T09:27:47.494+0000] {logging_mixin.py:120} INFO - [2024-08-01T09:27:47.493+0000] {dag.py:3340} INFO - Setting next_dagrun for dataset_consumes_unknown_never_scheduled to None, run_after=None
[2024-08-01T09:27:47.497+0000] {logging_mixin.py:120} INFO - [2024-08-01T09:27:47.497+0000] {dag.py:3340} INFO - Setting next_dagrun for dataset_produces_1 to 2024-07-31T00:00:00+00:00, run_after=2024-08-01T00:00:00+00:00
[2024-08-01T09:27:47.499+0000] {logging_mixin.py:120} INFO - [2024-08-01T09:27:47.499+0000] {dag.py:3340} INFO - Setting next_dagrun for dataset_produces_2 to None, run_after=None
[2024-08-01T09:27:47.541+0000] {processor.py:176} INFO - Processing /home/airflow/.local/lib/python3.7/site-packages/airflow/example_dags/example_datasets.py took 0.185 seconds
[2024-08-01T09:28:17.683+0000] {processor.py:154} INFO - Started process (PID=3621) to work on /home/airflow/.local/lib/python3.7/site-packages/airflow/example_dags/example_datasets.py
[2024-08-01T09:28:17.684+0000] {processor.py:756} INFO - Processing file /home/airflow/.local/lib/python3.7/site-packages/airflow/example_dags/example_datasets.py for tasks to queue
[2024-08-01T09:28:17.686+0000] {logging_mixin.py:120} INFO - [2024-08-01T09:28:17.686+0000] {dagbag.py:537} INFO - Filling up the DagBag from /home/airflow/.local/lib/python3.7/site-packages/airflow/example_dags/example_datasets.py
[2024-08-01T09:28:17.730+0000] {processor.py:766} INFO - DAG(s) dict_keys(['dataset_consumes_unknown_never_scheduled', 'dataset_consumes_1_and_2', 'dataset_consumes_1', 'dataset_produces_1', 'dataset_produces_2', 'dataset_consumes_1_never_scheduled']) retrieved from /home/airflow/.local/lib/python3.7/site-packages/airflow/example_dags/example_datasets.py
[2024-08-01T09:28:17.864+0000] {logging_mixin.py:120} INFO - [2024-08-01T09:28:17.864+0000] {dag.py:2585} INFO - Sync 6 DAGs
[2024-08-01T09:28:17.900+0000] {logging_mixin.py:120} INFO - [2024-08-01T09:28:17.900+0000] {dag.py:3340} INFO - Setting next_dagrun for dataset_consumes_1 to None, run_after=None
[2024-08-01T09:28:17.971+0000] {logging_mixin.py:120} INFO - [2024-08-01T09:28:17.970+0000] {dag.py:3340} INFO - Setting next_dagrun for dataset_consumes_1_and_2 to None, run_after=None
[2024-08-01T09:28:17.975+0000] {logging_mixin.py:120} INFO - [2024-08-01T09:28:17.974+0000] {dag.py:3340} INFO - Setting next_dagrun for dataset_consumes_1_never_scheduled to None, run_after=None
[2024-08-01T09:28:17.984+0000] {logging_mixin.py:120} INFO - [2024-08-01T09:28:17.979+0000] {dag.py:3340} INFO - Setting next_dagrun for dataset_consumes_unknown_never_scheduled to None, run_after=None
[2024-08-01T09:28:17.993+0000] {logging_mixin.py:120} INFO - [2024-08-01T09:28:17.993+0000] {dag.py:3340} INFO - Setting next_dagrun for dataset_produces_1 to 2024-07-31T00:00:00+00:00, run_after=2024-08-01T00:00:00+00:00
[2024-08-01T09:28:17.995+0000] {logging_mixin.py:120} INFO - [2024-08-01T09:28:17.995+0000] {dag.py:3340} INFO - Setting next_dagrun for dataset_produces_2 to None, run_after=None
[2024-08-01T09:28:18.039+0000] {processor.py:176} INFO - Processing /home/airflow/.local/lib/python3.7/site-packages/airflow/example_dags/example_datasets.py took 0.359 seconds
[2024-08-01T09:28:48.643+0000] {processor.py:154} INFO - Started process (PID=3684) to work on /home/airflow/.local/lib/python3.7/site-packages/airflow/example_dags/example_datasets.py
[2024-08-01T09:28:48.644+0000] {processor.py:756} INFO - Processing file /home/airflow/.local/lib/python3.7/site-packages/airflow/example_dags/example_datasets.py for tasks to queue
[2024-08-01T09:28:48.645+0000] {logging_mixin.py:120} INFO - [2024-08-01T09:28:48.645+0000] {dagbag.py:537} INFO - Filling up the DagBag from /home/airflow/.local/lib/python3.7/site-packages/airflow/example_dags/example_datasets.py
[2024-08-01T09:28:48.671+0000] {processor.py:766} INFO - DAG(s) dict_keys(['dataset_consumes_unknown_never_scheduled', 'dataset_consumes_1', 'dataset_produces_2', 'dataset_consumes_1_and_2', 'dataset_consumes_1_never_scheduled', 'dataset_produces_1']) retrieved from /home/airflow/.local/lib/python3.7/site-packages/airflow/example_dags/example_datasets.py
[2024-08-01T09:28:48.740+0000] {logging_mixin.py:120} INFO - [2024-08-01T09:28:48.739+0000] {dag.py:2585} INFO - Sync 6 DAGs
[2024-08-01T09:28:48.771+0000] {logging_mixin.py:120} INFO - [2024-08-01T09:28:48.771+0000] {dag.py:3340} INFO - Setting next_dagrun for dataset_consumes_1 to None, run_after=None
[2024-08-01T09:28:48.778+0000] {logging_mixin.py:120} INFO - [2024-08-01T09:28:48.778+0000] {dag.py:3340} INFO - Setting next_dagrun for dataset_consumes_1_and_2 to None, run_after=None
[2024-08-01T09:28:48.780+0000] {logging_mixin.py:120} INFO - [2024-08-01T09:28:48.779+0000] {dag.py:3340} INFO - Setting next_dagrun for dataset_consumes_1_never_scheduled to None, run_after=None
[2024-08-01T09:28:48.781+0000] {logging_mixin.py:120} INFO - [2024-08-01T09:28:48.781+0000] {dag.py:3340} INFO - Setting next_dagrun for dataset_consumes_unknown_never_scheduled to None, run_after=None
[2024-08-01T09:28:48.784+0000] {logging_mixin.py:120} INFO - [2024-08-01T09:28:48.784+0000] {dag.py:3340} INFO - Setting next_dagrun for dataset_produces_1 to 2024-07-31T00:00:00+00:00, run_after=2024-08-01T00:00:00+00:00
[2024-08-01T09:28:48.786+0000] {logging_mixin.py:120} INFO - [2024-08-01T09:28:48.786+0000] {dag.py:3340} INFO - Setting next_dagrun for dataset_produces_2 to None, run_after=None
[2024-08-01T09:28:48.830+0000] {processor.py:176} INFO - Processing /home/airflow/.local/lib/python3.7/site-packages/airflow/example_dags/example_datasets.py took 0.190 seconds
[2024-08-01T09:29:19.348+0000] {processor.py:154} INFO - Started process (PID=3748) to work on /home/airflow/.local/lib/python3.7/site-packages/airflow/example_dags/example_datasets.py
[2024-08-01T09:29:19.349+0000] {processor.py:756} INFO - Processing file /home/airflow/.local/lib/python3.7/site-packages/airflow/example_dags/example_datasets.py for tasks to queue
[2024-08-01T09:29:19.350+0000] {logging_mixin.py:120} INFO - [2024-08-01T09:29:19.350+0000] {dagbag.py:537} INFO - Filling up the DagBag from /home/airflow/.local/lib/python3.7/site-packages/airflow/example_dags/example_datasets.py
[2024-08-01T09:29:19.392+0000] {processor.py:766} INFO - DAG(s) dict_keys(['dataset_consumes_1', 'dataset_produces_1', 'dataset_consumes_1_and_2', 'dataset_consumes_unknown_never_scheduled', 'dataset_produces_2', 'dataset_consumes_1_never_scheduled']) retrieved from /home/airflow/.local/lib/python3.7/site-packages/airflow/example_dags/example_datasets.py
[2024-08-01T09:29:19.623+0000] {logging_mixin.py:120} INFO - [2024-08-01T09:29:19.623+0000] {dag.py:2585} INFO - Sync 6 DAGs
[2024-08-01T09:29:19.679+0000] {logging_mixin.py:120} INFO - [2024-08-01T09:29:19.679+0000] {dag.py:3340} INFO - Setting next_dagrun for dataset_consumes_1 to None, run_after=None
[2024-08-01T09:29:19.689+0000] {logging_mixin.py:120} INFO - [2024-08-01T09:29:19.688+0000] {dag.py:3340} INFO - Setting next_dagrun for dataset_consumes_1_and_2 to None, run_after=None
[2024-08-01T09:29:19.692+0000] {logging_mixin.py:120} INFO - [2024-08-01T09:29:19.691+0000] {dag.py:3340} INFO - Setting next_dagrun for dataset_consumes_1_never_scheduled to None, run_after=None
[2024-08-01T09:29:19.694+0000] {logging_mixin.py:120} INFO - [2024-08-01T09:29:19.694+0000] {dag.py:3340} INFO - Setting next_dagrun for dataset_consumes_unknown_never_scheduled to None, run_after=None
[2024-08-01T09:29:19.699+0000] {logging_mixin.py:120} INFO - [2024-08-01T09:29:19.699+0000] {dag.py:3340} INFO - Setting next_dagrun for dataset_produces_1 to 2024-07-31T00:00:00+00:00, run_after=2024-08-01T00:00:00+00:00
[2024-08-01T09:29:19.702+0000] {logging_mixin.py:120} INFO - [2024-08-01T09:29:19.701+0000] {dag.py:3340} INFO - Setting next_dagrun for dataset_produces_2 to None, run_after=None
[2024-08-01T09:29:19.750+0000] {processor.py:176} INFO - Processing /home/airflow/.local/lib/python3.7/site-packages/airflow/example_dags/example_datasets.py took 0.405 seconds
[2024-08-01T09:29:50.132+0000] {processor.py:154} INFO - Started process (PID=3804) to work on /home/airflow/.local/lib/python3.7/site-packages/airflow/example_dags/example_datasets.py
[2024-08-01T09:29:50.141+0000] {processor.py:756} INFO - Processing file /home/airflow/.local/lib/python3.7/site-packages/airflow/example_dags/example_datasets.py for tasks to queue
[2024-08-01T09:29:50.144+0000] {logging_mixin.py:120} INFO - [2024-08-01T09:29:50.144+0000] {dagbag.py:537} INFO - Filling up the DagBag from /home/airflow/.local/lib/python3.7/site-packages/airflow/example_dags/example_datasets.py
[2024-08-01T09:29:50.165+0000] {processor.py:766} INFO - DAG(s) dict_keys(['dataset_consumes_1_and_2', 'dataset_produces_1', 'dataset_consumes_1_never_scheduled', 'dataset_consumes_unknown_never_scheduled', 'dataset_consumes_1', 'dataset_produces_2']) retrieved from /home/airflow/.local/lib/python3.7/site-packages/airflow/example_dags/example_datasets.py
[2024-08-01T09:29:50.228+0000] {logging_mixin.py:120} INFO - [2024-08-01T09:29:50.228+0000] {dag.py:2585} INFO - Sync 6 DAGs
[2024-08-01T09:29:50.271+0000] {logging_mixin.py:120} INFO - [2024-08-01T09:29:50.271+0000] {dag.py:3340} INFO - Setting next_dagrun for dataset_consumes_1 to None, run_after=None
[2024-08-01T09:29:50.308+0000] {logging_mixin.py:120} INFO - [2024-08-01T09:29:50.308+0000] {dag.py:3340} INFO - Setting next_dagrun for dataset_consumes_1_and_2 to None, run_after=None
[2024-08-01T09:29:50.320+0000] {logging_mixin.py:120} INFO - [2024-08-01T09:29:50.312+0000] {dag.py:3340} INFO - Setting next_dagrun for dataset_consumes_1_never_scheduled to None, run_after=None
[2024-08-01T09:29:50.323+0000] {logging_mixin.py:120} INFO - [2024-08-01T09:29:50.323+0000] {dag.py:3340} INFO - Setting next_dagrun for dataset_consumes_unknown_never_scheduled to None, run_after=None
[2024-08-01T09:29:50.330+0000] {logging_mixin.py:120} INFO - [2024-08-01T09:29:50.330+0000] {dag.py:3340} INFO - Setting next_dagrun for dataset_produces_1 to 2024-07-31T00:00:00+00:00, run_after=2024-08-01T00:00:00+00:00
[2024-08-01T09:29:50.335+0000] {logging_mixin.py:120} INFO - [2024-08-01T09:29:50.335+0000] {dag.py:3340} INFO - Setting next_dagrun for dataset_produces_2 to None, run_after=None
[2024-08-01T09:29:50.489+0000] {processor.py:176} INFO - Processing /home/airflow/.local/lib/python3.7/site-packages/airflow/example_dags/example_datasets.py took 0.361 seconds
[2024-08-01T09:30:20.816+0000] {processor.py:154} INFO - Started process (PID=3869) to work on /home/airflow/.local/lib/python3.7/site-packages/airflow/example_dags/example_datasets.py
[2024-08-01T09:30:20.818+0000] {processor.py:756} INFO - Processing file /home/airflow/.local/lib/python3.7/site-packages/airflow/example_dags/example_datasets.py for tasks to queue
[2024-08-01T09:30:20.820+0000] {logging_mixin.py:120} INFO - [2024-08-01T09:30:20.819+0000] {dagbag.py:537} INFO - Filling up the DagBag from /home/airflow/.local/lib/python3.7/site-packages/airflow/example_dags/example_datasets.py
[2024-08-01T09:30:20.839+0000] {processor.py:766} INFO - DAG(s) dict_keys(['dataset_consumes_1_and_2', 'dataset_consumes_1_never_scheduled', 'dataset_consumes_unknown_never_scheduled', 'dataset_consumes_1', 'dataset_produces_1', 'dataset_produces_2']) retrieved from /home/airflow/.local/lib/python3.7/site-packages/airflow/example_dags/example_datasets.py
[2024-08-01T09:30:20.895+0000] {logging_mixin.py:120} INFO - [2024-08-01T09:30:20.895+0000] {dag.py:2585} INFO - Sync 6 DAGs
[2024-08-01T09:30:20.920+0000] {logging_mixin.py:120} INFO - [2024-08-01T09:30:20.920+0000] {dag.py:3340} INFO - Setting next_dagrun for dataset_consumes_1 to None, run_after=None
[2024-08-01T09:30:20.924+0000] {logging_mixin.py:120} INFO - [2024-08-01T09:30:20.924+0000] {dag.py:3340} INFO - Setting next_dagrun for dataset_consumes_1_and_2 to None, run_after=None
[2024-08-01T09:30:20.927+0000] {logging_mixin.py:120} INFO - [2024-08-01T09:30:20.927+0000] {dag.py:3340} INFO - Setting next_dagrun for dataset_consumes_1_never_scheduled to None, run_after=None
[2024-08-01T09:30:20.928+0000] {logging_mixin.py:120} INFO - [2024-08-01T09:30:20.928+0000] {dag.py:3340} INFO - Setting next_dagrun for dataset_consumes_unknown_never_scheduled to None, run_after=None
[2024-08-01T09:30:20.931+0000] {logging_mixin.py:120} INFO - [2024-08-01T09:30:20.931+0000] {dag.py:3340} INFO - Setting next_dagrun for dataset_produces_1 to 2024-07-31T00:00:00+00:00, run_after=2024-08-01T00:00:00+00:00
[2024-08-01T09:30:20.933+0000] {logging_mixin.py:120} INFO - [2024-08-01T09:30:20.933+0000] {dag.py:3340} INFO - Setting next_dagrun for dataset_produces_2 to None, run_after=None
[2024-08-01T09:30:20.966+0000] {processor.py:176} INFO - Processing /home/airflow/.local/lib/python3.7/site-packages/airflow/example_dags/example_datasets.py took 0.153 seconds
[2024-08-01T09:30:51.268+0000] {processor.py:154} INFO - Started process (PID=3924) to work on /home/airflow/.local/lib/python3.7/site-packages/airflow/example_dags/example_datasets.py
[2024-08-01T09:30:51.269+0000] {processor.py:756} INFO - Processing file /home/airflow/.local/lib/python3.7/site-packages/airflow/example_dags/example_datasets.py for tasks to queue
[2024-08-01T09:30:51.270+0000] {logging_mixin.py:120} INFO - [2024-08-01T09:30:51.270+0000] {dagbag.py:537} INFO - Filling up the DagBag from /home/airflow/.local/lib/python3.7/site-packages/airflow/example_dags/example_datasets.py
[2024-08-01T09:30:51.286+0000] {processor.py:766} INFO - DAG(s) dict_keys(['dataset_consumes_unknown_never_scheduled', 'dataset_consumes_1_and_2', 'dataset_produces_1', 'dataset_consumes_1', 'dataset_consumes_1_never_scheduled', 'dataset_produces_2']) retrieved from /home/airflow/.local/lib/python3.7/site-packages/airflow/example_dags/example_datasets.py
[2024-08-01T09:30:51.346+0000] {logging_mixin.py:120} INFO - [2024-08-01T09:30:51.345+0000] {dag.py:2585} INFO - Sync 6 DAGs
[2024-08-01T09:30:51.375+0000] {logging_mixin.py:120} INFO - [2024-08-01T09:30:51.375+0000] {dag.py:3340} INFO - Setting next_dagrun for dataset_consumes_1 to None, run_after=None
[2024-08-01T09:30:51.380+0000] {logging_mixin.py:120} INFO - [2024-08-01T09:30:51.380+0000] {dag.py:3340} INFO - Setting next_dagrun for dataset_consumes_1_and_2 to None, run_after=None
[2024-08-01T09:30:51.383+0000] {logging_mixin.py:120} INFO - [2024-08-01T09:30:51.383+0000] {dag.py:3340} INFO - Setting next_dagrun for dataset_consumes_1_never_scheduled to None, run_after=None
[2024-08-01T09:30:51.384+0000] {logging_mixin.py:120} INFO - [2024-08-01T09:30:51.384+0000] {dag.py:3340} INFO - Setting next_dagrun for dataset_consumes_unknown_never_scheduled to None, run_after=None
[2024-08-01T09:30:51.388+0000] {logging_mixin.py:120} INFO - [2024-08-01T09:30:51.388+0000] {dag.py:3340} INFO - Setting next_dagrun for dataset_produces_1 to 2024-07-31T00:00:00+00:00, run_after=2024-08-01T00:00:00+00:00
[2024-08-01T09:30:51.390+0000] {logging_mixin.py:120} INFO - [2024-08-01T09:30:51.390+0000] {dag.py:3340} INFO - Setting next_dagrun for dataset_produces_2 to None, run_after=None
[2024-08-01T09:30:51.420+0000] {processor.py:176} INFO - Processing /home/airflow/.local/lib/python3.7/site-packages/airflow/example_dags/example_datasets.py took 0.156 seconds
[2024-08-01T09:31:21.726+0000] {processor.py:154} INFO - Started process (PID=3986) to work on /home/airflow/.local/lib/python3.7/site-packages/airflow/example_dags/example_datasets.py
[2024-08-01T09:31:21.727+0000] {processor.py:756} INFO - Processing file /home/airflow/.local/lib/python3.7/site-packages/airflow/example_dags/example_datasets.py for tasks to queue
[2024-08-01T09:31:21.728+0000] {logging_mixin.py:120} INFO - [2024-08-01T09:31:21.728+0000] {dagbag.py:537} INFO - Filling up the DagBag from /home/airflow/.local/lib/python3.7/site-packages/airflow/example_dags/example_datasets.py
[2024-08-01T09:31:21.758+0000] {processor.py:766} INFO - DAG(s) dict_keys(['dataset_consumes_1_never_scheduled', 'dataset_produces_1', 'dataset_consumes_1_and_2', 'dataset_produces_2', 'dataset_consumes_1', 'dataset_consumes_unknown_never_scheduled']) retrieved from /home/airflow/.local/lib/python3.7/site-packages/airflow/example_dags/example_datasets.py
[2024-08-01T09:31:22.070+0000] {logging_mixin.py:120} INFO - [2024-08-01T09:31:22.070+0000] {dag.py:2585} INFO - Sync 6 DAGs
[2024-08-01T09:31:22.100+0000] {logging_mixin.py:120} INFO - [2024-08-01T09:31:22.100+0000] {dag.py:3340} INFO - Setting next_dagrun for dataset_consumes_1 to None, run_after=None
[2024-08-01T09:31:22.105+0000] {logging_mixin.py:120} INFO - [2024-08-01T09:31:22.105+0000] {dag.py:3340} INFO - Setting next_dagrun for dataset_consumes_1_and_2 to None, run_after=None
[2024-08-01T09:31:22.107+0000] {logging_mixin.py:120} INFO - [2024-08-01T09:31:22.107+0000] {dag.py:3340} INFO - Setting next_dagrun for dataset_consumes_1_never_scheduled to None, run_after=None
[2024-08-01T09:31:22.109+0000] {logging_mixin.py:120} INFO - [2024-08-01T09:31:22.109+0000] {dag.py:3340} INFO - Setting next_dagrun for dataset_consumes_unknown_never_scheduled to None, run_after=None
[2024-08-01T09:31:22.113+0000] {logging_mixin.py:120} INFO - [2024-08-01T09:31:22.113+0000] {dag.py:3340} INFO - Setting next_dagrun for dataset_produces_1 to 2024-07-31T00:00:00+00:00, run_after=2024-08-01T00:00:00+00:00
[2024-08-01T09:31:22.115+0000] {logging_mixin.py:120} INFO - [2024-08-01T09:31:22.115+0000] {dag.py:3340} INFO - Setting next_dagrun for dataset_produces_2 to None, run_after=None
[2024-08-01T09:31:22.174+0000] {processor.py:176} INFO - Processing /home/airflow/.local/lib/python3.7/site-packages/airflow/example_dags/example_datasets.py took 0.451 seconds
[2024-08-01T09:31:52.286+0000] {processor.py:154} INFO - Started process (PID=4051) to work on /home/airflow/.local/lib/python3.7/site-packages/airflow/example_dags/example_datasets.py
[2024-08-01T09:31:52.287+0000] {processor.py:756} INFO - Processing file /home/airflow/.local/lib/python3.7/site-packages/airflow/example_dags/example_datasets.py for tasks to queue
[2024-08-01T09:31:52.290+0000] {logging_mixin.py:120} INFO - [2024-08-01T09:31:52.289+0000] {dagbag.py:537} INFO - Filling up the DagBag from /home/airflow/.local/lib/python3.7/site-packages/airflow/example_dags/example_datasets.py
[2024-08-01T09:31:52.311+0000] {processor.py:766} INFO - DAG(s) dict_keys(['dataset_produces_1', 'dataset_produces_2', 'dataset_consumes_1', 'dataset_consumes_unknown_never_scheduled', 'dataset_consumes_1_never_scheduled', 'dataset_consumes_1_and_2']) retrieved from /home/airflow/.local/lib/python3.7/site-packages/airflow/example_dags/example_datasets.py
[2024-08-01T09:31:52.381+0000] {logging_mixin.py:120} INFO - [2024-08-01T09:31:52.381+0000] {dag.py:2585} INFO - Sync 6 DAGs
[2024-08-01T09:31:52.411+0000] {logging_mixin.py:120} INFO - [2024-08-01T09:31:52.410+0000] {dag.py:3340} INFO - Setting next_dagrun for dataset_consumes_1 to None, run_after=None
[2024-08-01T09:31:52.426+0000] {logging_mixin.py:120} INFO - [2024-08-01T09:31:52.426+0000] {dag.py:3340} INFO - Setting next_dagrun for dataset_consumes_1_and_2 to None, run_after=None
[2024-08-01T09:31:52.465+0000] {logging_mixin.py:120} INFO - [2024-08-01T09:31:52.464+0000] {dag.py:3340} INFO - Setting next_dagrun for dataset_consumes_1_never_scheduled to None, run_after=None
[2024-08-01T09:31:52.467+0000] {logging_mixin.py:120} INFO - [2024-08-01T09:31:52.466+0000] {dag.py:3340} INFO - Setting next_dagrun for dataset_consumes_unknown_never_scheduled to None, run_after=None
[2024-08-01T09:31:52.471+0000] {logging_mixin.py:120} INFO - [2024-08-01T09:31:52.470+0000] {dag.py:3340} INFO - Setting next_dagrun for dataset_produces_1 to 2024-07-31T00:00:00+00:00, run_after=2024-08-01T00:00:00+00:00
[2024-08-01T09:31:52.477+0000] {logging_mixin.py:120} INFO - [2024-08-01T09:31:52.477+0000] {dag.py:3340} INFO - Setting next_dagrun for dataset_produces_2 to None, run_after=None
[2024-08-01T09:31:52.522+0000] {processor.py:176} INFO - Processing /home/airflow/.local/lib/python3.7/site-packages/airflow/example_dags/example_datasets.py took 0.240 seconds
[2024-08-01T09:32:23.007+0000] {processor.py:154} INFO - Started process (PID=4107) to work on /home/airflow/.local/lib/python3.7/site-packages/airflow/example_dags/example_datasets.py
[2024-08-01T09:32:23.008+0000] {processor.py:756} INFO - Processing file /home/airflow/.local/lib/python3.7/site-packages/airflow/example_dags/example_datasets.py for tasks to queue
[2024-08-01T09:32:23.009+0000] {logging_mixin.py:120} INFO - [2024-08-01T09:32:23.009+0000] {dagbag.py:537} INFO - Filling up the DagBag from /home/airflow/.local/lib/python3.7/site-packages/airflow/example_dags/example_datasets.py
[2024-08-01T09:32:23.040+0000] {processor.py:766} INFO - DAG(s) dict_keys(['dataset_produces_2', 'dataset_produces_1', 'dataset_consumes_1_and_2', 'dataset_consumes_1_never_scheduled', 'dataset_consumes_1', 'dataset_consumes_unknown_never_scheduled']) retrieved from /home/airflow/.local/lib/python3.7/site-packages/airflow/example_dags/example_datasets.py
[2024-08-01T09:32:23.110+0000] {logging_mixin.py:120} INFO - [2024-08-01T09:32:23.109+0000] {dag.py:2585} INFO - Sync 6 DAGs
[2024-08-01T09:32:23.140+0000] {logging_mixin.py:120} INFO - [2024-08-01T09:32:23.139+0000] {dag.py:3340} INFO - Setting next_dagrun for dataset_consumes_1 to None, run_after=None
[2024-08-01T09:32:23.145+0000] {logging_mixin.py:120} INFO - [2024-08-01T09:32:23.145+0000] {dag.py:3340} INFO - Setting next_dagrun for dataset_consumes_1_and_2 to None, run_after=None
[2024-08-01T09:32:23.147+0000] {logging_mixin.py:120} INFO - [2024-08-01T09:32:23.147+0000] {dag.py:3340} INFO - Setting next_dagrun for dataset_consumes_1_never_scheduled to None, run_after=None
[2024-08-01T09:32:23.149+0000] {logging_mixin.py:120} INFO - [2024-08-01T09:32:23.149+0000] {dag.py:3340} INFO - Setting next_dagrun for dataset_consumes_unknown_never_scheduled to None, run_after=None
[2024-08-01T09:32:23.152+0000] {logging_mixin.py:120} INFO - [2024-08-01T09:32:23.152+0000] {dag.py:3340} INFO - Setting next_dagrun for dataset_produces_1 to 2024-07-31T00:00:00+00:00, run_after=2024-08-01T00:00:00+00:00
[2024-08-01T09:32:23.155+0000] {logging_mixin.py:120} INFO - [2024-08-01T09:32:23.154+0000] {dag.py:3340} INFO - Setting next_dagrun for dataset_produces_2 to None, run_after=None
[2024-08-01T09:32:23.200+0000] {processor.py:176} INFO - Processing /home/airflow/.local/lib/python3.7/site-packages/airflow/example_dags/example_datasets.py took 0.196 seconds
[2024-08-01T09:32:53.944+0000] {processor.py:154} INFO - Started process (PID=4171) to work on /home/airflow/.local/lib/python3.7/site-packages/airflow/example_dags/example_datasets.py
[2024-08-01T09:32:53.948+0000] {processor.py:756} INFO - Processing file /home/airflow/.local/lib/python3.7/site-packages/airflow/example_dags/example_datasets.py for tasks to queue
[2024-08-01T09:32:53.950+0000] {logging_mixin.py:120} INFO - [2024-08-01T09:32:53.950+0000] {dagbag.py:537} INFO - Filling up the DagBag from /home/airflow/.local/lib/python3.7/site-packages/airflow/example_dags/example_datasets.py
[2024-08-01T09:32:53.973+0000] {processor.py:766} INFO - DAG(s) dict_keys(['dataset_produces_2', 'dataset_consumes_unknown_never_scheduled', 'dataset_produces_1', 'dataset_consumes_1', 'dataset_consumes_1_and_2', 'dataset_consumes_1_never_scheduled']) retrieved from /home/airflow/.local/lib/python3.7/site-packages/airflow/example_dags/example_datasets.py
[2024-08-01T09:32:54.109+0000] {logging_mixin.py:120} INFO - [2024-08-01T09:32:54.109+0000] {dag.py:2585} INFO - Sync 6 DAGs
[2024-08-01T09:32:54.180+0000] {logging_mixin.py:120} INFO - [2024-08-01T09:32:54.179+0000] {dag.py:3340} INFO - Setting next_dagrun for dataset_consumes_1 to None, run_after=None
[2024-08-01T09:32:54.184+0000] {logging_mixin.py:120} INFO - [2024-08-01T09:32:54.184+0000] {dag.py:3340} INFO - Setting next_dagrun for dataset_consumes_1_and_2 to None, run_after=None
[2024-08-01T09:32:54.185+0000] {logging_mixin.py:120} INFO - [2024-08-01T09:32:54.185+0000] {dag.py:3340} INFO - Setting next_dagrun for dataset_consumes_1_never_scheduled to None, run_after=None
[2024-08-01T09:32:54.187+0000] {logging_mixin.py:120} INFO - [2024-08-01T09:32:54.187+0000] {dag.py:3340} INFO - Setting next_dagrun for dataset_consumes_unknown_never_scheduled to None, run_after=None
[2024-08-01T09:32:54.190+0000] {logging_mixin.py:120} INFO - [2024-08-01T09:32:54.190+0000] {dag.py:3340} INFO - Setting next_dagrun for dataset_produces_1 to 2024-07-31T00:00:00+00:00, run_after=2024-08-01T00:00:00+00:00
[2024-08-01T09:32:54.202+0000] {logging_mixin.py:120} INFO - [2024-08-01T09:32:54.202+0000] {dag.py:3340} INFO - Setting next_dagrun for dataset_produces_2 to None, run_after=None
[2024-08-01T09:32:54.241+0000] {processor.py:176} INFO - Processing /home/airflow/.local/lib/python3.7/site-packages/airflow/example_dags/example_datasets.py took 0.300 seconds
[2024-08-01T09:33:24.726+0000] {processor.py:154} INFO - Started process (PID=4235) to work on /home/airflow/.local/lib/python3.7/site-packages/airflow/example_dags/example_datasets.py
[2024-08-01T09:33:24.728+0000] {processor.py:756} INFO - Processing file /home/airflow/.local/lib/python3.7/site-packages/airflow/example_dags/example_datasets.py for tasks to queue
[2024-08-01T09:33:24.729+0000] {logging_mixin.py:120} INFO - [2024-08-01T09:33:24.729+0000] {dagbag.py:537} INFO - Filling up the DagBag from /home/airflow/.local/lib/python3.7/site-packages/airflow/example_dags/example_datasets.py
[2024-08-01T09:33:24.751+0000] {processor.py:766} INFO - DAG(s) dict_keys(['dataset_consumes_unknown_never_scheduled', 'dataset_consumes_1_and_2', 'dataset_produces_2', 'dataset_consumes_1', 'dataset_produces_1', 'dataset_consumes_1_never_scheduled']) retrieved from /home/airflow/.local/lib/python3.7/site-packages/airflow/example_dags/example_datasets.py
[2024-08-01T09:33:24.819+0000] {logging_mixin.py:120} INFO - [2024-08-01T09:33:24.818+0000] {dag.py:2585} INFO - Sync 6 DAGs
[2024-08-01T09:33:24.882+0000] {logging_mixin.py:120} INFO - [2024-08-01T09:33:24.882+0000] {dag.py:3340} INFO - Setting next_dagrun for dataset_consumes_1 to None, run_after=None
[2024-08-01T09:33:24.887+0000] {logging_mixin.py:120} INFO - [2024-08-01T09:33:24.886+0000] {dag.py:3340} INFO - Setting next_dagrun for dataset_consumes_1_and_2 to None, run_after=None
[2024-08-01T09:33:24.888+0000] {logging_mixin.py:120} INFO - [2024-08-01T09:33:24.888+0000] {dag.py:3340} INFO - Setting next_dagrun for dataset_consumes_1_never_scheduled to None, run_after=None
[2024-08-01T09:33:24.890+0000] {logging_mixin.py:120} INFO - [2024-08-01T09:33:24.890+0000] {dag.py:3340} INFO - Setting next_dagrun for dataset_consumes_unknown_never_scheduled to None, run_after=None
[2024-08-01T09:33:24.894+0000] {logging_mixin.py:120} INFO - [2024-08-01T09:33:24.894+0000] {dag.py:3340} INFO - Setting next_dagrun for dataset_produces_1 to 2024-07-31T00:00:00+00:00, run_after=2024-08-01T00:00:00+00:00
[2024-08-01T09:33:24.980+0000] {logging_mixin.py:120} INFO - [2024-08-01T09:33:24.979+0000] {dag.py:3340} INFO - Setting next_dagrun for dataset_produces_2 to None, run_after=None
[2024-08-01T09:33:25.080+0000] {processor.py:176} INFO - Processing /home/airflow/.local/lib/python3.7/site-packages/airflow/example_dags/example_datasets.py took 0.357 seconds
[2024-08-01T09:33:55.225+0000] {processor.py:154} INFO - Started process (PID=4290) to work on /home/airflow/.local/lib/python3.7/site-packages/airflow/example_dags/example_datasets.py
[2024-08-01T09:33:55.226+0000] {processor.py:756} INFO - Processing file /home/airflow/.local/lib/python3.7/site-packages/airflow/example_dags/example_datasets.py for tasks to queue
[2024-08-01T09:33:55.227+0000] {logging_mixin.py:120} INFO - [2024-08-01T09:33:55.227+0000] {dagbag.py:537} INFO - Filling up the DagBag from /home/airflow/.local/lib/python3.7/site-packages/airflow/example_dags/example_datasets.py
[2024-08-01T09:33:55.245+0000] {processor.py:766} INFO - DAG(s) dict_keys(['dataset_consumes_1_and_2', 'dataset_consumes_1_never_scheduled', 'dataset_consumes_1', 'dataset_produces_1', 'dataset_consumes_unknown_never_scheduled', 'dataset_produces_2']) retrieved from /home/airflow/.local/lib/python3.7/site-packages/airflow/example_dags/example_datasets.py
[2024-08-01T09:33:55.303+0000] {logging_mixin.py:120} INFO - [2024-08-01T09:33:55.303+0000] {dag.py:2585} INFO - Sync 6 DAGs
[2024-08-01T09:33:55.333+0000] {logging_mixin.py:120} INFO - [2024-08-01T09:33:55.333+0000] {dag.py:3340} INFO - Setting next_dagrun for dataset_consumes_1 to None, run_after=None
[2024-08-01T09:33:55.337+0000] {logging_mixin.py:120} INFO - [2024-08-01T09:33:55.337+0000] {dag.py:3340} INFO - Setting next_dagrun for dataset_consumes_1_and_2 to None, run_after=None
[2024-08-01T09:33:55.339+0000] {logging_mixin.py:120} INFO - [2024-08-01T09:33:55.338+0000] {dag.py:3340} INFO - Setting next_dagrun for dataset_consumes_1_never_scheduled to None, run_after=None
[2024-08-01T09:33:55.340+0000] {logging_mixin.py:120} INFO - [2024-08-01T09:33:55.340+0000] {dag.py:3340} INFO - Setting next_dagrun for dataset_consumes_unknown_never_scheduled to None, run_after=None
[2024-08-01T09:33:55.343+0000] {logging_mixin.py:120} INFO - [2024-08-01T09:33:55.343+0000] {dag.py:3340} INFO - Setting next_dagrun for dataset_produces_1 to 2024-07-31T00:00:00+00:00, run_after=2024-08-01T00:00:00+00:00
[2024-08-01T09:33:55.345+0000] {logging_mixin.py:120} INFO - [2024-08-01T09:33:55.345+0000] {dag.py:3340} INFO - Setting next_dagrun for dataset_produces_2 to None, run_after=None
[2024-08-01T09:33:55.374+0000] {processor.py:176} INFO - Processing /home/airflow/.local/lib/python3.7/site-packages/airflow/example_dags/example_datasets.py took 0.157 seconds
[2024-08-01T09:34:25.756+0000] {processor.py:154} INFO - Started process (PID=4355) to work on /home/airflow/.local/lib/python3.7/site-packages/airflow/example_dags/example_datasets.py
[2024-08-01T09:34:25.758+0000] {processor.py:756} INFO - Processing file /home/airflow/.local/lib/python3.7/site-packages/airflow/example_dags/example_datasets.py for tasks to queue
[2024-08-01T09:34:25.759+0000] {logging_mixin.py:120} INFO - [2024-08-01T09:34:25.759+0000] {dagbag.py:537} INFO - Filling up the DagBag from /home/airflow/.local/lib/python3.7/site-packages/airflow/example_dags/example_datasets.py
[2024-08-01T09:34:25.776+0000] {processor.py:766} INFO - DAG(s) dict_keys(['dataset_consumes_1_and_2', 'dataset_consumes_1_never_scheduled', 'dataset_produces_1', 'dataset_produces_2', 'dataset_consumes_unknown_never_scheduled', 'dataset_consumes_1']) retrieved from /home/airflow/.local/lib/python3.7/site-packages/airflow/example_dags/example_datasets.py
[2024-08-01T09:34:25.848+0000] {logging_mixin.py:120} INFO - [2024-08-01T09:34:25.847+0000] {dag.py:2585} INFO - Sync 6 DAGs
[2024-08-01T09:34:25.877+0000] {logging_mixin.py:120} INFO - [2024-08-01T09:34:25.877+0000] {dag.py:3340} INFO - Setting next_dagrun for dataset_consumes_1 to None, run_after=None
[2024-08-01T09:34:25.881+0000] {logging_mixin.py:120} INFO - [2024-08-01T09:34:25.881+0000] {dag.py:3340} INFO - Setting next_dagrun for dataset_consumes_1_and_2 to None, run_after=None
[2024-08-01T09:34:25.883+0000] {logging_mixin.py:120} INFO - [2024-08-01T09:34:25.883+0000] {dag.py:3340} INFO - Setting next_dagrun for dataset_consumes_1_never_scheduled to None, run_after=None
[2024-08-01T09:34:25.884+0000] {logging_mixin.py:120} INFO - [2024-08-01T09:34:25.884+0000] {dag.py:3340} INFO - Setting next_dagrun for dataset_consumes_unknown_never_scheduled to None, run_after=None
[2024-08-01T09:34:25.887+0000] {logging_mixin.py:120} INFO - [2024-08-01T09:34:25.887+0000] {dag.py:3340} INFO - Setting next_dagrun for dataset_produces_1 to 2024-07-31T00:00:00+00:00, run_after=2024-08-01T00:00:00+00:00
[2024-08-01T09:34:25.889+0000] {logging_mixin.py:120} INFO - [2024-08-01T09:34:25.889+0000] {dag.py:3340} INFO - Setting next_dagrun for dataset_produces_2 to None, run_after=None
[2024-08-01T09:34:25.932+0000] {processor.py:176} INFO - Processing /home/airflow/.local/lib/python3.7/site-packages/airflow/example_dags/example_datasets.py took 0.179 seconds
[2024-08-01T09:34:56.571+0000] {processor.py:154} INFO - Started process (PID=4419) to work on /home/airflow/.local/lib/python3.7/site-packages/airflow/example_dags/example_datasets.py
[2024-08-01T09:34:56.573+0000] {processor.py:756} INFO - Processing file /home/airflow/.local/lib/python3.7/site-packages/airflow/example_dags/example_datasets.py for tasks to queue
[2024-08-01T09:34:56.579+0000] {logging_mixin.py:120} INFO - [2024-08-01T09:34:56.578+0000] {dagbag.py:537} INFO - Filling up the DagBag from /home/airflow/.local/lib/python3.7/site-packages/airflow/example_dags/example_datasets.py
[2024-08-01T09:34:56.599+0000] {processor.py:766} INFO - DAG(s) dict_keys(['dataset_consumes_unknown_never_scheduled', 'dataset_produces_1', 'dataset_consumes_1_never_scheduled', 'dataset_consumes_1', 'dataset_consumes_1_and_2', 'dataset_produces_2']) retrieved from /home/airflow/.local/lib/python3.7/site-packages/airflow/example_dags/example_datasets.py
[2024-08-01T09:34:56.669+0000] {logging_mixin.py:120} INFO - [2024-08-01T09:34:56.669+0000] {dag.py:2585} INFO - Sync 6 DAGs
[2024-08-01T09:34:56.699+0000] {logging_mixin.py:120} INFO - [2024-08-01T09:34:56.699+0000] {dag.py:3340} INFO - Setting next_dagrun for dataset_consumes_1 to None, run_after=None
[2024-08-01T09:34:56.704+0000] {logging_mixin.py:120} INFO - [2024-08-01T09:34:56.704+0000] {dag.py:3340} INFO - Setting next_dagrun for dataset_consumes_1_and_2 to None, run_after=None
[2024-08-01T09:34:56.707+0000] {logging_mixin.py:120} INFO - [2024-08-01T09:34:56.707+0000] {dag.py:3340} INFO - Setting next_dagrun for dataset_consumes_1_never_scheduled to None, run_after=None
[2024-08-01T09:34:56.709+0000] {logging_mixin.py:120} INFO - [2024-08-01T09:34:56.709+0000] {dag.py:3340} INFO - Setting next_dagrun for dataset_consumes_unknown_never_scheduled to None, run_after=None
[2024-08-01T09:34:56.713+0000] {logging_mixin.py:120} INFO - [2024-08-01T09:34:56.713+0000] {dag.py:3340} INFO - Setting next_dagrun for dataset_produces_1 to 2024-07-31T00:00:00+00:00, run_after=2024-08-01T00:00:00+00:00
[2024-08-01T09:34:56.732+0000] {logging_mixin.py:120} INFO - [2024-08-01T09:34:56.731+0000] {dag.py:3340} INFO - Setting next_dagrun for dataset_produces_2 to None, run_after=None
[2024-08-01T09:34:56.764+0000] {processor.py:176} INFO - Processing /home/airflow/.local/lib/python3.7/site-packages/airflow/example_dags/example_datasets.py took 0.196 seconds
[2024-08-01T09:35:26.921+0000] {processor.py:154} INFO - Started process (PID=4474) to work on /home/airflow/.local/lib/python3.7/site-packages/airflow/example_dags/example_datasets.py
[2024-08-01T09:35:26.922+0000] {processor.py:756} INFO - Processing file /home/airflow/.local/lib/python3.7/site-packages/airflow/example_dags/example_datasets.py for tasks to queue
[2024-08-01T09:35:26.922+0000] {logging_mixin.py:120} INFO - [2024-08-01T09:35:26.922+0000] {dagbag.py:537} INFO - Filling up the DagBag from /home/airflow/.local/lib/python3.7/site-packages/airflow/example_dags/example_datasets.py
[2024-08-01T09:35:26.934+0000] {processor.py:766} INFO - DAG(s) dict_keys(['dataset_consumes_unknown_never_scheduled', 'dataset_produces_1', 'dataset_consumes_1_and_2', 'dataset_produces_2', 'dataset_consumes_1_never_scheduled', 'dataset_consumes_1']) retrieved from /home/airflow/.local/lib/python3.7/site-packages/airflow/example_dags/example_datasets.py
[2024-08-01T09:35:26.982+0000] {logging_mixin.py:120} INFO - [2024-08-01T09:35:26.981+0000] {dag.py:2585} INFO - Sync 6 DAGs
[2024-08-01T09:35:27.003+0000] {logging_mixin.py:120} INFO - [2024-08-01T09:35:27.003+0000] {dag.py:3340} INFO - Setting next_dagrun for dataset_consumes_1 to None, run_after=None
[2024-08-01T09:35:27.006+0000] {logging_mixin.py:120} INFO - [2024-08-01T09:35:27.006+0000] {dag.py:3340} INFO - Setting next_dagrun for dataset_consumes_1_and_2 to None, run_after=None
[2024-08-01T09:35:27.008+0000] {logging_mixin.py:120} INFO - [2024-08-01T09:35:27.007+0000] {dag.py:3340} INFO - Setting next_dagrun for dataset_consumes_1_never_scheduled to None, run_after=None
[2024-08-01T09:35:27.009+0000] {logging_mixin.py:120} INFO - [2024-08-01T09:35:27.009+0000] {dag.py:3340} INFO - Setting next_dagrun for dataset_consumes_unknown_never_scheduled to None, run_after=None
[2024-08-01T09:35:27.011+0000] {logging_mixin.py:120} INFO - [2024-08-01T09:35:27.011+0000] {dag.py:3340} INFO - Setting next_dagrun for dataset_produces_1 to 2024-07-31T00:00:00+00:00, run_after=2024-08-01T00:00:00+00:00
[2024-08-01T09:35:27.012+0000] {logging_mixin.py:120} INFO - [2024-08-01T09:35:27.012+0000] {dag.py:3340} INFO - Setting next_dagrun for dataset_produces_2 to None, run_after=None
[2024-08-01T09:35:27.038+0000] {processor.py:176} INFO - Processing /home/airflow/.local/lib/python3.7/site-packages/airflow/example_dags/example_datasets.py took 0.120 seconds
[2024-08-01T09:35:57.332+0000] {processor.py:154} INFO - Started process (PID=4539) to work on /home/airflow/.local/lib/python3.7/site-packages/airflow/example_dags/example_datasets.py
[2024-08-01T09:35:57.334+0000] {processor.py:756} INFO - Processing file /home/airflow/.local/lib/python3.7/site-packages/airflow/example_dags/example_datasets.py for tasks to queue
[2024-08-01T09:35:57.335+0000] {logging_mixin.py:120} INFO - [2024-08-01T09:35:57.335+0000] {dagbag.py:537} INFO - Filling up the DagBag from /home/airflow/.local/lib/python3.7/site-packages/airflow/example_dags/example_datasets.py
[2024-08-01T09:35:57.349+0000] {processor.py:766} INFO - DAG(s) dict_keys(['dataset_consumes_1_never_scheduled', 'dataset_produces_1', 'dataset_produces_2', 'dataset_consumes_unknown_never_scheduled', 'dataset_consumes_1_and_2', 'dataset_consumes_1']) retrieved from /home/airflow/.local/lib/python3.7/site-packages/airflow/example_dags/example_datasets.py
[2024-08-01T09:35:57.394+0000] {logging_mixin.py:120} INFO - [2024-08-01T09:35:57.394+0000] {dag.py:2585} INFO - Sync 6 DAGs
[2024-08-01T09:35:57.414+0000] {logging_mixin.py:120} INFO - [2024-08-01T09:35:57.414+0000] {dag.py:3340} INFO - Setting next_dagrun for dataset_consumes_1 to None, run_after=None
[2024-08-01T09:35:57.416+0000] {logging_mixin.py:120} INFO - [2024-08-01T09:35:57.416+0000] {dag.py:3340} INFO - Setting next_dagrun for dataset_consumes_1_and_2 to None, run_after=None
[2024-08-01T09:35:57.418+0000] {logging_mixin.py:120} INFO - [2024-08-01T09:35:57.418+0000] {dag.py:3340} INFO - Setting next_dagrun for dataset_consumes_1_never_scheduled to None, run_after=None
[2024-08-01T09:35:57.419+0000] {logging_mixin.py:120} INFO - [2024-08-01T09:35:57.419+0000] {dag.py:3340} INFO - Setting next_dagrun for dataset_consumes_unknown_never_scheduled to None, run_after=None
[2024-08-01T09:35:57.421+0000] {logging_mixin.py:120} INFO - [2024-08-01T09:35:57.421+0000] {dag.py:3340} INFO - Setting next_dagrun for dataset_produces_1 to 2024-07-31T00:00:00+00:00, run_after=2024-08-01T00:00:00+00:00
[2024-08-01T09:35:57.422+0000] {logging_mixin.py:120} INFO - [2024-08-01T09:35:57.422+0000] {dag.py:3340} INFO - Setting next_dagrun for dataset_produces_2 to None, run_after=None
[2024-08-01T09:35:57.442+0000] {processor.py:176} INFO - Processing /home/airflow/.local/lib/python3.7/site-packages/airflow/example_dags/example_datasets.py took 0.112 seconds
[2024-08-01T09:36:27.564+0000] {processor.py:154} INFO - Started process (PID=4610) to work on /home/airflow/.local/lib/python3.7/site-packages/airflow/example_dags/example_datasets.py
[2024-08-01T09:36:27.566+0000] {processor.py:756} INFO - Processing file /home/airflow/.local/lib/python3.7/site-packages/airflow/example_dags/example_datasets.py for tasks to queue
[2024-08-01T09:36:27.567+0000] {logging_mixin.py:120} INFO - [2024-08-01T09:36:27.567+0000] {dagbag.py:537} INFO - Filling up the DagBag from /home/airflow/.local/lib/python3.7/site-packages/airflow/example_dags/example_datasets.py
[2024-08-01T09:36:27.581+0000] {processor.py:766} INFO - DAG(s) dict_keys(['dataset_consumes_1_never_scheduled', 'dataset_produces_2', 'dataset_consumes_unknown_never_scheduled', 'dataset_consumes_1_and_2', 'dataset_consumes_1', 'dataset_produces_1']) retrieved from /home/airflow/.local/lib/python3.7/site-packages/airflow/example_dags/example_datasets.py
[2024-08-01T09:36:27.640+0000] {logging_mixin.py:120} INFO - [2024-08-01T09:36:27.640+0000] {dag.py:2585} INFO - Sync 6 DAGs
[2024-08-01T09:36:27.664+0000] {logging_mixin.py:120} INFO - [2024-08-01T09:36:27.663+0000] {dag.py:3340} INFO - Setting next_dagrun for dataset_consumes_1 to None, run_after=None
[2024-08-01T09:36:27.668+0000] {logging_mixin.py:120} INFO - [2024-08-01T09:36:27.668+0000] {dag.py:3340} INFO - Setting next_dagrun for dataset_consumes_1_and_2 to None, run_after=None
[2024-08-01T09:36:27.670+0000] {logging_mixin.py:120} INFO - [2024-08-01T09:36:27.670+0000] {dag.py:3340} INFO - Setting next_dagrun for dataset_consumes_1_never_scheduled to None, run_after=None
[2024-08-01T09:36:27.672+0000] {logging_mixin.py:120} INFO - [2024-08-01T09:36:27.672+0000] {dag.py:3340} INFO - Setting next_dagrun for dataset_consumes_unknown_never_scheduled to None, run_after=None
[2024-08-01T09:36:27.676+0000] {logging_mixin.py:120} INFO - [2024-08-01T09:36:27.676+0000] {dag.py:3340} INFO - Setting next_dagrun for dataset_produces_1 to 2024-07-31T00:00:00+00:00, run_after=2024-08-01T00:00:00+00:00
[2024-08-01T09:36:27.678+0000] {logging_mixin.py:120} INFO - [2024-08-01T09:36:27.678+0000] {dag.py:3340} INFO - Setting next_dagrun for dataset_produces_2 to None, run_after=None
[2024-08-01T09:36:27.711+0000] {processor.py:176} INFO - Processing /home/airflow/.local/lib/python3.7/site-packages/airflow/example_dags/example_datasets.py took 0.150 seconds
[2024-08-01T09:36:58.146+0000] {processor.py:154} INFO - Started process (PID=4675) to work on /home/airflow/.local/lib/python3.7/site-packages/airflow/example_dags/example_datasets.py
[2024-08-01T09:36:58.147+0000] {processor.py:756} INFO - Processing file /home/airflow/.local/lib/python3.7/site-packages/airflow/example_dags/example_datasets.py for tasks to queue
[2024-08-01T09:36:58.149+0000] {logging_mixin.py:120} INFO - [2024-08-01T09:36:58.148+0000] {dagbag.py:537} INFO - Filling up the DagBag from /home/airflow/.local/lib/python3.7/site-packages/airflow/example_dags/example_datasets.py
[2024-08-01T09:36:58.163+0000] {processor.py:766} INFO - DAG(s) dict_keys(['dataset_consumes_1', 'dataset_consumes_1_never_scheduled', 'dataset_produces_2', 'dataset_produces_1', 'dataset_consumes_unknown_never_scheduled', 'dataset_consumes_1_and_2']) retrieved from /home/airflow/.local/lib/python3.7/site-packages/airflow/example_dags/example_datasets.py
[2024-08-01T09:36:58.213+0000] {logging_mixin.py:120} INFO - [2024-08-01T09:36:58.212+0000] {dag.py:2585} INFO - Sync 6 DAGs
[2024-08-01T09:36:58.239+0000] {logging_mixin.py:120} INFO - [2024-08-01T09:36:58.238+0000] {dag.py:3340} INFO - Setting next_dagrun for dataset_consumes_1 to None, run_after=None
[2024-08-01T09:36:58.243+0000] {logging_mixin.py:120} INFO - [2024-08-01T09:36:58.243+0000] {dag.py:3340} INFO - Setting next_dagrun for dataset_consumes_1_and_2 to None, run_after=None
[2024-08-01T09:36:58.245+0000] {logging_mixin.py:120} INFO - [2024-08-01T09:36:58.245+0000] {dag.py:3340} INFO - Setting next_dagrun for dataset_consumes_1_never_scheduled to None, run_after=None
[2024-08-01T09:36:58.246+0000] {logging_mixin.py:120} INFO - [2024-08-01T09:36:58.246+0000] {dag.py:3340} INFO - Setting next_dagrun for dataset_consumes_unknown_never_scheduled to None, run_after=None
[2024-08-01T09:36:58.250+0000] {logging_mixin.py:120} INFO - [2024-08-01T09:36:58.250+0000] {dag.py:3340} INFO - Setting next_dagrun for dataset_produces_1 to 2024-07-31T00:00:00+00:00, run_after=2024-08-01T00:00:00+00:00
[2024-08-01T09:36:58.253+0000] {logging_mixin.py:120} INFO - [2024-08-01T09:36:58.253+0000] {dag.py:3340} INFO - Setting next_dagrun for dataset_produces_2 to None, run_after=None
[2024-08-01T09:36:58.307+0000] {processor.py:176} INFO - Processing /home/airflow/.local/lib/python3.7/site-packages/airflow/example_dags/example_datasets.py took 0.163 seconds
[2024-08-01T09:37:28.487+0000] {processor.py:154} INFO - Started process (PID=4730) to work on /home/airflow/.local/lib/python3.7/site-packages/airflow/example_dags/example_datasets.py
[2024-08-01T09:37:28.488+0000] {processor.py:756} INFO - Processing file /home/airflow/.local/lib/python3.7/site-packages/airflow/example_dags/example_datasets.py for tasks to queue
[2024-08-01T09:37:28.489+0000] {logging_mixin.py:120} INFO - [2024-08-01T09:37:28.489+0000] {dagbag.py:537} INFO - Filling up the DagBag from /home/airflow/.local/lib/python3.7/site-packages/airflow/example_dags/example_datasets.py
[2024-08-01T09:37:28.502+0000] {processor.py:766} INFO - DAG(s) dict_keys(['dataset_consumes_unknown_never_scheduled', 'dataset_produces_2', 'dataset_consumes_1_and_2', 'dataset_consumes_1', 'dataset_produces_1', 'dataset_consumes_1_never_scheduled']) retrieved from /home/airflow/.local/lib/python3.7/site-packages/airflow/example_dags/example_datasets.py
[2024-08-01T09:37:28.540+0000] {logging_mixin.py:120} INFO - [2024-08-01T09:37:28.540+0000] {dag.py:2585} INFO - Sync 6 DAGs
[2024-08-01T09:37:28.565+0000] {logging_mixin.py:120} INFO - [2024-08-01T09:37:28.565+0000] {dag.py:3340} INFO - Setting next_dagrun for dataset_consumes_1 to None, run_after=None
[2024-08-01T09:37:28.648+0000] {logging_mixin.py:120} INFO - [2024-08-01T09:37:28.648+0000] {dag.py:3340} INFO - Setting next_dagrun for dataset_consumes_1_and_2 to None, run_after=None
[2024-08-01T09:37:28.650+0000] {logging_mixin.py:120} INFO - [2024-08-01T09:37:28.650+0000] {dag.py:3340} INFO - Setting next_dagrun for dataset_consumes_1_never_scheduled to None, run_after=None
[2024-08-01T09:37:28.651+0000] {logging_mixin.py:120} INFO - [2024-08-01T09:37:28.651+0000] {dag.py:3340} INFO - Setting next_dagrun for dataset_consumes_unknown_never_scheduled to None, run_after=None
[2024-08-01T09:37:28.656+0000] {logging_mixin.py:120} INFO - [2024-08-01T09:37:28.655+0000] {dag.py:3340} INFO - Setting next_dagrun for dataset_produces_1 to 2024-07-31T00:00:00+00:00, run_after=2024-08-01T00:00:00+00:00
[2024-08-01T09:37:28.659+0000] {logging_mixin.py:120} INFO - [2024-08-01T09:37:28.659+0000] {dag.py:3340} INFO - Setting next_dagrun for dataset_produces_2 to None, run_after=None
[2024-08-01T09:37:28.713+0000] {processor.py:176} INFO - Processing /home/airflow/.local/lib/python3.7/site-packages/airflow/example_dags/example_datasets.py took 0.228 seconds
[2024-08-01T09:37:59.009+0000] {processor.py:154} INFO - Started process (PID=4794) to work on /home/airflow/.local/lib/python3.7/site-packages/airflow/example_dags/example_datasets.py
[2024-08-01T09:37:59.010+0000] {processor.py:756} INFO - Processing file /home/airflow/.local/lib/python3.7/site-packages/airflow/example_dags/example_datasets.py for tasks to queue
[2024-08-01T09:37:59.011+0000] {logging_mixin.py:120} INFO - [2024-08-01T09:37:59.011+0000] {dagbag.py:537} INFO - Filling up the DagBag from /home/airflow/.local/lib/python3.7/site-packages/airflow/example_dags/example_datasets.py
[2024-08-01T09:37:59.025+0000] {processor.py:766} INFO - DAG(s) dict_keys(['dataset_consumes_1_never_scheduled', 'dataset_consumes_unknown_never_scheduled', 'dataset_produces_1', 'dataset_produces_2', 'dataset_consumes_1_and_2', 'dataset_consumes_1']) retrieved from /home/airflow/.local/lib/python3.7/site-packages/airflow/example_dags/example_datasets.py
[2024-08-01T09:37:59.065+0000] {logging_mixin.py:120} INFO - [2024-08-01T09:37:59.064+0000] {dag.py:2585} INFO - Sync 6 DAGs
[2024-08-01T09:37:59.083+0000] {logging_mixin.py:120} INFO - [2024-08-01T09:37:59.082+0000] {dag.py:3340} INFO - Setting next_dagrun for dataset_consumes_1 to None, run_after=None
[2024-08-01T09:37:59.086+0000] {logging_mixin.py:120} INFO - [2024-08-01T09:37:59.085+0000] {dag.py:3340} INFO - Setting next_dagrun for dataset_consumes_1_and_2 to None, run_after=None
[2024-08-01T09:37:59.087+0000] {logging_mixin.py:120} INFO - [2024-08-01T09:37:59.087+0000] {dag.py:3340} INFO - Setting next_dagrun for dataset_consumes_1_never_scheduled to None, run_after=None
[2024-08-01T09:37:59.088+0000] {logging_mixin.py:120} INFO - [2024-08-01T09:37:59.088+0000] {dag.py:3340} INFO - Setting next_dagrun for dataset_consumes_unknown_never_scheduled to None, run_after=None
[2024-08-01T09:37:59.090+0000] {logging_mixin.py:120} INFO - [2024-08-01T09:37:59.090+0000] {dag.py:3340} INFO - Setting next_dagrun for dataset_produces_1 to 2024-07-31T00:00:00+00:00, run_after=2024-08-01T00:00:00+00:00
[2024-08-01T09:37:59.091+0000] {logging_mixin.py:120} INFO - [2024-08-01T09:37:59.091+0000] {dag.py:3340} INFO - Setting next_dagrun for dataset_produces_2 to None, run_after=None
[2024-08-01T09:37:59.114+0000] {processor.py:176} INFO - Processing /home/airflow/.local/lib/python3.7/site-packages/airflow/example_dags/example_datasets.py took 0.108 seconds
[2024-08-01T09:38:29.305+0000] {processor.py:154} INFO - Started process (PID=4861) to work on /home/airflow/.local/lib/python3.7/site-packages/airflow/example_dags/example_datasets.py
[2024-08-01T09:38:29.306+0000] {processor.py:756} INFO - Processing file /home/airflow/.local/lib/python3.7/site-packages/airflow/example_dags/example_datasets.py for tasks to queue
[2024-08-01T09:38:29.307+0000] {logging_mixin.py:120} INFO - [2024-08-01T09:38:29.307+0000] {dagbag.py:537} INFO - Filling up the DagBag from /home/airflow/.local/lib/python3.7/site-packages/airflow/example_dags/example_datasets.py
[2024-08-01T09:38:29.320+0000] {processor.py:766} INFO - DAG(s) dict_keys(['dataset_consumes_1', 'dataset_produces_2', 'dataset_consumes_unknown_never_scheduled', 'dataset_produces_1', 'dataset_consumes_1_and_2', 'dataset_consumes_1_never_scheduled']) retrieved from /home/airflow/.local/lib/python3.7/site-packages/airflow/example_dags/example_datasets.py
[2024-08-01T09:38:29.362+0000] {logging_mixin.py:120} INFO - [2024-08-01T09:38:29.362+0000] {dag.py:2585} INFO - Sync 6 DAGs
[2024-08-01T09:38:29.381+0000] {logging_mixin.py:120} INFO - [2024-08-01T09:38:29.381+0000] {dag.py:3340} INFO - Setting next_dagrun for dataset_consumes_1 to None, run_after=None
[2024-08-01T09:38:29.385+0000] {logging_mixin.py:120} INFO - [2024-08-01T09:38:29.385+0000] {dag.py:3340} INFO - Setting next_dagrun for dataset_consumes_1_and_2 to None, run_after=None
[2024-08-01T09:38:29.387+0000] {logging_mixin.py:120} INFO - [2024-08-01T09:38:29.387+0000] {dag.py:3340} INFO - Setting next_dagrun for dataset_consumes_1_never_scheduled to None, run_after=None
[2024-08-01T09:38:29.390+0000] {logging_mixin.py:120} INFO - [2024-08-01T09:38:29.390+0000] {dag.py:3340} INFO - Setting next_dagrun for dataset_consumes_unknown_never_scheduled to None, run_after=None
[2024-08-01T09:38:29.393+0000] {logging_mixin.py:120} INFO - [2024-08-01T09:38:29.393+0000] {dag.py:3340} INFO - Setting next_dagrun for dataset_produces_1 to 2024-07-31T00:00:00+00:00, run_after=2024-08-01T00:00:00+00:00
[2024-08-01T09:38:29.394+0000] {logging_mixin.py:120} INFO - [2024-08-01T09:38:29.394+0000] {dag.py:3340} INFO - Setting next_dagrun for dataset_produces_2 to None, run_after=None
[2024-08-01T09:38:29.417+0000] {processor.py:176} INFO - Processing /home/airflow/.local/lib/python3.7/site-packages/airflow/example_dags/example_datasets.py took 0.114 seconds
[2024-08-01T09:39:00.071+0000] {processor.py:154} INFO - Started process (PID=4925) to work on /home/airflow/.local/lib/python3.7/site-packages/airflow/example_dags/example_datasets.py
[2024-08-01T09:39:00.072+0000] {processor.py:756} INFO - Processing file /home/airflow/.local/lib/python3.7/site-packages/airflow/example_dags/example_datasets.py for tasks to queue
[2024-08-01T09:39:00.073+0000] {logging_mixin.py:120} INFO - [2024-08-01T09:39:00.073+0000] {dagbag.py:537} INFO - Filling up the DagBag from /home/airflow/.local/lib/python3.7/site-packages/airflow/example_dags/example_datasets.py
[2024-08-01T09:39:00.086+0000] {processor.py:766} INFO - DAG(s) dict_keys(['dataset_consumes_1_never_scheduled', 'dataset_produces_2', 'dataset_consumes_1_and_2', 'dataset_consumes_unknown_never_scheduled', 'dataset_produces_1', 'dataset_consumes_1']) retrieved from /home/airflow/.local/lib/python3.7/site-packages/airflow/example_dags/example_datasets.py
[2024-08-01T09:39:00.125+0000] {logging_mixin.py:120} INFO - [2024-08-01T09:39:00.125+0000] {dag.py:2585} INFO - Sync 6 DAGs
[2024-08-01T09:39:00.145+0000] {logging_mixin.py:120} INFO - [2024-08-01T09:39:00.145+0000] {dag.py:3340} INFO - Setting next_dagrun for dataset_consumes_1 to None, run_after=None
[2024-08-01T09:39:00.148+0000] {logging_mixin.py:120} INFO - [2024-08-01T09:39:00.148+0000] {dag.py:3340} INFO - Setting next_dagrun for dataset_consumes_1_and_2 to None, run_after=None
[2024-08-01T09:39:00.149+0000] {logging_mixin.py:120} INFO - [2024-08-01T09:39:00.149+0000] {dag.py:3340} INFO - Setting next_dagrun for dataset_consumes_1_never_scheduled to None, run_after=None
[2024-08-01T09:39:00.151+0000] {logging_mixin.py:120} INFO - [2024-08-01T09:39:00.151+0000] {dag.py:3340} INFO - Setting next_dagrun for dataset_consumes_unknown_never_scheduled to None, run_after=None
[2024-08-01T09:39:00.153+0000] {logging_mixin.py:120} INFO - [2024-08-01T09:39:00.152+0000] {dag.py:3340} INFO - Setting next_dagrun for dataset_produces_1 to 2024-07-31T00:00:00+00:00, run_after=2024-08-01T00:00:00+00:00
[2024-08-01T09:39:00.154+0000] {logging_mixin.py:120} INFO - [2024-08-01T09:39:00.154+0000] {dag.py:3340} INFO - Setting next_dagrun for dataset_produces_2 to None, run_after=None
[2024-08-01T09:39:00.186+0000] {processor.py:176} INFO - Processing /home/airflow/.local/lib/python3.7/site-packages/airflow/example_dags/example_datasets.py took 0.117 seconds
[2024-08-01T09:39:30.457+0000] {processor.py:154} INFO - Started process (PID=4980) to work on /home/airflow/.local/lib/python3.7/site-packages/airflow/example_dags/example_datasets.py
[2024-08-01T09:39:30.461+0000] {processor.py:756} INFO - Processing file /home/airflow/.local/lib/python3.7/site-packages/airflow/example_dags/example_datasets.py for tasks to queue
[2024-08-01T09:39:30.463+0000] {logging_mixin.py:120} INFO - [2024-08-01T09:39:30.463+0000] {dagbag.py:537} INFO - Filling up the DagBag from /home/airflow/.local/lib/python3.7/site-packages/airflow/example_dags/example_datasets.py
[2024-08-01T09:39:30.480+0000] {processor.py:766} INFO - DAG(s) dict_keys(['dataset_produces_2', 'dataset_consumes_1_and_2', 'dataset_consumes_1', 'dataset_produces_1', 'dataset_consumes_unknown_never_scheduled', 'dataset_consumes_1_never_scheduled']) retrieved from /home/airflow/.local/lib/python3.7/site-packages/airflow/example_dags/example_datasets.py
[2024-08-01T09:39:30.521+0000] {logging_mixin.py:120} INFO - [2024-08-01T09:39:30.521+0000] {dag.py:2585} INFO - Sync 6 DAGs
[2024-08-01T09:39:30.538+0000] {logging_mixin.py:120} INFO - [2024-08-01T09:39:30.538+0000] {dag.py:3340} INFO - Setting next_dagrun for dataset_consumes_1 to None, run_after=None
[2024-08-01T09:39:30.541+0000] {logging_mixin.py:120} INFO - [2024-08-01T09:39:30.541+0000] {dag.py:3340} INFO - Setting next_dagrun for dataset_consumes_1_and_2 to None, run_after=None
[2024-08-01T09:39:30.542+0000] {logging_mixin.py:120} INFO - [2024-08-01T09:39:30.542+0000] {dag.py:3340} INFO - Setting next_dagrun for dataset_consumes_1_never_scheduled to None, run_after=None
[2024-08-01T09:39:30.543+0000] {logging_mixin.py:120} INFO - [2024-08-01T09:39:30.543+0000] {dag.py:3340} INFO - Setting next_dagrun for dataset_consumes_unknown_never_scheduled to None, run_after=None
[2024-08-01T09:39:30.545+0000] {logging_mixin.py:120} INFO - [2024-08-01T09:39:30.545+0000] {dag.py:3340} INFO - Setting next_dagrun for dataset_produces_1 to 2024-07-31T00:00:00+00:00, run_after=2024-08-01T00:00:00+00:00
[2024-08-01T09:39:30.546+0000] {logging_mixin.py:120} INFO - [2024-08-01T09:39:30.546+0000] {dag.py:3340} INFO - Setting next_dagrun for dataset_produces_2 to None, run_after=None
[2024-08-01T09:39:30.572+0000] {processor.py:176} INFO - Processing /home/airflow/.local/lib/python3.7/site-packages/airflow/example_dags/example_datasets.py took 0.118 seconds
[2024-08-01T09:40:01.252+0000] {processor.py:154} INFO - Started process (PID=5047) to work on /home/airflow/.local/lib/python3.7/site-packages/airflow/example_dags/example_datasets.py
[2024-08-01T09:40:01.254+0000] {processor.py:756} INFO - Processing file /home/airflow/.local/lib/python3.7/site-packages/airflow/example_dags/example_datasets.py for tasks to queue
[2024-08-01T09:40:01.256+0000] {logging_mixin.py:120} INFO - [2024-08-01T09:40:01.255+0000] {dagbag.py:537} INFO - Filling up the DagBag from /home/airflow/.local/lib/python3.7/site-packages/airflow/example_dags/example_datasets.py
[2024-08-01T09:40:01.275+0000] {processor.py:766} INFO - DAG(s) dict_keys(['dataset_consumes_1', 'dataset_consumes_1_and_2', 'dataset_consumes_1_never_scheduled', 'dataset_consumes_unknown_never_scheduled', 'dataset_produces_2', 'dataset_produces_1']) retrieved from /home/airflow/.local/lib/python3.7/site-packages/airflow/example_dags/example_datasets.py
[2024-08-01T09:40:01.332+0000] {logging_mixin.py:120} INFO - [2024-08-01T09:40:01.332+0000] {dag.py:2585} INFO - Sync 6 DAGs
[2024-08-01T09:40:01.355+0000] {logging_mixin.py:120} INFO - [2024-08-01T09:40:01.355+0000] {dag.py:3340} INFO - Setting next_dagrun for dataset_consumes_1 to None, run_after=None
[2024-08-01T09:40:01.358+0000] {logging_mixin.py:120} INFO - [2024-08-01T09:40:01.358+0000] {dag.py:3340} INFO - Setting next_dagrun for dataset_consumes_1_and_2 to None, run_after=None
[2024-08-01T09:40:01.360+0000] {logging_mixin.py:120} INFO - [2024-08-01T09:40:01.360+0000] {dag.py:3340} INFO - Setting next_dagrun for dataset_consumes_1_never_scheduled to None, run_after=None
[2024-08-01T09:40:01.362+0000] {logging_mixin.py:120} INFO - [2024-08-01T09:40:01.362+0000] {dag.py:3340} INFO - Setting next_dagrun for dataset_consumes_unknown_never_scheduled to None, run_after=None
[2024-08-01T09:40:01.367+0000] {logging_mixin.py:120} INFO - [2024-08-01T09:40:01.367+0000] {dag.py:3340} INFO - Setting next_dagrun for dataset_produces_1 to 2024-07-31T00:00:00+00:00, run_after=2024-08-01T00:00:00+00:00
[2024-08-01T09:40:01.369+0000] {logging_mixin.py:120} INFO - [2024-08-01T09:40:01.369+0000] {dag.py:3340} INFO - Setting next_dagrun for dataset_produces_2 to None, run_after=None
[2024-08-01T09:40:01.407+0000] {processor.py:176} INFO - Processing /home/airflow/.local/lib/python3.7/site-packages/airflow/example_dags/example_datasets.py took 0.158 seconds
[2024-08-01T09:40:31.493+0000] {processor.py:154} INFO - Started process (PID=5114) to work on /home/airflow/.local/lib/python3.7/site-packages/airflow/example_dags/example_datasets.py
[2024-08-01T09:40:31.495+0000] {processor.py:756} INFO - Processing file /home/airflow/.local/lib/python3.7/site-packages/airflow/example_dags/example_datasets.py for tasks to queue
[2024-08-01T09:40:31.495+0000] {logging_mixin.py:120} INFO - [2024-08-01T09:40:31.495+0000] {dagbag.py:537} INFO - Filling up the DagBag from /home/airflow/.local/lib/python3.7/site-packages/airflow/example_dags/example_datasets.py
[2024-08-01T09:40:31.506+0000] {processor.py:766} INFO - DAG(s) dict_keys(['dataset_consumes_1', 'dataset_consumes_1_and_2', 'dataset_consumes_unknown_never_scheduled', 'dataset_produces_1', 'dataset_produces_2', 'dataset_consumes_1_never_scheduled']) retrieved from /home/airflow/.local/lib/python3.7/site-packages/airflow/example_dags/example_datasets.py
[2024-08-01T09:40:31.551+0000] {logging_mixin.py:120} INFO - [2024-08-01T09:40:31.551+0000] {dag.py:2585} INFO - Sync 6 DAGs
[2024-08-01T09:40:31.570+0000] {logging_mixin.py:120} INFO - [2024-08-01T09:40:31.569+0000] {dag.py:3340} INFO - Setting next_dagrun for dataset_consumes_1 to None, run_after=None
[2024-08-01T09:40:31.572+0000] {logging_mixin.py:120} INFO - [2024-08-01T09:40:31.572+0000] {dag.py:3340} INFO - Setting next_dagrun for dataset_consumes_1_and_2 to None, run_after=None
[2024-08-01T09:40:31.573+0000] {logging_mixin.py:120} INFO - [2024-08-01T09:40:31.573+0000] {dag.py:3340} INFO - Setting next_dagrun for dataset_consumes_1_never_scheduled to None, run_after=None
[2024-08-01T09:40:31.574+0000] {logging_mixin.py:120} INFO - [2024-08-01T09:40:31.574+0000] {dag.py:3340} INFO - Setting next_dagrun for dataset_consumes_unknown_never_scheduled to None, run_after=None
[2024-08-01T09:40:31.576+0000] {logging_mixin.py:120} INFO - [2024-08-01T09:40:31.576+0000] {dag.py:3340} INFO - Setting next_dagrun for dataset_produces_1 to 2024-07-31T00:00:00+00:00, run_after=2024-08-01T00:00:00+00:00
[2024-08-01T09:40:31.577+0000] {logging_mixin.py:120} INFO - [2024-08-01T09:40:31.577+0000] {dag.py:3340} INFO - Setting next_dagrun for dataset_produces_2 to None, run_after=None
[2024-08-01T09:40:31.602+0000] {processor.py:176} INFO - Processing /home/airflow/.local/lib/python3.7/site-packages/airflow/example_dags/example_datasets.py took 0.113 seconds
[2024-08-01T09:41:01.719+0000] {processor.py:154} INFO - Started process (PID=5181) to work on /home/airflow/.local/lib/python3.7/site-packages/airflow/example_dags/example_datasets.py
[2024-08-01T09:41:01.720+0000] {processor.py:756} INFO - Processing file /home/airflow/.local/lib/python3.7/site-packages/airflow/example_dags/example_datasets.py for tasks to queue
[2024-08-01T09:41:01.721+0000] {logging_mixin.py:120} INFO - [2024-08-01T09:41:01.721+0000] {dagbag.py:537} INFO - Filling up the DagBag from /home/airflow/.local/lib/python3.7/site-packages/airflow/example_dags/example_datasets.py
[2024-08-01T09:41:01.734+0000] {processor.py:766} INFO - DAG(s) dict_keys(['dataset_consumes_1_never_scheduled', 'dataset_produces_2', 'dataset_produces_1', 'dataset_consumes_unknown_never_scheduled', 'dataset_consumes_1_and_2', 'dataset_consumes_1']) retrieved from /home/airflow/.local/lib/python3.7/site-packages/airflow/example_dags/example_datasets.py
[2024-08-01T09:41:01.775+0000] {logging_mixin.py:120} INFO - [2024-08-01T09:41:01.775+0000] {dag.py:2585} INFO - Sync 6 DAGs
[2024-08-01T09:41:01.792+0000] {logging_mixin.py:120} INFO - [2024-08-01T09:41:01.792+0000] {dag.py:3340} INFO - Setting next_dagrun for dataset_consumes_1 to None, run_after=None
[2024-08-01T09:41:01.795+0000] {logging_mixin.py:120} INFO - [2024-08-01T09:41:01.795+0000] {dag.py:3340} INFO - Setting next_dagrun for dataset_consumes_1_and_2 to None, run_after=None
[2024-08-01T09:41:01.797+0000] {logging_mixin.py:120} INFO - [2024-08-01T09:41:01.796+0000] {dag.py:3340} INFO - Setting next_dagrun for dataset_consumes_1_never_scheduled to None, run_after=None
[2024-08-01T09:41:01.798+0000] {logging_mixin.py:120} INFO - [2024-08-01T09:41:01.797+0000] {dag.py:3340} INFO - Setting next_dagrun for dataset_consumes_unknown_never_scheduled to None, run_after=None
[2024-08-01T09:41:01.800+0000] {logging_mixin.py:120} INFO - [2024-08-01T09:41:01.800+0000] {dag.py:3340} INFO - Setting next_dagrun for dataset_produces_1 to 2024-07-31T00:00:00+00:00, run_after=2024-08-01T00:00:00+00:00
[2024-08-01T09:41:01.802+0000] {logging_mixin.py:120} INFO - [2024-08-01T09:41:01.802+0000] {dag.py:3340} INFO - Setting next_dagrun for dataset_produces_2 to None, run_after=None
[2024-08-01T09:41:01.827+0000] {processor.py:176} INFO - Processing /home/airflow/.local/lib/python3.7/site-packages/airflow/example_dags/example_datasets.py took 0.111 seconds
[2024-08-01T09:41:32.775+0000] {processor.py:154} INFO - Started process (PID=5245) to work on /home/airflow/.local/lib/python3.7/site-packages/airflow/example_dags/example_datasets.py
[2024-08-01T09:41:32.776+0000] {processor.py:756} INFO - Processing file /home/airflow/.local/lib/python3.7/site-packages/airflow/example_dags/example_datasets.py for tasks to queue
[2024-08-01T09:41:32.777+0000] {logging_mixin.py:120} INFO - [2024-08-01T09:41:32.777+0000] {dagbag.py:537} INFO - Filling up the DagBag from /home/airflow/.local/lib/python3.7/site-packages/airflow/example_dags/example_datasets.py
[2024-08-01T09:41:32.793+0000] {processor.py:766} INFO - DAG(s) dict_keys(['dataset_produces_2', 'dataset_produces_1', 'dataset_consumes_1', 'dataset_consumes_1_never_scheduled', 'dataset_consumes_unknown_never_scheduled', 'dataset_consumes_1_and_2']) retrieved from /home/airflow/.local/lib/python3.7/site-packages/airflow/example_dags/example_datasets.py
[2024-08-01T09:41:32.855+0000] {logging_mixin.py:120} INFO - [2024-08-01T09:41:32.855+0000] {dag.py:2585} INFO - Sync 6 DAGs
[2024-08-01T09:41:32.880+0000] {logging_mixin.py:120} INFO - [2024-08-01T09:41:32.880+0000] {dag.py:3340} INFO - Setting next_dagrun for dataset_consumes_1 to None, run_after=None
[2024-08-01T09:41:32.884+0000] {logging_mixin.py:120} INFO - [2024-08-01T09:41:32.883+0000] {dag.py:3340} INFO - Setting next_dagrun for dataset_consumes_1_and_2 to None, run_after=None
[2024-08-01T09:41:32.886+0000] {logging_mixin.py:120} INFO - [2024-08-01T09:41:32.886+0000] {dag.py:3340} INFO - Setting next_dagrun for dataset_consumes_1_never_scheduled to None, run_after=None
[2024-08-01T09:41:32.889+0000] {logging_mixin.py:120} INFO - [2024-08-01T09:41:32.889+0000] {dag.py:3340} INFO - Setting next_dagrun for dataset_consumes_unknown_never_scheduled to None, run_after=None
[2024-08-01T09:41:32.893+0000] {logging_mixin.py:120} INFO - [2024-08-01T09:41:32.893+0000] {dag.py:3340} INFO - Setting next_dagrun for dataset_produces_1 to 2024-07-31T00:00:00+00:00, run_after=2024-08-01T00:00:00+00:00
[2024-08-01T09:41:32.896+0000] {logging_mixin.py:120} INFO - [2024-08-01T09:41:32.895+0000] {dag.py:3340} INFO - Setting next_dagrun for dataset_produces_2 to None, run_after=None
[2024-08-01T09:41:32.930+0000] {processor.py:176} INFO - Processing /home/airflow/.local/lib/python3.7/site-packages/airflow/example_dags/example_datasets.py took 0.158 seconds
[2024-08-01T09:42:03.196+0000] {processor.py:154} INFO - Started process (PID=5304) to work on /home/airflow/.local/lib/python3.7/site-packages/airflow/example_dags/example_datasets.py
[2024-08-01T09:42:03.198+0000] {processor.py:756} INFO - Processing file /home/airflow/.local/lib/python3.7/site-packages/airflow/example_dags/example_datasets.py for tasks to queue
[2024-08-01T09:42:03.199+0000] {logging_mixin.py:120} INFO - [2024-08-01T09:42:03.199+0000] {dagbag.py:537} INFO - Filling up the DagBag from /home/airflow/.local/lib/python3.7/site-packages/airflow/example_dags/example_datasets.py
[2024-08-01T09:42:03.217+0000] {processor.py:766} INFO - DAG(s) dict_keys(['dataset_consumes_1', 'dataset_consumes_1_and_2', 'dataset_consumes_1_never_scheduled', 'dataset_consumes_unknown_never_scheduled', 'dataset_produces_2', 'dataset_produces_1']) retrieved from /home/airflow/.local/lib/python3.7/site-packages/airflow/example_dags/example_datasets.py
[2024-08-01T09:42:03.263+0000] {logging_mixin.py:120} INFO - [2024-08-01T09:42:03.263+0000] {dag.py:2585} INFO - Sync 6 DAGs
[2024-08-01T09:42:03.285+0000] {logging_mixin.py:120} INFO - [2024-08-01T09:42:03.285+0000] {dag.py:3340} INFO - Setting next_dagrun for dataset_consumes_1 to None, run_after=None
[2024-08-01T09:42:03.288+0000] {logging_mixin.py:120} INFO - [2024-08-01T09:42:03.288+0000] {dag.py:3340} INFO - Setting next_dagrun for dataset_consumes_1_and_2 to None, run_after=None
[2024-08-01T09:42:03.290+0000] {logging_mixin.py:120} INFO - [2024-08-01T09:42:03.290+0000] {dag.py:3340} INFO - Setting next_dagrun for dataset_consumes_1_never_scheduled to None, run_after=None
[2024-08-01T09:42:03.291+0000] {logging_mixin.py:120} INFO - [2024-08-01T09:42:03.291+0000] {dag.py:3340} INFO - Setting next_dagrun for dataset_consumes_unknown_never_scheduled to None, run_after=None
[2024-08-01T09:42:03.293+0000] {logging_mixin.py:120} INFO - [2024-08-01T09:42:03.293+0000] {dag.py:3340} INFO - Setting next_dagrun for dataset_produces_1 to 2024-07-31T00:00:00+00:00, run_after=2024-08-01T00:00:00+00:00
[2024-08-01T09:42:03.295+0000] {logging_mixin.py:120} INFO - [2024-08-01T09:42:03.295+0000] {dag.py:3340} INFO - Setting next_dagrun for dataset_produces_2 to None, run_after=None
[2024-08-01T09:42:03.316+0000] {processor.py:176} INFO - Processing /home/airflow/.local/lib/python3.7/site-packages/airflow/example_dags/example_datasets.py took 0.123 seconds
[2024-08-01T09:42:33.656+0000] {processor.py:154} INFO - Started process (PID=5369) to work on /home/airflow/.local/lib/python3.7/site-packages/airflow/example_dags/example_datasets.py
[2024-08-01T09:42:33.677+0000] {processor.py:756} INFO - Processing file /home/airflow/.local/lib/python3.7/site-packages/airflow/example_dags/example_datasets.py for tasks to queue
[2024-08-01T09:42:33.684+0000] {logging_mixin.py:120} INFO - [2024-08-01T09:42:33.684+0000] {dagbag.py:537} INFO - Filling up the DagBag from /home/airflow/.local/lib/python3.7/site-packages/airflow/example_dags/example_datasets.py
[2024-08-01T09:42:33.700+0000] {processor.py:766} INFO - DAG(s) dict_keys(['dataset_consumes_1_and_2', 'dataset_produces_2', 'dataset_consumes_unknown_never_scheduled', 'dataset_consumes_1', 'dataset_consumes_1_never_scheduled', 'dataset_produces_1']) retrieved from /home/airflow/.local/lib/python3.7/site-packages/airflow/example_dags/example_datasets.py
[2024-08-01T09:42:33.747+0000] {logging_mixin.py:120} INFO - [2024-08-01T09:42:33.747+0000] {dag.py:2585} INFO - Sync 6 DAGs
[2024-08-01T09:42:33.769+0000] {logging_mixin.py:120} INFO - [2024-08-01T09:42:33.769+0000] {dag.py:3340} INFO - Setting next_dagrun for dataset_consumes_1 to None, run_after=None
[2024-08-01T09:42:33.773+0000] {logging_mixin.py:120} INFO - [2024-08-01T09:42:33.772+0000] {dag.py:3340} INFO - Setting next_dagrun for dataset_consumes_1_and_2 to None, run_after=None
[2024-08-01T09:42:33.774+0000] {logging_mixin.py:120} INFO - [2024-08-01T09:42:33.774+0000] {dag.py:3340} INFO - Setting next_dagrun for dataset_consumes_1_never_scheduled to None, run_after=None
[2024-08-01T09:42:33.775+0000] {logging_mixin.py:120} INFO - [2024-08-01T09:42:33.775+0000] {dag.py:3340} INFO - Setting next_dagrun for dataset_consumes_unknown_never_scheduled to None, run_after=None
[2024-08-01T09:42:33.779+0000] {logging_mixin.py:120} INFO - [2024-08-01T09:42:33.779+0000] {dag.py:3340} INFO - Setting next_dagrun for dataset_produces_1 to 2024-07-31T00:00:00+00:00, run_after=2024-08-01T00:00:00+00:00
[2024-08-01T09:42:33.780+0000] {logging_mixin.py:120} INFO - [2024-08-01T09:42:33.780+0000] {dag.py:3340} INFO - Setting next_dagrun for dataset_produces_2 to None, run_after=None
[2024-08-01T09:42:33.805+0000] {processor.py:176} INFO - Processing /home/airflow/.local/lib/python3.7/site-packages/airflow/example_dags/example_datasets.py took 0.151 seconds
[2024-08-01T09:43:03.846+0000] {processor.py:154} INFO - Started process (PID=5432) to work on /home/airflow/.local/lib/python3.7/site-packages/airflow/example_dags/example_datasets.py
[2024-08-01T09:43:03.847+0000] {processor.py:756} INFO - Processing file /home/airflow/.local/lib/python3.7/site-packages/airflow/example_dags/example_datasets.py for tasks to queue
[2024-08-01T09:43:03.849+0000] {logging_mixin.py:120} INFO - [2024-08-01T09:43:03.848+0000] {dagbag.py:537} INFO - Filling up the DagBag from /home/airflow/.local/lib/python3.7/site-packages/airflow/example_dags/example_datasets.py
[2024-08-01T09:43:03.862+0000] {processor.py:766} INFO - DAG(s) dict_keys(['dataset_consumes_1_never_scheduled', 'dataset_produces_1', 'dataset_consumes_1', 'dataset_produces_2', 'dataset_consumes_unknown_never_scheduled', 'dataset_consumes_1_and_2']) retrieved from /home/airflow/.local/lib/python3.7/site-packages/airflow/example_dags/example_datasets.py
[2024-08-01T09:43:03.918+0000] {logging_mixin.py:120} INFO - [2024-08-01T09:43:03.917+0000] {dag.py:2585} INFO - Sync 6 DAGs
[2024-08-01T09:43:03.937+0000] {logging_mixin.py:120} INFO - [2024-08-01T09:43:03.937+0000] {dag.py:3340} INFO - Setting next_dagrun for dataset_consumes_1 to None, run_after=None
[2024-08-01T09:43:03.939+0000] {logging_mixin.py:120} INFO - [2024-08-01T09:43:03.939+0000] {dag.py:3340} INFO - Setting next_dagrun for dataset_consumes_1_and_2 to None, run_after=None
[2024-08-01T09:43:03.941+0000] {logging_mixin.py:120} INFO - [2024-08-01T09:43:03.941+0000] {dag.py:3340} INFO - Setting next_dagrun for dataset_consumes_1_never_scheduled to None, run_after=None
[2024-08-01T09:43:03.943+0000] {logging_mixin.py:120} INFO - [2024-08-01T09:43:03.942+0000] {dag.py:3340} INFO - Setting next_dagrun for dataset_consumes_unknown_never_scheduled to None, run_after=None
[2024-08-01T09:43:03.945+0000] {logging_mixin.py:120} INFO - [2024-08-01T09:43:03.944+0000] {dag.py:3340} INFO - Setting next_dagrun for dataset_produces_1 to 2024-07-31T00:00:00+00:00, run_after=2024-08-01T00:00:00+00:00
[2024-08-01T09:43:03.946+0000] {logging_mixin.py:120} INFO - [2024-08-01T09:43:03.946+0000] {dag.py:3340} INFO - Setting next_dagrun for dataset_produces_2 to None, run_after=None
[2024-08-01T09:43:03.964+0000] {processor.py:176} INFO - Processing /home/airflow/.local/lib/python3.7/site-packages/airflow/example_dags/example_datasets.py took 0.121 seconds
[2024-08-01T09:43:34.795+0000] {processor.py:154} INFO - Started process (PID=5496) to work on /home/airflow/.local/lib/python3.7/site-packages/airflow/example_dags/example_datasets.py
[2024-08-01T09:43:34.796+0000] {processor.py:756} INFO - Processing file /home/airflow/.local/lib/python3.7/site-packages/airflow/example_dags/example_datasets.py for tasks to queue
[2024-08-01T09:43:34.797+0000] {logging_mixin.py:120} INFO - [2024-08-01T09:43:34.797+0000] {dagbag.py:537} INFO - Filling up the DagBag from /home/airflow/.local/lib/python3.7/site-packages/airflow/example_dags/example_datasets.py
[2024-08-01T09:43:34.809+0000] {processor.py:766} INFO - DAG(s) dict_keys(['dataset_consumes_1_and_2', 'dataset_produces_1', 'dataset_consumes_1', 'dataset_produces_2', 'dataset_consumes_1_never_scheduled', 'dataset_consumes_unknown_never_scheduled']) retrieved from /home/airflow/.local/lib/python3.7/site-packages/airflow/example_dags/example_datasets.py
[2024-08-01T09:43:34.851+0000] {logging_mixin.py:120} INFO - [2024-08-01T09:43:34.851+0000] {dag.py:2585} INFO - Sync 6 DAGs
[2024-08-01T09:43:34.869+0000] {logging_mixin.py:120} INFO - [2024-08-01T09:43:34.869+0000] {dag.py:3340} INFO - Setting next_dagrun for dataset_consumes_1 to None, run_after=None
[2024-08-01T09:43:34.872+0000] {logging_mixin.py:120} INFO - [2024-08-01T09:43:34.872+0000] {dag.py:3340} INFO - Setting next_dagrun for dataset_consumes_1_and_2 to None, run_after=None
[2024-08-01T09:43:34.873+0000] {logging_mixin.py:120} INFO - [2024-08-01T09:43:34.873+0000] {dag.py:3340} INFO - Setting next_dagrun for dataset_consumes_1_never_scheduled to None, run_after=None
[2024-08-01T09:43:34.875+0000] {logging_mixin.py:120} INFO - [2024-08-01T09:43:34.874+0000] {dag.py:3340} INFO - Setting next_dagrun for dataset_consumes_unknown_never_scheduled to None, run_after=None
[2024-08-01T09:43:34.877+0000] {logging_mixin.py:120} INFO - [2024-08-01T09:43:34.877+0000] {dag.py:3340} INFO - Setting next_dagrun for dataset_produces_1 to 2024-07-31T00:00:00+00:00, run_after=2024-08-01T00:00:00+00:00
[2024-08-01T09:43:34.878+0000] {logging_mixin.py:120} INFO - [2024-08-01T09:43:34.878+0000] {dag.py:3340} INFO - Setting next_dagrun for dataset_produces_2 to None, run_after=None
[2024-08-01T09:43:34.900+0000] {processor.py:176} INFO - Processing /home/airflow/.local/lib/python3.7/site-packages/airflow/example_dags/example_datasets.py took 0.107 seconds
[2024-08-01T09:44:05.634+0000] {processor.py:154} INFO - Started process (PID=5551) to work on /home/airflow/.local/lib/python3.7/site-packages/airflow/example_dags/example_datasets.py
[2024-08-01T09:44:05.635+0000] {processor.py:756} INFO - Processing file /home/airflow/.local/lib/python3.7/site-packages/airflow/example_dags/example_datasets.py for tasks to queue
[2024-08-01T09:44:05.636+0000] {logging_mixin.py:120} INFO - [2024-08-01T09:44:05.636+0000] {dagbag.py:537} INFO - Filling up the DagBag from /home/airflow/.local/lib/python3.7/site-packages/airflow/example_dags/example_datasets.py
[2024-08-01T09:44:05.648+0000] {processor.py:766} INFO - DAG(s) dict_keys(['dataset_consumes_unknown_never_scheduled', 'dataset_consumes_1', 'dataset_consumes_1_and_2', 'dataset_produces_2', 'dataset_produces_1', 'dataset_consumes_1_never_scheduled']) retrieved from /home/airflow/.local/lib/python3.7/site-packages/airflow/example_dags/example_datasets.py
[2024-08-01T09:44:05.687+0000] {logging_mixin.py:120} INFO - [2024-08-01T09:44:05.687+0000] {dag.py:2585} INFO - Sync 6 DAGs
[2024-08-01T09:44:05.711+0000] {logging_mixin.py:120} INFO - [2024-08-01T09:44:05.711+0000] {dag.py:3340} INFO - Setting next_dagrun for dataset_consumes_1 to None, run_after=None
[2024-08-01T09:44:05.741+0000] {logging_mixin.py:120} INFO - [2024-08-01T09:44:05.740+0000] {dag.py:3340} INFO - Setting next_dagrun for dataset_consumes_1_and_2 to None, run_after=None
[2024-08-01T09:44:05.748+0000] {logging_mixin.py:120} INFO - [2024-08-01T09:44:05.747+0000] {dag.py:3340} INFO - Setting next_dagrun for dataset_consumes_1_never_scheduled to None, run_after=None
[2024-08-01T09:44:05.755+0000] {logging_mixin.py:120} INFO - [2024-08-01T09:44:05.755+0000] {dag.py:3340} INFO - Setting next_dagrun for dataset_consumes_unknown_never_scheduled to None, run_after=None
[2024-08-01T09:44:05.775+0000] {logging_mixin.py:120} INFO - [2024-08-01T09:44:05.775+0000] {dag.py:3340} INFO - Setting next_dagrun for dataset_produces_1 to 2024-07-31T00:00:00+00:00, run_after=2024-08-01T00:00:00+00:00
[2024-08-01T09:44:05.779+0000] {logging_mixin.py:120} INFO - [2024-08-01T09:44:05.778+0000] {dag.py:3340} INFO - Setting next_dagrun for dataset_produces_2 to None, run_after=None
[2024-08-01T09:44:05.811+0000] {processor.py:176} INFO - Processing /home/airflow/.local/lib/python3.7/site-packages/airflow/example_dags/example_datasets.py took 0.180 seconds
[2024-08-01T09:44:36.022+0000] {processor.py:154} INFO - Started process (PID=5618) to work on /home/airflow/.local/lib/python3.7/site-packages/airflow/example_dags/example_datasets.py
[2024-08-01T09:44:36.023+0000] {processor.py:756} INFO - Processing file /home/airflow/.local/lib/python3.7/site-packages/airflow/example_dags/example_datasets.py for tasks to queue
[2024-08-01T09:44:36.025+0000] {logging_mixin.py:120} INFO - [2024-08-01T09:44:36.024+0000] {dagbag.py:537} INFO - Filling up the DagBag from /home/airflow/.local/lib/python3.7/site-packages/airflow/example_dags/example_datasets.py
[2024-08-01T09:44:36.038+0000] {processor.py:766} INFO - DAG(s) dict_keys(['dataset_consumes_1_never_scheduled', 'dataset_consumes_unknown_never_scheduled', 'dataset_produces_1', 'dataset_produces_2', 'dataset_consumes_1_and_2', 'dataset_consumes_1']) retrieved from /home/airflow/.local/lib/python3.7/site-packages/airflow/example_dags/example_datasets.py
[2024-08-01T09:44:36.081+0000] {logging_mixin.py:120} INFO - [2024-08-01T09:44:36.081+0000] {dag.py:2585} INFO - Sync 6 DAGs
[2024-08-01T09:44:36.101+0000] {logging_mixin.py:120} INFO - [2024-08-01T09:44:36.100+0000] {dag.py:3340} INFO - Setting next_dagrun for dataset_consumes_1 to None, run_after=None
[2024-08-01T09:44:36.105+0000] {logging_mixin.py:120} INFO - [2024-08-01T09:44:36.104+0000] {dag.py:3340} INFO - Setting next_dagrun for dataset_consumes_1_and_2 to None, run_after=None
[2024-08-01T09:44:36.106+0000] {logging_mixin.py:120} INFO - [2024-08-01T09:44:36.106+0000] {dag.py:3340} INFO - Setting next_dagrun for dataset_consumes_1_never_scheduled to None, run_after=None
[2024-08-01T09:44:36.107+0000] {logging_mixin.py:120} INFO - [2024-08-01T09:44:36.107+0000] {dag.py:3340} INFO - Setting next_dagrun for dataset_consumes_unknown_never_scheduled to None, run_after=None
[2024-08-01T09:44:36.109+0000] {logging_mixin.py:120} INFO - [2024-08-01T09:44:36.109+0000] {dag.py:3340} INFO - Setting next_dagrun for dataset_produces_1 to 2024-07-31T00:00:00+00:00, run_after=2024-08-01T00:00:00+00:00
[2024-08-01T09:44:36.110+0000] {logging_mixin.py:120} INFO - [2024-08-01T09:44:36.110+0000] {dag.py:3340} INFO - Setting next_dagrun for dataset_produces_2 to None, run_after=None
[2024-08-01T09:44:36.129+0000] {processor.py:176} INFO - Processing /home/airflow/.local/lib/python3.7/site-packages/airflow/example_dags/example_datasets.py took 0.110 seconds
[2024-08-01T09:45:06.796+0000] {processor.py:154} INFO - Started process (PID=5682) to work on /home/airflow/.local/lib/python3.7/site-packages/airflow/example_dags/example_datasets.py
[2024-08-01T09:45:06.797+0000] {processor.py:756} INFO - Processing file /home/airflow/.local/lib/python3.7/site-packages/airflow/example_dags/example_datasets.py for tasks to queue
[2024-08-01T09:45:06.798+0000] {logging_mixin.py:120} INFO - [2024-08-01T09:45:06.798+0000] {dagbag.py:537} INFO - Filling up the DagBag from /home/airflow/.local/lib/python3.7/site-packages/airflow/example_dags/example_datasets.py
[2024-08-01T09:45:06.817+0000] {processor.py:766} INFO - DAG(s) dict_keys(['dataset_consumes_unknown_never_scheduled', 'dataset_produces_2', 'dataset_consumes_1_never_scheduled', 'dataset_produces_1', 'dataset_consumes_1', 'dataset_consumes_1_and_2']) retrieved from /home/airflow/.local/lib/python3.7/site-packages/airflow/example_dags/example_datasets.py
[2024-08-01T09:45:06.865+0000] {logging_mixin.py:120} INFO - [2024-08-01T09:45:06.865+0000] {dag.py:2585} INFO - Sync 6 DAGs
[2024-08-01T09:45:06.887+0000] {logging_mixin.py:120} INFO - [2024-08-01T09:45:06.886+0000] {dag.py:3340} INFO - Setting next_dagrun for dataset_consumes_1 to None, run_after=None
[2024-08-01T09:45:06.891+0000] {logging_mixin.py:120} INFO - [2024-08-01T09:45:06.890+0000] {dag.py:3340} INFO - Setting next_dagrun for dataset_consumes_1_and_2 to None, run_after=None
[2024-08-01T09:45:06.893+0000] {logging_mixin.py:120} INFO - [2024-08-01T09:45:06.892+0000] {dag.py:3340} INFO - Setting next_dagrun for dataset_consumes_1_never_scheduled to None, run_after=None
[2024-08-01T09:45:06.895+0000] {logging_mixin.py:120} INFO - [2024-08-01T09:45:06.895+0000] {dag.py:3340} INFO - Setting next_dagrun for dataset_consumes_unknown_never_scheduled to None, run_after=None
[2024-08-01T09:45:06.898+0000] {logging_mixin.py:120} INFO - [2024-08-01T09:45:06.898+0000] {dag.py:3340} INFO - Setting next_dagrun for dataset_produces_1 to 2024-07-31T00:00:00+00:00, run_after=2024-08-01T00:00:00+00:00
[2024-08-01T09:45:06.901+0000] {logging_mixin.py:120} INFO - [2024-08-01T09:45:06.900+0000] {dag.py:3340} INFO - Setting next_dagrun for dataset_produces_2 to None, run_after=None
[2024-08-01T09:45:07.099+0000] {processor.py:176} INFO - Processing /home/airflow/.local/lib/python3.7/site-packages/airflow/example_dags/example_datasets.py took 0.306 seconds
[2024-08-01T09:45:37.142+0000] {processor.py:154} INFO - Started process (PID=5745) to work on /home/airflow/.local/lib/python3.7/site-packages/airflow/example_dags/example_datasets.py
[2024-08-01T09:45:37.143+0000] {processor.py:756} INFO - Processing file /home/airflow/.local/lib/python3.7/site-packages/airflow/example_dags/example_datasets.py for tasks to queue
[2024-08-01T09:45:37.144+0000] {logging_mixin.py:120} INFO - [2024-08-01T09:45:37.143+0000] {dagbag.py:537} INFO - Filling up the DagBag from /home/airflow/.local/lib/python3.7/site-packages/airflow/example_dags/example_datasets.py
[2024-08-01T09:45:37.154+0000] {processor.py:766} INFO - DAG(s) dict_keys(['dataset_consumes_1', 'dataset_consumes_unknown_never_scheduled', 'dataset_consumes_1_and_2', 'dataset_consumes_1_never_scheduled', 'dataset_produces_1', 'dataset_produces_2']) retrieved from /home/airflow/.local/lib/python3.7/site-packages/airflow/example_dags/example_datasets.py
[2024-08-01T09:45:37.193+0000] {logging_mixin.py:120} INFO - [2024-08-01T09:45:37.193+0000] {dag.py:2585} INFO - Sync 6 DAGs
[2024-08-01T09:45:37.211+0000] {logging_mixin.py:120} INFO - [2024-08-01T09:45:37.211+0000] {dag.py:3340} INFO - Setting next_dagrun for dataset_consumes_1 to None, run_after=None
[2024-08-01T09:45:37.214+0000] {logging_mixin.py:120} INFO - [2024-08-01T09:45:37.214+0000] {dag.py:3340} INFO - Setting next_dagrun for dataset_consumes_1_and_2 to None, run_after=None
[2024-08-01T09:45:37.215+0000] {logging_mixin.py:120} INFO - [2024-08-01T09:45:37.215+0000] {dag.py:3340} INFO - Setting next_dagrun for dataset_consumes_1_never_scheduled to None, run_after=None
[2024-08-01T09:45:37.216+0000] {logging_mixin.py:120} INFO - [2024-08-01T09:45:37.216+0000] {dag.py:3340} INFO - Setting next_dagrun for dataset_consumes_unknown_never_scheduled to None, run_after=None
[2024-08-01T09:45:37.218+0000] {logging_mixin.py:120} INFO - [2024-08-01T09:45:37.218+0000] {dag.py:3340} INFO - Setting next_dagrun for dataset_produces_1 to 2024-07-31T00:00:00+00:00, run_after=2024-08-01T00:00:00+00:00
[2024-08-01T09:45:37.220+0000] {logging_mixin.py:120} INFO - [2024-08-01T09:45:37.220+0000] {dag.py:3340} INFO - Setting next_dagrun for dataset_produces_2 to None, run_after=None
[2024-08-01T09:45:37.243+0000] {processor.py:176} INFO - Processing /home/airflow/.local/lib/python3.7/site-packages/airflow/example_dags/example_datasets.py took 0.103 seconds
[2024-08-01T09:46:07.533+0000] {processor.py:154} INFO - Started process (PID=5809) to work on /home/airflow/.local/lib/python3.7/site-packages/airflow/example_dags/example_datasets.py
[2024-08-01T09:46:07.534+0000] {processor.py:756} INFO - Processing file /home/airflow/.local/lib/python3.7/site-packages/airflow/example_dags/example_datasets.py for tasks to queue
[2024-08-01T09:46:07.535+0000] {logging_mixin.py:120} INFO - [2024-08-01T09:46:07.535+0000] {dagbag.py:537} INFO - Filling up the DagBag from /home/airflow/.local/lib/python3.7/site-packages/airflow/example_dags/example_datasets.py
[2024-08-01T09:46:07.548+0000] {processor.py:766} INFO - DAG(s) dict_keys(['dataset_produces_2', 'dataset_consumes_1_never_scheduled', 'dataset_consumes_1_and_2', 'dataset_consumes_1', 'dataset_consumes_unknown_never_scheduled', 'dataset_produces_1']) retrieved from /home/airflow/.local/lib/python3.7/site-packages/airflow/example_dags/example_datasets.py
[2024-08-01T09:46:07.595+0000] {logging_mixin.py:120} INFO - [2024-08-01T09:46:07.594+0000] {dag.py:2585} INFO - Sync 6 DAGs
[2024-08-01T09:46:07.615+0000] {logging_mixin.py:120} INFO - [2024-08-01T09:46:07.615+0000] {dag.py:3340} INFO - Setting next_dagrun for dataset_consumes_1 to None, run_after=None
[2024-08-01T09:46:07.619+0000] {logging_mixin.py:120} INFO - [2024-08-01T09:46:07.619+0000] {dag.py:3340} INFO - Setting next_dagrun for dataset_consumes_1_and_2 to None, run_after=None
[2024-08-01T09:46:07.621+0000] {logging_mixin.py:120} INFO - [2024-08-01T09:46:07.621+0000] {dag.py:3340} INFO - Setting next_dagrun for dataset_consumes_1_never_scheduled to None, run_after=None
[2024-08-01T09:46:07.623+0000] {logging_mixin.py:120} INFO - [2024-08-01T09:46:07.623+0000] {dag.py:3340} INFO - Setting next_dagrun for dataset_consumes_unknown_never_scheduled to None, run_after=None
[2024-08-01T09:46:07.626+0000] {logging_mixin.py:120} INFO - [2024-08-01T09:46:07.625+0000] {dag.py:3340} INFO - Setting next_dagrun for dataset_produces_1 to 2024-07-31T00:00:00+00:00, run_after=2024-08-01T00:00:00+00:00
[2024-08-01T09:46:07.627+0000] {logging_mixin.py:120} INFO - [2024-08-01T09:46:07.627+0000] {dag.py:3340} INFO - Setting next_dagrun for dataset_produces_2 to None, run_after=None
[2024-08-01T09:46:07.654+0000] {processor.py:176} INFO - Processing /home/airflow/.local/lib/python3.7/site-packages/airflow/example_dags/example_datasets.py took 0.124 seconds
[2024-08-01T09:46:37.888+0000] {processor.py:154} INFO - Started process (PID=5864) to work on /home/airflow/.local/lib/python3.7/site-packages/airflow/example_dags/example_datasets.py
[2024-08-01T09:46:37.889+0000] {processor.py:756} INFO - Processing file /home/airflow/.local/lib/python3.7/site-packages/airflow/example_dags/example_datasets.py for tasks to queue
[2024-08-01T09:46:37.890+0000] {logging_mixin.py:120} INFO - [2024-08-01T09:46:37.890+0000] {dagbag.py:537} INFO - Filling up the DagBag from /home/airflow/.local/lib/python3.7/site-packages/airflow/example_dags/example_datasets.py
[2024-08-01T09:46:37.901+0000] {processor.py:766} INFO - DAG(s) dict_keys(['dataset_consumes_1', 'dataset_consumes_1_never_scheduled', 'dataset_consumes_unknown_never_scheduled', 'dataset_consumes_1_and_2', 'dataset_produces_2', 'dataset_produces_1']) retrieved from /home/airflow/.local/lib/python3.7/site-packages/airflow/example_dags/example_datasets.py
[2024-08-01T09:46:37.944+0000] {logging_mixin.py:120} INFO - [2024-08-01T09:46:37.943+0000] {dag.py:2585} INFO - Sync 6 DAGs
[2024-08-01T09:46:37.962+0000] {logging_mixin.py:120} INFO - [2024-08-01T09:46:37.962+0000] {dag.py:3340} INFO - Setting next_dagrun for dataset_consumes_1 to None, run_after=None
[2024-08-01T09:46:37.964+0000] {logging_mixin.py:120} INFO - [2024-08-01T09:46:37.964+0000] {dag.py:3340} INFO - Setting next_dagrun for dataset_consumes_1_and_2 to None, run_after=None
[2024-08-01T09:46:37.966+0000] {logging_mixin.py:120} INFO - [2024-08-01T09:46:37.966+0000] {dag.py:3340} INFO - Setting next_dagrun for dataset_consumes_1_never_scheduled to None, run_after=None
[2024-08-01T09:46:37.967+0000] {logging_mixin.py:120} INFO - [2024-08-01T09:46:37.967+0000] {dag.py:3340} INFO - Setting next_dagrun for dataset_consumes_unknown_never_scheduled to None, run_after=None
[2024-08-01T09:46:37.969+0000] {logging_mixin.py:120} INFO - [2024-08-01T09:46:37.969+0000] {dag.py:3340} INFO - Setting next_dagrun for dataset_produces_1 to 2024-07-31T00:00:00+00:00, run_after=2024-08-01T00:00:00+00:00
[2024-08-01T09:46:37.970+0000] {logging_mixin.py:120} INFO - [2024-08-01T09:46:37.970+0000] {dag.py:3340} INFO - Setting next_dagrun for dataset_produces_2 to None, run_after=None
[2024-08-01T09:46:37.991+0000] {processor.py:176} INFO - Processing /home/airflow/.local/lib/python3.7/site-packages/airflow/example_dags/example_datasets.py took 0.105 seconds
[2024-08-01T09:47:08.189+0000] {processor.py:154} INFO - Started process (PID=5928) to work on /home/airflow/.local/lib/python3.7/site-packages/airflow/example_dags/example_datasets.py
[2024-08-01T09:47:08.190+0000] {processor.py:756} INFO - Processing file /home/airflow/.local/lib/python3.7/site-packages/airflow/example_dags/example_datasets.py for tasks to queue
[2024-08-01T09:47:08.191+0000] {logging_mixin.py:120} INFO - [2024-08-01T09:47:08.191+0000] {dagbag.py:537} INFO - Filling up the DagBag from /home/airflow/.local/lib/python3.7/site-packages/airflow/example_dags/example_datasets.py
[2024-08-01T09:47:08.203+0000] {processor.py:766} INFO - DAG(s) dict_keys(['dataset_produces_2', 'dataset_produces_1', 'dataset_consumes_unknown_never_scheduled', 'dataset_consumes_1_and_2', 'dataset_consumes_1', 'dataset_consumes_1_never_scheduled']) retrieved from /home/airflow/.local/lib/python3.7/site-packages/airflow/example_dags/example_datasets.py
[2024-08-01T09:47:08.244+0000] {logging_mixin.py:120} INFO - [2024-08-01T09:47:08.244+0000] {dag.py:2585} INFO - Sync 6 DAGs
[2024-08-01T09:47:08.264+0000] {logging_mixin.py:120} INFO - [2024-08-01T09:47:08.264+0000] {dag.py:3340} INFO - Setting next_dagrun for dataset_consumes_1 to None, run_after=None
[2024-08-01T09:47:08.268+0000] {logging_mixin.py:120} INFO - [2024-08-01T09:47:08.268+0000] {dag.py:3340} INFO - Setting next_dagrun for dataset_consumes_1_and_2 to None, run_after=None
[2024-08-01T09:47:08.273+0000] {logging_mixin.py:120} INFO - [2024-08-01T09:47:08.273+0000] {dag.py:3340} INFO - Setting next_dagrun for dataset_consumes_1_never_scheduled to None, run_after=None
[2024-08-01T09:47:08.288+0000] {logging_mixin.py:120} INFO - [2024-08-01T09:47:08.287+0000] {dag.py:3340} INFO - Setting next_dagrun for dataset_consumes_unknown_never_scheduled to None, run_after=None
[2024-08-01T09:47:08.293+0000] {logging_mixin.py:120} INFO - [2024-08-01T09:47:08.293+0000] {dag.py:3340} INFO - Setting next_dagrun for dataset_produces_1 to 2024-07-31T00:00:00+00:00, run_after=2024-08-01T00:00:00+00:00
[2024-08-01T09:47:08.312+0000] {logging_mixin.py:120} INFO - [2024-08-01T09:47:08.312+0000] {dag.py:3340} INFO - Setting next_dagrun for dataset_produces_2 to None, run_after=None
[2024-08-01T09:47:08.360+0000] {processor.py:176} INFO - Processing /home/airflow/.local/lib/python3.7/site-packages/airflow/example_dags/example_datasets.py took 0.174 seconds
[2024-08-01T09:47:38.602+0000] {processor.py:154} INFO - Started process (PID=5992) to work on /home/airflow/.local/lib/python3.7/site-packages/airflow/example_dags/example_datasets.py
[2024-08-01T09:47:38.603+0000] {processor.py:756} INFO - Processing file /home/airflow/.local/lib/python3.7/site-packages/airflow/example_dags/example_datasets.py for tasks to queue
[2024-08-01T09:47:38.604+0000] {logging_mixin.py:120} INFO - [2024-08-01T09:47:38.604+0000] {dagbag.py:537} INFO - Filling up the DagBag from /home/airflow/.local/lib/python3.7/site-packages/airflow/example_dags/example_datasets.py
[2024-08-01T09:47:38.623+0000] {processor.py:766} INFO - DAG(s) dict_keys(['dataset_consumes_1_never_scheduled', 'dataset_produces_1', 'dataset_produces_2', 'dataset_consumes_unknown_never_scheduled', 'dataset_consumes_1', 'dataset_consumes_1_and_2']) retrieved from /home/airflow/.local/lib/python3.7/site-packages/airflow/example_dags/example_datasets.py
[2024-08-01T09:47:38.674+0000] {logging_mixin.py:120} INFO - [2024-08-01T09:47:38.674+0000] {dag.py:2585} INFO - Sync 6 DAGs
[2024-08-01T09:47:38.689+0000] {logging_mixin.py:120} INFO - [2024-08-01T09:47:38.689+0000] {dag.py:3340} INFO - Setting next_dagrun for dataset_consumes_1 to None, run_after=None
[2024-08-01T09:47:38.692+0000] {logging_mixin.py:120} INFO - [2024-08-01T09:47:38.692+0000] {dag.py:3340} INFO - Setting next_dagrun for dataset_consumes_1_and_2 to None, run_after=None
[2024-08-01T09:47:38.693+0000] {logging_mixin.py:120} INFO - [2024-08-01T09:47:38.693+0000] {dag.py:3340} INFO - Setting next_dagrun for dataset_consumes_1_never_scheduled to None, run_after=None
[2024-08-01T09:47:38.694+0000] {logging_mixin.py:120} INFO - [2024-08-01T09:47:38.694+0000] {dag.py:3340} INFO - Setting next_dagrun for dataset_consumes_unknown_never_scheduled to None, run_after=None
[2024-08-01T09:47:38.696+0000] {logging_mixin.py:120} INFO - [2024-08-01T09:47:38.696+0000] {dag.py:3340} INFO - Setting next_dagrun for dataset_produces_1 to 2024-07-31T00:00:00+00:00, run_after=2024-08-01T00:00:00+00:00
[2024-08-01T09:47:38.697+0000] {logging_mixin.py:120} INFO - [2024-08-01T09:47:38.697+0000] {dag.py:3340} INFO - Setting next_dagrun for dataset_produces_2 to None, run_after=None
[2024-08-01T09:47:38.721+0000] {processor.py:176} INFO - Processing /home/airflow/.local/lib/python3.7/site-packages/airflow/example_dags/example_datasets.py took 0.131 seconds
[2024-08-01T09:48:09.508+0000] {processor.py:154} INFO - Started process (PID=6058) to work on /home/airflow/.local/lib/python3.7/site-packages/airflow/example_dags/example_datasets.py
[2024-08-01T09:48:09.510+0000] {processor.py:756} INFO - Processing file /home/airflow/.local/lib/python3.7/site-packages/airflow/example_dags/example_datasets.py for tasks to queue
[2024-08-01T09:48:09.514+0000] {logging_mixin.py:120} INFO - [2024-08-01T09:48:09.514+0000] {dagbag.py:537} INFO - Filling up the DagBag from /home/airflow/.local/lib/python3.7/site-packages/airflow/example_dags/example_datasets.py
[2024-08-01T09:48:09.528+0000] {processor.py:766} INFO - DAG(s) dict_keys(['dataset_produces_1', 'dataset_produces_2', 'dataset_consumes_1_never_scheduled', 'dataset_consumes_1', 'dataset_consumes_1_and_2', 'dataset_consumes_unknown_never_scheduled']) retrieved from /home/airflow/.local/lib/python3.7/site-packages/airflow/example_dags/example_datasets.py
[2024-08-01T09:48:09.572+0000] {logging_mixin.py:120} INFO - [2024-08-01T09:48:09.572+0000] {dag.py:2585} INFO - Sync 6 DAGs
[2024-08-01T09:48:09.604+0000] {logging_mixin.py:120} INFO - [2024-08-01T09:48:09.603+0000] {dag.py:3340} INFO - Setting next_dagrun for dataset_consumes_1 to None, run_after=None
[2024-08-01T09:48:09.608+0000] {logging_mixin.py:120} INFO - [2024-08-01T09:48:09.608+0000] {dag.py:3340} INFO - Setting next_dagrun for dataset_consumes_1_and_2 to None, run_after=None
[2024-08-01T09:48:09.610+0000] {logging_mixin.py:120} INFO - [2024-08-01T09:48:09.609+0000] {dag.py:3340} INFO - Setting next_dagrun for dataset_consumes_1_never_scheduled to None, run_after=None
[2024-08-01T09:48:09.611+0000] {logging_mixin.py:120} INFO - [2024-08-01T09:48:09.611+0000] {dag.py:3340} INFO - Setting next_dagrun for dataset_consumes_unknown_never_scheduled to None, run_after=None
[2024-08-01T09:48:09.613+0000] {logging_mixin.py:120} INFO - [2024-08-01T09:48:09.613+0000] {dag.py:3340} INFO - Setting next_dagrun for dataset_produces_1 to 2024-07-31T00:00:00+00:00, run_after=2024-08-01T00:00:00+00:00
[2024-08-01T09:48:09.615+0000] {logging_mixin.py:120} INFO - [2024-08-01T09:48:09.614+0000] {dag.py:3340} INFO - Setting next_dagrun for dataset_produces_2 to None, run_after=None
[2024-08-01T09:48:09.640+0000] {processor.py:176} INFO - Processing /home/airflow/.local/lib/python3.7/site-packages/airflow/example_dags/example_datasets.py took 0.135 seconds
[2024-08-01T09:48:40.195+0000] {processor.py:154} INFO - Started process (PID=6122) to work on /home/airflow/.local/lib/python3.7/site-packages/airflow/example_dags/example_datasets.py
[2024-08-01T09:48:40.196+0000] {processor.py:756} INFO - Processing file /home/airflow/.local/lib/python3.7/site-packages/airflow/example_dags/example_datasets.py for tasks to queue
[2024-08-01T09:48:40.198+0000] {logging_mixin.py:120} INFO - [2024-08-01T09:48:40.198+0000] {dagbag.py:537} INFO - Filling up the DagBag from /home/airflow/.local/lib/python3.7/site-packages/airflow/example_dags/example_datasets.py
[2024-08-01T09:48:40.216+0000] {processor.py:766} INFO - DAG(s) dict_keys(['dataset_consumes_1_never_scheduled', 'dataset_produces_1', 'dataset_produces_2', 'dataset_consumes_1', 'dataset_consumes_unknown_never_scheduled', 'dataset_consumes_1_and_2']) retrieved from /home/airflow/.local/lib/python3.7/site-packages/airflow/example_dags/example_datasets.py
[2024-08-01T09:48:40.273+0000] {logging_mixin.py:120} INFO - [2024-08-01T09:48:40.273+0000] {dag.py:2585} INFO - Sync 6 DAGs
[2024-08-01T09:48:40.302+0000] {logging_mixin.py:120} INFO - [2024-08-01T09:48:40.302+0000] {dag.py:3340} INFO - Setting next_dagrun for dataset_consumes_1 to None, run_after=None
[2024-08-01T09:48:40.307+0000] {logging_mixin.py:120} INFO - [2024-08-01T09:48:40.307+0000] {dag.py:3340} INFO - Setting next_dagrun for dataset_consumes_1_and_2 to None, run_after=None
[2024-08-01T09:48:40.309+0000] {logging_mixin.py:120} INFO - [2024-08-01T09:48:40.309+0000] {dag.py:3340} INFO - Setting next_dagrun for dataset_consumes_1_never_scheduled to None, run_after=None
[2024-08-01T09:48:40.310+0000] {logging_mixin.py:120} INFO - [2024-08-01T09:48:40.310+0000] {dag.py:3340} INFO - Setting next_dagrun for dataset_consumes_unknown_never_scheduled to None, run_after=None
[2024-08-01T09:48:40.314+0000] {logging_mixin.py:120} INFO - [2024-08-01T09:48:40.314+0000] {dag.py:3340} INFO - Setting next_dagrun for dataset_produces_1 to 2024-07-31T00:00:00+00:00, run_after=2024-08-01T00:00:00+00:00
[2024-08-01T09:48:40.315+0000] {logging_mixin.py:120} INFO - [2024-08-01T09:48:40.315+0000] {dag.py:3340} INFO - Setting next_dagrun for dataset_produces_2 to None, run_after=None
[2024-08-01T09:48:40.345+0000] {processor.py:176} INFO - Processing /home/airflow/.local/lib/python3.7/site-packages/airflow/example_dags/example_datasets.py took 0.152 seconds
[2024-08-01T09:49:10.980+0000] {processor.py:154} INFO - Started process (PID=6177) to work on /home/airflow/.local/lib/python3.7/site-packages/airflow/example_dags/example_datasets.py
[2024-08-01T09:49:10.981+0000] {processor.py:756} INFO - Processing file /home/airflow/.local/lib/python3.7/site-packages/airflow/example_dags/example_datasets.py for tasks to queue
[2024-08-01T09:49:10.982+0000] {logging_mixin.py:120} INFO - [2024-08-01T09:49:10.982+0000] {dagbag.py:537} INFO - Filling up the DagBag from /home/airflow/.local/lib/python3.7/site-packages/airflow/example_dags/example_datasets.py
[2024-08-01T09:49:10.994+0000] {processor.py:766} INFO - DAG(s) dict_keys(['dataset_consumes_1_never_scheduled', 'dataset_produces_2', 'dataset_consumes_1', 'dataset_consumes_1_and_2', 'dataset_produces_1', 'dataset_consumes_unknown_never_scheduled']) retrieved from /home/airflow/.local/lib/python3.7/site-packages/airflow/example_dags/example_datasets.py
[2024-08-01T09:49:11.037+0000] {logging_mixin.py:120} INFO - [2024-08-01T09:49:11.036+0000] {dag.py:2585} INFO - Sync 6 DAGs
[2024-08-01T09:49:11.054+0000] {logging_mixin.py:120} INFO - [2024-08-01T09:49:11.053+0000] {dag.py:3340} INFO - Setting next_dagrun for dataset_consumes_1 to None, run_after=None
[2024-08-01T09:49:11.057+0000] {logging_mixin.py:120} INFO - [2024-08-01T09:49:11.056+0000] {dag.py:3340} INFO - Setting next_dagrun for dataset_consumes_1_and_2 to None, run_after=None
[2024-08-01T09:49:11.058+0000] {logging_mixin.py:120} INFO - [2024-08-01T09:49:11.058+0000] {dag.py:3340} INFO - Setting next_dagrun for dataset_consumes_1_never_scheduled to None, run_after=None
[2024-08-01T09:49:11.059+0000] {logging_mixin.py:120} INFO - [2024-08-01T09:49:11.059+0000] {dag.py:3340} INFO - Setting next_dagrun for dataset_consumes_unknown_never_scheduled to None, run_after=None
[2024-08-01T09:49:11.061+0000] {logging_mixin.py:120} INFO - [2024-08-01T09:49:11.061+0000] {dag.py:3340} INFO - Setting next_dagrun for dataset_produces_1 to 2024-07-31T00:00:00+00:00, run_after=2024-08-01T00:00:00+00:00
[2024-08-01T09:49:11.062+0000] {logging_mixin.py:120} INFO - [2024-08-01T09:49:11.062+0000] {dag.py:3340} INFO - Setting next_dagrun for dataset_produces_2 to None, run_after=None
[2024-08-01T09:49:11.082+0000] {processor.py:176} INFO - Processing /home/airflow/.local/lib/python3.7/site-packages/airflow/example_dags/example_datasets.py took 0.104 seconds
[2024-08-01T09:49:41.536+0000] {processor.py:154} INFO - Started process (PID=6241) to work on /home/airflow/.local/lib/python3.7/site-packages/airflow/example_dags/example_datasets.py
[2024-08-01T09:49:41.538+0000] {processor.py:756} INFO - Processing file /home/airflow/.local/lib/python3.7/site-packages/airflow/example_dags/example_datasets.py for tasks to queue
[2024-08-01T09:49:41.541+0000] {logging_mixin.py:120} INFO - [2024-08-01T09:49:41.540+0000] {dagbag.py:537} INFO - Filling up the DagBag from /home/airflow/.local/lib/python3.7/site-packages/airflow/example_dags/example_datasets.py
[2024-08-01T09:49:41.554+0000] {processor.py:766} INFO - DAG(s) dict_keys(['dataset_consumes_1', 'dataset_consumes_1_never_scheduled', 'dataset_produces_2', 'dataset_consumes_unknown_never_scheduled', 'dataset_produces_1', 'dataset_consumes_1_and_2']) retrieved from /home/airflow/.local/lib/python3.7/site-packages/airflow/example_dags/example_datasets.py
[2024-08-01T09:49:41.590+0000] {logging_mixin.py:120} INFO - [2024-08-01T09:49:41.590+0000] {dag.py:2585} INFO - Sync 6 DAGs
[2024-08-01T09:49:41.607+0000] {logging_mixin.py:120} INFO - [2024-08-01T09:49:41.607+0000] {dag.py:3340} INFO - Setting next_dagrun for dataset_consumes_1 to None, run_after=None
[2024-08-01T09:49:41.609+0000] {logging_mixin.py:120} INFO - [2024-08-01T09:49:41.609+0000] {dag.py:3340} INFO - Setting next_dagrun for dataset_consumes_1_and_2 to None, run_after=None
[2024-08-01T09:49:41.610+0000] {logging_mixin.py:120} INFO - [2024-08-01T09:49:41.610+0000] {dag.py:3340} INFO - Setting next_dagrun for dataset_consumes_1_never_scheduled to None, run_after=None
[2024-08-01T09:49:41.612+0000] {logging_mixin.py:120} INFO - [2024-08-01T09:49:41.612+0000] {dag.py:3340} INFO - Setting next_dagrun for dataset_consumes_unknown_never_scheduled to None, run_after=None
[2024-08-01T09:49:41.614+0000] {logging_mixin.py:120} INFO - [2024-08-01T09:49:41.614+0000] {dag.py:3340} INFO - Setting next_dagrun for dataset_produces_1 to 2024-07-31T00:00:00+00:00, run_after=2024-08-01T00:00:00+00:00
[2024-08-01T09:49:41.615+0000] {logging_mixin.py:120} INFO - [2024-08-01T09:49:41.615+0000] {dag.py:3340} INFO - Setting next_dagrun for dataset_produces_2 to None, run_after=None
[2024-08-01T09:49:41.638+0000] {processor.py:176} INFO - Processing /home/airflow/.local/lib/python3.7/site-packages/airflow/example_dags/example_datasets.py took 0.104 seconds
[2024-08-01T09:50:12.169+0000] {processor.py:154} INFO - Started process (PID=6306) to work on /home/airflow/.local/lib/python3.7/site-packages/airflow/example_dags/example_datasets.py
[2024-08-01T09:50:12.171+0000] {processor.py:756} INFO - Processing file /home/airflow/.local/lib/python3.7/site-packages/airflow/example_dags/example_datasets.py for tasks to queue
[2024-08-01T09:50:12.172+0000] {logging_mixin.py:120} INFO - [2024-08-01T09:50:12.172+0000] {dagbag.py:537} INFO - Filling up the DagBag from /home/airflow/.local/lib/python3.7/site-packages/airflow/example_dags/example_datasets.py
[2024-08-01T09:50:12.186+0000] {processor.py:766} INFO - DAG(s) dict_keys(['dataset_consumes_1_and_2', 'dataset_consumes_1', 'dataset_produces_2', 'dataset_produces_1', 'dataset_consumes_unknown_never_scheduled', 'dataset_consumes_1_never_scheduled']) retrieved from /home/airflow/.local/lib/python3.7/site-packages/airflow/example_dags/example_datasets.py
[2024-08-01T09:50:12.253+0000] {logging_mixin.py:120} INFO - [2024-08-01T09:50:12.253+0000] {dag.py:2585} INFO - Sync 6 DAGs
[2024-08-01T09:50:12.282+0000] {logging_mixin.py:120} INFO - [2024-08-01T09:50:12.282+0000] {dag.py:3340} INFO - Setting next_dagrun for dataset_consumes_1 to None, run_after=None
[2024-08-01T09:50:12.289+0000] {logging_mixin.py:120} INFO - [2024-08-01T09:50:12.289+0000] {dag.py:3340} INFO - Setting next_dagrun for dataset_consumes_1_and_2 to None, run_after=None
[2024-08-01T09:50:12.293+0000] {logging_mixin.py:120} INFO - [2024-08-01T09:50:12.293+0000] {dag.py:3340} INFO - Setting next_dagrun for dataset_consumes_1_never_scheduled to None, run_after=None
[2024-08-01T09:50:12.295+0000] {logging_mixin.py:120} INFO - [2024-08-01T09:50:12.295+0000] {dag.py:3340} INFO - Setting next_dagrun for dataset_consumes_unknown_never_scheduled to None, run_after=None
[2024-08-01T09:50:12.299+0000] {logging_mixin.py:120} INFO - [2024-08-01T09:50:12.299+0000] {dag.py:3340} INFO - Setting next_dagrun for dataset_produces_1 to 2024-07-31T00:00:00+00:00, run_after=2024-08-01T00:00:00+00:00
[2024-08-01T09:50:12.301+0000] {logging_mixin.py:120} INFO - [2024-08-01T09:50:12.301+0000] {dag.py:3340} INFO - Setting next_dagrun for dataset_produces_2 to None, run_after=None
[2024-08-01T09:50:12.334+0000] {processor.py:176} INFO - Processing /home/airflow/.local/lib/python3.7/site-packages/airflow/example_dags/example_datasets.py took 0.166 seconds
[2024-08-01T09:50:42.474+0000] {processor.py:154} INFO - Started process (PID=6371) to work on /home/airflow/.local/lib/python3.7/site-packages/airflow/example_dags/example_datasets.py
[2024-08-01T09:50:42.475+0000] {processor.py:756} INFO - Processing file /home/airflow/.local/lib/python3.7/site-packages/airflow/example_dags/example_datasets.py for tasks to queue
[2024-08-01T09:50:42.476+0000] {logging_mixin.py:120} INFO - [2024-08-01T09:50:42.476+0000] {dagbag.py:537} INFO - Filling up the DagBag from /home/airflow/.local/lib/python3.7/site-packages/airflow/example_dags/example_datasets.py
[2024-08-01T09:50:42.488+0000] {processor.py:766} INFO - DAG(s) dict_keys(['dataset_produces_1', 'dataset_consumes_1_never_scheduled', 'dataset_consumes_1_and_2', 'dataset_consumes_unknown_never_scheduled', 'dataset_consumes_1', 'dataset_produces_2']) retrieved from /home/airflow/.local/lib/python3.7/site-packages/airflow/example_dags/example_datasets.py
[2024-08-01T09:50:42.524+0000] {logging_mixin.py:120} INFO - [2024-08-01T09:50:42.524+0000] {dag.py:2585} INFO - Sync 6 DAGs
[2024-08-01T09:50:42.542+0000] {logging_mixin.py:120} INFO - [2024-08-01T09:50:42.542+0000] {dag.py:3340} INFO - Setting next_dagrun for dataset_consumes_1 to None, run_after=None
[2024-08-01T09:50:42.544+0000] {logging_mixin.py:120} INFO - [2024-08-01T09:50:42.544+0000] {dag.py:3340} INFO - Setting next_dagrun for dataset_consumes_1_and_2 to None, run_after=None
[2024-08-01T09:50:42.545+0000] {logging_mixin.py:120} INFO - [2024-08-01T09:50:42.545+0000] {dag.py:3340} INFO - Setting next_dagrun for dataset_consumes_1_never_scheduled to None, run_after=None
[2024-08-01T09:50:42.546+0000] {logging_mixin.py:120} INFO - [2024-08-01T09:50:42.546+0000] {dag.py:3340} INFO - Setting next_dagrun for dataset_consumes_unknown_never_scheduled to None, run_after=None
[2024-08-01T09:50:42.548+0000] {logging_mixin.py:120} INFO - [2024-08-01T09:50:42.548+0000] {dag.py:3340} INFO - Setting next_dagrun for dataset_produces_1 to 2024-07-31T00:00:00+00:00, run_after=2024-08-01T00:00:00+00:00
[2024-08-01T09:50:42.550+0000] {logging_mixin.py:120} INFO - [2024-08-01T09:50:42.550+0000] {dag.py:3340} INFO - Setting next_dagrun for dataset_produces_2 to None, run_after=None
[2024-08-01T09:50:42.571+0000] {processor.py:176} INFO - Processing /home/airflow/.local/lib/python3.7/site-packages/airflow/example_dags/example_datasets.py took 0.101 seconds
[2024-08-01T09:51:12.834+0000] {processor.py:154} INFO - Started process (PID=6426) to work on /home/airflow/.local/lib/python3.7/site-packages/airflow/example_dags/example_datasets.py
[2024-08-01T09:51:12.835+0000] {processor.py:756} INFO - Processing file /home/airflow/.local/lib/python3.7/site-packages/airflow/example_dags/example_datasets.py for tasks to queue
[2024-08-01T09:51:12.835+0000] {logging_mixin.py:120} INFO - [2024-08-01T09:51:12.835+0000] {dagbag.py:537} INFO - Filling up the DagBag from /home/airflow/.local/lib/python3.7/site-packages/airflow/example_dags/example_datasets.py
[2024-08-01T09:51:12.848+0000] {processor.py:766} INFO - DAG(s) dict_keys(['dataset_consumes_1_and_2', 'dataset_consumes_1', 'dataset_consumes_unknown_never_scheduled', 'dataset_produces_2', 'dataset_produces_1', 'dataset_consumes_1_never_scheduled']) retrieved from /home/airflow/.local/lib/python3.7/site-packages/airflow/example_dags/example_datasets.py
[2024-08-01T09:51:12.892+0000] {logging_mixin.py:120} INFO - [2024-08-01T09:51:12.891+0000] {dag.py:2585} INFO - Sync 6 DAGs
[2024-08-01T09:51:12.909+0000] {logging_mixin.py:120} INFO - [2024-08-01T09:51:12.909+0000] {dag.py:3340} INFO - Setting next_dagrun for dataset_consumes_1 to None, run_after=None
[2024-08-01T09:51:12.912+0000] {logging_mixin.py:120} INFO - [2024-08-01T09:51:12.912+0000] {dag.py:3340} INFO - Setting next_dagrun for dataset_consumes_1_and_2 to None, run_after=None
[2024-08-01T09:51:12.913+0000] {logging_mixin.py:120} INFO - [2024-08-01T09:51:12.913+0000] {dag.py:3340} INFO - Setting next_dagrun for dataset_consumes_1_never_scheduled to None, run_after=None
[2024-08-01T09:51:12.914+0000] {logging_mixin.py:120} INFO - [2024-08-01T09:51:12.914+0000] {dag.py:3340} INFO - Setting next_dagrun for dataset_consumes_unknown_never_scheduled to None, run_after=None
[2024-08-01T09:51:12.917+0000] {logging_mixin.py:120} INFO - [2024-08-01T09:51:12.917+0000] {dag.py:3340} INFO - Setting next_dagrun for dataset_produces_1 to 2024-07-31T00:00:00+00:00, run_after=2024-08-01T00:00:00+00:00
[2024-08-01T09:51:12.918+0000] {logging_mixin.py:120} INFO - [2024-08-01T09:51:12.918+0000] {dag.py:3340} INFO - Setting next_dagrun for dataset_produces_2 to None, run_after=None
[2024-08-01T09:51:12.951+0000] {processor.py:176} INFO - Processing /home/airflow/.local/lib/python3.7/site-packages/airflow/example_dags/example_datasets.py took 0.120 seconds
[2024-08-01T09:51:43.313+0000] {processor.py:154} INFO - Started process (PID=6493) to work on /home/airflow/.local/lib/python3.7/site-packages/airflow/example_dags/example_datasets.py
[2024-08-01T09:51:43.314+0000] {processor.py:756} INFO - Processing file /home/airflow/.local/lib/python3.7/site-packages/airflow/example_dags/example_datasets.py for tasks to queue
[2024-08-01T09:51:43.314+0000] {logging_mixin.py:120} INFO - [2024-08-01T09:51:43.314+0000] {dagbag.py:537} INFO - Filling up the DagBag from /home/airflow/.local/lib/python3.7/site-packages/airflow/example_dags/example_datasets.py
[2024-08-01T09:51:43.325+0000] {processor.py:766} INFO - DAG(s) dict_keys(['dataset_consumes_1_and_2', 'dataset_produces_1', 'dataset_consumes_1', 'dataset_produces_2', 'dataset_consumes_unknown_never_scheduled', 'dataset_consumes_1_never_scheduled']) retrieved from /home/airflow/.local/lib/python3.7/site-packages/airflow/example_dags/example_datasets.py
[2024-08-01T09:51:43.364+0000] {logging_mixin.py:120} INFO - [2024-08-01T09:51:43.364+0000] {dag.py:2585} INFO - Sync 6 DAGs
[2024-08-01T09:51:43.381+0000] {logging_mixin.py:120} INFO - [2024-08-01T09:51:43.380+0000] {dag.py:3340} INFO - Setting next_dagrun for dataset_consumes_1 to None, run_after=None
[2024-08-01T09:51:43.383+0000] {logging_mixin.py:120} INFO - [2024-08-01T09:51:43.383+0000] {dag.py:3340} INFO - Setting next_dagrun for dataset_consumes_1_and_2 to None, run_after=None
[2024-08-01T09:51:43.384+0000] {logging_mixin.py:120} INFO - [2024-08-01T09:51:43.384+0000] {dag.py:3340} INFO - Setting next_dagrun for dataset_consumes_1_never_scheduled to None, run_after=None
[2024-08-01T09:51:43.386+0000] {logging_mixin.py:120} INFO - [2024-08-01T09:51:43.385+0000] {dag.py:3340} INFO - Setting next_dagrun for dataset_consumes_unknown_never_scheduled to None, run_after=None
[2024-08-01T09:51:43.387+0000] {logging_mixin.py:120} INFO - [2024-08-01T09:51:43.387+0000] {dag.py:3340} INFO - Setting next_dagrun for dataset_produces_1 to 2024-07-31T00:00:00+00:00, run_after=2024-08-01T00:00:00+00:00
[2024-08-01T09:51:43.388+0000] {logging_mixin.py:120} INFO - [2024-08-01T09:51:43.388+0000] {dag.py:3340} INFO - Setting next_dagrun for dataset_produces_2 to None, run_after=None
[2024-08-01T09:51:43.412+0000] {processor.py:176} INFO - Processing /home/airflow/.local/lib/python3.7/site-packages/airflow/example_dags/example_datasets.py took 0.102 seconds
[2024-08-01T09:52:13.778+0000] {processor.py:154} INFO - Started process (PID=6557) to work on /home/airflow/.local/lib/python3.7/site-packages/airflow/example_dags/example_datasets.py
[2024-08-01T09:52:13.779+0000] {processor.py:756} INFO - Processing file /home/airflow/.local/lib/python3.7/site-packages/airflow/example_dags/example_datasets.py for tasks to queue
[2024-08-01T09:52:13.780+0000] {logging_mixin.py:120} INFO - [2024-08-01T09:52:13.780+0000] {dagbag.py:537} INFO - Filling up the DagBag from /home/airflow/.local/lib/python3.7/site-packages/airflow/example_dags/example_datasets.py
[2024-08-01T09:52:13.793+0000] {processor.py:766} INFO - DAG(s) dict_keys(['dataset_consumes_1', 'dataset_produces_1', 'dataset_consumes_1_and_2', 'dataset_produces_2', 'dataset_consumes_1_never_scheduled', 'dataset_consumes_unknown_never_scheduled']) retrieved from /home/airflow/.local/lib/python3.7/site-packages/airflow/example_dags/example_datasets.py
[2024-08-01T09:52:13.842+0000] {logging_mixin.py:120} INFO - [2024-08-01T09:52:13.842+0000] {dag.py:2585} INFO - Sync 6 DAGs
[2024-08-01T09:52:13.860+0000] {logging_mixin.py:120} INFO - [2024-08-01T09:52:13.859+0000] {dag.py:3340} INFO - Setting next_dagrun for dataset_consumes_1 to None, run_after=None
[2024-08-01T09:52:13.863+0000] {logging_mixin.py:120} INFO - [2024-08-01T09:52:13.863+0000] {dag.py:3340} INFO - Setting next_dagrun for dataset_consumes_1_and_2 to None, run_after=None
[2024-08-01T09:52:13.865+0000] {logging_mixin.py:120} INFO - [2024-08-01T09:52:13.865+0000] {dag.py:3340} INFO - Setting next_dagrun for dataset_consumes_1_never_scheduled to None, run_after=None
[2024-08-01T09:52:13.867+0000] {logging_mixin.py:120} INFO - [2024-08-01T09:52:13.867+0000] {dag.py:3340} INFO - Setting next_dagrun for dataset_consumes_unknown_never_scheduled to None, run_after=None
[2024-08-01T09:52:13.870+0000] {logging_mixin.py:120} INFO - [2024-08-01T09:52:13.870+0000] {dag.py:3340} INFO - Setting next_dagrun for dataset_produces_1 to 2024-07-31T00:00:00+00:00, run_after=2024-08-01T00:00:00+00:00
[2024-08-01T09:52:13.872+0000] {logging_mixin.py:120} INFO - [2024-08-01T09:52:13.872+0000] {dag.py:3340} INFO - Setting next_dagrun for dataset_produces_2 to None, run_after=None
[2024-08-01T09:52:13.902+0000] {processor.py:176} INFO - Processing /home/airflow/.local/lib/python3.7/site-packages/airflow/example_dags/example_datasets.py took 0.128 seconds
[2024-08-01T09:52:44.046+0000] {processor.py:154} INFO - Started process (PID=6622) to work on /home/airflow/.local/lib/python3.7/site-packages/airflow/example_dags/example_datasets.py
[2024-08-01T09:52:44.047+0000] {processor.py:756} INFO - Processing file /home/airflow/.local/lib/python3.7/site-packages/airflow/example_dags/example_datasets.py for tasks to queue
[2024-08-01T09:52:44.048+0000] {logging_mixin.py:120} INFO - [2024-08-01T09:52:44.048+0000] {dagbag.py:537} INFO - Filling up the DagBag from /home/airflow/.local/lib/python3.7/site-packages/airflow/example_dags/example_datasets.py
[2024-08-01T09:52:44.061+0000] {processor.py:766} INFO - DAG(s) dict_keys(['dataset_produces_2', 'dataset_consumes_1', 'dataset_produces_1', 'dataset_consumes_unknown_never_scheduled', 'dataset_consumes_1_and_2', 'dataset_consumes_1_never_scheduled']) retrieved from /home/airflow/.local/lib/python3.7/site-packages/airflow/example_dags/example_datasets.py
[2024-08-01T09:52:44.107+0000] {logging_mixin.py:120} INFO - [2024-08-01T09:52:44.107+0000] {dag.py:2585} INFO - Sync 6 DAGs
[2024-08-01T09:52:44.128+0000] {logging_mixin.py:120} INFO - [2024-08-01T09:52:44.128+0000] {dag.py:3340} INFO - Setting next_dagrun for dataset_consumes_1 to None, run_after=None
[2024-08-01T09:52:44.131+0000] {logging_mixin.py:120} INFO - [2024-08-01T09:52:44.131+0000] {dag.py:3340} INFO - Setting next_dagrun for dataset_consumes_1_and_2 to None, run_after=None
[2024-08-01T09:52:44.132+0000] {logging_mixin.py:120} INFO - [2024-08-01T09:52:44.132+0000] {dag.py:3340} INFO - Setting next_dagrun for dataset_consumes_1_never_scheduled to None, run_after=None
[2024-08-01T09:52:44.133+0000] {logging_mixin.py:120} INFO - [2024-08-01T09:52:44.133+0000] {dag.py:3340} INFO - Setting next_dagrun for dataset_consumes_unknown_never_scheduled to None, run_after=None
[2024-08-01T09:52:44.135+0000] {logging_mixin.py:120} INFO - [2024-08-01T09:52:44.134+0000] {dag.py:3340} INFO - Setting next_dagrun for dataset_produces_1 to 2024-07-31T00:00:00+00:00, run_after=2024-08-01T00:00:00+00:00
[2024-08-01T09:52:44.135+0000] {logging_mixin.py:120} INFO - [2024-08-01T09:52:44.135+0000] {dag.py:3340} INFO - Setting next_dagrun for dataset_produces_2 to None, run_after=None
[2024-08-01T09:52:44.159+0000] {processor.py:176} INFO - Processing /home/airflow/.local/lib/python3.7/site-packages/airflow/example_dags/example_datasets.py took 0.116 seconds
[2024-08-01T09:53:14.966+0000] {processor.py:154} INFO - Started process (PID=6677) to work on /home/airflow/.local/lib/python3.7/site-packages/airflow/example_dags/example_datasets.py
[2024-08-01T09:53:14.967+0000] {processor.py:756} INFO - Processing file /home/airflow/.local/lib/python3.7/site-packages/airflow/example_dags/example_datasets.py for tasks to queue
[2024-08-01T09:53:14.968+0000] {logging_mixin.py:120} INFO - [2024-08-01T09:53:14.968+0000] {dagbag.py:537} INFO - Filling up the DagBag from /home/airflow/.local/lib/python3.7/site-packages/airflow/example_dags/example_datasets.py
[2024-08-01T09:53:14.979+0000] {processor.py:766} INFO - DAG(s) dict_keys(['dataset_consumes_1', 'dataset_produces_2', 'dataset_consumes_1_never_scheduled', 'dataset_consumes_1_and_2', 'dataset_produces_1', 'dataset_consumes_unknown_never_scheduled']) retrieved from /home/airflow/.local/lib/python3.7/site-packages/airflow/example_dags/example_datasets.py
[2024-08-01T09:53:15.030+0000] {logging_mixin.py:120} INFO - [2024-08-01T09:53:15.029+0000] {dag.py:2585} INFO - Sync 6 DAGs
[2024-08-01T09:53:15.051+0000] {logging_mixin.py:120} INFO - [2024-08-01T09:53:15.051+0000] {dag.py:3340} INFO - Setting next_dagrun for dataset_consumes_1 to None, run_after=None
[2024-08-01T09:53:15.055+0000] {logging_mixin.py:120} INFO - [2024-08-01T09:53:15.055+0000] {dag.py:3340} INFO - Setting next_dagrun for dataset_consumes_1_and_2 to None, run_after=None
[2024-08-01T09:53:15.056+0000] {logging_mixin.py:120} INFO - [2024-08-01T09:53:15.056+0000] {dag.py:3340} INFO - Setting next_dagrun for dataset_consumes_1_never_scheduled to None, run_after=None
[2024-08-01T09:53:15.058+0000] {logging_mixin.py:120} INFO - [2024-08-01T09:53:15.058+0000] {dag.py:3340} INFO - Setting next_dagrun for dataset_consumes_unknown_never_scheduled to None, run_after=None
[2024-08-01T09:53:15.061+0000] {logging_mixin.py:120} INFO - [2024-08-01T09:53:15.061+0000] {dag.py:3340} INFO - Setting next_dagrun for dataset_produces_1 to 2024-07-31T00:00:00+00:00, run_after=2024-08-01T00:00:00+00:00
[2024-08-01T09:53:15.062+0000] {logging_mixin.py:120} INFO - [2024-08-01T09:53:15.062+0000] {dag.py:3340} INFO - Setting next_dagrun for dataset_produces_2 to None, run_after=None
[2024-08-01T09:53:15.093+0000] {processor.py:176} INFO - Processing /home/airflow/.local/lib/python3.7/site-packages/airflow/example_dags/example_datasets.py took 0.129 seconds
[2024-08-01T09:53:45.499+0000] {processor.py:154} INFO - Started process (PID=6742) to work on /home/airflow/.local/lib/python3.7/site-packages/airflow/example_dags/example_datasets.py
[2024-08-01T09:53:45.500+0000] {processor.py:756} INFO - Processing file /home/airflow/.local/lib/python3.7/site-packages/airflow/example_dags/example_datasets.py for tasks to queue
[2024-08-01T09:53:45.501+0000] {logging_mixin.py:120} INFO - [2024-08-01T09:53:45.501+0000] {dagbag.py:537} INFO - Filling up the DagBag from /home/airflow/.local/lib/python3.7/site-packages/airflow/example_dags/example_datasets.py
[2024-08-01T09:53:45.514+0000] {processor.py:766} INFO - DAG(s) dict_keys(['dataset_produces_2', 'dataset_consumes_1_and_2', 'dataset_consumes_1_never_scheduled', 'dataset_consumes_1', 'dataset_consumes_unknown_never_scheduled', 'dataset_produces_1']) retrieved from /home/airflow/.local/lib/python3.7/site-packages/airflow/example_dags/example_datasets.py
[2024-08-01T09:53:45.555+0000] {logging_mixin.py:120} INFO - [2024-08-01T09:53:45.555+0000] {dag.py:2585} INFO - Sync 6 DAGs
[2024-08-01T09:53:45.572+0000] {logging_mixin.py:120} INFO - [2024-08-01T09:53:45.572+0000] {dag.py:3340} INFO - Setting next_dagrun for dataset_consumes_1 to None, run_after=None
[2024-08-01T09:53:45.575+0000] {logging_mixin.py:120} INFO - [2024-08-01T09:53:45.575+0000] {dag.py:3340} INFO - Setting next_dagrun for dataset_consumes_1_and_2 to None, run_after=None
[2024-08-01T09:53:45.576+0000] {logging_mixin.py:120} INFO - [2024-08-01T09:53:45.576+0000] {dag.py:3340} INFO - Setting next_dagrun for dataset_consumes_1_never_scheduled to None, run_after=None
[2024-08-01T09:53:45.583+0000] {logging_mixin.py:120} INFO - [2024-08-01T09:53:45.583+0000] {dag.py:3340} INFO - Setting next_dagrun for dataset_consumes_unknown_never_scheduled to None, run_after=None
[2024-08-01T09:53:45.586+0000] {logging_mixin.py:120} INFO - [2024-08-01T09:53:45.586+0000] {dag.py:3340} INFO - Setting next_dagrun for dataset_produces_1 to 2024-07-31T00:00:00+00:00, run_after=2024-08-01T00:00:00+00:00
[2024-08-01T09:53:45.595+0000] {logging_mixin.py:120} INFO - [2024-08-01T09:53:45.594+0000] {dag.py:3340} INFO - Setting next_dagrun for dataset_produces_2 to None, run_after=None
[2024-08-01T09:53:45.621+0000] {processor.py:176} INFO - Processing /home/airflow/.local/lib/python3.7/site-packages/airflow/example_dags/example_datasets.py took 0.125 seconds
[2024-08-01T09:54:16.148+0000] {processor.py:154} INFO - Started process (PID=6806) to work on /home/airflow/.local/lib/python3.7/site-packages/airflow/example_dags/example_datasets.py
[2024-08-01T09:54:16.149+0000] {processor.py:756} INFO - Processing file /home/airflow/.local/lib/python3.7/site-packages/airflow/example_dags/example_datasets.py for tasks to queue
[2024-08-01T09:54:16.150+0000] {logging_mixin.py:120} INFO - [2024-08-01T09:54:16.150+0000] {dagbag.py:537} INFO - Filling up the DagBag from /home/airflow/.local/lib/python3.7/site-packages/airflow/example_dags/example_datasets.py
[2024-08-01T09:54:16.161+0000] {processor.py:766} INFO - DAG(s) dict_keys(['dataset_consumes_1_and_2', 'dataset_consumes_1', 'dataset_consumes_unknown_never_scheduled', 'dataset_consumes_1_never_scheduled', 'dataset_produces_2', 'dataset_produces_1']) retrieved from /home/airflow/.local/lib/python3.7/site-packages/airflow/example_dags/example_datasets.py
[2024-08-01T09:54:16.201+0000] {logging_mixin.py:120} INFO - [2024-08-01T09:54:16.201+0000] {dag.py:2585} INFO - Sync 6 DAGs
[2024-08-01T09:54:16.219+0000] {logging_mixin.py:120} INFO - [2024-08-01T09:54:16.219+0000] {dag.py:3340} INFO - Setting next_dagrun for dataset_consumes_1 to None, run_after=None
[2024-08-01T09:54:16.225+0000] {logging_mixin.py:120} INFO - [2024-08-01T09:54:16.224+0000] {dag.py:3340} INFO - Setting next_dagrun for dataset_consumes_1_and_2 to None, run_after=None
[2024-08-01T09:54:16.228+0000] {logging_mixin.py:120} INFO - [2024-08-01T09:54:16.228+0000] {dag.py:3340} INFO - Setting next_dagrun for dataset_consumes_1_never_scheduled to None, run_after=None
[2024-08-01T09:54:16.231+0000] {logging_mixin.py:120} INFO - [2024-08-01T09:54:16.231+0000] {dag.py:3340} INFO - Setting next_dagrun for dataset_consumes_unknown_never_scheduled to None, run_after=None
[2024-08-01T09:54:16.236+0000] {logging_mixin.py:120} INFO - [2024-08-01T09:54:16.236+0000] {dag.py:3340} INFO - Setting next_dagrun for dataset_produces_1 to 2024-07-31T00:00:00+00:00, run_after=2024-08-01T00:00:00+00:00
[2024-08-01T09:54:16.239+0000] {logging_mixin.py:120} INFO - [2024-08-01T09:54:16.238+0000] {dag.py:3340} INFO - Setting next_dagrun for dataset_produces_2 to None, run_after=None
[2024-08-01T09:54:16.262+0000] {processor.py:176} INFO - Processing /home/airflow/.local/lib/python3.7/site-packages/airflow/example_dags/example_datasets.py took 0.117 seconds
[2024-08-01T09:54:47.155+0000] {processor.py:154} INFO - Started process (PID=6870) to work on /home/airflow/.local/lib/python3.7/site-packages/airflow/example_dags/example_datasets.py
[2024-08-01T09:54:47.156+0000] {processor.py:756} INFO - Processing file /home/airflow/.local/lib/python3.7/site-packages/airflow/example_dags/example_datasets.py for tasks to queue
[2024-08-01T09:54:47.157+0000] {logging_mixin.py:120} INFO - [2024-08-01T09:54:47.157+0000] {dagbag.py:537} INFO - Filling up the DagBag from /home/airflow/.local/lib/python3.7/site-packages/airflow/example_dags/example_datasets.py
[2024-08-01T09:54:47.170+0000] {processor.py:766} INFO - DAG(s) dict_keys(['dataset_consumes_1_and_2', 'dataset_consumes_1_never_scheduled', 'dataset_consumes_1', 'dataset_consumes_unknown_never_scheduled', 'dataset_produces_2', 'dataset_produces_1']) retrieved from /home/airflow/.local/lib/python3.7/site-packages/airflow/example_dags/example_datasets.py
[2024-08-01T09:54:47.213+0000] {logging_mixin.py:120} INFO - [2024-08-01T09:54:47.213+0000] {dag.py:2585} INFO - Sync 6 DAGs
[2024-08-01T09:54:47.232+0000] {logging_mixin.py:120} INFO - [2024-08-01T09:54:47.232+0000] {dag.py:3340} INFO - Setting next_dagrun for dataset_consumes_1 to None, run_after=None
[2024-08-01T09:54:47.235+0000] {logging_mixin.py:120} INFO - [2024-08-01T09:54:47.235+0000] {dag.py:3340} INFO - Setting next_dagrun for dataset_consumes_1_and_2 to None, run_after=None
[2024-08-01T09:54:47.237+0000] {logging_mixin.py:120} INFO - [2024-08-01T09:54:47.237+0000] {dag.py:3340} INFO - Setting next_dagrun for dataset_consumes_1_never_scheduled to None, run_after=None
[2024-08-01T09:54:47.239+0000] {logging_mixin.py:120} INFO - [2024-08-01T09:54:47.239+0000] {dag.py:3340} INFO - Setting next_dagrun for dataset_consumes_unknown_never_scheduled to None, run_after=None
[2024-08-01T09:54:47.242+0000] {logging_mixin.py:120} INFO - [2024-08-01T09:54:47.242+0000] {dag.py:3340} INFO - Setting next_dagrun for dataset_produces_1 to 2024-07-31T00:00:00+00:00, run_after=2024-08-01T00:00:00+00:00
[2024-08-01T09:54:47.243+0000] {logging_mixin.py:120} INFO - [2024-08-01T09:54:47.243+0000] {dag.py:3340} INFO - Setting next_dagrun for dataset_produces_2 to None, run_after=None
[2024-08-01T09:54:47.266+0000] {processor.py:176} INFO - Processing /home/airflow/.local/lib/python3.7/site-packages/airflow/example_dags/example_datasets.py took 0.114 seconds
[2024-08-01T09:55:18.437+0000] {processor.py:154} INFO - Started process (PID=6934) to work on /home/airflow/.local/lib/python3.7/site-packages/airflow/example_dags/example_datasets.py
[2024-08-01T09:55:18.439+0000] {processor.py:756} INFO - Processing file /home/airflow/.local/lib/python3.7/site-packages/airflow/example_dags/example_datasets.py for tasks to queue
[2024-08-01T09:55:18.441+0000] {logging_mixin.py:120} INFO - [2024-08-01T09:55:18.441+0000] {dagbag.py:537} INFO - Filling up the DagBag from /home/airflow/.local/lib/python3.7/site-packages/airflow/example_dags/example_datasets.py
[2024-08-01T09:55:18.456+0000] {processor.py:766} INFO - DAG(s) dict_keys(['dataset_consumes_1_never_scheduled', 'dataset_consumes_1', 'dataset_consumes_1_and_2', 'dataset_produces_1', 'dataset_consumes_unknown_never_scheduled', 'dataset_produces_2']) retrieved from /home/airflow/.local/lib/python3.7/site-packages/airflow/example_dags/example_datasets.py
[2024-08-01T09:55:18.510+0000] {logging_mixin.py:120} INFO - [2024-08-01T09:55:18.509+0000] {dag.py:2585} INFO - Sync 6 DAGs
[2024-08-01T09:55:18.531+0000] {logging_mixin.py:120} INFO - [2024-08-01T09:55:18.530+0000] {dag.py:3340} INFO - Setting next_dagrun for dataset_consumes_1 to None, run_after=None
[2024-08-01T09:55:18.536+0000] {logging_mixin.py:120} INFO - [2024-08-01T09:55:18.536+0000] {dag.py:3340} INFO - Setting next_dagrun for dataset_consumes_1_and_2 to None, run_after=None
[2024-08-01T09:55:18.538+0000] {logging_mixin.py:120} INFO - [2024-08-01T09:55:18.538+0000] {dag.py:3340} INFO - Setting next_dagrun for dataset_consumes_1_never_scheduled to None, run_after=None
[2024-08-01T09:55:18.540+0000] {logging_mixin.py:120} INFO - [2024-08-01T09:55:18.540+0000] {dag.py:3340} INFO - Setting next_dagrun for dataset_consumes_unknown_never_scheduled to None, run_after=None
[2024-08-01T09:55:18.543+0000] {logging_mixin.py:120} INFO - [2024-08-01T09:55:18.543+0000] {dag.py:3340} INFO - Setting next_dagrun for dataset_produces_1 to 2024-07-31T00:00:00+00:00, run_after=2024-08-01T00:00:00+00:00
[2024-08-01T09:55:18.545+0000] {logging_mixin.py:120} INFO - [2024-08-01T09:55:18.544+0000] {dag.py:3340} INFO - Setting next_dagrun for dataset_produces_2 to None, run_after=None
[2024-08-01T09:55:18.566+0000] {processor.py:176} INFO - Processing /home/airflow/.local/lib/python3.7/site-packages/airflow/example_dags/example_datasets.py took 0.131 seconds
[2024-08-01T09:55:49.254+0000] {processor.py:154} INFO - Started process (PID=6989) to work on /home/airflow/.local/lib/python3.7/site-packages/airflow/example_dags/example_datasets.py
[2024-08-01T09:55:49.256+0000] {processor.py:756} INFO - Processing file /home/airflow/.local/lib/python3.7/site-packages/airflow/example_dags/example_datasets.py for tasks to queue
[2024-08-01T09:55:49.256+0000] {logging_mixin.py:120} INFO - [2024-08-01T09:55:49.256+0000] {dagbag.py:537} INFO - Filling up the DagBag from /home/airflow/.local/lib/python3.7/site-packages/airflow/example_dags/example_datasets.py
[2024-08-01T09:55:49.268+0000] {processor.py:766} INFO - DAG(s) dict_keys(['dataset_consumes_unknown_never_scheduled', 'dataset_consumes_1', 'dataset_consumes_1_never_scheduled', 'dataset_consumes_1_and_2', 'dataset_produces_1', 'dataset_produces_2']) retrieved from /home/airflow/.local/lib/python3.7/site-packages/airflow/example_dags/example_datasets.py
[2024-08-01T09:55:49.307+0000] {logging_mixin.py:120} INFO - [2024-08-01T09:55:49.307+0000] {dag.py:2585} INFO - Sync 6 DAGs
[2024-08-01T09:55:49.327+0000] {logging_mixin.py:120} INFO - [2024-08-01T09:55:49.327+0000] {dag.py:3340} INFO - Setting next_dagrun for dataset_consumes_1 to None, run_after=None
[2024-08-01T09:55:49.330+0000] {logging_mixin.py:120} INFO - [2024-08-01T09:55:49.330+0000] {dag.py:3340} INFO - Setting next_dagrun for dataset_consumes_1_and_2 to None, run_after=None
[2024-08-01T09:55:49.332+0000] {logging_mixin.py:120} INFO - [2024-08-01T09:55:49.332+0000] {dag.py:3340} INFO - Setting next_dagrun for dataset_consumes_1_never_scheduled to None, run_after=None
[2024-08-01T09:55:49.334+0000] {logging_mixin.py:120} INFO - [2024-08-01T09:55:49.334+0000] {dag.py:3340} INFO - Setting next_dagrun for dataset_consumes_unknown_never_scheduled to None, run_after=None
[2024-08-01T09:55:49.336+0000] {logging_mixin.py:120} INFO - [2024-08-01T09:55:49.336+0000] {dag.py:3340} INFO - Setting next_dagrun for dataset_produces_1 to 2024-07-31T00:00:00+00:00, run_after=2024-08-01T00:00:00+00:00
[2024-08-01T09:55:49.337+0000] {logging_mixin.py:120} INFO - [2024-08-01T09:55:49.337+0000] {dag.py:3340} INFO - Setting next_dagrun for dataset_produces_2 to None, run_after=None
[2024-08-01T09:55:49.359+0000] {processor.py:176} INFO - Processing /home/airflow/.local/lib/python3.7/site-packages/airflow/example_dags/example_datasets.py took 0.109 seconds
[2024-08-01T09:56:20.974+0000] {processor.py:154} INFO - Started process (PID=7054) to work on /home/airflow/.local/lib/python3.7/site-packages/airflow/example_dags/example_datasets.py
[2024-08-01T09:56:20.975+0000] {processor.py:756} INFO - Processing file /home/airflow/.local/lib/python3.7/site-packages/airflow/example_dags/example_datasets.py for tasks to queue
[2024-08-01T09:56:20.976+0000] {logging_mixin.py:120} INFO - [2024-08-01T09:56:20.976+0000] {dagbag.py:537} INFO - Filling up the DagBag from /home/airflow/.local/lib/python3.7/site-packages/airflow/example_dags/example_datasets.py
[2024-08-01T09:56:20.988+0000] {processor.py:766} INFO - DAG(s) dict_keys(['dataset_consumes_1_and_2', 'dataset_consumes_1_never_scheduled', 'dataset_consumes_1', 'dataset_produces_2', 'dataset_produces_1', 'dataset_consumes_unknown_never_scheduled']) retrieved from /home/airflow/.local/lib/python3.7/site-packages/airflow/example_dags/example_datasets.py
[2024-08-01T09:56:21.038+0000] {logging_mixin.py:120} INFO - [2024-08-01T09:56:21.038+0000] {dag.py:2585} INFO - Sync 6 DAGs
[2024-08-01T09:56:21.060+0000] {logging_mixin.py:120} INFO - [2024-08-01T09:56:21.060+0000] {dag.py:3340} INFO - Setting next_dagrun for dataset_consumes_1 to None, run_after=None
[2024-08-01T09:56:21.066+0000] {logging_mixin.py:120} INFO - [2024-08-01T09:56:21.066+0000] {dag.py:3340} INFO - Setting next_dagrun for dataset_consumes_1_and_2 to None, run_after=None
[2024-08-01T09:56:21.068+0000] {logging_mixin.py:120} INFO - [2024-08-01T09:56:21.068+0000] {dag.py:3340} INFO - Setting next_dagrun for dataset_consumes_1_never_scheduled to None, run_after=None
[2024-08-01T09:56:21.070+0000] {logging_mixin.py:120} INFO - [2024-08-01T09:56:21.070+0000] {dag.py:3340} INFO - Setting next_dagrun for dataset_consumes_unknown_never_scheduled to None, run_after=None
[2024-08-01T09:56:21.073+0000] {logging_mixin.py:120} INFO - [2024-08-01T09:56:21.073+0000] {dag.py:3340} INFO - Setting next_dagrun for dataset_produces_1 to 2024-07-31T00:00:00+00:00, run_after=2024-08-01T00:00:00+00:00
[2024-08-01T09:56:21.075+0000] {logging_mixin.py:120} INFO - [2024-08-01T09:56:21.075+0000] {dag.py:3340} INFO - Setting next_dagrun for dataset_produces_2 to None, run_after=None
[2024-08-01T09:56:21.101+0000] {processor.py:176} INFO - Processing /home/airflow/.local/lib/python3.7/site-packages/airflow/example_dags/example_datasets.py took 0.130 seconds
[2024-08-01T09:56:51.694+0000] {processor.py:154} INFO - Started process (PID=7118) to work on /home/airflow/.local/lib/python3.7/site-packages/airflow/example_dags/example_datasets.py
[2024-08-01T09:56:51.696+0000] {processor.py:756} INFO - Processing file /home/airflow/.local/lib/python3.7/site-packages/airflow/example_dags/example_datasets.py for tasks to queue
[2024-08-01T09:56:51.697+0000] {logging_mixin.py:120} INFO - [2024-08-01T09:56:51.697+0000] {dagbag.py:537} INFO - Filling up the DagBag from /home/airflow/.local/lib/python3.7/site-packages/airflow/example_dags/example_datasets.py
[2024-08-01T09:56:51.709+0000] {processor.py:766} INFO - DAG(s) dict_keys(['dataset_consumes_1_and_2', 'dataset_consumes_unknown_never_scheduled', 'dataset_consumes_1', 'dataset_produces_1', 'dataset_produces_2', 'dataset_consumes_1_never_scheduled']) retrieved from /home/airflow/.local/lib/python3.7/site-packages/airflow/example_dags/example_datasets.py
[2024-08-01T09:56:51.759+0000] {logging_mixin.py:120} INFO - [2024-08-01T09:56:51.759+0000] {dag.py:2585} INFO - Sync 6 DAGs
[2024-08-01T09:56:51.781+0000] {logging_mixin.py:120} INFO - [2024-08-01T09:56:51.781+0000] {dag.py:3340} INFO - Setting next_dagrun for dataset_consumes_1 to None, run_after=None
[2024-08-01T09:56:51.784+0000] {logging_mixin.py:120} INFO - [2024-08-01T09:56:51.784+0000] {dag.py:3340} INFO - Setting next_dagrun for dataset_consumes_1_and_2 to None, run_after=None
[2024-08-01T09:56:51.785+0000] {logging_mixin.py:120} INFO - [2024-08-01T09:56:51.785+0000] {dag.py:3340} INFO - Setting next_dagrun for dataset_consumes_1_never_scheduled to None, run_after=None
[2024-08-01T09:56:51.786+0000] {logging_mixin.py:120} INFO - [2024-08-01T09:56:51.786+0000] {dag.py:3340} INFO - Setting next_dagrun for dataset_consumes_unknown_never_scheduled to None, run_after=None
[2024-08-01T09:56:51.788+0000] {logging_mixin.py:120} INFO - [2024-08-01T09:56:51.788+0000] {dag.py:3340} INFO - Setting next_dagrun for dataset_produces_1 to 2024-07-31T00:00:00+00:00, run_after=2024-08-01T00:00:00+00:00
[2024-08-01T09:56:51.790+0000] {logging_mixin.py:120} INFO - [2024-08-01T09:56:51.790+0000] {dag.py:3340} INFO - Setting next_dagrun for dataset_produces_2 to None, run_after=None
[2024-08-01T09:56:51.811+0000] {processor.py:176} INFO - Processing /home/airflow/.local/lib/python3.7/site-packages/airflow/example_dags/example_datasets.py took 0.120 seconds
[2024-08-01T09:57:22.000+0000] {processor.py:154} INFO - Started process (PID=7183) to work on /home/airflow/.local/lib/python3.7/site-packages/airflow/example_dags/example_datasets.py
[2024-08-01T09:57:22.001+0000] {processor.py:756} INFO - Processing file /home/airflow/.local/lib/python3.7/site-packages/airflow/example_dags/example_datasets.py for tasks to queue
[2024-08-01T09:57:22.002+0000] {logging_mixin.py:120} INFO - [2024-08-01T09:57:22.002+0000] {dagbag.py:537} INFO - Filling up the DagBag from /home/airflow/.local/lib/python3.7/site-packages/airflow/example_dags/example_datasets.py
[2024-08-01T09:57:22.013+0000] {processor.py:766} INFO - DAG(s) dict_keys(['dataset_consumes_1', 'dataset_consumes_1_never_scheduled', 'dataset_consumes_1_and_2', 'dataset_consumes_unknown_never_scheduled', 'dataset_produces_1', 'dataset_produces_2']) retrieved from /home/airflow/.local/lib/python3.7/site-packages/airflow/example_dags/example_datasets.py
[2024-08-01T09:57:22.050+0000] {logging_mixin.py:120} INFO - [2024-08-01T09:57:22.050+0000] {dag.py:2585} INFO - Sync 6 DAGs
[2024-08-01T09:57:22.067+0000] {logging_mixin.py:120} INFO - [2024-08-01T09:57:22.067+0000] {dag.py:3340} INFO - Setting next_dagrun for dataset_consumes_1 to None, run_after=None
[2024-08-01T09:57:22.070+0000] {logging_mixin.py:120} INFO - [2024-08-01T09:57:22.070+0000] {dag.py:3340} INFO - Setting next_dagrun for dataset_consumes_1_and_2 to None, run_after=None
[2024-08-01T09:57:22.072+0000] {logging_mixin.py:120} INFO - [2024-08-01T09:57:22.072+0000] {dag.py:3340} INFO - Setting next_dagrun for dataset_consumes_1_never_scheduled to None, run_after=None
[2024-08-01T09:57:22.073+0000] {logging_mixin.py:120} INFO - [2024-08-01T09:57:22.073+0000] {dag.py:3340} INFO - Setting next_dagrun for dataset_consumes_unknown_never_scheduled to None, run_after=None
[2024-08-01T09:57:22.076+0000] {logging_mixin.py:120} INFO - [2024-08-01T09:57:22.076+0000] {dag.py:3340} INFO - Setting next_dagrun for dataset_produces_1 to 2024-07-31T00:00:00+00:00, run_after=2024-08-01T00:00:00+00:00
[2024-08-01T09:57:22.077+0000] {logging_mixin.py:120} INFO - [2024-08-01T09:57:22.077+0000] {dag.py:3340} INFO - Setting next_dagrun for dataset_produces_2 to None, run_after=None
[2024-08-01T09:57:22.097+0000] {processor.py:176} INFO - Processing /home/airflow/.local/lib/python3.7/site-packages/airflow/example_dags/example_datasets.py took 0.099 seconds
[2024-08-01T09:57:52.836+0000] {processor.py:154} INFO - Started process (PID=7247) to work on /home/airflow/.local/lib/python3.7/site-packages/airflow/example_dags/example_datasets.py
[2024-08-01T09:57:52.837+0000] {processor.py:756} INFO - Processing file /home/airflow/.local/lib/python3.7/site-packages/airflow/example_dags/example_datasets.py for tasks to queue
[2024-08-01T09:57:52.838+0000] {logging_mixin.py:120} INFO - [2024-08-01T09:57:52.838+0000] {dagbag.py:537} INFO - Filling up the DagBag from /home/airflow/.local/lib/python3.7/site-packages/airflow/example_dags/example_datasets.py
[2024-08-01T09:57:52.850+0000] {processor.py:766} INFO - DAG(s) dict_keys(['dataset_consumes_1_and_2', 'dataset_consumes_1', 'dataset_produces_1', 'dataset_produces_2', 'dataset_consumes_1_never_scheduled', 'dataset_consumes_unknown_never_scheduled']) retrieved from /home/airflow/.local/lib/python3.7/site-packages/airflow/example_dags/example_datasets.py
[2024-08-01T09:57:52.912+0000] {logging_mixin.py:120} INFO - [2024-08-01T09:57:52.911+0000] {dag.py:2585} INFO - Sync 6 DAGs
[2024-08-01T09:57:52.929+0000] {logging_mixin.py:120} INFO - [2024-08-01T09:57:52.928+0000] {dag.py:3340} INFO - Setting next_dagrun for dataset_consumes_1 to None, run_after=None
[2024-08-01T09:57:52.931+0000] {logging_mixin.py:120} INFO - [2024-08-01T09:57:52.931+0000] {dag.py:3340} INFO - Setting next_dagrun for dataset_consumes_1_and_2 to None, run_after=None
[2024-08-01T09:57:52.932+0000] {logging_mixin.py:120} INFO - [2024-08-01T09:57:52.932+0000] {dag.py:3340} INFO - Setting next_dagrun for dataset_consumes_1_never_scheduled to None, run_after=None
[2024-08-01T09:57:52.934+0000] {logging_mixin.py:120} INFO - [2024-08-01T09:57:52.934+0000] {dag.py:3340} INFO - Setting next_dagrun for dataset_consumes_unknown_never_scheduled to None, run_after=None
[2024-08-01T09:57:52.936+0000] {logging_mixin.py:120} INFO - [2024-08-01T09:57:52.936+0000] {dag.py:3340} INFO - Setting next_dagrun for dataset_produces_1 to 2024-07-31T00:00:00+00:00, run_after=2024-08-01T00:00:00+00:00
[2024-08-01T09:57:52.937+0000] {logging_mixin.py:120} INFO - [2024-08-01T09:57:52.937+0000] {dag.py:3340} INFO - Setting next_dagrun for dataset_produces_2 to None, run_after=None
[2024-08-01T09:57:52.959+0000] {processor.py:176} INFO - Processing /home/airflow/.local/lib/python3.7/site-packages/airflow/example_dags/example_datasets.py took 0.125 seconds
[2024-08-01T09:58:22.986+0000] {processor.py:154} INFO - Started process (PID=7302) to work on /home/airflow/.local/lib/python3.7/site-packages/airflow/example_dags/example_datasets.py
[2024-08-01T09:58:22.987+0000] {processor.py:756} INFO - Processing file /home/airflow/.local/lib/python3.7/site-packages/airflow/example_dags/example_datasets.py for tasks to queue
[2024-08-01T09:58:22.988+0000] {logging_mixin.py:120} INFO - [2024-08-01T09:58:22.988+0000] {dagbag.py:537} INFO - Filling up the DagBag from /home/airflow/.local/lib/python3.7/site-packages/airflow/example_dags/example_datasets.py
[2024-08-01T09:58:23.001+0000] {processor.py:766} INFO - DAG(s) dict_keys(['dataset_produces_2', 'dataset_consumes_1', 'dataset_produces_1', 'dataset_consumes_1_and_2', 'dataset_consumes_unknown_never_scheduled', 'dataset_consumes_1_never_scheduled']) retrieved from /home/airflow/.local/lib/python3.7/site-packages/airflow/example_dags/example_datasets.py
[2024-08-01T09:58:23.042+0000] {logging_mixin.py:120} INFO - [2024-08-01T09:58:23.042+0000] {dag.py:2585} INFO - Sync 6 DAGs
[2024-08-01T09:58:23.060+0000] {logging_mixin.py:120} INFO - [2024-08-01T09:58:23.060+0000] {dag.py:3340} INFO - Setting next_dagrun for dataset_consumes_1 to None, run_after=None
[2024-08-01T09:58:23.063+0000] {logging_mixin.py:120} INFO - [2024-08-01T09:58:23.063+0000] {dag.py:3340} INFO - Setting next_dagrun for dataset_consumes_1_and_2 to None, run_after=None
[2024-08-01T09:58:23.064+0000] {logging_mixin.py:120} INFO - [2024-08-01T09:58:23.064+0000] {dag.py:3340} INFO - Setting next_dagrun for dataset_consumes_1_never_scheduled to None, run_after=None
[2024-08-01T09:58:23.065+0000] {logging_mixin.py:120} INFO - [2024-08-01T09:58:23.065+0000] {dag.py:3340} INFO - Setting next_dagrun for dataset_consumes_unknown_never_scheduled to None, run_after=None
[2024-08-01T09:58:23.067+0000] {logging_mixin.py:120} INFO - [2024-08-01T09:58:23.067+0000] {dag.py:3340} INFO - Setting next_dagrun for dataset_produces_1 to 2024-07-31T00:00:00+00:00, run_after=2024-08-01T00:00:00+00:00
[2024-08-01T09:58:23.068+0000] {logging_mixin.py:120} INFO - [2024-08-01T09:58:23.068+0000] {dag.py:3340} INFO - Setting next_dagrun for dataset_produces_2 to None, run_after=None
[2024-08-01T09:58:23.096+0000] {processor.py:176} INFO - Processing /home/airflow/.local/lib/python3.7/site-packages/airflow/example_dags/example_datasets.py took 0.115 seconds
[2024-08-01T09:58:53.633+0000] {processor.py:154} INFO - Started process (PID=7366) to work on /home/airflow/.local/lib/python3.7/site-packages/airflow/example_dags/example_datasets.py
[2024-08-01T09:58:53.634+0000] {processor.py:756} INFO - Processing file /home/airflow/.local/lib/python3.7/site-packages/airflow/example_dags/example_datasets.py for tasks to queue
[2024-08-01T09:58:53.635+0000] {logging_mixin.py:120} INFO - [2024-08-01T09:58:53.635+0000] {dagbag.py:537} INFO - Filling up the DagBag from /home/airflow/.local/lib/python3.7/site-packages/airflow/example_dags/example_datasets.py
[2024-08-01T09:58:53.650+0000] {processor.py:766} INFO - DAG(s) dict_keys(['dataset_produces_1', 'dataset_consumes_1', 'dataset_consumes_1_and_2', 'dataset_consumes_unknown_never_scheduled', 'dataset_produces_2', 'dataset_consumes_1_never_scheduled']) retrieved from /home/airflow/.local/lib/python3.7/site-packages/airflow/example_dags/example_datasets.py
[2024-08-01T09:58:53.700+0000] {logging_mixin.py:120} INFO - [2024-08-01T09:58:53.700+0000] {dag.py:2585} INFO - Sync 6 DAGs
[2024-08-01T09:58:53.722+0000] {logging_mixin.py:120} INFO - [2024-08-01T09:58:53.722+0000] {dag.py:3340} INFO - Setting next_dagrun for dataset_consumes_1 to None, run_after=None
[2024-08-01T09:58:53.726+0000] {logging_mixin.py:120} INFO - [2024-08-01T09:58:53.725+0000] {dag.py:3340} INFO - Setting next_dagrun for dataset_consumes_1_and_2 to None, run_after=None
[2024-08-01T09:58:53.728+0000] {logging_mixin.py:120} INFO - [2024-08-01T09:58:53.727+0000] {dag.py:3340} INFO - Setting next_dagrun for dataset_consumes_1_never_scheduled to None, run_after=None
[2024-08-01T09:58:53.729+0000] {logging_mixin.py:120} INFO - [2024-08-01T09:58:53.729+0000] {dag.py:3340} INFO - Setting next_dagrun for dataset_consumes_unknown_never_scheduled to None, run_after=None
[2024-08-01T09:58:53.731+0000] {logging_mixin.py:120} INFO - [2024-08-01T09:58:53.731+0000] {dag.py:3340} INFO - Setting next_dagrun for dataset_produces_1 to 2024-07-31T00:00:00+00:00, run_after=2024-08-01T00:00:00+00:00
[2024-08-01T09:58:53.732+0000] {logging_mixin.py:120} INFO - [2024-08-01T09:58:53.732+0000] {dag.py:3340} INFO - Setting next_dagrun for dataset_produces_2 to None, run_after=None
[2024-08-01T09:58:53.758+0000] {processor.py:176} INFO - Processing /home/airflow/.local/lib/python3.7/site-packages/airflow/example_dags/example_datasets.py took 0.128 seconds
[2024-08-01T09:59:24.038+0000] {processor.py:154} INFO - Started process (PID=7431) to work on /home/airflow/.local/lib/python3.7/site-packages/airflow/example_dags/example_datasets.py
[2024-08-01T09:59:24.039+0000] {processor.py:756} INFO - Processing file /home/airflow/.local/lib/python3.7/site-packages/airflow/example_dags/example_datasets.py for tasks to queue
[2024-08-01T09:59:24.040+0000] {logging_mixin.py:120} INFO - [2024-08-01T09:59:24.040+0000] {dagbag.py:537} INFO - Filling up the DagBag from /home/airflow/.local/lib/python3.7/site-packages/airflow/example_dags/example_datasets.py
[2024-08-01T09:59:24.053+0000] {processor.py:766} INFO - DAG(s) dict_keys(['dataset_consumes_1_never_scheduled', 'dataset_consumes_1_and_2', 'dataset_consumes_1', 'dataset_produces_2', 'dataset_consumes_unknown_never_scheduled', 'dataset_produces_1']) retrieved from /home/airflow/.local/lib/python3.7/site-packages/airflow/example_dags/example_datasets.py
[2024-08-01T09:59:24.091+0000] {logging_mixin.py:120} INFO - [2024-08-01T09:59:24.091+0000] {dag.py:2585} INFO - Sync 6 DAGs
[2024-08-01T09:59:24.109+0000] {logging_mixin.py:120} INFO - [2024-08-01T09:59:24.109+0000] {dag.py:3340} INFO - Setting next_dagrun for dataset_consumes_1 to None, run_after=None
[2024-08-01T09:59:24.112+0000] {logging_mixin.py:120} INFO - [2024-08-01T09:59:24.111+0000] {dag.py:3340} INFO - Setting next_dagrun for dataset_consumes_1_and_2 to None, run_after=None
[2024-08-01T09:59:24.129+0000] {logging_mixin.py:120} INFO - [2024-08-01T09:59:24.129+0000] {dag.py:3340} INFO - Setting next_dagrun for dataset_consumes_1_never_scheduled to None, run_after=None
[2024-08-01T09:59:24.130+0000] {logging_mixin.py:120} INFO - [2024-08-01T09:59:24.130+0000] {dag.py:3340} INFO - Setting next_dagrun for dataset_consumes_unknown_never_scheduled to None, run_after=None
[2024-08-01T09:59:24.135+0000] {logging_mixin.py:120} INFO - [2024-08-01T09:59:24.134+0000] {dag.py:3340} INFO - Setting next_dagrun for dataset_produces_1 to 2024-07-31T00:00:00+00:00, run_after=2024-08-01T00:00:00+00:00
[2024-08-01T09:59:24.136+0000] {logging_mixin.py:120} INFO - [2024-08-01T09:59:24.136+0000] {dag.py:3340} INFO - Setting next_dagrun for dataset_produces_2 to None, run_after=None
[2024-08-01T09:59:24.168+0000] {processor.py:176} INFO - Processing /home/airflow/.local/lib/python3.7/site-packages/airflow/example_dags/example_datasets.py took 0.132 seconds
[2024-08-01T09:59:54.863+0000] {processor.py:154} INFO - Started process (PID=7495) to work on /home/airflow/.local/lib/python3.7/site-packages/airflow/example_dags/example_datasets.py
[2024-08-01T09:59:54.864+0000] {processor.py:756} INFO - Processing file /home/airflow/.local/lib/python3.7/site-packages/airflow/example_dags/example_datasets.py for tasks to queue
[2024-08-01T09:59:54.865+0000] {logging_mixin.py:120} INFO - [2024-08-01T09:59:54.865+0000] {dagbag.py:537} INFO - Filling up the DagBag from /home/airflow/.local/lib/python3.7/site-packages/airflow/example_dags/example_datasets.py
[2024-08-01T09:59:54.877+0000] {processor.py:766} INFO - DAG(s) dict_keys(['dataset_produces_1', 'dataset_produces_2', 'dataset_consumes_1', 'dataset_consumes_unknown_never_scheduled', 'dataset_consumes_1_and_2', 'dataset_consumes_1_never_scheduled']) retrieved from /home/airflow/.local/lib/python3.7/site-packages/airflow/example_dags/example_datasets.py
[2024-08-01T09:59:54.915+0000] {logging_mixin.py:120} INFO - [2024-08-01T09:59:54.915+0000] {dag.py:2585} INFO - Sync 6 DAGs
[2024-08-01T09:59:54.935+0000] {logging_mixin.py:120} INFO - [2024-08-01T09:59:54.935+0000] {dag.py:3340} INFO - Setting next_dagrun for dataset_consumes_1 to None, run_after=None
[2024-08-01T09:59:54.938+0000] {logging_mixin.py:120} INFO - [2024-08-01T09:59:54.938+0000] {dag.py:3340} INFO - Setting next_dagrun for dataset_consumes_1_and_2 to None, run_after=None
[2024-08-01T09:59:54.940+0000] {logging_mixin.py:120} INFO - [2024-08-01T09:59:54.940+0000] {dag.py:3340} INFO - Setting next_dagrun for dataset_consumes_1_never_scheduled to None, run_after=None
[2024-08-01T09:59:54.941+0000] {logging_mixin.py:120} INFO - [2024-08-01T09:59:54.941+0000] {dag.py:3340} INFO - Setting next_dagrun for dataset_consumes_unknown_never_scheduled to None, run_after=None
[2024-08-01T09:59:54.944+0000] {logging_mixin.py:120} INFO - [2024-08-01T09:59:54.944+0000] {dag.py:3340} INFO - Setting next_dagrun for dataset_produces_1 to 2024-07-31T00:00:00+00:00, run_after=2024-08-01T00:00:00+00:00
[2024-08-01T09:59:54.945+0000] {logging_mixin.py:120} INFO - [2024-08-01T09:59:54.945+0000] {dag.py:3340} INFO - Setting next_dagrun for dataset_produces_2 to None, run_after=None
[2024-08-01T09:59:54.972+0000] {processor.py:176} INFO - Processing /home/airflow/.local/lib/python3.7/site-packages/airflow/example_dags/example_datasets.py took 0.111 seconds
[2024-08-01T10:00:25.168+0000] {processor.py:154} INFO - Started process (PID=7560) to work on /home/airflow/.local/lib/python3.7/site-packages/airflow/example_dags/example_datasets.py
[2024-08-01T10:00:25.169+0000] {processor.py:756} INFO - Processing file /home/airflow/.local/lib/python3.7/site-packages/airflow/example_dags/example_datasets.py for tasks to queue
[2024-08-01T10:00:25.170+0000] {logging_mixin.py:120} INFO - [2024-08-01T10:00:25.170+0000] {dagbag.py:537} INFO - Filling up the DagBag from /home/airflow/.local/lib/python3.7/site-packages/airflow/example_dags/example_datasets.py
[2024-08-01T10:00:25.184+0000] {processor.py:766} INFO - DAG(s) dict_keys(['dataset_produces_2', 'dataset_consumes_1_never_scheduled', 'dataset_consumes_1_and_2', 'dataset_consumes_1', 'dataset_produces_1', 'dataset_consumes_unknown_never_scheduled']) retrieved from /home/airflow/.local/lib/python3.7/site-packages/airflow/example_dags/example_datasets.py
[2024-08-01T10:00:25.232+0000] {logging_mixin.py:120} INFO - [2024-08-01T10:00:25.232+0000] {dag.py:2585} INFO - Sync 6 DAGs
[2024-08-01T10:00:25.253+0000] {logging_mixin.py:120} INFO - [2024-08-01T10:00:25.253+0000] {dag.py:3340} INFO - Setting next_dagrun for dataset_consumes_1 to None, run_after=None
[2024-08-01T10:00:25.257+0000] {logging_mixin.py:120} INFO - [2024-08-01T10:00:25.257+0000] {dag.py:3340} INFO - Setting next_dagrun for dataset_consumes_1_and_2 to None, run_after=None
[2024-08-01T10:00:25.259+0000] {logging_mixin.py:120} INFO - [2024-08-01T10:00:25.259+0000] {dag.py:3340} INFO - Setting next_dagrun for dataset_consumes_1_never_scheduled to None, run_after=None
[2024-08-01T10:00:25.260+0000] {logging_mixin.py:120} INFO - [2024-08-01T10:00:25.260+0000] {dag.py:3340} INFO - Setting next_dagrun for dataset_consumes_unknown_never_scheduled to None, run_after=None
[2024-08-01T10:00:25.261+0000] {logging_mixin.py:120} INFO - [2024-08-01T10:00:25.261+0000] {dag.py:3340} INFO - Setting next_dagrun for dataset_produces_1 to 2024-07-31T00:00:00+00:00, run_after=2024-08-01T00:00:00+00:00
[2024-08-01T10:00:25.263+0000] {logging_mixin.py:120} INFO - [2024-08-01T10:00:25.262+0000] {dag.py:3340} INFO - Setting next_dagrun for dataset_produces_2 to None, run_after=None
[2024-08-01T10:00:25.287+0000] {processor.py:176} INFO - Processing /home/airflow/.local/lib/python3.7/site-packages/airflow/example_dags/example_datasets.py took 0.122 seconds
[2024-08-01T10:00:55.863+0000] {processor.py:154} INFO - Started process (PID=7616) to work on /home/airflow/.local/lib/python3.7/site-packages/airflow/example_dags/example_datasets.py
[2024-08-01T10:00:55.864+0000] {processor.py:756} INFO - Processing file /home/airflow/.local/lib/python3.7/site-packages/airflow/example_dags/example_datasets.py for tasks to queue
[2024-08-01T10:00:55.865+0000] {logging_mixin.py:120} INFO - [2024-08-01T10:00:55.865+0000] {dagbag.py:537} INFO - Filling up the DagBag from /home/airflow/.local/lib/python3.7/site-packages/airflow/example_dags/example_datasets.py
[2024-08-01T10:00:55.878+0000] {processor.py:766} INFO - DAG(s) dict_keys(['dataset_consumes_1', 'dataset_consumes_1_and_2', 'dataset_consumes_1_never_scheduled', 'dataset_produces_2', 'dataset_produces_1', 'dataset_consumes_unknown_never_scheduled']) retrieved from /home/airflow/.local/lib/python3.7/site-packages/airflow/example_dags/example_datasets.py
[2024-08-01T10:00:55.931+0000] {logging_mixin.py:120} INFO - [2024-08-01T10:00:55.931+0000] {dag.py:2585} INFO - Sync 6 DAGs
[2024-08-01T10:00:55.953+0000] {logging_mixin.py:120} INFO - [2024-08-01T10:00:55.953+0000] {dag.py:3340} INFO - Setting next_dagrun for dataset_consumes_1 to None, run_after=None
[2024-08-01T10:00:55.957+0000] {logging_mixin.py:120} INFO - [2024-08-01T10:00:55.957+0000] {dag.py:3340} INFO - Setting next_dagrun for dataset_consumes_1_and_2 to None, run_after=None
[2024-08-01T10:00:55.959+0000] {logging_mixin.py:120} INFO - [2024-08-01T10:00:55.959+0000] {dag.py:3340} INFO - Setting next_dagrun for dataset_consumes_1_never_scheduled to None, run_after=None
[2024-08-01T10:00:55.960+0000] {logging_mixin.py:120} INFO - [2024-08-01T10:00:55.960+0000] {dag.py:3340} INFO - Setting next_dagrun for dataset_consumes_unknown_never_scheduled to None, run_after=None
[2024-08-01T10:00:55.963+0000] {logging_mixin.py:120} INFO - [2024-08-01T10:00:55.963+0000] {dag.py:3340} INFO - Setting next_dagrun for dataset_produces_1 to 2024-07-31T00:00:00+00:00, run_after=2024-08-01T00:00:00+00:00
[2024-08-01T10:00:55.964+0000] {logging_mixin.py:120} INFO - [2024-08-01T10:00:55.964+0000] {dag.py:3340} INFO - Setting next_dagrun for dataset_produces_2 to None, run_after=None
[2024-08-01T10:00:55.994+0000] {processor.py:176} INFO - Processing /home/airflow/.local/lib/python3.7/site-packages/airflow/example_dags/example_datasets.py took 0.133 seconds
[2024-08-01T10:01:26.160+0000] {processor.py:154} INFO - Started process (PID=7680) to work on /home/airflow/.local/lib/python3.7/site-packages/airflow/example_dags/example_datasets.py
[2024-08-01T10:01:26.162+0000] {processor.py:756} INFO - Processing file /home/airflow/.local/lib/python3.7/site-packages/airflow/example_dags/example_datasets.py for tasks to queue
[2024-08-01T10:01:26.163+0000] {logging_mixin.py:120} INFO - [2024-08-01T10:01:26.163+0000] {dagbag.py:537} INFO - Filling up the DagBag from /home/airflow/.local/lib/python3.7/site-packages/airflow/example_dags/example_datasets.py
[2024-08-01T10:01:26.174+0000] {processor.py:766} INFO - DAG(s) dict_keys(['dataset_consumes_1_never_scheduled', 'dataset_produces_1', 'dataset_consumes_unknown_never_scheduled', 'dataset_produces_2', 'dataset_consumes_1', 'dataset_consumes_1_and_2']) retrieved from /home/airflow/.local/lib/python3.7/site-packages/airflow/example_dags/example_datasets.py
[2024-08-01T10:01:26.215+0000] {logging_mixin.py:120} INFO - [2024-08-01T10:01:26.215+0000] {dag.py:2585} INFO - Sync 6 DAGs
[2024-08-01T10:01:26.235+0000] {logging_mixin.py:120} INFO - [2024-08-01T10:01:26.234+0000] {dag.py:3340} INFO - Setting next_dagrun for dataset_consumes_1 to None, run_after=None
[2024-08-01T10:01:26.238+0000] {logging_mixin.py:120} INFO - [2024-08-01T10:01:26.237+0000] {dag.py:3340} INFO - Setting next_dagrun for dataset_consumes_1_and_2 to None, run_after=None
[2024-08-01T10:01:26.239+0000] {logging_mixin.py:120} INFO - [2024-08-01T10:01:26.239+0000] {dag.py:3340} INFO - Setting next_dagrun for dataset_consumes_1_never_scheduled to None, run_after=None
[2024-08-01T10:01:26.240+0000] {logging_mixin.py:120} INFO - [2024-08-01T10:01:26.240+0000] {dag.py:3340} INFO - Setting next_dagrun for dataset_consumes_unknown_never_scheduled to None, run_after=None
[2024-08-01T10:01:26.242+0000] {logging_mixin.py:120} INFO - [2024-08-01T10:01:26.242+0000] {dag.py:3340} INFO - Setting next_dagrun for dataset_produces_1 to 2024-07-31T00:00:00+00:00, run_after=2024-08-01T00:00:00+00:00
[2024-08-01T10:01:26.243+0000] {logging_mixin.py:120} INFO - [2024-08-01T10:01:26.243+0000] {dag.py:3340} INFO - Setting next_dagrun for dataset_produces_2 to None, run_after=None
[2024-08-01T10:01:26.267+0000] {processor.py:176} INFO - Processing /home/airflow/.local/lib/python3.7/site-packages/airflow/example_dags/example_datasets.py took 0.110 seconds
[2024-08-01T10:01:56.787+0000] {processor.py:154} INFO - Started process (PID=7744) to work on /home/airflow/.local/lib/python3.7/site-packages/airflow/example_dags/example_datasets.py
[2024-08-01T10:01:56.788+0000] {processor.py:756} INFO - Processing file /home/airflow/.local/lib/python3.7/site-packages/airflow/example_dags/example_datasets.py for tasks to queue
[2024-08-01T10:01:56.789+0000] {logging_mixin.py:120} INFO - [2024-08-01T10:01:56.789+0000] {dagbag.py:537} INFO - Filling up the DagBag from /home/airflow/.local/lib/python3.7/site-packages/airflow/example_dags/example_datasets.py
[2024-08-01T10:01:56.801+0000] {processor.py:766} INFO - DAG(s) dict_keys(['dataset_produces_2', 'dataset_consumes_unknown_never_scheduled', 'dataset_consumes_1', 'dataset_consumes_1_never_scheduled', 'dataset_consumes_1_and_2', 'dataset_produces_1']) retrieved from /home/airflow/.local/lib/python3.7/site-packages/airflow/example_dags/example_datasets.py
[2024-08-01T10:01:56.856+0000] {logging_mixin.py:120} INFO - [2024-08-01T10:01:56.856+0000] {dag.py:2585} INFO - Sync 6 DAGs
[2024-08-01T10:01:56.877+0000] {logging_mixin.py:120} INFO - [2024-08-01T10:01:56.877+0000] {dag.py:3340} INFO - Setting next_dagrun for dataset_consumes_1 to None, run_after=None
[2024-08-01T10:01:56.882+0000] {logging_mixin.py:120} INFO - [2024-08-01T10:01:56.882+0000] {dag.py:3340} INFO - Setting next_dagrun for dataset_consumes_1_and_2 to None, run_after=None
[2024-08-01T10:01:56.885+0000] {logging_mixin.py:120} INFO - [2024-08-01T10:01:56.884+0000] {dag.py:3340} INFO - Setting next_dagrun for dataset_consumes_1_never_scheduled to None, run_after=None
[2024-08-01T10:01:56.887+0000] {logging_mixin.py:120} INFO - [2024-08-01T10:01:56.887+0000] {dag.py:3340} INFO - Setting next_dagrun for dataset_consumes_unknown_never_scheduled to None, run_after=None
[2024-08-01T10:01:56.889+0000] {logging_mixin.py:120} INFO - [2024-08-01T10:01:56.889+0000] {dag.py:3340} INFO - Setting next_dagrun for dataset_produces_1 to 2024-07-31T00:00:00+00:00, run_after=2024-08-01T00:00:00+00:00
[2024-08-01T10:01:56.890+0000] {logging_mixin.py:120} INFO - [2024-08-01T10:01:56.890+0000] {dag.py:3340} INFO - Setting next_dagrun for dataset_produces_2 to None, run_after=None
[2024-08-01T10:01:56.924+0000] {processor.py:176} INFO - Processing /home/airflow/.local/lib/python3.7/site-packages/airflow/example_dags/example_datasets.py took 0.139 seconds
[2024-08-01T10:02:29.009+0000] {processor.py:154} INFO - Started process (PID=7808) to work on /home/airflow/.local/lib/python3.7/site-packages/airflow/example_dags/example_datasets.py
[2024-08-01T10:02:29.021+0000] {processor.py:756} INFO - Processing file /home/airflow/.local/lib/python3.7/site-packages/airflow/example_dags/example_datasets.py for tasks to queue
[2024-08-01T10:02:29.023+0000] {logging_mixin.py:120} INFO - [2024-08-01T10:02:29.023+0000] {dagbag.py:537} INFO - Filling up the DagBag from /home/airflow/.local/lib/python3.7/site-packages/airflow/example_dags/example_datasets.py
[2024-08-01T10:02:29.053+0000] {processor.py:766} INFO - DAG(s) dict_keys(['dataset_consumes_1', 'dataset_consumes_1_and_2', 'dataset_produces_1', 'dataset_produces_2', 'dataset_consumes_unknown_never_scheduled', 'dataset_consumes_1_never_scheduled']) retrieved from /home/airflow/.local/lib/python3.7/site-packages/airflow/example_dags/example_datasets.py
[2024-08-01T10:02:29.151+0000] {logging_mixin.py:120} INFO - [2024-08-01T10:02:29.150+0000] {dag.py:2585} INFO - Sync 6 DAGs
[2024-08-01T10:02:29.194+0000] {logging_mixin.py:120} INFO - [2024-08-01T10:02:29.193+0000] {dag.py:3340} INFO - Setting next_dagrun for dataset_consumes_1 to None, run_after=None
[2024-08-01T10:02:29.204+0000] {logging_mixin.py:120} INFO - [2024-08-01T10:02:29.204+0000] {dag.py:3340} INFO - Setting next_dagrun for dataset_consumes_1_and_2 to None, run_after=None
[2024-08-01T10:02:29.207+0000] {logging_mixin.py:120} INFO - [2024-08-01T10:02:29.207+0000] {dag.py:3340} INFO - Setting next_dagrun for dataset_consumes_1_never_scheduled to None, run_after=None
[2024-08-01T10:02:29.211+0000] {logging_mixin.py:120} INFO - [2024-08-01T10:02:29.210+0000] {dag.py:3340} INFO - Setting next_dagrun for dataset_consumes_unknown_never_scheduled to None, run_after=None
[2024-08-01T10:02:29.215+0000] {logging_mixin.py:120} INFO - [2024-08-01T10:02:29.215+0000] {dag.py:3340} INFO - Setting next_dagrun for dataset_produces_1 to 2024-07-31T00:00:00+00:00, run_after=2024-08-01T00:00:00+00:00
[2024-08-01T10:02:29.220+0000] {logging_mixin.py:120} INFO - [2024-08-01T10:02:29.220+0000] {dag.py:3340} INFO - Setting next_dagrun for dataset_produces_2 to None, run_after=None
[2024-08-01T10:02:29.285+0000] {processor.py:176} INFO - Processing /home/airflow/.local/lib/python3.7/site-packages/airflow/example_dags/example_datasets.py took 0.280 seconds
[2024-08-01T10:02:59.524+0000] {processor.py:154} INFO - Started process (PID=7872) to work on /home/airflow/.local/lib/python3.7/site-packages/airflow/example_dags/example_datasets.py
[2024-08-01T10:02:59.526+0000] {processor.py:756} INFO - Processing file /home/airflow/.local/lib/python3.7/site-packages/airflow/example_dags/example_datasets.py for tasks to queue
[2024-08-01T10:02:59.529+0000] {logging_mixin.py:120} INFO - [2024-08-01T10:02:59.528+0000] {dagbag.py:537} INFO - Filling up the DagBag from /home/airflow/.local/lib/python3.7/site-packages/airflow/example_dags/example_datasets.py
[2024-08-01T10:02:59.546+0000] {processor.py:766} INFO - DAG(s) dict_keys(['dataset_consumes_1_never_scheduled', 'dataset_consumes_unknown_never_scheduled', 'dataset_produces_2', 'dataset_consumes_1', 'dataset_consumes_1_and_2', 'dataset_produces_1']) retrieved from /home/airflow/.local/lib/python3.7/site-packages/airflow/example_dags/example_datasets.py
[2024-08-01T10:02:59.626+0000] {logging_mixin.py:120} INFO - [2024-08-01T10:02:59.626+0000] {dag.py:2585} INFO - Sync 6 DAGs
[2024-08-01T10:02:59.658+0000] {logging_mixin.py:120} INFO - [2024-08-01T10:02:59.658+0000] {dag.py:3340} INFO - Setting next_dagrun for dataset_consumes_1 to None, run_after=None
[2024-08-01T10:02:59.664+0000] {logging_mixin.py:120} INFO - [2024-08-01T10:02:59.664+0000] {dag.py:3340} INFO - Setting next_dagrun for dataset_consumes_1_and_2 to None, run_after=None
[2024-08-01T10:02:59.666+0000] {logging_mixin.py:120} INFO - [2024-08-01T10:02:59.666+0000] {dag.py:3340} INFO - Setting next_dagrun for dataset_consumes_1_never_scheduled to None, run_after=None
[2024-08-01T10:02:59.668+0000] {logging_mixin.py:120} INFO - [2024-08-01T10:02:59.667+0000] {dag.py:3340} INFO - Setting next_dagrun for dataset_consumes_unknown_never_scheduled to None, run_after=None
[2024-08-01T10:02:59.671+0000] {logging_mixin.py:120} INFO - [2024-08-01T10:02:59.671+0000] {dag.py:3340} INFO - Setting next_dagrun for dataset_produces_1 to 2024-07-31T00:00:00+00:00, run_after=2024-08-01T00:00:00+00:00
[2024-08-01T10:02:59.674+0000] {logging_mixin.py:120} INFO - [2024-08-01T10:02:59.673+0000] {dag.py:3340} INFO - Setting next_dagrun for dataset_produces_2 to None, run_after=None
[2024-08-01T10:02:59.712+0000] {processor.py:176} INFO - Processing /home/airflow/.local/lib/python3.7/site-packages/airflow/example_dags/example_datasets.py took 0.193 seconds
[2024-08-01T10:03:30.025+0000] {processor.py:154} INFO - Started process (PID=7927) to work on /home/airflow/.local/lib/python3.7/site-packages/airflow/example_dags/example_datasets.py
[2024-08-01T10:03:30.026+0000] {processor.py:756} INFO - Processing file /home/airflow/.local/lib/python3.7/site-packages/airflow/example_dags/example_datasets.py for tasks to queue
[2024-08-01T10:03:30.027+0000] {logging_mixin.py:120} INFO - [2024-08-01T10:03:30.027+0000] {dagbag.py:537} INFO - Filling up the DagBag from /home/airflow/.local/lib/python3.7/site-packages/airflow/example_dags/example_datasets.py
[2024-08-01T10:03:30.041+0000] {processor.py:766} INFO - DAG(s) dict_keys(['dataset_consumes_1_never_scheduled', 'dataset_produces_2', 'dataset_consumes_1_and_2', 'dataset_consumes_unknown_never_scheduled', 'dataset_consumes_1', 'dataset_produces_1']) retrieved from /home/airflow/.local/lib/python3.7/site-packages/airflow/example_dags/example_datasets.py
[2024-08-01T10:03:30.086+0000] {logging_mixin.py:120} INFO - [2024-08-01T10:03:30.086+0000] {dag.py:2585} INFO - Sync 6 DAGs
[2024-08-01T10:03:30.111+0000] {logging_mixin.py:120} INFO - [2024-08-01T10:03:30.111+0000] {dag.py:3340} INFO - Setting next_dagrun for dataset_consumes_1 to None, run_after=None
[2024-08-01T10:03:30.115+0000] {logging_mixin.py:120} INFO - [2024-08-01T10:03:30.114+0000] {dag.py:3340} INFO - Setting next_dagrun for dataset_consumes_1_and_2 to None, run_after=None
[2024-08-01T10:03:30.116+0000] {logging_mixin.py:120} INFO - [2024-08-01T10:03:30.116+0000] {dag.py:3340} INFO - Setting next_dagrun for dataset_consumes_1_never_scheduled to None, run_after=None
[2024-08-01T10:03:30.117+0000] {logging_mixin.py:120} INFO - [2024-08-01T10:03:30.117+0000] {dag.py:3340} INFO - Setting next_dagrun for dataset_consumes_unknown_never_scheduled to None, run_after=None
[2024-08-01T10:03:30.119+0000] {logging_mixin.py:120} INFO - [2024-08-01T10:03:30.119+0000] {dag.py:3340} INFO - Setting next_dagrun for dataset_produces_1 to 2024-07-31T00:00:00+00:00, run_after=2024-08-01T00:00:00+00:00
[2024-08-01T10:03:30.121+0000] {logging_mixin.py:120} INFO - [2024-08-01T10:03:30.121+0000] {dag.py:3340} INFO - Setting next_dagrun for dataset_produces_2 to None, run_after=None
[2024-08-01T10:03:30.146+0000] {processor.py:176} INFO - Processing /home/airflow/.local/lib/python3.7/site-packages/airflow/example_dags/example_datasets.py took 0.123 seconds
[2024-08-01T10:04:01.441+0000] {processor.py:154} INFO - Started process (PID=7991) to work on /home/airflow/.local/lib/python3.7/site-packages/airflow/example_dags/example_datasets.py
[2024-08-01T10:04:01.442+0000] {processor.py:756} INFO - Processing file /home/airflow/.local/lib/python3.7/site-packages/airflow/example_dags/example_datasets.py for tasks to queue
[2024-08-01T10:04:01.444+0000] {logging_mixin.py:120} INFO - [2024-08-01T10:04:01.444+0000] {dagbag.py:537} INFO - Filling up the DagBag from /home/airflow/.local/lib/python3.7/site-packages/airflow/example_dags/example_datasets.py
[2024-08-01T10:04:01.468+0000] {processor.py:766} INFO - DAG(s) dict_keys(['dataset_consumes_unknown_never_scheduled', 'dataset_consumes_1_and_2', 'dataset_produces_2', 'dataset_produces_1', 'dataset_consumes_1', 'dataset_consumes_1_never_scheduled']) retrieved from /home/airflow/.local/lib/python3.7/site-packages/airflow/example_dags/example_datasets.py
[2024-08-01T10:04:01.549+0000] {logging_mixin.py:120} INFO - [2024-08-01T10:04:01.549+0000] {dag.py:2585} INFO - Sync 6 DAGs
[2024-08-01T10:04:01.581+0000] {logging_mixin.py:120} INFO - [2024-08-01T10:04:01.580+0000] {dag.py:3340} INFO - Setting next_dagrun for dataset_consumes_1 to None, run_after=None
[2024-08-01T10:04:01.586+0000] {logging_mixin.py:120} INFO - [2024-08-01T10:04:01.586+0000] {dag.py:3340} INFO - Setting next_dagrun for dataset_consumes_1_and_2 to None, run_after=None
[2024-08-01T10:04:01.588+0000] {logging_mixin.py:120} INFO - [2024-08-01T10:04:01.588+0000] {dag.py:3340} INFO - Setting next_dagrun for dataset_consumes_1_never_scheduled to None, run_after=None
[2024-08-01T10:04:01.590+0000] {logging_mixin.py:120} INFO - [2024-08-01T10:04:01.590+0000] {dag.py:3340} INFO - Setting next_dagrun for dataset_consumes_unknown_never_scheduled to None, run_after=None
[2024-08-01T10:04:01.594+0000] {logging_mixin.py:120} INFO - [2024-08-01T10:04:01.594+0000] {dag.py:3340} INFO - Setting next_dagrun for dataset_produces_1 to 2024-07-31T00:00:00+00:00, run_after=2024-08-01T00:00:00+00:00
[2024-08-01T10:04:01.597+0000] {logging_mixin.py:120} INFO - [2024-08-01T10:04:01.596+0000] {dag.py:3340} INFO - Setting next_dagrun for dataset_produces_2 to None, run_after=None
[2024-08-01T10:04:01.637+0000] {processor.py:176} INFO - Processing /home/airflow/.local/lib/python3.7/site-packages/airflow/example_dags/example_datasets.py took 0.200 seconds
[2024-08-01T10:04:33.432+0000] {processor.py:154} INFO - Started process (PID=8055) to work on /home/airflow/.local/lib/python3.7/site-packages/airflow/example_dags/example_datasets.py
[2024-08-01T10:04:33.438+0000] {processor.py:756} INFO - Processing file /home/airflow/.local/lib/python3.7/site-packages/airflow/example_dags/example_datasets.py for tasks to queue
[2024-08-01T10:04:33.441+0000] {logging_mixin.py:120} INFO - [2024-08-01T10:04:33.440+0000] {dagbag.py:537} INFO - Filling up the DagBag from /home/airflow/.local/lib/python3.7/site-packages/airflow/example_dags/example_datasets.py
[2024-08-01T10:04:33.497+0000] {processor.py:766} INFO - DAG(s) dict_keys(['dataset_consumes_1_and_2', 'dataset_consumes_unknown_never_scheduled', 'dataset_produces_2', 'dataset_consumes_1', 'dataset_consumes_1_never_scheduled', 'dataset_produces_1']) retrieved from /home/airflow/.local/lib/python3.7/site-packages/airflow/example_dags/example_datasets.py
[2024-08-01T10:04:33.643+0000] {logging_mixin.py:120} INFO - [2024-08-01T10:04:33.642+0000] {dag.py:2585} INFO - Sync 6 DAGs
[2024-08-01T10:04:33.739+0000] {logging_mixin.py:120} INFO - [2024-08-01T10:04:33.738+0000] {dag.py:3340} INFO - Setting next_dagrun for dataset_consumes_1 to None, run_after=None
[2024-08-01T10:04:33.747+0000] {logging_mixin.py:120} INFO - [2024-08-01T10:04:33.747+0000] {dag.py:3340} INFO - Setting next_dagrun for dataset_consumes_1_and_2 to None, run_after=None
[2024-08-01T10:04:33.788+0000] {logging_mixin.py:120} INFO - [2024-08-01T10:04:33.787+0000] {dag.py:3340} INFO - Setting next_dagrun for dataset_consumes_1_never_scheduled to None, run_after=None
[2024-08-01T10:04:33.853+0000] {logging_mixin.py:120} INFO - [2024-08-01T10:04:33.853+0000] {dag.py:3340} INFO - Setting next_dagrun for dataset_consumes_unknown_never_scheduled to None, run_after=None
[2024-08-01T10:04:33.933+0000] {logging_mixin.py:120} INFO - [2024-08-01T10:04:33.932+0000] {dag.py:3340} INFO - Setting next_dagrun for dataset_produces_1 to 2024-07-31T00:00:00+00:00, run_after=2024-08-01T00:00:00+00:00
[2024-08-01T10:04:34.041+0000] {logging_mixin.py:120} INFO - [2024-08-01T10:04:34.041+0000] {dag.py:3340} INFO - Setting next_dagrun for dataset_produces_2 to None, run_after=None
[2024-08-01T10:04:34.293+0000] {processor.py:176} INFO - Processing /home/airflow/.local/lib/python3.7/site-packages/airflow/example_dags/example_datasets.py took 0.866 seconds
[2024-08-01T10:05:04.848+0000] {processor.py:154} INFO - Started process (PID=8111) to work on /home/airflow/.local/lib/python3.7/site-packages/airflow/example_dags/example_datasets.py
[2024-08-01T10:05:04.849+0000] {processor.py:756} INFO - Processing file /home/airflow/.local/lib/python3.7/site-packages/airflow/example_dags/example_datasets.py for tasks to queue
[2024-08-01T10:05:04.849+0000] {logging_mixin.py:120} INFO - [2024-08-01T10:05:04.849+0000] {dagbag.py:537} INFO - Filling up the DagBag from /home/airflow/.local/lib/python3.7/site-packages/airflow/example_dags/example_datasets.py
[2024-08-01T10:05:04.862+0000] {processor.py:766} INFO - DAG(s) dict_keys(['dataset_consumes_unknown_never_scheduled', 'dataset_produces_2', 'dataset_consumes_1', 'dataset_consumes_1_and_2', 'dataset_produces_1', 'dataset_consumes_1_never_scheduled']) retrieved from /home/airflow/.local/lib/python3.7/site-packages/airflow/example_dags/example_datasets.py
[2024-08-01T10:05:04.907+0000] {logging_mixin.py:120} INFO - [2024-08-01T10:05:04.907+0000] {dag.py:2585} INFO - Sync 6 DAGs
[2024-08-01T10:05:04.934+0000] {logging_mixin.py:120} INFO - [2024-08-01T10:05:04.934+0000] {dag.py:3340} INFO - Setting next_dagrun for dataset_consumes_1 to None, run_after=None
[2024-08-01T10:05:04.937+0000] {logging_mixin.py:120} INFO - [2024-08-01T10:05:04.937+0000] {dag.py:3340} INFO - Setting next_dagrun for dataset_consumes_1_and_2 to None, run_after=None
[2024-08-01T10:05:04.938+0000] {logging_mixin.py:120} INFO - [2024-08-01T10:05:04.938+0000] {dag.py:3340} INFO - Setting next_dagrun for dataset_consumes_1_never_scheduled to None, run_after=None
[2024-08-01T10:05:04.939+0000] {logging_mixin.py:120} INFO - [2024-08-01T10:05:04.939+0000] {dag.py:3340} INFO - Setting next_dagrun for dataset_consumes_unknown_never_scheduled to None, run_after=None
[2024-08-01T10:05:04.941+0000] {logging_mixin.py:120} INFO - [2024-08-01T10:05:04.941+0000] {dag.py:3340} INFO - Setting next_dagrun for dataset_produces_1 to 2024-07-31T00:00:00+00:00, run_after=2024-08-01T00:00:00+00:00
[2024-08-01T10:05:04.943+0000] {logging_mixin.py:120} INFO - [2024-08-01T10:05:04.943+0000] {dag.py:3340} INFO - Setting next_dagrun for dataset_produces_2 to None, run_after=None
[2024-08-01T10:05:04.978+0000] {processor.py:176} INFO - Processing /home/airflow/.local/lib/python3.7/site-packages/airflow/example_dags/example_datasets.py took 0.134 seconds
[2024-08-01T10:05:36.616+0000] {processor.py:154} INFO - Started process (PID=8174) to work on /home/airflow/.local/lib/python3.7/site-packages/airflow/example_dags/example_datasets.py
[2024-08-01T10:05:36.617+0000] {processor.py:756} INFO - Processing file /home/airflow/.local/lib/python3.7/site-packages/airflow/example_dags/example_datasets.py for tasks to queue
[2024-08-01T10:05:36.618+0000] {logging_mixin.py:120} INFO - [2024-08-01T10:05:36.618+0000] {dagbag.py:537} INFO - Filling up the DagBag from /home/airflow/.local/lib/python3.7/site-packages/airflow/example_dags/example_datasets.py
[2024-08-01T10:05:36.631+0000] {processor.py:766} INFO - DAG(s) dict_keys(['dataset_produces_2', 'dataset_consumes_1', 'dataset_consumes_1_and_2', 'dataset_consumes_unknown_never_scheduled', 'dataset_consumes_1_never_scheduled', 'dataset_produces_1']) retrieved from /home/airflow/.local/lib/python3.7/site-packages/airflow/example_dags/example_datasets.py
[2024-08-01T10:05:36.684+0000] {logging_mixin.py:120} INFO - [2024-08-01T10:05:36.683+0000] {dag.py:2585} INFO - Sync 6 DAGs
[2024-08-01T10:05:36.706+0000] {logging_mixin.py:120} INFO - [2024-08-01T10:05:36.706+0000] {dag.py:3340} INFO - Setting next_dagrun for dataset_consumes_1 to None, run_after=None
[2024-08-01T10:05:36.711+0000] {logging_mixin.py:120} INFO - [2024-08-01T10:05:36.710+0000] {dag.py:3340} INFO - Setting next_dagrun for dataset_consumes_1_and_2 to None, run_after=None
[2024-08-01T10:05:36.713+0000] {logging_mixin.py:120} INFO - [2024-08-01T10:05:36.712+0000] {dag.py:3340} INFO - Setting next_dagrun for dataset_consumes_1_never_scheduled to None, run_after=None
[2024-08-01T10:05:36.715+0000] {logging_mixin.py:120} INFO - [2024-08-01T10:05:36.715+0000] {dag.py:3340} INFO - Setting next_dagrun for dataset_consumes_unknown_never_scheduled to None, run_after=None
[2024-08-01T10:05:36.718+0000] {logging_mixin.py:120} INFO - [2024-08-01T10:05:36.718+0000] {dag.py:3340} INFO - Setting next_dagrun for dataset_produces_1 to 2024-07-31T00:00:00+00:00, run_after=2024-08-01T00:00:00+00:00
[2024-08-01T10:05:36.719+0000] {logging_mixin.py:120} INFO - [2024-08-01T10:05:36.719+0000] {dag.py:3340} INFO - Setting next_dagrun for dataset_produces_2 to None, run_after=None
[2024-08-01T10:05:36.760+0000] {processor.py:176} INFO - Processing /home/airflow/.local/lib/python3.7/site-packages/airflow/example_dags/example_datasets.py took 0.146 seconds
[2024-08-01T10:06:06.932+0000] {processor.py:154} INFO - Started process (PID=8238) to work on /home/airflow/.local/lib/python3.7/site-packages/airflow/example_dags/example_datasets.py
[2024-08-01T10:06:06.933+0000] {processor.py:756} INFO - Processing file /home/airflow/.local/lib/python3.7/site-packages/airflow/example_dags/example_datasets.py for tasks to queue
[2024-08-01T10:06:06.934+0000] {logging_mixin.py:120} INFO - [2024-08-01T10:06:06.934+0000] {dagbag.py:537} INFO - Filling up the DagBag from /home/airflow/.local/lib/python3.7/site-packages/airflow/example_dags/example_datasets.py
[2024-08-01T10:06:06.948+0000] {processor.py:766} INFO - DAG(s) dict_keys(['dataset_produces_1', 'dataset_consumes_1', 'dataset_consumes_1_never_scheduled', 'dataset_consumes_unknown_never_scheduled', 'dataset_produces_2', 'dataset_consumes_1_and_2']) retrieved from /home/airflow/.local/lib/python3.7/site-packages/airflow/example_dags/example_datasets.py
[2024-08-01T10:06:07.002+0000] {logging_mixin.py:120} INFO - [2024-08-01T10:06:07.002+0000] {dag.py:2585} INFO - Sync 6 DAGs
[2024-08-01T10:06:07.028+0000] {logging_mixin.py:120} INFO - [2024-08-01T10:06:07.028+0000] {dag.py:3340} INFO - Setting next_dagrun for dataset_consumes_1 to None, run_after=None
[2024-08-01T10:06:07.033+0000] {logging_mixin.py:120} INFO - [2024-08-01T10:06:07.033+0000] {dag.py:3340} INFO - Setting next_dagrun for dataset_consumes_1_and_2 to None, run_after=None
[2024-08-01T10:06:07.035+0000] {logging_mixin.py:120} INFO - [2024-08-01T10:06:07.035+0000] {dag.py:3340} INFO - Setting next_dagrun for dataset_consumes_1_never_scheduled to None, run_after=None
[2024-08-01T10:06:07.037+0000] {logging_mixin.py:120} INFO - [2024-08-01T10:06:07.037+0000] {dag.py:3340} INFO - Setting next_dagrun for dataset_consumes_unknown_never_scheduled to None, run_after=None
[2024-08-01T10:06:07.041+0000] {logging_mixin.py:120} INFO - [2024-08-01T10:06:07.040+0000] {dag.py:3340} INFO - Setting next_dagrun for dataset_produces_1 to 2024-07-31T00:00:00+00:00, run_after=2024-08-01T00:00:00+00:00
[2024-08-01T10:06:07.044+0000] {logging_mixin.py:120} INFO - [2024-08-01T10:06:07.044+0000] {dag.py:3340} INFO - Setting next_dagrun for dataset_produces_2 to None, run_after=None
[2024-08-01T10:06:07.143+0000] {processor.py:176} INFO - Processing /home/airflow/.local/lib/python3.7/site-packages/airflow/example_dags/example_datasets.py took 0.215 seconds
[2024-08-01T10:06:37.428+0000] {processor.py:154} INFO - Started process (PID=8293) to work on /home/airflow/.local/lib/python3.7/site-packages/airflow/example_dags/example_datasets.py
[2024-08-01T10:06:37.430+0000] {processor.py:756} INFO - Processing file /home/airflow/.local/lib/python3.7/site-packages/airflow/example_dags/example_datasets.py for tasks to queue
[2024-08-01T10:06:37.432+0000] {logging_mixin.py:120} INFO - [2024-08-01T10:06:37.432+0000] {dagbag.py:537} INFO - Filling up the DagBag from /home/airflow/.local/lib/python3.7/site-packages/airflow/example_dags/example_datasets.py
[2024-08-01T10:06:37.454+0000] {processor.py:766} INFO - DAG(s) dict_keys(['dataset_consumes_1_and_2', 'dataset_produces_1', 'dataset_consumes_1_never_scheduled', 'dataset_produces_2', 'dataset_consumes_1', 'dataset_consumes_unknown_never_scheduled']) retrieved from /home/airflow/.local/lib/python3.7/site-packages/airflow/example_dags/example_datasets.py
[2024-08-01T10:06:37.516+0000] {logging_mixin.py:120} INFO - [2024-08-01T10:06:37.516+0000] {dag.py:2585} INFO - Sync 6 DAGs
[2024-08-01T10:06:37.542+0000] {logging_mixin.py:120} INFO - [2024-08-01T10:06:37.542+0000] {dag.py:3340} INFO - Setting next_dagrun for dataset_consumes_1 to None, run_after=None
[2024-08-01T10:06:37.546+0000] {logging_mixin.py:120} INFO - [2024-08-01T10:06:37.546+0000] {dag.py:3340} INFO - Setting next_dagrun for dataset_consumes_1_and_2 to None, run_after=None
[2024-08-01T10:06:37.548+0000] {logging_mixin.py:120} INFO - [2024-08-01T10:06:37.548+0000] {dag.py:3340} INFO - Setting next_dagrun for dataset_consumes_1_never_scheduled to None, run_after=None
[2024-08-01T10:06:37.550+0000] {logging_mixin.py:120} INFO - [2024-08-01T10:06:37.550+0000] {dag.py:3340} INFO - Setting next_dagrun for dataset_consumes_unknown_never_scheduled to None, run_after=None
[2024-08-01T10:06:37.553+0000] {logging_mixin.py:120} INFO - [2024-08-01T10:06:37.553+0000] {dag.py:3340} INFO - Setting next_dagrun for dataset_produces_1 to 2024-07-31T00:00:00+00:00, run_after=2024-08-01T00:00:00+00:00
[2024-08-01T10:06:37.555+0000] {logging_mixin.py:120} INFO - [2024-08-01T10:06:37.554+0000] {dag.py:3340} INFO - Setting next_dagrun for dataset_produces_2 to None, run_after=None
[2024-08-01T10:06:37.588+0000] {processor.py:176} INFO - Processing /home/airflow/.local/lib/python3.7/site-packages/airflow/example_dags/example_datasets.py took 0.164 seconds
[2024-08-01T10:07:07.769+0000] {processor.py:154} INFO - Started process (PID=8357) to work on /home/airflow/.local/lib/python3.7/site-packages/airflow/example_dags/example_datasets.py
[2024-08-01T10:07:07.770+0000] {processor.py:756} INFO - Processing file /home/airflow/.local/lib/python3.7/site-packages/airflow/example_dags/example_datasets.py for tasks to queue
[2024-08-01T10:07:07.771+0000] {logging_mixin.py:120} INFO - [2024-08-01T10:07:07.771+0000] {dagbag.py:537} INFO - Filling up the DagBag from /home/airflow/.local/lib/python3.7/site-packages/airflow/example_dags/example_datasets.py
[2024-08-01T10:07:07.788+0000] {processor.py:766} INFO - DAG(s) dict_keys(['dataset_consumes_unknown_never_scheduled', 'dataset_produces_2', 'dataset_produces_1', 'dataset_consumes_1_and_2', 'dataset_consumes_1_never_scheduled', 'dataset_consumes_1']) retrieved from /home/airflow/.local/lib/python3.7/site-packages/airflow/example_dags/example_datasets.py
[2024-08-01T10:07:07.862+0000] {logging_mixin.py:120} INFO - [2024-08-01T10:07:07.862+0000] {dag.py:2585} INFO - Sync 6 DAGs
[2024-08-01T10:07:07.896+0000] {logging_mixin.py:120} INFO - [2024-08-01T10:07:07.896+0000] {dag.py:3340} INFO - Setting next_dagrun for dataset_consumes_1 to None, run_after=None
[2024-08-01T10:07:07.900+0000] {logging_mixin.py:120} INFO - [2024-08-01T10:07:07.900+0000] {dag.py:3340} INFO - Setting next_dagrun for dataset_consumes_1_and_2 to None, run_after=None
[2024-08-01T10:07:07.902+0000] {logging_mixin.py:120} INFO - [2024-08-01T10:07:07.902+0000] {dag.py:3340} INFO - Setting next_dagrun for dataset_consumes_1_never_scheduled to None, run_after=None
[2024-08-01T10:07:07.903+0000] {logging_mixin.py:120} INFO - [2024-08-01T10:07:07.903+0000] {dag.py:3340} INFO - Setting next_dagrun for dataset_consumes_unknown_never_scheduled to None, run_after=None
[2024-08-01T10:07:07.907+0000] {logging_mixin.py:120} INFO - [2024-08-01T10:07:07.906+0000] {dag.py:3340} INFO - Setting next_dagrun for dataset_produces_1 to 2024-07-31T00:00:00+00:00, run_after=2024-08-01T00:00:00+00:00
[2024-08-01T10:07:07.910+0000] {logging_mixin.py:120} INFO - [2024-08-01T10:07:07.909+0000] {dag.py:3340} INFO - Setting next_dagrun for dataset_produces_2 to None, run_after=None
[2024-08-01T10:07:07.994+0000] {processor.py:176} INFO - Processing /home/airflow/.local/lib/python3.7/site-packages/airflow/example_dags/example_datasets.py took 0.234 seconds
[2024-08-01T10:07:38.674+0000] {processor.py:154} INFO - Started process (PID=8420) to work on /home/airflow/.local/lib/python3.7/site-packages/airflow/example_dags/example_datasets.py
[2024-08-01T10:07:38.676+0000] {processor.py:756} INFO - Processing file /home/airflow/.local/lib/python3.7/site-packages/airflow/example_dags/example_datasets.py for tasks to queue
[2024-08-01T10:07:38.678+0000] {logging_mixin.py:120} INFO - [2024-08-01T10:07:38.677+0000] {dagbag.py:537} INFO - Filling up the DagBag from /home/airflow/.local/lib/python3.7/site-packages/airflow/example_dags/example_datasets.py
[2024-08-01T10:07:38.701+0000] {processor.py:766} INFO - DAG(s) dict_keys(['dataset_consumes_unknown_never_scheduled', 'dataset_produces_1', 'dataset_consumes_1_never_scheduled', 'dataset_produces_2', 'dataset_consumes_1_and_2', 'dataset_consumes_1']) retrieved from /home/airflow/.local/lib/python3.7/site-packages/airflow/example_dags/example_datasets.py
[2024-08-01T10:07:38.766+0000] {logging_mixin.py:120} INFO - [2024-08-01T10:07:38.766+0000] {dag.py:2585} INFO - Sync 6 DAGs
[2024-08-01T10:07:38.793+0000] {logging_mixin.py:120} INFO - [2024-08-01T10:07:38.793+0000] {dag.py:3340} INFO - Setting next_dagrun for dataset_consumes_1 to None, run_after=None
[2024-08-01T10:07:38.797+0000] {logging_mixin.py:120} INFO - [2024-08-01T10:07:38.797+0000] {dag.py:3340} INFO - Setting next_dagrun for dataset_consumes_1_and_2 to None, run_after=None
[2024-08-01T10:07:38.799+0000] {logging_mixin.py:120} INFO - [2024-08-01T10:07:38.799+0000] {dag.py:3340} INFO - Setting next_dagrun for dataset_consumes_1_never_scheduled to None, run_after=None
[2024-08-01T10:07:38.801+0000] {logging_mixin.py:120} INFO - [2024-08-01T10:07:38.801+0000] {dag.py:3340} INFO - Setting next_dagrun for dataset_consumes_unknown_never_scheduled to None, run_after=None
[2024-08-01T10:07:38.804+0000] {logging_mixin.py:120} INFO - [2024-08-01T10:07:38.804+0000] {dag.py:3340} INFO - Setting next_dagrun for dataset_produces_1 to 2024-07-31T00:00:00+00:00, run_after=2024-08-01T00:00:00+00:00
[2024-08-01T10:07:38.806+0000] {logging_mixin.py:120} INFO - [2024-08-01T10:07:38.806+0000] {dag.py:3340} INFO - Setting next_dagrun for dataset_produces_2 to None, run_after=None
[2024-08-01T10:07:38.844+0000] {processor.py:176} INFO - Processing /home/airflow/.local/lib/python3.7/site-packages/airflow/example_dags/example_datasets.py took 0.172 seconds
[2024-08-01T10:08:09.906+0000] {processor.py:154} INFO - Started process (PID=8484) to work on /home/airflow/.local/lib/python3.7/site-packages/airflow/example_dags/example_datasets.py
[2024-08-01T10:08:09.909+0000] {processor.py:756} INFO - Processing file /home/airflow/.local/lib/python3.7/site-packages/airflow/example_dags/example_datasets.py for tasks to queue
[2024-08-01T10:08:09.910+0000] {logging_mixin.py:120} INFO - [2024-08-01T10:08:09.910+0000] {dagbag.py:537} INFO - Filling up the DagBag from /home/airflow/.local/lib/python3.7/site-packages/airflow/example_dags/example_datasets.py
[2024-08-01T10:08:09.942+0000] {processor.py:766} INFO - DAG(s) dict_keys(['dataset_consumes_1_and_2', 'dataset_produces_2', 'dataset_produces_1', 'dataset_consumes_1', 'dataset_consumes_1_never_scheduled', 'dataset_consumes_unknown_never_scheduled']) retrieved from /home/airflow/.local/lib/python3.7/site-packages/airflow/example_dags/example_datasets.py
[2024-08-01T10:08:10.045+0000] {logging_mixin.py:120} INFO - [2024-08-01T10:08:10.045+0000] {dag.py:2585} INFO - Sync 6 DAGs
[2024-08-01T10:08:10.081+0000] {logging_mixin.py:120} INFO - [2024-08-01T10:08:10.081+0000] {dag.py:3340} INFO - Setting next_dagrun for dataset_consumes_1 to None, run_after=None
[2024-08-01T10:08:10.087+0000] {logging_mixin.py:120} INFO - [2024-08-01T10:08:10.087+0000] {dag.py:3340} INFO - Setting next_dagrun for dataset_consumes_1_and_2 to None, run_after=None
[2024-08-01T10:08:10.090+0000] {logging_mixin.py:120} INFO - [2024-08-01T10:08:10.089+0000] {dag.py:3340} INFO - Setting next_dagrun for dataset_consumes_1_never_scheduled to None, run_after=None
[2024-08-01T10:08:10.092+0000] {logging_mixin.py:120} INFO - [2024-08-01T10:08:10.092+0000] {dag.py:3340} INFO - Setting next_dagrun for dataset_consumes_unknown_never_scheduled to None, run_after=None
[2024-08-01T10:08:10.098+0000] {logging_mixin.py:120} INFO - [2024-08-01T10:08:10.097+0000] {dag.py:3340} INFO - Setting next_dagrun for dataset_produces_1 to 2024-07-31T00:00:00+00:00, run_after=2024-08-01T00:00:00+00:00
[2024-08-01T10:08:10.104+0000] {logging_mixin.py:120} INFO - [2024-08-01T10:08:10.103+0000] {dag.py:3340} INFO - Setting next_dagrun for dataset_produces_2 to None, run_after=None
[2024-08-01T10:08:10.160+0000] {processor.py:176} INFO - Processing /home/airflow/.local/lib/python3.7/site-packages/airflow/example_dags/example_datasets.py took 0.258 seconds
[2024-08-01T10:08:40.843+0000] {processor.py:154} INFO - Started process (PID=8538) to work on /home/airflow/.local/lib/python3.7/site-packages/airflow/example_dags/example_datasets.py
[2024-08-01T10:08:40.846+0000] {processor.py:756} INFO - Processing file /home/airflow/.local/lib/python3.7/site-packages/airflow/example_dags/example_datasets.py for tasks to queue
[2024-08-01T10:08:40.849+0000] {logging_mixin.py:120} INFO - [2024-08-01T10:08:40.848+0000] {dagbag.py:537} INFO - Filling up the DagBag from /home/airflow/.local/lib/python3.7/site-packages/airflow/example_dags/example_datasets.py
[2024-08-01T10:08:40.887+0000] {processor.py:766} INFO - DAG(s) dict_keys(['dataset_consumes_1_and_2', 'dataset_consumes_1_never_scheduled', 'dataset_consumes_unknown_never_scheduled', 'dataset_consumes_1', 'dataset_produces_1', 'dataset_produces_2']) retrieved from /home/airflow/.local/lib/python3.7/site-packages/airflow/example_dags/example_datasets.py
[2024-08-01T10:08:40.980+0000] {logging_mixin.py:120} INFO - [2024-08-01T10:08:40.980+0000] {dag.py:2585} INFO - Sync 6 DAGs
[2024-08-01T10:08:41.017+0000] {logging_mixin.py:120} INFO - [2024-08-01T10:08:41.017+0000] {dag.py:3340} INFO - Setting next_dagrun for dataset_consumes_1 to None, run_after=None
[2024-08-01T10:08:41.025+0000] {logging_mixin.py:120} INFO - [2024-08-01T10:08:41.024+0000] {dag.py:3340} INFO - Setting next_dagrun for dataset_consumes_1_and_2 to None, run_after=None
[2024-08-01T10:08:41.027+0000] {logging_mixin.py:120} INFO - [2024-08-01T10:08:41.027+0000] {dag.py:3340} INFO - Setting next_dagrun for dataset_consumes_1_never_scheduled to None, run_after=None
[2024-08-01T10:08:41.031+0000] {logging_mixin.py:120} INFO - [2024-08-01T10:08:41.030+0000] {dag.py:3340} INFO - Setting next_dagrun for dataset_consumes_unknown_never_scheduled to None, run_after=None
[2024-08-01T10:08:41.038+0000] {logging_mixin.py:120} INFO - [2024-08-01T10:08:41.037+0000] {dag.py:3340} INFO - Setting next_dagrun for dataset_produces_1 to 2024-07-31T00:00:00+00:00, run_after=2024-08-01T00:00:00+00:00
[2024-08-01T10:08:41.111+0000] {logging_mixin.py:120} INFO - [2024-08-01T10:08:41.111+0000] {dag.py:3340} INFO - Setting next_dagrun for dataset_produces_2 to None, run_after=None
[2024-08-01T10:08:41.289+0000] {processor.py:176} INFO - Processing /home/airflow/.local/lib/python3.7/site-packages/airflow/example_dags/example_datasets.py took 0.455 seconds
[2024-08-01T10:09:12.015+0000] {processor.py:154} INFO - Started process (PID=8604) to work on /home/airflow/.local/lib/python3.7/site-packages/airflow/example_dags/example_datasets.py
[2024-08-01T10:09:12.018+0000] {processor.py:756} INFO - Processing file /home/airflow/.local/lib/python3.7/site-packages/airflow/example_dags/example_datasets.py for tasks to queue
[2024-08-01T10:09:12.022+0000] {logging_mixin.py:120} INFO - [2024-08-01T10:09:12.020+0000] {dagbag.py:537} INFO - Filling up the DagBag from /home/airflow/.local/lib/python3.7/site-packages/airflow/example_dags/example_datasets.py
[2024-08-01T10:09:12.064+0000] {processor.py:766} INFO - DAG(s) dict_keys(['dataset_consumes_1_and_2', 'dataset_consumes_1', 'dataset_produces_1', 'dataset_consumes_1_never_scheduled', 'dataset_produces_2', 'dataset_consumes_unknown_never_scheduled']) retrieved from /home/airflow/.local/lib/python3.7/site-packages/airflow/example_dags/example_datasets.py
[2024-08-01T10:09:12.170+0000] {logging_mixin.py:120} INFO - [2024-08-01T10:09:12.170+0000] {dag.py:2585} INFO - Sync 6 DAGs
[2024-08-01T10:09:12.215+0000] {logging_mixin.py:120} INFO - [2024-08-01T10:09:12.215+0000] {dag.py:3340} INFO - Setting next_dagrun for dataset_consumes_1 to None, run_after=None
[2024-08-01T10:09:12.223+0000] {logging_mixin.py:120} INFO - [2024-08-01T10:09:12.222+0000] {dag.py:3340} INFO - Setting next_dagrun for dataset_consumes_1_and_2 to None, run_after=None
[2024-08-01T10:09:12.226+0000] {logging_mixin.py:120} INFO - [2024-08-01T10:09:12.225+0000] {dag.py:3340} INFO - Setting next_dagrun for dataset_consumes_1_never_scheduled to None, run_after=None
[2024-08-01T10:09:12.229+0000] {logging_mixin.py:120} INFO - [2024-08-01T10:09:12.229+0000] {dag.py:3340} INFO - Setting next_dagrun for dataset_consumes_unknown_never_scheduled to None, run_after=None
[2024-08-01T10:09:12.234+0000] {logging_mixin.py:120} INFO - [2024-08-01T10:09:12.233+0000] {dag.py:3340} INFO - Setting next_dagrun for dataset_produces_1 to 2024-07-31T00:00:00+00:00, run_after=2024-08-01T00:00:00+00:00
[2024-08-01T10:09:12.237+0000] {logging_mixin.py:120} INFO - [2024-08-01T10:09:12.236+0000] {dag.py:3340} INFO - Setting next_dagrun for dataset_produces_2 to None, run_after=None
[2024-08-01T10:09:12.293+0000] {processor.py:176} INFO - Processing /home/airflow/.local/lib/python3.7/site-packages/airflow/example_dags/example_datasets.py took 0.284 seconds
[2024-08-01T10:09:42.411+0000] {processor.py:154} INFO - Started process (PID=8669) to work on /home/airflow/.local/lib/python3.7/site-packages/airflow/example_dags/example_datasets.py
[2024-08-01T10:09:42.413+0000] {processor.py:756} INFO - Processing file /home/airflow/.local/lib/python3.7/site-packages/airflow/example_dags/example_datasets.py for tasks to queue
[2024-08-01T10:09:42.414+0000] {logging_mixin.py:120} INFO - [2024-08-01T10:09:42.414+0000] {dagbag.py:537} INFO - Filling up the DagBag from /home/airflow/.local/lib/python3.7/site-packages/airflow/example_dags/example_datasets.py
[2024-08-01T10:09:42.430+0000] {processor.py:766} INFO - DAG(s) dict_keys(['dataset_consumes_1_and_2', 'dataset_produces_1', 'dataset_produces_2', 'dataset_consumes_1', 'dataset_consumes_unknown_never_scheduled', 'dataset_consumes_1_never_scheduled']) retrieved from /home/airflow/.local/lib/python3.7/site-packages/airflow/example_dags/example_datasets.py
[2024-08-01T10:09:42.497+0000] {logging_mixin.py:120} INFO - [2024-08-01T10:09:42.497+0000] {dag.py:2585} INFO - Sync 6 DAGs
[2024-08-01T10:09:42.526+0000] {logging_mixin.py:120} INFO - [2024-08-01T10:09:42.526+0000] {dag.py:3340} INFO - Setting next_dagrun for dataset_consumes_1 to None, run_after=None
[2024-08-01T10:09:42.532+0000] {logging_mixin.py:120} INFO - [2024-08-01T10:09:42.531+0000] {dag.py:3340} INFO - Setting next_dagrun for dataset_consumes_1_and_2 to None, run_after=None
[2024-08-01T10:09:42.535+0000] {logging_mixin.py:120} INFO - [2024-08-01T10:09:42.535+0000] {dag.py:3340} INFO - Setting next_dagrun for dataset_consumes_1_never_scheduled to None, run_after=None
[2024-08-01T10:09:42.537+0000] {logging_mixin.py:120} INFO - [2024-08-01T10:09:42.537+0000] {dag.py:3340} INFO - Setting next_dagrun for dataset_consumes_unknown_never_scheduled to None, run_after=None
[2024-08-01T10:09:42.542+0000] {logging_mixin.py:120} INFO - [2024-08-01T10:09:42.542+0000] {dag.py:3340} INFO - Setting next_dagrun for dataset_produces_1 to 2024-07-31T00:00:00+00:00, run_after=2024-08-01T00:00:00+00:00
[2024-08-01T10:09:42.544+0000] {logging_mixin.py:120} INFO - [2024-08-01T10:09:42.544+0000] {dag.py:3340} INFO - Setting next_dagrun for dataset_produces_2 to None, run_after=None
[2024-08-01T10:09:42.585+0000] {processor.py:176} INFO - Processing /home/airflow/.local/lib/python3.7/site-packages/airflow/example_dags/example_datasets.py took 0.178 seconds
[2024-08-01T10:10:12.904+0000] {processor.py:154} INFO - Started process (PID=8723) to work on /home/airflow/.local/lib/python3.7/site-packages/airflow/example_dags/example_datasets.py
[2024-08-01T10:10:12.906+0000] {processor.py:756} INFO - Processing file /home/airflow/.local/lib/python3.7/site-packages/airflow/example_dags/example_datasets.py for tasks to queue
[2024-08-01T10:10:12.907+0000] {logging_mixin.py:120} INFO - [2024-08-01T10:10:12.907+0000] {dagbag.py:537} INFO - Filling up the DagBag from /home/airflow/.local/lib/python3.7/site-packages/airflow/example_dags/example_datasets.py
[2024-08-01T10:10:12.920+0000] {processor.py:766} INFO - DAG(s) dict_keys(['dataset_produces_1', 'dataset_consumes_1', 'dataset_consumes_1_never_scheduled', 'dataset_consumes_unknown_never_scheduled', 'dataset_consumes_1_and_2', 'dataset_produces_2']) retrieved from /home/airflow/.local/lib/python3.7/site-packages/airflow/example_dags/example_datasets.py
[2024-08-01T10:10:12.967+0000] {logging_mixin.py:120} INFO - [2024-08-01T10:10:12.967+0000] {dag.py:2585} INFO - Sync 6 DAGs
[2024-08-01T10:10:12.987+0000] {logging_mixin.py:120} INFO - [2024-08-01T10:10:12.987+0000] {dag.py:3340} INFO - Setting next_dagrun for dataset_consumes_1 to None, run_after=None
[2024-08-01T10:10:12.990+0000] {logging_mixin.py:120} INFO - [2024-08-01T10:10:12.990+0000] {dag.py:3340} INFO - Setting next_dagrun for dataset_consumes_1_and_2 to None, run_after=None
[2024-08-01T10:10:12.991+0000] {logging_mixin.py:120} INFO - [2024-08-01T10:10:12.991+0000] {dag.py:3340} INFO - Setting next_dagrun for dataset_consumes_1_never_scheduled to None, run_after=None
[2024-08-01T10:10:12.993+0000] {logging_mixin.py:120} INFO - [2024-08-01T10:10:12.992+0000] {dag.py:3340} INFO - Setting next_dagrun for dataset_consumes_unknown_never_scheduled to None, run_after=None
[2024-08-01T10:10:12.995+0000] {logging_mixin.py:120} INFO - [2024-08-01T10:10:12.995+0000] {dag.py:3340} INFO - Setting next_dagrun for dataset_produces_1 to 2024-07-31T00:00:00+00:00, run_after=2024-08-01T00:00:00+00:00
[2024-08-01T10:10:12.996+0000] {logging_mixin.py:120} INFO - [2024-08-01T10:10:12.996+0000] {dag.py:3340} INFO - Setting next_dagrun for dataset_produces_2 to None, run_after=None
[2024-08-01T10:10:13.024+0000] {processor.py:176} INFO - Processing /home/airflow/.local/lib/python3.7/site-packages/airflow/example_dags/example_datasets.py took 0.123 seconds
[2024-08-01T10:10:43.618+0000] {processor.py:154} INFO - Started process (PID=8787) to work on /home/airflow/.local/lib/python3.7/site-packages/airflow/example_dags/example_datasets.py
[2024-08-01T10:10:43.620+0000] {processor.py:756} INFO - Processing file /home/airflow/.local/lib/python3.7/site-packages/airflow/example_dags/example_datasets.py for tasks to queue
[2024-08-01T10:10:43.621+0000] {logging_mixin.py:120} INFO - [2024-08-01T10:10:43.621+0000] {dagbag.py:537} INFO - Filling up the DagBag from /home/airflow/.local/lib/python3.7/site-packages/airflow/example_dags/example_datasets.py
[2024-08-01T10:10:43.638+0000] {processor.py:766} INFO - DAG(s) dict_keys(['dataset_consumes_1_never_scheduled', 'dataset_produces_1', 'dataset_produces_2', 'dataset_consumes_1', 'dataset_consumes_unknown_never_scheduled', 'dataset_consumes_1_and_2']) retrieved from /home/airflow/.local/lib/python3.7/site-packages/airflow/example_dags/example_datasets.py
[2024-08-01T10:10:43.698+0000] {logging_mixin.py:120} INFO - [2024-08-01T10:10:43.698+0000] {dag.py:2585} INFO - Sync 6 DAGs
[2024-08-01T10:10:43.733+0000] {logging_mixin.py:120} INFO - [2024-08-01T10:10:43.732+0000] {dag.py:3340} INFO - Setting next_dagrun for dataset_consumes_1 to None, run_after=None
[2024-08-01T10:10:43.738+0000] {logging_mixin.py:120} INFO - [2024-08-01T10:10:43.737+0000] {dag.py:3340} INFO - Setting next_dagrun for dataset_consumes_1_and_2 to None, run_after=None
[2024-08-01T10:10:43.740+0000] {logging_mixin.py:120} INFO - [2024-08-01T10:10:43.740+0000] {dag.py:3340} INFO - Setting next_dagrun for dataset_consumes_1_never_scheduled to None, run_after=None
[2024-08-01T10:10:43.742+0000] {logging_mixin.py:120} INFO - [2024-08-01T10:10:43.742+0000] {dag.py:3340} INFO - Setting next_dagrun for dataset_consumes_unknown_never_scheduled to None, run_after=None
[2024-08-01T10:10:43.747+0000] {logging_mixin.py:120} INFO - [2024-08-01T10:10:43.746+0000] {dag.py:3340} INFO - Setting next_dagrun for dataset_produces_1 to 2024-07-31T00:00:00+00:00, run_after=2024-08-01T00:00:00+00:00
[2024-08-01T10:10:43.749+0000] {logging_mixin.py:120} INFO - [2024-08-01T10:10:43.749+0000] {dag.py:3340} INFO - Setting next_dagrun for dataset_produces_2 to None, run_after=None
[2024-08-01T10:10:43.790+0000] {processor.py:176} INFO - Processing /home/airflow/.local/lib/python3.7/site-packages/airflow/example_dags/example_datasets.py took 0.174 seconds
[2024-08-01T10:11:13.949+0000] {processor.py:154} INFO - Started process (PID=8843) to work on /home/airflow/.local/lib/python3.7/site-packages/airflow/example_dags/example_datasets.py
[2024-08-01T10:11:13.951+0000] {processor.py:756} INFO - Processing file /home/airflow/.local/lib/python3.7/site-packages/airflow/example_dags/example_datasets.py for tasks to queue
[2024-08-01T10:11:13.953+0000] {logging_mixin.py:120} INFO - [2024-08-01T10:11:13.952+0000] {dagbag.py:537} INFO - Filling up the DagBag from /home/airflow/.local/lib/python3.7/site-packages/airflow/example_dags/example_datasets.py
[2024-08-01T10:11:13.983+0000] {processor.py:766} INFO - DAG(s) dict_keys(['dataset_produces_1', 'dataset_consumes_1', 'dataset_produces_2', 'dataset_consumes_1_and_2', 'dataset_consumes_1_never_scheduled', 'dataset_consumes_unknown_never_scheduled']) retrieved from /home/airflow/.local/lib/python3.7/site-packages/airflow/example_dags/example_datasets.py
[2024-08-01T10:11:14.064+0000] {logging_mixin.py:120} INFO - [2024-08-01T10:11:14.063+0000] {dag.py:2585} INFO - Sync 6 DAGs
[2024-08-01T10:11:14.120+0000] {logging_mixin.py:120} INFO - [2024-08-01T10:11:14.120+0000] {dag.py:3340} INFO - Setting next_dagrun for dataset_consumes_1 to None, run_after=None
[2024-08-01T10:11:14.132+0000] {logging_mixin.py:120} INFO - [2024-08-01T10:11:14.131+0000] {dag.py:3340} INFO - Setting next_dagrun for dataset_consumes_1_and_2 to None, run_after=None
[2024-08-01T10:11:14.135+0000] {logging_mixin.py:120} INFO - [2024-08-01T10:11:14.135+0000] {dag.py:3340} INFO - Setting next_dagrun for dataset_consumes_1_never_scheduled to None, run_after=None
[2024-08-01T10:11:14.139+0000] {logging_mixin.py:120} INFO - [2024-08-01T10:11:14.138+0000] {dag.py:3340} INFO - Setting next_dagrun for dataset_consumes_unknown_never_scheduled to None, run_after=None
[2024-08-01T10:11:14.148+0000] {logging_mixin.py:120} INFO - [2024-08-01T10:11:14.148+0000] {dag.py:3340} INFO - Setting next_dagrun for dataset_produces_1 to 2024-07-31T00:00:00+00:00, run_after=2024-08-01T00:00:00+00:00
[2024-08-01T10:11:14.151+0000] {logging_mixin.py:120} INFO - [2024-08-01T10:11:14.151+0000] {dag.py:3340} INFO - Setting next_dagrun for dataset_produces_2 to None, run_after=None
[2024-08-01T10:11:14.222+0000] {processor.py:176} INFO - Processing /home/airflow/.local/lib/python3.7/site-packages/airflow/example_dags/example_datasets.py took 0.277 seconds
[2024-08-01T10:11:45.033+0000] {processor.py:154} INFO - Started process (PID=8907) to work on /home/airflow/.local/lib/python3.7/site-packages/airflow/example_dags/example_datasets.py
[2024-08-01T10:11:45.087+0000] {processor.py:756} INFO - Processing file /home/airflow/.local/lib/python3.7/site-packages/airflow/example_dags/example_datasets.py for tasks to queue
[2024-08-01T10:11:45.093+0000] {logging_mixin.py:120} INFO - [2024-08-01T10:11:45.093+0000] {dagbag.py:537} INFO - Filling up the DagBag from /home/airflow/.local/lib/python3.7/site-packages/airflow/example_dags/example_datasets.py
[2024-08-01T10:11:45.112+0000] {processor.py:766} INFO - DAG(s) dict_keys(['dataset_produces_2', 'dataset_produces_1', 'dataset_consumes_1_never_scheduled', 'dataset_consumes_unknown_never_scheduled', 'dataset_consumes_1', 'dataset_consumes_1_and_2']) retrieved from /home/airflow/.local/lib/python3.7/site-packages/airflow/example_dags/example_datasets.py
[2024-08-01T10:11:45.170+0000] {logging_mixin.py:120} INFO - [2024-08-01T10:11:45.170+0000] {dag.py:2585} INFO - Sync 6 DAGs
[2024-08-01T10:11:45.202+0000] {logging_mixin.py:120} INFO - [2024-08-01T10:11:45.202+0000] {dag.py:3340} INFO - Setting next_dagrun for dataset_consumes_1 to None, run_after=None
[2024-08-01T10:11:45.209+0000] {logging_mixin.py:120} INFO - [2024-08-01T10:11:45.209+0000] {dag.py:3340} INFO - Setting next_dagrun for dataset_consumes_1_and_2 to None, run_after=None
[2024-08-01T10:11:45.222+0000] {logging_mixin.py:120} INFO - [2024-08-01T10:11:45.221+0000] {dag.py:3340} INFO - Setting next_dagrun for dataset_consumes_1_never_scheduled to None, run_after=None
[2024-08-01T10:11:45.228+0000] {logging_mixin.py:120} INFO - [2024-08-01T10:11:45.228+0000] {dag.py:3340} INFO - Setting next_dagrun for dataset_consumes_unknown_never_scheduled to None, run_after=None
[2024-08-01T10:11:45.240+0000] {logging_mixin.py:120} INFO - [2024-08-01T10:11:45.239+0000] {dag.py:3340} INFO - Setting next_dagrun for dataset_produces_1 to 2024-07-31T00:00:00+00:00, run_after=2024-08-01T00:00:00+00:00
[2024-08-01T10:11:45.244+0000] {logging_mixin.py:120} INFO - [2024-08-01T10:11:45.243+0000] {dag.py:3340} INFO - Setting next_dagrun for dataset_produces_2 to None, run_after=None
[2024-08-01T10:11:45.291+0000] {processor.py:176} INFO - Processing /home/airflow/.local/lib/python3.7/site-packages/airflow/example_dags/example_datasets.py took 0.261 seconds
[2024-08-01T10:12:15.929+0000] {processor.py:154} INFO - Started process (PID=8971) to work on /home/airflow/.local/lib/python3.7/site-packages/airflow/example_dags/example_datasets.py
[2024-08-01T10:12:15.931+0000] {processor.py:756} INFO - Processing file /home/airflow/.local/lib/python3.7/site-packages/airflow/example_dags/example_datasets.py for tasks to queue
[2024-08-01T10:12:15.932+0000] {logging_mixin.py:120} INFO - [2024-08-01T10:12:15.932+0000] {dagbag.py:537} INFO - Filling up the DagBag from /home/airflow/.local/lib/python3.7/site-packages/airflow/example_dags/example_datasets.py
[2024-08-01T10:12:15.957+0000] {processor.py:766} INFO - DAG(s) dict_keys(['dataset_consumes_1_never_scheduled', 'dataset_consumes_1', 'dataset_produces_1', 'dataset_consumes_unknown_never_scheduled', 'dataset_consumes_1_and_2', 'dataset_produces_2']) retrieved from /home/airflow/.local/lib/python3.7/site-packages/airflow/example_dags/example_datasets.py
[2024-08-01T10:12:16.059+0000] {logging_mixin.py:120} INFO - [2024-08-01T10:12:16.058+0000] {dag.py:2585} INFO - Sync 6 DAGs
[2024-08-01T10:12:16.115+0000] {logging_mixin.py:120} INFO - [2024-08-01T10:12:16.115+0000] {dag.py:3340} INFO - Setting next_dagrun for dataset_consumes_1 to None, run_after=None
[2024-08-01T10:12:16.121+0000] {logging_mixin.py:120} INFO - [2024-08-01T10:12:16.120+0000] {dag.py:3340} INFO - Setting next_dagrun for dataset_consumes_1_and_2 to None, run_after=None
[2024-08-01T10:12:16.123+0000] {logging_mixin.py:120} INFO - [2024-08-01T10:12:16.123+0000] {dag.py:3340} INFO - Setting next_dagrun for dataset_consumes_1_never_scheduled to None, run_after=None
[2024-08-01T10:12:16.125+0000] {logging_mixin.py:120} INFO - [2024-08-01T10:12:16.125+0000] {dag.py:3340} INFO - Setting next_dagrun for dataset_consumes_unknown_never_scheduled to None, run_after=None
[2024-08-01T10:12:16.129+0000] {logging_mixin.py:120} INFO - [2024-08-01T10:12:16.129+0000] {dag.py:3340} INFO - Setting next_dagrun for dataset_produces_1 to 2024-07-31T00:00:00+00:00, run_after=2024-08-01T00:00:00+00:00
[2024-08-01T10:12:16.132+0000] {logging_mixin.py:120} INFO - [2024-08-01T10:12:16.132+0000] {dag.py:3340} INFO - Setting next_dagrun for dataset_produces_2 to None, run_after=None
[2024-08-01T10:12:16.187+0000] {processor.py:176} INFO - Processing /home/airflow/.local/lib/python3.7/site-packages/airflow/example_dags/example_datasets.py took 0.262 seconds
[2024-08-01T10:12:46.290+0000] {processor.py:154} INFO - Started process (PID=9034) to work on /home/airflow/.local/lib/python3.7/site-packages/airflow/example_dags/example_datasets.py
[2024-08-01T10:12:46.293+0000] {processor.py:756} INFO - Processing file /home/airflow/.local/lib/python3.7/site-packages/airflow/example_dags/example_datasets.py for tasks to queue
[2024-08-01T10:12:46.296+0000] {logging_mixin.py:120} INFO - [2024-08-01T10:12:46.295+0000] {dagbag.py:537} INFO - Filling up the DagBag from /home/airflow/.local/lib/python3.7/site-packages/airflow/example_dags/example_datasets.py
[2024-08-01T10:12:46.312+0000] {processor.py:766} INFO - DAG(s) dict_keys(['dataset_consumes_1_and_2', 'dataset_consumes_unknown_never_scheduled', 'dataset_consumes_1', 'dataset_produces_2', 'dataset_consumes_1_never_scheduled', 'dataset_produces_1']) retrieved from /home/airflow/.local/lib/python3.7/site-packages/airflow/example_dags/example_datasets.py
[2024-08-01T10:12:46.357+0000] {logging_mixin.py:120} INFO - [2024-08-01T10:12:46.357+0000] {dag.py:2585} INFO - Sync 6 DAGs
[2024-08-01T10:12:46.387+0000] {logging_mixin.py:120} INFO - [2024-08-01T10:12:46.386+0000] {dag.py:3340} INFO - Setting next_dagrun for dataset_consumes_1 to None, run_after=None
[2024-08-01T10:12:46.393+0000] {logging_mixin.py:120} INFO - [2024-08-01T10:12:46.393+0000] {dag.py:3340} INFO - Setting next_dagrun for dataset_consumes_1_and_2 to None, run_after=None
[2024-08-01T10:12:46.396+0000] {logging_mixin.py:120} INFO - [2024-08-01T10:12:46.396+0000] {dag.py:3340} INFO - Setting next_dagrun for dataset_consumes_1_never_scheduled to None, run_after=None
[2024-08-01T10:12:46.413+0000] {logging_mixin.py:120} INFO - [2024-08-01T10:12:46.413+0000] {dag.py:3340} INFO - Setting next_dagrun for dataset_consumes_unknown_never_scheduled to None, run_after=None
[2024-08-01T10:12:46.427+0000] {logging_mixin.py:120} INFO - [2024-08-01T10:12:46.427+0000] {dag.py:3340} INFO - Setting next_dagrun for dataset_produces_1 to 2024-07-31T00:00:00+00:00, run_after=2024-08-01T00:00:00+00:00
[2024-08-01T10:12:46.430+0000] {logging_mixin.py:120} INFO - [2024-08-01T10:12:46.430+0000] {dag.py:3340} INFO - Setting next_dagrun for dataset_produces_2 to None, run_after=None
[2024-08-01T10:12:46.456+0000] {processor.py:176} INFO - Processing /home/airflow/.local/lib/python3.7/site-packages/airflow/example_dags/example_datasets.py took 0.169 seconds
[2024-08-01T10:13:16.493+0000] {processor.py:154} INFO - Started process (PID=9089) to work on /home/airflow/.local/lib/python3.7/site-packages/airflow/example_dags/example_datasets.py
[2024-08-01T10:13:16.494+0000] {processor.py:756} INFO - Processing file /home/airflow/.local/lib/python3.7/site-packages/airflow/example_dags/example_datasets.py for tasks to queue
[2024-08-01T10:13:16.494+0000] {logging_mixin.py:120} INFO - [2024-08-01T10:13:16.494+0000] {dagbag.py:537} INFO - Filling up the DagBag from /home/airflow/.local/lib/python3.7/site-packages/airflow/example_dags/example_datasets.py
[2024-08-01T10:13:16.506+0000] {processor.py:766} INFO - DAG(s) dict_keys(['dataset_consumes_1', 'dataset_produces_2', 'dataset_consumes_unknown_never_scheduled', 'dataset_produces_1', 'dataset_consumes_1_never_scheduled', 'dataset_consumes_1_and_2']) retrieved from /home/airflow/.local/lib/python3.7/site-packages/airflow/example_dags/example_datasets.py
[2024-08-01T10:13:16.548+0000] {logging_mixin.py:120} INFO - [2024-08-01T10:13:16.548+0000] {dag.py:2585} INFO - Sync 6 DAGs
[2024-08-01T10:13:16.567+0000] {logging_mixin.py:120} INFO - [2024-08-01T10:13:16.567+0000] {dag.py:3340} INFO - Setting next_dagrun for dataset_consumes_1 to None, run_after=None
[2024-08-01T10:13:16.570+0000] {logging_mixin.py:120} INFO - [2024-08-01T10:13:16.569+0000] {dag.py:3340} INFO - Setting next_dagrun for dataset_consumes_1_and_2 to None, run_after=None
[2024-08-01T10:13:16.571+0000] {logging_mixin.py:120} INFO - [2024-08-01T10:13:16.570+0000] {dag.py:3340} INFO - Setting next_dagrun for dataset_consumes_1_never_scheduled to None, run_after=None
[2024-08-01T10:13:16.571+0000] {logging_mixin.py:120} INFO - [2024-08-01T10:13:16.571+0000] {dag.py:3340} INFO - Setting next_dagrun for dataset_consumes_unknown_never_scheduled to None, run_after=None
[2024-08-01T10:13:16.573+0000] {logging_mixin.py:120} INFO - [2024-08-01T10:13:16.573+0000] {dag.py:3340} INFO - Setting next_dagrun for dataset_produces_1 to 2024-07-31T00:00:00+00:00, run_after=2024-08-01T00:00:00+00:00
[2024-08-01T10:13:16.574+0000] {logging_mixin.py:120} INFO - [2024-08-01T10:13:16.574+0000] {dag.py:3340} INFO - Setting next_dagrun for dataset_produces_2 to None, run_after=None
[2024-08-01T10:13:16.597+0000] {processor.py:176} INFO - Processing /home/airflow/.local/lib/python3.7/site-packages/airflow/example_dags/example_datasets.py took 0.107 seconds
[2024-08-01T10:13:47.150+0000] {processor.py:154} INFO - Started process (PID=9154) to work on /home/airflow/.local/lib/python3.7/site-packages/airflow/example_dags/example_datasets.py
[2024-08-01T10:13:47.151+0000] {processor.py:756} INFO - Processing file /home/airflow/.local/lib/python3.7/site-packages/airflow/example_dags/example_datasets.py for tasks to queue
[2024-08-01T10:13:47.152+0000] {logging_mixin.py:120} INFO - [2024-08-01T10:13:47.152+0000] {dagbag.py:537} INFO - Filling up the DagBag from /home/airflow/.local/lib/python3.7/site-packages/airflow/example_dags/example_datasets.py
[2024-08-01T10:13:47.169+0000] {processor.py:766} INFO - DAG(s) dict_keys(['dataset_consumes_unknown_never_scheduled', 'dataset_produces_2', 'dataset_consumes_1_never_scheduled', 'dataset_consumes_1', 'dataset_consumes_1_and_2', 'dataset_produces_1']) retrieved from /home/airflow/.local/lib/python3.7/site-packages/airflow/example_dags/example_datasets.py
[2024-08-01T10:13:47.221+0000] {logging_mixin.py:120} INFO - [2024-08-01T10:13:47.220+0000] {dag.py:2585} INFO - Sync 6 DAGs
[2024-08-01T10:13:47.249+0000] {logging_mixin.py:120} INFO - [2024-08-01T10:13:47.248+0000] {dag.py:3340} INFO - Setting next_dagrun for dataset_consumes_1 to None, run_after=None
[2024-08-01T10:13:47.254+0000] {logging_mixin.py:120} INFO - [2024-08-01T10:13:47.253+0000] {dag.py:3340} INFO - Setting next_dagrun for dataset_consumes_1_and_2 to None, run_after=None
[2024-08-01T10:13:47.255+0000] {logging_mixin.py:120} INFO - [2024-08-01T10:13:47.255+0000] {dag.py:3340} INFO - Setting next_dagrun for dataset_consumes_1_never_scheduled to None, run_after=None
[2024-08-01T10:13:47.257+0000] {logging_mixin.py:120} INFO - [2024-08-01T10:13:47.257+0000] {dag.py:3340} INFO - Setting next_dagrun for dataset_consumes_unknown_never_scheduled to None, run_after=None
[2024-08-01T10:13:47.261+0000] {logging_mixin.py:120} INFO - [2024-08-01T10:13:47.260+0000] {dag.py:3340} INFO - Setting next_dagrun for dataset_produces_1 to 2024-07-31T00:00:00+00:00, run_after=2024-08-01T00:00:00+00:00
[2024-08-01T10:13:47.263+0000] {logging_mixin.py:120} INFO - [2024-08-01T10:13:47.263+0000] {dag.py:3340} INFO - Setting next_dagrun for dataset_produces_2 to None, run_after=None
[2024-08-01T10:13:47.296+0000] {processor.py:176} INFO - Processing /home/airflow/.local/lib/python3.7/site-packages/airflow/example_dags/example_datasets.py took 0.150 seconds
[2024-08-01T10:14:19.306+0000] {processor.py:154} INFO - Started process (PID=9218) to work on /home/airflow/.local/lib/python3.7/site-packages/airflow/example_dags/example_datasets.py
[2024-08-01T10:14:19.307+0000] {processor.py:756} INFO - Processing file /home/airflow/.local/lib/python3.7/site-packages/airflow/example_dags/example_datasets.py for tasks to queue
[2024-08-01T10:14:19.308+0000] {logging_mixin.py:120} INFO - [2024-08-01T10:14:19.308+0000] {dagbag.py:537} INFO - Filling up the DagBag from /home/airflow/.local/lib/python3.7/site-packages/airflow/example_dags/example_datasets.py
[2024-08-01T10:14:19.329+0000] {processor.py:766} INFO - DAG(s) dict_keys(['dataset_produces_2', 'dataset_produces_1', 'dataset_consumes_unknown_never_scheduled', 'dataset_consumes_1_never_scheduled', 'dataset_consumes_1', 'dataset_consumes_1_and_2']) retrieved from /home/airflow/.local/lib/python3.7/site-packages/airflow/example_dags/example_datasets.py
[2024-08-01T10:14:19.391+0000] {logging_mixin.py:120} INFO - [2024-08-01T10:14:19.390+0000] {dag.py:2585} INFO - Sync 6 DAGs
[2024-08-01T10:14:19.430+0000] {logging_mixin.py:120} INFO - [2024-08-01T10:14:19.430+0000] {dag.py:3340} INFO - Setting next_dagrun for dataset_consumes_1 to None, run_after=None
[2024-08-01T10:14:19.439+0000] {logging_mixin.py:120} INFO - [2024-08-01T10:14:19.439+0000] {dag.py:3340} INFO - Setting next_dagrun for dataset_consumes_1_and_2 to None, run_after=None
[2024-08-01T10:14:19.441+0000] {logging_mixin.py:120} INFO - [2024-08-01T10:14:19.441+0000] {dag.py:3340} INFO - Setting next_dagrun for dataset_consumes_1_never_scheduled to None, run_after=None
[2024-08-01T10:14:19.444+0000] {logging_mixin.py:120} INFO - [2024-08-01T10:14:19.444+0000] {dag.py:3340} INFO - Setting next_dagrun for dataset_consumes_unknown_never_scheduled to None, run_after=None
[2024-08-01T10:14:19.447+0000] {logging_mixin.py:120} INFO - [2024-08-01T10:14:19.447+0000] {dag.py:3340} INFO - Setting next_dagrun for dataset_produces_1 to 2024-07-31T00:00:00+00:00, run_after=2024-08-01T00:00:00+00:00
[2024-08-01T10:14:19.449+0000] {logging_mixin.py:120} INFO - [2024-08-01T10:14:19.449+0000] {dag.py:3340} INFO - Setting next_dagrun for dataset_produces_2 to None, run_after=None
[2024-08-01T10:14:19.503+0000] {processor.py:176} INFO - Processing /home/airflow/.local/lib/python3.7/site-packages/airflow/example_dags/example_datasets.py took 0.201 seconds
[2024-08-01T10:14:50.314+0000] {processor.py:154} INFO - Started process (PID=9282) to work on /home/airflow/.local/lib/python3.7/site-packages/airflow/example_dags/example_datasets.py
[2024-08-01T10:14:50.316+0000] {processor.py:756} INFO - Processing file /home/airflow/.local/lib/python3.7/site-packages/airflow/example_dags/example_datasets.py for tasks to queue
[2024-08-01T10:14:50.317+0000] {logging_mixin.py:120} INFO - [2024-08-01T10:14:50.317+0000] {dagbag.py:537} INFO - Filling up the DagBag from /home/airflow/.local/lib/python3.7/site-packages/airflow/example_dags/example_datasets.py
[2024-08-01T10:14:50.340+0000] {processor.py:766} INFO - DAG(s) dict_keys(['dataset_consumes_1_and_2', 'dataset_consumes_1', 'dataset_produces_2', 'dataset_produces_1', 'dataset_consumes_1_never_scheduled', 'dataset_consumes_unknown_never_scheduled']) retrieved from /home/airflow/.local/lib/python3.7/site-packages/airflow/example_dags/example_datasets.py
[2024-08-01T10:14:50.420+0000] {logging_mixin.py:120} INFO - [2024-08-01T10:14:50.420+0000] {dag.py:2585} INFO - Sync 6 DAGs
[2024-08-01T10:14:50.461+0000] {logging_mixin.py:120} INFO - [2024-08-01T10:14:50.460+0000] {dag.py:3340} INFO - Setting next_dagrun for dataset_consumes_1 to None, run_after=None
[2024-08-01T10:14:50.467+0000] {logging_mixin.py:120} INFO - [2024-08-01T10:14:50.467+0000] {dag.py:3340} INFO - Setting next_dagrun for dataset_consumes_1_and_2 to None, run_after=None
[2024-08-01T10:14:50.470+0000] {logging_mixin.py:120} INFO - [2024-08-01T10:14:50.470+0000] {dag.py:3340} INFO - Setting next_dagrun for dataset_consumes_1_never_scheduled to None, run_after=None
[2024-08-01T10:14:50.473+0000] {logging_mixin.py:120} INFO - [2024-08-01T10:14:50.472+0000] {dag.py:3340} INFO - Setting next_dagrun for dataset_consumes_unknown_never_scheduled to None, run_after=None
[2024-08-01T10:14:50.478+0000] {logging_mixin.py:120} INFO - [2024-08-01T10:14:50.478+0000] {dag.py:3340} INFO - Setting next_dagrun for dataset_produces_1 to 2024-07-31T00:00:00+00:00, run_after=2024-08-01T00:00:00+00:00
[2024-08-01T10:14:50.481+0000] {logging_mixin.py:120} INFO - [2024-08-01T10:14:50.481+0000] {dag.py:3340} INFO - Setting next_dagrun for dataset_produces_2 to None, run_after=None
[2024-08-01T10:14:50.526+0000] {processor.py:176} INFO - Processing /home/airflow/.local/lib/python3.7/site-packages/airflow/example_dags/example_datasets.py took 0.215 seconds
[2024-08-01T10:15:21.697+0000] {processor.py:154} INFO - Started process (PID=9344) to work on /home/airflow/.local/lib/python3.7/site-packages/airflow/example_dags/example_datasets.py
[2024-08-01T10:15:21.699+0000] {processor.py:756} INFO - Processing file /home/airflow/.local/lib/python3.7/site-packages/airflow/example_dags/example_datasets.py for tasks to queue
[2024-08-01T10:15:21.700+0000] {logging_mixin.py:120} INFO - [2024-08-01T10:15:21.699+0000] {dagbag.py:537} INFO - Filling up the DagBag from /home/airflow/.local/lib/python3.7/site-packages/airflow/example_dags/example_datasets.py
[2024-08-01T10:15:21.715+0000] {processor.py:766} INFO - DAG(s) dict_keys(['dataset_consumes_1', 'dataset_consumes_1_and_2', 'dataset_produces_1', 'dataset_consumes_unknown_never_scheduled', 'dataset_consumes_1_never_scheduled', 'dataset_produces_2']) retrieved from /home/airflow/.local/lib/python3.7/site-packages/airflow/example_dags/example_datasets.py
[2024-08-01T10:15:21.789+0000] {logging_mixin.py:120} INFO - [2024-08-01T10:15:21.788+0000] {dag.py:2585} INFO - Sync 6 DAGs
[2024-08-01T10:15:21.818+0000] {logging_mixin.py:120} INFO - [2024-08-01T10:15:21.818+0000] {dag.py:3340} INFO - Setting next_dagrun for dataset_consumes_1 to None, run_after=None
[2024-08-01T10:15:21.823+0000] {logging_mixin.py:120} INFO - [2024-08-01T10:15:21.823+0000] {dag.py:3340} INFO - Setting next_dagrun for dataset_consumes_1_and_2 to None, run_after=None
[2024-08-01T10:15:21.825+0000] {logging_mixin.py:120} INFO - [2024-08-01T10:15:21.825+0000] {dag.py:3340} INFO - Setting next_dagrun for dataset_consumes_1_never_scheduled to None, run_after=None
[2024-08-01T10:15:21.828+0000] {logging_mixin.py:120} INFO - [2024-08-01T10:15:21.827+0000] {dag.py:3340} INFO - Setting next_dagrun for dataset_consumes_unknown_never_scheduled to None, run_after=None
[2024-08-01T10:15:21.831+0000] {logging_mixin.py:120} INFO - [2024-08-01T10:15:21.831+0000] {dag.py:3340} INFO - Setting next_dagrun for dataset_produces_1 to 2024-07-31T00:00:00+00:00, run_after=2024-08-01T00:00:00+00:00
[2024-08-01T10:15:21.834+0000] {logging_mixin.py:120} INFO - [2024-08-01T10:15:21.834+0000] {dag.py:3340} INFO - Setting next_dagrun for dataset_produces_2 to None, run_after=None
[2024-08-01T10:15:21.877+0000] {processor.py:176} INFO - Processing /home/airflow/.local/lib/python3.7/site-packages/airflow/example_dags/example_datasets.py took 0.184 seconds
[2024-08-01T10:15:52.660+0000] {processor.py:154} INFO - Started process (PID=9401) to work on /home/airflow/.local/lib/python3.7/site-packages/airflow/example_dags/example_datasets.py
[2024-08-01T10:15:52.667+0000] {processor.py:756} INFO - Processing file /home/airflow/.local/lib/python3.7/site-packages/airflow/example_dags/example_datasets.py for tasks to queue
[2024-08-01T10:15:52.670+0000] {logging_mixin.py:120} INFO - [2024-08-01T10:15:52.670+0000] {dagbag.py:537} INFO - Filling up the DagBag from /home/airflow/.local/lib/python3.7/site-packages/airflow/example_dags/example_datasets.py
[2024-08-01T10:15:52.689+0000] {processor.py:766} INFO - DAG(s) dict_keys(['dataset_consumes_unknown_never_scheduled', 'dataset_consumes_1_never_scheduled', 'dataset_produces_1', 'dataset_consumes_1_and_2', 'dataset_consumes_1', 'dataset_produces_2']) retrieved from /home/airflow/.local/lib/python3.7/site-packages/airflow/example_dags/example_datasets.py
[2024-08-01T10:15:52.795+0000] {logging_mixin.py:120} INFO - [2024-08-01T10:15:52.795+0000] {dag.py:2585} INFO - Sync 6 DAGs
[2024-08-01T10:15:52.832+0000] {logging_mixin.py:120} INFO - [2024-08-01T10:15:52.832+0000] {dag.py:3340} INFO - Setting next_dagrun for dataset_consumes_1 to None, run_after=None
[2024-08-01T10:15:52.840+0000] {logging_mixin.py:120} INFO - [2024-08-01T10:15:52.840+0000] {dag.py:3340} INFO - Setting next_dagrun for dataset_consumes_1_and_2 to None, run_after=None
[2024-08-01T10:15:52.842+0000] {logging_mixin.py:120} INFO - [2024-08-01T10:15:52.842+0000] {dag.py:3340} INFO - Setting next_dagrun for dataset_consumes_1_never_scheduled to None, run_after=None
[2024-08-01T10:15:52.845+0000] {logging_mixin.py:120} INFO - [2024-08-01T10:15:52.845+0000] {dag.py:3340} INFO - Setting next_dagrun for dataset_consumes_unknown_never_scheduled to None, run_after=None
[2024-08-01T10:15:52.849+0000] {logging_mixin.py:120} INFO - [2024-08-01T10:15:52.849+0000] {dag.py:3340} INFO - Setting next_dagrun for dataset_produces_1 to 2024-07-31T00:00:00+00:00, run_after=2024-08-01T00:00:00+00:00
[2024-08-01T10:15:52.852+0000] {logging_mixin.py:120} INFO - [2024-08-01T10:15:52.852+0000] {dag.py:3340} INFO - Setting next_dagrun for dataset_produces_2 to None, run_after=None
[2024-08-01T10:15:52.895+0000] {processor.py:176} INFO - Processing /home/airflow/.local/lib/python3.7/site-packages/airflow/example_dags/example_datasets.py took 0.238 seconds
[2024-08-01T10:16:23.725+0000] {processor.py:154} INFO - Started process (PID=9465) to work on /home/airflow/.local/lib/python3.7/site-packages/airflow/example_dags/example_datasets.py
[2024-08-01T10:16:23.726+0000] {processor.py:756} INFO - Processing file /home/airflow/.local/lib/python3.7/site-packages/airflow/example_dags/example_datasets.py for tasks to queue
[2024-08-01T10:16:23.727+0000] {logging_mixin.py:120} INFO - [2024-08-01T10:16:23.727+0000] {dagbag.py:537} INFO - Filling up the DagBag from /home/airflow/.local/lib/python3.7/site-packages/airflow/example_dags/example_datasets.py
[2024-08-01T10:16:23.748+0000] {processor.py:766} INFO - DAG(s) dict_keys(['dataset_consumes_1_never_scheduled', 'dataset_consumes_1', 'dataset_consumes_1_and_2', 'dataset_consumes_unknown_never_scheduled', 'dataset_produces_2', 'dataset_produces_1']) retrieved from /home/airflow/.local/lib/python3.7/site-packages/airflow/example_dags/example_datasets.py
[2024-08-01T10:16:23.855+0000] {logging_mixin.py:120} INFO - [2024-08-01T10:16:23.854+0000] {dag.py:2585} INFO - Sync 6 DAGs
[2024-08-01T10:16:23.919+0000] {logging_mixin.py:120} INFO - [2024-08-01T10:16:23.919+0000] {dag.py:3340} INFO - Setting next_dagrun for dataset_consumes_1 to None, run_after=None
[2024-08-01T10:16:23.933+0000] {logging_mixin.py:120} INFO - [2024-08-01T10:16:23.932+0000] {dag.py:3340} INFO - Setting next_dagrun for dataset_consumes_1_and_2 to None, run_after=None
[2024-08-01T10:16:23.939+0000] {logging_mixin.py:120} INFO - [2024-08-01T10:16:23.939+0000] {dag.py:3340} INFO - Setting next_dagrun for dataset_consumes_1_never_scheduled to None, run_after=None
[2024-08-01T10:16:23.943+0000] {logging_mixin.py:120} INFO - [2024-08-01T10:16:23.943+0000] {dag.py:3340} INFO - Setting next_dagrun for dataset_consumes_unknown_never_scheduled to None, run_after=None
[2024-08-01T10:16:23.952+0000] {logging_mixin.py:120} INFO - [2024-08-01T10:16:23.951+0000] {dag.py:3340} INFO - Setting next_dagrun for dataset_produces_1 to 2024-07-31T00:00:00+00:00, run_after=2024-08-01T00:00:00+00:00
[2024-08-01T10:16:23.958+0000] {logging_mixin.py:120} INFO - [2024-08-01T10:16:23.958+0000] {dag.py:3340} INFO - Setting next_dagrun for dataset_produces_2 to None, run_after=None
[2024-08-01T10:16:24.037+0000] {processor.py:176} INFO - Processing /home/airflow/.local/lib/python3.7/site-packages/airflow/example_dags/example_datasets.py took 0.316 seconds
[2024-08-01T10:16:55.482+0000] {processor.py:154} INFO - Started process (PID=9528) to work on /home/airflow/.local/lib/python3.7/site-packages/airflow/example_dags/example_datasets.py
[2024-08-01T10:16:55.485+0000] {processor.py:756} INFO - Processing file /home/airflow/.local/lib/python3.7/site-packages/airflow/example_dags/example_datasets.py for tasks to queue
[2024-08-01T10:16:55.489+0000] {logging_mixin.py:120} INFO - [2024-08-01T10:16:55.488+0000] {dagbag.py:537} INFO - Filling up the DagBag from /home/airflow/.local/lib/python3.7/site-packages/airflow/example_dags/example_datasets.py
[2024-08-01T10:16:55.519+0000] {processor.py:766} INFO - DAG(s) dict_keys(['dataset_consumes_1_never_scheduled', 'dataset_consumes_1_and_2', 'dataset_consumes_1', 'dataset_produces_1', 'dataset_produces_2', 'dataset_consumes_unknown_never_scheduled']) retrieved from /home/airflow/.local/lib/python3.7/site-packages/airflow/example_dags/example_datasets.py
[2024-08-01T10:16:55.605+0000] {logging_mixin.py:120} INFO - [2024-08-01T10:16:55.605+0000] {dag.py:2585} INFO - Sync 6 DAGs
[2024-08-01T10:16:55.631+0000] {logging_mixin.py:120} INFO - [2024-08-01T10:16:55.631+0000] {dag.py:3340} INFO - Setting next_dagrun for dataset_consumes_1 to None, run_after=None
[2024-08-01T10:16:55.636+0000] {logging_mixin.py:120} INFO - [2024-08-01T10:16:55.635+0000] {dag.py:3340} INFO - Setting next_dagrun for dataset_consumes_1_and_2 to None, run_after=None
[2024-08-01T10:16:55.638+0000] {logging_mixin.py:120} INFO - [2024-08-01T10:16:55.638+0000] {dag.py:3340} INFO - Setting next_dagrun for dataset_consumes_1_never_scheduled to None, run_after=None
[2024-08-01T10:16:55.640+0000] {logging_mixin.py:120} INFO - [2024-08-01T10:16:55.639+0000] {dag.py:3340} INFO - Setting next_dagrun for dataset_consumes_unknown_never_scheduled to None, run_after=None
[2024-08-01T10:16:55.643+0000] {logging_mixin.py:120} INFO - [2024-08-01T10:16:55.642+0000] {dag.py:3340} INFO - Setting next_dagrun for dataset_produces_1 to 2024-07-31T00:00:00+00:00, run_after=2024-08-01T00:00:00+00:00
[2024-08-01T10:16:55.645+0000] {logging_mixin.py:120} INFO - [2024-08-01T10:16:55.644+0000] {dag.py:3340} INFO - Setting next_dagrun for dataset_produces_2 to None, run_after=None
[2024-08-01T10:16:55.681+0000] {processor.py:176} INFO - Processing /home/airflow/.local/lib/python3.7/site-packages/airflow/example_dags/example_datasets.py took 0.202 seconds
[2024-08-01T10:17:26.241+0000] {processor.py:154} INFO - Started process (PID=9584) to work on /home/airflow/.local/lib/python3.7/site-packages/airflow/example_dags/example_datasets.py
[2024-08-01T10:17:26.243+0000] {processor.py:756} INFO - Processing file /home/airflow/.local/lib/python3.7/site-packages/airflow/example_dags/example_datasets.py for tasks to queue
[2024-08-01T10:17:26.246+0000] {logging_mixin.py:120} INFO - [2024-08-01T10:17:26.245+0000] {dagbag.py:537} INFO - Filling up the DagBag from /home/airflow/.local/lib/python3.7/site-packages/airflow/example_dags/example_datasets.py
[2024-08-01T10:17:26.288+0000] {processor.py:766} INFO - DAG(s) dict_keys(['dataset_consumes_unknown_never_scheduled', 'dataset_produces_1', 'dataset_produces_2', 'dataset_consumes_1_and_2', 'dataset_consumes_1_never_scheduled', 'dataset_consumes_1']) retrieved from /home/airflow/.local/lib/python3.7/site-packages/airflow/example_dags/example_datasets.py
[2024-08-01T10:17:26.374+0000] {logging_mixin.py:120} INFO - [2024-08-01T10:17:26.374+0000] {dag.py:2585} INFO - Sync 6 DAGs
[2024-08-01T10:17:26.410+0000] {logging_mixin.py:120} INFO - [2024-08-01T10:17:26.409+0000] {dag.py:3340} INFO - Setting next_dagrun for dataset_consumes_1 to None, run_after=None
[2024-08-01T10:17:26.415+0000] {logging_mixin.py:120} INFO - [2024-08-01T10:17:26.415+0000] {dag.py:3340} INFO - Setting next_dagrun for dataset_consumes_1_and_2 to None, run_after=None
[2024-08-01T10:17:26.418+0000] {logging_mixin.py:120} INFO - [2024-08-01T10:17:26.418+0000] {dag.py:3340} INFO - Setting next_dagrun for dataset_consumes_1_never_scheduled to None, run_after=None
[2024-08-01T10:17:26.420+0000] {logging_mixin.py:120} INFO - [2024-08-01T10:17:26.419+0000] {dag.py:3340} INFO - Setting next_dagrun for dataset_consumes_unknown_never_scheduled to None, run_after=None
[2024-08-01T10:17:26.424+0000] {logging_mixin.py:120} INFO - [2024-08-01T10:17:26.424+0000] {dag.py:3340} INFO - Setting next_dagrun for dataset_produces_1 to 2024-07-31T00:00:00+00:00, run_after=2024-08-01T00:00:00+00:00
[2024-08-01T10:17:26.427+0000] {logging_mixin.py:120} INFO - [2024-08-01T10:17:26.427+0000] {dag.py:3340} INFO - Setting next_dagrun for dataset_produces_2 to None, run_after=None
[2024-08-01T10:17:26.469+0000] {processor.py:176} INFO - Processing /home/airflow/.local/lib/python3.7/site-packages/airflow/example_dags/example_datasets.py took 0.235 seconds
[2024-08-01T10:17:57.177+0000] {processor.py:154} INFO - Started process (PID=9647) to work on /home/airflow/.local/lib/python3.7/site-packages/airflow/example_dags/example_datasets.py
[2024-08-01T10:17:57.266+0000] {processor.py:756} INFO - Processing file /home/airflow/.local/lib/python3.7/site-packages/airflow/example_dags/example_datasets.py for tasks to queue
[2024-08-01T10:17:57.268+0000] {logging_mixin.py:120} INFO - [2024-08-01T10:17:57.267+0000] {dagbag.py:537} INFO - Filling up the DagBag from /home/airflow/.local/lib/python3.7/site-packages/airflow/example_dags/example_datasets.py
[2024-08-01T10:17:57.291+0000] {processor.py:766} INFO - DAG(s) dict_keys(['dataset_consumes_1_never_scheduled', 'dataset_consumes_1_and_2', 'dataset_produces_1', 'dataset_consumes_1', 'dataset_produces_2', 'dataset_consumes_unknown_never_scheduled']) retrieved from /home/airflow/.local/lib/python3.7/site-packages/airflow/example_dags/example_datasets.py
[2024-08-01T10:17:57.412+0000] {logging_mixin.py:120} INFO - [2024-08-01T10:17:57.412+0000] {dag.py:2585} INFO - Sync 6 DAGs
[2024-08-01T10:17:57.434+0000] {logging_mixin.py:120} INFO - [2024-08-01T10:17:57.433+0000] {dag.py:3340} INFO - Setting next_dagrun for dataset_consumes_1 to None, run_after=None
[2024-08-01T10:17:57.578+0000] {logging_mixin.py:120} INFO - [2024-08-01T10:17:57.577+0000] {dag.py:3340} INFO - Setting next_dagrun for dataset_consumes_1_and_2 to None, run_after=None
[2024-08-01T10:17:57.583+0000] {logging_mixin.py:120} INFO - [2024-08-01T10:17:57.583+0000] {dag.py:3340} INFO - Setting next_dagrun for dataset_consumes_1_never_scheduled to None, run_after=None
[2024-08-01T10:17:57.585+0000] {logging_mixin.py:120} INFO - [2024-08-01T10:17:57.585+0000] {dag.py:3340} INFO - Setting next_dagrun for dataset_consumes_unknown_never_scheduled to None, run_after=None
[2024-08-01T10:17:57.588+0000] {logging_mixin.py:120} INFO - [2024-08-01T10:17:57.588+0000] {dag.py:3340} INFO - Setting next_dagrun for dataset_produces_1 to 2024-07-31T00:00:00+00:00, run_after=2024-08-01T00:00:00+00:00
[2024-08-01T10:17:57.591+0000] {logging_mixin.py:120} INFO - [2024-08-01T10:17:57.591+0000] {dag.py:3340} INFO - Setting next_dagrun for dataset_produces_2 to None, run_after=None
[2024-08-01T10:17:57.630+0000] {processor.py:176} INFO - Processing /home/airflow/.local/lib/python3.7/site-packages/airflow/example_dags/example_datasets.py took 0.456 seconds
[2024-08-01T10:18:27.869+0000] {processor.py:154} INFO - Started process (PID=9712) to work on /home/airflow/.local/lib/python3.7/site-packages/airflow/example_dags/example_datasets.py
[2024-08-01T10:18:27.872+0000] {processor.py:756} INFO - Processing file /home/airflow/.local/lib/python3.7/site-packages/airflow/example_dags/example_datasets.py for tasks to queue
[2024-08-01T10:18:27.873+0000] {logging_mixin.py:120} INFO - [2024-08-01T10:18:27.873+0000] {dagbag.py:537} INFO - Filling up the DagBag from /home/airflow/.local/lib/python3.7/site-packages/airflow/example_dags/example_datasets.py
[2024-08-01T10:18:27.893+0000] {processor.py:766} INFO - DAG(s) dict_keys(['dataset_consumes_1_and_2', 'dataset_consumes_unknown_never_scheduled', 'dataset_produces_1', 'dataset_consumes_1', 'dataset_consumes_1_never_scheduled', 'dataset_produces_2']) retrieved from /home/airflow/.local/lib/python3.7/site-packages/airflow/example_dags/example_datasets.py
[2024-08-01T10:18:27.979+0000] {logging_mixin.py:120} INFO - [2024-08-01T10:18:27.979+0000] {dag.py:2585} INFO - Sync 6 DAGs
[2024-08-01T10:18:28.013+0000] {logging_mixin.py:120} INFO - [2024-08-01T10:18:28.012+0000] {dag.py:3340} INFO - Setting next_dagrun for dataset_consumes_1 to None, run_after=None
[2024-08-01T10:18:28.020+0000] {logging_mixin.py:120} INFO - [2024-08-01T10:18:28.020+0000] {dag.py:3340} INFO - Setting next_dagrun for dataset_consumes_1_and_2 to None, run_after=None
[2024-08-01T10:18:28.023+0000] {logging_mixin.py:120} INFO - [2024-08-01T10:18:28.022+0000] {dag.py:3340} INFO - Setting next_dagrun for dataset_consumes_1_never_scheduled to None, run_after=None
[2024-08-01T10:18:28.025+0000] {logging_mixin.py:120} INFO - [2024-08-01T10:18:28.024+0000] {dag.py:3340} INFO - Setting next_dagrun for dataset_consumes_unknown_never_scheduled to None, run_after=None
[2024-08-01T10:18:28.032+0000] {logging_mixin.py:120} INFO - [2024-08-01T10:18:28.032+0000] {dag.py:3340} INFO - Setting next_dagrun for dataset_produces_1 to 2024-07-31T00:00:00+00:00, run_after=2024-08-01T00:00:00+00:00
[2024-08-01T10:18:28.036+0000] {logging_mixin.py:120} INFO - [2024-08-01T10:18:28.036+0000] {dag.py:3340} INFO - Setting next_dagrun for dataset_produces_2 to None, run_after=None
[2024-08-01T10:18:28.076+0000] {processor.py:176} INFO - Processing /home/airflow/.local/lib/python3.7/site-packages/airflow/example_dags/example_datasets.py took 0.215 seconds
[2024-08-01T10:18:58.282+0000] {processor.py:154} INFO - Started process (PID=9767) to work on /home/airflow/.local/lib/python3.7/site-packages/airflow/example_dags/example_datasets.py
[2024-08-01T10:18:58.283+0000] {processor.py:756} INFO - Processing file /home/airflow/.local/lib/python3.7/site-packages/airflow/example_dags/example_datasets.py for tasks to queue
[2024-08-01T10:18:58.284+0000] {logging_mixin.py:120} INFO - [2024-08-01T10:18:58.284+0000] {dagbag.py:537} INFO - Filling up the DagBag from /home/airflow/.local/lib/python3.7/site-packages/airflow/example_dags/example_datasets.py
[2024-08-01T10:18:58.302+0000] {processor.py:766} INFO - DAG(s) dict_keys(['dataset_produces_1', 'dataset_consumes_unknown_never_scheduled', 'dataset_produces_2', 'dataset_consumes_1', 'dataset_consumes_1_and_2', 'dataset_consumes_1_never_scheduled']) retrieved from /home/airflow/.local/lib/python3.7/site-packages/airflow/example_dags/example_datasets.py
[2024-08-01T10:18:58.380+0000] {logging_mixin.py:120} INFO - [2024-08-01T10:18:58.379+0000] {dag.py:2585} INFO - Sync 6 DAGs
[2024-08-01T10:18:58.417+0000] {logging_mixin.py:120} INFO - [2024-08-01T10:18:58.417+0000] {dag.py:3340} INFO - Setting next_dagrun for dataset_consumes_1 to None, run_after=None
[2024-08-01T10:18:58.422+0000] {logging_mixin.py:120} INFO - [2024-08-01T10:18:58.422+0000] {dag.py:3340} INFO - Setting next_dagrun for dataset_consumes_1_and_2 to None, run_after=None
[2024-08-01T10:18:58.425+0000] {logging_mixin.py:120} INFO - [2024-08-01T10:18:58.424+0000] {dag.py:3340} INFO - Setting next_dagrun for dataset_consumes_1_never_scheduled to None, run_after=None
[2024-08-01T10:18:58.426+0000] {logging_mixin.py:120} INFO - [2024-08-01T10:18:58.426+0000] {dag.py:3340} INFO - Setting next_dagrun for dataset_consumes_unknown_never_scheduled to None, run_after=None
[2024-08-01T10:18:58.431+0000] {logging_mixin.py:120} INFO - [2024-08-01T10:18:58.430+0000] {dag.py:3340} INFO - Setting next_dagrun for dataset_produces_1 to 2024-07-31T00:00:00+00:00, run_after=2024-08-01T00:00:00+00:00
[2024-08-01T10:18:58.433+0000] {logging_mixin.py:120} INFO - [2024-08-01T10:18:58.433+0000] {dag.py:3340} INFO - Setting next_dagrun for dataset_produces_2 to None, run_after=None
[2024-08-01T10:18:58.485+0000] {processor.py:176} INFO - Processing /home/airflow/.local/lib/python3.7/site-packages/airflow/example_dags/example_datasets.py took 0.206 seconds
[2024-08-01T10:19:29.155+0000] {processor.py:154} INFO - Started process (PID=9831) to work on /home/airflow/.local/lib/python3.7/site-packages/airflow/example_dags/example_datasets.py
[2024-08-01T10:19:29.157+0000] {processor.py:756} INFO - Processing file /home/airflow/.local/lib/python3.7/site-packages/airflow/example_dags/example_datasets.py for tasks to queue
[2024-08-01T10:19:29.158+0000] {logging_mixin.py:120} INFO - [2024-08-01T10:19:29.158+0000] {dagbag.py:537} INFO - Filling up the DagBag from /home/airflow/.local/lib/python3.7/site-packages/airflow/example_dags/example_datasets.py
[2024-08-01T10:19:29.189+0000] {processor.py:766} INFO - DAG(s) dict_keys(['dataset_consumes_1_and_2', 'dataset_produces_1', 'dataset_produces_2', 'dataset_consumes_1_never_scheduled', 'dataset_consumes_unknown_never_scheduled', 'dataset_consumes_1']) retrieved from /home/airflow/.local/lib/python3.7/site-packages/airflow/example_dags/example_datasets.py
[2024-08-01T10:19:29.300+0000] {logging_mixin.py:120} INFO - [2024-08-01T10:19:29.300+0000] {dag.py:2585} INFO - Sync 6 DAGs
[2024-08-01T10:19:29.329+0000] {logging_mixin.py:120} INFO - [2024-08-01T10:19:29.329+0000] {dag.py:3340} INFO - Setting next_dagrun for dataset_consumes_1 to None, run_after=None
[2024-08-01T10:19:29.334+0000] {logging_mixin.py:120} INFO - [2024-08-01T10:19:29.334+0000] {dag.py:3340} INFO - Setting next_dagrun for dataset_consumes_1_and_2 to None, run_after=None
[2024-08-01T10:19:29.336+0000] {logging_mixin.py:120} INFO - [2024-08-01T10:19:29.336+0000] {dag.py:3340} INFO - Setting next_dagrun for dataset_consumes_1_never_scheduled to None, run_after=None
[2024-08-01T10:19:29.338+0000] {logging_mixin.py:120} INFO - [2024-08-01T10:19:29.338+0000] {dag.py:3340} INFO - Setting next_dagrun for dataset_consumes_unknown_never_scheduled to None, run_after=None
[2024-08-01T10:19:29.342+0000] {logging_mixin.py:120} INFO - [2024-08-01T10:19:29.342+0000] {dag.py:3340} INFO - Setting next_dagrun for dataset_produces_1 to 2024-07-31T00:00:00+00:00, run_after=2024-08-01T00:00:00+00:00
[2024-08-01T10:19:29.344+0000] {logging_mixin.py:120} INFO - [2024-08-01T10:19:29.344+0000] {dag.py:3340} INFO - Setting next_dagrun for dataset_produces_2 to None, run_after=None
[2024-08-01T10:19:29.377+0000] {processor.py:176} INFO - Processing /home/airflow/.local/lib/python3.7/site-packages/airflow/example_dags/example_datasets.py took 0.226 seconds
[2024-08-01T10:19:59.516+0000] {processor.py:154} INFO - Started process (PID=9886) to work on /home/airflow/.local/lib/python3.7/site-packages/airflow/example_dags/example_datasets.py
[2024-08-01T10:19:59.521+0000] {processor.py:756} INFO - Processing file /home/airflow/.local/lib/python3.7/site-packages/airflow/example_dags/example_datasets.py for tasks to queue
[2024-08-01T10:19:59.523+0000] {logging_mixin.py:120} INFO - [2024-08-01T10:19:59.523+0000] {dagbag.py:537} INFO - Filling up the DagBag from /home/airflow/.local/lib/python3.7/site-packages/airflow/example_dags/example_datasets.py
[2024-08-01T10:19:59.567+0000] {processor.py:766} INFO - DAG(s) dict_keys(['dataset_consumes_1_never_scheduled', 'dataset_consumes_unknown_never_scheduled', 'dataset_produces_2', 'dataset_produces_1', 'dataset_consumes_1', 'dataset_consumes_1_and_2']) retrieved from /home/airflow/.local/lib/python3.7/site-packages/airflow/example_dags/example_datasets.py
[2024-08-01T10:19:59.675+0000] {logging_mixin.py:120} INFO - [2024-08-01T10:19:59.675+0000] {dag.py:2585} INFO - Sync 6 DAGs
[2024-08-01T10:19:59.731+0000] {logging_mixin.py:120} INFO - [2024-08-01T10:19:59.731+0000] {dag.py:3340} INFO - Setting next_dagrun for dataset_consumes_1 to None, run_after=None
[2024-08-01T10:19:59.740+0000] {logging_mixin.py:120} INFO - [2024-08-01T10:19:59.740+0000] {dag.py:3340} INFO - Setting next_dagrun for dataset_consumes_1_and_2 to None, run_after=None
[2024-08-01T10:19:59.744+0000] {logging_mixin.py:120} INFO - [2024-08-01T10:19:59.743+0000] {dag.py:3340} INFO - Setting next_dagrun for dataset_consumes_1_never_scheduled to None, run_after=None
[2024-08-01T10:19:59.747+0000] {logging_mixin.py:120} INFO - [2024-08-01T10:19:59.746+0000] {dag.py:3340} INFO - Setting next_dagrun for dataset_consumes_unknown_never_scheduled to None, run_after=None
[2024-08-01T10:19:59.753+0000] {logging_mixin.py:120} INFO - [2024-08-01T10:19:59.753+0000] {dag.py:3340} INFO - Setting next_dagrun for dataset_produces_1 to 2024-07-31T00:00:00+00:00, run_after=2024-08-01T00:00:00+00:00
[2024-08-01T10:19:59.758+0000] {logging_mixin.py:120} INFO - [2024-08-01T10:19:59.758+0000] {dag.py:3340} INFO - Setting next_dagrun for dataset_produces_2 to None, run_after=None
[2024-08-01T10:19:59.824+0000] {processor.py:176} INFO - Processing /home/airflow/.local/lib/python3.7/site-packages/airflow/example_dags/example_datasets.py took 0.317 seconds
[2024-08-01T10:20:30.009+0000] {processor.py:154} INFO - Started process (PID=9949) to work on /home/airflow/.local/lib/python3.7/site-packages/airflow/example_dags/example_datasets.py
[2024-08-01T10:20:30.010+0000] {processor.py:756} INFO - Processing file /home/airflow/.local/lib/python3.7/site-packages/airflow/example_dags/example_datasets.py for tasks to queue
[2024-08-01T10:20:30.015+0000] {logging_mixin.py:120} INFO - [2024-08-01T10:20:30.015+0000] {dagbag.py:537} INFO - Filling up the DagBag from /home/airflow/.local/lib/python3.7/site-packages/airflow/example_dags/example_datasets.py
[2024-08-01T10:20:30.031+0000] {processor.py:766} INFO - DAG(s) dict_keys(['dataset_produces_1', 'dataset_consumes_1_and_2', 'dataset_consumes_1_never_scheduled', 'dataset_consumes_unknown_never_scheduled', 'dataset_produces_2', 'dataset_consumes_1']) retrieved from /home/airflow/.local/lib/python3.7/site-packages/airflow/example_dags/example_datasets.py
[2024-08-01T10:20:30.098+0000] {logging_mixin.py:120} INFO - [2024-08-01T10:20:30.098+0000] {dag.py:2585} INFO - Sync 6 DAGs
[2024-08-01T10:20:30.128+0000] {logging_mixin.py:120} INFO - [2024-08-01T10:20:30.128+0000] {dag.py:3340} INFO - Setting next_dagrun for dataset_consumes_1 to None, run_after=None
[2024-08-01T10:20:30.135+0000] {logging_mixin.py:120} INFO - [2024-08-01T10:20:30.135+0000] {dag.py:3340} INFO - Setting next_dagrun for dataset_consumes_1_and_2 to None, run_after=None
[2024-08-01T10:20:30.137+0000] {logging_mixin.py:120} INFO - [2024-08-01T10:20:30.137+0000] {dag.py:3340} INFO - Setting next_dagrun for dataset_consumes_1_never_scheduled to None, run_after=None
[2024-08-01T10:20:30.139+0000] {logging_mixin.py:120} INFO - [2024-08-01T10:20:30.139+0000] {dag.py:3340} INFO - Setting next_dagrun for dataset_consumes_unknown_never_scheduled to None, run_after=None
[2024-08-01T10:20:30.142+0000] {logging_mixin.py:120} INFO - [2024-08-01T10:20:30.142+0000] {dag.py:3340} INFO - Setting next_dagrun for dataset_produces_1 to 2024-07-31T00:00:00+00:00, run_after=2024-08-01T00:00:00+00:00
[2024-08-01T10:20:30.144+0000] {logging_mixin.py:120} INFO - [2024-08-01T10:20:30.143+0000] {dag.py:3340} INFO - Setting next_dagrun for dataset_produces_2 to None, run_after=None
[2024-08-01T10:20:30.189+0000] {processor.py:176} INFO - Processing /home/airflow/.local/lib/python3.7/site-packages/airflow/example_dags/example_datasets.py took 0.183 seconds
[2024-08-01T10:22:14.883+0000] {processor.py:154} INFO - Started process (PID=65) to work on /home/airflow/.local/lib/python3.7/site-packages/airflow/example_dags/example_datasets.py
[2024-08-01T10:22:14.885+0000] {processor.py:756} INFO - Processing file /home/airflow/.local/lib/python3.7/site-packages/airflow/example_dags/example_datasets.py for tasks to queue
[2024-08-01T10:22:14.887+0000] {logging_mixin.py:120} INFO - [2024-08-01T10:22:14.887+0000] {dagbag.py:537} INFO - Filling up the DagBag from /home/airflow/.local/lib/python3.7/site-packages/airflow/example_dags/example_datasets.py
[2024-08-01T10:22:14.926+0000] {processor.py:766} INFO - DAG(s) dict_keys(['dataset_consumes_1_never_scheduled', 'dataset_consumes_1', 'dataset_produces_2', 'dataset_consumes_1_and_2', 'dataset_produces_1', 'dataset_consumes_unknown_never_scheduled']) retrieved from /home/airflow/.local/lib/python3.7/site-packages/airflow/example_dags/example_datasets.py
[2024-08-01T10:22:15.210+0000] {logging_mixin.py:120} INFO - [2024-08-01T10:22:15.210+0000] {dag.py:2585} INFO - Sync 6 DAGs
[2024-08-01T10:22:15.275+0000] {logging_mixin.py:120} INFO - [2024-08-01T10:22:15.275+0000] {dag.py:3340} INFO - Setting next_dagrun for dataset_consumes_1 to None, run_after=None
[2024-08-01T10:22:15.291+0000] {logging_mixin.py:120} INFO - [2024-08-01T10:22:15.290+0000] {dag.py:3340} INFO - Setting next_dagrun for dataset_consumes_1_and_2 to None, run_after=None
[2024-08-01T10:22:15.295+0000] {logging_mixin.py:120} INFO - [2024-08-01T10:22:15.295+0000] {dag.py:3340} INFO - Setting next_dagrun for dataset_consumes_1_never_scheduled to None, run_after=None
[2024-08-01T10:22:15.301+0000] {logging_mixin.py:120} INFO - [2024-08-01T10:22:15.301+0000] {dag.py:3340} INFO - Setting next_dagrun for dataset_consumes_unknown_never_scheduled to None, run_after=None
[2024-08-01T10:22:15.311+0000] {logging_mixin.py:120} INFO - [2024-08-01T10:22:15.311+0000] {dag.py:3340} INFO - Setting next_dagrun for dataset_produces_1 to 2024-07-31T00:00:00+00:00, run_after=2024-08-01T00:00:00+00:00
[2024-08-01T10:22:15.318+0000] {logging_mixin.py:120} INFO - [2024-08-01T10:22:15.318+0000] {dag.py:3340} INFO - Setting next_dagrun for dataset_produces_2 to None, run_after=None
[2024-08-01T10:22:15.411+0000] {processor.py:176} INFO - Processing /home/airflow/.local/lib/python3.7/site-packages/airflow/example_dags/example_datasets.py took 0.534 seconds
[2024-08-01T10:22:46.310+0000] {processor.py:154} INFO - Started process (PID=130) to work on /home/airflow/.local/lib/python3.7/site-packages/airflow/example_dags/example_datasets.py
[2024-08-01T10:22:46.312+0000] {processor.py:756} INFO - Processing file /home/airflow/.local/lib/python3.7/site-packages/airflow/example_dags/example_datasets.py for tasks to queue
[2024-08-01T10:22:46.313+0000] {logging_mixin.py:120} INFO - [2024-08-01T10:22:46.313+0000] {dagbag.py:537} INFO - Filling up the DagBag from /home/airflow/.local/lib/python3.7/site-packages/airflow/example_dags/example_datasets.py
[2024-08-01T10:22:46.332+0000] {processor.py:766} INFO - DAG(s) dict_keys(['dataset_produces_1', 'dataset_consumes_1_and_2', 'dataset_consumes_1', 'dataset_consumes_unknown_never_scheduled', 'dataset_produces_2', 'dataset_consumes_1_never_scheduled']) retrieved from /home/airflow/.local/lib/python3.7/site-packages/airflow/example_dags/example_datasets.py
[2024-08-01T10:22:46.397+0000] {logging_mixin.py:120} INFO - [2024-08-01T10:22:46.396+0000] {dag.py:2585} INFO - Sync 6 DAGs
[2024-08-01T10:22:46.434+0000] {logging_mixin.py:120} INFO - [2024-08-01T10:22:46.434+0000] {dag.py:3340} INFO - Setting next_dagrun for dataset_consumes_1 to None, run_after=None
[2024-08-01T10:22:46.439+0000] {logging_mixin.py:120} INFO - [2024-08-01T10:22:46.439+0000] {dag.py:3340} INFO - Setting next_dagrun for dataset_consumes_1_and_2 to None, run_after=None
[2024-08-01T10:22:46.442+0000] {logging_mixin.py:120} INFO - [2024-08-01T10:22:46.442+0000] {dag.py:3340} INFO - Setting next_dagrun for dataset_consumes_1_never_scheduled to None, run_after=None
[2024-08-01T10:22:46.445+0000] {logging_mixin.py:120} INFO - [2024-08-01T10:22:46.445+0000] {dag.py:3340} INFO - Setting next_dagrun for dataset_consumes_unknown_never_scheduled to None, run_after=None
[2024-08-01T10:22:46.451+0000] {logging_mixin.py:120} INFO - [2024-08-01T10:22:46.451+0000] {dag.py:3340} INFO - Setting next_dagrun for dataset_produces_1 to 2024-07-31T00:00:00+00:00, run_after=2024-08-01T00:00:00+00:00
[2024-08-01T10:22:46.453+0000] {logging_mixin.py:120} INFO - [2024-08-01T10:22:46.453+0000] {dag.py:3340} INFO - Setting next_dagrun for dataset_produces_2 to None, run_after=None
[2024-08-01T10:22:46.517+0000] {processor.py:176} INFO - Processing /home/airflow/.local/lib/python3.7/site-packages/airflow/example_dags/example_datasets.py took 0.212 seconds
[2024-08-01T10:23:16.946+0000] {processor.py:154} INFO - Started process (PID=195) to work on /home/airflow/.local/lib/python3.7/site-packages/airflow/example_dags/example_datasets.py
[2024-08-01T10:23:16.949+0000] {processor.py:756} INFO - Processing file /home/airflow/.local/lib/python3.7/site-packages/airflow/example_dags/example_datasets.py for tasks to queue
[2024-08-01T10:23:16.951+0000] {logging_mixin.py:120} INFO - [2024-08-01T10:23:16.950+0000] {dagbag.py:537} INFO - Filling up the DagBag from /home/airflow/.local/lib/python3.7/site-packages/airflow/example_dags/example_datasets.py
[2024-08-01T10:23:16.984+0000] {processor.py:766} INFO - DAG(s) dict_keys(['dataset_consumes_1', 'dataset_consumes_unknown_never_scheduled', 'dataset_produces_1', 'dataset_consumes_1_never_scheduled', 'dataset_consumes_1_and_2', 'dataset_produces_2']) retrieved from /home/airflow/.local/lib/python3.7/site-packages/airflow/example_dags/example_datasets.py
[2024-08-01T10:23:17.477+0000] {logging_mixin.py:120} INFO - [2024-08-01T10:23:17.477+0000] {process_utils.py:256} INFO - Waiting up to 5 seconds for processes to exit...
