[2024-08-01T08:57:37.456+0000] {processor.py:154} INFO - Started process (PID=54) to work on /home/airflow/.local/lib/python3.7/site-packages/airflow/example_dags/example_bash_operator.py
[2024-08-01T08:57:37.459+0000] {processor.py:756} INFO - Processing file /home/airflow/.local/lib/python3.7/site-packages/airflow/example_dags/example_bash_operator.py for tasks to queue
[2024-08-01T08:57:37.461+0000] {logging_mixin.py:120} INFO - [2024-08-01T08:57:37.461+0000] {dagbag.py:537} INFO - Filling up the DagBag from /home/airflow/.local/lib/python3.7/site-packages/airflow/example_dags/example_bash_operator.py
[2024-08-01T08:57:37.514+0000] {processor.py:766} INFO - DAG(s) dict_keys(['example_bash_operator']) retrieved from /home/airflow/.local/lib/python3.7/site-packages/airflow/example_dags/example_bash_operator.py
[2024-08-01T08:57:37.612+0000] {logging_mixin.py:120} INFO - [2024-08-01T08:57:37.612+0000] {dag.py:2585} INFO - Sync 1 DAGs
[2024-08-01T08:57:37.668+0000] {logging_mixin.py:120} INFO - [2024-08-01T08:57:37.667+0000] {dag.py:3340} INFO - Setting next_dagrun for example_bash_operator to 2024-07-31T00:00:00+00:00, run_after=2024-08-01T00:00:00+00:00
[2024-08-01T08:57:37.745+0000] {processor.py:176} INFO - Processing /home/airflow/.local/lib/python3.7/site-packages/airflow/example_dags/example_bash_operator.py took 0.296 seconds
[2024-08-01T08:58:08.642+0000] {processor.py:154} INFO - Started process (PID=117) to work on /home/airflow/.local/lib/python3.7/site-packages/airflow/example_dags/example_bash_operator.py
[2024-08-01T08:58:08.645+0000] {processor.py:756} INFO - Processing file /home/airflow/.local/lib/python3.7/site-packages/airflow/example_dags/example_bash_operator.py for tasks to queue
[2024-08-01T08:58:08.646+0000] {logging_mixin.py:120} INFO - [2024-08-01T08:58:08.646+0000] {dagbag.py:537} INFO - Filling up the DagBag from /home/airflow/.local/lib/python3.7/site-packages/airflow/example_dags/example_bash_operator.py
[2024-08-01T08:58:08.690+0000] {processor.py:766} INFO - DAG(s) dict_keys(['example_bash_operator']) retrieved from /home/airflow/.local/lib/python3.7/site-packages/airflow/example_dags/example_bash_operator.py
[2024-08-01T08:58:08.867+0000] {logging_mixin.py:120} INFO - [2024-08-01T08:58:08.867+0000] {dag.py:2585} INFO - Sync 1 DAGs
[2024-08-01T08:58:08.962+0000] {logging_mixin.py:120} INFO - [2024-08-01T08:58:08.962+0000] {dag.py:3340} INFO - Setting next_dagrun for example_bash_operator to 2024-07-31T00:00:00+00:00, run_after=2024-08-01T00:00:00+00:00
[2024-08-01T08:58:09.101+0000] {processor.py:176} INFO - Processing /home/airflow/.local/lib/python3.7/site-packages/airflow/example_dags/example_bash_operator.py took 0.468 seconds
[2024-08-01T08:58:39.978+0000] {processor.py:154} INFO - Started process (PID=172) to work on /home/airflow/.local/lib/python3.7/site-packages/airflow/example_dags/example_bash_operator.py
[2024-08-01T08:58:39.979+0000] {processor.py:756} INFO - Processing file /home/airflow/.local/lib/python3.7/site-packages/airflow/example_dags/example_bash_operator.py for tasks to queue
[2024-08-01T08:58:39.980+0000] {logging_mixin.py:120} INFO - [2024-08-01T08:58:39.980+0000] {dagbag.py:537} INFO - Filling up the DagBag from /home/airflow/.local/lib/python3.7/site-packages/airflow/example_dags/example_bash_operator.py
[2024-08-01T08:58:40.026+0000] {processor.py:766} INFO - DAG(s) dict_keys(['example_bash_operator']) retrieved from /home/airflow/.local/lib/python3.7/site-packages/airflow/example_dags/example_bash_operator.py
[2024-08-01T08:58:40.143+0000] {logging_mixin.py:120} INFO - [2024-08-01T08:58:40.143+0000] {dag.py:2585} INFO - Sync 1 DAGs
[2024-08-01T08:58:40.174+0000] {logging_mixin.py:120} INFO - [2024-08-01T08:58:40.174+0000] {dag.py:3340} INFO - Setting next_dagrun for example_bash_operator to 2024-07-31T00:00:00+00:00, run_after=2024-08-01T00:00:00+00:00
[2024-08-01T08:58:40.234+0000] {processor.py:176} INFO - Processing /home/airflow/.local/lib/python3.7/site-packages/airflow/example_dags/example_bash_operator.py took 0.259 seconds
[2024-08-01T08:59:11.123+0000] {processor.py:154} INFO - Started process (PID=235) to work on /home/airflow/.local/lib/python3.7/site-packages/airflow/example_dags/example_bash_operator.py
[2024-08-01T08:59:11.125+0000] {processor.py:756} INFO - Processing file /home/airflow/.local/lib/python3.7/site-packages/airflow/example_dags/example_bash_operator.py for tasks to queue
[2024-08-01T08:59:11.126+0000] {logging_mixin.py:120} INFO - [2024-08-01T08:59:11.126+0000] {dagbag.py:537} INFO - Filling up the DagBag from /home/airflow/.local/lib/python3.7/site-packages/airflow/example_dags/example_bash_operator.py
[2024-08-01T08:59:11.155+0000] {processor.py:766} INFO - DAG(s) dict_keys(['example_bash_operator']) retrieved from /home/airflow/.local/lib/python3.7/site-packages/airflow/example_dags/example_bash_operator.py
[2024-08-01T08:59:11.210+0000] {logging_mixin.py:120} INFO - [2024-08-01T08:59:11.210+0000] {dag.py:2585} INFO - Sync 1 DAGs
[2024-08-01T08:59:11.237+0000] {logging_mixin.py:120} INFO - [2024-08-01T08:59:11.237+0000] {dag.py:3340} INFO - Setting next_dagrun for example_bash_operator to 2024-07-31T00:00:00+00:00, run_after=2024-08-01T00:00:00+00:00
[2024-08-01T08:59:11.261+0000] {processor.py:176} INFO - Processing /home/airflow/.local/lib/python3.7/site-packages/airflow/example_dags/example_bash_operator.py took 0.143 seconds
[2024-08-01T08:59:41.379+0000] {processor.py:154} INFO - Started process (PID=297) to work on /home/airflow/.local/lib/python3.7/site-packages/airflow/example_dags/example_bash_operator.py
[2024-08-01T08:59:41.380+0000] {processor.py:756} INFO - Processing file /home/airflow/.local/lib/python3.7/site-packages/airflow/example_dags/example_bash_operator.py for tasks to queue
[2024-08-01T08:59:41.382+0000] {logging_mixin.py:120} INFO - [2024-08-01T08:59:41.381+0000] {dagbag.py:537} INFO - Filling up the DagBag from /home/airflow/.local/lib/python3.7/site-packages/airflow/example_dags/example_bash_operator.py
[2024-08-01T08:59:41.414+0000] {processor.py:766} INFO - DAG(s) dict_keys(['example_bash_operator']) retrieved from /home/airflow/.local/lib/python3.7/site-packages/airflow/example_dags/example_bash_operator.py
[2024-08-01T08:59:41.478+0000] {logging_mixin.py:120} INFO - [2024-08-01T08:59:41.477+0000] {dag.py:2585} INFO - Sync 1 DAGs
[2024-08-01T08:59:41.647+0000] {logging_mixin.py:120} INFO - [2024-08-01T08:59:41.647+0000] {dag.py:3340} INFO - Setting next_dagrun for example_bash_operator to 2024-07-31T00:00:00+00:00, run_after=2024-08-01T00:00:00+00:00
[2024-08-01T08:59:41.755+0000] {processor.py:176} INFO - Processing /home/airflow/.local/lib/python3.7/site-packages/airflow/example_dags/example_bash_operator.py took 0.380 seconds
[2024-08-01T09:00:12.739+0000] {processor.py:154} INFO - Started process (PID=352) to work on /home/airflow/.local/lib/python3.7/site-packages/airflow/example_dags/example_bash_operator.py
[2024-08-01T09:00:12.748+0000] {processor.py:756} INFO - Processing file /home/airflow/.local/lib/python3.7/site-packages/airflow/example_dags/example_bash_operator.py for tasks to queue
[2024-08-01T09:00:12.846+0000] {logging_mixin.py:120} INFO - [2024-08-01T09:00:12.845+0000] {dagbag.py:537} INFO - Filling up the DagBag from /home/airflow/.local/lib/python3.7/site-packages/airflow/example_dags/example_bash_operator.py
[2024-08-01T09:00:12.881+0000] {processor.py:766} INFO - DAG(s) dict_keys(['example_bash_operator']) retrieved from /home/airflow/.local/lib/python3.7/site-packages/airflow/example_dags/example_bash_operator.py
[2024-08-01T09:00:12.968+0000] {logging_mixin.py:120} INFO - [2024-08-01T09:00:12.968+0000] {dag.py:2585} INFO - Sync 1 DAGs
[2024-08-01T09:00:13.057+0000] {logging_mixin.py:120} INFO - [2024-08-01T09:00:13.056+0000] {dag.py:3340} INFO - Setting next_dagrun for example_bash_operator to 2024-07-31T00:00:00+00:00, run_after=2024-08-01T00:00:00+00:00
[2024-08-01T09:00:13.159+0000] {processor.py:176} INFO - Processing /home/airflow/.local/lib/python3.7/site-packages/airflow/example_dags/example_bash_operator.py took 0.425 seconds
[2024-08-01T09:00:44.010+0000] {processor.py:154} INFO - Started process (PID=415) to work on /home/airflow/.local/lib/python3.7/site-packages/airflow/example_dags/example_bash_operator.py
[2024-08-01T09:00:44.011+0000] {processor.py:756} INFO - Processing file /home/airflow/.local/lib/python3.7/site-packages/airflow/example_dags/example_bash_operator.py for tasks to queue
[2024-08-01T09:00:44.012+0000] {logging_mixin.py:120} INFO - [2024-08-01T09:00:44.012+0000] {dagbag.py:537} INFO - Filling up the DagBag from /home/airflow/.local/lib/python3.7/site-packages/airflow/example_dags/example_bash_operator.py
[2024-08-01T09:00:44.045+0000] {processor.py:766} INFO - DAG(s) dict_keys(['example_bash_operator']) retrieved from /home/airflow/.local/lib/python3.7/site-packages/airflow/example_dags/example_bash_operator.py
[2024-08-01T09:00:44.106+0000] {logging_mixin.py:120} INFO - [2024-08-01T09:00:44.105+0000] {dag.py:2585} INFO - Sync 1 DAGs
[2024-08-01T09:00:44.203+0000] {logging_mixin.py:120} INFO - [2024-08-01T09:00:44.203+0000] {dag.py:3340} INFO - Setting next_dagrun for example_bash_operator to 2024-07-31T00:00:00+00:00, run_after=2024-08-01T00:00:00+00:00
[2024-08-01T09:00:44.243+0000] {processor.py:176} INFO - Processing /home/airflow/.local/lib/python3.7/site-packages/airflow/example_dags/example_bash_operator.py took 0.237 seconds
[2024-08-01T09:01:14.605+0000] {processor.py:154} INFO - Started process (PID=469) to work on /home/airflow/.local/lib/python3.7/site-packages/airflow/example_dags/example_bash_operator.py
[2024-08-01T09:01:14.609+0000] {processor.py:756} INFO - Processing file /home/airflow/.local/lib/python3.7/site-packages/airflow/example_dags/example_bash_operator.py for tasks to queue
[2024-08-01T09:01:14.610+0000] {logging_mixin.py:120} INFO - [2024-08-01T09:01:14.609+0000] {dagbag.py:537} INFO - Filling up the DagBag from /home/airflow/.local/lib/python3.7/site-packages/airflow/example_dags/example_bash_operator.py
[2024-08-01T09:01:14.634+0000] {processor.py:766} INFO - DAG(s) dict_keys(['example_bash_operator']) retrieved from /home/airflow/.local/lib/python3.7/site-packages/airflow/example_dags/example_bash_operator.py
[2024-08-01T09:01:14.863+0000] {logging_mixin.py:120} INFO - [2024-08-01T09:01:14.863+0000] {dag.py:2585} INFO - Sync 1 DAGs
[2024-08-01T09:01:14.923+0000] {logging_mixin.py:120} INFO - [2024-08-01T09:01:14.923+0000] {dag.py:3340} INFO - Setting next_dagrun for example_bash_operator to 2024-07-31T00:00:00+00:00, run_after=2024-08-01T00:00:00+00:00
[2024-08-01T09:01:15.004+0000] {processor.py:176} INFO - Processing /home/airflow/.local/lib/python3.7/site-packages/airflow/example_dags/example_bash_operator.py took 0.403 seconds
[2024-08-01T09:01:45.309+0000] {processor.py:154} INFO - Started process (PID=532) to work on /home/airflow/.local/lib/python3.7/site-packages/airflow/example_dags/example_bash_operator.py
[2024-08-01T09:01:45.310+0000] {processor.py:756} INFO - Processing file /home/airflow/.local/lib/python3.7/site-packages/airflow/example_dags/example_bash_operator.py for tasks to queue
[2024-08-01T09:01:45.311+0000] {logging_mixin.py:120} INFO - [2024-08-01T09:01:45.311+0000] {dagbag.py:537} INFO - Filling up the DagBag from /home/airflow/.local/lib/python3.7/site-packages/airflow/example_dags/example_bash_operator.py
[2024-08-01T09:01:45.349+0000] {processor.py:766} INFO - DAG(s) dict_keys(['example_bash_operator']) retrieved from /home/airflow/.local/lib/python3.7/site-packages/airflow/example_dags/example_bash_operator.py
[2024-08-01T09:01:45.460+0000] {logging_mixin.py:120} INFO - [2024-08-01T09:01:45.460+0000] {dag.py:2585} INFO - Sync 1 DAGs
[2024-08-01T09:01:45.498+0000] {logging_mixin.py:120} INFO - [2024-08-01T09:01:45.498+0000] {dag.py:3340} INFO - Setting next_dagrun for example_bash_operator to 2024-07-31T00:00:00+00:00, run_after=2024-08-01T00:00:00+00:00
[2024-08-01T09:01:45.533+0000] {processor.py:176} INFO - Processing /home/airflow/.local/lib/python3.7/site-packages/airflow/example_dags/example_bash_operator.py took 0.229 seconds
[2024-08-01T09:02:15.670+0000] {processor.py:154} INFO - Started process (PID=585) to work on /home/airflow/.local/lib/python3.7/site-packages/airflow/example_dags/example_bash_operator.py
[2024-08-01T09:02:15.672+0000] {processor.py:756} INFO - Processing file /home/airflow/.local/lib/python3.7/site-packages/airflow/example_dags/example_bash_operator.py for tasks to queue
[2024-08-01T09:02:15.673+0000] {logging_mixin.py:120} INFO - [2024-08-01T09:02:15.673+0000] {dagbag.py:537} INFO - Filling up the DagBag from /home/airflow/.local/lib/python3.7/site-packages/airflow/example_dags/example_bash_operator.py
[2024-08-01T09:02:15.692+0000] {processor.py:766} INFO - DAG(s) dict_keys(['example_bash_operator']) retrieved from /home/airflow/.local/lib/python3.7/site-packages/airflow/example_dags/example_bash_operator.py
[2024-08-01T09:02:15.733+0000] {logging_mixin.py:120} INFO - [2024-08-01T09:02:15.733+0000] {dag.py:2585} INFO - Sync 1 DAGs
[2024-08-01T09:02:15.757+0000] {logging_mixin.py:120} INFO - [2024-08-01T09:02:15.757+0000] {dag.py:3340} INFO - Setting next_dagrun for example_bash_operator to 2024-07-31T00:00:00+00:00, run_after=2024-08-01T00:00:00+00:00
[2024-08-01T09:02:15.776+0000] {processor.py:176} INFO - Processing /home/airflow/.local/lib/python3.7/site-packages/airflow/example_dags/example_bash_operator.py took 0.109 seconds
[2024-08-01T09:02:46.166+0000] {processor.py:154} INFO - Started process (PID=649) to work on /home/airflow/.local/lib/python3.7/site-packages/airflow/example_dags/example_bash_operator.py
[2024-08-01T09:02:46.213+0000] {processor.py:756} INFO - Processing file /home/airflow/.local/lib/python3.7/site-packages/airflow/example_dags/example_bash_operator.py for tasks to queue
[2024-08-01T09:02:46.229+0000] {logging_mixin.py:120} INFO - [2024-08-01T09:02:46.229+0000] {dagbag.py:537} INFO - Filling up the DagBag from /home/airflow/.local/lib/python3.7/site-packages/airflow/example_dags/example_bash_operator.py
[2024-08-01T09:02:46.259+0000] {processor.py:766} INFO - DAG(s) dict_keys(['example_bash_operator']) retrieved from /home/airflow/.local/lib/python3.7/site-packages/airflow/example_dags/example_bash_operator.py
[2024-08-01T09:02:46.306+0000] {logging_mixin.py:120} INFO - [2024-08-01T09:02:46.306+0000] {dag.py:2585} INFO - Sync 1 DAGs
[2024-08-01T09:02:46.414+0000] {logging_mixin.py:120} INFO - [2024-08-01T09:02:46.413+0000] {dag.py:3340} INFO - Setting next_dagrun for example_bash_operator to 2024-07-31T00:00:00+00:00, run_after=2024-08-01T00:00:00+00:00
[2024-08-01T09:02:46.450+0000] {processor.py:176} INFO - Processing /home/airflow/.local/lib/python3.7/site-packages/airflow/example_dags/example_bash_operator.py took 0.290 seconds
[2024-08-01T09:03:17.333+0000] {processor.py:154} INFO - Started process (PID=712) to work on /home/airflow/.local/lib/python3.7/site-packages/airflow/example_dags/example_bash_operator.py
[2024-08-01T09:03:17.334+0000] {processor.py:756} INFO - Processing file /home/airflow/.local/lib/python3.7/site-packages/airflow/example_dags/example_bash_operator.py for tasks to queue
[2024-08-01T09:03:17.335+0000] {logging_mixin.py:120} INFO - [2024-08-01T09:03:17.335+0000] {dagbag.py:537} INFO - Filling up the DagBag from /home/airflow/.local/lib/python3.7/site-packages/airflow/example_dags/example_bash_operator.py
[2024-08-01T09:03:17.360+0000] {processor.py:766} INFO - DAG(s) dict_keys(['example_bash_operator']) retrieved from /home/airflow/.local/lib/python3.7/site-packages/airflow/example_dags/example_bash_operator.py
[2024-08-01T09:03:17.426+0000] {logging_mixin.py:120} INFO - [2024-08-01T09:03:17.425+0000] {dag.py:2585} INFO - Sync 1 DAGs
[2024-08-01T09:03:17.471+0000] {logging_mixin.py:120} INFO - [2024-08-01T09:03:17.470+0000] {dag.py:3340} INFO - Setting next_dagrun for example_bash_operator to 2024-07-31T00:00:00+00:00, run_after=2024-08-01T00:00:00+00:00
[2024-08-01T09:03:17.504+0000] {processor.py:176} INFO - Processing /home/airflow/.local/lib/python3.7/site-packages/airflow/example_dags/example_bash_operator.py took 0.175 seconds
[2024-08-01T09:03:47.550+0000] {processor.py:154} INFO - Started process (PID=765) to work on /home/airflow/.local/lib/python3.7/site-packages/airflow/example_dags/example_bash_operator.py
[2024-08-01T09:03:47.551+0000] {processor.py:756} INFO - Processing file /home/airflow/.local/lib/python3.7/site-packages/airflow/example_dags/example_bash_operator.py for tasks to queue
[2024-08-01T09:03:47.552+0000] {logging_mixin.py:120} INFO - [2024-08-01T09:03:47.552+0000] {dagbag.py:537} INFO - Filling up the DagBag from /home/airflow/.local/lib/python3.7/site-packages/airflow/example_dags/example_bash_operator.py
[2024-08-01T09:03:47.571+0000] {processor.py:766} INFO - DAG(s) dict_keys(['example_bash_operator']) retrieved from /home/airflow/.local/lib/python3.7/site-packages/airflow/example_dags/example_bash_operator.py
[2024-08-01T09:03:47.630+0000] {logging_mixin.py:120} INFO - [2024-08-01T09:03:47.630+0000] {dag.py:2585} INFO - Sync 1 DAGs
[2024-08-01T09:03:47.665+0000] {logging_mixin.py:120} INFO - [2024-08-01T09:03:47.665+0000] {dag.py:3340} INFO - Setting next_dagrun for example_bash_operator to 2024-07-31T00:00:00+00:00, run_after=2024-08-01T00:00:00+00:00
[2024-08-01T09:03:47.690+0000] {processor.py:176} INFO - Processing /home/airflow/.local/lib/python3.7/site-packages/airflow/example_dags/example_bash_operator.py took 0.143 seconds
[2024-08-01T09:04:18.300+0000] {processor.py:154} INFO - Started process (PID=829) to work on /home/airflow/.local/lib/python3.7/site-packages/airflow/example_dags/example_bash_operator.py
[2024-08-01T09:04:18.301+0000] {processor.py:756} INFO - Processing file /home/airflow/.local/lib/python3.7/site-packages/airflow/example_dags/example_bash_operator.py for tasks to queue
[2024-08-01T09:04:18.302+0000] {logging_mixin.py:120} INFO - [2024-08-01T09:04:18.302+0000] {dagbag.py:537} INFO - Filling up the DagBag from /home/airflow/.local/lib/python3.7/site-packages/airflow/example_dags/example_bash_operator.py
[2024-08-01T09:04:18.346+0000] {processor.py:766} INFO - DAG(s) dict_keys(['example_bash_operator']) retrieved from /home/airflow/.local/lib/python3.7/site-packages/airflow/example_dags/example_bash_operator.py
[2024-08-01T09:04:18.520+0000] {logging_mixin.py:120} INFO - [2024-08-01T09:04:18.519+0000] {dag.py:2585} INFO - Sync 1 DAGs
[2024-08-01T09:04:18.649+0000] {logging_mixin.py:120} INFO - [2024-08-01T09:04:18.649+0000] {dag.py:3340} INFO - Setting next_dagrun for example_bash_operator to 2024-07-31T00:00:00+00:00, run_after=2024-08-01T00:00:00+00:00
[2024-08-01T09:04:18.825+0000] {processor.py:176} INFO - Processing /home/airflow/.local/lib/python3.7/site-packages/airflow/example_dags/example_bash_operator.py took 0.529 seconds
[2024-08-01T09:04:49.343+0000] {processor.py:154} INFO - Started process (PID=893) to work on /home/airflow/.local/lib/python3.7/site-packages/airflow/example_dags/example_bash_operator.py
[2024-08-01T09:04:49.345+0000] {processor.py:756} INFO - Processing file /home/airflow/.local/lib/python3.7/site-packages/airflow/example_dags/example_bash_operator.py for tasks to queue
[2024-08-01T09:04:49.347+0000] {logging_mixin.py:120} INFO - [2024-08-01T09:04:49.347+0000] {dagbag.py:537} INFO - Filling up the DagBag from /home/airflow/.local/lib/python3.7/site-packages/airflow/example_dags/example_bash_operator.py
[2024-08-01T09:04:49.414+0000] {processor.py:766} INFO - DAG(s) dict_keys(['example_bash_operator']) retrieved from /home/airflow/.local/lib/python3.7/site-packages/airflow/example_dags/example_bash_operator.py
[2024-08-01T09:04:49.521+0000] {logging_mixin.py:120} INFO - [2024-08-01T09:04:49.521+0000] {dag.py:2585} INFO - Sync 1 DAGs
[2024-08-01T09:04:49.579+0000] {logging_mixin.py:120} INFO - [2024-08-01T09:04:49.579+0000] {dag.py:3340} INFO - Setting next_dagrun for example_bash_operator to 2024-07-31T00:00:00+00:00, run_after=2024-08-01T00:00:00+00:00
[2024-08-01T09:04:49.611+0000] {processor.py:176} INFO - Processing /home/airflow/.local/lib/python3.7/site-packages/airflow/example_dags/example_bash_operator.py took 0.272 seconds
[2024-08-01T09:05:19.728+0000] {processor.py:154} INFO - Started process (PID=947) to work on /home/airflow/.local/lib/python3.7/site-packages/airflow/example_dags/example_bash_operator.py
[2024-08-01T09:05:19.729+0000] {processor.py:756} INFO - Processing file /home/airflow/.local/lib/python3.7/site-packages/airflow/example_dags/example_bash_operator.py for tasks to queue
[2024-08-01T09:05:19.731+0000] {logging_mixin.py:120} INFO - [2024-08-01T09:05:19.730+0000] {dagbag.py:537} INFO - Filling up the DagBag from /home/airflow/.local/lib/python3.7/site-packages/airflow/example_dags/example_bash_operator.py
[2024-08-01T09:05:19.756+0000] {processor.py:766} INFO - DAG(s) dict_keys(['example_bash_operator']) retrieved from /home/airflow/.local/lib/python3.7/site-packages/airflow/example_dags/example_bash_operator.py
[2024-08-01T09:05:19.920+0000] {logging_mixin.py:120} INFO - [2024-08-01T09:05:19.920+0000] {dag.py:2585} INFO - Sync 1 DAGs
[2024-08-01T09:05:20.021+0000] {logging_mixin.py:120} INFO - [2024-08-01T09:05:20.021+0000] {dag.py:3340} INFO - Setting next_dagrun for example_bash_operator to 2024-07-31T00:00:00+00:00, run_after=2024-08-01T00:00:00+00:00
[2024-08-01T09:05:20.085+0000] {processor.py:176} INFO - Processing /home/airflow/.local/lib/python3.7/site-packages/airflow/example_dags/example_bash_operator.py took 0.362 seconds
[2024-08-01T09:05:50.946+0000] {processor.py:154} INFO - Started process (PID=1011) to work on /home/airflow/.local/lib/python3.7/site-packages/airflow/example_dags/example_bash_operator.py
[2024-08-01T09:05:50.947+0000] {processor.py:756} INFO - Processing file /home/airflow/.local/lib/python3.7/site-packages/airflow/example_dags/example_bash_operator.py for tasks to queue
[2024-08-01T09:05:50.948+0000] {logging_mixin.py:120} INFO - [2024-08-01T09:05:50.947+0000] {dagbag.py:537} INFO - Filling up the DagBag from /home/airflow/.local/lib/python3.7/site-packages/airflow/example_dags/example_bash_operator.py
[2024-08-01T09:05:50.966+0000] {processor.py:766} INFO - DAG(s) dict_keys(['example_bash_operator']) retrieved from /home/airflow/.local/lib/python3.7/site-packages/airflow/example_dags/example_bash_operator.py
[2024-08-01T09:05:51.013+0000] {logging_mixin.py:120} INFO - [2024-08-01T09:05:51.013+0000] {dag.py:2585} INFO - Sync 1 DAGs
[2024-08-01T09:05:51.071+0000] {logging_mixin.py:120} INFO - [2024-08-01T09:05:51.071+0000] {dag.py:3340} INFO - Setting next_dagrun for example_bash_operator to 2024-07-31T00:00:00+00:00, run_after=2024-08-01T00:00:00+00:00
[2024-08-01T09:05:51.135+0000] {processor.py:176} INFO - Processing /home/airflow/.local/lib/python3.7/site-packages/airflow/example_dags/example_bash_operator.py took 0.192 seconds
[2024-08-01T09:06:21.430+0000] {processor.py:154} INFO - Started process (PID=1074) to work on /home/airflow/.local/lib/python3.7/site-packages/airflow/example_dags/example_bash_operator.py
[2024-08-01T09:06:21.433+0000] {processor.py:756} INFO - Processing file /home/airflow/.local/lib/python3.7/site-packages/airflow/example_dags/example_bash_operator.py for tasks to queue
[2024-08-01T09:06:21.435+0000] {logging_mixin.py:120} INFO - [2024-08-01T09:06:21.435+0000] {dagbag.py:537} INFO - Filling up the DagBag from /home/airflow/.local/lib/python3.7/site-packages/airflow/example_dags/example_bash_operator.py
[2024-08-01T09:06:21.486+0000] {processor.py:766} INFO - DAG(s) dict_keys(['example_bash_operator']) retrieved from /home/airflow/.local/lib/python3.7/site-packages/airflow/example_dags/example_bash_operator.py
[2024-08-01T09:06:21.575+0000] {logging_mixin.py:120} INFO - [2024-08-01T09:06:21.575+0000] {dag.py:2585} INFO - Sync 1 DAGs
[2024-08-01T09:06:21.616+0000] {logging_mixin.py:120} INFO - [2024-08-01T09:06:21.616+0000] {dag.py:3340} INFO - Setting next_dagrun for example_bash_operator to 2024-07-31T00:00:00+00:00, run_after=2024-08-01T00:00:00+00:00
[2024-08-01T09:06:21.640+0000] {processor.py:176} INFO - Processing /home/airflow/.local/lib/python3.7/site-packages/airflow/example_dags/example_bash_operator.py took 0.215 seconds
[2024-08-01T09:06:52.247+0000] {processor.py:154} INFO - Started process (PID=1127) to work on /home/airflow/.local/lib/python3.7/site-packages/airflow/example_dags/example_bash_operator.py
[2024-08-01T09:06:52.248+0000] {processor.py:756} INFO - Processing file /home/airflow/.local/lib/python3.7/site-packages/airflow/example_dags/example_bash_operator.py for tasks to queue
[2024-08-01T09:06:52.249+0000] {logging_mixin.py:120} INFO - [2024-08-01T09:06:52.249+0000] {dagbag.py:537} INFO - Filling up the DagBag from /home/airflow/.local/lib/python3.7/site-packages/airflow/example_dags/example_bash_operator.py
[2024-08-01T09:06:52.276+0000] {processor.py:766} INFO - DAG(s) dict_keys(['example_bash_operator']) retrieved from /home/airflow/.local/lib/python3.7/site-packages/airflow/example_dags/example_bash_operator.py
[2024-08-01T09:06:52.327+0000] {logging_mixin.py:120} INFO - [2024-08-01T09:06:52.327+0000] {dag.py:2585} INFO - Sync 1 DAGs
[2024-08-01T09:06:52.371+0000] {logging_mixin.py:120} INFO - [2024-08-01T09:06:52.371+0000] {dag.py:3340} INFO - Setting next_dagrun for example_bash_operator to 2024-07-31T00:00:00+00:00, run_after=2024-08-01T00:00:00+00:00
[2024-08-01T09:06:52.402+0000] {processor.py:176} INFO - Processing /home/airflow/.local/lib/python3.7/site-packages/airflow/example_dags/example_bash_operator.py took 0.159 seconds
[2024-08-01T09:07:23.030+0000] {processor.py:154} INFO - Started process (PID=1190) to work on /home/airflow/.local/lib/python3.7/site-packages/airflow/example_dags/example_bash_operator.py
[2024-08-01T09:07:23.033+0000] {processor.py:756} INFO - Processing file /home/airflow/.local/lib/python3.7/site-packages/airflow/example_dags/example_bash_operator.py for tasks to queue
[2024-08-01T09:07:23.034+0000] {logging_mixin.py:120} INFO - [2024-08-01T09:07:23.034+0000] {dagbag.py:537} INFO - Filling up the DagBag from /home/airflow/.local/lib/python3.7/site-packages/airflow/example_dags/example_bash_operator.py
[2024-08-01T09:07:23.056+0000] {processor.py:766} INFO - DAG(s) dict_keys(['example_bash_operator']) retrieved from /home/airflow/.local/lib/python3.7/site-packages/airflow/example_dags/example_bash_operator.py
[2024-08-01T09:07:23.260+0000] {logging_mixin.py:120} INFO - [2024-08-01T09:07:23.260+0000] {dag.py:2585} INFO - Sync 1 DAGs
[2024-08-01T09:07:23.359+0000] {logging_mixin.py:120} INFO - [2024-08-01T09:07:23.359+0000] {dag.py:3340} INFO - Setting next_dagrun for example_bash_operator to 2024-07-31T00:00:00+00:00, run_after=2024-08-01T00:00:00+00:00
[2024-08-01T09:07:23.500+0000] {processor.py:176} INFO - Processing /home/airflow/.local/lib/python3.7/site-packages/airflow/example_dags/example_bash_operator.py took 0.474 seconds
[2024-08-01T09:07:54.052+0000] {processor.py:154} INFO - Started process (PID=1253) to work on /home/airflow/.local/lib/python3.7/site-packages/airflow/example_dags/example_bash_operator.py
[2024-08-01T09:07:54.061+0000] {processor.py:756} INFO - Processing file /home/airflow/.local/lib/python3.7/site-packages/airflow/example_dags/example_bash_operator.py for tasks to queue
[2024-08-01T09:07:54.068+0000] {logging_mixin.py:120} INFO - [2024-08-01T09:07:54.067+0000] {dagbag.py:537} INFO - Filling up the DagBag from /home/airflow/.local/lib/python3.7/site-packages/airflow/example_dags/example_bash_operator.py
[2024-08-01T09:07:54.161+0000] {processor.py:766} INFO - DAG(s) dict_keys(['example_bash_operator']) retrieved from /home/airflow/.local/lib/python3.7/site-packages/airflow/example_dags/example_bash_operator.py
[2024-08-01T09:07:54.257+0000] {logging_mixin.py:120} INFO - [2024-08-01T09:07:54.256+0000] {dag.py:2585} INFO - Sync 1 DAGs
[2024-08-01T09:07:54.308+0000] {logging_mixin.py:120} INFO - [2024-08-01T09:07:54.307+0000] {dag.py:3340} INFO - Setting next_dagrun for example_bash_operator to 2024-07-31T00:00:00+00:00, run_after=2024-08-01T00:00:00+00:00
[2024-08-01T09:07:54.345+0000] {processor.py:176} INFO - Processing /home/airflow/.local/lib/python3.7/site-packages/airflow/example_dags/example_bash_operator.py took 0.299 seconds
[2024-08-01T09:08:24.437+0000] {processor.py:154} INFO - Started process (PID=1307) to work on /home/airflow/.local/lib/python3.7/site-packages/airflow/example_dags/example_bash_operator.py
[2024-08-01T09:08:24.438+0000] {processor.py:756} INFO - Processing file /home/airflow/.local/lib/python3.7/site-packages/airflow/example_dags/example_bash_operator.py for tasks to queue
[2024-08-01T09:08:24.439+0000] {logging_mixin.py:120} INFO - [2024-08-01T09:08:24.439+0000] {dagbag.py:537} INFO - Filling up the DagBag from /home/airflow/.local/lib/python3.7/site-packages/airflow/example_dags/example_bash_operator.py
[2024-08-01T09:08:24.460+0000] {processor.py:766} INFO - DAG(s) dict_keys(['example_bash_operator']) retrieved from /home/airflow/.local/lib/python3.7/site-packages/airflow/example_dags/example_bash_operator.py
[2024-08-01T09:08:24.508+0000] {logging_mixin.py:120} INFO - [2024-08-01T09:08:24.508+0000] {dag.py:2585} INFO - Sync 1 DAGs
[2024-08-01T09:08:24.534+0000] {logging_mixin.py:120} INFO - [2024-08-01T09:08:24.533+0000] {dag.py:3340} INFO - Setting next_dagrun for example_bash_operator to 2024-07-31T00:00:00+00:00, run_after=2024-08-01T00:00:00+00:00
[2024-08-01T09:08:24.585+0000] {processor.py:176} INFO - Processing /home/airflow/.local/lib/python3.7/site-packages/airflow/example_dags/example_bash_operator.py took 0.150 seconds
[2024-08-01T09:08:55.096+0000] {processor.py:154} INFO - Started process (PID=1370) to work on /home/airflow/.local/lib/python3.7/site-packages/airflow/example_dags/example_bash_operator.py
[2024-08-01T09:08:55.097+0000] {processor.py:756} INFO - Processing file /home/airflow/.local/lib/python3.7/site-packages/airflow/example_dags/example_bash_operator.py for tasks to queue
[2024-08-01T09:08:55.099+0000] {logging_mixin.py:120} INFO - [2024-08-01T09:08:55.098+0000] {dagbag.py:537} INFO - Filling up the DagBag from /home/airflow/.local/lib/python3.7/site-packages/airflow/example_dags/example_bash_operator.py
[2024-08-01T09:08:55.179+0000] {processor.py:766} INFO - DAG(s) dict_keys(['example_bash_operator']) retrieved from /home/airflow/.local/lib/python3.7/site-packages/airflow/example_dags/example_bash_operator.py
[2024-08-01T09:08:55.255+0000] {logging_mixin.py:120} INFO - [2024-08-01T09:08:55.255+0000] {dag.py:2585} INFO - Sync 1 DAGs
[2024-08-01T09:08:55.361+0000] {logging_mixin.py:120} INFO - [2024-08-01T09:08:55.360+0000] {dag.py:3340} INFO - Setting next_dagrun for example_bash_operator to 2024-07-31T00:00:00+00:00, run_after=2024-08-01T00:00:00+00:00
[2024-08-01T09:08:55.410+0000] {processor.py:176} INFO - Processing /home/airflow/.local/lib/python3.7/site-packages/airflow/example_dags/example_bash_operator.py took 0.317 seconds
[2024-08-01T09:09:26.328+0000] {processor.py:154} INFO - Started process (PID=1424) to work on /home/airflow/.local/lib/python3.7/site-packages/airflow/example_dags/example_bash_operator.py
[2024-08-01T09:09:26.382+0000] {processor.py:756} INFO - Processing file /home/airflow/.local/lib/python3.7/site-packages/airflow/example_dags/example_bash_operator.py for tasks to queue
[2024-08-01T09:09:26.384+0000] {logging_mixin.py:120} INFO - [2024-08-01T09:09:26.384+0000] {dagbag.py:537} INFO - Filling up the DagBag from /home/airflow/.local/lib/python3.7/site-packages/airflow/example_dags/example_bash_operator.py
[2024-08-01T09:09:26.432+0000] {processor.py:766} INFO - DAG(s) dict_keys(['example_bash_operator']) retrieved from /home/airflow/.local/lib/python3.7/site-packages/airflow/example_dags/example_bash_operator.py
[2024-08-01T09:09:26.483+0000] {logging_mixin.py:120} INFO - [2024-08-01T09:09:26.483+0000] {dag.py:2585} INFO - Sync 1 DAGs
[2024-08-01T09:09:26.516+0000] {logging_mixin.py:120} INFO - [2024-08-01T09:09:26.516+0000] {dag.py:3340} INFO - Setting next_dagrun for example_bash_operator to 2024-07-31T00:00:00+00:00, run_after=2024-08-01T00:00:00+00:00
[2024-08-01T09:09:26.568+0000] {processor.py:176} INFO - Processing /home/airflow/.local/lib/python3.7/site-packages/airflow/example_dags/example_bash_operator.py took 0.244 seconds
[2024-08-01T09:09:56.759+0000] {processor.py:154} INFO - Started process (PID=1486) to work on /home/airflow/.local/lib/python3.7/site-packages/airflow/example_dags/example_bash_operator.py
[2024-08-01T09:09:56.761+0000] {processor.py:756} INFO - Processing file /home/airflow/.local/lib/python3.7/site-packages/airflow/example_dags/example_bash_operator.py for tasks to queue
[2024-08-01T09:09:56.762+0000] {logging_mixin.py:120} INFO - [2024-08-01T09:09:56.761+0000] {dagbag.py:537} INFO - Filling up the DagBag from /home/airflow/.local/lib/python3.7/site-packages/airflow/example_dags/example_bash_operator.py
[2024-08-01T09:09:56.796+0000] {processor.py:766} INFO - DAG(s) dict_keys(['example_bash_operator']) retrieved from /home/airflow/.local/lib/python3.7/site-packages/airflow/example_dags/example_bash_operator.py
[2024-08-01T09:09:56.851+0000] {logging_mixin.py:120} INFO - [2024-08-01T09:09:56.850+0000] {dag.py:2585} INFO - Sync 1 DAGs
[2024-08-01T09:09:56.922+0000] {logging_mixin.py:120} INFO - [2024-08-01T09:09:56.922+0000] {dag.py:3340} INFO - Setting next_dagrun for example_bash_operator to 2024-07-31T00:00:00+00:00, run_after=2024-08-01T00:00:00+00:00
[2024-08-01T09:09:56.997+0000] {processor.py:176} INFO - Processing /home/airflow/.local/lib/python3.7/site-packages/airflow/example_dags/example_bash_operator.py took 0.241 seconds
[2024-08-01T09:10:27.802+0000] {processor.py:154} INFO - Started process (PID=1549) to work on /home/airflow/.local/lib/python3.7/site-packages/airflow/example_dags/example_bash_operator.py
[2024-08-01T09:10:27.804+0000] {processor.py:756} INFO - Processing file /home/airflow/.local/lib/python3.7/site-packages/airflow/example_dags/example_bash_operator.py for tasks to queue
[2024-08-01T09:10:27.810+0000] {logging_mixin.py:120} INFO - [2024-08-01T09:10:27.810+0000] {dagbag.py:537} INFO - Filling up the DagBag from /home/airflow/.local/lib/python3.7/site-packages/airflow/example_dags/example_bash_operator.py
[2024-08-01T09:10:27.850+0000] {processor.py:766} INFO - DAG(s) dict_keys(['example_bash_operator']) retrieved from /home/airflow/.local/lib/python3.7/site-packages/airflow/example_dags/example_bash_operator.py
[2024-08-01T09:10:27.992+0000] {logging_mixin.py:120} INFO - [2024-08-01T09:10:27.992+0000] {dag.py:2585} INFO - Sync 1 DAGs
[2024-08-01T09:10:28.047+0000] {logging_mixin.py:120} INFO - [2024-08-01T09:10:28.047+0000] {dag.py:3340} INFO - Setting next_dagrun for example_bash_operator to 2024-07-31T00:00:00+00:00, run_after=2024-08-01T00:00:00+00:00
[2024-08-01T09:10:28.075+0000] {processor.py:176} INFO - Processing /home/airflow/.local/lib/python3.7/site-packages/airflow/example_dags/example_bash_operator.py took 0.277 seconds
[2024-08-01T09:10:59.041+0000] {processor.py:154} INFO - Started process (PID=1603) to work on /home/airflow/.local/lib/python3.7/site-packages/airflow/example_dags/example_bash_operator.py
[2024-08-01T09:10:59.049+0000] {processor.py:756} INFO - Processing file /home/airflow/.local/lib/python3.7/site-packages/airflow/example_dags/example_bash_operator.py for tasks to queue
[2024-08-01T09:10:59.052+0000] {logging_mixin.py:120} INFO - [2024-08-01T09:10:59.051+0000] {dagbag.py:537} INFO - Filling up the DagBag from /home/airflow/.local/lib/python3.7/site-packages/airflow/example_dags/example_bash_operator.py
[2024-08-01T09:10:59.090+0000] {processor.py:766} INFO - DAG(s) dict_keys(['example_bash_operator']) retrieved from /home/airflow/.local/lib/python3.7/site-packages/airflow/example_dags/example_bash_operator.py
[2024-08-01T09:10:59.264+0000] {logging_mixin.py:120} INFO - [2024-08-01T09:10:59.263+0000] {dag.py:2585} INFO - Sync 1 DAGs
[2024-08-01T09:10:59.365+0000] {logging_mixin.py:120} INFO - [2024-08-01T09:10:59.365+0000] {dag.py:3340} INFO - Setting next_dagrun for example_bash_operator to 2024-07-31T00:00:00+00:00, run_after=2024-08-01T00:00:00+00:00
[2024-08-01T09:10:59.508+0000] {processor.py:176} INFO - Processing /home/airflow/.local/lib/python3.7/site-packages/airflow/example_dags/example_bash_operator.py took 0.473 seconds
[2024-08-01T09:11:29.847+0000] {processor.py:154} INFO - Started process (PID=1666) to work on /home/airflow/.local/lib/python3.7/site-packages/airflow/example_dags/example_bash_operator.py
[2024-08-01T09:11:29.854+0000] {processor.py:756} INFO - Processing file /home/airflow/.local/lib/python3.7/site-packages/airflow/example_dags/example_bash_operator.py for tasks to queue
[2024-08-01T09:11:29.861+0000] {logging_mixin.py:120} INFO - [2024-08-01T09:11:29.861+0000] {dagbag.py:537} INFO - Filling up the DagBag from /home/airflow/.local/lib/python3.7/site-packages/airflow/example_dags/example_bash_operator.py
[2024-08-01T09:11:29.896+0000] {processor.py:766} INFO - DAG(s) dict_keys(['example_bash_operator']) retrieved from /home/airflow/.local/lib/python3.7/site-packages/airflow/example_dags/example_bash_operator.py
[2024-08-01T09:11:30.064+0000] {logging_mixin.py:120} INFO - [2024-08-01T09:11:30.064+0000] {dag.py:2585} INFO - Sync 1 DAGs
[2024-08-01T09:11:30.184+0000] {logging_mixin.py:120} INFO - [2024-08-01T09:11:30.184+0000] {dag.py:3340} INFO - Setting next_dagrun for example_bash_operator to 2024-07-31T00:00:00+00:00, run_after=2024-08-01T00:00:00+00:00
[2024-08-01T09:11:30.376+0000] {processor.py:176} INFO - Processing /home/airflow/.local/lib/python3.7/site-packages/airflow/example_dags/example_bash_operator.py took 0.534 seconds
[2024-08-01T09:12:01.008+0000] {processor.py:154} INFO - Started process (PID=1729) to work on /home/airflow/.local/lib/python3.7/site-packages/airflow/example_dags/example_bash_operator.py
[2024-08-01T09:12:01.010+0000] {processor.py:756} INFO - Processing file /home/airflow/.local/lib/python3.7/site-packages/airflow/example_dags/example_bash_operator.py for tasks to queue
[2024-08-01T09:12:01.012+0000] {logging_mixin.py:120} INFO - [2024-08-01T09:12:01.012+0000] {dagbag.py:537} INFO - Filling up the DagBag from /home/airflow/.local/lib/python3.7/site-packages/airflow/example_dags/example_bash_operator.py
[2024-08-01T09:12:01.044+0000] {processor.py:766} INFO - DAG(s) dict_keys(['example_bash_operator']) retrieved from /home/airflow/.local/lib/python3.7/site-packages/airflow/example_dags/example_bash_operator.py
[2024-08-01T09:12:01.106+0000] {logging_mixin.py:120} INFO - [2024-08-01T09:12:01.106+0000] {dag.py:2585} INFO - Sync 1 DAGs
[2024-08-01T09:12:01.140+0000] {logging_mixin.py:120} INFO - [2024-08-01T09:12:01.139+0000] {dag.py:3340} INFO - Setting next_dagrun for example_bash_operator to 2024-07-31T00:00:00+00:00, run_after=2024-08-01T00:00:00+00:00
[2024-08-01T09:12:01.175+0000] {processor.py:176} INFO - Processing /home/airflow/.local/lib/python3.7/site-packages/airflow/example_dags/example_bash_operator.py took 0.172 seconds
[2024-08-01T09:12:31.248+0000] {processor.py:154} INFO - Started process (PID=1783) to work on /home/airflow/.local/lib/python3.7/site-packages/airflow/example_dags/example_bash_operator.py
[2024-08-01T09:12:31.252+0000] {processor.py:756} INFO - Processing file /home/airflow/.local/lib/python3.7/site-packages/airflow/example_dags/example_bash_operator.py for tasks to queue
[2024-08-01T09:12:31.262+0000] {logging_mixin.py:120} INFO - [2024-08-01T09:12:31.262+0000] {dagbag.py:537} INFO - Filling up the DagBag from /home/airflow/.local/lib/python3.7/site-packages/airflow/example_dags/example_bash_operator.py
[2024-08-01T09:12:31.303+0000] {processor.py:766} INFO - DAG(s) dict_keys(['example_bash_operator']) retrieved from /home/airflow/.local/lib/python3.7/site-packages/airflow/example_dags/example_bash_operator.py
[2024-08-01T09:12:31.416+0000] {logging_mixin.py:120} INFO - [2024-08-01T09:12:31.416+0000] {dag.py:2585} INFO - Sync 1 DAGs
[2024-08-01T09:12:31.473+0000] {logging_mixin.py:120} INFO - [2024-08-01T09:12:31.472+0000] {dag.py:3340} INFO - Setting next_dagrun for example_bash_operator to 2024-07-31T00:00:00+00:00, run_after=2024-08-01T00:00:00+00:00
[2024-08-01T09:12:31.514+0000] {processor.py:176} INFO - Processing /home/airflow/.local/lib/python3.7/site-packages/airflow/example_dags/example_bash_operator.py took 0.269 seconds
[2024-08-01T09:13:02.813+0000] {processor.py:154} INFO - Started process (PID=1846) to work on /home/airflow/.local/lib/python3.7/site-packages/airflow/example_dags/example_bash_operator.py
[2024-08-01T09:13:02.862+0000] {processor.py:756} INFO - Processing file /home/airflow/.local/lib/python3.7/site-packages/airflow/example_dags/example_bash_operator.py for tasks to queue
[2024-08-01T09:13:02.864+0000] {logging_mixin.py:120} INFO - [2024-08-01T09:13:02.864+0000] {dagbag.py:537} INFO - Filling up the DagBag from /home/airflow/.local/lib/python3.7/site-packages/airflow/example_dags/example_bash_operator.py
[2024-08-01T09:13:02.914+0000] {processor.py:766} INFO - DAG(s) dict_keys(['example_bash_operator']) retrieved from /home/airflow/.local/lib/python3.7/site-packages/airflow/example_dags/example_bash_operator.py
[2024-08-01T09:13:03.069+0000] {logging_mixin.py:120} INFO - [2024-08-01T09:13:03.068+0000] {dag.py:2585} INFO - Sync 1 DAGs
[2024-08-01T09:13:03.237+0000] {logging_mixin.py:120} INFO - [2024-08-01T09:13:03.237+0000] {dag.py:3340} INFO - Setting next_dagrun for example_bash_operator to 2024-07-31T00:00:00+00:00, run_after=2024-08-01T00:00:00+00:00
[2024-08-01T09:13:03.399+0000] {processor.py:176} INFO - Processing /home/airflow/.local/lib/python3.7/site-packages/airflow/example_dags/example_bash_operator.py took 0.589 seconds
[2024-08-01T09:13:34.182+0000] {processor.py:154} INFO - Started process (PID=1900) to work on /home/airflow/.local/lib/python3.7/site-packages/airflow/example_dags/example_bash_operator.py
[2024-08-01T09:13:34.183+0000] {processor.py:756} INFO - Processing file /home/airflow/.local/lib/python3.7/site-packages/airflow/example_dags/example_bash_operator.py for tasks to queue
[2024-08-01T09:13:34.185+0000] {logging_mixin.py:120} INFO - [2024-08-01T09:13:34.184+0000] {dagbag.py:537} INFO - Filling up the DagBag from /home/airflow/.local/lib/python3.7/site-packages/airflow/example_dags/example_bash_operator.py
[2024-08-01T09:13:34.213+0000] {processor.py:766} INFO - DAG(s) dict_keys(['example_bash_operator']) retrieved from /home/airflow/.local/lib/python3.7/site-packages/airflow/example_dags/example_bash_operator.py
[2024-08-01T09:13:34.380+0000] {logging_mixin.py:120} INFO - [2024-08-01T09:13:34.380+0000] {dag.py:2585} INFO - Sync 1 DAGs
[2024-08-01T09:13:34.412+0000] {logging_mixin.py:120} INFO - [2024-08-01T09:13:34.412+0000] {dag.py:3340} INFO - Setting next_dagrun for example_bash_operator to 2024-07-31T00:00:00+00:00, run_after=2024-08-01T00:00:00+00:00
[2024-08-01T09:13:34.441+0000] {processor.py:176} INFO - Processing /home/airflow/.local/lib/python3.7/site-packages/airflow/example_dags/example_bash_operator.py took 0.263 seconds
[2024-08-01T09:14:05.401+0000] {processor.py:154} INFO - Started process (PID=1964) to work on /home/airflow/.local/lib/python3.7/site-packages/airflow/example_dags/example_bash_operator.py
[2024-08-01T09:14:05.494+0000] {processor.py:756} INFO - Processing file /home/airflow/.local/lib/python3.7/site-packages/airflow/example_dags/example_bash_operator.py for tasks to queue
[2024-08-01T09:14:05.499+0000] {logging_mixin.py:120} INFO - [2024-08-01T09:14:05.499+0000] {dagbag.py:537} INFO - Filling up the DagBag from /home/airflow/.local/lib/python3.7/site-packages/airflow/example_dags/example_bash_operator.py
[2024-08-01T09:14:05.539+0000] {processor.py:766} INFO - DAG(s) dict_keys(['example_bash_operator']) retrieved from /home/airflow/.local/lib/python3.7/site-packages/airflow/example_dags/example_bash_operator.py
[2024-08-01T09:14:05.699+0000] {logging_mixin.py:120} INFO - [2024-08-01T09:14:05.699+0000] {dag.py:2585} INFO - Sync 1 DAGs
[2024-08-01T09:14:05.735+0000] {logging_mixin.py:120} INFO - [2024-08-01T09:14:05.735+0000] {dag.py:3340} INFO - Setting next_dagrun for example_bash_operator to 2024-07-31T00:00:00+00:00, run_after=2024-08-01T00:00:00+00:00
[2024-08-01T09:14:05.817+0000] {processor.py:176} INFO - Processing /home/airflow/.local/lib/python3.7/site-packages/airflow/example_dags/example_bash_operator.py took 0.419 seconds
[2024-08-01T09:14:36.362+0000] {processor.py:154} INFO - Started process (PID=2027) to work on /home/airflow/.local/lib/python3.7/site-packages/airflow/example_dags/example_bash_operator.py
[2024-08-01T09:14:36.398+0000] {processor.py:756} INFO - Processing file /home/airflow/.local/lib/python3.7/site-packages/airflow/example_dags/example_bash_operator.py for tasks to queue
[2024-08-01T09:14:36.413+0000] {logging_mixin.py:120} INFO - [2024-08-01T09:14:36.413+0000] {dagbag.py:537} INFO - Filling up the DagBag from /home/airflow/.local/lib/python3.7/site-packages/airflow/example_dags/example_bash_operator.py
[2024-08-01T09:14:36.509+0000] {processor.py:766} INFO - DAG(s) dict_keys(['example_bash_operator']) retrieved from /home/airflow/.local/lib/python3.7/site-packages/airflow/example_dags/example_bash_operator.py
[2024-08-01T09:14:36.709+0000] {logging_mixin.py:120} INFO - [2024-08-01T09:14:36.709+0000] {dag.py:2585} INFO - Sync 1 DAGs
[2024-08-01T09:14:36.845+0000] {logging_mixin.py:120} INFO - [2024-08-01T09:14:36.844+0000] {dag.py:3340} INFO - Setting next_dagrun for example_bash_operator to 2024-07-31T00:00:00+00:00, run_after=2024-08-01T00:00:00+00:00
[2024-08-01T09:14:36.918+0000] {processor.py:176} INFO - Processing /home/airflow/.local/lib/python3.7/site-packages/airflow/example_dags/example_bash_operator.py took 0.560 seconds
[2024-08-01T09:15:07.075+0000] {processor.py:154} INFO - Started process (PID=2081) to work on /home/airflow/.local/lib/python3.7/site-packages/airflow/example_dags/example_bash_operator.py
[2024-08-01T09:15:07.076+0000] {processor.py:756} INFO - Processing file /home/airflow/.local/lib/python3.7/site-packages/airflow/example_dags/example_bash_operator.py for tasks to queue
[2024-08-01T09:15:07.078+0000] {logging_mixin.py:120} INFO - [2024-08-01T09:15:07.078+0000] {dagbag.py:537} INFO - Filling up the DagBag from /home/airflow/.local/lib/python3.7/site-packages/airflow/example_dags/example_bash_operator.py
[2024-08-01T09:15:07.120+0000] {processor.py:766} INFO - DAG(s) dict_keys(['example_bash_operator']) retrieved from /home/airflow/.local/lib/python3.7/site-packages/airflow/example_dags/example_bash_operator.py
[2024-08-01T09:15:07.302+0000] {logging_mixin.py:120} INFO - [2024-08-01T09:15:07.302+0000] {dag.py:2585} INFO - Sync 1 DAGs
[2024-08-01T09:15:07.398+0000] {logging_mixin.py:120} INFO - [2024-08-01T09:15:07.398+0000] {dag.py:3340} INFO - Setting next_dagrun for example_bash_operator to 2024-07-31T00:00:00+00:00, run_after=2024-08-01T00:00:00+00:00
[2024-08-01T09:15:07.544+0000] {processor.py:176} INFO - Processing /home/airflow/.local/lib/python3.7/site-packages/airflow/example_dags/example_bash_operator.py took 0.473 seconds
[2024-08-01T09:15:37.928+0000] {processor.py:154} INFO - Started process (PID=2144) to work on /home/airflow/.local/lib/python3.7/site-packages/airflow/example_dags/example_bash_operator.py
[2024-08-01T09:15:37.929+0000] {processor.py:756} INFO - Processing file /home/airflow/.local/lib/python3.7/site-packages/airflow/example_dags/example_bash_operator.py for tasks to queue
[2024-08-01T09:15:37.931+0000] {logging_mixin.py:120} INFO - [2024-08-01T09:15:37.930+0000] {dagbag.py:537} INFO - Filling up the DagBag from /home/airflow/.local/lib/python3.7/site-packages/airflow/example_dags/example_bash_operator.py
[2024-08-01T09:15:37.957+0000] {processor.py:766} INFO - DAG(s) dict_keys(['example_bash_operator']) retrieved from /home/airflow/.local/lib/python3.7/site-packages/airflow/example_dags/example_bash_operator.py
[2024-08-01T09:15:38.025+0000] {logging_mixin.py:120} INFO - [2024-08-01T09:15:38.024+0000] {dag.py:2585} INFO - Sync 1 DAGs
[2024-08-01T09:15:38.055+0000] {logging_mixin.py:120} INFO - [2024-08-01T09:15:38.055+0000] {dag.py:3340} INFO - Setting next_dagrun for example_bash_operator to 2024-07-31T00:00:00+00:00, run_after=2024-08-01T00:00:00+00:00
[2024-08-01T09:15:38.129+0000] {processor.py:176} INFO - Processing /home/airflow/.local/lib/python3.7/site-packages/airflow/example_dags/example_bash_operator.py took 0.204 seconds
[2024-08-01T09:16:09.352+0000] {processor.py:154} INFO - Started process (PID=2198) to work on /home/airflow/.local/lib/python3.7/site-packages/airflow/example_dags/example_bash_operator.py
[2024-08-01T09:16:09.354+0000] {processor.py:756} INFO - Processing file /home/airflow/.local/lib/python3.7/site-packages/airflow/example_dags/example_bash_operator.py for tasks to queue
[2024-08-01T09:16:09.355+0000] {logging_mixin.py:120} INFO - [2024-08-01T09:16:09.354+0000] {dagbag.py:537} INFO - Filling up the DagBag from /home/airflow/.local/lib/python3.7/site-packages/airflow/example_dags/example_bash_operator.py
[2024-08-01T09:16:09.376+0000] {processor.py:766} INFO - DAG(s) dict_keys(['example_bash_operator']) retrieved from /home/airflow/.local/lib/python3.7/site-packages/airflow/example_dags/example_bash_operator.py
[2024-08-01T09:16:09.533+0000] {logging_mixin.py:120} INFO - [2024-08-01T09:16:09.532+0000] {dag.py:2585} INFO - Sync 1 DAGs
[2024-08-01T09:16:09.597+0000] {logging_mixin.py:120} INFO - [2024-08-01T09:16:09.597+0000] {dag.py:3340} INFO - Setting next_dagrun for example_bash_operator to 2024-07-31T00:00:00+00:00, run_after=2024-08-01T00:00:00+00:00
[2024-08-01T09:16:09.674+0000] {processor.py:176} INFO - Processing /home/airflow/.local/lib/python3.7/site-packages/airflow/example_dags/example_bash_operator.py took 0.325 seconds
[2024-08-01T09:16:39.994+0000] {processor.py:154} INFO - Started process (PID=2260) to work on /home/airflow/.local/lib/python3.7/site-packages/airflow/example_dags/example_bash_operator.py
[2024-08-01T09:16:39.995+0000] {processor.py:756} INFO - Processing file /home/airflow/.local/lib/python3.7/site-packages/airflow/example_dags/example_bash_operator.py for tasks to queue
[2024-08-01T09:16:39.997+0000] {logging_mixin.py:120} INFO - [2024-08-01T09:16:39.997+0000] {dagbag.py:537} INFO - Filling up the DagBag from /home/airflow/.local/lib/python3.7/site-packages/airflow/example_dags/example_bash_operator.py
[2024-08-01T09:16:40.034+0000] {processor.py:766} INFO - DAG(s) dict_keys(['example_bash_operator']) retrieved from /home/airflow/.local/lib/python3.7/site-packages/airflow/example_dags/example_bash_operator.py
[2024-08-01T09:16:40.107+0000] {logging_mixin.py:120} INFO - [2024-08-01T09:16:40.107+0000] {dag.py:2585} INFO - Sync 1 DAGs
[2024-08-01T09:16:40.150+0000] {logging_mixin.py:120} INFO - [2024-08-01T09:16:40.150+0000] {dag.py:3340} INFO - Setting next_dagrun for example_bash_operator to 2024-07-31T00:00:00+00:00, run_after=2024-08-01T00:00:00+00:00
[2024-08-01T09:16:40.185+0000] {processor.py:176} INFO - Processing /home/airflow/.local/lib/python3.7/site-packages/airflow/example_dags/example_bash_operator.py took 0.199 seconds
[2024-08-01T09:17:11.935+0000] {processor.py:154} INFO - Started process (PID=2325) to work on /home/airflow/.local/lib/python3.7/site-packages/airflow/example_dags/example_bash_operator.py
[2024-08-01T09:17:11.936+0000] {processor.py:756} INFO - Processing file /home/airflow/.local/lib/python3.7/site-packages/airflow/example_dags/example_bash_operator.py for tasks to queue
[2024-08-01T09:17:11.937+0000] {logging_mixin.py:120} INFO - [2024-08-01T09:17:11.937+0000] {dagbag.py:537} INFO - Filling up the DagBag from /home/airflow/.local/lib/python3.7/site-packages/airflow/example_dags/example_bash_operator.py
[2024-08-01T09:17:11.962+0000] {processor.py:766} INFO - DAG(s) dict_keys(['example_bash_operator']) retrieved from /home/airflow/.local/lib/python3.7/site-packages/airflow/example_dags/example_bash_operator.py
[2024-08-01T09:17:12.105+0000] {logging_mixin.py:120} INFO - [2024-08-01T09:17:12.105+0000] {dag.py:2585} INFO - Sync 1 DAGs
[2024-08-01T09:17:12.167+0000] {logging_mixin.py:120} INFO - [2024-08-01T09:17:12.167+0000] {dag.py:3340} INFO - Setting next_dagrun for example_bash_operator to 2024-07-31T00:00:00+00:00, run_after=2024-08-01T00:00:00+00:00
[2024-08-01T09:17:12.248+0000] {processor.py:176} INFO - Processing /home/airflow/.local/lib/python3.7/site-packages/airflow/example_dags/example_bash_operator.py took 0.317 seconds
[2024-08-01T09:17:43.108+0000] {processor.py:154} INFO - Started process (PID=2379) to work on /home/airflow/.local/lib/python3.7/site-packages/airflow/example_dags/example_bash_operator.py
[2024-08-01T09:17:43.111+0000] {processor.py:756} INFO - Processing file /home/airflow/.local/lib/python3.7/site-packages/airflow/example_dags/example_bash_operator.py for tasks to queue
[2024-08-01T09:17:43.118+0000] {logging_mixin.py:120} INFO - [2024-08-01T09:17:43.117+0000] {dagbag.py:537} INFO - Filling up the DagBag from /home/airflow/.local/lib/python3.7/site-packages/airflow/example_dags/example_bash_operator.py
[2024-08-01T09:17:43.154+0000] {processor.py:766} INFO - DAG(s) dict_keys(['example_bash_operator']) retrieved from /home/airflow/.local/lib/python3.7/site-packages/airflow/example_dags/example_bash_operator.py
[2024-08-01T09:17:43.234+0000] {logging_mixin.py:120} INFO - [2024-08-01T09:17:43.234+0000] {dag.py:2585} INFO - Sync 1 DAGs
[2024-08-01T09:17:43.268+0000] {logging_mixin.py:120} INFO - [2024-08-01T09:17:43.268+0000] {dag.py:3340} INFO - Setting next_dagrun for example_bash_operator to 2024-07-31T00:00:00+00:00, run_after=2024-08-01T00:00:00+00:00
[2024-08-01T09:17:43.311+0000] {processor.py:176} INFO - Processing /home/airflow/.local/lib/python3.7/site-packages/airflow/example_dags/example_bash_operator.py took 0.210 seconds
[2024-08-01T09:18:14.230+0000] {processor.py:154} INFO - Started process (PID=2443) to work on /home/airflow/.local/lib/python3.7/site-packages/airflow/example_dags/example_bash_operator.py
[2024-08-01T09:18:14.231+0000] {processor.py:756} INFO - Processing file /home/airflow/.local/lib/python3.7/site-packages/airflow/example_dags/example_bash_operator.py for tasks to queue
[2024-08-01T09:18:14.241+0000] {logging_mixin.py:120} INFO - [2024-08-01T09:18:14.241+0000] {dagbag.py:537} INFO - Filling up the DagBag from /home/airflow/.local/lib/python3.7/site-packages/airflow/example_dags/example_bash_operator.py
[2024-08-01T09:18:14.275+0000] {processor.py:766} INFO - DAG(s) dict_keys(['example_bash_operator']) retrieved from /home/airflow/.local/lib/python3.7/site-packages/airflow/example_dags/example_bash_operator.py
[2024-08-01T09:18:14.410+0000] {logging_mixin.py:120} INFO - [2024-08-01T09:18:14.410+0000] {dag.py:2585} INFO - Sync 1 DAGs
[2024-08-01T09:18:14.583+0000] {logging_mixin.py:120} INFO - [2024-08-01T09:18:14.583+0000] {dag.py:3340} INFO - Setting next_dagrun for example_bash_operator to 2024-07-31T00:00:00+00:00, run_after=2024-08-01T00:00:00+00:00
[2024-08-01T09:18:14.693+0000] {processor.py:176} INFO - Processing /home/airflow/.local/lib/python3.7/site-packages/airflow/example_dags/example_bash_operator.py took 0.468 seconds
[2024-08-01T09:18:45.288+0000] {processor.py:154} INFO - Started process (PID=2498) to work on /home/airflow/.local/lib/python3.7/site-packages/airflow/example_dags/example_bash_operator.py
[2024-08-01T09:18:45.301+0000] {processor.py:756} INFO - Processing file /home/airflow/.local/lib/python3.7/site-packages/airflow/example_dags/example_bash_operator.py for tasks to queue
[2024-08-01T09:18:45.304+0000] {logging_mixin.py:120} INFO - [2024-08-01T09:18:45.303+0000] {dagbag.py:537} INFO - Filling up the DagBag from /home/airflow/.local/lib/python3.7/site-packages/airflow/example_dags/example_bash_operator.py
[2024-08-01T09:18:45.346+0000] {processor.py:766} INFO - DAG(s) dict_keys(['example_bash_operator']) retrieved from /home/airflow/.local/lib/python3.7/site-packages/airflow/example_dags/example_bash_operator.py
[2024-08-01T09:18:45.491+0000] {logging_mixin.py:120} INFO - [2024-08-01T09:18:45.491+0000] {dag.py:2585} INFO - Sync 1 DAGs
[2024-08-01T09:18:45.590+0000] {logging_mixin.py:120} INFO - [2024-08-01T09:18:45.590+0000] {dag.py:3340} INFO - Setting next_dagrun for example_bash_operator to 2024-07-31T00:00:00+00:00, run_after=2024-08-01T00:00:00+00:00
[2024-08-01T09:18:45.736+0000] {processor.py:176} INFO - Processing /home/airflow/.local/lib/python3.7/site-packages/airflow/example_dags/example_bash_operator.py took 0.453 seconds
[2024-08-01T09:19:16.215+0000] {processor.py:154} INFO - Started process (PID=2562) to work on /home/airflow/.local/lib/python3.7/site-packages/airflow/example_dags/example_bash_operator.py
[2024-08-01T09:19:16.230+0000] {processor.py:756} INFO - Processing file /home/airflow/.local/lib/python3.7/site-packages/airflow/example_dags/example_bash_operator.py for tasks to queue
[2024-08-01T09:19:16.233+0000] {logging_mixin.py:120} INFO - [2024-08-01T09:19:16.233+0000] {dagbag.py:537} INFO - Filling up the DagBag from /home/airflow/.local/lib/python3.7/site-packages/airflow/example_dags/example_bash_operator.py
[2024-08-01T09:19:16.270+0000] {processor.py:766} INFO - DAG(s) dict_keys(['example_bash_operator']) retrieved from /home/airflow/.local/lib/python3.7/site-packages/airflow/example_dags/example_bash_operator.py
[2024-08-01T09:19:16.346+0000] {logging_mixin.py:120} INFO - [2024-08-01T09:19:16.346+0000] {dag.py:2585} INFO - Sync 1 DAGs
[2024-08-01T09:19:16.391+0000] {logging_mixin.py:120} INFO - [2024-08-01T09:19:16.391+0000] {dag.py:3340} INFO - Setting next_dagrun for example_bash_operator to 2024-07-31T00:00:00+00:00, run_after=2024-08-01T00:00:00+00:00
[2024-08-01T09:19:16.433+0000] {processor.py:176} INFO - Processing /home/airflow/.local/lib/python3.7/site-packages/airflow/example_dags/example_bash_operator.py took 0.222 seconds
[2024-08-01T09:19:47.215+0000] {processor.py:154} INFO - Started process (PID=2626) to work on /home/airflow/.local/lib/python3.7/site-packages/airflow/example_dags/example_bash_operator.py
[2024-08-01T09:19:47.219+0000] {processor.py:756} INFO - Processing file /home/airflow/.local/lib/python3.7/site-packages/airflow/example_dags/example_bash_operator.py for tasks to queue
[2024-08-01T09:19:47.223+0000] {logging_mixin.py:120} INFO - [2024-08-01T09:19:47.223+0000] {dagbag.py:537} INFO - Filling up the DagBag from /home/airflow/.local/lib/python3.7/site-packages/airflow/example_dags/example_bash_operator.py
[2024-08-01T09:19:47.267+0000] {processor.py:766} INFO - DAG(s) dict_keys(['example_bash_operator']) retrieved from /home/airflow/.local/lib/python3.7/site-packages/airflow/example_dags/example_bash_operator.py
[2024-08-01T09:19:47.338+0000] {logging_mixin.py:120} INFO - [2024-08-01T09:19:47.338+0000] {dag.py:2585} INFO - Sync 1 DAGs
[2024-08-01T09:19:47.372+0000] {logging_mixin.py:120} INFO - [2024-08-01T09:19:47.372+0000] {dag.py:3340} INFO - Setting next_dagrun for example_bash_operator to 2024-07-31T00:00:00+00:00, run_after=2024-08-01T00:00:00+00:00
[2024-08-01T09:19:47.396+0000] {processor.py:176} INFO - Processing /home/airflow/.local/lib/python3.7/site-packages/airflow/example_dags/example_bash_operator.py took 0.185 seconds
[2024-08-01T09:20:18.608+0000] {processor.py:154} INFO - Started process (PID=2681) to work on /home/airflow/.local/lib/python3.7/site-packages/airflow/example_dags/example_bash_operator.py
[2024-08-01T09:20:18.650+0000] {processor.py:756} INFO - Processing file /home/airflow/.local/lib/python3.7/site-packages/airflow/example_dags/example_bash_operator.py for tasks to queue
[2024-08-01T09:20:18.763+0000] {logging_mixin.py:120} INFO - [2024-08-01T09:20:18.762+0000] {dagbag.py:537} INFO - Filling up the DagBag from /home/airflow/.local/lib/python3.7/site-packages/airflow/example_dags/example_bash_operator.py
[2024-08-01T09:20:18.823+0000] {processor.py:766} INFO - DAG(s) dict_keys(['example_bash_operator']) retrieved from /home/airflow/.local/lib/python3.7/site-packages/airflow/example_dags/example_bash_operator.py
[2024-08-01T09:20:18.988+0000] {logging_mixin.py:120} INFO - [2024-08-01T09:20:18.987+0000] {dag.py:2585} INFO - Sync 1 DAGs
[2024-08-01T09:20:19.106+0000] {logging_mixin.py:120} INFO - [2024-08-01T09:20:19.106+0000] {dag.py:3340} INFO - Setting next_dagrun for example_bash_operator to 2024-07-31T00:00:00+00:00, run_after=2024-08-01T00:00:00+00:00
[2024-08-01T09:20:19.234+0000] {processor.py:176} INFO - Processing /home/airflow/.local/lib/python3.7/site-packages/airflow/example_dags/example_bash_operator.py took 0.630 seconds
[2024-08-01T09:20:49.781+0000] {processor.py:154} INFO - Started process (PID=2745) to work on /home/airflow/.local/lib/python3.7/site-packages/airflow/example_dags/example_bash_operator.py
[2024-08-01T09:20:49.783+0000] {processor.py:756} INFO - Processing file /home/airflow/.local/lib/python3.7/site-packages/airflow/example_dags/example_bash_operator.py for tasks to queue
[2024-08-01T09:20:49.784+0000] {logging_mixin.py:120} INFO - [2024-08-01T09:20:49.784+0000] {dagbag.py:537} INFO - Filling up the DagBag from /home/airflow/.local/lib/python3.7/site-packages/airflow/example_dags/example_bash_operator.py
[2024-08-01T09:20:49.812+0000] {processor.py:766} INFO - DAG(s) dict_keys(['example_bash_operator']) retrieved from /home/airflow/.local/lib/python3.7/site-packages/airflow/example_dags/example_bash_operator.py
[2024-08-01T09:20:49.861+0000] {logging_mixin.py:120} INFO - [2024-08-01T09:20:49.861+0000] {dag.py:2585} INFO - Sync 1 DAGs
[2024-08-01T09:20:49.894+0000] {logging_mixin.py:120} INFO - [2024-08-01T09:20:49.894+0000] {dag.py:3340} INFO - Setting next_dagrun for example_bash_operator to 2024-07-31T00:00:00+00:00, run_after=2024-08-01T00:00:00+00:00
[2024-08-01T09:20:49.923+0000] {processor.py:176} INFO - Processing /home/airflow/.local/lib/python3.7/site-packages/airflow/example_dags/example_bash_operator.py took 0.145 seconds
[2024-08-01T09:21:23.390+0000] {processor.py:154} INFO - Started process (PID=2809) to work on /home/airflow/.local/lib/python3.7/site-packages/airflow/example_dags/example_bash_operator.py
[2024-08-01T09:21:23.396+0000] {processor.py:756} INFO - Processing file /home/airflow/.local/lib/python3.7/site-packages/airflow/example_dags/example_bash_operator.py for tasks to queue
[2024-08-01T09:21:23.497+0000] {logging_mixin.py:120} INFO - [2024-08-01T09:21:23.496+0000] {dagbag.py:537} INFO - Filling up the DagBag from /home/airflow/.local/lib/python3.7/site-packages/airflow/example_dags/example_bash_operator.py
[2024-08-01T09:21:23.559+0000] {processor.py:766} INFO - DAG(s) dict_keys(['example_bash_operator']) retrieved from /home/airflow/.local/lib/python3.7/site-packages/airflow/example_dags/example_bash_operator.py
[2024-08-01T09:21:23.737+0000] {logging_mixin.py:120} INFO - [2024-08-01T09:21:23.737+0000] {dag.py:2585} INFO - Sync 1 DAGs
[2024-08-01T09:21:23.861+0000] {logging_mixin.py:120} INFO - [2024-08-01T09:21:23.860+0000] {dag.py:3340} INFO - Setting next_dagrun for example_bash_operator to 2024-07-31T00:00:00+00:00, run_after=2024-08-01T00:00:00+00:00
[2024-08-01T09:21:23.999+0000] {processor.py:176} INFO - Processing /home/airflow/.local/lib/python3.7/site-packages/airflow/example_dags/example_bash_operator.py took 0.612 seconds
[2024-08-01T09:21:54.743+0000] {processor.py:154} INFO - Started process (PID=2864) to work on /home/airflow/.local/lib/python3.7/site-packages/airflow/example_dags/example_bash_operator.py
[2024-08-01T09:21:54.752+0000] {processor.py:756} INFO - Processing file /home/airflow/.local/lib/python3.7/site-packages/airflow/example_dags/example_bash_operator.py for tasks to queue
[2024-08-01T09:21:54.763+0000] {logging_mixin.py:120} INFO - [2024-08-01T09:21:54.763+0000] {dagbag.py:537} INFO - Filling up the DagBag from /home/airflow/.local/lib/python3.7/site-packages/airflow/example_dags/example_bash_operator.py
[2024-08-01T09:21:54.855+0000] {processor.py:766} INFO - DAG(s) dict_keys(['example_bash_operator']) retrieved from /home/airflow/.local/lib/python3.7/site-packages/airflow/example_dags/example_bash_operator.py
[2024-08-01T09:21:54.918+0000] {logging_mixin.py:120} INFO - [2024-08-01T09:21:54.918+0000] {dag.py:2585} INFO - Sync 1 DAGs
[2024-08-01T09:21:54.984+0000] {logging_mixin.py:120} INFO - [2024-08-01T09:21:54.984+0000] {dag.py:3340} INFO - Setting next_dagrun for example_bash_operator to 2024-07-31T00:00:00+00:00, run_after=2024-08-01T00:00:00+00:00
[2024-08-01T09:21:55.017+0000] {processor.py:176} INFO - Processing /home/airflow/.local/lib/python3.7/site-packages/airflow/example_dags/example_bash_operator.py took 0.280 seconds
[2024-08-01T09:22:25.935+0000] {processor.py:154} INFO - Started process (PID=2928) to work on /home/airflow/.local/lib/python3.7/site-packages/airflow/example_dags/example_bash_operator.py
[2024-08-01T09:22:25.940+0000] {processor.py:756} INFO - Processing file /home/airflow/.local/lib/python3.7/site-packages/airflow/example_dags/example_bash_operator.py for tasks to queue
[2024-08-01T09:22:25.941+0000] {logging_mixin.py:120} INFO - [2024-08-01T09:22:25.941+0000] {dagbag.py:537} INFO - Filling up the DagBag from /home/airflow/.local/lib/python3.7/site-packages/airflow/example_dags/example_bash_operator.py
[2024-08-01T09:22:25.973+0000] {processor.py:766} INFO - DAG(s) dict_keys(['example_bash_operator']) retrieved from /home/airflow/.local/lib/python3.7/site-packages/airflow/example_dags/example_bash_operator.py
[2024-08-01T09:22:26.152+0000] {logging_mixin.py:120} INFO - [2024-08-01T09:22:26.152+0000] {dag.py:2585} INFO - Sync 1 DAGs
[2024-08-01T09:22:26.183+0000] {logging_mixin.py:120} INFO - [2024-08-01T09:22:26.183+0000] {dag.py:3340} INFO - Setting next_dagrun for example_bash_operator to 2024-07-31T00:00:00+00:00, run_after=2024-08-01T00:00:00+00:00
[2024-08-01T09:22:26.211+0000] {processor.py:176} INFO - Processing /home/airflow/.local/lib/python3.7/site-packages/airflow/example_dags/example_bash_operator.py took 0.280 seconds
[2024-08-01T09:22:56.761+0000] {processor.py:154} INFO - Started process (PID=2992) to work on /home/airflow/.local/lib/python3.7/site-packages/airflow/example_dags/example_bash_operator.py
[2024-08-01T09:22:56.763+0000] {processor.py:756} INFO - Processing file /home/airflow/.local/lib/python3.7/site-packages/airflow/example_dags/example_bash_operator.py for tasks to queue
[2024-08-01T09:22:56.765+0000] {logging_mixin.py:120} INFO - [2024-08-01T09:22:56.765+0000] {dagbag.py:537} INFO - Filling up the DagBag from /home/airflow/.local/lib/python3.7/site-packages/airflow/example_dags/example_bash_operator.py
[2024-08-01T09:22:56.805+0000] {processor.py:766} INFO - DAG(s) dict_keys(['example_bash_operator']) retrieved from /home/airflow/.local/lib/python3.7/site-packages/airflow/example_dags/example_bash_operator.py
[2024-08-01T09:22:56.890+0000] {logging_mixin.py:120} INFO - [2024-08-01T09:22:56.890+0000] {dag.py:2585} INFO - Sync 1 DAGs
[2024-08-01T09:22:56.936+0000] {logging_mixin.py:120} INFO - [2024-08-01T09:22:56.936+0000] {dag.py:3340} INFO - Setting next_dagrun for example_bash_operator to 2024-07-31T00:00:00+00:00, run_after=2024-08-01T00:00:00+00:00
[2024-08-01T09:22:56.978+0000] {processor.py:176} INFO - Processing /home/airflow/.local/lib/python3.7/site-packages/airflow/example_dags/example_bash_operator.py took 0.223 seconds
[2024-08-01T09:23:27.831+0000] {processor.py:154} INFO - Started process (PID=3047) to work on /home/airflow/.local/lib/python3.7/site-packages/airflow/example_dags/example_bash_operator.py
[2024-08-01T09:23:27.887+0000] {processor.py:756} INFO - Processing file /home/airflow/.local/lib/python3.7/site-packages/airflow/example_dags/example_bash_operator.py for tasks to queue
[2024-08-01T09:23:27.909+0000] {logging_mixin.py:120} INFO - [2024-08-01T09:23:27.909+0000] {dagbag.py:537} INFO - Filling up the DagBag from /home/airflow/.local/lib/python3.7/site-packages/airflow/example_dags/example_bash_operator.py
[2024-08-01T09:23:27.955+0000] {processor.py:766} INFO - DAG(s) dict_keys(['example_bash_operator']) retrieved from /home/airflow/.local/lib/python3.7/site-packages/airflow/example_dags/example_bash_operator.py
[2024-08-01T09:23:28.154+0000] {logging_mixin.py:120} INFO - [2024-08-01T09:23:28.153+0000] {dag.py:2585} INFO - Sync 1 DAGs
[2024-08-01T09:23:28.271+0000] {logging_mixin.py:120} INFO - [2024-08-01T09:23:28.271+0000] {dag.py:3340} INFO - Setting next_dagrun for example_bash_operator to 2024-07-31T00:00:00+00:00, run_after=2024-08-01T00:00:00+00:00
[2024-08-01T09:23:28.392+0000] {processor.py:176} INFO - Processing /home/airflow/.local/lib/python3.7/site-packages/airflow/example_dags/example_bash_operator.py took 0.565 seconds
[2024-08-01T09:23:58.823+0000] {processor.py:154} INFO - Started process (PID=3111) to work on /home/airflow/.local/lib/python3.7/site-packages/airflow/example_dags/example_bash_operator.py
[2024-08-01T09:23:58.834+0000] {processor.py:756} INFO - Processing file /home/airflow/.local/lib/python3.7/site-packages/airflow/example_dags/example_bash_operator.py for tasks to queue
[2024-08-01T09:23:58.955+0000] {logging_mixin.py:120} INFO - [2024-08-01T09:23:58.955+0000] {dagbag.py:537} INFO - Filling up the DagBag from /home/airflow/.local/lib/python3.7/site-packages/airflow/example_dags/example_bash_operator.py
[2024-08-01T09:23:59.131+0000] {processor.py:766} INFO - DAG(s) dict_keys(['example_bash_operator']) retrieved from /home/airflow/.local/lib/python3.7/site-packages/airflow/example_dags/example_bash_operator.py
[2024-08-01T09:23:59.213+0000] {logging_mixin.py:120} INFO - [2024-08-01T09:23:59.213+0000] {dag.py:2585} INFO - Sync 1 DAGs
[2024-08-01T09:23:59.316+0000] {logging_mixin.py:120} INFO - [2024-08-01T09:23:59.316+0000] {dag.py:3340} INFO - Setting next_dagrun for example_bash_operator to 2024-07-31T00:00:00+00:00, run_after=2024-08-01T00:00:00+00:00
[2024-08-01T09:23:59.505+0000] {processor.py:176} INFO - Processing /home/airflow/.local/lib/python3.7/site-packages/airflow/example_dags/example_bash_operator.py took 0.685 seconds
[2024-08-01T09:24:29.952+0000] {processor.py:154} INFO - Started process (PID=3166) to work on /home/airflow/.local/lib/python3.7/site-packages/airflow/example_dags/example_bash_operator.py
[2024-08-01T09:24:30.041+0000] {processor.py:756} INFO - Processing file /home/airflow/.local/lib/python3.7/site-packages/airflow/example_dags/example_bash_operator.py for tasks to queue
[2024-08-01T09:24:30.043+0000] {logging_mixin.py:120} INFO - [2024-08-01T09:24:30.043+0000] {dagbag.py:537} INFO - Filling up the DagBag from /home/airflow/.local/lib/python3.7/site-packages/airflow/example_dags/example_bash_operator.py
[2024-08-01T09:24:30.107+0000] {processor.py:766} INFO - DAG(s) dict_keys(['example_bash_operator']) retrieved from /home/airflow/.local/lib/python3.7/site-packages/airflow/example_dags/example_bash_operator.py
[2024-08-01T09:24:30.289+0000] {logging_mixin.py:120} INFO - [2024-08-01T09:24:30.289+0000] {dag.py:2585} INFO - Sync 1 DAGs
[2024-08-01T09:24:30.334+0000] {logging_mixin.py:120} INFO - [2024-08-01T09:24:30.334+0000] {dag.py:3340} INFO - Setting next_dagrun for example_bash_operator to 2024-07-31T00:00:00+00:00, run_after=2024-08-01T00:00:00+00:00
[2024-08-01T09:24:30.372+0000] {processor.py:176} INFO - Processing /home/airflow/.local/lib/python3.7/site-packages/airflow/example_dags/example_bash_operator.py took 0.423 seconds
[2024-08-01T09:25:01.954+0000] {processor.py:154} INFO - Started process (PID=3231) to work on /home/airflow/.local/lib/python3.7/site-packages/airflow/example_dags/example_bash_operator.py
[2024-08-01T09:25:01.956+0000] {processor.py:756} INFO - Processing file /home/airflow/.local/lib/python3.7/site-packages/airflow/example_dags/example_bash_operator.py for tasks to queue
[2024-08-01T09:25:02.045+0000] {logging_mixin.py:120} INFO - [2024-08-01T09:25:02.044+0000] {dagbag.py:537} INFO - Filling up the DagBag from /home/airflow/.local/lib/python3.7/site-packages/airflow/example_dags/example_bash_operator.py
[2024-08-01T09:25:02.114+0000] {processor.py:766} INFO - DAG(s) dict_keys(['example_bash_operator']) retrieved from /home/airflow/.local/lib/python3.7/site-packages/airflow/example_dags/example_bash_operator.py
[2024-08-01T09:25:02.168+0000] {logging_mixin.py:120} INFO - [2024-08-01T09:25:02.168+0000] {dag.py:2585} INFO - Sync 1 DAGs
[2024-08-01T09:25:02.281+0000] {logging_mixin.py:120} INFO - [2024-08-01T09:25:02.281+0000] {dag.py:3340} INFO - Setting next_dagrun for example_bash_operator to 2024-07-31T00:00:00+00:00, run_after=2024-08-01T00:00:00+00:00
[2024-08-01T09:25:02.444+0000] {processor.py:176} INFO - Processing /home/airflow/.local/lib/python3.7/site-packages/airflow/example_dags/example_bash_operator.py took 0.493 seconds
[2024-08-01T09:25:32.770+0000] {processor.py:154} INFO - Started process (PID=3297) to work on /home/airflow/.local/lib/python3.7/site-packages/airflow/example_dags/example_bash_operator.py
[2024-08-01T09:25:32.772+0000] {processor.py:756} INFO - Processing file /home/airflow/.local/lib/python3.7/site-packages/airflow/example_dags/example_bash_operator.py for tasks to queue
[2024-08-01T09:25:32.773+0000] {logging_mixin.py:120} INFO - [2024-08-01T09:25:32.773+0000] {dagbag.py:537} INFO - Filling up the DagBag from /home/airflow/.local/lib/python3.7/site-packages/airflow/example_dags/example_bash_operator.py
[2024-08-01T09:25:32.812+0000] {processor.py:766} INFO - DAG(s) dict_keys(['example_bash_operator']) retrieved from /home/airflow/.local/lib/python3.7/site-packages/airflow/example_dags/example_bash_operator.py
[2024-08-01T09:25:32.857+0000] {logging_mixin.py:120} INFO - [2024-08-01T09:25:32.857+0000] {dag.py:2585} INFO - Sync 1 DAGs
[2024-08-01T09:25:32.880+0000] {logging_mixin.py:120} INFO - [2024-08-01T09:25:32.880+0000] {dag.py:3340} INFO - Setting next_dagrun for example_bash_operator to 2024-07-31T00:00:00+00:00, run_after=2024-08-01T00:00:00+00:00
[2024-08-01T09:25:32.900+0000] {processor.py:176} INFO - Processing /home/airflow/.local/lib/python3.7/site-packages/airflow/example_dags/example_bash_operator.py took 0.134 seconds
[2024-08-01T09:26:03.128+0000] {processor.py:154} INFO - Started process (PID=3352) to work on /home/airflow/.local/lib/python3.7/site-packages/airflow/example_dags/example_bash_operator.py
[2024-08-01T09:26:03.129+0000] {processor.py:756} INFO - Processing file /home/airflow/.local/lib/python3.7/site-packages/airflow/example_dags/example_bash_operator.py for tasks to queue
[2024-08-01T09:26:03.130+0000] {logging_mixin.py:120} INFO - [2024-08-01T09:26:03.130+0000] {dagbag.py:537} INFO - Filling up the DagBag from /home/airflow/.local/lib/python3.7/site-packages/airflow/example_dags/example_bash_operator.py
[2024-08-01T09:26:03.180+0000] {processor.py:766} INFO - DAG(s) dict_keys(['example_bash_operator']) retrieved from /home/airflow/.local/lib/python3.7/site-packages/airflow/example_dags/example_bash_operator.py
[2024-08-01T09:26:03.284+0000] {logging_mixin.py:120} INFO - [2024-08-01T09:26:03.284+0000] {dag.py:2585} INFO - Sync 1 DAGs
[2024-08-01T09:26:03.327+0000] {logging_mixin.py:120} INFO - [2024-08-01T09:26:03.327+0000] {dag.py:3340} INFO - Setting next_dagrun for example_bash_operator to 2024-07-31T00:00:00+00:00, run_after=2024-08-01T00:00:00+00:00
[2024-08-01T09:26:03.363+0000] {processor.py:176} INFO - Processing /home/airflow/.local/lib/python3.7/site-packages/airflow/example_dags/example_bash_operator.py took 0.238 seconds
[2024-08-01T09:26:33.816+0000] {processor.py:154} INFO - Started process (PID=3416) to work on /home/airflow/.local/lib/python3.7/site-packages/airflow/example_dags/example_bash_operator.py
[2024-08-01T09:26:33.817+0000] {processor.py:756} INFO - Processing file /home/airflow/.local/lib/python3.7/site-packages/airflow/example_dags/example_bash_operator.py for tasks to queue
[2024-08-01T09:26:33.818+0000] {logging_mixin.py:120} INFO - [2024-08-01T09:26:33.817+0000] {dagbag.py:537} INFO - Filling up the DagBag from /home/airflow/.local/lib/python3.7/site-packages/airflow/example_dags/example_bash_operator.py
[2024-08-01T09:26:33.848+0000] {processor.py:766} INFO - DAG(s) dict_keys(['example_bash_operator']) retrieved from /home/airflow/.local/lib/python3.7/site-packages/airflow/example_dags/example_bash_operator.py
[2024-08-01T09:26:33.902+0000] {logging_mixin.py:120} INFO - [2024-08-01T09:26:33.901+0000] {dag.py:2585} INFO - Sync 1 DAGs
[2024-08-01T09:26:33.935+0000] {logging_mixin.py:120} INFO - [2024-08-01T09:26:33.935+0000] {dag.py:3340} INFO - Setting next_dagrun for example_bash_operator to 2024-07-31T00:00:00+00:00, run_after=2024-08-01T00:00:00+00:00
[2024-08-01T09:26:33.961+0000] {processor.py:176} INFO - Processing /home/airflow/.local/lib/python3.7/site-packages/airflow/example_dags/example_bash_operator.py took 0.148 seconds
[2024-08-01T09:27:04.966+0000] {processor.py:154} INFO - Started process (PID=3480) to work on /home/airflow/.local/lib/python3.7/site-packages/airflow/example_dags/example_bash_operator.py
[2024-08-01T09:27:04.967+0000] {processor.py:756} INFO - Processing file /home/airflow/.local/lib/python3.7/site-packages/airflow/example_dags/example_bash_operator.py for tasks to queue
[2024-08-01T09:27:04.969+0000] {logging_mixin.py:120} INFO - [2024-08-01T09:27:04.969+0000] {dagbag.py:537} INFO - Filling up the DagBag from /home/airflow/.local/lib/python3.7/site-packages/airflow/example_dags/example_bash_operator.py
[2024-08-01T09:27:04.995+0000] {processor.py:766} INFO - DAG(s) dict_keys(['example_bash_operator']) retrieved from /home/airflow/.local/lib/python3.7/site-packages/airflow/example_dags/example_bash_operator.py
[2024-08-01T09:27:05.044+0000] {logging_mixin.py:120} INFO - [2024-08-01T09:27:05.044+0000] {dag.py:2585} INFO - Sync 1 DAGs
[2024-08-01T09:27:05.071+0000] {logging_mixin.py:120} INFO - [2024-08-01T09:27:05.071+0000] {dag.py:3340} INFO - Setting next_dagrun for example_bash_operator to 2024-07-31T00:00:00+00:00, run_after=2024-08-01T00:00:00+00:00
[2024-08-01T09:27:05.094+0000] {processor.py:176} INFO - Processing /home/airflow/.local/lib/python3.7/site-packages/airflow/example_dags/example_bash_operator.py took 0.132 seconds
[2024-08-01T09:27:35.732+0000] {processor.py:154} INFO - Started process (PID=3535) to work on /home/airflow/.local/lib/python3.7/site-packages/airflow/example_dags/example_bash_operator.py
[2024-08-01T09:27:35.736+0000] {processor.py:756} INFO - Processing file /home/airflow/.local/lib/python3.7/site-packages/airflow/example_dags/example_bash_operator.py for tasks to queue
[2024-08-01T09:27:35.738+0000] {logging_mixin.py:120} INFO - [2024-08-01T09:27:35.738+0000] {dagbag.py:537} INFO - Filling up the DagBag from /home/airflow/.local/lib/python3.7/site-packages/airflow/example_dags/example_bash_operator.py
[2024-08-01T09:27:35.767+0000] {processor.py:766} INFO - DAG(s) dict_keys(['example_bash_operator']) retrieved from /home/airflow/.local/lib/python3.7/site-packages/airflow/example_dags/example_bash_operator.py
[2024-08-01T09:27:35.976+0000] {logging_mixin.py:120} INFO - [2024-08-01T09:27:35.975+0000] {dag.py:2585} INFO - Sync 1 DAGs
[2024-08-01T09:27:36.117+0000] {logging_mixin.py:120} INFO - [2024-08-01T09:27:36.117+0000] {dag.py:3340} INFO - Setting next_dagrun for example_bash_operator to 2024-07-31T00:00:00+00:00, run_after=2024-08-01T00:00:00+00:00
[2024-08-01T09:27:36.146+0000] {processor.py:176} INFO - Processing /home/airflow/.local/lib/python3.7/site-packages/airflow/example_dags/example_bash_operator.py took 0.418 seconds
[2024-08-01T09:28:07.215+0000] {processor.py:154} INFO - Started process (PID=3600) to work on /home/airflow/.local/lib/python3.7/site-packages/airflow/example_dags/example_bash_operator.py
[2024-08-01T09:28:07.225+0000] {processor.py:756} INFO - Processing file /home/airflow/.local/lib/python3.7/site-packages/airflow/example_dags/example_bash_operator.py for tasks to queue
[2024-08-01T09:28:07.239+0000] {logging_mixin.py:120} INFO - [2024-08-01T09:28:07.239+0000] {dagbag.py:537} INFO - Filling up the DagBag from /home/airflow/.local/lib/python3.7/site-packages/airflow/example_dags/example_bash_operator.py
[2024-08-01T09:28:07.272+0000] {processor.py:766} INFO - DAG(s) dict_keys(['example_bash_operator']) retrieved from /home/airflow/.local/lib/python3.7/site-packages/airflow/example_dags/example_bash_operator.py
[2024-08-01T09:28:07.333+0000] {logging_mixin.py:120} INFO - [2024-08-01T09:28:07.332+0000] {dag.py:2585} INFO - Sync 1 DAGs
[2024-08-01T09:28:07.373+0000] {logging_mixin.py:120} INFO - [2024-08-01T09:28:07.373+0000] {dag.py:3340} INFO - Setting next_dagrun for example_bash_operator to 2024-07-31T00:00:00+00:00, run_after=2024-08-01T00:00:00+00:00
[2024-08-01T09:28:07.402+0000] {processor.py:176} INFO - Processing /home/airflow/.local/lib/python3.7/site-packages/airflow/example_dags/example_bash_operator.py took 0.192 seconds
[2024-08-01T09:28:37.615+0000] {processor.py:154} INFO - Started process (PID=3664) to work on /home/airflow/.local/lib/python3.7/site-packages/airflow/example_dags/example_bash_operator.py
[2024-08-01T09:28:37.617+0000] {processor.py:756} INFO - Processing file /home/airflow/.local/lib/python3.7/site-packages/airflow/example_dags/example_bash_operator.py for tasks to queue
[2024-08-01T09:28:37.618+0000] {logging_mixin.py:120} INFO - [2024-08-01T09:28:37.618+0000] {dagbag.py:537} INFO - Filling up the DagBag from /home/airflow/.local/lib/python3.7/site-packages/airflow/example_dags/example_bash_operator.py
[2024-08-01T09:28:37.641+0000] {processor.py:766} INFO - DAG(s) dict_keys(['example_bash_operator']) retrieved from /home/airflow/.local/lib/python3.7/site-packages/airflow/example_dags/example_bash_operator.py
[2024-08-01T09:28:37.689+0000] {logging_mixin.py:120} INFO - [2024-08-01T09:28:37.689+0000] {dag.py:2585} INFO - Sync 1 DAGs
[2024-08-01T09:28:37.718+0000] {logging_mixin.py:120} INFO - [2024-08-01T09:28:37.718+0000] {dag.py:3340} INFO - Setting next_dagrun for example_bash_operator to 2024-07-31T00:00:00+00:00, run_after=2024-08-01T00:00:00+00:00
[2024-08-01T09:28:37.739+0000] {processor.py:176} INFO - Processing /home/airflow/.local/lib/python3.7/site-packages/airflow/example_dags/example_bash_operator.py took 0.127 seconds
[2024-08-01T09:29:08.676+0000] {processor.py:154} INFO - Started process (PID=3728) to work on /home/airflow/.local/lib/python3.7/site-packages/airflow/example_dags/example_bash_operator.py
[2024-08-01T09:29:08.677+0000] {processor.py:756} INFO - Processing file /home/airflow/.local/lib/python3.7/site-packages/airflow/example_dags/example_bash_operator.py for tasks to queue
[2024-08-01T09:29:08.678+0000] {logging_mixin.py:120} INFO - [2024-08-01T09:29:08.678+0000] {dagbag.py:537} INFO - Filling up the DagBag from /home/airflow/.local/lib/python3.7/site-packages/airflow/example_dags/example_bash_operator.py
[2024-08-01T09:29:08.716+0000] {processor.py:766} INFO - DAG(s) dict_keys(['example_bash_operator']) retrieved from /home/airflow/.local/lib/python3.7/site-packages/airflow/example_dags/example_bash_operator.py
[2024-08-01T09:29:08.781+0000] {logging_mixin.py:120} INFO - [2024-08-01T09:29:08.780+0000] {dag.py:2585} INFO - Sync 1 DAGs
[2024-08-01T09:29:08.909+0000] {logging_mixin.py:120} INFO - [2024-08-01T09:29:08.909+0000] {dag.py:3340} INFO - Setting next_dagrun for example_bash_operator to 2024-07-31T00:00:00+00:00, run_after=2024-08-01T00:00:00+00:00
[2024-08-01T09:29:09.062+0000] {processor.py:176} INFO - Processing /home/airflow/.local/lib/python3.7/site-packages/airflow/example_dags/example_bash_operator.py took 0.394 seconds
[2024-08-01T09:29:39.380+0000] {processor.py:154} INFO - Started process (PID=3784) to work on /home/airflow/.local/lib/python3.7/site-packages/airflow/example_dags/example_bash_operator.py
[2024-08-01T09:29:39.383+0000] {processor.py:756} INFO - Processing file /home/airflow/.local/lib/python3.7/site-packages/airflow/example_dags/example_bash_operator.py for tasks to queue
[2024-08-01T09:29:39.385+0000] {logging_mixin.py:120} INFO - [2024-08-01T09:29:39.385+0000] {dagbag.py:537} INFO - Filling up the DagBag from /home/airflow/.local/lib/python3.7/site-packages/airflow/example_dags/example_bash_operator.py
[2024-08-01T09:29:39.428+0000] {processor.py:766} INFO - DAG(s) dict_keys(['example_bash_operator']) retrieved from /home/airflow/.local/lib/python3.7/site-packages/airflow/example_dags/example_bash_operator.py
[2024-08-01T09:29:39.593+0000] {logging_mixin.py:120} INFO - [2024-08-01T09:29:39.593+0000] {dag.py:2585} INFO - Sync 1 DAGs
[2024-08-01T09:29:39.695+0000] {logging_mixin.py:120} INFO - [2024-08-01T09:29:39.695+0000] {dag.py:3340} INFO - Setting next_dagrun for example_bash_operator to 2024-07-31T00:00:00+00:00, run_after=2024-08-01T00:00:00+00:00
[2024-08-01T09:29:39.735+0000] {processor.py:176} INFO - Processing /home/airflow/.local/lib/python3.7/site-packages/airflow/example_dags/example_bash_operator.py took 0.358 seconds
[2024-08-01T09:30:11.905+0000] {processor.py:154} INFO - Started process (PID=3848) to work on /home/airflow/.local/lib/python3.7/site-packages/airflow/example_dags/example_bash_operator.py
[2024-08-01T09:30:11.906+0000] {processor.py:756} INFO - Processing file /home/airflow/.local/lib/python3.7/site-packages/airflow/example_dags/example_bash_operator.py for tasks to queue
[2024-08-01T09:30:11.908+0000] {logging_mixin.py:120} INFO - [2024-08-01T09:30:11.908+0000] {dagbag.py:537} INFO - Filling up the DagBag from /home/airflow/.local/lib/python3.7/site-packages/airflow/example_dags/example_bash_operator.py
[2024-08-01T09:30:11.970+0000] {processor.py:766} INFO - DAG(s) dict_keys(['example_bash_operator']) retrieved from /home/airflow/.local/lib/python3.7/site-packages/airflow/example_dags/example_bash_operator.py
[2024-08-01T09:30:12.114+0000] {logging_mixin.py:120} INFO - [2024-08-01T09:30:12.114+0000] {dag.py:2585} INFO - Sync 1 DAGs
[2024-08-01T09:30:12.246+0000] {logging_mixin.py:120} INFO - [2024-08-01T09:30:12.246+0000] {dag.py:3340} INFO - Setting next_dagrun for example_bash_operator to 2024-07-31T00:00:00+00:00, run_after=2024-08-01T00:00:00+00:00
[2024-08-01T09:30:12.414+0000] {processor.py:176} INFO - Processing /home/airflow/.local/lib/python3.7/site-packages/airflow/example_dags/example_bash_operator.py took 0.512 seconds
[2024-08-01T09:30:43.316+0000] {processor.py:154} INFO - Started process (PID=3912) to work on /home/airflow/.local/lib/python3.7/site-packages/airflow/example_dags/example_bash_operator.py
[2024-08-01T09:30:43.317+0000] {processor.py:756} INFO - Processing file /home/airflow/.local/lib/python3.7/site-packages/airflow/example_dags/example_bash_operator.py for tasks to queue
[2024-08-01T09:30:43.318+0000] {logging_mixin.py:120} INFO - [2024-08-01T09:30:43.318+0000] {dagbag.py:537} INFO - Filling up the DagBag from /home/airflow/.local/lib/python3.7/site-packages/airflow/example_dags/example_bash_operator.py
[2024-08-01T09:30:43.353+0000] {processor.py:766} INFO - DAG(s) dict_keys(['example_bash_operator']) retrieved from /home/airflow/.local/lib/python3.7/site-packages/airflow/example_dags/example_bash_operator.py
[2024-08-01T09:30:43.403+0000] {logging_mixin.py:120} INFO - [2024-08-01T09:30:43.402+0000] {dag.py:2585} INFO - Sync 1 DAGs
[2024-08-01T09:30:43.432+0000] {logging_mixin.py:120} INFO - [2024-08-01T09:30:43.432+0000] {dag.py:3340} INFO - Setting next_dagrun for example_bash_operator to 2024-07-31T00:00:00+00:00, run_after=2024-08-01T00:00:00+00:00
[2024-08-01T09:30:43.457+0000] {processor.py:176} INFO - Processing /home/airflow/.local/lib/python3.7/site-packages/airflow/example_dags/example_bash_operator.py took 0.144 seconds
[2024-08-01T09:31:13.976+0000] {processor.py:154} INFO - Started process (PID=3967) to work on /home/airflow/.local/lib/python3.7/site-packages/airflow/example_dags/example_bash_operator.py
[2024-08-01T09:31:13.978+0000] {processor.py:756} INFO - Processing file /home/airflow/.local/lib/python3.7/site-packages/airflow/example_dags/example_bash_operator.py for tasks to queue
[2024-08-01T09:31:13.980+0000] {logging_mixin.py:120} INFO - [2024-08-01T09:31:13.980+0000] {dagbag.py:537} INFO - Filling up the DagBag from /home/airflow/.local/lib/python3.7/site-packages/airflow/example_dags/example_bash_operator.py
[2024-08-01T09:31:14.007+0000] {processor.py:766} INFO - DAG(s) dict_keys(['example_bash_operator']) retrieved from /home/airflow/.local/lib/python3.7/site-packages/airflow/example_dags/example_bash_operator.py
[2024-08-01T09:31:14.058+0000] {logging_mixin.py:120} INFO - [2024-08-01T09:31:14.058+0000] {dag.py:2585} INFO - Sync 1 DAGs
[2024-08-01T09:31:14.087+0000] {logging_mixin.py:120} INFO - [2024-08-01T09:31:14.087+0000] {dag.py:3340} INFO - Setting next_dagrun for example_bash_operator to 2024-07-31T00:00:00+00:00, run_after=2024-08-01T00:00:00+00:00
[2024-08-01T09:31:14.106+0000] {processor.py:176} INFO - Processing /home/airflow/.local/lib/python3.7/site-packages/airflow/example_dags/example_bash_operator.py took 0.135 seconds
[2024-08-01T09:31:44.825+0000] {processor.py:154} INFO - Started process (PID=4032) to work on /home/airflow/.local/lib/python3.7/site-packages/airflow/example_dags/example_bash_operator.py
[2024-08-01T09:31:44.827+0000] {processor.py:756} INFO - Processing file /home/airflow/.local/lib/python3.7/site-packages/airflow/example_dags/example_bash_operator.py for tasks to queue
[2024-08-01T09:31:44.828+0000] {logging_mixin.py:120} INFO - [2024-08-01T09:31:44.828+0000] {dagbag.py:537} INFO - Filling up the DagBag from /home/airflow/.local/lib/python3.7/site-packages/airflow/example_dags/example_bash_operator.py
[2024-08-01T09:31:44.858+0000] {processor.py:766} INFO - DAG(s) dict_keys(['example_bash_operator']) retrieved from /home/airflow/.local/lib/python3.7/site-packages/airflow/example_dags/example_bash_operator.py
[2024-08-01T09:31:44.910+0000] {logging_mixin.py:120} INFO - [2024-08-01T09:31:44.910+0000] {dag.py:2585} INFO - Sync 1 DAGs
[2024-08-01T09:31:44.949+0000] {logging_mixin.py:120} INFO - [2024-08-01T09:31:44.949+0000] {dag.py:3340} INFO - Setting next_dagrun for example_bash_operator to 2024-07-31T00:00:00+00:00, run_after=2024-08-01T00:00:00+00:00
[2024-08-01T09:31:44.978+0000] {processor.py:176} INFO - Processing /home/airflow/.local/lib/python3.7/site-packages/airflow/example_dags/example_bash_operator.py took 0.160 seconds
[2024-08-01T09:32:15.199+0000] {processor.py:154} INFO - Started process (PID=4096) to work on /home/airflow/.local/lib/python3.7/site-packages/airflow/example_dags/example_bash_operator.py
[2024-08-01T09:32:15.200+0000] {processor.py:756} INFO - Processing file /home/airflow/.local/lib/python3.7/site-packages/airflow/example_dags/example_bash_operator.py for tasks to queue
[2024-08-01T09:32:15.201+0000] {logging_mixin.py:120} INFO - [2024-08-01T09:32:15.201+0000] {dagbag.py:537} INFO - Filling up the DagBag from /home/airflow/.local/lib/python3.7/site-packages/airflow/example_dags/example_bash_operator.py
[2024-08-01T09:32:15.236+0000] {processor.py:766} INFO - DAG(s) dict_keys(['example_bash_operator']) retrieved from /home/airflow/.local/lib/python3.7/site-packages/airflow/example_dags/example_bash_operator.py
[2024-08-01T09:32:15.282+0000] {logging_mixin.py:120} INFO - [2024-08-01T09:32:15.282+0000] {dag.py:2585} INFO - Sync 1 DAGs
[2024-08-01T09:32:15.314+0000] {logging_mixin.py:120} INFO - [2024-08-01T09:32:15.314+0000] {dag.py:3340} INFO - Setting next_dagrun for example_bash_operator to 2024-07-31T00:00:00+00:00, run_after=2024-08-01T00:00:00+00:00
[2024-08-01T09:32:15.340+0000] {processor.py:176} INFO - Processing /home/airflow/.local/lib/python3.7/site-packages/airflow/example_dags/example_bash_operator.py took 0.145 seconds
[2024-08-01T09:32:45.411+0000] {processor.py:154} INFO - Started process (PID=4151) to work on /home/airflow/.local/lib/python3.7/site-packages/airflow/example_dags/example_bash_operator.py
[2024-08-01T09:32:45.412+0000] {processor.py:756} INFO - Processing file /home/airflow/.local/lib/python3.7/site-packages/airflow/example_dags/example_bash_operator.py for tasks to queue
[2024-08-01T09:32:45.414+0000] {logging_mixin.py:120} INFO - [2024-08-01T09:32:45.414+0000] {dagbag.py:537} INFO - Filling up the DagBag from /home/airflow/.local/lib/python3.7/site-packages/airflow/example_dags/example_bash_operator.py
[2024-08-01T09:32:45.434+0000] {processor.py:766} INFO - DAG(s) dict_keys(['example_bash_operator']) retrieved from /home/airflow/.local/lib/python3.7/site-packages/airflow/example_dags/example_bash_operator.py
[2024-08-01T09:32:45.484+0000] {logging_mixin.py:120} INFO - [2024-08-01T09:32:45.484+0000] {dag.py:2585} INFO - Sync 1 DAGs
[2024-08-01T09:32:45.514+0000] {logging_mixin.py:120} INFO - [2024-08-01T09:32:45.514+0000] {dag.py:3340} INFO - Setting next_dagrun for example_bash_operator to 2024-07-31T00:00:00+00:00, run_after=2024-08-01T00:00:00+00:00
[2024-08-01T09:32:45.543+0000] {processor.py:176} INFO - Processing /home/airflow/.local/lib/python3.7/site-packages/airflow/example_dags/example_bash_operator.py took 0.134 seconds
[2024-08-01T09:33:16.285+0000] {processor.py:154} INFO - Started process (PID=4216) to work on /home/airflow/.local/lib/python3.7/site-packages/airflow/example_dags/example_bash_operator.py
[2024-08-01T09:33:16.286+0000] {processor.py:756} INFO - Processing file /home/airflow/.local/lib/python3.7/site-packages/airflow/example_dags/example_bash_operator.py for tasks to queue
[2024-08-01T09:33:16.287+0000] {logging_mixin.py:120} INFO - [2024-08-01T09:33:16.287+0000] {dagbag.py:537} INFO - Filling up the DagBag from /home/airflow/.local/lib/python3.7/site-packages/airflow/example_dags/example_bash_operator.py
[2024-08-01T09:33:16.333+0000] {processor.py:766} INFO - DAG(s) dict_keys(['example_bash_operator']) retrieved from /home/airflow/.local/lib/python3.7/site-packages/airflow/example_dags/example_bash_operator.py
[2024-08-01T09:33:16.396+0000] {logging_mixin.py:120} INFO - [2024-08-01T09:33:16.395+0000] {dag.py:2585} INFO - Sync 1 DAGs
[2024-08-01T09:33:16.442+0000] {logging_mixin.py:120} INFO - [2024-08-01T09:33:16.442+0000] {dag.py:3340} INFO - Setting next_dagrun for example_bash_operator to 2024-07-31T00:00:00+00:00, run_after=2024-08-01T00:00:00+00:00
[2024-08-01T09:33:16.471+0000] {processor.py:176} INFO - Processing /home/airflow/.local/lib/python3.7/site-packages/airflow/example_dags/example_bash_operator.py took 0.189 seconds
[2024-08-01T09:33:46.557+0000] {processor.py:154} INFO - Started process (PID=4279) to work on /home/airflow/.local/lib/python3.7/site-packages/airflow/example_dags/example_bash_operator.py
[2024-08-01T09:33:46.560+0000] {processor.py:756} INFO - Processing file /home/airflow/.local/lib/python3.7/site-packages/airflow/example_dags/example_bash_operator.py for tasks to queue
[2024-08-01T09:33:46.561+0000] {logging_mixin.py:120} INFO - [2024-08-01T09:33:46.561+0000] {dagbag.py:537} INFO - Filling up the DagBag from /home/airflow/.local/lib/python3.7/site-packages/airflow/example_dags/example_bash_operator.py
[2024-08-01T09:33:46.584+0000] {processor.py:766} INFO - DAG(s) dict_keys(['example_bash_operator']) retrieved from /home/airflow/.local/lib/python3.7/site-packages/airflow/example_dags/example_bash_operator.py
[2024-08-01T09:33:46.638+0000] {logging_mixin.py:120} INFO - [2024-08-01T09:33:46.638+0000] {dag.py:2585} INFO - Sync 1 DAGs
[2024-08-01T09:33:46.665+0000] {logging_mixin.py:120} INFO - [2024-08-01T09:33:46.664+0000] {dag.py:3340} INFO - Setting next_dagrun for example_bash_operator to 2024-07-31T00:00:00+00:00, run_after=2024-08-01T00:00:00+00:00
[2024-08-01T09:33:46.685+0000] {processor.py:176} INFO - Processing /home/airflow/.local/lib/python3.7/site-packages/airflow/example_dags/example_bash_operator.py took 0.131 seconds
[2024-08-01T09:34:17.144+0000] {processor.py:154} INFO - Started process (PID=4336) to work on /home/airflow/.local/lib/python3.7/site-packages/airflow/example_dags/example_bash_operator.py
[2024-08-01T09:34:17.146+0000] {processor.py:756} INFO - Processing file /home/airflow/.local/lib/python3.7/site-packages/airflow/example_dags/example_bash_operator.py for tasks to queue
[2024-08-01T09:34:17.147+0000] {logging_mixin.py:120} INFO - [2024-08-01T09:34:17.147+0000] {dagbag.py:537} INFO - Filling up the DagBag from /home/airflow/.local/lib/python3.7/site-packages/airflow/example_dags/example_bash_operator.py
[2024-08-01T09:34:17.182+0000] {processor.py:766} INFO - DAG(s) dict_keys(['example_bash_operator']) retrieved from /home/airflow/.local/lib/python3.7/site-packages/airflow/example_dags/example_bash_operator.py
[2024-08-01T09:34:17.251+0000] {logging_mixin.py:120} INFO - [2024-08-01T09:34:17.251+0000] {dag.py:2585} INFO - Sync 1 DAGs
[2024-08-01T09:34:17.304+0000] {logging_mixin.py:120} INFO - [2024-08-01T09:34:17.304+0000] {dag.py:3340} INFO - Setting next_dagrun for example_bash_operator to 2024-07-31T00:00:00+00:00, run_after=2024-08-01T00:00:00+00:00
[2024-08-01T09:34:17.362+0000] {processor.py:176} INFO - Processing /home/airflow/.local/lib/python3.7/site-packages/airflow/example_dags/example_bash_operator.py took 0.221 seconds
[2024-08-01T09:34:48.399+0000] {processor.py:154} INFO - Started process (PID=4400) to work on /home/airflow/.local/lib/python3.7/site-packages/airflow/example_dags/example_bash_operator.py
[2024-08-01T09:34:48.550+0000] {processor.py:756} INFO - Processing file /home/airflow/.local/lib/python3.7/site-packages/airflow/example_dags/example_bash_operator.py for tasks to queue
[2024-08-01T09:34:48.572+0000] {logging_mixin.py:120} INFO - [2024-08-01T09:34:48.571+0000] {dagbag.py:537} INFO - Filling up the DagBag from /home/airflow/.local/lib/python3.7/site-packages/airflow/example_dags/example_bash_operator.py
[2024-08-01T09:34:48.859+0000] {processor.py:766} INFO - DAG(s) dict_keys(['example_bash_operator']) retrieved from /home/airflow/.local/lib/python3.7/site-packages/airflow/example_dags/example_bash_operator.py
[2024-08-01T09:34:49.003+0000] {logging_mixin.py:120} INFO - [2024-08-01T09:34:49.003+0000] {dag.py:2585} INFO - Sync 1 DAGs
[2024-08-01T09:34:49.062+0000] {logging_mixin.py:120} INFO - [2024-08-01T09:34:49.062+0000] {dag.py:3340} INFO - Setting next_dagrun for example_bash_operator to 2024-07-31T00:00:00+00:00, run_after=2024-08-01T00:00:00+00:00
[2024-08-01T09:34:49.118+0000] {processor.py:176} INFO - Processing /home/airflow/.local/lib/python3.7/site-packages/airflow/example_dags/example_bash_operator.py took 0.722 seconds
[2024-08-01T09:35:20.982+0000] {processor.py:154} INFO - Started process (PID=4464) to work on /home/airflow/.local/lib/python3.7/site-packages/airflow/example_dags/example_bash_operator.py
[2024-08-01T09:35:21.011+0000] {processor.py:756} INFO - Processing file /home/airflow/.local/lib/python3.7/site-packages/airflow/example_dags/example_bash_operator.py for tasks to queue
[2024-08-01T09:35:21.052+0000] {logging_mixin.py:120} INFO - [2024-08-01T09:35:21.051+0000] {dagbag.py:537} INFO - Filling up the DagBag from /home/airflow/.local/lib/python3.7/site-packages/airflow/example_dags/example_bash_operator.py
[2024-08-01T09:35:21.096+0000] {processor.py:766} INFO - DAG(s) dict_keys(['example_bash_operator']) retrieved from /home/airflow/.local/lib/python3.7/site-packages/airflow/example_dags/example_bash_operator.py
[2024-08-01T09:35:21.157+0000] {logging_mixin.py:120} INFO - [2024-08-01T09:35:21.157+0000] {dag.py:2585} INFO - Sync 1 DAGs
[2024-08-01T09:35:21.253+0000] {logging_mixin.py:120} INFO - [2024-08-01T09:35:21.253+0000] {dag.py:3340} INFO - Setting next_dagrun for example_bash_operator to 2024-07-31T00:00:00+00:00, run_after=2024-08-01T00:00:00+00:00
[2024-08-01T09:35:21.373+0000] {processor.py:176} INFO - Processing /home/airflow/.local/lib/python3.7/site-packages/airflow/example_dags/example_bash_operator.py took 0.396 seconds
[2024-08-01T09:35:52.262+0000] {processor.py:154} INFO - Started process (PID=4529) to work on /home/airflow/.local/lib/python3.7/site-packages/airflow/example_dags/example_bash_operator.py
[2024-08-01T09:35:52.263+0000] {processor.py:756} INFO - Processing file /home/airflow/.local/lib/python3.7/site-packages/airflow/example_dags/example_bash_operator.py for tasks to queue
[2024-08-01T09:35:52.264+0000] {logging_mixin.py:120} INFO - [2024-08-01T09:35:52.264+0000] {dagbag.py:537} INFO - Filling up the DagBag from /home/airflow/.local/lib/python3.7/site-packages/airflow/example_dags/example_bash_operator.py
[2024-08-01T09:35:52.280+0000] {processor.py:766} INFO - DAG(s) dict_keys(['example_bash_operator']) retrieved from /home/airflow/.local/lib/python3.7/site-packages/airflow/example_dags/example_bash_operator.py
[2024-08-01T09:35:52.315+0000] {logging_mixin.py:120} INFO - [2024-08-01T09:35:52.315+0000] {dag.py:2585} INFO - Sync 1 DAGs
[2024-08-01T09:35:52.337+0000] {logging_mixin.py:120} INFO - [2024-08-01T09:35:52.337+0000] {dag.py:3340} INFO - Setting next_dagrun for example_bash_operator to 2024-07-31T00:00:00+00:00, run_after=2024-08-01T00:00:00+00:00
[2024-08-01T09:35:52.356+0000] {processor.py:176} INFO - Processing /home/airflow/.local/lib/python3.7/site-packages/airflow/example_dags/example_bash_operator.py took 0.096 seconds
[2024-08-01T09:36:22.635+0000] {processor.py:154} INFO - Started process (PID=4591) to work on /home/airflow/.local/lib/python3.7/site-packages/airflow/example_dags/example_bash_operator.py
[2024-08-01T09:36:22.636+0000] {processor.py:756} INFO - Processing file /home/airflow/.local/lib/python3.7/site-packages/airflow/example_dags/example_bash_operator.py for tasks to queue
[2024-08-01T09:36:22.637+0000] {logging_mixin.py:120} INFO - [2024-08-01T09:36:22.637+0000] {dagbag.py:537} INFO - Filling up the DagBag from /home/airflow/.local/lib/python3.7/site-packages/airflow/example_dags/example_bash_operator.py
[2024-08-01T09:36:22.654+0000] {processor.py:766} INFO - DAG(s) dict_keys(['example_bash_operator']) retrieved from /home/airflow/.local/lib/python3.7/site-packages/airflow/example_dags/example_bash_operator.py
[2024-08-01T09:36:22.752+0000] {logging_mixin.py:120} INFO - [2024-08-01T09:36:22.752+0000] {dag.py:2585} INFO - Sync 1 DAGs
[2024-08-01T09:36:22.780+0000] {logging_mixin.py:120} INFO - [2024-08-01T09:36:22.780+0000] {dag.py:3340} INFO - Setting next_dagrun for example_bash_operator to 2024-07-31T00:00:00+00:00, run_after=2024-08-01T00:00:00+00:00
[2024-08-01T09:36:22.806+0000] {processor.py:176} INFO - Processing /home/airflow/.local/lib/python3.7/site-packages/airflow/example_dags/example_bash_operator.py took 0.174 seconds
[2024-08-01T09:36:53.353+0000] {processor.py:154} INFO - Started process (PID=4656) to work on /home/airflow/.local/lib/python3.7/site-packages/airflow/example_dags/example_bash_operator.py
[2024-08-01T09:36:53.354+0000] {processor.py:756} INFO - Processing file /home/airflow/.local/lib/python3.7/site-packages/airflow/example_dags/example_bash_operator.py for tasks to queue
[2024-08-01T09:36:53.355+0000] {logging_mixin.py:120} INFO - [2024-08-01T09:36:53.355+0000] {dagbag.py:537} INFO - Filling up the DagBag from /home/airflow/.local/lib/python3.7/site-packages/airflow/example_dags/example_bash_operator.py
[2024-08-01T09:36:53.370+0000] {processor.py:766} INFO - DAG(s) dict_keys(['example_bash_operator']) retrieved from /home/airflow/.local/lib/python3.7/site-packages/airflow/example_dags/example_bash_operator.py
[2024-08-01T09:36:53.416+0000] {logging_mixin.py:120} INFO - [2024-08-01T09:36:53.416+0000] {dag.py:2585} INFO - Sync 1 DAGs
[2024-08-01T09:36:53.434+0000] {logging_mixin.py:120} INFO - [2024-08-01T09:36:53.434+0000] {dag.py:3340} INFO - Setting next_dagrun for example_bash_operator to 2024-07-31T00:00:00+00:00, run_after=2024-08-01T00:00:00+00:00
[2024-08-01T09:36:53.454+0000] {processor.py:176} INFO - Processing /home/airflow/.local/lib/python3.7/site-packages/airflow/example_dags/example_bash_operator.py took 0.103 seconds
[2024-08-01T09:37:23.617+0000] {processor.py:154} INFO - Started process (PID=4720) to work on /home/airflow/.local/lib/python3.7/site-packages/airflow/example_dags/example_bash_operator.py
[2024-08-01T09:37:23.618+0000] {processor.py:756} INFO - Processing file /home/airflow/.local/lib/python3.7/site-packages/airflow/example_dags/example_bash_operator.py for tasks to queue
[2024-08-01T09:37:23.619+0000] {logging_mixin.py:120} INFO - [2024-08-01T09:37:23.619+0000] {dagbag.py:537} INFO - Filling up the DagBag from /home/airflow/.local/lib/python3.7/site-packages/airflow/example_dags/example_bash_operator.py
[2024-08-01T09:37:23.638+0000] {processor.py:766} INFO - DAG(s) dict_keys(['example_bash_operator']) retrieved from /home/airflow/.local/lib/python3.7/site-packages/airflow/example_dags/example_bash_operator.py
[2024-08-01T09:37:23.682+0000] {logging_mixin.py:120} INFO - [2024-08-01T09:37:23.682+0000] {dag.py:2585} INFO - Sync 1 DAGs
[2024-08-01T09:37:23.703+0000] {logging_mixin.py:120} INFO - [2024-08-01T09:37:23.703+0000] {dag.py:3340} INFO - Setting next_dagrun for example_bash_operator to 2024-07-31T00:00:00+00:00, run_after=2024-08-01T00:00:00+00:00
[2024-08-01T09:37:23.724+0000] {processor.py:176} INFO - Processing /home/airflow/.local/lib/python3.7/site-packages/airflow/example_dags/example_bash_operator.py took 0.111 seconds
[2024-08-01T09:37:53.919+0000] {processor.py:154} INFO - Started process (PID=4784) to work on /home/airflow/.local/lib/python3.7/site-packages/airflow/example_dags/example_bash_operator.py
[2024-08-01T09:37:53.920+0000] {processor.py:756} INFO - Processing file /home/airflow/.local/lib/python3.7/site-packages/airflow/example_dags/example_bash_operator.py for tasks to queue
[2024-08-01T09:37:53.921+0000] {logging_mixin.py:120} INFO - [2024-08-01T09:37:53.921+0000] {dagbag.py:537} INFO - Filling up the DagBag from /home/airflow/.local/lib/python3.7/site-packages/airflow/example_dags/example_bash_operator.py
[2024-08-01T09:37:53.937+0000] {processor.py:766} INFO - DAG(s) dict_keys(['example_bash_operator']) retrieved from /home/airflow/.local/lib/python3.7/site-packages/airflow/example_dags/example_bash_operator.py
[2024-08-01T09:37:54.245+0000] {logging_mixin.py:120} INFO - [2024-08-01T09:37:54.245+0000] {dag.py:2585} INFO - Sync 1 DAGs
[2024-08-01T09:37:54.273+0000] {logging_mixin.py:120} INFO - [2024-08-01T09:37:54.273+0000] {dag.py:3340} INFO - Setting next_dagrun for example_bash_operator to 2024-07-31T00:00:00+00:00, run_after=2024-08-01T00:00:00+00:00
[2024-08-01T09:37:54.318+0000] {processor.py:176} INFO - Processing /home/airflow/.local/lib/python3.7/site-packages/airflow/example_dags/example_bash_operator.py took 0.401 seconds
[2024-08-01T09:38:24.473+0000] {processor.py:154} INFO - Started process (PID=4842) to work on /home/airflow/.local/lib/python3.7/site-packages/airflow/example_dags/example_bash_operator.py
[2024-08-01T09:38:24.474+0000] {processor.py:756} INFO - Processing file /home/airflow/.local/lib/python3.7/site-packages/airflow/example_dags/example_bash_operator.py for tasks to queue
[2024-08-01T09:38:24.474+0000] {logging_mixin.py:120} INFO - [2024-08-01T09:38:24.474+0000] {dagbag.py:537} INFO - Filling up the DagBag from /home/airflow/.local/lib/python3.7/site-packages/airflow/example_dags/example_bash_operator.py
[2024-08-01T09:38:24.490+0000] {processor.py:766} INFO - DAG(s) dict_keys(['example_bash_operator']) retrieved from /home/airflow/.local/lib/python3.7/site-packages/airflow/example_dags/example_bash_operator.py
[2024-08-01T09:38:24.526+0000] {logging_mixin.py:120} INFO - [2024-08-01T09:38:24.526+0000] {dag.py:2585} INFO - Sync 1 DAGs
[2024-08-01T09:38:24.546+0000] {logging_mixin.py:120} INFO - [2024-08-01T09:38:24.546+0000] {dag.py:3340} INFO - Setting next_dagrun for example_bash_operator to 2024-07-31T00:00:00+00:00, run_after=2024-08-01T00:00:00+00:00
[2024-08-01T09:38:24.562+0000] {processor.py:176} INFO - Processing /home/airflow/.local/lib/python3.7/site-packages/airflow/example_dags/example_bash_operator.py took 0.091 seconds
[2024-08-01T09:38:55.272+0000] {processor.py:154} INFO - Started process (PID=4906) to work on /home/airflow/.local/lib/python3.7/site-packages/airflow/example_dags/example_bash_operator.py
[2024-08-01T09:38:55.273+0000] {processor.py:756} INFO - Processing file /home/airflow/.local/lib/python3.7/site-packages/airflow/example_dags/example_bash_operator.py for tasks to queue
[2024-08-01T09:38:55.274+0000] {logging_mixin.py:120} INFO - [2024-08-01T09:38:55.274+0000] {dagbag.py:537} INFO - Filling up the DagBag from /home/airflow/.local/lib/python3.7/site-packages/airflow/example_dags/example_bash_operator.py
[2024-08-01T09:38:55.289+0000] {processor.py:766} INFO - DAG(s) dict_keys(['example_bash_operator']) retrieved from /home/airflow/.local/lib/python3.7/site-packages/airflow/example_dags/example_bash_operator.py
[2024-08-01T09:38:55.326+0000] {logging_mixin.py:120} INFO - [2024-08-01T09:38:55.326+0000] {dag.py:2585} INFO - Sync 1 DAGs
[2024-08-01T09:38:55.346+0000] {logging_mixin.py:120} INFO - [2024-08-01T09:38:55.346+0000] {dag.py:3340} INFO - Setting next_dagrun for example_bash_operator to 2024-07-31T00:00:00+00:00, run_after=2024-08-01T00:00:00+00:00
[2024-08-01T09:38:55.366+0000] {processor.py:176} INFO - Processing /home/airflow/.local/lib/python3.7/site-packages/airflow/example_dags/example_bash_operator.py took 0.096 seconds
[2024-08-01T09:39:25.657+0000] {processor.py:154} INFO - Started process (PID=4970) to work on /home/airflow/.local/lib/python3.7/site-packages/airflow/example_dags/example_bash_operator.py
[2024-08-01T09:39:25.658+0000] {processor.py:756} INFO - Processing file /home/airflow/.local/lib/python3.7/site-packages/airflow/example_dags/example_bash_operator.py for tasks to queue
[2024-08-01T09:39:25.659+0000] {logging_mixin.py:120} INFO - [2024-08-01T09:39:25.659+0000] {dagbag.py:537} INFO - Filling up the DagBag from /home/airflow/.local/lib/python3.7/site-packages/airflow/example_dags/example_bash_operator.py
[2024-08-01T09:39:25.674+0000] {processor.py:766} INFO - DAG(s) dict_keys(['example_bash_operator']) retrieved from /home/airflow/.local/lib/python3.7/site-packages/airflow/example_dags/example_bash_operator.py
[2024-08-01T09:39:25.731+0000] {logging_mixin.py:120} INFO - [2024-08-01T09:39:25.731+0000] {dag.py:2585} INFO - Sync 1 DAGs
[2024-08-01T09:39:25.749+0000] {logging_mixin.py:120} INFO - [2024-08-01T09:39:25.749+0000] {dag.py:3340} INFO - Setting next_dagrun for example_bash_operator to 2024-07-31T00:00:00+00:00, run_after=2024-08-01T00:00:00+00:00
[2024-08-01T09:39:25.773+0000] {processor.py:176} INFO - Processing /home/airflow/.local/lib/python3.7/site-packages/airflow/example_dags/example_bash_operator.py took 0.119 seconds
[2024-08-01T09:39:56.022+0000] {processor.py:154} INFO - Started process (PID=5037) to work on /home/airflow/.local/lib/python3.7/site-packages/airflow/example_dags/example_bash_operator.py
[2024-08-01T09:39:56.023+0000] {processor.py:756} INFO - Processing file /home/airflow/.local/lib/python3.7/site-packages/airflow/example_dags/example_bash_operator.py for tasks to queue
[2024-08-01T09:39:56.024+0000] {logging_mixin.py:120} INFO - [2024-08-01T09:39:56.024+0000] {dagbag.py:537} INFO - Filling up the DagBag from /home/airflow/.local/lib/python3.7/site-packages/airflow/example_dags/example_bash_operator.py
[2024-08-01T09:39:56.044+0000] {processor.py:766} INFO - DAG(s) dict_keys(['example_bash_operator']) retrieved from /home/airflow/.local/lib/python3.7/site-packages/airflow/example_dags/example_bash_operator.py
[2024-08-01T09:39:56.082+0000] {logging_mixin.py:120} INFO - [2024-08-01T09:39:56.082+0000] {dag.py:2585} INFO - Sync 1 DAGs
[2024-08-01T09:39:56.110+0000] {logging_mixin.py:120} INFO - [2024-08-01T09:39:56.110+0000] {dag.py:3340} INFO - Setting next_dagrun for example_bash_operator to 2024-07-31T00:00:00+00:00, run_after=2024-08-01T00:00:00+00:00
[2024-08-01T09:39:56.129+0000] {processor.py:176} INFO - Processing /home/airflow/.local/lib/python3.7/site-packages/airflow/example_dags/example_bash_operator.py took 0.109 seconds
[2024-08-01T09:40:26.402+0000] {processor.py:154} INFO - Started process (PID=5104) to work on /home/airflow/.local/lib/python3.7/site-packages/airflow/example_dags/example_bash_operator.py
[2024-08-01T09:40:26.413+0000] {processor.py:756} INFO - Processing file /home/airflow/.local/lib/python3.7/site-packages/airflow/example_dags/example_bash_operator.py for tasks to queue
[2024-08-01T09:40:26.418+0000] {logging_mixin.py:120} INFO - [2024-08-01T09:40:26.418+0000] {dagbag.py:537} INFO - Filling up the DagBag from /home/airflow/.local/lib/python3.7/site-packages/airflow/example_dags/example_bash_operator.py
[2024-08-01T09:40:26.436+0000] {processor.py:766} INFO - DAG(s) dict_keys(['example_bash_operator']) retrieved from /home/airflow/.local/lib/python3.7/site-packages/airflow/example_dags/example_bash_operator.py
[2024-08-01T09:40:26.475+0000] {logging_mixin.py:120} INFO - [2024-08-01T09:40:26.475+0000] {dag.py:2585} INFO - Sync 1 DAGs
[2024-08-01T09:40:26.496+0000] {logging_mixin.py:120} INFO - [2024-08-01T09:40:26.496+0000] {dag.py:3340} INFO - Setting next_dagrun for example_bash_operator to 2024-07-31T00:00:00+00:00, run_after=2024-08-01T00:00:00+00:00
[2024-08-01T09:40:26.517+0000] {processor.py:176} INFO - Processing /home/airflow/.local/lib/python3.7/site-packages/airflow/example_dags/example_bash_operator.py took 0.116 seconds
[2024-08-01T09:40:56.855+0000] {processor.py:154} INFO - Started process (PID=5163) to work on /home/airflow/.local/lib/python3.7/site-packages/airflow/example_dags/example_bash_operator.py
[2024-08-01T09:40:56.856+0000] {processor.py:756} INFO - Processing file /home/airflow/.local/lib/python3.7/site-packages/airflow/example_dags/example_bash_operator.py for tasks to queue
[2024-08-01T09:40:56.858+0000] {logging_mixin.py:120} INFO - [2024-08-01T09:40:56.858+0000] {dagbag.py:537} INFO - Filling up the DagBag from /home/airflow/.local/lib/python3.7/site-packages/airflow/example_dags/example_bash_operator.py
[2024-08-01T09:40:56.874+0000] {processor.py:766} INFO - DAG(s) dict_keys(['example_bash_operator']) retrieved from /home/airflow/.local/lib/python3.7/site-packages/airflow/example_dags/example_bash_operator.py
[2024-08-01T09:40:56.914+0000] {logging_mixin.py:120} INFO - [2024-08-01T09:40:56.914+0000] {dag.py:2585} INFO - Sync 1 DAGs
[2024-08-01T09:40:56.936+0000] {logging_mixin.py:120} INFO - [2024-08-01T09:40:56.936+0000] {dag.py:3340} INFO - Setting next_dagrun for example_bash_operator to 2024-07-31T00:00:00+00:00, run_after=2024-08-01T00:00:00+00:00
[2024-08-01T09:40:56.960+0000] {processor.py:176} INFO - Processing /home/airflow/.local/lib/python3.7/site-packages/airflow/example_dags/example_bash_operator.py took 0.109 seconds
[2024-08-01T09:41:27.828+0000] {processor.py:154} INFO - Started process (PID=5227) to work on /home/airflow/.local/lib/python3.7/site-packages/airflow/example_dags/example_bash_operator.py
[2024-08-01T09:41:27.830+0000] {processor.py:756} INFO - Processing file /home/airflow/.local/lib/python3.7/site-packages/airflow/example_dags/example_bash_operator.py for tasks to queue
[2024-08-01T09:41:27.833+0000] {logging_mixin.py:120} INFO - [2024-08-01T09:41:27.833+0000] {dagbag.py:537} INFO - Filling up the DagBag from /home/airflow/.local/lib/python3.7/site-packages/airflow/example_dags/example_bash_operator.py
[2024-08-01T09:41:27.855+0000] {processor.py:766} INFO - DAG(s) dict_keys(['example_bash_operator']) retrieved from /home/airflow/.local/lib/python3.7/site-packages/airflow/example_dags/example_bash_operator.py
[2024-08-01T09:41:27.900+0000] {logging_mixin.py:120} INFO - [2024-08-01T09:41:27.900+0000] {dag.py:2585} INFO - Sync 1 DAGs
[2024-08-01T09:41:27.923+0000] {logging_mixin.py:120} INFO - [2024-08-01T09:41:27.923+0000] {dag.py:3340} INFO - Setting next_dagrun for example_bash_operator to 2024-07-31T00:00:00+00:00, run_after=2024-08-01T00:00:00+00:00
[2024-08-01T09:41:27.948+0000] {processor.py:176} INFO - Processing /home/airflow/.local/lib/python3.7/site-packages/airflow/example_dags/example_bash_operator.py took 0.122 seconds
[2024-08-01T09:41:58.359+0000] {processor.py:154} INFO - Started process (PID=5295) to work on /home/airflow/.local/lib/python3.7/site-packages/airflow/example_dags/example_bash_operator.py
[2024-08-01T09:41:58.360+0000] {processor.py:756} INFO - Processing file /home/airflow/.local/lib/python3.7/site-packages/airflow/example_dags/example_bash_operator.py for tasks to queue
[2024-08-01T09:41:58.362+0000] {logging_mixin.py:120} INFO - [2024-08-01T09:41:58.361+0000] {dagbag.py:537} INFO - Filling up the DagBag from /home/airflow/.local/lib/python3.7/site-packages/airflow/example_dags/example_bash_operator.py
[2024-08-01T09:41:58.392+0000] {processor.py:766} INFO - DAG(s) dict_keys(['example_bash_operator']) retrieved from /home/airflow/.local/lib/python3.7/site-packages/airflow/example_dags/example_bash_operator.py
[2024-08-01T09:41:58.450+0000] {logging_mixin.py:120} INFO - [2024-08-01T09:41:58.449+0000] {dag.py:2585} INFO - Sync 1 DAGs
[2024-08-01T09:41:58.476+0000] {logging_mixin.py:120} INFO - [2024-08-01T09:41:58.476+0000] {dag.py:3340} INFO - Setting next_dagrun for example_bash_operator to 2024-07-31T00:00:00+00:00, run_after=2024-08-01T00:00:00+00:00
[2024-08-01T09:41:58.505+0000] {processor.py:176} INFO - Processing /home/airflow/.local/lib/python3.7/site-packages/airflow/example_dags/example_bash_operator.py took 0.150 seconds
[2024-08-01T09:42:28.794+0000] {processor.py:154} INFO - Started process (PID=5360) to work on /home/airflow/.local/lib/python3.7/site-packages/airflow/example_dags/example_bash_operator.py
[2024-08-01T09:42:28.795+0000] {processor.py:756} INFO - Processing file /home/airflow/.local/lib/python3.7/site-packages/airflow/example_dags/example_bash_operator.py for tasks to queue
[2024-08-01T09:42:28.796+0000] {logging_mixin.py:120} INFO - [2024-08-01T09:42:28.795+0000] {dagbag.py:537} INFO - Filling up the DagBag from /home/airflow/.local/lib/python3.7/site-packages/airflow/example_dags/example_bash_operator.py
[2024-08-01T09:42:28.815+0000] {processor.py:766} INFO - DAG(s) dict_keys(['example_bash_operator']) retrieved from /home/airflow/.local/lib/python3.7/site-packages/airflow/example_dags/example_bash_operator.py
[2024-08-01T09:42:28.861+0000] {logging_mixin.py:120} INFO - [2024-08-01T09:42:28.861+0000] {dag.py:2585} INFO - Sync 1 DAGs
[2024-08-01T09:42:28.882+0000] {logging_mixin.py:120} INFO - [2024-08-01T09:42:28.882+0000] {dag.py:3340} INFO - Setting next_dagrun for example_bash_operator to 2024-07-31T00:00:00+00:00, run_after=2024-08-01T00:00:00+00:00
[2024-08-01T09:42:28.906+0000] {processor.py:176} INFO - Processing /home/airflow/.local/lib/python3.7/site-packages/airflow/example_dags/example_bash_operator.py took 0.114 seconds
[2024-08-01T09:42:59.123+0000] {processor.py:154} INFO - Started process (PID=5414) to work on /home/airflow/.local/lib/python3.7/site-packages/airflow/example_dags/example_bash_operator.py
[2024-08-01T09:42:59.123+0000] {processor.py:756} INFO - Processing file /home/airflow/.local/lib/python3.7/site-packages/airflow/example_dags/example_bash_operator.py for tasks to queue
[2024-08-01T09:42:59.124+0000] {logging_mixin.py:120} INFO - [2024-08-01T09:42:59.124+0000] {dagbag.py:537} INFO - Filling up the DagBag from /home/airflow/.local/lib/python3.7/site-packages/airflow/example_dags/example_bash_operator.py
[2024-08-01T09:42:59.139+0000] {processor.py:766} INFO - DAG(s) dict_keys(['example_bash_operator']) retrieved from /home/airflow/.local/lib/python3.7/site-packages/airflow/example_dags/example_bash_operator.py
[2024-08-01T09:42:59.175+0000] {logging_mixin.py:120} INFO - [2024-08-01T09:42:59.175+0000] {dag.py:2585} INFO - Sync 1 DAGs
[2024-08-01T09:42:59.194+0000] {logging_mixin.py:120} INFO - [2024-08-01T09:42:59.194+0000] {dag.py:3340} INFO - Setting next_dagrun for example_bash_operator to 2024-07-31T00:00:00+00:00, run_after=2024-08-01T00:00:00+00:00
[2024-08-01T09:42:59.216+0000] {processor.py:176} INFO - Processing /home/airflow/.local/lib/python3.7/site-packages/airflow/example_dags/example_bash_operator.py took 0.096 seconds
[2024-08-01T09:43:29.927+0000] {processor.py:154} INFO - Started process (PID=5478) to work on /home/airflow/.local/lib/python3.7/site-packages/airflow/example_dags/example_bash_operator.py
[2024-08-01T09:43:29.929+0000] {processor.py:756} INFO - Processing file /home/airflow/.local/lib/python3.7/site-packages/airflow/example_dags/example_bash_operator.py for tasks to queue
[2024-08-01T09:43:29.931+0000] {logging_mixin.py:120} INFO - [2024-08-01T09:43:29.931+0000] {dagbag.py:537} INFO - Filling up the DagBag from /home/airflow/.local/lib/python3.7/site-packages/airflow/example_dags/example_bash_operator.py
[2024-08-01T09:43:29.948+0000] {processor.py:766} INFO - DAG(s) dict_keys(['example_bash_operator']) retrieved from /home/airflow/.local/lib/python3.7/site-packages/airflow/example_dags/example_bash_operator.py
[2024-08-01T09:43:29.985+0000] {logging_mixin.py:120} INFO - [2024-08-01T09:43:29.985+0000] {dag.py:2585} INFO - Sync 1 DAGs
[2024-08-01T09:43:30.006+0000] {logging_mixin.py:120} INFO - [2024-08-01T09:43:30.006+0000] {dag.py:3340} INFO - Setting next_dagrun for example_bash_operator to 2024-07-31T00:00:00+00:00, run_after=2024-08-01T00:00:00+00:00
[2024-08-01T09:43:30.027+0000] {processor.py:176} INFO - Processing /home/airflow/.local/lib/python3.7/site-packages/airflow/example_dags/example_bash_operator.py took 0.104 seconds
[2024-08-01T09:44:00.785+0000] {processor.py:154} INFO - Started process (PID=5542) to work on /home/airflow/.local/lib/python3.7/site-packages/airflow/example_dags/example_bash_operator.py
[2024-08-01T09:44:00.787+0000] {processor.py:756} INFO - Processing file /home/airflow/.local/lib/python3.7/site-packages/airflow/example_dags/example_bash_operator.py for tasks to queue
[2024-08-01T09:44:00.791+0000] {logging_mixin.py:120} INFO - [2024-08-01T09:44:00.791+0000] {dagbag.py:537} INFO - Filling up the DagBag from /home/airflow/.local/lib/python3.7/site-packages/airflow/example_dags/example_bash_operator.py
[2024-08-01T09:44:00.819+0000] {processor.py:766} INFO - DAG(s) dict_keys(['example_bash_operator']) retrieved from /home/airflow/.local/lib/python3.7/site-packages/airflow/example_dags/example_bash_operator.py
[2024-08-01T09:44:00.875+0000] {logging_mixin.py:120} INFO - [2024-08-01T09:44:00.874+0000] {dag.py:2585} INFO - Sync 1 DAGs
[2024-08-01T09:44:00.902+0000] {logging_mixin.py:120} INFO - [2024-08-01T09:44:00.902+0000] {dag.py:3340} INFO - Setting next_dagrun for example_bash_operator to 2024-07-31T00:00:00+00:00, run_after=2024-08-01T00:00:00+00:00
[2024-08-01T09:44:00.925+0000] {processor.py:176} INFO - Processing /home/airflow/.local/lib/python3.7/site-packages/airflow/example_dags/example_bash_operator.py took 0.144 seconds
[2024-08-01T09:44:31.279+0000] {processor.py:154} INFO - Started process (PID=5606) to work on /home/airflow/.local/lib/python3.7/site-packages/airflow/example_dags/example_bash_operator.py
[2024-08-01T09:44:31.280+0000] {processor.py:756} INFO - Processing file /home/airflow/.local/lib/python3.7/site-packages/airflow/example_dags/example_bash_operator.py for tasks to queue
[2024-08-01T09:44:31.281+0000] {logging_mixin.py:120} INFO - [2024-08-01T09:44:31.281+0000] {dagbag.py:537} INFO - Filling up the DagBag from /home/airflow/.local/lib/python3.7/site-packages/airflow/example_dags/example_bash_operator.py
[2024-08-01T09:44:31.307+0000] {processor.py:766} INFO - DAG(s) dict_keys(['example_bash_operator']) retrieved from /home/airflow/.local/lib/python3.7/site-packages/airflow/example_dags/example_bash_operator.py
[2024-08-01T09:44:31.346+0000] {logging_mixin.py:120} INFO - [2024-08-01T09:44:31.346+0000] {dag.py:2585} INFO - Sync 1 DAGs
[2024-08-01T09:44:31.369+0000] {logging_mixin.py:120} INFO - [2024-08-01T09:44:31.369+0000] {dag.py:3340} INFO - Setting next_dagrun for example_bash_operator to 2024-07-31T00:00:00+00:00, run_after=2024-08-01T00:00:00+00:00
[2024-08-01T09:44:31.392+0000] {processor.py:176} INFO - Processing /home/airflow/.local/lib/python3.7/site-packages/airflow/example_dags/example_bash_operator.py took 0.116 seconds
[2024-08-01T09:45:01.924+0000] {processor.py:154} INFO - Started process (PID=5673) to work on /home/airflow/.local/lib/python3.7/site-packages/airflow/example_dags/example_bash_operator.py
[2024-08-01T09:45:01.926+0000] {processor.py:756} INFO - Processing file /home/airflow/.local/lib/python3.7/site-packages/airflow/example_dags/example_bash_operator.py for tasks to queue
[2024-08-01T09:45:01.927+0000] {logging_mixin.py:120} INFO - [2024-08-01T09:45:01.927+0000] {dagbag.py:537} INFO - Filling up the DagBag from /home/airflow/.local/lib/python3.7/site-packages/airflow/example_dags/example_bash_operator.py
[2024-08-01T09:45:01.946+0000] {processor.py:766} INFO - DAG(s) dict_keys(['example_bash_operator']) retrieved from /home/airflow/.local/lib/python3.7/site-packages/airflow/example_dags/example_bash_operator.py
[2024-08-01T09:45:01.986+0000] {logging_mixin.py:120} INFO - [2024-08-01T09:45:01.986+0000] {dag.py:2585} INFO - Sync 1 DAGs
[2024-08-01T09:45:02.013+0000] {logging_mixin.py:120} INFO - [2024-08-01T09:45:02.012+0000] {dag.py:3340} INFO - Setting next_dagrun for example_bash_operator to 2024-07-31T00:00:00+00:00, run_after=2024-08-01T00:00:00+00:00
[2024-08-01T09:45:02.037+0000] {processor.py:176} INFO - Processing /home/airflow/.local/lib/python3.7/site-packages/airflow/example_dags/example_bash_operator.py took 0.117 seconds
[2024-08-01T09:45:32.141+0000] {processor.py:154} INFO - Started process (PID=5727) to work on /home/airflow/.local/lib/python3.7/site-packages/airflow/example_dags/example_bash_operator.py
[2024-08-01T09:45:32.142+0000] {processor.py:756} INFO - Processing file /home/airflow/.local/lib/python3.7/site-packages/airflow/example_dags/example_bash_operator.py for tasks to queue
[2024-08-01T09:45:32.143+0000] {logging_mixin.py:120} INFO - [2024-08-01T09:45:32.143+0000] {dagbag.py:537} INFO - Filling up the DagBag from /home/airflow/.local/lib/python3.7/site-packages/airflow/example_dags/example_bash_operator.py
[2024-08-01T09:45:32.157+0000] {processor.py:766} INFO - DAG(s) dict_keys(['example_bash_operator']) retrieved from /home/airflow/.local/lib/python3.7/site-packages/airflow/example_dags/example_bash_operator.py
[2024-08-01T09:45:32.193+0000] {logging_mixin.py:120} INFO - [2024-08-01T09:45:32.193+0000] {dag.py:2585} INFO - Sync 1 DAGs
[2024-08-01T09:45:32.211+0000] {logging_mixin.py:120} INFO - [2024-08-01T09:45:32.211+0000] {dag.py:3340} INFO - Setting next_dagrun for example_bash_operator to 2024-07-31T00:00:00+00:00, run_after=2024-08-01T00:00:00+00:00
[2024-08-01T09:45:32.228+0000] {processor.py:176} INFO - Processing /home/airflow/.local/lib/python3.7/site-packages/airflow/example_dags/example_bash_operator.py took 0.089 seconds
[2024-08-01T09:46:02.945+0000] {processor.py:154} INFO - Started process (PID=5791) to work on /home/airflow/.local/lib/python3.7/site-packages/airflow/example_dags/example_bash_operator.py
[2024-08-01T09:46:02.946+0000] {processor.py:756} INFO - Processing file /home/airflow/.local/lib/python3.7/site-packages/airflow/example_dags/example_bash_operator.py for tasks to queue
[2024-08-01T09:46:02.948+0000] {logging_mixin.py:120} INFO - [2024-08-01T09:46:02.948+0000] {dagbag.py:537} INFO - Filling up the DagBag from /home/airflow/.local/lib/python3.7/site-packages/airflow/example_dags/example_bash_operator.py
[2024-08-01T09:46:02.974+0000] {processor.py:766} INFO - DAG(s) dict_keys(['example_bash_operator']) retrieved from /home/airflow/.local/lib/python3.7/site-packages/airflow/example_dags/example_bash_operator.py
[2024-08-01T09:46:03.010+0000] {logging_mixin.py:120} INFO - [2024-08-01T09:46:03.010+0000] {dag.py:2585} INFO - Sync 1 DAGs
[2024-08-01T09:46:03.034+0000] {logging_mixin.py:120} INFO - [2024-08-01T09:46:03.034+0000] {dag.py:3340} INFO - Setting next_dagrun for example_bash_operator to 2024-07-31T00:00:00+00:00, run_after=2024-08-01T00:00:00+00:00
[2024-08-01T09:46:03.059+0000] {processor.py:176} INFO - Processing /home/airflow/.local/lib/python3.7/site-packages/airflow/example_dags/example_bash_operator.py took 0.117 seconds
[2024-08-01T09:46:33.260+0000] {processor.py:154} INFO - Started process (PID=5855) to work on /home/airflow/.local/lib/python3.7/site-packages/airflow/example_dags/example_bash_operator.py
[2024-08-01T09:46:33.261+0000] {processor.py:756} INFO - Processing file /home/airflow/.local/lib/python3.7/site-packages/airflow/example_dags/example_bash_operator.py for tasks to queue
[2024-08-01T09:46:33.262+0000] {logging_mixin.py:120} INFO - [2024-08-01T09:46:33.262+0000] {dagbag.py:537} INFO - Filling up the DagBag from /home/airflow/.local/lib/python3.7/site-packages/airflow/example_dags/example_bash_operator.py
[2024-08-01T09:46:33.284+0000] {processor.py:766} INFO - DAG(s) dict_keys(['example_bash_operator']) retrieved from /home/airflow/.local/lib/python3.7/site-packages/airflow/example_dags/example_bash_operator.py
[2024-08-01T09:46:33.324+0000] {logging_mixin.py:120} INFO - [2024-08-01T09:46:33.324+0000] {dag.py:2585} INFO - Sync 1 DAGs
[2024-08-01T09:46:33.345+0000] {logging_mixin.py:120} INFO - [2024-08-01T09:46:33.345+0000] {dag.py:3340} INFO - Setting next_dagrun for example_bash_operator to 2024-07-31T00:00:00+00:00, run_after=2024-08-01T00:00:00+00:00
[2024-08-01T09:46:33.365+0000] {processor.py:176} INFO - Processing /home/airflow/.local/lib/python3.7/site-packages/airflow/example_dags/example_bash_operator.py took 0.110 seconds
[2024-08-01T09:47:03.517+0000] {processor.py:154} INFO - Started process (PID=5919) to work on /home/airflow/.local/lib/python3.7/site-packages/airflow/example_dags/example_bash_operator.py
[2024-08-01T09:47:03.518+0000] {processor.py:756} INFO - Processing file /home/airflow/.local/lib/python3.7/site-packages/airflow/example_dags/example_bash_operator.py for tasks to queue
[2024-08-01T09:47:03.519+0000] {logging_mixin.py:120} INFO - [2024-08-01T09:47:03.518+0000] {dagbag.py:537} INFO - Filling up the DagBag from /home/airflow/.local/lib/python3.7/site-packages/airflow/example_dags/example_bash_operator.py
[2024-08-01T09:47:03.535+0000] {processor.py:766} INFO - DAG(s) dict_keys(['example_bash_operator']) retrieved from /home/airflow/.local/lib/python3.7/site-packages/airflow/example_dags/example_bash_operator.py
[2024-08-01T09:47:03.586+0000] {logging_mixin.py:120} INFO - [2024-08-01T09:47:03.586+0000] {dag.py:2585} INFO - Sync 1 DAGs
[2024-08-01T09:47:03.609+0000] {logging_mixin.py:120} INFO - [2024-08-01T09:47:03.609+0000] {dag.py:3340} INFO - Setting next_dagrun for example_bash_operator to 2024-07-31T00:00:00+00:00, run_after=2024-08-01T00:00:00+00:00
[2024-08-01T09:47:03.626+0000] {processor.py:176} INFO - Processing /home/airflow/.local/lib/python3.7/site-packages/airflow/example_dags/example_bash_operator.py took 0.112 seconds
[2024-08-01T09:47:33.695+0000] {processor.py:154} INFO - Started process (PID=5974) to work on /home/airflow/.local/lib/python3.7/site-packages/airflow/example_dags/example_bash_operator.py
[2024-08-01T09:47:33.696+0000] {processor.py:756} INFO - Processing file /home/airflow/.local/lib/python3.7/site-packages/airflow/example_dags/example_bash_operator.py for tasks to queue
[2024-08-01T09:47:33.697+0000] {logging_mixin.py:120} INFO - [2024-08-01T09:47:33.697+0000] {dagbag.py:537} INFO - Filling up the DagBag from /home/airflow/.local/lib/python3.7/site-packages/airflow/example_dags/example_bash_operator.py
[2024-08-01T09:47:33.731+0000] {processor.py:766} INFO - DAG(s) dict_keys(['example_bash_operator']) retrieved from /home/airflow/.local/lib/python3.7/site-packages/airflow/example_dags/example_bash_operator.py
[2024-08-01T09:47:33.795+0000] {logging_mixin.py:120} INFO - [2024-08-01T09:47:33.794+0000] {dag.py:2585} INFO - Sync 1 DAGs
[2024-08-01T09:47:33.817+0000] {logging_mixin.py:120} INFO - [2024-08-01T09:47:33.817+0000] {dag.py:3340} INFO - Setting next_dagrun for example_bash_operator to 2024-07-31T00:00:00+00:00, run_after=2024-08-01T00:00:00+00:00
[2024-08-01T09:47:33.838+0000] {processor.py:176} INFO - Processing /home/airflow/.local/lib/python3.7/site-packages/airflow/example_dags/example_bash_operator.py took 0.145 seconds
[2024-08-01T09:48:04.319+0000] {processor.py:154} INFO - Started process (PID=6041) to work on /home/airflow/.local/lib/python3.7/site-packages/airflow/example_dags/example_bash_operator.py
[2024-08-01T09:48:04.344+0000] {processor.py:756} INFO - Processing file /home/airflow/.local/lib/python3.7/site-packages/airflow/example_dags/example_bash_operator.py for tasks to queue
[2024-08-01T09:48:04.361+0000] {logging_mixin.py:120} INFO - [2024-08-01T09:48:04.361+0000] {dagbag.py:537} INFO - Filling up the DagBag from /home/airflow/.local/lib/python3.7/site-packages/airflow/example_dags/example_bash_operator.py
[2024-08-01T09:48:04.390+0000] {processor.py:766} INFO - DAG(s) dict_keys(['example_bash_operator']) retrieved from /home/airflow/.local/lib/python3.7/site-packages/airflow/example_dags/example_bash_operator.py
[2024-08-01T09:48:04.428+0000] {logging_mixin.py:120} INFO - [2024-08-01T09:48:04.428+0000] {dag.py:2585} INFO - Sync 1 DAGs
[2024-08-01T09:48:04.450+0000] {logging_mixin.py:120} INFO - [2024-08-01T09:48:04.450+0000] {dag.py:3340} INFO - Setting next_dagrun for example_bash_operator to 2024-07-31T00:00:00+00:00, run_after=2024-08-01T00:00:00+00:00
[2024-08-01T09:48:04.470+0000] {processor.py:176} INFO - Processing /home/airflow/.local/lib/python3.7/site-packages/airflow/example_dags/example_bash_operator.py took 0.154 seconds
[2024-08-01T09:48:35.291+0000] {processor.py:154} INFO - Started process (PID=6104) to work on /home/airflow/.local/lib/python3.7/site-packages/airflow/example_dags/example_bash_operator.py
[2024-08-01T09:48:35.293+0000] {processor.py:756} INFO - Processing file /home/airflow/.local/lib/python3.7/site-packages/airflow/example_dags/example_bash_operator.py for tasks to queue
[2024-08-01T09:48:35.322+0000] {logging_mixin.py:120} INFO - [2024-08-01T09:48:35.322+0000] {dagbag.py:537} INFO - Filling up the DagBag from /home/airflow/.local/lib/python3.7/site-packages/airflow/example_dags/example_bash_operator.py
[2024-08-01T09:48:35.358+0000] {processor.py:766} INFO - DAG(s) dict_keys(['example_bash_operator']) retrieved from /home/airflow/.local/lib/python3.7/site-packages/airflow/example_dags/example_bash_operator.py
[2024-08-01T09:48:35.397+0000] {logging_mixin.py:120} INFO - [2024-08-01T09:48:35.397+0000] {dag.py:2585} INFO - Sync 1 DAGs
[2024-08-01T09:48:35.420+0000] {logging_mixin.py:120} INFO - [2024-08-01T09:48:35.420+0000] {dag.py:3340} INFO - Setting next_dagrun for example_bash_operator to 2024-07-31T00:00:00+00:00, run_after=2024-08-01T00:00:00+00:00
[2024-08-01T09:48:35.440+0000] {processor.py:176} INFO - Processing /home/airflow/.local/lib/python3.7/site-packages/airflow/example_dags/example_bash_operator.py took 0.153 seconds
[2024-08-01T09:49:05.606+0000] {processor.py:154} INFO - Started process (PID=6168) to work on /home/airflow/.local/lib/python3.7/site-packages/airflow/example_dags/example_bash_operator.py
[2024-08-01T09:49:05.614+0000] {processor.py:756} INFO - Processing file /home/airflow/.local/lib/python3.7/site-packages/airflow/example_dags/example_bash_operator.py for tasks to queue
[2024-08-01T09:49:05.631+0000] {logging_mixin.py:120} INFO - [2024-08-01T09:49:05.631+0000] {dagbag.py:537} INFO - Filling up the DagBag from /home/airflow/.local/lib/python3.7/site-packages/airflow/example_dags/example_bash_operator.py
[2024-08-01T09:49:05.645+0000] {processor.py:766} INFO - DAG(s) dict_keys(['example_bash_operator']) retrieved from /home/airflow/.local/lib/python3.7/site-packages/airflow/example_dags/example_bash_operator.py
[2024-08-01T09:49:05.691+0000] {logging_mixin.py:120} INFO - [2024-08-01T09:49:05.691+0000] {dag.py:2585} INFO - Sync 1 DAGs
[2024-08-01T09:49:05.714+0000] {logging_mixin.py:120} INFO - [2024-08-01T09:49:05.714+0000] {dag.py:3340} INFO - Setting next_dagrun for example_bash_operator to 2024-07-31T00:00:00+00:00, run_after=2024-08-01T00:00:00+00:00
[2024-08-01T09:49:05.737+0000] {processor.py:176} INFO - Processing /home/airflow/.local/lib/python3.7/site-packages/airflow/example_dags/example_bash_operator.py took 0.134 seconds
[2024-08-01T09:49:36.312+0000] {processor.py:154} INFO - Started process (PID=6232) to work on /home/airflow/.local/lib/python3.7/site-packages/airflow/example_dags/example_bash_operator.py
[2024-08-01T09:49:36.314+0000] {processor.py:756} INFO - Processing file /home/airflow/.local/lib/python3.7/site-packages/airflow/example_dags/example_bash_operator.py for tasks to queue
[2024-08-01T09:49:36.314+0000] {logging_mixin.py:120} INFO - [2024-08-01T09:49:36.314+0000] {dagbag.py:537} INFO - Filling up the DagBag from /home/airflow/.local/lib/python3.7/site-packages/airflow/example_dags/example_bash_operator.py
[2024-08-01T09:49:36.329+0000] {processor.py:766} INFO - DAG(s) dict_keys(['example_bash_operator']) retrieved from /home/airflow/.local/lib/python3.7/site-packages/airflow/example_dags/example_bash_operator.py
[2024-08-01T09:49:36.363+0000] {logging_mixin.py:120} INFO - [2024-08-01T09:49:36.363+0000] {dag.py:2585} INFO - Sync 1 DAGs
[2024-08-01T09:49:36.449+0000] {logging_mixin.py:120} INFO - [2024-08-01T09:49:36.449+0000] {dag.py:3340} INFO - Setting next_dagrun for example_bash_operator to 2024-07-31T00:00:00+00:00, run_after=2024-08-01T00:00:00+00:00
[2024-08-01T09:49:36.480+0000] {processor.py:176} INFO - Processing /home/airflow/.local/lib/python3.7/site-packages/airflow/example_dags/example_bash_operator.py took 0.170 seconds
[2024-08-01T09:50:07.632+0000] {processor.py:154} INFO - Started process (PID=6287) to work on /home/airflow/.local/lib/python3.7/site-packages/airflow/example_dags/example_bash_operator.py
[2024-08-01T09:50:07.645+0000] {processor.py:756} INFO - Processing file /home/airflow/.local/lib/python3.7/site-packages/airflow/example_dags/example_bash_operator.py for tasks to queue
[2024-08-01T09:50:07.648+0000] {logging_mixin.py:120} INFO - [2024-08-01T09:50:07.648+0000] {dagbag.py:537} INFO - Filling up the DagBag from /home/airflow/.local/lib/python3.7/site-packages/airflow/example_dags/example_bash_operator.py
[2024-08-01T09:50:07.665+0000] {processor.py:766} INFO - DAG(s) dict_keys(['example_bash_operator']) retrieved from /home/airflow/.local/lib/python3.7/site-packages/airflow/example_dags/example_bash_operator.py
[2024-08-01T09:50:07.759+0000] {logging_mixin.py:120} INFO - [2024-08-01T09:50:07.759+0000] {dag.py:2585} INFO - Sync 1 DAGs
[2024-08-01T09:50:07.789+0000] {logging_mixin.py:120} INFO - [2024-08-01T09:50:07.789+0000] {dag.py:3340} INFO - Setting next_dagrun for example_bash_operator to 2024-07-31T00:00:00+00:00, run_after=2024-08-01T00:00:00+00:00
[2024-08-01T09:50:07.819+0000] {processor.py:176} INFO - Processing /home/airflow/.local/lib/python3.7/site-packages/airflow/example_dags/example_bash_operator.py took 0.188 seconds
[2024-08-01T09:50:38.763+0000] {processor.py:154} INFO - Started process (PID=6352) to work on /home/airflow/.local/lib/python3.7/site-packages/airflow/example_dags/example_bash_operator.py
[2024-08-01T09:50:38.830+0000] {processor.py:756} INFO - Processing file /home/airflow/.local/lib/python3.7/site-packages/airflow/example_dags/example_bash_operator.py for tasks to queue
[2024-08-01T09:50:38.959+0000] {logging_mixin.py:120} INFO - [2024-08-01T09:50:38.959+0000] {dagbag.py:537} INFO - Filling up the DagBag from /home/airflow/.local/lib/python3.7/site-packages/airflow/example_dags/example_bash_operator.py
[2024-08-01T09:50:39.089+0000] {processor.py:766} INFO - DAG(s) dict_keys(['example_bash_operator']) retrieved from /home/airflow/.local/lib/python3.7/site-packages/airflow/example_dags/example_bash_operator.py
[2024-08-01T09:50:39.273+0000] {logging_mixin.py:120} INFO - [2024-08-01T09:50:39.273+0000] {dag.py:2585} INFO - Sync 1 DAGs
[2024-08-01T09:50:39.311+0000] {logging_mixin.py:120} INFO - [2024-08-01T09:50:39.311+0000] {dag.py:3340} INFO - Setting next_dagrun for example_bash_operator to 2024-07-31T00:00:00+00:00, run_after=2024-08-01T00:00:00+00:00
[2024-08-01T09:50:39.337+0000] {processor.py:176} INFO - Processing /home/airflow/.local/lib/python3.7/site-packages/airflow/example_dags/example_bash_operator.py took 0.579 seconds
[2024-08-01T09:51:10.209+0000] {processor.py:154} INFO - Started process (PID=6417) to work on /home/airflow/.local/lib/python3.7/site-packages/airflow/example_dags/example_bash_operator.py
[2024-08-01T09:51:10.210+0000] {processor.py:756} INFO - Processing file /home/airflow/.local/lib/python3.7/site-packages/airflow/example_dags/example_bash_operator.py for tasks to queue
[2024-08-01T09:51:10.211+0000] {logging_mixin.py:120} INFO - [2024-08-01T09:51:10.211+0000] {dagbag.py:537} INFO - Filling up the DagBag from /home/airflow/.local/lib/python3.7/site-packages/airflow/example_dags/example_bash_operator.py
[2024-08-01T09:51:10.226+0000] {processor.py:766} INFO - DAG(s) dict_keys(['example_bash_operator']) retrieved from /home/airflow/.local/lib/python3.7/site-packages/airflow/example_dags/example_bash_operator.py
[2024-08-01T09:51:10.265+0000] {logging_mixin.py:120} INFO - [2024-08-01T09:51:10.265+0000] {dag.py:2585} INFO - Sync 1 DAGs
[2024-08-01T09:51:10.284+0000] {logging_mixin.py:120} INFO - [2024-08-01T09:51:10.284+0000] {dag.py:3340} INFO - Setting next_dagrun for example_bash_operator to 2024-07-31T00:00:00+00:00, run_after=2024-08-01T00:00:00+00:00
[2024-08-01T09:51:10.303+0000] {processor.py:176} INFO - Processing /home/airflow/.local/lib/python3.7/site-packages/airflow/example_dags/example_bash_operator.py took 0.097 seconds
[2024-08-01T09:51:40.397+0000] {processor.py:154} INFO - Started process (PID=6484) to work on /home/airflow/.local/lib/python3.7/site-packages/airflow/example_dags/example_bash_operator.py
[2024-08-01T09:51:40.398+0000] {processor.py:756} INFO - Processing file /home/airflow/.local/lib/python3.7/site-packages/airflow/example_dags/example_bash_operator.py for tasks to queue
[2024-08-01T09:51:40.399+0000] {logging_mixin.py:120} INFO - [2024-08-01T09:51:40.399+0000] {dagbag.py:537} INFO - Filling up the DagBag from /home/airflow/.local/lib/python3.7/site-packages/airflow/example_dags/example_bash_operator.py
[2024-08-01T09:51:40.421+0000] {processor.py:766} INFO - DAG(s) dict_keys(['example_bash_operator']) retrieved from /home/airflow/.local/lib/python3.7/site-packages/airflow/example_dags/example_bash_operator.py
[2024-08-01T09:51:40.504+0000] {logging_mixin.py:120} INFO - [2024-08-01T09:51:40.504+0000] {dag.py:2585} INFO - Sync 1 DAGs
[2024-08-01T09:51:40.531+0000] {logging_mixin.py:120} INFO - [2024-08-01T09:51:40.531+0000] {dag.py:3340} INFO - Setting next_dagrun for example_bash_operator to 2024-07-31T00:00:00+00:00, run_after=2024-08-01T00:00:00+00:00
[2024-08-01T09:51:40.555+0000] {processor.py:176} INFO - Processing /home/airflow/.local/lib/python3.7/site-packages/airflow/example_dags/example_bash_operator.py took 0.160 seconds
[2024-08-01T09:52:10.967+0000] {processor.py:154} INFO - Started process (PID=6548) to work on /home/airflow/.local/lib/python3.7/site-packages/airflow/example_dags/example_bash_operator.py
[2024-08-01T09:52:10.968+0000] {processor.py:756} INFO - Processing file /home/airflow/.local/lib/python3.7/site-packages/airflow/example_dags/example_bash_operator.py for tasks to queue
[2024-08-01T09:52:10.968+0000] {logging_mixin.py:120} INFO - [2024-08-01T09:52:10.968+0000] {dagbag.py:537} INFO - Filling up the DagBag from /home/airflow/.local/lib/python3.7/site-packages/airflow/example_dags/example_bash_operator.py
[2024-08-01T09:52:10.987+0000] {processor.py:766} INFO - DAG(s) dict_keys(['example_bash_operator']) retrieved from /home/airflow/.local/lib/python3.7/site-packages/airflow/example_dags/example_bash_operator.py
[2024-08-01T09:52:11.026+0000] {logging_mixin.py:120} INFO - [2024-08-01T09:52:11.026+0000] {dag.py:2585} INFO - Sync 1 DAGs
[2024-08-01T09:52:11.047+0000] {logging_mixin.py:120} INFO - [2024-08-01T09:52:11.047+0000] {dag.py:3340} INFO - Setting next_dagrun for example_bash_operator to 2024-07-31T00:00:00+00:00, run_after=2024-08-01T00:00:00+00:00
[2024-08-01T09:52:11.072+0000] {processor.py:176} INFO - Processing /home/airflow/.local/lib/python3.7/site-packages/airflow/example_dags/example_bash_operator.py took 0.108 seconds
[2024-08-01T09:52:41.239+0000] {processor.py:154} INFO - Started process (PID=6604) to work on /home/airflow/.local/lib/python3.7/site-packages/airflow/example_dags/example_bash_operator.py
[2024-08-01T09:52:41.240+0000] {processor.py:756} INFO - Processing file /home/airflow/.local/lib/python3.7/site-packages/airflow/example_dags/example_bash_operator.py for tasks to queue
[2024-08-01T09:52:41.242+0000] {logging_mixin.py:120} INFO - [2024-08-01T09:52:41.241+0000] {dagbag.py:537} INFO - Filling up the DagBag from /home/airflow/.local/lib/python3.7/site-packages/airflow/example_dags/example_bash_operator.py
[2024-08-01T09:52:41.272+0000] {processor.py:766} INFO - DAG(s) dict_keys(['example_bash_operator']) retrieved from /home/airflow/.local/lib/python3.7/site-packages/airflow/example_dags/example_bash_operator.py
[2024-08-01T09:52:41.315+0000] {logging_mixin.py:120} INFO - [2024-08-01T09:52:41.314+0000] {dag.py:2585} INFO - Sync 1 DAGs
[2024-08-01T09:52:41.347+0000] {logging_mixin.py:120} INFO - [2024-08-01T09:52:41.347+0000] {dag.py:3340} INFO - Setting next_dagrun for example_bash_operator to 2024-07-31T00:00:00+00:00, run_after=2024-08-01T00:00:00+00:00
[2024-08-01T09:52:41.373+0000] {processor.py:176} INFO - Processing /home/airflow/.local/lib/python3.7/site-packages/airflow/example_dags/example_bash_operator.py took 0.138 seconds
[2024-08-01T09:53:12.001+0000] {processor.py:154} INFO - Started process (PID=6668) to work on /home/airflow/.local/lib/python3.7/site-packages/airflow/example_dags/example_bash_operator.py
[2024-08-01T09:53:12.003+0000] {processor.py:756} INFO - Processing file /home/airflow/.local/lib/python3.7/site-packages/airflow/example_dags/example_bash_operator.py for tasks to queue
[2024-08-01T09:53:12.004+0000] {logging_mixin.py:120} INFO - [2024-08-01T09:53:12.004+0000] {dagbag.py:537} INFO - Filling up the DagBag from /home/airflow/.local/lib/python3.7/site-packages/airflow/example_dags/example_bash_operator.py
[2024-08-01T09:53:12.029+0000] {processor.py:766} INFO - DAG(s) dict_keys(['example_bash_operator']) retrieved from /home/airflow/.local/lib/python3.7/site-packages/airflow/example_dags/example_bash_operator.py
[2024-08-01T09:53:12.067+0000] {logging_mixin.py:120} INFO - [2024-08-01T09:53:12.067+0000] {dag.py:2585} INFO - Sync 1 DAGs
[2024-08-01T09:53:12.089+0000] {logging_mixin.py:120} INFO - [2024-08-01T09:53:12.089+0000] {dag.py:3340} INFO - Setting next_dagrun for example_bash_operator to 2024-07-31T00:00:00+00:00, run_after=2024-08-01T00:00:00+00:00
[2024-08-01T09:53:12.109+0000] {processor.py:176} INFO - Processing /home/airflow/.local/lib/python3.7/site-packages/airflow/example_dags/example_bash_operator.py took 0.116 seconds
[2024-08-01T09:53:42.163+0000] {processor.py:154} INFO - Started process (PID=6732) to work on /home/airflow/.local/lib/python3.7/site-packages/airflow/example_dags/example_bash_operator.py
[2024-08-01T09:53:42.165+0000] {processor.py:756} INFO - Processing file /home/airflow/.local/lib/python3.7/site-packages/airflow/example_dags/example_bash_operator.py for tasks to queue
[2024-08-01T09:53:42.166+0000] {logging_mixin.py:120} INFO - [2024-08-01T09:53:42.166+0000] {dagbag.py:537} INFO - Filling up the DagBag from /home/airflow/.local/lib/python3.7/site-packages/airflow/example_dags/example_bash_operator.py
[2024-08-01T09:53:42.181+0000] {processor.py:766} INFO - DAG(s) dict_keys(['example_bash_operator']) retrieved from /home/airflow/.local/lib/python3.7/site-packages/airflow/example_dags/example_bash_operator.py
[2024-08-01T09:53:42.215+0000] {logging_mixin.py:120} INFO - [2024-08-01T09:53:42.215+0000] {dag.py:2585} INFO - Sync 1 DAGs
[2024-08-01T09:53:42.233+0000] {logging_mixin.py:120} INFO - [2024-08-01T09:53:42.233+0000] {dag.py:3340} INFO - Setting next_dagrun for example_bash_operator to 2024-07-31T00:00:00+00:00, run_after=2024-08-01T00:00:00+00:00
[2024-08-01T09:53:42.255+0000] {processor.py:176} INFO - Processing /home/airflow/.local/lib/python3.7/site-packages/airflow/example_dags/example_bash_operator.py took 0.096 seconds
[2024-08-01T09:54:12.333+0000] {processor.py:154} INFO - Started process (PID=6796) to work on /home/airflow/.local/lib/python3.7/site-packages/airflow/example_dags/example_bash_operator.py
[2024-08-01T09:54:12.334+0000] {processor.py:756} INFO - Processing file /home/airflow/.local/lib/python3.7/site-packages/airflow/example_dags/example_bash_operator.py for tasks to queue
[2024-08-01T09:54:12.335+0000] {logging_mixin.py:120} INFO - [2024-08-01T09:54:12.334+0000] {dagbag.py:537} INFO - Filling up the DagBag from /home/airflow/.local/lib/python3.7/site-packages/airflow/example_dags/example_bash_operator.py
[2024-08-01T09:54:12.352+0000] {processor.py:766} INFO - DAG(s) dict_keys(['example_bash_operator']) retrieved from /home/airflow/.local/lib/python3.7/site-packages/airflow/example_dags/example_bash_operator.py
[2024-08-01T09:54:12.394+0000] {logging_mixin.py:120} INFO - [2024-08-01T09:54:12.394+0000] {dag.py:2585} INFO - Sync 1 DAGs
[2024-08-01T09:54:12.425+0000] {logging_mixin.py:120} INFO - [2024-08-01T09:54:12.425+0000] {dag.py:3340} INFO - Setting next_dagrun for example_bash_operator to 2024-07-31T00:00:00+00:00, run_after=2024-08-01T00:00:00+00:00
[2024-08-01T09:54:12.448+0000] {processor.py:176} INFO - Processing /home/airflow/.local/lib/python3.7/site-packages/airflow/example_dags/example_bash_operator.py took 0.117 seconds
[2024-08-01T09:54:42.551+0000] {processor.py:154} INFO - Started process (PID=6851) to work on /home/airflow/.local/lib/python3.7/site-packages/airflow/example_dags/example_bash_operator.py
[2024-08-01T09:54:42.552+0000] {processor.py:756} INFO - Processing file /home/airflow/.local/lib/python3.7/site-packages/airflow/example_dags/example_bash_operator.py for tasks to queue
[2024-08-01T09:54:42.553+0000] {logging_mixin.py:120} INFO - [2024-08-01T09:54:42.553+0000] {dagbag.py:537} INFO - Filling up the DagBag from /home/airflow/.local/lib/python3.7/site-packages/airflow/example_dags/example_bash_operator.py
[2024-08-01T09:54:42.570+0000] {processor.py:766} INFO - DAG(s) dict_keys(['example_bash_operator']) retrieved from /home/airflow/.local/lib/python3.7/site-packages/airflow/example_dags/example_bash_operator.py
[2024-08-01T09:54:42.603+0000] {logging_mixin.py:120} INFO - [2024-08-01T09:54:42.603+0000] {dag.py:2585} INFO - Sync 1 DAGs
[2024-08-01T09:54:42.625+0000] {logging_mixin.py:120} INFO - [2024-08-01T09:54:42.625+0000] {dag.py:3340} INFO - Setting next_dagrun for example_bash_operator to 2024-07-31T00:00:00+00:00, run_after=2024-08-01T00:00:00+00:00
[2024-08-01T09:54:42.643+0000] {processor.py:176} INFO - Processing /home/airflow/.local/lib/python3.7/site-packages/airflow/example_dags/example_bash_operator.py took 0.095 seconds
[2024-08-01T09:55:13.215+0000] {processor.py:154} INFO - Started process (PID=6915) to work on /home/airflow/.local/lib/python3.7/site-packages/airflow/example_dags/example_bash_operator.py
[2024-08-01T09:55:13.217+0000] {processor.py:756} INFO - Processing file /home/airflow/.local/lib/python3.7/site-packages/airflow/example_dags/example_bash_operator.py for tasks to queue
[2024-08-01T09:55:13.218+0000] {logging_mixin.py:120} INFO - [2024-08-01T09:55:13.218+0000] {dagbag.py:537} INFO - Filling up the DagBag from /home/airflow/.local/lib/python3.7/site-packages/airflow/example_dags/example_bash_operator.py
[2024-08-01T09:55:13.240+0000] {processor.py:766} INFO - DAG(s) dict_keys(['example_bash_operator']) retrieved from /home/airflow/.local/lib/python3.7/site-packages/airflow/example_dags/example_bash_operator.py
[2024-08-01T09:55:13.362+0000] {logging_mixin.py:120} INFO - [2024-08-01T09:55:13.362+0000] {dag.py:2585} INFO - Sync 1 DAGs
[2024-08-01T09:55:13.395+0000] {logging_mixin.py:120} INFO - [2024-08-01T09:55:13.395+0000] {dag.py:3340} INFO - Setting next_dagrun for example_bash_operator to 2024-07-31T00:00:00+00:00, run_after=2024-08-01T00:00:00+00:00
[2024-08-01T09:55:13.413+0000] {processor.py:176} INFO - Processing /home/airflow/.local/lib/python3.7/site-packages/airflow/example_dags/example_bash_operator.py took 0.202 seconds
[2024-08-01T09:55:43.461+0000] {processor.py:154} INFO - Started process (PID=6979) to work on /home/airflow/.local/lib/python3.7/site-packages/airflow/example_dags/example_bash_operator.py
[2024-08-01T09:55:43.462+0000] {processor.py:756} INFO - Processing file /home/airflow/.local/lib/python3.7/site-packages/airflow/example_dags/example_bash_operator.py for tasks to queue
[2024-08-01T09:55:43.463+0000] {logging_mixin.py:120} INFO - [2024-08-01T09:55:43.463+0000] {dagbag.py:537} INFO - Filling up the DagBag from /home/airflow/.local/lib/python3.7/site-packages/airflow/example_dags/example_bash_operator.py
[2024-08-01T09:55:43.480+0000] {processor.py:766} INFO - DAG(s) dict_keys(['example_bash_operator']) retrieved from /home/airflow/.local/lib/python3.7/site-packages/airflow/example_dags/example_bash_operator.py
[2024-08-01T09:55:43.516+0000] {logging_mixin.py:120} INFO - [2024-08-01T09:55:43.516+0000] {dag.py:2585} INFO - Sync 1 DAGs
[2024-08-01T09:55:43.533+0000] {logging_mixin.py:120} INFO - [2024-08-01T09:55:43.533+0000] {dag.py:3340} INFO - Setting next_dagrun for example_bash_operator to 2024-07-31T00:00:00+00:00, run_after=2024-08-01T00:00:00+00:00
[2024-08-01T09:55:43.552+0000] {processor.py:176} INFO - Processing /home/airflow/.local/lib/python3.7/site-packages/airflow/example_dags/example_bash_operator.py took 0.094 seconds
[2024-08-01T09:56:14.251+0000] {processor.py:154} INFO - Started process (PID=7044) to work on /home/airflow/.local/lib/python3.7/site-packages/airflow/example_dags/example_bash_operator.py
[2024-08-01T09:56:14.252+0000] {processor.py:756} INFO - Processing file /home/airflow/.local/lib/python3.7/site-packages/airflow/example_dags/example_bash_operator.py for tasks to queue
[2024-08-01T09:56:14.256+0000] {logging_mixin.py:120} INFO - [2024-08-01T09:56:14.256+0000] {dagbag.py:537} INFO - Filling up the DagBag from /home/airflow/.local/lib/python3.7/site-packages/airflow/example_dags/example_bash_operator.py
[2024-08-01T09:56:14.271+0000] {processor.py:766} INFO - DAG(s) dict_keys(['example_bash_operator']) retrieved from /home/airflow/.local/lib/python3.7/site-packages/airflow/example_dags/example_bash_operator.py
[2024-08-01T09:56:14.309+0000] {logging_mixin.py:120} INFO - [2024-08-01T09:56:14.309+0000] {dag.py:2585} INFO - Sync 1 DAGs
[2024-08-01T09:56:14.328+0000] {logging_mixin.py:120} INFO - [2024-08-01T09:56:14.328+0000] {dag.py:3340} INFO - Setting next_dagrun for example_bash_operator to 2024-07-31T00:00:00+00:00, run_after=2024-08-01T00:00:00+00:00
[2024-08-01T09:56:14.347+0000] {processor.py:176} INFO - Processing /home/airflow/.local/lib/python3.7/site-packages/airflow/example_dags/example_bash_operator.py took 0.099 seconds
[2024-08-01T09:56:45.113+0000] {processor.py:154} INFO - Started process (PID=7099) to work on /home/airflow/.local/lib/python3.7/site-packages/airflow/example_dags/example_bash_operator.py
[2024-08-01T09:56:45.114+0000] {processor.py:756} INFO - Processing file /home/airflow/.local/lib/python3.7/site-packages/airflow/example_dags/example_bash_operator.py for tasks to queue
[2024-08-01T09:56:45.115+0000] {logging_mixin.py:120} INFO - [2024-08-01T09:56:45.115+0000] {dagbag.py:537} INFO - Filling up the DagBag from /home/airflow/.local/lib/python3.7/site-packages/airflow/example_dags/example_bash_operator.py
[2024-08-01T09:56:45.134+0000] {processor.py:766} INFO - DAG(s) dict_keys(['example_bash_operator']) retrieved from /home/airflow/.local/lib/python3.7/site-packages/airflow/example_dags/example_bash_operator.py
[2024-08-01T09:56:45.169+0000] {logging_mixin.py:120} INFO - [2024-08-01T09:56:45.169+0000] {dag.py:2585} INFO - Sync 1 DAGs
[2024-08-01T09:56:45.192+0000] {logging_mixin.py:120} INFO - [2024-08-01T09:56:45.192+0000] {dag.py:3340} INFO - Setting next_dagrun for example_bash_operator to 2024-07-31T00:00:00+00:00, run_after=2024-08-01T00:00:00+00:00
[2024-08-01T09:56:45.210+0000] {processor.py:176} INFO - Processing /home/airflow/.local/lib/python3.7/site-packages/airflow/example_dags/example_bash_operator.py took 0.099 seconds
[2024-08-01T09:57:15.754+0000] {processor.py:154} INFO - Started process (PID=7164) to work on /home/airflow/.local/lib/python3.7/site-packages/airflow/example_dags/example_bash_operator.py
[2024-08-01T09:57:15.755+0000] {processor.py:756} INFO - Processing file /home/airflow/.local/lib/python3.7/site-packages/airflow/example_dags/example_bash_operator.py for tasks to queue
[2024-08-01T09:57:15.756+0000] {logging_mixin.py:120} INFO - [2024-08-01T09:57:15.755+0000] {dagbag.py:537} INFO - Filling up the DagBag from /home/airflow/.local/lib/python3.7/site-packages/airflow/example_dags/example_bash_operator.py
[2024-08-01T09:57:15.771+0000] {processor.py:766} INFO - DAG(s) dict_keys(['example_bash_operator']) retrieved from /home/airflow/.local/lib/python3.7/site-packages/airflow/example_dags/example_bash_operator.py
[2024-08-01T09:57:15.813+0000] {logging_mixin.py:120} INFO - [2024-08-01T09:57:15.813+0000] {dag.py:2585} INFO - Sync 1 DAGs
[2024-08-01T09:57:15.834+0000] {logging_mixin.py:120} INFO - [2024-08-01T09:57:15.834+0000] {dag.py:3340} INFO - Setting next_dagrun for example_bash_operator to 2024-07-31T00:00:00+00:00, run_after=2024-08-01T00:00:00+00:00
[2024-08-01T09:57:15.854+0000] {processor.py:176} INFO - Processing /home/airflow/.local/lib/python3.7/site-packages/airflow/example_dags/example_bash_operator.py took 0.102 seconds
[2024-08-01T09:57:46.788+0000] {processor.py:154} INFO - Started process (PID=7228) to work on /home/airflow/.local/lib/python3.7/site-packages/airflow/example_dags/example_bash_operator.py
[2024-08-01T09:57:46.789+0000] {processor.py:756} INFO - Processing file /home/airflow/.local/lib/python3.7/site-packages/airflow/example_dags/example_bash_operator.py for tasks to queue
[2024-08-01T09:57:46.790+0000] {logging_mixin.py:120} INFO - [2024-08-01T09:57:46.790+0000] {dagbag.py:537} INFO - Filling up the DagBag from /home/airflow/.local/lib/python3.7/site-packages/airflow/example_dags/example_bash_operator.py
[2024-08-01T09:57:46.804+0000] {processor.py:766} INFO - DAG(s) dict_keys(['example_bash_operator']) retrieved from /home/airflow/.local/lib/python3.7/site-packages/airflow/example_dags/example_bash_operator.py
[2024-08-01T09:57:46.838+0000] {logging_mixin.py:120} INFO - [2024-08-01T09:57:46.838+0000] {dag.py:2585} INFO - Sync 1 DAGs
[2024-08-01T09:57:46.859+0000] {logging_mixin.py:120} INFO - [2024-08-01T09:57:46.859+0000] {dag.py:3340} INFO - Setting next_dagrun for example_bash_operator to 2024-07-31T00:00:00+00:00, run_after=2024-08-01T00:00:00+00:00
[2024-08-01T09:57:46.876+0000] {processor.py:176} INFO - Processing /home/airflow/.local/lib/python3.7/site-packages/airflow/example_dags/example_bash_operator.py took 0.089 seconds
[2024-08-01T09:58:16.971+0000] {processor.py:154} INFO - Started process (PID=7292) to work on /home/airflow/.local/lib/python3.7/site-packages/airflow/example_dags/example_bash_operator.py
[2024-08-01T09:58:16.972+0000] {processor.py:756} INFO - Processing file /home/airflow/.local/lib/python3.7/site-packages/airflow/example_dags/example_bash_operator.py for tasks to queue
[2024-08-01T09:58:16.974+0000] {logging_mixin.py:120} INFO - [2024-08-01T09:58:16.974+0000] {dagbag.py:537} INFO - Filling up the DagBag from /home/airflow/.local/lib/python3.7/site-packages/airflow/example_dags/example_bash_operator.py
[2024-08-01T09:58:16.994+0000] {processor.py:766} INFO - DAG(s) dict_keys(['example_bash_operator']) retrieved from /home/airflow/.local/lib/python3.7/site-packages/airflow/example_dags/example_bash_operator.py
[2024-08-01T09:58:17.033+0000] {logging_mixin.py:120} INFO - [2024-08-01T09:58:17.033+0000] {dag.py:2585} INFO - Sync 1 DAGs
[2024-08-01T09:58:17.083+0000] {logging_mixin.py:120} INFO - [2024-08-01T09:58:17.083+0000] {dag.py:3340} INFO - Setting next_dagrun for example_bash_operator to 2024-07-31T00:00:00+00:00, run_after=2024-08-01T00:00:00+00:00
[2024-08-01T09:58:17.105+0000] {processor.py:176} INFO - Processing /home/airflow/.local/lib/python3.7/site-packages/airflow/example_dags/example_bash_operator.py took 0.139 seconds
[2024-08-01T09:58:47.773+0000] {processor.py:154} INFO - Started process (PID=7356) to work on /home/airflow/.local/lib/python3.7/site-packages/airflow/example_dags/example_bash_operator.py
[2024-08-01T09:58:47.788+0000] {processor.py:756} INFO - Processing file /home/airflow/.local/lib/python3.7/site-packages/airflow/example_dags/example_bash_operator.py for tasks to queue
[2024-08-01T09:58:47.790+0000] {logging_mixin.py:120} INFO - [2024-08-01T09:58:47.790+0000] {dagbag.py:537} INFO - Filling up the DagBag from /home/airflow/.local/lib/python3.7/site-packages/airflow/example_dags/example_bash_operator.py
[2024-08-01T09:58:47.904+0000] {processor.py:766} INFO - DAG(s) dict_keys(['example_bash_operator']) retrieved from /home/airflow/.local/lib/python3.7/site-packages/airflow/example_dags/example_bash_operator.py
[2024-08-01T09:58:48.055+0000] {logging_mixin.py:120} INFO - [2024-08-01T09:58:48.054+0000] {dag.py:2585} INFO - Sync 1 DAGs
[2024-08-01T09:58:48.320+0000] {logging_mixin.py:120} INFO - [2024-08-01T09:58:48.320+0000] {dag.py:3340} INFO - Setting next_dagrun for example_bash_operator to 2024-07-31T00:00:00+00:00, run_after=2024-08-01T00:00:00+00:00
[2024-08-01T09:58:48.402+0000] {processor.py:176} INFO - Processing /home/airflow/.local/lib/python3.7/site-packages/airflow/example_dags/example_bash_operator.py took 0.632 seconds
[2024-08-01T09:59:19.212+0000] {processor.py:154} INFO - Started process (PID=7421) to work on /home/airflow/.local/lib/python3.7/site-packages/airflow/example_dags/example_bash_operator.py
[2024-08-01T09:59:19.214+0000] {processor.py:756} INFO - Processing file /home/airflow/.local/lib/python3.7/site-packages/airflow/example_dags/example_bash_operator.py for tasks to queue
[2024-08-01T09:59:19.217+0000] {logging_mixin.py:120} INFO - [2024-08-01T09:59:19.217+0000] {dagbag.py:537} INFO - Filling up the DagBag from /home/airflow/.local/lib/python3.7/site-packages/airflow/example_dags/example_bash_operator.py
[2024-08-01T09:59:19.239+0000] {processor.py:766} INFO - DAG(s) dict_keys(['example_bash_operator']) retrieved from /home/airflow/.local/lib/python3.7/site-packages/airflow/example_dags/example_bash_operator.py
[2024-08-01T09:59:19.298+0000] {logging_mixin.py:120} INFO - [2024-08-01T09:59:19.298+0000] {dag.py:2585} INFO - Sync 1 DAGs
[2024-08-01T09:59:19.323+0000] {logging_mixin.py:120} INFO - [2024-08-01T09:59:19.323+0000] {dag.py:3340} INFO - Setting next_dagrun for example_bash_operator to 2024-07-31T00:00:00+00:00, run_after=2024-08-01T00:00:00+00:00
[2024-08-01T09:59:19.347+0000] {processor.py:176} INFO - Processing /home/airflow/.local/lib/python3.7/site-packages/airflow/example_dags/example_bash_operator.py took 0.138 seconds
[2024-08-01T09:59:49.794+0000] {processor.py:154} INFO - Started process (PID=7476) to work on /home/airflow/.local/lib/python3.7/site-packages/airflow/example_dags/example_bash_operator.py
[2024-08-01T09:59:49.795+0000] {processor.py:756} INFO - Processing file /home/airflow/.local/lib/python3.7/site-packages/airflow/example_dags/example_bash_operator.py for tasks to queue
[2024-08-01T09:59:49.796+0000] {logging_mixin.py:120} INFO - [2024-08-01T09:59:49.796+0000] {dagbag.py:537} INFO - Filling up the DagBag from /home/airflow/.local/lib/python3.7/site-packages/airflow/example_dags/example_bash_operator.py
[2024-08-01T09:59:49.811+0000] {processor.py:766} INFO - DAG(s) dict_keys(['example_bash_operator']) retrieved from /home/airflow/.local/lib/python3.7/site-packages/airflow/example_dags/example_bash_operator.py
[2024-08-01T09:59:49.846+0000] {logging_mixin.py:120} INFO - [2024-08-01T09:59:49.846+0000] {dag.py:2585} INFO - Sync 1 DAGs
[2024-08-01T09:59:49.865+0000] {logging_mixin.py:120} INFO - [2024-08-01T09:59:49.865+0000] {dag.py:3340} INFO - Setting next_dagrun for example_bash_operator to 2024-07-31T00:00:00+00:00, run_after=2024-08-01T00:00:00+00:00
[2024-08-01T09:59:49.883+0000] {processor.py:176} INFO - Processing /home/airflow/.local/lib/python3.7/site-packages/airflow/example_dags/example_bash_operator.py took 0.091 seconds
[2024-08-01T10:00:21.007+0000] {processor.py:154} INFO - Started process (PID=7540) to work on /home/airflow/.local/lib/python3.7/site-packages/airflow/example_dags/example_bash_operator.py
[2024-08-01T10:00:21.112+0000] {processor.py:756} INFO - Processing file /home/airflow/.local/lib/python3.7/site-packages/airflow/example_dags/example_bash_operator.py for tasks to queue
[2024-08-01T10:00:21.151+0000] {logging_mixin.py:120} INFO - [2024-08-01T10:00:21.151+0000] {dagbag.py:537} INFO - Filling up the DagBag from /home/airflow/.local/lib/python3.7/site-packages/airflow/example_dags/example_bash_operator.py
[2024-08-01T10:00:21.173+0000] {processor.py:766} INFO - DAG(s) dict_keys(['example_bash_operator']) retrieved from /home/airflow/.local/lib/python3.7/site-packages/airflow/example_dags/example_bash_operator.py
[2024-08-01T10:00:21.210+0000] {logging_mixin.py:120} INFO - [2024-08-01T10:00:21.210+0000] {dag.py:2585} INFO - Sync 1 DAGs
[2024-08-01T10:00:21.229+0000] {logging_mixin.py:120} INFO - [2024-08-01T10:00:21.229+0000] {dag.py:3340} INFO - Setting next_dagrun for example_bash_operator to 2024-07-31T00:00:00+00:00, run_after=2024-08-01T00:00:00+00:00
[2024-08-01T10:00:21.245+0000] {processor.py:176} INFO - Processing /home/airflow/.local/lib/python3.7/site-packages/airflow/example_dags/example_bash_operator.py took 0.241 seconds
[2024-08-01T10:00:51.488+0000] {processor.py:154} INFO - Started process (PID=7606) to work on /home/airflow/.local/lib/python3.7/site-packages/airflow/example_dags/example_bash_operator.py
[2024-08-01T10:00:51.489+0000] {processor.py:756} INFO - Processing file /home/airflow/.local/lib/python3.7/site-packages/airflow/example_dags/example_bash_operator.py for tasks to queue
[2024-08-01T10:00:51.490+0000] {logging_mixin.py:120} INFO - [2024-08-01T10:00:51.490+0000] {dagbag.py:537} INFO - Filling up the DagBag from /home/airflow/.local/lib/python3.7/site-packages/airflow/example_dags/example_bash_operator.py
[2024-08-01T10:00:51.510+0000] {processor.py:766} INFO - DAG(s) dict_keys(['example_bash_operator']) retrieved from /home/airflow/.local/lib/python3.7/site-packages/airflow/example_dags/example_bash_operator.py
[2024-08-01T10:00:51.546+0000] {logging_mixin.py:120} INFO - [2024-08-01T10:00:51.546+0000] {dag.py:2585} INFO - Sync 1 DAGs
[2024-08-01T10:00:51.565+0000] {logging_mixin.py:120} INFO - [2024-08-01T10:00:51.565+0000] {dag.py:3340} INFO - Setting next_dagrun for example_bash_operator to 2024-07-31T00:00:00+00:00, run_after=2024-08-01T00:00:00+00:00
[2024-08-01T10:00:51.582+0000] {processor.py:176} INFO - Processing /home/airflow/.local/lib/python3.7/site-packages/airflow/example_dags/example_bash_operator.py took 0.099 seconds
[2024-08-01T10:01:22.427+0000] {processor.py:154} INFO - Started process (PID=7670) to work on /home/airflow/.local/lib/python3.7/site-packages/airflow/example_dags/example_bash_operator.py
[2024-08-01T10:01:22.429+0000] {processor.py:756} INFO - Processing file /home/airflow/.local/lib/python3.7/site-packages/airflow/example_dags/example_bash_operator.py for tasks to queue
[2024-08-01T10:01:22.431+0000] {logging_mixin.py:120} INFO - [2024-08-01T10:01:22.431+0000] {dagbag.py:537} INFO - Filling up the DagBag from /home/airflow/.local/lib/python3.7/site-packages/airflow/example_dags/example_bash_operator.py
[2024-08-01T10:01:22.450+0000] {processor.py:766} INFO - DAG(s) dict_keys(['example_bash_operator']) retrieved from /home/airflow/.local/lib/python3.7/site-packages/airflow/example_dags/example_bash_operator.py
[2024-08-01T10:01:22.489+0000] {logging_mixin.py:120} INFO - [2024-08-01T10:01:22.489+0000] {dag.py:2585} INFO - Sync 1 DAGs
[2024-08-01T10:01:22.519+0000] {logging_mixin.py:120} INFO - [2024-08-01T10:01:22.519+0000] {dag.py:3340} INFO - Setting next_dagrun for example_bash_operator to 2024-07-31T00:00:00+00:00, run_after=2024-08-01T00:00:00+00:00
[2024-08-01T10:01:22.542+0000] {processor.py:176} INFO - Processing /home/airflow/.local/lib/python3.7/site-packages/airflow/example_dags/example_bash_operator.py took 0.116 seconds
[2024-08-01T10:01:52.680+0000] {processor.py:154} INFO - Started process (PID=7734) to work on /home/airflow/.local/lib/python3.7/site-packages/airflow/example_dags/example_bash_operator.py
[2024-08-01T10:01:52.681+0000] {processor.py:756} INFO - Processing file /home/airflow/.local/lib/python3.7/site-packages/airflow/example_dags/example_bash_operator.py for tasks to queue
[2024-08-01T10:01:52.681+0000] {logging_mixin.py:120} INFO - [2024-08-01T10:01:52.681+0000] {dagbag.py:537} INFO - Filling up the DagBag from /home/airflow/.local/lib/python3.7/site-packages/airflow/example_dags/example_bash_operator.py
[2024-08-01T10:01:52.696+0000] {processor.py:766} INFO - DAG(s) dict_keys(['example_bash_operator']) retrieved from /home/airflow/.local/lib/python3.7/site-packages/airflow/example_dags/example_bash_operator.py
[2024-08-01T10:01:52.729+0000] {logging_mixin.py:120} INFO - [2024-08-01T10:01:52.729+0000] {dag.py:2585} INFO - Sync 1 DAGs
[2024-08-01T10:01:52.748+0000] {logging_mixin.py:120} INFO - [2024-08-01T10:01:52.748+0000] {dag.py:3340} INFO - Setting next_dagrun for example_bash_operator to 2024-07-31T00:00:00+00:00, run_after=2024-08-01T00:00:00+00:00
[2024-08-01T10:01:52.764+0000] {processor.py:176} INFO - Processing /home/airflow/.local/lib/python3.7/site-packages/airflow/example_dags/example_bash_operator.py took 0.086 seconds
[2024-08-01T10:02:23.578+0000] {processor.py:154} INFO - Started process (PID=7789) to work on /home/airflow/.local/lib/python3.7/site-packages/airflow/example_dags/example_bash_operator.py
[2024-08-01T10:02:23.579+0000] {processor.py:756} INFO - Processing file /home/airflow/.local/lib/python3.7/site-packages/airflow/example_dags/example_bash_operator.py for tasks to queue
[2024-08-01T10:02:23.580+0000] {logging_mixin.py:120} INFO - [2024-08-01T10:02:23.580+0000] {dagbag.py:537} INFO - Filling up the DagBag from /home/airflow/.local/lib/python3.7/site-packages/airflow/example_dags/example_bash_operator.py
[2024-08-01T10:02:23.606+0000] {processor.py:766} INFO - DAG(s) dict_keys(['example_bash_operator']) retrieved from /home/airflow/.local/lib/python3.7/site-packages/airflow/example_dags/example_bash_operator.py
[2024-08-01T10:02:23.661+0000] {logging_mixin.py:120} INFO - [2024-08-01T10:02:23.660+0000] {dag.py:2585} INFO - Sync 1 DAGs
[2024-08-01T10:02:23.694+0000] {logging_mixin.py:120} INFO - [2024-08-01T10:02:23.693+0000] {dag.py:3340} INFO - Setting next_dagrun for example_bash_operator to 2024-07-31T00:00:00+00:00, run_after=2024-08-01T00:00:00+00:00
[2024-08-01T10:02:23.715+0000] {processor.py:176} INFO - Processing /home/airflow/.local/lib/python3.7/site-packages/airflow/example_dags/example_bash_operator.py took 0.142 seconds
[2024-08-01T10:02:54.308+0000] {processor.py:154} INFO - Started process (PID=7853) to work on /home/airflow/.local/lib/python3.7/site-packages/airflow/example_dags/example_bash_operator.py
[2024-08-01T10:02:54.310+0000] {processor.py:756} INFO - Processing file /home/airflow/.local/lib/python3.7/site-packages/airflow/example_dags/example_bash_operator.py for tasks to queue
[2024-08-01T10:02:54.311+0000] {logging_mixin.py:120} INFO - [2024-08-01T10:02:54.311+0000] {dagbag.py:537} INFO - Filling up the DagBag from /home/airflow/.local/lib/python3.7/site-packages/airflow/example_dags/example_bash_operator.py
[2024-08-01T10:02:54.347+0000] {processor.py:766} INFO - DAG(s) dict_keys(['example_bash_operator']) retrieved from /home/airflow/.local/lib/python3.7/site-packages/airflow/example_dags/example_bash_operator.py
[2024-08-01T10:02:54.412+0000] {logging_mixin.py:120} INFO - [2024-08-01T10:02:54.412+0000] {dag.py:2585} INFO - Sync 1 DAGs
[2024-08-01T10:02:54.508+0000] {logging_mixin.py:120} INFO - [2024-08-01T10:02:54.508+0000] {dag.py:3340} INFO - Setting next_dagrun for example_bash_operator to 2024-07-31T00:00:00+00:00, run_after=2024-08-01T00:00:00+00:00
[2024-08-01T10:02:54.614+0000] {processor.py:176} INFO - Processing /home/airflow/.local/lib/python3.7/site-packages/airflow/example_dags/example_bash_operator.py took 0.311 seconds
[2024-08-01T10:03:25.222+0000] {processor.py:154} INFO - Started process (PID=7917) to work on /home/airflow/.local/lib/python3.7/site-packages/airflow/example_dags/example_bash_operator.py
[2024-08-01T10:03:25.223+0000] {processor.py:756} INFO - Processing file /home/airflow/.local/lib/python3.7/site-packages/airflow/example_dags/example_bash_operator.py for tasks to queue
[2024-08-01T10:03:25.225+0000] {logging_mixin.py:120} INFO - [2024-08-01T10:03:25.225+0000] {dagbag.py:537} INFO - Filling up the DagBag from /home/airflow/.local/lib/python3.7/site-packages/airflow/example_dags/example_bash_operator.py
[2024-08-01T10:03:25.253+0000] {processor.py:766} INFO - DAG(s) dict_keys(['example_bash_operator']) retrieved from /home/airflow/.local/lib/python3.7/site-packages/airflow/example_dags/example_bash_operator.py
[2024-08-01T10:03:25.301+0000] {logging_mixin.py:120} INFO - [2024-08-01T10:03:25.300+0000] {dag.py:2585} INFO - Sync 1 DAGs
[2024-08-01T10:03:25.333+0000] {logging_mixin.py:120} INFO - [2024-08-01T10:03:25.332+0000] {dag.py:3340} INFO - Setting next_dagrun for example_bash_operator to 2024-07-31T00:00:00+00:00, run_after=2024-08-01T00:00:00+00:00
[2024-08-01T10:03:25.374+0000] {processor.py:176} INFO - Processing /home/airflow/.local/lib/python3.7/site-packages/airflow/example_dags/example_bash_operator.py took 0.156 seconds
[2024-08-01T10:03:56.046+0000] {processor.py:154} INFO - Started process (PID=7972) to work on /home/airflow/.local/lib/python3.7/site-packages/airflow/example_dags/example_bash_operator.py
[2024-08-01T10:03:56.048+0000] {processor.py:756} INFO - Processing file /home/airflow/.local/lib/python3.7/site-packages/airflow/example_dags/example_bash_operator.py for tasks to queue
[2024-08-01T10:03:56.051+0000] {logging_mixin.py:120} INFO - [2024-08-01T10:03:56.050+0000] {dagbag.py:537} INFO - Filling up the DagBag from /home/airflow/.local/lib/python3.7/site-packages/airflow/example_dags/example_bash_operator.py
[2024-08-01T10:03:56.072+0000] {processor.py:766} INFO - DAG(s) dict_keys(['example_bash_operator']) retrieved from /home/airflow/.local/lib/python3.7/site-packages/airflow/example_dags/example_bash_operator.py
[2024-08-01T10:03:56.125+0000] {logging_mixin.py:120} INFO - [2024-08-01T10:03:56.125+0000] {dag.py:2585} INFO - Sync 1 DAGs
[2024-08-01T10:03:56.165+0000] {logging_mixin.py:120} INFO - [2024-08-01T10:03:56.165+0000] {dag.py:3340} INFO - Setting next_dagrun for example_bash_operator to 2024-07-31T00:00:00+00:00, run_after=2024-08-01T00:00:00+00:00
[2024-08-01T10:03:56.190+0000] {processor.py:176} INFO - Processing /home/airflow/.local/lib/python3.7/site-packages/airflow/example_dags/example_bash_operator.py took 0.147 seconds
[2024-08-01T10:04:26.726+0000] {processor.py:154} INFO - Started process (PID=8036) to work on /home/airflow/.local/lib/python3.7/site-packages/airflow/example_dags/example_bash_operator.py
[2024-08-01T10:04:26.728+0000] {processor.py:756} INFO - Processing file /home/airflow/.local/lib/python3.7/site-packages/airflow/example_dags/example_bash_operator.py for tasks to queue
[2024-08-01T10:04:26.771+0000] {logging_mixin.py:120} INFO - [2024-08-01T10:04:26.770+0000] {dagbag.py:537} INFO - Filling up the DagBag from /home/airflow/.local/lib/python3.7/site-packages/airflow/example_dags/example_bash_operator.py
[2024-08-01T10:04:26.872+0000] {processor.py:766} INFO - DAG(s) dict_keys(['example_bash_operator']) retrieved from /home/airflow/.local/lib/python3.7/site-packages/airflow/example_dags/example_bash_operator.py
[2024-08-01T10:04:27.039+0000] {logging_mixin.py:120} INFO - [2024-08-01T10:04:27.038+0000] {dag.py:2585} INFO - Sync 1 DAGs
[2024-08-01T10:04:27.287+0000] {logging_mixin.py:120} INFO - [2024-08-01T10:04:27.287+0000] {dag.py:3340} INFO - Setting next_dagrun for example_bash_operator to 2024-07-31T00:00:00+00:00, run_after=2024-08-01T00:00:00+00:00
[2024-08-01T10:04:27.388+0000] {processor.py:176} INFO - Processing /home/airflow/.local/lib/python3.7/site-packages/airflow/example_dags/example_bash_operator.py took 0.669 seconds
[2024-08-01T10:04:57.840+0000] {processor.py:154} INFO - Started process (PID=8101) to work on /home/airflow/.local/lib/python3.7/site-packages/airflow/example_dags/example_bash_operator.py
[2024-08-01T10:04:57.842+0000] {processor.py:756} INFO - Processing file /home/airflow/.local/lib/python3.7/site-packages/airflow/example_dags/example_bash_operator.py for tasks to queue
[2024-08-01T10:04:57.844+0000] {logging_mixin.py:120} INFO - [2024-08-01T10:04:57.844+0000] {dagbag.py:537} INFO - Filling up the DagBag from /home/airflow/.local/lib/python3.7/site-packages/airflow/example_dags/example_bash_operator.py
[2024-08-01T10:04:57.880+0000] {processor.py:766} INFO - DAG(s) dict_keys(['example_bash_operator']) retrieved from /home/airflow/.local/lib/python3.7/site-packages/airflow/example_dags/example_bash_operator.py
[2024-08-01T10:04:57.934+0000] {logging_mixin.py:120} INFO - [2024-08-01T10:04:57.934+0000] {dag.py:2585} INFO - Sync 1 DAGs
[2024-08-01T10:04:57.964+0000] {logging_mixin.py:120} INFO - [2024-08-01T10:04:57.964+0000] {dag.py:3340} INFO - Setting next_dagrun for example_bash_operator to 2024-07-31T00:00:00+00:00, run_after=2024-08-01T00:00:00+00:00
[2024-08-01T10:04:57.990+0000] {processor.py:176} INFO - Processing /home/airflow/.local/lib/python3.7/site-packages/airflow/example_dags/example_bash_operator.py took 0.155 seconds
[2024-08-01T10:05:28.831+0000] {processor.py:154} INFO - Started process (PID=8156) to work on /home/airflow/.local/lib/python3.7/site-packages/airflow/example_dags/example_bash_operator.py
[2024-08-01T10:05:28.832+0000] {processor.py:756} INFO - Processing file /home/airflow/.local/lib/python3.7/site-packages/airflow/example_dags/example_bash_operator.py for tasks to queue
[2024-08-01T10:05:28.835+0000] {logging_mixin.py:120} INFO - [2024-08-01T10:05:28.835+0000] {dagbag.py:537} INFO - Filling up the DagBag from /home/airflow/.local/lib/python3.7/site-packages/airflow/example_dags/example_bash_operator.py
[2024-08-01T10:05:28.857+0000] {processor.py:766} INFO - DAG(s) dict_keys(['example_bash_operator']) retrieved from /home/airflow/.local/lib/python3.7/site-packages/airflow/example_dags/example_bash_operator.py
[2024-08-01T10:05:28.916+0000] {logging_mixin.py:120} INFO - [2024-08-01T10:05:28.916+0000] {dag.py:2585} INFO - Sync 1 DAGs
[2024-08-01T10:05:28.952+0000] {logging_mixin.py:120} INFO - [2024-08-01T10:05:28.952+0000] {dag.py:3340} INFO - Setting next_dagrun for example_bash_operator to 2024-07-31T00:00:00+00:00, run_after=2024-08-01T00:00:00+00:00
[2024-08-01T10:05:28.986+0000] {processor.py:176} INFO - Processing /home/airflow/.local/lib/python3.7/site-packages/airflow/example_dags/example_bash_operator.py took 0.159 seconds
[2024-08-01T10:05:59.544+0000] {processor.py:154} INFO - Started process (PID=8219) to work on /home/airflow/.local/lib/python3.7/site-packages/airflow/example_dags/example_bash_operator.py
[2024-08-01T10:05:59.545+0000] {processor.py:756} INFO - Processing file /home/airflow/.local/lib/python3.7/site-packages/airflow/example_dags/example_bash_operator.py for tasks to queue
[2024-08-01T10:05:59.547+0000] {logging_mixin.py:120} INFO - [2024-08-01T10:05:59.547+0000] {dagbag.py:537} INFO - Filling up the DagBag from /home/airflow/.local/lib/python3.7/site-packages/airflow/example_dags/example_bash_operator.py
[2024-08-01T10:05:59.568+0000] {processor.py:766} INFO - DAG(s) dict_keys(['example_bash_operator']) retrieved from /home/airflow/.local/lib/python3.7/site-packages/airflow/example_dags/example_bash_operator.py
[2024-08-01T10:05:59.612+0000] {logging_mixin.py:120} INFO - [2024-08-01T10:05:59.612+0000] {dag.py:2585} INFO - Sync 1 DAGs
[2024-08-01T10:05:59.634+0000] {logging_mixin.py:120} INFO - [2024-08-01T10:05:59.634+0000] {dag.py:3340} INFO - Setting next_dagrun for example_bash_operator to 2024-07-31T00:00:00+00:00, run_after=2024-08-01T00:00:00+00:00
[2024-08-01T10:05:59.866+0000] {processor.py:176} INFO - Processing /home/airflow/.local/lib/python3.7/site-packages/airflow/example_dags/example_bash_operator.py took 0.325 seconds
[2024-08-01T10:06:30.006+0000] {processor.py:154} INFO - Started process (PID=8283) to work on /home/airflow/.local/lib/python3.7/site-packages/airflow/example_dags/example_bash_operator.py
[2024-08-01T10:06:30.007+0000] {processor.py:756} INFO - Processing file /home/airflow/.local/lib/python3.7/site-packages/airflow/example_dags/example_bash_operator.py for tasks to queue
[2024-08-01T10:06:30.009+0000] {logging_mixin.py:120} INFO - [2024-08-01T10:06:30.009+0000] {dagbag.py:537} INFO - Filling up the DagBag from /home/airflow/.local/lib/python3.7/site-packages/airflow/example_dags/example_bash_operator.py
[2024-08-01T10:06:30.034+0000] {processor.py:766} INFO - DAG(s) dict_keys(['example_bash_operator']) retrieved from /home/airflow/.local/lib/python3.7/site-packages/airflow/example_dags/example_bash_operator.py
[2024-08-01T10:06:30.087+0000] {logging_mixin.py:120} INFO - [2024-08-01T10:06:30.086+0000] {dag.py:2585} INFO - Sync 1 DAGs
[2024-08-01T10:06:30.119+0000] {logging_mixin.py:120} INFO - [2024-08-01T10:06:30.119+0000] {dag.py:3340} INFO - Setting next_dagrun for example_bash_operator to 2024-07-31T00:00:00+00:00, run_after=2024-08-01T00:00:00+00:00
[2024-08-01T10:06:30.157+0000] {processor.py:176} INFO - Processing /home/airflow/.local/lib/python3.7/site-packages/airflow/example_dags/example_bash_operator.py took 0.155 seconds
[2024-08-01T10:07:00.545+0000] {processor.py:154} INFO - Started process (PID=8337) to work on /home/airflow/.local/lib/python3.7/site-packages/airflow/example_dags/example_bash_operator.py
[2024-08-01T10:07:00.546+0000] {processor.py:756} INFO - Processing file /home/airflow/.local/lib/python3.7/site-packages/airflow/example_dags/example_bash_operator.py for tasks to queue
[2024-08-01T10:07:00.548+0000] {logging_mixin.py:120} INFO - [2024-08-01T10:07:00.548+0000] {dagbag.py:537} INFO - Filling up the DagBag from /home/airflow/.local/lib/python3.7/site-packages/airflow/example_dags/example_bash_operator.py
[2024-08-01T10:07:00.580+0000] {processor.py:766} INFO - DAG(s) dict_keys(['example_bash_operator']) retrieved from /home/airflow/.local/lib/python3.7/site-packages/airflow/example_dags/example_bash_operator.py
[2024-08-01T10:07:00.637+0000] {logging_mixin.py:120} INFO - [2024-08-01T10:07:00.637+0000] {dag.py:2585} INFO - Sync 1 DAGs
[2024-08-01T10:07:00.668+0000] {logging_mixin.py:120} INFO - [2024-08-01T10:07:00.668+0000] {dag.py:3340} INFO - Setting next_dagrun for example_bash_operator to 2024-07-31T00:00:00+00:00, run_after=2024-08-01T00:00:00+00:00
[2024-08-01T10:07:00.704+0000] {processor.py:176} INFO - Processing /home/airflow/.local/lib/python3.7/site-packages/airflow/example_dags/example_bash_operator.py took 0.162 seconds
[2024-08-01T10:07:31.476+0000] {processor.py:154} INFO - Started process (PID=8401) to work on /home/airflow/.local/lib/python3.7/site-packages/airflow/example_dags/example_bash_operator.py
[2024-08-01T10:07:31.488+0000] {processor.py:756} INFO - Processing file /home/airflow/.local/lib/python3.7/site-packages/airflow/example_dags/example_bash_operator.py for tasks to queue
[2024-08-01T10:07:31.498+0000] {logging_mixin.py:120} INFO - [2024-08-01T10:07:31.498+0000] {dagbag.py:537} INFO - Filling up the DagBag from /home/airflow/.local/lib/python3.7/site-packages/airflow/example_dags/example_bash_operator.py
[2024-08-01T10:07:31.530+0000] {processor.py:766} INFO - DAG(s) dict_keys(['example_bash_operator']) retrieved from /home/airflow/.local/lib/python3.7/site-packages/airflow/example_dags/example_bash_operator.py
[2024-08-01T10:07:31.611+0000] {logging_mixin.py:120} INFO - [2024-08-01T10:07:31.611+0000] {dag.py:2585} INFO - Sync 1 DAGs
[2024-08-01T10:07:31.645+0000] {logging_mixin.py:120} INFO - [2024-08-01T10:07:31.645+0000] {dag.py:3340} INFO - Setting next_dagrun for example_bash_operator to 2024-07-31T00:00:00+00:00, run_after=2024-08-01T00:00:00+00:00
[2024-08-01T10:07:31.679+0000] {processor.py:176} INFO - Processing /home/airflow/.local/lib/python3.7/site-packages/airflow/example_dags/example_bash_operator.py took 0.206 seconds
[2024-08-01T10:08:02.245+0000] {processor.py:154} INFO - Started process (PID=8464) to work on /home/airflow/.local/lib/python3.7/site-packages/airflow/example_dags/example_bash_operator.py
[2024-08-01T10:08:02.247+0000] {processor.py:756} INFO - Processing file /home/airflow/.local/lib/python3.7/site-packages/airflow/example_dags/example_bash_operator.py for tasks to queue
[2024-08-01T10:08:02.248+0000] {logging_mixin.py:120} INFO - [2024-08-01T10:08:02.248+0000] {dagbag.py:537} INFO - Filling up the DagBag from /home/airflow/.local/lib/python3.7/site-packages/airflow/example_dags/example_bash_operator.py
[2024-08-01T10:08:02.288+0000] {processor.py:766} INFO - DAG(s) dict_keys(['example_bash_operator']) retrieved from /home/airflow/.local/lib/python3.7/site-packages/airflow/example_dags/example_bash_operator.py
[2024-08-01T10:08:02.357+0000] {logging_mixin.py:120} INFO - [2024-08-01T10:08:02.357+0000] {dag.py:2585} INFO - Sync 1 DAGs
[2024-08-01T10:08:02.388+0000] {logging_mixin.py:120} INFO - [2024-08-01T10:08:02.388+0000] {dag.py:3340} INFO - Setting next_dagrun for example_bash_operator to 2024-07-31T00:00:00+00:00, run_after=2024-08-01T00:00:00+00:00
[2024-08-01T10:08:02.417+0000] {processor.py:176} INFO - Processing /home/airflow/.local/lib/python3.7/site-packages/airflow/example_dags/example_bash_operator.py took 0.177 seconds
[2024-08-01T10:08:32.879+0000] {processor.py:154} INFO - Started process (PID=8527) to work on /home/airflow/.local/lib/python3.7/site-packages/airflow/example_dags/example_bash_operator.py
[2024-08-01T10:08:32.881+0000] {processor.py:756} INFO - Processing file /home/airflow/.local/lib/python3.7/site-packages/airflow/example_dags/example_bash_operator.py for tasks to queue
[2024-08-01T10:08:32.882+0000] {logging_mixin.py:120} INFO - [2024-08-01T10:08:32.882+0000] {dagbag.py:537} INFO - Filling up the DagBag from /home/airflow/.local/lib/python3.7/site-packages/airflow/example_dags/example_bash_operator.py
[2024-08-01T10:08:32.925+0000] {processor.py:766} INFO - DAG(s) dict_keys(['example_bash_operator']) retrieved from /home/airflow/.local/lib/python3.7/site-packages/airflow/example_dags/example_bash_operator.py
[2024-08-01T10:08:32.994+0000] {logging_mixin.py:120} INFO - [2024-08-01T10:08:32.994+0000] {dag.py:2585} INFO - Sync 1 DAGs
[2024-08-01T10:08:33.030+0000] {logging_mixin.py:120} INFO - [2024-08-01T10:08:33.030+0000] {dag.py:3340} INFO - Setting next_dagrun for example_bash_operator to 2024-07-31T00:00:00+00:00, run_after=2024-08-01T00:00:00+00:00
[2024-08-01T10:08:33.060+0000] {processor.py:176} INFO - Processing /home/airflow/.local/lib/python3.7/site-packages/airflow/example_dags/example_bash_operator.py took 0.186 seconds
[2024-08-01T10:09:03.519+0000] {processor.py:154} INFO - Started process (PID=8583) to work on /home/airflow/.local/lib/python3.7/site-packages/airflow/example_dags/example_bash_operator.py
[2024-08-01T10:09:03.524+0000] {processor.py:756} INFO - Processing file /home/airflow/.local/lib/python3.7/site-packages/airflow/example_dags/example_bash_operator.py for tasks to queue
[2024-08-01T10:09:03.525+0000] {logging_mixin.py:120} INFO - [2024-08-01T10:09:03.525+0000] {dagbag.py:537} INFO - Filling up the DagBag from /home/airflow/.local/lib/python3.7/site-packages/airflow/example_dags/example_bash_operator.py
[2024-08-01T10:09:03.565+0000] {processor.py:766} INFO - DAG(s) dict_keys(['example_bash_operator']) retrieved from /home/airflow/.local/lib/python3.7/site-packages/airflow/example_dags/example_bash_operator.py
[2024-08-01T10:09:03.685+0000] {logging_mixin.py:120} INFO - [2024-08-01T10:09:03.685+0000] {dag.py:2585} INFO - Sync 1 DAGs
[2024-08-01T10:09:03.741+0000] {logging_mixin.py:120} INFO - [2024-08-01T10:09:03.740+0000] {dag.py:3340} INFO - Setting next_dagrun for example_bash_operator to 2024-07-31T00:00:00+00:00, run_after=2024-08-01T00:00:00+00:00
[2024-08-01T10:09:03.800+0000] {processor.py:176} INFO - Processing /home/airflow/.local/lib/python3.7/site-packages/airflow/example_dags/example_bash_operator.py took 0.285 seconds
[2024-08-01T10:09:35.149+0000] {processor.py:154} INFO - Started process (PID=8648) to work on /home/airflow/.local/lib/python3.7/site-packages/airflow/example_dags/example_bash_operator.py
[2024-08-01T10:09:35.157+0000] {processor.py:756} INFO - Processing file /home/airflow/.local/lib/python3.7/site-packages/airflow/example_dags/example_bash_operator.py for tasks to queue
[2024-08-01T10:09:35.163+0000] {logging_mixin.py:120} INFO - [2024-08-01T10:09:35.163+0000] {dagbag.py:537} INFO - Filling up the DagBag from /home/airflow/.local/lib/python3.7/site-packages/airflow/example_dags/example_bash_operator.py
[2024-08-01T10:09:35.184+0000] {processor.py:766} INFO - DAG(s) dict_keys(['example_bash_operator']) retrieved from /home/airflow/.local/lib/python3.7/site-packages/airflow/example_dags/example_bash_operator.py
[2024-08-01T10:09:35.242+0000] {logging_mixin.py:120} INFO - [2024-08-01T10:09:35.241+0000] {dag.py:2585} INFO - Sync 1 DAGs
[2024-08-01T10:09:35.277+0000] {logging_mixin.py:120} INFO - [2024-08-01T10:09:35.277+0000] {dag.py:3340} INFO - Setting next_dagrun for example_bash_operator to 2024-07-31T00:00:00+00:00, run_after=2024-08-01T00:00:00+00:00
[2024-08-01T10:09:35.309+0000] {processor.py:176} INFO - Processing /home/airflow/.local/lib/python3.7/site-packages/airflow/example_dags/example_bash_operator.py took 0.162 seconds
[2024-08-01T10:10:05.388+0000] {processor.py:154} INFO - Started process (PID=8712) to work on /home/airflow/.local/lib/python3.7/site-packages/airflow/example_dags/example_bash_operator.py
[2024-08-01T10:10:05.390+0000] {processor.py:756} INFO - Processing file /home/airflow/.local/lib/python3.7/site-packages/airflow/example_dags/example_bash_operator.py for tasks to queue
[2024-08-01T10:10:05.391+0000] {logging_mixin.py:120} INFO - [2024-08-01T10:10:05.391+0000] {dagbag.py:537} INFO - Filling up the DagBag from /home/airflow/.local/lib/python3.7/site-packages/airflow/example_dags/example_bash_operator.py
[2024-08-01T10:10:05.407+0000] {processor.py:766} INFO - DAG(s) dict_keys(['example_bash_operator']) retrieved from /home/airflow/.local/lib/python3.7/site-packages/airflow/example_dags/example_bash_operator.py
[2024-08-01T10:10:05.457+0000] {logging_mixin.py:120} INFO - [2024-08-01T10:10:05.457+0000] {dag.py:2585} INFO - Sync 1 DAGs
[2024-08-01T10:10:05.490+0000] {logging_mixin.py:120} INFO - [2024-08-01T10:10:05.490+0000] {dag.py:3340} INFO - Setting next_dagrun for example_bash_operator to 2024-07-31T00:00:00+00:00, run_after=2024-08-01T00:00:00+00:00
[2024-08-01T10:10:05.520+0000] {processor.py:176} INFO - Processing /home/airflow/.local/lib/python3.7/site-packages/airflow/example_dags/example_bash_operator.py took 0.134 seconds
[2024-08-01T10:10:36.269+0000] {processor.py:154} INFO - Started process (PID=8766) to work on /home/airflow/.local/lib/python3.7/site-packages/airflow/example_dags/example_bash_operator.py
[2024-08-01T10:10:36.271+0000] {processor.py:756} INFO - Processing file /home/airflow/.local/lib/python3.7/site-packages/airflow/example_dags/example_bash_operator.py for tasks to queue
[2024-08-01T10:10:36.273+0000] {logging_mixin.py:120} INFO - [2024-08-01T10:10:36.272+0000] {dagbag.py:537} INFO - Filling up the DagBag from /home/airflow/.local/lib/python3.7/site-packages/airflow/example_dags/example_bash_operator.py
[2024-08-01T10:10:36.306+0000] {processor.py:766} INFO - DAG(s) dict_keys(['example_bash_operator']) retrieved from /home/airflow/.local/lib/python3.7/site-packages/airflow/example_dags/example_bash_operator.py
[2024-08-01T10:10:36.389+0000] {logging_mixin.py:120} INFO - [2024-08-01T10:10:36.388+0000] {dag.py:2585} INFO - Sync 1 DAGs
[2024-08-01T10:10:36.430+0000] {logging_mixin.py:120} INFO - [2024-08-01T10:10:36.429+0000] {dag.py:3340} INFO - Setting next_dagrun for example_bash_operator to 2024-07-31T00:00:00+00:00, run_after=2024-08-01T00:00:00+00:00
[2024-08-01T10:10:36.472+0000] {processor.py:176} INFO - Processing /home/airflow/.local/lib/python3.7/site-packages/airflow/example_dags/example_bash_operator.py took 0.208 seconds
[2024-08-01T10:11:06.548+0000] {processor.py:154} INFO - Started process (PID=8831) to work on /home/airflow/.local/lib/python3.7/site-packages/airflow/example_dags/example_bash_operator.py
[2024-08-01T10:11:06.549+0000] {processor.py:756} INFO - Processing file /home/airflow/.local/lib/python3.7/site-packages/airflow/example_dags/example_bash_operator.py for tasks to queue
[2024-08-01T10:11:06.551+0000] {logging_mixin.py:120} INFO - [2024-08-01T10:11:06.550+0000] {dagbag.py:537} INFO - Filling up the DagBag from /home/airflow/.local/lib/python3.7/site-packages/airflow/example_dags/example_bash_operator.py
[2024-08-01T10:11:06.577+0000] {processor.py:766} INFO - DAG(s) dict_keys(['example_bash_operator']) retrieved from /home/airflow/.local/lib/python3.7/site-packages/airflow/example_dags/example_bash_operator.py
[2024-08-01T10:11:06.630+0000] {logging_mixin.py:120} INFO - [2024-08-01T10:11:06.630+0000] {dag.py:2585} INFO - Sync 1 DAGs
[2024-08-01T10:11:06.662+0000] {logging_mixin.py:120} INFO - [2024-08-01T10:11:06.662+0000] {dag.py:3340} INFO - Setting next_dagrun for example_bash_operator to 2024-07-31T00:00:00+00:00, run_after=2024-08-01T00:00:00+00:00
[2024-08-01T10:11:06.705+0000] {processor.py:176} INFO - Processing /home/airflow/.local/lib/python3.7/site-packages/airflow/example_dags/example_bash_operator.py took 0.162 seconds
[2024-08-01T10:11:36.838+0000] {processor.py:154} INFO - Started process (PID=8885) to work on /home/airflow/.local/lib/python3.7/site-packages/airflow/example_dags/example_bash_operator.py
[2024-08-01T10:11:36.840+0000] {processor.py:756} INFO - Processing file /home/airflow/.local/lib/python3.7/site-packages/airflow/example_dags/example_bash_operator.py for tasks to queue
[2024-08-01T10:11:36.841+0000] {logging_mixin.py:120} INFO - [2024-08-01T10:11:36.841+0000] {dagbag.py:537} INFO - Filling up the DagBag from /home/airflow/.local/lib/python3.7/site-packages/airflow/example_dags/example_bash_operator.py
[2024-08-01T10:11:36.863+0000] {processor.py:766} INFO - DAG(s) dict_keys(['example_bash_operator']) retrieved from /home/airflow/.local/lib/python3.7/site-packages/airflow/example_dags/example_bash_operator.py
[2024-08-01T10:11:36.932+0000] {logging_mixin.py:120} INFO - [2024-08-01T10:11:36.932+0000] {dag.py:2585} INFO - Sync 1 DAGs
[2024-08-01T10:11:36.967+0000] {logging_mixin.py:120} INFO - [2024-08-01T10:11:36.967+0000] {dag.py:3340} INFO - Setting next_dagrun for example_bash_operator to 2024-07-31T00:00:00+00:00, run_after=2024-08-01T00:00:00+00:00
[2024-08-01T10:11:36.992+0000] {processor.py:176} INFO - Processing /home/airflow/.local/lib/python3.7/site-packages/airflow/example_dags/example_bash_operator.py took 0.157 seconds
[2024-08-01T10:12:07.305+0000] {processor.py:154} INFO - Started process (PID=8947) to work on /home/airflow/.local/lib/python3.7/site-packages/airflow/example_dags/example_bash_operator.py
[2024-08-01T10:12:07.306+0000] {processor.py:756} INFO - Processing file /home/airflow/.local/lib/python3.7/site-packages/airflow/example_dags/example_bash_operator.py for tasks to queue
[2024-08-01T10:12:07.307+0000] {logging_mixin.py:120} INFO - [2024-08-01T10:12:07.307+0000] {dagbag.py:537} INFO - Filling up the DagBag from /home/airflow/.local/lib/python3.7/site-packages/airflow/example_dags/example_bash_operator.py
[2024-08-01T10:12:07.331+0000] {processor.py:766} INFO - DAG(s) dict_keys(['example_bash_operator']) retrieved from /home/airflow/.local/lib/python3.7/site-packages/airflow/example_dags/example_bash_operator.py
[2024-08-01T10:12:07.406+0000] {logging_mixin.py:120} INFO - [2024-08-01T10:12:07.406+0000] {dag.py:2585} INFO - Sync 1 DAGs
[2024-08-01T10:12:07.445+0000] {logging_mixin.py:120} INFO - [2024-08-01T10:12:07.444+0000] {dag.py:3340} INFO - Setting next_dagrun for example_bash_operator to 2024-07-31T00:00:00+00:00, run_after=2024-08-01T00:00:00+00:00
[2024-08-01T10:12:07.473+0000] {processor.py:176} INFO - Processing /home/airflow/.local/lib/python3.7/site-packages/airflow/example_dags/example_bash_operator.py took 0.172 seconds
[2024-08-01T10:12:37.779+0000] {processor.py:154} INFO - Started process (PID=9011) to work on /home/airflow/.local/lib/python3.7/site-packages/airflow/example_dags/example_bash_operator.py
[2024-08-01T10:12:37.780+0000] {processor.py:756} INFO - Processing file /home/airflow/.local/lib/python3.7/site-packages/airflow/example_dags/example_bash_operator.py for tasks to queue
[2024-08-01T10:12:37.781+0000] {logging_mixin.py:120} INFO - [2024-08-01T10:12:37.781+0000] {dagbag.py:537} INFO - Filling up the DagBag from /home/airflow/.local/lib/python3.7/site-packages/airflow/example_dags/example_bash_operator.py
[2024-08-01T10:12:37.801+0000] {processor.py:766} INFO - DAG(s) dict_keys(['example_bash_operator']) retrieved from /home/airflow/.local/lib/python3.7/site-packages/airflow/example_dags/example_bash_operator.py
[2024-08-01T10:12:37.846+0000] {logging_mixin.py:120} INFO - [2024-08-01T10:12:37.846+0000] {dag.py:2585} INFO - Sync 1 DAGs
[2024-08-01T10:12:37.875+0000] {logging_mixin.py:120} INFO - [2024-08-01T10:12:37.875+0000] {dag.py:3340} INFO - Setting next_dagrun for example_bash_operator to 2024-07-31T00:00:00+00:00, run_after=2024-08-01T00:00:00+00:00
[2024-08-01T10:12:37.906+0000] {processor.py:176} INFO - Processing /home/airflow/.local/lib/python3.7/site-packages/airflow/example_dags/example_bash_operator.py took 0.131 seconds
[2024-08-01T10:13:08.441+0000] {processor.py:154} INFO - Started process (PID=9074) to work on /home/airflow/.local/lib/python3.7/site-packages/airflow/example_dags/example_bash_operator.py
[2024-08-01T10:13:08.443+0000] {processor.py:756} INFO - Processing file /home/airflow/.local/lib/python3.7/site-packages/airflow/example_dags/example_bash_operator.py for tasks to queue
[2024-08-01T10:13:08.446+0000] {logging_mixin.py:120} INFO - [2024-08-01T10:13:08.445+0000] {dagbag.py:537} INFO - Filling up the DagBag from /home/airflow/.local/lib/python3.7/site-packages/airflow/example_dags/example_bash_operator.py
[2024-08-01T10:13:08.468+0000] {processor.py:766} INFO - DAG(s) dict_keys(['example_bash_operator']) retrieved from /home/airflow/.local/lib/python3.7/site-packages/airflow/example_dags/example_bash_operator.py
[2024-08-01T10:13:08.510+0000] {logging_mixin.py:120} INFO - [2024-08-01T10:13:08.510+0000] {dag.py:2585} INFO - Sync 1 DAGs
[2024-08-01T10:13:08.532+0000] {logging_mixin.py:120} INFO - [2024-08-01T10:13:08.532+0000] {dag.py:3340} INFO - Setting next_dagrun for example_bash_operator to 2024-07-31T00:00:00+00:00, run_after=2024-08-01T00:00:00+00:00
[2024-08-01T10:13:08.557+0000] {processor.py:176} INFO - Processing /home/airflow/.local/lib/python3.7/site-packages/airflow/example_dags/example_bash_operator.py took 0.121 seconds
[2024-08-01T10:13:39.544+0000] {processor.py:154} INFO - Started process (PID=9129) to work on /home/airflow/.local/lib/python3.7/site-packages/airflow/example_dags/example_bash_operator.py
[2024-08-01T10:13:39.546+0000] {processor.py:756} INFO - Processing file /home/airflow/.local/lib/python3.7/site-packages/airflow/example_dags/example_bash_operator.py for tasks to queue
[2024-08-01T10:13:39.548+0000] {logging_mixin.py:120} INFO - [2024-08-01T10:13:39.547+0000] {dagbag.py:537} INFO - Filling up the DagBag from /home/airflow/.local/lib/python3.7/site-packages/airflow/example_dags/example_bash_operator.py
[2024-08-01T10:13:39.578+0000] {processor.py:766} INFO - DAG(s) dict_keys(['example_bash_operator']) retrieved from /home/airflow/.local/lib/python3.7/site-packages/airflow/example_dags/example_bash_operator.py
[2024-08-01T10:13:39.650+0000] {logging_mixin.py:120} INFO - [2024-08-01T10:13:39.650+0000] {dag.py:2585} INFO - Sync 1 DAGs
[2024-08-01T10:13:39.682+0000] {logging_mixin.py:120} INFO - [2024-08-01T10:13:39.682+0000] {dag.py:3340} INFO - Setting next_dagrun for example_bash_operator to 2024-07-31T00:00:00+00:00, run_after=2024-08-01T00:00:00+00:00
[2024-08-01T10:13:39.719+0000] {processor.py:176} INFO - Processing /home/airflow/.local/lib/python3.7/site-packages/airflow/example_dags/example_bash_operator.py took 0.177 seconds
[2024-08-01T10:14:10.632+0000] {processor.py:154} INFO - Started process (PID=9194) to work on /home/airflow/.local/lib/python3.7/site-packages/airflow/example_dags/example_bash_operator.py
[2024-08-01T10:14:10.634+0000] {processor.py:756} INFO - Processing file /home/airflow/.local/lib/python3.7/site-packages/airflow/example_dags/example_bash_operator.py for tasks to queue
[2024-08-01T10:14:10.636+0000] {logging_mixin.py:120} INFO - [2024-08-01T10:14:10.636+0000] {dagbag.py:537} INFO - Filling up the DagBag from /home/airflow/.local/lib/python3.7/site-packages/airflow/example_dags/example_bash_operator.py
[2024-08-01T10:14:10.682+0000] {processor.py:766} INFO - DAG(s) dict_keys(['example_bash_operator']) retrieved from /home/airflow/.local/lib/python3.7/site-packages/airflow/example_dags/example_bash_operator.py
[2024-08-01T10:14:10.749+0000] {logging_mixin.py:120} INFO - [2024-08-01T10:14:10.749+0000] {dag.py:2585} INFO - Sync 1 DAGs
[2024-08-01T10:14:10.779+0000] {logging_mixin.py:120} INFO - [2024-08-01T10:14:10.779+0000] {dag.py:3340} INFO - Setting next_dagrun for example_bash_operator to 2024-07-31T00:00:00+00:00, run_after=2024-08-01T00:00:00+00:00
[2024-08-01T10:14:10.799+0000] {processor.py:176} INFO - Processing /home/airflow/.local/lib/python3.7/site-packages/airflow/example_dags/example_bash_operator.py took 0.172 seconds
[2024-08-01T10:14:41.466+0000] {processor.py:154} INFO - Started process (PID=9257) to work on /home/airflow/.local/lib/python3.7/site-packages/airflow/example_dags/example_bash_operator.py
[2024-08-01T10:14:41.468+0000] {processor.py:756} INFO - Processing file /home/airflow/.local/lib/python3.7/site-packages/airflow/example_dags/example_bash_operator.py for tasks to queue
[2024-08-01T10:14:41.470+0000] {logging_mixin.py:120} INFO - [2024-08-01T10:14:41.469+0000] {dagbag.py:537} INFO - Filling up the DagBag from /home/airflow/.local/lib/python3.7/site-packages/airflow/example_dags/example_bash_operator.py
[2024-08-01T10:14:41.522+0000] {processor.py:766} INFO - DAG(s) dict_keys(['example_bash_operator']) retrieved from /home/airflow/.local/lib/python3.7/site-packages/airflow/example_dags/example_bash_operator.py
[2024-08-01T10:14:41.610+0000] {logging_mixin.py:120} INFO - [2024-08-01T10:14:41.610+0000] {dag.py:2585} INFO - Sync 1 DAGs
[2024-08-01T10:14:41.660+0000] {logging_mixin.py:120} INFO - [2024-08-01T10:14:41.659+0000] {dag.py:3340} INFO - Setting next_dagrun for example_bash_operator to 2024-07-31T00:00:00+00:00, run_after=2024-08-01T00:00:00+00:00
[2024-08-01T10:14:41.710+0000] {processor.py:176} INFO - Processing /home/airflow/.local/lib/python3.7/site-packages/airflow/example_dags/example_bash_operator.py took 0.249 seconds
[2024-08-01T10:15:12.826+0000] {processor.py:154} INFO - Started process (PID=9321) to work on /home/airflow/.local/lib/python3.7/site-packages/airflow/example_dags/example_bash_operator.py
[2024-08-01T10:15:12.828+0000] {processor.py:756} INFO - Processing file /home/airflow/.local/lib/python3.7/site-packages/airflow/example_dags/example_bash_operator.py for tasks to queue
[2024-08-01T10:15:12.830+0000] {logging_mixin.py:120} INFO - [2024-08-01T10:15:12.829+0000] {dagbag.py:537} INFO - Filling up the DagBag from /home/airflow/.local/lib/python3.7/site-packages/airflow/example_dags/example_bash_operator.py
[2024-08-01T10:15:12.851+0000] {processor.py:766} INFO - DAG(s) dict_keys(['example_bash_operator']) retrieved from /home/airflow/.local/lib/python3.7/site-packages/airflow/example_dags/example_bash_operator.py
[2024-08-01T10:15:12.899+0000] {logging_mixin.py:120} INFO - [2024-08-01T10:15:12.899+0000] {dag.py:2585} INFO - Sync 1 DAGs
[2024-08-01T10:15:12.934+0000] {logging_mixin.py:120} INFO - [2024-08-01T10:15:12.934+0000] {dag.py:3340} INFO - Setting next_dagrun for example_bash_operator to 2024-07-31T00:00:00+00:00, run_after=2024-08-01T00:00:00+00:00
[2024-08-01T10:15:12.966+0000] {processor.py:176} INFO - Processing /home/airflow/.local/lib/python3.7/site-packages/airflow/example_dags/example_bash_operator.py took 0.144 seconds
[2024-08-01T10:15:43.519+0000] {processor.py:154} INFO - Started process (PID=9376) to work on /home/airflow/.local/lib/python3.7/site-packages/airflow/example_dags/example_bash_operator.py
[2024-08-01T10:15:43.521+0000] {processor.py:756} INFO - Processing file /home/airflow/.local/lib/python3.7/site-packages/airflow/example_dags/example_bash_operator.py for tasks to queue
[2024-08-01T10:15:43.522+0000] {logging_mixin.py:120} INFO - [2024-08-01T10:15:43.522+0000] {dagbag.py:537} INFO - Filling up the DagBag from /home/airflow/.local/lib/python3.7/site-packages/airflow/example_dags/example_bash_operator.py
[2024-08-01T10:15:43.556+0000] {processor.py:766} INFO - DAG(s) dict_keys(['example_bash_operator']) retrieved from /home/airflow/.local/lib/python3.7/site-packages/airflow/example_dags/example_bash_operator.py
[2024-08-01T10:15:43.632+0000] {logging_mixin.py:120} INFO - [2024-08-01T10:15:43.632+0000] {dag.py:2585} INFO - Sync 1 DAGs
[2024-08-01T10:15:43.677+0000] {logging_mixin.py:120} INFO - [2024-08-01T10:15:43.676+0000] {dag.py:3340} INFO - Setting next_dagrun for example_bash_operator to 2024-07-31T00:00:00+00:00, run_after=2024-08-01T00:00:00+00:00
[2024-08-01T10:15:43.709+0000] {processor.py:176} INFO - Processing /home/airflow/.local/lib/python3.7/site-packages/airflow/example_dags/example_bash_operator.py took 0.194 seconds
[2024-08-01T10:16:13.927+0000] {processor.py:154} INFO - Started process (PID=9440) to work on /home/airflow/.local/lib/python3.7/site-packages/airflow/example_dags/example_bash_operator.py
[2024-08-01T10:16:13.929+0000] {processor.py:756} INFO - Processing file /home/airflow/.local/lib/python3.7/site-packages/airflow/example_dags/example_bash_operator.py for tasks to queue
[2024-08-01T10:16:13.930+0000] {logging_mixin.py:120} INFO - [2024-08-01T10:16:13.930+0000] {dagbag.py:537} INFO - Filling up the DagBag from /home/airflow/.local/lib/python3.7/site-packages/airflow/example_dags/example_bash_operator.py
[2024-08-01T10:16:13.957+0000] {processor.py:766} INFO - DAG(s) dict_keys(['example_bash_operator']) retrieved from /home/airflow/.local/lib/python3.7/site-packages/airflow/example_dags/example_bash_operator.py
[2024-08-01T10:16:14.030+0000] {logging_mixin.py:120} INFO - [2024-08-01T10:16:14.029+0000] {dag.py:2585} INFO - Sync 1 DAGs
[2024-08-01T10:16:14.061+0000] {logging_mixin.py:120} INFO - [2024-08-01T10:16:14.061+0000] {dag.py:3340} INFO - Setting next_dagrun for example_bash_operator to 2024-07-31T00:00:00+00:00, run_after=2024-08-01T00:00:00+00:00
[2024-08-01T10:16:14.089+0000] {processor.py:176} INFO - Processing /home/airflow/.local/lib/python3.7/site-packages/airflow/example_dags/example_bash_operator.py took 0.165 seconds
[2024-08-01T10:16:44.774+0000] {processor.py:154} INFO - Started process (PID=9504) to work on /home/airflow/.local/lib/python3.7/site-packages/airflow/example_dags/example_bash_operator.py
[2024-08-01T10:16:44.775+0000] {processor.py:756} INFO - Processing file /home/airflow/.local/lib/python3.7/site-packages/airflow/example_dags/example_bash_operator.py for tasks to queue
[2024-08-01T10:16:44.777+0000] {logging_mixin.py:120} INFO - [2024-08-01T10:16:44.776+0000] {dagbag.py:537} INFO - Filling up the DagBag from /home/airflow/.local/lib/python3.7/site-packages/airflow/example_dags/example_bash_operator.py
[2024-08-01T10:16:44.806+0000] {processor.py:766} INFO - DAG(s) dict_keys(['example_bash_operator']) retrieved from /home/airflow/.local/lib/python3.7/site-packages/airflow/example_dags/example_bash_operator.py
[2024-08-01T10:16:44.875+0000] {logging_mixin.py:120} INFO - [2024-08-01T10:16:44.875+0000] {dag.py:2585} INFO - Sync 1 DAGs
[2024-08-01T10:16:44.922+0000] {logging_mixin.py:120} INFO - [2024-08-01T10:16:44.921+0000] {dag.py:3340} INFO - Setting next_dagrun for example_bash_operator to 2024-07-31T00:00:00+00:00, run_after=2024-08-01T00:00:00+00:00
[2024-08-01T10:16:44.962+0000] {processor.py:176} INFO - Processing /home/airflow/.local/lib/python3.7/site-packages/airflow/example_dags/example_bash_operator.py took 0.192 seconds
[2024-08-01T10:17:15.651+0000] {processor.py:154} INFO - Started process (PID=9566) to work on /home/airflow/.local/lib/python3.7/site-packages/airflow/example_dags/example_bash_operator.py
[2024-08-01T10:17:15.656+0000] {processor.py:756} INFO - Processing file /home/airflow/.local/lib/python3.7/site-packages/airflow/example_dags/example_bash_operator.py for tasks to queue
[2024-08-01T10:17:15.664+0000] {logging_mixin.py:120} INFO - [2024-08-01T10:17:15.662+0000] {dagbag.py:537} INFO - Filling up the DagBag from /home/airflow/.local/lib/python3.7/site-packages/airflow/example_dags/example_bash_operator.py
[2024-08-01T10:17:15.743+0000] {processor.py:766} INFO - DAG(s) dict_keys(['example_bash_operator']) retrieved from /home/airflow/.local/lib/python3.7/site-packages/airflow/example_dags/example_bash_operator.py
[2024-08-01T10:17:15.934+0000] {logging_mixin.py:120} INFO - [2024-08-01T10:17:15.933+0000] {dag.py:2585} INFO - Sync 1 DAGs
[2024-08-01T10:17:16.008+0000] {logging_mixin.py:120} INFO - [2024-08-01T10:17:16.008+0000] {dag.py:3340} INFO - Setting next_dagrun for example_bash_operator to 2024-07-31T00:00:00+00:00, run_after=2024-08-01T00:00:00+00:00
[2024-08-01T10:17:16.092+0000] {processor.py:176} INFO - Processing /home/airflow/.local/lib/python3.7/site-packages/airflow/example_dags/example_bash_operator.py took 0.448 seconds
[2024-08-01T10:17:46.446+0000] {processor.py:154} INFO - Started process (PID=9623) to work on /home/airflow/.local/lib/python3.7/site-packages/airflow/example_dags/example_bash_operator.py
[2024-08-01T10:17:46.448+0000] {processor.py:756} INFO - Processing file /home/airflow/.local/lib/python3.7/site-packages/airflow/example_dags/example_bash_operator.py for tasks to queue
[2024-08-01T10:17:46.448+0000] {logging_mixin.py:120} INFO - [2024-08-01T10:17:46.448+0000] {dagbag.py:537} INFO - Filling up the DagBag from /home/airflow/.local/lib/python3.7/site-packages/airflow/example_dags/example_bash_operator.py
[2024-08-01T10:17:46.482+0000] {processor.py:766} INFO - DAG(s) dict_keys(['example_bash_operator']) retrieved from /home/airflow/.local/lib/python3.7/site-packages/airflow/example_dags/example_bash_operator.py
[2024-08-01T10:17:46.542+0000] {logging_mixin.py:120} INFO - [2024-08-01T10:17:46.541+0000] {dag.py:2585} INFO - Sync 1 DAGs
[2024-08-01T10:17:46.576+0000] {logging_mixin.py:120} INFO - [2024-08-01T10:17:46.576+0000] {dag.py:3340} INFO - Setting next_dagrun for example_bash_operator to 2024-07-31T00:00:00+00:00, run_after=2024-08-01T00:00:00+00:00
[2024-08-01T10:17:46.607+0000] {processor.py:176} INFO - Processing /home/airflow/.local/lib/python3.7/site-packages/airflow/example_dags/example_bash_operator.py took 0.165 seconds
[2024-08-01T10:18:16.844+0000] {processor.py:154} INFO - Started process (PID=9687) to work on /home/airflow/.local/lib/python3.7/site-packages/airflow/example_dags/example_bash_operator.py
[2024-08-01T10:18:16.846+0000] {processor.py:756} INFO - Processing file /home/airflow/.local/lib/python3.7/site-packages/airflow/example_dags/example_bash_operator.py for tasks to queue
[2024-08-01T10:18:16.848+0000] {logging_mixin.py:120} INFO - [2024-08-01T10:18:16.847+0000] {dagbag.py:537} INFO - Filling up the DagBag from /home/airflow/.local/lib/python3.7/site-packages/airflow/example_dags/example_bash_operator.py
[2024-08-01T10:18:16.879+0000] {processor.py:766} INFO - DAG(s) dict_keys(['example_bash_operator']) retrieved from /home/airflow/.local/lib/python3.7/site-packages/airflow/example_dags/example_bash_operator.py
[2024-08-01T10:18:16.942+0000] {logging_mixin.py:120} INFO - [2024-08-01T10:18:16.941+0000] {dag.py:2585} INFO - Sync 1 DAGs
[2024-08-01T10:18:16.978+0000] {logging_mixin.py:120} INFO - [2024-08-01T10:18:16.978+0000] {dag.py:3340} INFO - Setting next_dagrun for example_bash_operator to 2024-07-31T00:00:00+00:00, run_after=2024-08-01T00:00:00+00:00
[2024-08-01T10:18:17.011+0000] {processor.py:176} INFO - Processing /home/airflow/.local/lib/python3.7/site-packages/airflow/example_dags/example_bash_operator.py took 0.172 seconds
[2024-08-01T10:18:47.331+0000] {processor.py:154} INFO - Started process (PID=9742) to work on /home/airflow/.local/lib/python3.7/site-packages/airflow/example_dags/example_bash_operator.py
[2024-08-01T10:18:47.333+0000] {processor.py:756} INFO - Processing file /home/airflow/.local/lib/python3.7/site-packages/airflow/example_dags/example_bash_operator.py for tasks to queue
[2024-08-01T10:18:47.336+0000] {logging_mixin.py:120} INFO - [2024-08-01T10:18:47.335+0000] {dagbag.py:537} INFO - Filling up the DagBag from /home/airflow/.local/lib/python3.7/site-packages/airflow/example_dags/example_bash_operator.py
[2024-08-01T10:18:47.389+0000] {processor.py:766} INFO - DAG(s) dict_keys(['example_bash_operator']) retrieved from /home/airflow/.local/lib/python3.7/site-packages/airflow/example_dags/example_bash_operator.py
[2024-08-01T10:18:47.495+0000] {logging_mixin.py:120} INFO - [2024-08-01T10:18:47.495+0000] {dag.py:2585} INFO - Sync 1 DAGs
[2024-08-01T10:18:47.545+0000] {logging_mixin.py:120} INFO - [2024-08-01T10:18:47.544+0000] {dag.py:3340} INFO - Setting next_dagrun for example_bash_operator to 2024-07-31T00:00:00+00:00, run_after=2024-08-01T00:00:00+00:00
[2024-08-01T10:18:47.593+0000] {processor.py:176} INFO - Processing /home/airflow/.local/lib/python3.7/site-packages/airflow/example_dags/example_bash_operator.py took 0.267 seconds
[2024-08-01T10:19:17.803+0000] {processor.py:154} INFO - Started process (PID=9806) to work on /home/airflow/.local/lib/python3.7/site-packages/airflow/example_dags/example_bash_operator.py
[2024-08-01T10:19:17.804+0000] {processor.py:756} INFO - Processing file /home/airflow/.local/lib/python3.7/site-packages/airflow/example_dags/example_bash_operator.py for tasks to queue
[2024-08-01T10:19:17.805+0000] {logging_mixin.py:120} INFO - [2024-08-01T10:19:17.805+0000] {dagbag.py:537} INFO - Filling up the DagBag from /home/airflow/.local/lib/python3.7/site-packages/airflow/example_dags/example_bash_operator.py
[2024-08-01T10:19:17.827+0000] {processor.py:766} INFO - DAG(s) dict_keys(['example_bash_operator']) retrieved from /home/airflow/.local/lib/python3.7/site-packages/airflow/example_dags/example_bash_operator.py
[2024-08-01T10:19:17.870+0000] {logging_mixin.py:120} INFO - [2024-08-01T10:19:17.870+0000] {dag.py:2585} INFO - Sync 1 DAGs
[2024-08-01T10:19:17.891+0000] {logging_mixin.py:120} INFO - [2024-08-01T10:19:17.891+0000] {dag.py:3340} INFO - Setting next_dagrun for example_bash_operator to 2024-07-31T00:00:00+00:00, run_after=2024-08-01T00:00:00+00:00
[2024-08-01T10:19:17.910+0000] {processor.py:176} INFO - Processing /home/airflow/.local/lib/python3.7/site-packages/airflow/example_dags/example_bash_operator.py took 0.110 seconds
[2024-08-01T10:19:48.361+0000] {processor.py:154} INFO - Started process (PID=9861) to work on /home/airflow/.local/lib/python3.7/site-packages/airflow/example_dags/example_bash_operator.py
[2024-08-01T10:19:48.362+0000] {processor.py:756} INFO - Processing file /home/airflow/.local/lib/python3.7/site-packages/airflow/example_dags/example_bash_operator.py for tasks to queue
[2024-08-01T10:19:48.364+0000] {logging_mixin.py:120} INFO - [2024-08-01T10:19:48.363+0000] {dagbag.py:537} INFO - Filling up the DagBag from /home/airflow/.local/lib/python3.7/site-packages/airflow/example_dags/example_bash_operator.py
[2024-08-01T10:19:48.382+0000] {processor.py:766} INFO - DAG(s) dict_keys(['example_bash_operator']) retrieved from /home/airflow/.local/lib/python3.7/site-packages/airflow/example_dags/example_bash_operator.py
[2024-08-01T10:19:48.426+0000] {logging_mixin.py:120} INFO - [2024-08-01T10:19:48.426+0000] {dag.py:2585} INFO - Sync 1 DAGs
[2024-08-01T10:19:48.450+0000] {logging_mixin.py:120} INFO - [2024-08-01T10:19:48.449+0000] {dag.py:3340} INFO - Setting next_dagrun for example_bash_operator to 2024-07-31T00:00:00+00:00, run_after=2024-08-01T00:00:00+00:00
[2024-08-01T10:19:48.476+0000] {processor.py:176} INFO - Processing /home/airflow/.local/lib/python3.7/site-packages/airflow/example_dags/example_bash_operator.py took 0.117 seconds
[2024-08-01T10:20:20.161+0000] {processor.py:154} INFO - Started process (PID=9925) to work on /home/airflow/.local/lib/python3.7/site-packages/airflow/example_dags/example_bash_operator.py
[2024-08-01T10:20:20.162+0000] {processor.py:756} INFO - Processing file /home/airflow/.local/lib/python3.7/site-packages/airflow/example_dags/example_bash_operator.py for tasks to queue
[2024-08-01T10:20:20.165+0000] {logging_mixin.py:120} INFO - [2024-08-01T10:20:20.164+0000] {dagbag.py:537} INFO - Filling up the DagBag from /home/airflow/.local/lib/python3.7/site-packages/airflow/example_dags/example_bash_operator.py
[2024-08-01T10:20:20.191+0000] {processor.py:766} INFO - DAG(s) dict_keys(['example_bash_operator']) retrieved from /home/airflow/.local/lib/python3.7/site-packages/airflow/example_dags/example_bash_operator.py
[2024-08-01T10:20:20.244+0000] {logging_mixin.py:120} INFO - [2024-08-01T10:20:20.243+0000] {dag.py:2585} INFO - Sync 1 DAGs
[2024-08-01T10:20:20.286+0000] {logging_mixin.py:120} INFO - [2024-08-01T10:20:20.286+0000] {dag.py:3340} INFO - Setting next_dagrun for example_bash_operator to 2024-07-31T00:00:00+00:00, run_after=2024-08-01T00:00:00+00:00
[2024-08-01T10:20:20.321+0000] {processor.py:176} INFO - Processing /home/airflow/.local/lib/python3.7/site-packages/airflow/example_dags/example_bash_operator.py took 0.164 seconds
[2024-08-01T10:22:13.035+0000] {processor.py:154} INFO - Started process (PID=55) to work on /home/airflow/.local/lib/python3.7/site-packages/airflow/example_dags/example_bash_operator.py
[2024-08-01T10:22:13.037+0000] {processor.py:756} INFO - Processing file /home/airflow/.local/lib/python3.7/site-packages/airflow/example_dags/example_bash_operator.py for tasks to queue
[2024-08-01T10:22:13.040+0000] {logging_mixin.py:120} INFO - [2024-08-01T10:22:13.040+0000] {dagbag.py:537} INFO - Filling up the DagBag from /home/airflow/.local/lib/python3.7/site-packages/airflow/example_dags/example_bash_operator.py
[2024-08-01T10:22:13.089+0000] {processor.py:766} INFO - DAG(s) dict_keys(['example_bash_operator']) retrieved from /home/airflow/.local/lib/python3.7/site-packages/airflow/example_dags/example_bash_operator.py
[2024-08-01T10:22:13.190+0000] {logging_mixin.py:120} INFO - [2024-08-01T10:22:13.190+0000] {dag.py:2585} INFO - Sync 1 DAGs
[2024-08-01T10:22:13.242+0000] {logging_mixin.py:120} INFO - [2024-08-01T10:22:13.241+0000] {dag.py:3340} INFO - Setting next_dagrun for example_bash_operator to 2024-07-31T00:00:00+00:00, run_after=2024-08-01T00:00:00+00:00
[2024-08-01T10:22:13.294+0000] {processor.py:176} INFO - Processing /home/airflow/.local/lib/python3.7/site-packages/airflow/example_dags/example_bash_operator.py took 0.266 seconds
[2024-08-01T10:22:43.698+0000] {processor.py:154} INFO - Started process (PID=119) to work on /home/airflow/.local/lib/python3.7/site-packages/airflow/example_dags/example_bash_operator.py
[2024-08-01T10:22:43.700+0000] {processor.py:756} INFO - Processing file /home/airflow/.local/lib/python3.7/site-packages/airflow/example_dags/example_bash_operator.py for tasks to queue
[2024-08-01T10:22:43.701+0000] {logging_mixin.py:120} INFO - [2024-08-01T10:22:43.701+0000] {dagbag.py:537} INFO - Filling up the DagBag from /home/airflow/.local/lib/python3.7/site-packages/airflow/example_dags/example_bash_operator.py
[2024-08-01T10:22:43.730+0000] {processor.py:766} INFO - DAG(s) dict_keys(['example_bash_operator']) retrieved from /home/airflow/.local/lib/python3.7/site-packages/airflow/example_dags/example_bash_operator.py
[2024-08-01T10:22:43.788+0000] {logging_mixin.py:120} INFO - [2024-08-01T10:22:43.788+0000] {dag.py:2585} INFO - Sync 1 DAGs
[2024-08-01T10:22:43.824+0000] {logging_mixin.py:120} INFO - [2024-08-01T10:22:43.824+0000] {dag.py:3340} INFO - Setting next_dagrun for example_bash_operator to 2024-07-31T00:00:00+00:00, run_after=2024-08-01T00:00:00+00:00
[2024-08-01T10:22:43.855+0000] {processor.py:176} INFO - Processing /home/airflow/.local/lib/python3.7/site-packages/airflow/example_dags/example_bash_operator.py took 0.160 seconds
[2024-08-01T10:23:14.118+0000] {processor.py:154} INFO - Started process (PID=175) to work on /home/airflow/.local/lib/python3.7/site-packages/airflow/example_dags/example_bash_operator.py
[2024-08-01T10:23:14.119+0000] {processor.py:756} INFO - Processing file /home/airflow/.local/lib/python3.7/site-packages/airflow/example_dags/example_bash_operator.py for tasks to queue
[2024-08-01T10:23:14.120+0000] {logging_mixin.py:120} INFO - [2024-08-01T10:23:14.120+0000] {dagbag.py:537} INFO - Filling up the DagBag from /home/airflow/.local/lib/python3.7/site-packages/airflow/example_dags/example_bash_operator.py
[2024-08-01T10:23:14.139+0000] {processor.py:766} INFO - DAG(s) dict_keys(['example_bash_operator']) retrieved from /home/airflow/.local/lib/python3.7/site-packages/airflow/example_dags/example_bash_operator.py
[2024-08-01T10:23:14.189+0000] {logging_mixin.py:120} INFO - [2024-08-01T10:23:14.189+0000] {dag.py:2585} INFO - Sync 1 DAGs
[2024-08-01T10:23:14.213+0000] {logging_mixin.py:120} INFO - [2024-08-01T10:23:14.213+0000] {dag.py:3340} INFO - Setting next_dagrun for example_bash_operator to 2024-07-31T00:00:00+00:00, run_after=2024-08-01T00:00:00+00:00
[2024-08-01T10:23:14.236+0000] {processor.py:176} INFO - Processing /home/airflow/.local/lib/python3.7/site-packages/airflow/example_dags/example_bash_operator.py took 0.121 seconds
