[2024-08-01T08:57:41.936+0000] {processor.py:154} INFO - Started process (PID=78) to work on /home/airflow/.local/lib/python3.7/site-packages/airflow/example_dags/example_task_group_decorator.py
[2024-08-01T08:57:41.938+0000] {processor.py:756} INFO - Processing file /home/airflow/.local/lib/python3.7/site-packages/airflow/example_dags/example_task_group_decorator.py for tasks to queue
[2024-08-01T08:57:41.941+0000] {logging_mixin.py:120} INFO - [2024-08-01T08:57:41.940+0000] {dagbag.py:537} INFO - Filling up the DagBag from /home/airflow/.local/lib/python3.7/site-packages/airflow/example_dags/example_task_group_decorator.py
[2024-08-01T08:57:42.020+0000] {processor.py:766} INFO - DAG(s) dict_keys(['example_task_group_decorator']) retrieved from /home/airflow/.local/lib/python3.7/site-packages/airflow/example_dags/example_task_group_decorator.py
[2024-08-01T08:57:42.126+0000] {logging_mixin.py:120} INFO - [2024-08-01T08:57:42.126+0000] {dag.py:2585} INFO - Sync 1 DAGs
[2024-08-01T08:57:42.240+0000] {logging_mixin.py:120} INFO - [2024-08-01T08:57:42.240+0000] {dag.py:3340} INFO - Setting next_dagrun for example_task_group_decorator to 2024-07-31T08:57:42.238553+00:00, run_after=2024-08-01T08:57:42.238553+00:00
[2024-08-01T08:57:42.299+0000] {processor.py:176} INFO - Processing /home/airflow/.local/lib/python3.7/site-packages/airflow/example_dags/example_task_group_decorator.py took 0.371 seconds
[2024-08-01T08:58:19.978+0000] {processor.py:154} INFO - Started process (PID=150) to work on /home/airflow/.local/lib/python3.7/site-packages/airflow/example_dags/example_task_group_decorator.py
[2024-08-01T08:58:20.097+0000] {processor.py:756} INFO - Processing file /home/airflow/.local/lib/python3.7/site-packages/airflow/example_dags/example_task_group_decorator.py for tasks to queue
[2024-08-01T08:58:20.102+0000] {logging_mixin.py:120} INFO - [2024-08-01T08:58:20.101+0000] {dagbag.py:537} INFO - Filling up the DagBag from /home/airflow/.local/lib/python3.7/site-packages/airflow/example_dags/example_task_group_decorator.py
[2024-08-01T08:58:20.145+0000] {processor.py:766} INFO - DAG(s) dict_keys(['example_task_group_decorator']) retrieved from /home/airflow/.local/lib/python3.7/site-packages/airflow/example_dags/example_task_group_decorator.py
[2024-08-01T08:58:20.257+0000] {logging_mixin.py:120} INFO - [2024-08-01T08:58:20.257+0000] {dag.py:2585} INFO - Sync 1 DAGs
[2024-08-01T08:58:20.308+0000] {logging_mixin.py:120} INFO - [2024-08-01T08:58:20.308+0000] {dag.py:3340} INFO - Setting next_dagrun for example_task_group_decorator to 2024-07-31T08:58:20.308529+00:00, run_after=2024-08-01T08:58:20.308529+00:00
[2024-08-01T08:58:20.380+0000] {processor.py:176} INFO - Processing /home/airflow/.local/lib/python3.7/site-packages/airflow/example_dags/example_task_group_decorator.py took 0.410 seconds
[2024-08-01T08:58:51.773+0000] {processor.py:154} INFO - Started process (PID=205) to work on /home/airflow/.local/lib/python3.7/site-packages/airflow/example_dags/example_task_group_decorator.py
[2024-08-01T08:58:51.775+0000] {processor.py:756} INFO - Processing file /home/airflow/.local/lib/python3.7/site-packages/airflow/example_dags/example_task_group_decorator.py for tasks to queue
[2024-08-01T08:58:51.776+0000] {logging_mixin.py:120} INFO - [2024-08-01T08:58:51.776+0000] {dagbag.py:537} INFO - Filling up the DagBag from /home/airflow/.local/lib/python3.7/site-packages/airflow/example_dags/example_task_group_decorator.py
[2024-08-01T08:58:51.802+0000] {processor.py:766} INFO - DAG(s) dict_keys(['example_task_group_decorator']) retrieved from /home/airflow/.local/lib/python3.7/site-packages/airflow/example_dags/example_task_group_decorator.py
[2024-08-01T08:58:51.949+0000] {logging_mixin.py:120} INFO - [2024-08-01T08:58:51.949+0000] {dag.py:2585} INFO - Sync 1 DAGs
[2024-08-01T08:58:52.100+0000] {logging_mixin.py:120} INFO - [2024-08-01T08:58:52.100+0000] {dag.py:3340} INFO - Setting next_dagrun for example_task_group_decorator to 2024-07-31T08:58:52.100270+00:00, run_after=2024-08-01T08:58:52.100270+00:00
[2024-08-01T08:58:52.216+0000] {processor.py:176} INFO - Processing /home/airflow/.local/lib/python3.7/site-packages/airflow/example_dags/example_task_group_decorator.py took 0.445 seconds
[2024-08-01T08:59:23.529+0000] {processor.py:154} INFO - Started process (PID=268) to work on /home/airflow/.local/lib/python3.7/site-packages/airflow/example_dags/example_task_group_decorator.py
[2024-08-01T08:59:23.531+0000] {processor.py:756} INFO - Processing file /home/airflow/.local/lib/python3.7/site-packages/airflow/example_dags/example_task_group_decorator.py for tasks to queue
[2024-08-01T08:59:23.533+0000] {logging_mixin.py:120} INFO - [2024-08-01T08:59:23.533+0000] {dagbag.py:537} INFO - Filling up the DagBag from /home/airflow/.local/lib/python3.7/site-packages/airflow/example_dags/example_task_group_decorator.py
[2024-08-01T08:59:23.570+0000] {processor.py:766} INFO - DAG(s) dict_keys(['example_task_group_decorator']) retrieved from /home/airflow/.local/lib/python3.7/site-packages/airflow/example_dags/example_task_group_decorator.py
[2024-08-01T08:59:23.714+0000] {logging_mixin.py:120} INFO - [2024-08-01T08:59:23.714+0000] {dag.py:2585} INFO - Sync 1 DAGs
[2024-08-01T08:59:23.847+0000] {logging_mixin.py:120} INFO - [2024-08-01T08:59:23.847+0000] {dag.py:3340} INFO - Setting next_dagrun for example_task_group_decorator to 2024-07-31T08:59:23.846831+00:00, run_after=2024-08-01T08:59:23.846831+00:00
[2024-08-01T08:59:23.892+0000] {processor.py:176} INFO - Processing /home/airflow/.local/lib/python3.7/site-packages/airflow/example_dags/example_task_group_decorator.py took 0.366 seconds
[2024-08-01T08:59:54.306+0000] {processor.py:154} INFO - Started process (PID=331) to work on /home/airflow/.local/lib/python3.7/site-packages/airflow/example_dags/example_task_group_decorator.py
[2024-08-01T08:59:54.309+0000] {processor.py:756} INFO - Processing file /home/airflow/.local/lib/python3.7/site-packages/airflow/example_dags/example_task_group_decorator.py for tasks to queue
[2024-08-01T08:59:54.311+0000] {logging_mixin.py:120} INFO - [2024-08-01T08:59:54.310+0000] {dagbag.py:537} INFO - Filling up the DagBag from /home/airflow/.local/lib/python3.7/site-packages/airflow/example_dags/example_task_group_decorator.py
[2024-08-01T08:59:54.374+0000] {processor.py:766} INFO - DAG(s) dict_keys(['example_task_group_decorator']) retrieved from /home/airflow/.local/lib/python3.7/site-packages/airflow/example_dags/example_task_group_decorator.py
[2024-08-01T08:59:54.448+0000] {logging_mixin.py:120} INFO - [2024-08-01T08:59:54.448+0000] {dag.py:2585} INFO - Sync 1 DAGs
[2024-08-01T08:59:54.498+0000] {logging_mixin.py:120} INFO - [2024-08-01T08:59:54.497+0000] {dag.py:3340} INFO - Setting next_dagrun for example_task_group_decorator to 2024-07-31T08:59:54.497648+00:00, run_after=2024-08-01T08:59:54.497648+00:00
[2024-08-01T08:59:54.538+0000] {processor.py:176} INFO - Processing /home/airflow/.local/lib/python3.7/site-packages/airflow/example_dags/example_task_group_decorator.py took 0.237 seconds
[2024-08-01T09:00:24.615+0000] {processor.py:154} INFO - Started process (PID=385) to work on /home/airflow/.local/lib/python3.7/site-packages/airflow/example_dags/example_task_group_decorator.py
[2024-08-01T09:00:24.617+0000] {processor.py:756} INFO - Processing file /home/airflow/.local/lib/python3.7/site-packages/airflow/example_dags/example_task_group_decorator.py for tasks to queue
[2024-08-01T09:00:24.618+0000] {logging_mixin.py:120} INFO - [2024-08-01T09:00:24.618+0000] {dagbag.py:537} INFO - Filling up the DagBag from /home/airflow/.local/lib/python3.7/site-packages/airflow/example_dags/example_task_group_decorator.py
[2024-08-01T09:00:24.647+0000] {processor.py:766} INFO - DAG(s) dict_keys(['example_task_group_decorator']) retrieved from /home/airflow/.local/lib/python3.7/site-packages/airflow/example_dags/example_task_group_decorator.py
[2024-08-01T09:00:24.690+0000] {logging_mixin.py:120} INFO - [2024-08-01T09:00:24.690+0000] {dag.py:2585} INFO - Sync 1 DAGs
[2024-08-01T09:00:24.718+0000] {logging_mixin.py:120} INFO - [2024-08-01T09:00:24.717+0000] {dag.py:3340} INFO - Setting next_dagrun for example_task_group_decorator to 2024-07-31T09:00:24.717668+00:00, run_after=2024-08-01T09:00:24.717668+00:00
[2024-08-01T09:00:24.746+0000] {processor.py:176} INFO - Processing /home/airflow/.local/lib/python3.7/site-packages/airflow/example_dags/example_task_group_decorator.py took 0.134 seconds
[2024-08-01T09:00:57.252+0000] {processor.py:154} INFO - Started process (PID=448) to work on /home/airflow/.local/lib/python3.7/site-packages/airflow/example_dags/example_task_group_decorator.py
[2024-08-01T09:00:57.254+0000] {processor.py:756} INFO - Processing file /home/airflow/.local/lib/python3.7/site-packages/airflow/example_dags/example_task_group_decorator.py for tasks to queue
[2024-08-01T09:00:57.256+0000] {logging_mixin.py:120} INFO - [2024-08-01T09:00:57.256+0000] {dagbag.py:537} INFO - Filling up the DagBag from /home/airflow/.local/lib/python3.7/site-packages/airflow/example_dags/example_task_group_decorator.py
[2024-08-01T09:00:57.296+0000] {processor.py:766} INFO - DAG(s) dict_keys(['example_task_group_decorator']) retrieved from /home/airflow/.local/lib/python3.7/site-packages/airflow/example_dags/example_task_group_decorator.py
[2024-08-01T09:00:57.357+0000] {logging_mixin.py:120} INFO - [2024-08-01T09:00:57.357+0000] {dag.py:2585} INFO - Sync 1 DAGs
[2024-08-01T09:00:57.429+0000] {logging_mixin.py:120} INFO - [2024-08-01T09:00:57.429+0000] {dag.py:3340} INFO - Setting next_dagrun for example_task_group_decorator to 2024-07-31T09:00:57.429338+00:00, run_after=2024-08-01T09:00:57.429338+00:00
[2024-08-01T09:00:57.488+0000] {processor.py:176} INFO - Processing /home/airflow/.local/lib/python3.7/site-packages/airflow/example_dags/example_task_group_decorator.py took 0.241 seconds
[2024-08-01T09:01:29.010+0000] {processor.py:154} INFO - Started process (PID=511) to work on /home/airflow/.local/lib/python3.7/site-packages/airflow/example_dags/example_task_group_decorator.py
[2024-08-01T09:01:29.029+0000] {processor.py:756} INFO - Processing file /home/airflow/.local/lib/python3.7/site-packages/airflow/example_dags/example_task_group_decorator.py for tasks to queue
[2024-08-01T09:01:29.047+0000] {logging_mixin.py:120} INFO - [2024-08-01T09:01:29.046+0000] {dagbag.py:537} INFO - Filling up the DagBag from /home/airflow/.local/lib/python3.7/site-packages/airflow/example_dags/example_task_group_decorator.py
[2024-08-01T09:01:29.081+0000] {processor.py:766} INFO - DAG(s) dict_keys(['example_task_group_decorator']) retrieved from /home/airflow/.local/lib/python3.7/site-packages/airflow/example_dags/example_task_group_decorator.py
[2024-08-01T09:01:29.149+0000] {logging_mixin.py:120} INFO - [2024-08-01T09:01:29.148+0000] {dag.py:2585} INFO - Sync 1 DAGs
[2024-08-01T09:01:29.309+0000] {logging_mixin.py:120} INFO - [2024-08-01T09:01:29.308+0000] {dag.py:3340} INFO - Setting next_dagrun for example_task_group_decorator to 2024-07-31T09:01:29.308753+00:00, run_after=2024-08-01T09:01:29.308753+00:00
[2024-08-01T09:01:29.335+0000] {processor.py:176} INFO - Processing /home/airflow/.local/lib/python3.7/site-packages/airflow/example_dags/example_task_group_decorator.py took 0.328 seconds
[2024-08-01T09:02:00.840+0000] {processor.py:154} INFO - Started process (PID=565) to work on /home/airflow/.local/lib/python3.7/site-packages/airflow/example_dags/example_task_group_decorator.py
[2024-08-01T09:02:01.040+0000] {processor.py:756} INFO - Processing file /home/airflow/.local/lib/python3.7/site-packages/airflow/example_dags/example_task_group_decorator.py for tasks to queue
[2024-08-01T09:02:01.068+0000] {logging_mixin.py:120} INFO - [2024-08-01T09:02:01.068+0000] {dagbag.py:537} INFO - Filling up the DagBag from /home/airflow/.local/lib/python3.7/site-packages/airflow/example_dags/example_task_group_decorator.py
[2024-08-01T09:02:01.126+0000] {processor.py:766} INFO - DAG(s) dict_keys(['example_task_group_decorator']) retrieved from /home/airflow/.local/lib/python3.7/site-packages/airflow/example_dags/example_task_group_decorator.py
[2024-08-01T09:02:01.198+0000] {logging_mixin.py:120} INFO - [2024-08-01T09:02:01.198+0000] {dag.py:2585} INFO - Sync 1 DAGs
[2024-08-01T09:02:01.316+0000] {logging_mixin.py:120} INFO - [2024-08-01T09:02:01.316+0000] {dag.py:3340} INFO - Setting next_dagrun for example_task_group_decorator to 2024-07-31T09:02:01.316249+00:00, run_after=2024-08-01T09:02:01.316249+00:00
[2024-08-01T09:02:01.341+0000] {processor.py:176} INFO - Processing /home/airflow/.local/lib/python3.7/site-packages/airflow/example_dags/example_task_group_decorator.py took 0.504 seconds
[2024-08-01T09:02:32.232+0000] {processor.py:154} INFO - Started process (PID=628) to work on /home/airflow/.local/lib/python3.7/site-packages/airflow/example_dags/example_task_group_decorator.py
[2024-08-01T09:02:32.233+0000] {processor.py:756} INFO - Processing file /home/airflow/.local/lib/python3.7/site-packages/airflow/example_dags/example_task_group_decorator.py for tasks to queue
[2024-08-01T09:02:32.234+0000] {logging_mixin.py:120} INFO - [2024-08-01T09:02:32.234+0000] {dagbag.py:537} INFO - Filling up the DagBag from /home/airflow/.local/lib/python3.7/site-packages/airflow/example_dags/example_task_group_decorator.py
[2024-08-01T09:02:32.295+0000] {processor.py:766} INFO - DAG(s) dict_keys(['example_task_group_decorator']) retrieved from /home/airflow/.local/lib/python3.7/site-packages/airflow/example_dags/example_task_group_decorator.py
[2024-08-01T09:02:32.408+0000] {logging_mixin.py:120} INFO - [2024-08-01T09:02:32.407+0000] {dag.py:2585} INFO - Sync 1 DAGs
[2024-08-01T09:02:32.451+0000] {logging_mixin.py:120} INFO - [2024-08-01T09:02:32.451+0000] {dag.py:3340} INFO - Setting next_dagrun for example_task_group_decorator to 2024-07-31T09:02:32.450801+00:00, run_after=2024-08-01T09:02:32.450801+00:00
[2024-08-01T09:02:32.503+0000] {processor.py:176} INFO - Processing /home/airflow/.local/lib/python3.7/site-packages/airflow/example_dags/example_task_group_decorator.py took 0.278 seconds
[2024-08-01T09:03:02.963+0000] {processor.py:154} INFO - Started process (PID=682) to work on /home/airflow/.local/lib/python3.7/site-packages/airflow/example_dags/example_task_group_decorator.py
[2024-08-01T09:03:03.005+0000] {processor.py:756} INFO - Processing file /home/airflow/.local/lib/python3.7/site-packages/airflow/example_dags/example_task_group_decorator.py for tasks to queue
[2024-08-01T09:03:03.057+0000] {logging_mixin.py:120} INFO - [2024-08-01T09:03:03.057+0000] {dagbag.py:537} INFO - Filling up the DagBag from /home/airflow/.local/lib/python3.7/site-packages/airflow/example_dags/example_task_group_decorator.py
[2024-08-01T09:03:03.154+0000] {processor.py:766} INFO - DAG(s) dict_keys(['example_task_group_decorator']) retrieved from /home/airflow/.local/lib/python3.7/site-packages/airflow/example_dags/example_task_group_decorator.py
[2024-08-01T09:03:03.209+0000] {logging_mixin.py:120} INFO - [2024-08-01T09:03:03.209+0000] {dag.py:2585} INFO - Sync 1 DAGs
[2024-08-01T09:03:03.283+0000] {logging_mixin.py:120} INFO - [2024-08-01T09:03:03.283+0000] {dag.py:3340} INFO - Setting next_dagrun for example_task_group_decorator to 2024-07-31T09:03:03.282840+00:00, run_after=2024-08-01T09:03:03.282840+00:00
[2024-08-01T09:03:03.367+0000] {processor.py:176} INFO - Processing /home/airflow/.local/lib/python3.7/site-packages/airflow/example_dags/example_task_group_decorator.py took 0.408 seconds
[2024-08-01T09:03:33.493+0000] {processor.py:154} INFO - Started process (PID=745) to work on /home/airflow/.local/lib/python3.7/site-packages/airflow/example_dags/example_task_group_decorator.py
[2024-08-01T09:03:33.494+0000] {processor.py:756} INFO - Processing file /home/airflow/.local/lib/python3.7/site-packages/airflow/example_dags/example_task_group_decorator.py for tasks to queue
[2024-08-01T09:03:33.495+0000] {logging_mixin.py:120} INFO - [2024-08-01T09:03:33.495+0000] {dagbag.py:537} INFO - Filling up the DagBag from /home/airflow/.local/lib/python3.7/site-packages/airflow/example_dags/example_task_group_decorator.py
[2024-08-01T09:03:33.525+0000] {processor.py:766} INFO - DAG(s) dict_keys(['example_task_group_decorator']) retrieved from /home/airflow/.local/lib/python3.7/site-packages/airflow/example_dags/example_task_group_decorator.py
[2024-08-01T09:03:33.566+0000] {logging_mixin.py:120} INFO - [2024-08-01T09:03:33.565+0000] {dag.py:2585} INFO - Sync 1 DAGs
[2024-08-01T09:03:33.590+0000] {logging_mixin.py:120} INFO - [2024-08-01T09:03:33.590+0000] {dag.py:3340} INFO - Setting next_dagrun for example_task_group_decorator to 2024-07-31T09:03:33.590183+00:00, run_after=2024-08-01T09:03:33.590183+00:00
[2024-08-01T09:03:33.616+0000] {processor.py:176} INFO - Processing /home/airflow/.local/lib/python3.7/site-packages/airflow/example_dags/example_task_group_decorator.py took 0.126 seconds
[2024-08-01T09:04:04.074+0000] {processor.py:154} INFO - Started process (PID=808) to work on /home/airflow/.local/lib/python3.7/site-packages/airflow/example_dags/example_task_group_decorator.py
[2024-08-01T09:04:04.076+0000] {processor.py:756} INFO - Processing file /home/airflow/.local/lib/python3.7/site-packages/airflow/example_dags/example_task_group_decorator.py for tasks to queue
[2024-08-01T09:04:04.077+0000] {logging_mixin.py:120} INFO - [2024-08-01T09:04:04.076+0000] {dagbag.py:537} INFO - Filling up the DagBag from /home/airflow/.local/lib/python3.7/site-packages/airflow/example_dags/example_task_group_decorator.py
[2024-08-01T09:04:04.113+0000] {processor.py:766} INFO - DAG(s) dict_keys(['example_task_group_decorator']) retrieved from /home/airflow/.local/lib/python3.7/site-packages/airflow/example_dags/example_task_group_decorator.py
[2024-08-01T09:04:04.210+0000] {logging_mixin.py:120} INFO - [2024-08-01T09:04:04.210+0000] {dag.py:2585} INFO - Sync 1 DAGs
[2024-08-01T09:04:04.254+0000] {logging_mixin.py:120} INFO - [2024-08-01T09:04:04.254+0000] {dag.py:3340} INFO - Setting next_dagrun for example_task_group_decorator to 2024-07-31T09:04:04.253835+00:00, run_after=2024-08-01T09:04:04.253835+00:00
[2024-08-01T09:04:04.294+0000] {processor.py:176} INFO - Processing /home/airflow/.local/lib/python3.7/site-packages/airflow/example_dags/example_task_group_decorator.py took 0.224 seconds
[2024-08-01T09:04:35.193+0000] {processor.py:154} INFO - Started process (PID=862) to work on /home/airflow/.local/lib/python3.7/site-packages/airflow/example_dags/example_task_group_decorator.py
[2024-08-01T09:04:35.195+0000] {processor.py:756} INFO - Processing file /home/airflow/.local/lib/python3.7/site-packages/airflow/example_dags/example_task_group_decorator.py for tasks to queue
[2024-08-01T09:04:35.197+0000] {logging_mixin.py:120} INFO - [2024-08-01T09:04:35.197+0000] {dagbag.py:537} INFO - Filling up the DagBag from /home/airflow/.local/lib/python3.7/site-packages/airflow/example_dags/example_task_group_decorator.py
[2024-08-01T09:04:35.240+0000] {processor.py:766} INFO - DAG(s) dict_keys(['example_task_group_decorator']) retrieved from /home/airflow/.local/lib/python3.7/site-packages/airflow/example_dags/example_task_group_decorator.py
[2024-08-01T09:04:35.286+0000] {logging_mixin.py:120} INFO - [2024-08-01T09:04:35.285+0000] {dag.py:2585} INFO - Sync 1 DAGs
[2024-08-01T09:04:35.418+0000] {logging_mixin.py:120} INFO - [2024-08-01T09:04:35.418+0000] {dag.py:3340} INFO - Setting next_dagrun for example_task_group_decorator to 2024-07-31T09:04:35.417811+00:00, run_after=2024-08-01T09:04:35.417811+00:00
[2024-08-01T09:04:35.589+0000] {processor.py:176} INFO - Processing /home/airflow/.local/lib/python3.7/site-packages/airflow/example_dags/example_task_group_decorator.py took 0.400 seconds
[2024-08-01T09:05:05.949+0000] {processor.py:154} INFO - Started process (PID=927) to work on /home/airflow/.local/lib/python3.7/site-packages/airflow/example_dags/example_task_group_decorator.py
[2024-08-01T09:05:05.950+0000] {processor.py:756} INFO - Processing file /home/airflow/.local/lib/python3.7/site-packages/airflow/example_dags/example_task_group_decorator.py for tasks to queue
[2024-08-01T09:05:05.951+0000] {logging_mixin.py:120} INFO - [2024-08-01T09:05:05.951+0000] {dagbag.py:537} INFO - Filling up the DagBag from /home/airflow/.local/lib/python3.7/site-packages/airflow/example_dags/example_task_group_decorator.py
[2024-08-01T09:05:05.978+0000] {processor.py:766} INFO - DAG(s) dict_keys(['example_task_group_decorator']) retrieved from /home/airflow/.local/lib/python3.7/site-packages/airflow/example_dags/example_task_group_decorator.py
[2024-08-01T09:05:06.040+0000] {logging_mixin.py:120} INFO - [2024-08-01T09:05:06.040+0000] {dag.py:2585} INFO - Sync 1 DAGs
[2024-08-01T09:05:06.076+0000] {logging_mixin.py:120} INFO - [2024-08-01T09:05:06.076+0000] {dag.py:3340} INFO - Setting next_dagrun for example_task_group_decorator to 2024-07-31T09:05:06.075861+00:00, run_after=2024-08-01T09:05:06.075861+00:00
[2024-08-01T09:05:06.096+0000] {processor.py:176} INFO - Processing /home/airflow/.local/lib/python3.7/site-packages/airflow/example_dags/example_task_group_decorator.py took 0.150 seconds
[2024-08-01T09:05:36.474+0000] {processor.py:154} INFO - Started process (PID=990) to work on /home/airflow/.local/lib/python3.7/site-packages/airflow/example_dags/example_task_group_decorator.py
[2024-08-01T09:05:36.475+0000] {processor.py:756} INFO - Processing file /home/airflow/.local/lib/python3.7/site-packages/airflow/example_dags/example_task_group_decorator.py for tasks to queue
[2024-08-01T09:05:36.476+0000] {logging_mixin.py:120} INFO - [2024-08-01T09:05:36.476+0000] {dagbag.py:537} INFO - Filling up the DagBag from /home/airflow/.local/lib/python3.7/site-packages/airflow/example_dags/example_task_group_decorator.py
[2024-08-01T09:05:36.505+0000] {processor.py:766} INFO - DAG(s) dict_keys(['example_task_group_decorator']) retrieved from /home/airflow/.local/lib/python3.7/site-packages/airflow/example_dags/example_task_group_decorator.py
[2024-08-01T09:05:36.548+0000] {logging_mixin.py:120} INFO - [2024-08-01T09:05:36.548+0000] {dag.py:2585} INFO - Sync 1 DAGs
[2024-08-01T09:05:36.582+0000] {logging_mixin.py:120} INFO - [2024-08-01T09:05:36.582+0000] {dag.py:3340} INFO - Setting next_dagrun for example_task_group_decorator to 2024-07-31T09:05:36.581490+00:00, run_after=2024-08-01T09:05:36.581490+00:00
[2024-08-01T09:05:36.606+0000] {processor.py:176} INFO - Processing /home/airflow/.local/lib/python3.7/site-packages/airflow/example_dags/example_task_group_decorator.py took 0.135 seconds
[2024-08-01T09:06:06.750+0000] {processor.py:154} INFO - Started process (PID=1045) to work on /home/airflow/.local/lib/python3.7/site-packages/airflow/example_dags/example_task_group_decorator.py
[2024-08-01T09:06:06.821+0000] {processor.py:756} INFO - Processing file /home/airflow/.local/lib/python3.7/site-packages/airflow/example_dags/example_task_group_decorator.py for tasks to queue
[2024-08-01T09:06:06.841+0000] {logging_mixin.py:120} INFO - [2024-08-01T09:06:06.840+0000] {dagbag.py:537} INFO - Filling up the DagBag from /home/airflow/.local/lib/python3.7/site-packages/airflow/example_dags/example_task_group_decorator.py
[2024-08-01T09:06:06.893+0000] {processor.py:766} INFO - DAG(s) dict_keys(['example_task_group_decorator']) retrieved from /home/airflow/.local/lib/python3.7/site-packages/airflow/example_dags/example_task_group_decorator.py
[2024-08-01T09:06:06.936+0000] {logging_mixin.py:120} INFO - [2024-08-01T09:06:06.936+0000] {dag.py:2585} INFO - Sync 1 DAGs
[2024-08-01T09:06:06.961+0000] {logging_mixin.py:120} INFO - [2024-08-01T09:06:06.961+0000] {dag.py:3340} INFO - Setting next_dagrun for example_task_group_decorator to 2024-07-31T09:06:06.961070+00:00, run_after=2024-08-01T09:06:06.961070+00:00
[2024-08-01T09:06:07.005+0000] {processor.py:176} INFO - Processing /home/airflow/.local/lib/python3.7/site-packages/airflow/example_dags/example_task_group_decorator.py took 0.259 seconds
[2024-08-01T09:06:38.023+0000] {processor.py:154} INFO - Started process (PID=1108) to work on /home/airflow/.local/lib/python3.7/site-packages/airflow/example_dags/example_task_group_decorator.py
[2024-08-01T09:06:38.024+0000] {processor.py:756} INFO - Processing file /home/airflow/.local/lib/python3.7/site-packages/airflow/example_dags/example_task_group_decorator.py for tasks to queue
[2024-08-01T09:06:38.026+0000] {logging_mixin.py:120} INFO - [2024-08-01T09:06:38.026+0000] {dagbag.py:537} INFO - Filling up the DagBag from /home/airflow/.local/lib/python3.7/site-packages/airflow/example_dags/example_task_group_decorator.py
[2024-08-01T09:06:38.072+0000] {processor.py:766} INFO - DAG(s) dict_keys(['example_task_group_decorator']) retrieved from /home/airflow/.local/lib/python3.7/site-packages/airflow/example_dags/example_task_group_decorator.py
[2024-08-01T09:06:38.194+0000] {logging_mixin.py:120} INFO - [2024-08-01T09:06:38.194+0000] {dag.py:2585} INFO - Sync 1 DAGs
[2024-08-01T09:06:38.293+0000] {logging_mixin.py:120} INFO - [2024-08-01T09:06:38.292+0000] {dag.py:3340} INFO - Setting next_dagrun for example_task_group_decorator to 2024-07-31T09:06:38.292542+00:00, run_after=2024-08-01T09:06:38.292542+00:00
[2024-08-01T09:06:38.322+0000] {processor.py:176} INFO - Processing /home/airflow/.local/lib/python3.7/site-packages/airflow/example_dags/example_task_group_decorator.py took 0.303 seconds
[2024-08-01T09:07:09.641+0000] {processor.py:154} INFO - Started process (PID=1170) to work on /home/airflow/.local/lib/python3.7/site-packages/airflow/example_dags/example_task_group_decorator.py
[2024-08-01T09:07:09.715+0000] {processor.py:756} INFO - Processing file /home/airflow/.local/lib/python3.7/site-packages/airflow/example_dags/example_task_group_decorator.py for tasks to queue
[2024-08-01T09:07:09.716+0000] {logging_mixin.py:120} INFO - [2024-08-01T09:07:09.716+0000] {dagbag.py:537} INFO - Filling up the DagBag from /home/airflow/.local/lib/python3.7/site-packages/airflow/example_dags/example_task_group_decorator.py
[2024-08-01T09:07:09.875+0000] {processor.py:766} INFO - DAG(s) dict_keys(['example_task_group_decorator']) retrieved from /home/airflow/.local/lib/python3.7/site-packages/airflow/example_dags/example_task_group_decorator.py
[2024-08-01T09:07:10.055+0000] {logging_mixin.py:120} INFO - [2024-08-01T09:07:10.055+0000] {dag.py:2585} INFO - Sync 1 DAGs
[2024-08-01T09:07:10.154+0000] {logging_mixin.py:120} INFO - [2024-08-01T09:07:10.154+0000] {dag.py:3340} INFO - Setting next_dagrun for example_task_group_decorator to 2024-07-31T09:07:10.154033+00:00, run_after=2024-08-01T09:07:10.154033+00:00
[2024-08-01T09:07:10.219+0000] {processor.py:176} INFO - Processing /home/airflow/.local/lib/python3.7/site-packages/airflow/example_dags/example_task_group_decorator.py took 0.580 seconds
[2024-08-01T09:07:41.151+0000] {processor.py:154} INFO - Started process (PID=1224) to work on /home/airflow/.local/lib/python3.7/site-packages/airflow/example_dags/example_task_group_decorator.py
[2024-08-01T09:07:41.160+0000] {processor.py:756} INFO - Processing file /home/airflow/.local/lib/python3.7/site-packages/airflow/example_dags/example_task_group_decorator.py for tasks to queue
[2024-08-01T09:07:41.161+0000] {logging_mixin.py:120} INFO - [2024-08-01T09:07:41.161+0000] {dagbag.py:537} INFO - Filling up the DagBag from /home/airflow/.local/lib/python3.7/site-packages/airflow/example_dags/example_task_group_decorator.py
[2024-08-01T09:07:41.218+0000] {processor.py:766} INFO - DAG(s) dict_keys(['example_task_group_decorator']) retrieved from /home/airflow/.local/lib/python3.7/site-packages/airflow/example_dags/example_task_group_decorator.py
[2024-08-01T09:07:41.293+0000] {logging_mixin.py:120} INFO - [2024-08-01T09:07:41.293+0000] {dag.py:2585} INFO - Sync 1 DAGs
[2024-08-01T09:07:41.340+0000] {logging_mixin.py:120} INFO - [2024-08-01T09:07:41.340+0000] {dag.py:3340} INFO - Setting next_dagrun for example_task_group_decorator to 2024-07-31T09:07:41.339811+00:00, run_after=2024-08-01T09:07:41.339811+00:00
[2024-08-01T09:07:41.372+0000] {processor.py:176} INFO - Processing /home/airflow/.local/lib/python3.7/site-packages/airflow/example_dags/example_task_group_decorator.py took 0.227 seconds
[2024-08-01T09:08:11.496+0000] {processor.py:154} INFO - Started process (PID=1288) to work on /home/airflow/.local/lib/python3.7/site-packages/airflow/example_dags/example_task_group_decorator.py
[2024-08-01T09:08:11.498+0000] {processor.py:756} INFO - Processing file /home/airflow/.local/lib/python3.7/site-packages/airflow/example_dags/example_task_group_decorator.py for tasks to queue
[2024-08-01T09:08:11.499+0000] {logging_mixin.py:120} INFO - [2024-08-01T09:08:11.499+0000] {dagbag.py:537} INFO - Filling up the DagBag from /home/airflow/.local/lib/python3.7/site-packages/airflow/example_dags/example_task_group_decorator.py
[2024-08-01T09:08:11.556+0000] {processor.py:766} INFO - DAG(s) dict_keys(['example_task_group_decorator']) retrieved from /home/airflow/.local/lib/python3.7/site-packages/airflow/example_dags/example_task_group_decorator.py
[2024-08-01T09:08:11.625+0000] {logging_mixin.py:120} INFO - [2024-08-01T09:08:11.624+0000] {dag.py:2585} INFO - Sync 1 DAGs
[2024-08-01T09:08:11.666+0000] {logging_mixin.py:120} INFO - [2024-08-01T09:08:11.666+0000] {dag.py:3340} INFO - Setting next_dagrun for example_task_group_decorator to 2024-07-31T09:08:11.665894+00:00, run_after=2024-08-01T09:08:11.665894+00:00
[2024-08-01T09:08:11.702+0000] {processor.py:176} INFO - Processing /home/airflow/.local/lib/python3.7/site-packages/airflow/example_dags/example_task_group_decorator.py took 0.210 seconds
[2024-08-01T09:08:42.378+0000] {processor.py:154} INFO - Started process (PID=1351) to work on /home/airflow/.local/lib/python3.7/site-packages/airflow/example_dags/example_task_group_decorator.py
[2024-08-01T09:08:42.451+0000] {processor.py:756} INFO - Processing file /home/airflow/.local/lib/python3.7/site-packages/airflow/example_dags/example_task_group_decorator.py for tasks to queue
[2024-08-01T09:08:42.461+0000] {logging_mixin.py:120} INFO - [2024-08-01T09:08:42.461+0000] {dagbag.py:537} INFO - Filling up the DagBag from /home/airflow/.local/lib/python3.7/site-packages/airflow/example_dags/example_task_group_decorator.py
[2024-08-01T09:08:42.505+0000] {processor.py:766} INFO - DAG(s) dict_keys(['example_task_group_decorator']) retrieved from /home/airflow/.local/lib/python3.7/site-packages/airflow/example_dags/example_task_group_decorator.py
[2024-08-01T09:08:42.564+0000] {logging_mixin.py:120} INFO - [2024-08-01T09:08:42.564+0000] {dag.py:2585} INFO - Sync 1 DAGs
[2024-08-01T09:08:42.647+0000] {logging_mixin.py:120} INFO - [2024-08-01T09:08:42.647+0000] {dag.py:3340} INFO - Setting next_dagrun for example_task_group_decorator to 2024-07-31T09:08:42.646572+00:00, run_after=2024-08-01T09:08:42.646572+00:00
[2024-08-01T09:08:42.671+0000] {processor.py:176} INFO - Processing /home/airflow/.local/lib/python3.7/site-packages/airflow/example_dags/example_task_group_decorator.py took 0.297 seconds
[2024-08-01T09:09:12.853+0000] {processor.py:154} INFO - Started process (PID=1405) to work on /home/airflow/.local/lib/python3.7/site-packages/airflow/example_dags/example_task_group_decorator.py
[2024-08-01T09:09:12.854+0000] {processor.py:756} INFO - Processing file /home/airflow/.local/lib/python3.7/site-packages/airflow/example_dags/example_task_group_decorator.py for tasks to queue
[2024-08-01T09:09:12.855+0000] {logging_mixin.py:120} INFO - [2024-08-01T09:09:12.855+0000] {dagbag.py:537} INFO - Filling up the DagBag from /home/airflow/.local/lib/python3.7/site-packages/airflow/example_dags/example_task_group_decorator.py
[2024-08-01T09:09:12.882+0000] {processor.py:766} INFO - DAG(s) dict_keys(['example_task_group_decorator']) retrieved from /home/airflow/.local/lib/python3.7/site-packages/airflow/example_dags/example_task_group_decorator.py
[2024-08-01T09:09:12.922+0000] {logging_mixin.py:120} INFO - [2024-08-01T09:09:12.922+0000] {dag.py:2585} INFO - Sync 1 DAGs
[2024-08-01T09:09:12.949+0000] {logging_mixin.py:120} INFO - [2024-08-01T09:09:12.949+0000] {dag.py:3340} INFO - Setting next_dagrun for example_task_group_decorator to 2024-07-31T09:09:12.949078+00:00, run_after=2024-08-01T09:09:12.949078+00:00
[2024-08-01T09:09:12.982+0000] {processor.py:176} INFO - Processing /home/airflow/.local/lib/python3.7/site-packages/airflow/example_dags/example_task_group_decorator.py took 0.133 seconds
[2024-08-01T09:09:46.870+0000] {processor.py:154} INFO - Started process (PID=1466) to work on /home/airflow/.local/lib/python3.7/site-packages/airflow/example_dags/example_task_group_decorator.py
[2024-08-01T09:09:46.873+0000] {processor.py:756} INFO - Processing file /home/airflow/.local/lib/python3.7/site-packages/airflow/example_dags/example_task_group_decorator.py for tasks to queue
[2024-08-01T09:09:46.874+0000] {logging_mixin.py:120} INFO - [2024-08-01T09:09:46.874+0000] {dagbag.py:537} INFO - Filling up the DagBag from /home/airflow/.local/lib/python3.7/site-packages/airflow/example_dags/example_task_group_decorator.py
[2024-08-01T09:09:46.901+0000] {processor.py:766} INFO - DAG(s) dict_keys(['example_task_group_decorator']) retrieved from /home/airflow/.local/lib/python3.7/site-packages/airflow/example_dags/example_task_group_decorator.py
[2024-08-01T09:09:47.013+0000] {logging_mixin.py:120} INFO - [2024-08-01T09:09:47.012+0000] {dag.py:2585} INFO - Sync 1 DAGs
[2024-08-01T09:09:47.067+0000] {logging_mixin.py:120} INFO - [2024-08-01T09:09:47.066+0000] {dag.py:3340} INFO - Setting next_dagrun for example_task_group_decorator to 2024-07-31T09:09:47.066690+00:00, run_after=2024-08-01T09:09:47.066690+00:00
[2024-08-01T09:09:47.135+0000] {processor.py:176} INFO - Processing /home/airflow/.local/lib/python3.7/site-packages/airflow/example_dags/example_task_group_decorator.py took 0.270 seconds
[2024-08-01T09:10:17.444+0000] {processor.py:154} INFO - Started process (PID=1529) to work on /home/airflow/.local/lib/python3.7/site-packages/airflow/example_dags/example_task_group_decorator.py
[2024-08-01T09:10:17.445+0000] {processor.py:756} INFO - Processing file /home/airflow/.local/lib/python3.7/site-packages/airflow/example_dags/example_task_group_decorator.py for tasks to queue
[2024-08-01T09:10:17.446+0000] {logging_mixin.py:120} INFO - [2024-08-01T09:10:17.446+0000] {dagbag.py:537} INFO - Filling up the DagBag from /home/airflow/.local/lib/python3.7/site-packages/airflow/example_dags/example_task_group_decorator.py
[2024-08-01T09:10:17.485+0000] {processor.py:766} INFO - DAG(s) dict_keys(['example_task_group_decorator']) retrieved from /home/airflow/.local/lib/python3.7/site-packages/airflow/example_dags/example_task_group_decorator.py
[2024-08-01T09:10:17.557+0000] {logging_mixin.py:120} INFO - [2024-08-01T09:10:17.556+0000] {dag.py:2585} INFO - Sync 1 DAGs
[2024-08-01T09:10:17.656+0000] {logging_mixin.py:120} INFO - [2024-08-01T09:10:17.656+0000] {dag.py:3340} INFO - Setting next_dagrun for example_task_group_decorator to 2024-07-31T09:10:17.655892+00:00, run_after=2024-08-01T09:10:17.655892+00:00
[2024-08-01T09:10:17.745+0000] {processor.py:176} INFO - Processing /home/airflow/.local/lib/python3.7/site-packages/airflow/example_dags/example_task_group_decorator.py took 0.305 seconds
[2024-08-01T09:10:47.836+0000] {processor.py:154} INFO - Started process (PID=1582) to work on /home/airflow/.local/lib/python3.7/site-packages/airflow/example_dags/example_task_group_decorator.py
[2024-08-01T09:10:47.925+0000] {processor.py:756} INFO - Processing file /home/airflow/.local/lib/python3.7/site-packages/airflow/example_dags/example_task_group_decorator.py for tasks to queue
[2024-08-01T09:10:47.942+0000] {logging_mixin.py:120} INFO - [2024-08-01T09:10:47.942+0000] {dagbag.py:537} INFO - Filling up the DagBag from /home/airflow/.local/lib/python3.7/site-packages/airflow/example_dags/example_task_group_decorator.py
[2024-08-01T09:10:47.995+0000] {processor.py:766} INFO - DAG(s) dict_keys(['example_task_group_decorator']) retrieved from /home/airflow/.local/lib/python3.7/site-packages/airflow/example_dags/example_task_group_decorator.py
[2024-08-01T09:10:48.036+0000] {logging_mixin.py:120} INFO - [2024-08-01T09:10:48.036+0000] {dag.py:2585} INFO - Sync 1 DAGs
[2024-08-01T09:10:48.058+0000] {logging_mixin.py:120} INFO - [2024-08-01T09:10:48.058+0000] {dag.py:3340} INFO - Setting next_dagrun for example_task_group_decorator to 2024-07-31T09:10:48.058585+00:00, run_after=2024-08-01T09:10:48.058585+00:00
[2024-08-01T09:10:48.084+0000] {processor.py:176} INFO - Processing /home/airflow/.local/lib/python3.7/site-packages/airflow/example_dags/example_task_group_decorator.py took 0.252 seconds
[2024-08-01T09:11:19.179+0000] {processor.py:154} INFO - Started process (PID=1645) to work on /home/airflow/.local/lib/python3.7/site-packages/airflow/example_dags/example_task_group_decorator.py
[2024-08-01T09:11:19.201+0000] {processor.py:756} INFO - Processing file /home/airflow/.local/lib/python3.7/site-packages/airflow/example_dags/example_task_group_decorator.py for tasks to queue
[2024-08-01T09:11:19.476+0000] {logging_mixin.py:120} INFO - [2024-08-01T09:11:19.475+0000] {dagbag.py:537} INFO - Filling up the DagBag from /home/airflow/.local/lib/python3.7/site-packages/airflow/example_dags/example_task_group_decorator.py
[2024-08-01T09:11:19.525+0000] {processor.py:766} INFO - DAG(s) dict_keys(['example_task_group_decorator']) retrieved from /home/airflow/.local/lib/python3.7/site-packages/airflow/example_dags/example_task_group_decorator.py
[2024-08-01T09:11:19.638+0000] {logging_mixin.py:120} INFO - [2024-08-01T09:11:19.638+0000] {dag.py:2585} INFO - Sync 1 DAGs
[2024-08-01T09:11:19.676+0000] {logging_mixin.py:120} INFO - [2024-08-01T09:11:19.676+0000] {dag.py:3340} INFO - Setting next_dagrun for example_task_group_decorator to 2024-07-31T09:11:19.676197+00:00, run_after=2024-08-01T09:11:19.676197+00:00
[2024-08-01T09:11:19.706+0000] {processor.py:176} INFO - Processing /home/airflow/.local/lib/python3.7/site-packages/airflow/example_dags/example_task_group_decorator.py took 0.532 seconds
[2024-08-01T09:11:50.455+0000] {processor.py:154} INFO - Started process (PID=1708) to work on /home/airflow/.local/lib/python3.7/site-packages/airflow/example_dags/example_task_group_decorator.py
[2024-08-01T09:11:50.457+0000] {processor.py:756} INFO - Processing file /home/airflow/.local/lib/python3.7/site-packages/airflow/example_dags/example_task_group_decorator.py for tasks to queue
[2024-08-01T09:11:50.458+0000] {logging_mixin.py:120} INFO - [2024-08-01T09:11:50.458+0000] {dagbag.py:537} INFO - Filling up the DagBag from /home/airflow/.local/lib/python3.7/site-packages/airflow/example_dags/example_task_group_decorator.py
[2024-08-01T09:11:50.487+0000] {processor.py:766} INFO - DAG(s) dict_keys(['example_task_group_decorator']) retrieved from /home/airflow/.local/lib/python3.7/site-packages/airflow/example_dags/example_task_group_decorator.py
[2024-08-01T09:11:50.585+0000] {logging_mixin.py:120} INFO - [2024-08-01T09:11:50.585+0000] {dag.py:2585} INFO - Sync 1 DAGs
[2024-08-01T09:11:50.683+0000] {logging_mixin.py:120} INFO - [2024-08-01T09:11:50.683+0000] {dag.py:3340} INFO - Setting next_dagrun for example_task_group_decorator to 2024-07-31T09:11:50.683552+00:00, run_after=2024-08-01T09:11:50.683552+00:00
[2024-08-01T09:11:50.786+0000] {processor.py:176} INFO - Processing /home/airflow/.local/lib/python3.7/site-packages/airflow/example_dags/example_task_group_decorator.py took 0.334 seconds
[2024-08-01T09:12:22.058+0000] {processor.py:154} INFO - Started process (PID=1762) to work on /home/airflow/.local/lib/python3.7/site-packages/airflow/example_dags/example_task_group_decorator.py
[2024-08-01T09:12:22.076+0000] {processor.py:756} INFO - Processing file /home/airflow/.local/lib/python3.7/site-packages/airflow/example_dags/example_task_group_decorator.py for tasks to queue
[2024-08-01T09:12:22.081+0000] {logging_mixin.py:120} INFO - [2024-08-01T09:12:22.080+0000] {dagbag.py:537} INFO - Filling up the DagBag from /home/airflow/.local/lib/python3.7/site-packages/airflow/example_dags/example_task_group_decorator.py
[2024-08-01T09:12:22.123+0000] {processor.py:766} INFO - DAG(s) dict_keys(['example_task_group_decorator']) retrieved from /home/airflow/.local/lib/python3.7/site-packages/airflow/example_dags/example_task_group_decorator.py
[2024-08-01T09:12:22.286+0000] {logging_mixin.py:120} INFO - [2024-08-01T09:12:22.286+0000] {dag.py:2585} INFO - Sync 1 DAGs
[2024-08-01T09:12:22.422+0000] {logging_mixin.py:120} INFO - [2024-08-01T09:12:22.422+0000] {dag.py:3340} INFO - Setting next_dagrun for example_task_group_decorator to 2024-07-31T09:12:22.422331+00:00, run_after=2024-08-01T09:12:22.422331+00:00
[2024-08-01T09:12:22.456+0000] {processor.py:176} INFO - Processing /home/airflow/.local/lib/python3.7/site-packages/airflow/example_dags/example_task_group_decorator.py took 0.401 seconds
[2024-08-01T09:12:52.923+0000] {processor.py:154} INFO - Started process (PID=1825) to work on /home/airflow/.local/lib/python3.7/site-packages/airflow/example_dags/example_task_group_decorator.py
[2024-08-01T09:12:52.924+0000] {processor.py:756} INFO - Processing file /home/airflow/.local/lib/python3.7/site-packages/airflow/example_dags/example_task_group_decorator.py for tasks to queue
[2024-08-01T09:12:52.925+0000] {logging_mixin.py:120} INFO - [2024-08-01T09:12:52.925+0000] {dagbag.py:537} INFO - Filling up the DagBag from /home/airflow/.local/lib/python3.7/site-packages/airflow/example_dags/example_task_group_decorator.py
[2024-08-01T09:12:52.965+0000] {processor.py:766} INFO - DAG(s) dict_keys(['example_task_group_decorator']) retrieved from /home/airflow/.local/lib/python3.7/site-packages/airflow/example_dags/example_task_group_decorator.py
[2024-08-01T09:12:53.037+0000] {logging_mixin.py:120} INFO - [2024-08-01T09:12:53.037+0000] {dag.py:2585} INFO - Sync 1 DAGs
[2024-08-01T09:12:53.080+0000] {logging_mixin.py:120} INFO - [2024-08-01T09:12:53.080+0000] {dag.py:3340} INFO - Setting next_dagrun for example_task_group_decorator to 2024-07-31T09:12:53.080124+00:00, run_after=2024-08-01T09:12:53.080124+00:00
[2024-08-01T09:12:53.108+0000] {processor.py:176} INFO - Processing /home/airflow/.local/lib/python3.7/site-packages/airflow/example_dags/example_task_group_decorator.py took 0.189 seconds
[2024-08-01T09:13:24.021+0000] {processor.py:154} INFO - Started process (PID=1888) to work on /home/airflow/.local/lib/python3.7/site-packages/airflow/example_dags/example_task_group_decorator.py
[2024-08-01T09:13:24.022+0000] {processor.py:756} INFO - Processing file /home/airflow/.local/lib/python3.7/site-packages/airflow/example_dags/example_task_group_decorator.py for tasks to queue
[2024-08-01T09:13:24.023+0000] {logging_mixin.py:120} INFO - [2024-08-01T09:13:24.023+0000] {dagbag.py:537} INFO - Filling up the DagBag from /home/airflow/.local/lib/python3.7/site-packages/airflow/example_dags/example_task_group_decorator.py
[2024-08-01T09:13:24.055+0000] {processor.py:766} INFO - DAG(s) dict_keys(['example_task_group_decorator']) retrieved from /home/airflow/.local/lib/python3.7/site-packages/airflow/example_dags/example_task_group_decorator.py
[2024-08-01T09:13:24.160+0000] {logging_mixin.py:120} INFO - [2024-08-01T09:13:24.160+0000] {dag.py:2585} INFO - Sync 1 DAGs
[2024-08-01T09:13:24.269+0000] {logging_mixin.py:120} INFO - [2024-08-01T09:13:24.269+0000] {dag.py:3340} INFO - Setting next_dagrun for example_task_group_decorator to 2024-07-31T09:13:24.269277+00:00, run_after=2024-08-01T09:13:24.269277+00:00
[2024-08-01T09:13:24.424+0000] {processor.py:176} INFO - Processing /home/airflow/.local/lib/python3.7/site-packages/airflow/example_dags/example_task_group_decorator.py took 0.407 seconds
[2024-08-01T09:13:54.920+0000] {processor.py:154} INFO - Started process (PID=1943) to work on /home/airflow/.local/lib/python3.7/site-packages/airflow/example_dags/example_task_group_decorator.py
[2024-08-01T09:13:54.922+0000] {processor.py:756} INFO - Processing file /home/airflow/.local/lib/python3.7/site-packages/airflow/example_dags/example_task_group_decorator.py for tasks to queue
[2024-08-01T09:13:54.923+0000] {logging_mixin.py:120} INFO - [2024-08-01T09:13:54.923+0000] {dagbag.py:537} INFO - Filling up the DagBag from /home/airflow/.local/lib/python3.7/site-packages/airflow/example_dags/example_task_group_decorator.py
[2024-08-01T09:13:54.955+0000] {processor.py:766} INFO - DAG(s) dict_keys(['example_task_group_decorator']) retrieved from /home/airflow/.local/lib/python3.7/site-packages/airflow/example_dags/example_task_group_decorator.py
[2024-08-01T09:13:55.001+0000] {logging_mixin.py:120} INFO - [2024-08-01T09:13:55.001+0000] {dag.py:2585} INFO - Sync 1 DAGs
[2024-08-01T09:13:55.026+0000] {logging_mixin.py:120} INFO - [2024-08-01T09:13:55.026+0000] {dag.py:3340} INFO - Setting next_dagrun for example_task_group_decorator to 2024-07-31T09:13:55.026440+00:00, run_after=2024-08-01T09:13:55.026440+00:00
[2024-08-01T09:13:55.053+0000] {processor.py:176} INFO - Processing /home/airflow/.local/lib/python3.7/site-packages/airflow/example_dags/example_task_group_decorator.py took 0.137 seconds
[2024-08-01T09:14:25.501+0000] {processor.py:154} INFO - Started process (PID=2006) to work on /home/airflow/.local/lib/python3.7/site-packages/airflow/example_dags/example_task_group_decorator.py
[2024-08-01T09:14:25.503+0000] {processor.py:756} INFO - Processing file /home/airflow/.local/lib/python3.7/site-packages/airflow/example_dags/example_task_group_decorator.py for tasks to queue
[2024-08-01T09:14:25.552+0000] {logging_mixin.py:120} INFO - [2024-08-01T09:14:25.552+0000] {dagbag.py:537} INFO - Filling up the DagBag from /home/airflow/.local/lib/python3.7/site-packages/airflow/example_dags/example_task_group_decorator.py
[2024-08-01T09:14:25.640+0000] {processor.py:766} INFO - DAG(s) dict_keys(['example_task_group_decorator']) retrieved from /home/airflow/.local/lib/python3.7/site-packages/airflow/example_dags/example_task_group_decorator.py
[2024-08-01T09:14:25.802+0000] {logging_mixin.py:120} INFO - [2024-08-01T09:14:25.802+0000] {dag.py:2585} INFO - Sync 1 DAGs
[2024-08-01T09:14:25.928+0000] {logging_mixin.py:120} INFO - [2024-08-01T09:14:25.928+0000] {dag.py:3340} INFO - Setting next_dagrun for example_task_group_decorator to 2024-07-31T09:14:25.928411+00:00, run_after=2024-08-01T09:14:25.928411+00:00
[2024-08-01T09:14:26.068+0000] {processor.py:176} INFO - Processing /home/airflow/.local/lib/python3.7/site-packages/airflow/example_dags/example_task_group_decorator.py took 0.571 seconds
[2024-08-01T09:14:56.919+0000] {processor.py:154} INFO - Started process (PID=2060) to work on /home/airflow/.local/lib/python3.7/site-packages/airflow/example_dags/example_task_group_decorator.py
[2024-08-01T09:14:56.929+0000] {processor.py:756} INFO - Processing file /home/airflow/.local/lib/python3.7/site-packages/airflow/example_dags/example_task_group_decorator.py for tasks to queue
[2024-08-01T09:14:56.930+0000] {logging_mixin.py:120} INFO - [2024-08-01T09:14:56.930+0000] {dagbag.py:537} INFO - Filling up the DagBag from /home/airflow/.local/lib/python3.7/site-packages/airflow/example_dags/example_task_group_decorator.py
[2024-08-01T09:14:56.987+0000] {processor.py:766} INFO - DAG(s) dict_keys(['example_task_group_decorator']) retrieved from /home/airflow/.local/lib/python3.7/site-packages/airflow/example_dags/example_task_group_decorator.py
[2024-08-01T09:14:57.193+0000] {logging_mixin.py:120} INFO - [2024-08-01T09:14:57.193+0000] {dag.py:2585} INFO - Sync 1 DAGs
[2024-08-01T09:14:57.458+0000] {logging_mixin.py:120} INFO - [2024-08-01T09:14:57.458+0000] {dag.py:3340} INFO - Setting next_dagrun for example_task_group_decorator to 2024-07-31T09:14:57.458144+00:00, run_after=2024-08-01T09:14:57.458144+00:00
[2024-08-01T09:14:57.763+0000] {processor.py:176} INFO - Processing /home/airflow/.local/lib/python3.7/site-packages/airflow/example_dags/example_task_group_decorator.py took 0.848 seconds
[2024-08-01T09:15:28.243+0000] {processor.py:154} INFO - Started process (PID=2123) to work on /home/airflow/.local/lib/python3.7/site-packages/airflow/example_dags/example_task_group_decorator.py
[2024-08-01T09:15:28.245+0000] {processor.py:756} INFO - Processing file /home/airflow/.local/lib/python3.7/site-packages/airflow/example_dags/example_task_group_decorator.py for tasks to queue
[2024-08-01T09:15:28.246+0000] {logging_mixin.py:120} INFO - [2024-08-01T09:15:28.245+0000] {dagbag.py:537} INFO - Filling up the DagBag from /home/airflow/.local/lib/python3.7/site-packages/airflow/example_dags/example_task_group_decorator.py
[2024-08-01T09:15:28.280+0000] {processor.py:766} INFO - DAG(s) dict_keys(['example_task_group_decorator']) retrieved from /home/airflow/.local/lib/python3.7/site-packages/airflow/example_dags/example_task_group_decorator.py
[2024-08-01T09:15:28.352+0000] {logging_mixin.py:120} INFO - [2024-08-01T09:15:28.352+0000] {dag.py:2585} INFO - Sync 1 DAGs
[2024-08-01T09:15:28.390+0000] {logging_mixin.py:120} INFO - [2024-08-01T09:15:28.390+0000] {dag.py:3340} INFO - Setting next_dagrun for example_task_group_decorator to 2024-07-31T09:15:28.389691+00:00, run_after=2024-08-01T09:15:28.389691+00:00
[2024-08-01T09:15:28.437+0000] {processor.py:176} INFO - Processing /home/airflow/.local/lib/python3.7/site-packages/airflow/example_dags/example_task_group_decorator.py took 0.197 seconds
[2024-08-01T09:15:58.641+0000] {processor.py:154} INFO - Started process (PID=2186) to work on /home/airflow/.local/lib/python3.7/site-packages/airflow/example_dags/example_task_group_decorator.py
[2024-08-01T09:15:58.643+0000] {processor.py:756} INFO - Processing file /home/airflow/.local/lib/python3.7/site-packages/airflow/example_dags/example_task_group_decorator.py for tasks to queue
[2024-08-01T09:15:58.645+0000] {logging_mixin.py:120} INFO - [2024-08-01T09:15:58.644+0000] {dagbag.py:537} INFO - Filling up the DagBag from /home/airflow/.local/lib/python3.7/site-packages/airflow/example_dags/example_task_group_decorator.py
[2024-08-01T09:15:58.674+0000] {processor.py:766} INFO - DAG(s) dict_keys(['example_task_group_decorator']) retrieved from /home/airflow/.local/lib/python3.7/site-packages/airflow/example_dags/example_task_group_decorator.py
[2024-08-01T09:15:58.834+0000] {logging_mixin.py:120} INFO - [2024-08-01T09:15:58.834+0000] {dag.py:2585} INFO - Sync 1 DAGs
[2024-08-01T09:15:58.990+0000] {logging_mixin.py:120} INFO - [2024-08-01T09:15:58.989+0000] {dag.py:3340} INFO - Setting next_dagrun for example_task_group_decorator to 2024-07-31T09:15:58.989551+00:00, run_after=2024-08-01T09:15:58.989551+00:00
[2024-08-01T09:15:59.113+0000] {processor.py:176} INFO - Processing /home/airflow/.local/lib/python3.7/site-packages/airflow/example_dags/example_task_group_decorator.py took 0.476 seconds
[2024-08-01T09:16:29.293+0000] {processor.py:154} INFO - Started process (PID=2240) to work on /home/airflow/.local/lib/python3.7/site-packages/airflow/example_dags/example_task_group_decorator.py
[2024-08-01T09:16:29.294+0000] {processor.py:756} INFO - Processing file /home/airflow/.local/lib/python3.7/site-packages/airflow/example_dags/example_task_group_decorator.py for tasks to queue
[2024-08-01T09:16:29.296+0000] {logging_mixin.py:120} INFO - [2024-08-01T09:16:29.296+0000] {dagbag.py:537} INFO - Filling up the DagBag from /home/airflow/.local/lib/python3.7/site-packages/airflow/example_dags/example_task_group_decorator.py
[2024-08-01T09:16:29.334+0000] {processor.py:766} INFO - DAG(s) dict_keys(['example_task_group_decorator']) retrieved from /home/airflow/.local/lib/python3.7/site-packages/airflow/example_dags/example_task_group_decorator.py
[2024-08-01T09:16:29.395+0000] {logging_mixin.py:120} INFO - [2024-08-01T09:16:29.395+0000] {dag.py:2585} INFO - Sync 1 DAGs
[2024-08-01T09:16:29.429+0000] {logging_mixin.py:120} INFO - [2024-08-01T09:16:29.429+0000] {dag.py:3340} INFO - Setting next_dagrun for example_task_group_decorator to 2024-07-31T09:16:29.429154+00:00, run_after=2024-08-01T09:16:29.429154+00:00
[2024-08-01T09:16:29.468+0000] {processor.py:176} INFO - Processing /home/airflow/.local/lib/python3.7/site-packages/airflow/example_dags/example_task_group_decorator.py took 0.180 seconds
[2024-08-01T09:17:00.506+0000] {processor.py:154} INFO - Started process (PID=2304) to work on /home/airflow/.local/lib/python3.7/site-packages/airflow/example_dags/example_task_group_decorator.py
[2024-08-01T09:17:00.524+0000] {processor.py:756} INFO - Processing file /home/airflow/.local/lib/python3.7/site-packages/airflow/example_dags/example_task_group_decorator.py for tasks to queue
[2024-08-01T09:17:00.532+0000] {logging_mixin.py:120} INFO - [2024-08-01T09:17:00.532+0000] {dagbag.py:537} INFO - Filling up the DagBag from /home/airflow/.local/lib/python3.7/site-packages/airflow/example_dags/example_task_group_decorator.py
[2024-08-01T09:17:00.567+0000] {processor.py:766} INFO - DAG(s) dict_keys(['example_task_group_decorator']) retrieved from /home/airflow/.local/lib/python3.7/site-packages/airflow/example_dags/example_task_group_decorator.py
[2024-08-01T09:17:00.632+0000] {logging_mixin.py:120} INFO - [2024-08-01T09:17:00.632+0000] {dag.py:2585} INFO - Sync 1 DAGs
[2024-08-01T09:17:00.676+0000] {logging_mixin.py:120} INFO - [2024-08-01T09:17:00.676+0000] {dag.py:3340} INFO - Setting next_dagrun for example_task_group_decorator to 2024-07-31T09:17:00.676002+00:00, run_after=2024-08-01T09:17:00.676002+00:00
[2024-08-01T09:17:00.709+0000] {processor.py:176} INFO - Processing /home/airflow/.local/lib/python3.7/site-packages/airflow/example_dags/example_task_group_decorator.py took 0.207 seconds
[2024-08-01T09:17:31.378+0000] {processor.py:154} INFO - Started process (PID=2358) to work on /home/airflow/.local/lib/python3.7/site-packages/airflow/example_dags/example_task_group_decorator.py
[2024-08-01T09:17:31.480+0000] {processor.py:756} INFO - Processing file /home/airflow/.local/lib/python3.7/site-packages/airflow/example_dags/example_task_group_decorator.py for tasks to queue
[2024-08-01T09:17:31.482+0000] {logging_mixin.py:120} INFO - [2024-08-01T09:17:31.482+0000] {dagbag.py:537} INFO - Filling up the DagBag from /home/airflow/.local/lib/python3.7/site-packages/airflow/example_dags/example_task_group_decorator.py
[2024-08-01T09:17:31.549+0000] {processor.py:766} INFO - DAG(s) dict_keys(['example_task_group_decorator']) retrieved from /home/airflow/.local/lib/python3.7/site-packages/airflow/example_dags/example_task_group_decorator.py
[2024-08-01T09:17:31.681+0000] {logging_mixin.py:120} INFO - [2024-08-01T09:17:31.681+0000] {dag.py:2585} INFO - Sync 1 DAGs
[2024-08-01T09:17:31.846+0000] {logging_mixin.py:120} INFO - [2024-08-01T09:17:31.846+0000] {dag.py:3340} INFO - Setting next_dagrun for example_task_group_decorator to 2024-07-31T09:17:31.845932+00:00, run_after=2024-08-01T09:17:31.845932+00:00
[2024-08-01T09:17:31.985+0000] {processor.py:176} INFO - Processing /home/airflow/.local/lib/python3.7/site-packages/airflow/example_dags/example_task_group_decorator.py took 0.611 seconds
[2024-08-01T09:18:04.006+0000] {processor.py:154} INFO - Started process (PID=2421) to work on /home/airflow/.local/lib/python3.7/site-packages/airflow/example_dags/example_task_group_decorator.py
[2024-08-01T09:18:04.013+0000] {processor.py:756} INFO - Processing file /home/airflow/.local/lib/python3.7/site-packages/airflow/example_dags/example_task_group_decorator.py for tasks to queue
[2024-08-01T09:18:04.020+0000] {logging_mixin.py:120} INFO - [2024-08-01T09:18:04.020+0000] {dagbag.py:537} INFO - Filling up the DagBag from /home/airflow/.local/lib/python3.7/site-packages/airflow/example_dags/example_task_group_decorator.py
[2024-08-01T09:18:04.099+0000] {processor.py:766} INFO - DAG(s) dict_keys(['example_task_group_decorator']) retrieved from /home/airflow/.local/lib/python3.7/site-packages/airflow/example_dags/example_task_group_decorator.py
[2024-08-01T09:18:04.217+0000] {logging_mixin.py:120} INFO - [2024-08-01T09:18:04.217+0000] {dag.py:2585} INFO - Sync 1 DAGs
[2024-08-01T09:18:04.539+0000] {logging_mixin.py:120} INFO - [2024-08-01T09:18:04.539+0000] {dag.py:3340} INFO - Setting next_dagrun for example_task_group_decorator to 2024-07-31T09:18:04.539103+00:00, run_after=2024-08-01T09:18:04.539103+00:00
[2024-08-01T09:18:04.828+0000] {processor.py:176} INFO - Processing /home/airflow/.local/lib/python3.7/site-packages/airflow/example_dags/example_task_group_decorator.py took 0.826 seconds
[2024-08-01T09:18:35.134+0000] {processor.py:154} INFO - Started process (PID=2486) to work on /home/airflow/.local/lib/python3.7/site-packages/airflow/example_dags/example_task_group_decorator.py
[2024-08-01T09:18:35.139+0000] {processor.py:756} INFO - Processing file /home/airflow/.local/lib/python3.7/site-packages/airflow/example_dags/example_task_group_decorator.py for tasks to queue
[2024-08-01T09:18:35.141+0000] {logging_mixin.py:120} INFO - [2024-08-01T09:18:35.141+0000] {dagbag.py:537} INFO - Filling up the DagBag from /home/airflow/.local/lib/python3.7/site-packages/airflow/example_dags/example_task_group_decorator.py
[2024-08-01T09:18:35.174+0000] {processor.py:766} INFO - DAG(s) dict_keys(['example_task_group_decorator']) retrieved from /home/airflow/.local/lib/python3.7/site-packages/airflow/example_dags/example_task_group_decorator.py
[2024-08-01T09:18:35.232+0000] {logging_mixin.py:120} INFO - [2024-08-01T09:18:35.232+0000] {dag.py:2585} INFO - Sync 1 DAGs
[2024-08-01T09:18:35.267+0000] {logging_mixin.py:120} INFO - [2024-08-01T09:18:35.267+0000] {dag.py:3340} INFO - Setting next_dagrun for example_task_group_decorator to 2024-07-31T09:18:35.266917+00:00, run_after=2024-08-01T09:18:35.266917+00:00
[2024-08-01T09:18:35.302+0000] {processor.py:176} INFO - Processing /home/airflow/.local/lib/python3.7/site-packages/airflow/example_dags/example_task_group_decorator.py took 0.173 seconds
[2024-08-01T09:19:05.486+0000] {processor.py:154} INFO - Started process (PID=2541) to work on /home/airflow/.local/lib/python3.7/site-packages/airflow/example_dags/example_task_group_decorator.py
[2024-08-01T09:19:05.488+0000] {processor.py:756} INFO - Processing file /home/airflow/.local/lib/python3.7/site-packages/airflow/example_dags/example_task_group_decorator.py for tasks to queue
[2024-08-01T09:19:05.563+0000] {logging_mixin.py:120} INFO - [2024-08-01T09:19:05.563+0000] {dagbag.py:537} INFO - Filling up the DagBag from /home/airflow/.local/lib/python3.7/site-packages/airflow/example_dags/example_task_group_decorator.py
[2024-08-01T09:19:05.684+0000] {processor.py:766} INFO - DAG(s) dict_keys(['example_task_group_decorator']) retrieved from /home/airflow/.local/lib/python3.7/site-packages/airflow/example_dags/example_task_group_decorator.py
[2024-08-01T09:19:05.742+0000] {logging_mixin.py:120} INFO - [2024-08-01T09:19:05.742+0000] {dag.py:2585} INFO - Sync 1 DAGs
[2024-08-01T09:19:05.775+0000] {logging_mixin.py:120} INFO - [2024-08-01T09:19:05.775+0000] {dag.py:3340} INFO - Setting next_dagrun for example_task_group_decorator to 2024-07-31T09:19:05.775080+00:00, run_after=2024-08-01T09:19:05.775080+00:00
[2024-08-01T09:19:05.802+0000] {processor.py:176} INFO - Processing /home/airflow/.local/lib/python3.7/site-packages/airflow/example_dags/example_task_group_decorator.py took 0.320 seconds
[2024-08-01T09:19:36.255+0000] {processor.py:154} INFO - Started process (PID=2605) to work on /home/airflow/.local/lib/python3.7/site-packages/airflow/example_dags/example_task_group_decorator.py
[2024-08-01T09:19:36.256+0000] {processor.py:756} INFO - Processing file /home/airflow/.local/lib/python3.7/site-packages/airflow/example_dags/example_task_group_decorator.py for tasks to queue
[2024-08-01T09:19:36.257+0000] {logging_mixin.py:120} INFO - [2024-08-01T09:19:36.257+0000] {dagbag.py:537} INFO - Filling up the DagBag from /home/airflow/.local/lib/python3.7/site-packages/airflow/example_dags/example_task_group_decorator.py
[2024-08-01T09:19:36.293+0000] {processor.py:766} INFO - DAG(s) dict_keys(['example_task_group_decorator']) retrieved from /home/airflow/.local/lib/python3.7/site-packages/airflow/example_dags/example_task_group_decorator.py
[2024-08-01T09:19:36.341+0000] {logging_mixin.py:120} INFO - [2024-08-01T09:19:36.341+0000] {dag.py:2585} INFO - Sync 1 DAGs
[2024-08-01T09:19:36.374+0000] {logging_mixin.py:120} INFO - [2024-08-01T09:19:36.374+0000] {dag.py:3340} INFO - Setting next_dagrun for example_task_group_decorator to 2024-07-31T09:19:36.374287+00:00, run_after=2024-08-01T09:19:36.374287+00:00
[2024-08-01T09:19:36.524+0000] {processor.py:176} INFO - Processing /home/airflow/.local/lib/python3.7/site-packages/airflow/example_dags/example_task_group_decorator.py took 0.272 seconds
[2024-08-01T09:20:07.309+0000] {processor.py:154} INFO - Started process (PID=2660) to work on /home/airflow/.local/lib/python3.7/site-packages/airflow/example_dags/example_task_group_decorator.py
[2024-08-01T09:20:07.310+0000] {processor.py:756} INFO - Processing file /home/airflow/.local/lib/python3.7/site-packages/airflow/example_dags/example_task_group_decorator.py for tasks to queue
[2024-08-01T09:20:07.311+0000] {logging_mixin.py:120} INFO - [2024-08-01T09:20:07.311+0000] {dagbag.py:537} INFO - Filling up the DagBag from /home/airflow/.local/lib/python3.7/site-packages/airflow/example_dags/example_task_group_decorator.py
[2024-08-01T09:20:07.347+0000] {processor.py:766} INFO - DAG(s) dict_keys(['example_task_group_decorator']) retrieved from /home/airflow/.local/lib/python3.7/site-packages/airflow/example_dags/example_task_group_decorator.py
[2024-08-01T09:20:07.394+0000] {logging_mixin.py:120} INFO - [2024-08-01T09:20:07.394+0000] {dag.py:2585} INFO - Sync 1 DAGs
[2024-08-01T09:20:07.421+0000] {logging_mixin.py:120} INFO - [2024-08-01T09:20:07.420+0000] {dag.py:3340} INFO - Setting next_dagrun for example_task_group_decorator to 2024-07-31T09:20:07.420648+00:00, run_after=2024-08-01T09:20:07.420648+00:00
[2024-08-01T09:20:07.443+0000] {processor.py:176} INFO - Processing /home/airflow/.local/lib/python3.7/site-packages/airflow/example_dags/example_task_group_decorator.py took 0.138 seconds
[2024-08-01T09:20:38.265+0000] {processor.py:154} INFO - Started process (PID=2724) to work on /home/airflow/.local/lib/python3.7/site-packages/airflow/example_dags/example_task_group_decorator.py
[2024-08-01T09:20:38.266+0000] {processor.py:756} INFO - Processing file /home/airflow/.local/lib/python3.7/site-packages/airflow/example_dags/example_task_group_decorator.py for tasks to queue
[2024-08-01T09:20:38.367+0000] {logging_mixin.py:120} INFO - [2024-08-01T09:20:38.367+0000] {dagbag.py:537} INFO - Filling up the DagBag from /home/airflow/.local/lib/python3.7/site-packages/airflow/example_dags/example_task_group_decorator.py
[2024-08-01T09:20:38.405+0000] {processor.py:766} INFO - DAG(s) dict_keys(['example_task_group_decorator']) retrieved from /home/airflow/.local/lib/python3.7/site-packages/airflow/example_dags/example_task_group_decorator.py
[2024-08-01T09:20:38.568+0000] {logging_mixin.py:120} INFO - [2024-08-01T09:20:38.568+0000] {dag.py:2585} INFO - Sync 1 DAGs
[2024-08-01T09:20:38.694+0000] {logging_mixin.py:120} INFO - [2024-08-01T09:20:38.694+0000] {dag.py:3340} INFO - Setting next_dagrun for example_task_group_decorator to 2024-07-31T09:20:38.694419+00:00, run_after=2024-08-01T09:20:38.694419+00:00
[2024-08-01T09:20:38.820+0000] {processor.py:176} INFO - Processing /home/airflow/.local/lib/python3.7/site-packages/airflow/example_dags/example_task_group_decorator.py took 0.558 seconds
[2024-08-01T09:21:14.545+0000] {processor.py:154} INFO - Started process (PID=2788) to work on /home/airflow/.local/lib/python3.7/site-packages/airflow/example_dags/example_task_group_decorator.py
[2024-08-01T09:21:14.675+0000] {processor.py:756} INFO - Processing file /home/airflow/.local/lib/python3.7/site-packages/airflow/example_dags/example_task_group_decorator.py for tasks to queue
[2024-08-01T09:21:14.704+0000] {logging_mixin.py:120} INFO - [2024-08-01T09:21:14.703+0000] {dagbag.py:537} INFO - Filling up the DagBag from /home/airflow/.local/lib/python3.7/site-packages/airflow/example_dags/example_task_group_decorator.py
[2024-08-01T09:21:14.942+0000] {processor.py:766} INFO - DAG(s) dict_keys(['example_task_group_decorator']) retrieved from /home/airflow/.local/lib/python3.7/site-packages/airflow/example_dags/example_task_group_decorator.py
[2024-08-01T09:21:15.103+0000] {logging_mixin.py:120} INFO - [2024-08-01T09:21:15.103+0000] {dag.py:2585} INFO - Sync 1 DAGs
[2024-08-01T09:21:15.194+0000] {logging_mixin.py:120} INFO - [2024-08-01T09:21:15.193+0000] {dag.py:3340} INFO - Setting next_dagrun for example_task_group_decorator to 2024-07-31T09:21:15.193629+00:00, run_after=2024-08-01T09:21:15.193629+00:00
[2024-08-01T09:21:15.361+0000] {processor.py:176} INFO - Processing /home/airflow/.local/lib/python3.7/site-packages/airflow/example_dags/example_task_group_decorator.py took 0.820 seconds
[2024-08-01T09:21:45.808+0000] {processor.py:154} INFO - Started process (PID=2852) to work on /home/airflow/.local/lib/python3.7/site-packages/airflow/example_dags/example_task_group_decorator.py
[2024-08-01T09:21:45.814+0000] {processor.py:756} INFO - Processing file /home/airflow/.local/lib/python3.7/site-packages/airflow/example_dags/example_task_group_decorator.py for tasks to queue
[2024-08-01T09:21:45.835+0000] {logging_mixin.py:120} INFO - [2024-08-01T09:21:45.835+0000] {dagbag.py:537} INFO - Filling up the DagBag from /home/airflow/.local/lib/python3.7/site-packages/airflow/example_dags/example_task_group_decorator.py
[2024-08-01T09:21:45.985+0000] {processor.py:766} INFO - DAG(s) dict_keys(['example_task_group_decorator']) retrieved from /home/airflow/.local/lib/python3.7/site-packages/airflow/example_dags/example_task_group_decorator.py
[2024-08-01T09:21:46.104+0000] {logging_mixin.py:120} INFO - [2024-08-01T09:21:46.103+0000] {dag.py:2585} INFO - Sync 1 DAGs
[2024-08-01T09:21:46.137+0000] {logging_mixin.py:120} INFO - [2024-08-01T09:21:46.137+0000] {dag.py:3340} INFO - Setting next_dagrun for example_task_group_decorator to 2024-07-31T09:21:46.136900+00:00, run_after=2024-08-01T09:21:46.136900+00:00
[2024-08-01T09:21:46.166+0000] {processor.py:176} INFO - Processing /home/airflow/.local/lib/python3.7/site-packages/airflow/example_dags/example_task_group_decorator.py took 0.361 seconds
[2024-08-01T09:22:16.475+0000] {processor.py:154} INFO - Started process (PID=2907) to work on /home/airflow/.local/lib/python3.7/site-packages/airflow/example_dags/example_task_group_decorator.py
[2024-08-01T09:22:16.476+0000] {processor.py:756} INFO - Processing file /home/airflow/.local/lib/python3.7/site-packages/airflow/example_dags/example_task_group_decorator.py for tasks to queue
[2024-08-01T09:22:16.482+0000] {logging_mixin.py:120} INFO - [2024-08-01T09:22:16.482+0000] {dagbag.py:537} INFO - Filling up the DagBag from /home/airflow/.local/lib/python3.7/site-packages/airflow/example_dags/example_task_group_decorator.py
[2024-08-01T09:22:16.646+0000] {processor.py:766} INFO - DAG(s) dict_keys(['example_task_group_decorator']) retrieved from /home/airflow/.local/lib/python3.7/site-packages/airflow/example_dags/example_task_group_decorator.py
[2024-08-01T09:22:16.818+0000] {logging_mixin.py:120} INFO - [2024-08-01T09:22:16.818+0000] {dag.py:2585} INFO - Sync 1 DAGs
[2024-08-01T09:22:16.973+0000] {logging_mixin.py:120} INFO - [2024-08-01T09:22:16.972+0000] {dag.py:3340} INFO - Setting next_dagrun for example_task_group_decorator to 2024-07-31T09:22:16.972590+00:00, run_after=2024-08-01T09:22:16.972590+00:00
[2024-08-01T09:22:17.111+0000] {processor.py:176} INFO - Processing /home/airflow/.local/lib/python3.7/site-packages/airflow/example_dags/example_task_group_decorator.py took 0.640 seconds
[2024-08-01T09:22:47.772+0000] {processor.py:154} INFO - Started process (PID=2971) to work on /home/airflow/.local/lib/python3.7/site-packages/airflow/example_dags/example_task_group_decorator.py
[2024-08-01T09:22:47.773+0000] {processor.py:756} INFO - Processing file /home/airflow/.local/lib/python3.7/site-packages/airflow/example_dags/example_task_group_decorator.py for tasks to queue
[2024-08-01T09:22:47.777+0000] {logging_mixin.py:120} INFO - [2024-08-01T09:22:47.777+0000] {dagbag.py:537} INFO - Filling up the DagBag from /home/airflow/.local/lib/python3.7/site-packages/airflow/example_dags/example_task_group_decorator.py
[2024-08-01T09:22:47.809+0000] {processor.py:766} INFO - DAG(s) dict_keys(['example_task_group_decorator']) retrieved from /home/airflow/.local/lib/python3.7/site-packages/airflow/example_dags/example_task_group_decorator.py
[2024-08-01T09:22:47.861+0000] {logging_mixin.py:120} INFO - [2024-08-01T09:22:47.861+0000] {dag.py:2585} INFO - Sync 1 DAGs
[2024-08-01T09:22:47.968+0000] {logging_mixin.py:120} INFO - [2024-08-01T09:22:47.968+0000] {dag.py:3340} INFO - Setting next_dagrun for example_task_group_decorator to 2024-07-31T09:22:47.967746+00:00, run_after=2024-08-01T09:22:47.967746+00:00
[2024-08-01T09:22:48.116+0000] {processor.py:176} INFO - Processing /home/airflow/.local/lib/python3.7/site-packages/airflow/example_dags/example_task_group_decorator.py took 0.349 seconds
[2024-08-01T09:23:18.502+0000] {processor.py:154} INFO - Started process (PID=3026) to work on /home/airflow/.local/lib/python3.7/site-packages/airflow/example_dags/example_task_group_decorator.py
[2024-08-01T09:23:18.517+0000] {processor.py:756} INFO - Processing file /home/airflow/.local/lib/python3.7/site-packages/airflow/example_dags/example_task_group_decorator.py for tasks to queue
[2024-08-01T09:23:18.529+0000] {logging_mixin.py:120} INFO - [2024-08-01T09:23:18.529+0000] {dagbag.py:537} INFO - Filling up the DagBag from /home/airflow/.local/lib/python3.7/site-packages/airflow/example_dags/example_task_group_decorator.py
[2024-08-01T09:23:18.591+0000] {processor.py:766} INFO - DAG(s) dict_keys(['example_task_group_decorator']) retrieved from /home/airflow/.local/lib/python3.7/site-packages/airflow/example_dags/example_task_group_decorator.py
[2024-08-01T09:23:18.936+0000] {logging_mixin.py:120} INFO - [2024-08-01T09:23:18.936+0000] {dag.py:2585} INFO - Sync 1 DAGs
[2024-08-01T09:23:19.107+0000] {logging_mixin.py:120} INFO - [2024-08-01T09:23:19.107+0000] {dag.py:3340} INFO - Setting next_dagrun for example_task_group_decorator to 2024-07-31T09:23:19.106833+00:00, run_after=2024-08-01T09:23:19.106833+00:00
[2024-08-01T09:23:19.247+0000] {processor.py:176} INFO - Processing /home/airflow/.local/lib/python3.7/site-packages/airflow/example_dags/example_task_group_decorator.py took 0.750 seconds
[2024-08-01T09:23:49.898+0000] {processor.py:154} INFO - Started process (PID=3090) to work on /home/airflow/.local/lib/python3.7/site-packages/airflow/example_dags/example_task_group_decorator.py
[2024-08-01T09:23:49.900+0000] {processor.py:756} INFO - Processing file /home/airflow/.local/lib/python3.7/site-packages/airflow/example_dags/example_task_group_decorator.py for tasks to queue
[2024-08-01T09:23:49.902+0000] {logging_mixin.py:120} INFO - [2024-08-01T09:23:49.902+0000] {dagbag.py:537} INFO - Filling up the DagBag from /home/airflow/.local/lib/python3.7/site-packages/airflow/example_dags/example_task_group_decorator.py
[2024-08-01T09:23:49.941+0000] {processor.py:766} INFO - DAG(s) dict_keys(['example_task_group_decorator']) retrieved from /home/airflow/.local/lib/python3.7/site-packages/airflow/example_dags/example_task_group_decorator.py
[2024-08-01T09:23:50.024+0000] {logging_mixin.py:120} INFO - [2024-08-01T09:23:50.023+0000] {dag.py:2585} INFO - Sync 1 DAGs
[2024-08-01T09:23:50.077+0000] {logging_mixin.py:120} INFO - [2024-08-01T09:23:50.077+0000] {dag.py:3340} INFO - Setting next_dagrun for example_task_group_decorator to 2024-07-31T09:23:50.077179+00:00, run_after=2024-08-01T09:23:50.077179+00:00
[2024-08-01T09:23:50.100+0000] {processor.py:176} INFO - Processing /home/airflow/.local/lib/python3.7/site-packages/airflow/example_dags/example_task_group_decorator.py took 0.206 seconds
[2024-08-01T09:24:20.724+0000] {processor.py:154} INFO - Started process (PID=3155) to work on /home/airflow/.local/lib/python3.7/site-packages/airflow/example_dags/example_task_group_decorator.py
[2024-08-01T09:24:20.727+0000] {processor.py:756} INFO - Processing file /home/airflow/.local/lib/python3.7/site-packages/airflow/example_dags/example_task_group_decorator.py for tasks to queue
[2024-08-01T09:24:20.730+0000] {logging_mixin.py:120} INFO - [2024-08-01T09:24:20.729+0000] {dagbag.py:537} INFO - Filling up the DagBag from /home/airflow/.local/lib/python3.7/site-packages/airflow/example_dags/example_task_group_decorator.py
[2024-08-01T09:24:20.770+0000] {processor.py:766} INFO - DAG(s) dict_keys(['example_task_group_decorator']) retrieved from /home/airflow/.local/lib/python3.7/site-packages/airflow/example_dags/example_task_group_decorator.py
[2024-08-01T09:24:20.934+0000] {logging_mixin.py:120} INFO - [2024-08-01T09:24:20.933+0000] {dag.py:2585} INFO - Sync 1 DAGs
[2024-08-01T09:24:21.080+0000] {logging_mixin.py:120} INFO - [2024-08-01T09:24:21.080+0000] {dag.py:3340} INFO - Setting next_dagrun for example_task_group_decorator to 2024-07-31T09:24:21.079974+00:00, run_after=2024-08-01T09:24:21.079974+00:00
[2024-08-01T09:24:21.197+0000] {processor.py:176} INFO - Processing /home/airflow/.local/lib/python3.7/site-packages/airflow/example_dags/example_task_group_decorator.py took 0.477 seconds
[2024-08-01T09:24:51.374+0000] {processor.py:154} INFO - Started process (PID=3210) to work on /home/airflow/.local/lib/python3.7/site-packages/airflow/example_dags/example_task_group_decorator.py
[2024-08-01T09:24:51.375+0000] {processor.py:756} INFO - Processing file /home/airflow/.local/lib/python3.7/site-packages/airflow/example_dags/example_task_group_decorator.py for tasks to queue
[2024-08-01T09:24:51.376+0000] {logging_mixin.py:120} INFO - [2024-08-01T09:24:51.376+0000] {dagbag.py:537} INFO - Filling up the DagBag from /home/airflow/.local/lib/python3.7/site-packages/airflow/example_dags/example_task_group_decorator.py
[2024-08-01T09:24:51.408+0000] {processor.py:766} INFO - DAG(s) dict_keys(['example_task_group_decorator']) retrieved from /home/airflow/.local/lib/python3.7/site-packages/airflow/example_dags/example_task_group_decorator.py
[2024-08-01T09:24:51.467+0000] {logging_mixin.py:120} INFO - [2024-08-01T09:24:51.467+0000] {dag.py:2585} INFO - Sync 1 DAGs
[2024-08-01T09:24:51.497+0000] {logging_mixin.py:120} INFO - [2024-08-01T09:24:51.497+0000] {dag.py:3340} INFO - Setting next_dagrun for example_task_group_decorator to 2024-07-31T09:24:51.497176+00:00, run_after=2024-08-01T09:24:51.497176+00:00
[2024-08-01T09:24:51.527+0000] {processor.py:176} INFO - Processing /home/airflow/.local/lib/python3.7/site-packages/airflow/example_dags/example_task_group_decorator.py took 0.157 seconds
[2024-08-01T09:25:22.443+0000] {processor.py:154} INFO - Started process (PID=3275) to work on /home/airflow/.local/lib/python3.7/site-packages/airflow/example_dags/example_task_group_decorator.py
[2024-08-01T09:25:22.444+0000] {processor.py:756} INFO - Processing file /home/airflow/.local/lib/python3.7/site-packages/airflow/example_dags/example_task_group_decorator.py for tasks to queue
[2024-08-01T09:25:22.445+0000] {logging_mixin.py:120} INFO - [2024-08-01T09:25:22.445+0000] {dagbag.py:537} INFO - Filling up the DagBag from /home/airflow/.local/lib/python3.7/site-packages/airflow/example_dags/example_task_group_decorator.py
[2024-08-01T09:25:22.477+0000] {processor.py:766} INFO - DAG(s) dict_keys(['example_task_group_decorator']) retrieved from /home/airflow/.local/lib/python3.7/site-packages/airflow/example_dags/example_task_group_decorator.py
[2024-08-01T09:25:22.641+0000] {logging_mixin.py:120} INFO - [2024-08-01T09:25:22.641+0000] {dag.py:2585} INFO - Sync 1 DAGs
[2024-08-01T09:25:22.773+0000] {logging_mixin.py:120} INFO - [2024-08-01T09:25:22.773+0000] {dag.py:3340} INFO - Setting next_dagrun for example_task_group_decorator to 2024-07-31T09:25:22.772789+00:00, run_after=2024-08-01T09:25:22.772789+00:00
[2024-08-01T09:25:22.796+0000] {processor.py:176} INFO - Processing /home/airflow/.local/lib/python3.7/site-packages/airflow/example_dags/example_task_group_decorator.py took 0.356 seconds
[2024-08-01T09:25:52.850+0000] {processor.py:154} INFO - Started process (PID=3331) to work on /home/airflow/.local/lib/python3.7/site-packages/airflow/example_dags/example_task_group_decorator.py
[2024-08-01T09:25:52.851+0000] {processor.py:756} INFO - Processing file /home/airflow/.local/lib/python3.7/site-packages/airflow/example_dags/example_task_group_decorator.py for tasks to queue
[2024-08-01T09:25:52.852+0000] {logging_mixin.py:120} INFO - [2024-08-01T09:25:52.852+0000] {dagbag.py:537} INFO - Filling up the DagBag from /home/airflow/.local/lib/python3.7/site-packages/airflow/example_dags/example_task_group_decorator.py
[2024-08-01T09:25:52.891+0000] {processor.py:766} INFO - DAG(s) dict_keys(['example_task_group_decorator']) retrieved from /home/airflow/.local/lib/python3.7/site-packages/airflow/example_dags/example_task_group_decorator.py
[2024-08-01T09:25:52.951+0000] {logging_mixin.py:120} INFO - [2024-08-01T09:25:52.951+0000] {dag.py:2585} INFO - Sync 1 DAGs
[2024-08-01T09:25:52.985+0000] {logging_mixin.py:120} INFO - [2024-08-01T09:25:52.985+0000] {dag.py:3340} INFO - Setting next_dagrun for example_task_group_decorator to 2024-07-31T09:25:52.985091+00:00, run_after=2024-08-01T09:25:52.985091+00:00
[2024-08-01T09:25:53.016+0000] {processor.py:176} INFO - Processing /home/airflow/.local/lib/python3.7/site-packages/airflow/example_dags/example_task_group_decorator.py took 0.170 seconds
[2024-08-01T09:26:23.753+0000] {processor.py:154} INFO - Started process (PID=3395) to work on /home/airflow/.local/lib/python3.7/site-packages/airflow/example_dags/example_task_group_decorator.py
[2024-08-01T09:26:23.754+0000] {processor.py:756} INFO - Processing file /home/airflow/.local/lib/python3.7/site-packages/airflow/example_dags/example_task_group_decorator.py for tasks to queue
[2024-08-01T09:26:23.756+0000] {logging_mixin.py:120} INFO - [2024-08-01T09:26:23.755+0000] {dagbag.py:537} INFO - Filling up the DagBag from /home/airflow/.local/lib/python3.7/site-packages/airflow/example_dags/example_task_group_decorator.py
[2024-08-01T09:26:23.781+0000] {processor.py:766} INFO - DAG(s) dict_keys(['example_task_group_decorator']) retrieved from /home/airflow/.local/lib/python3.7/site-packages/airflow/example_dags/example_task_group_decorator.py
[2024-08-01T09:26:23.819+0000] {logging_mixin.py:120} INFO - [2024-08-01T09:26:23.819+0000] {dag.py:2585} INFO - Sync 1 DAGs
[2024-08-01T09:26:23.848+0000] {logging_mixin.py:120} INFO - [2024-08-01T09:26:23.848+0000] {dag.py:3340} INFO - Setting next_dagrun for example_task_group_decorator to 2024-07-31T09:26:23.848391+00:00, run_after=2024-08-01T09:26:23.848391+00:00
[2024-08-01T09:26:23.875+0000] {processor.py:176} INFO - Processing /home/airflow/.local/lib/python3.7/site-packages/airflow/example_dags/example_task_group_decorator.py took 0.124 seconds
[2024-08-01T09:26:54.204+0000] {processor.py:154} INFO - Started process (PID=3459) to work on /home/airflow/.local/lib/python3.7/site-packages/airflow/example_dags/example_task_group_decorator.py
[2024-08-01T09:26:54.206+0000] {processor.py:756} INFO - Processing file /home/airflow/.local/lib/python3.7/site-packages/airflow/example_dags/example_task_group_decorator.py for tasks to queue
[2024-08-01T09:26:54.207+0000] {logging_mixin.py:120} INFO - [2024-08-01T09:26:54.207+0000] {dagbag.py:537} INFO - Filling up the DagBag from /home/airflow/.local/lib/python3.7/site-packages/airflow/example_dags/example_task_group_decorator.py
[2024-08-01T09:26:54.233+0000] {processor.py:766} INFO - DAG(s) dict_keys(['example_task_group_decorator']) retrieved from /home/airflow/.local/lib/python3.7/site-packages/airflow/example_dags/example_task_group_decorator.py
[2024-08-01T09:26:54.288+0000] {logging_mixin.py:120} INFO - [2024-08-01T09:26:54.288+0000] {dag.py:2585} INFO - Sync 1 DAGs
[2024-08-01T09:26:54.313+0000] {logging_mixin.py:120} INFO - [2024-08-01T09:26:54.313+0000] {dag.py:3340} INFO - Setting next_dagrun for example_task_group_decorator to 2024-07-31T09:26:54.313547+00:00, run_after=2024-08-01T09:26:54.313547+00:00
[2024-08-01T09:26:54.335+0000] {processor.py:176} INFO - Processing /home/airflow/.local/lib/python3.7/site-packages/airflow/example_dags/example_task_group_decorator.py took 0.136 seconds
[2024-08-01T09:27:25.078+0000] {processor.py:154} INFO - Started process (PID=3523) to work on /home/airflow/.local/lib/python3.7/site-packages/airflow/example_dags/example_task_group_decorator.py
[2024-08-01T09:27:25.079+0000] {processor.py:756} INFO - Processing file /home/airflow/.local/lib/python3.7/site-packages/airflow/example_dags/example_task_group_decorator.py for tasks to queue
[2024-08-01T09:27:25.086+0000] {logging_mixin.py:120} INFO - [2024-08-01T09:27:25.085+0000] {dagbag.py:537} INFO - Filling up the DagBag from /home/airflow/.local/lib/python3.7/site-packages/airflow/example_dags/example_task_group_decorator.py
[2024-08-01T09:27:25.124+0000] {processor.py:766} INFO - DAG(s) dict_keys(['example_task_group_decorator']) retrieved from /home/airflow/.local/lib/python3.7/site-packages/airflow/example_dags/example_task_group_decorator.py
[2024-08-01T09:27:25.174+0000] {logging_mixin.py:120} INFO - [2024-08-01T09:27:25.174+0000] {dag.py:2585} INFO - Sync 1 DAGs
[2024-08-01T09:27:25.203+0000] {logging_mixin.py:120} INFO - [2024-08-01T09:27:25.202+0000] {dag.py:3340} INFO - Setting next_dagrun for example_task_group_decorator to 2024-07-31T09:27:25.202639+00:00, run_after=2024-08-01T09:27:25.202639+00:00
[2024-08-01T09:27:25.230+0000] {processor.py:176} INFO - Processing /home/airflow/.local/lib/python3.7/site-packages/airflow/example_dags/example_task_group_decorator.py took 0.157 seconds
[2024-08-01T09:27:55.638+0000] {processor.py:154} INFO - Started process (PID=3578) to work on /home/airflow/.local/lib/python3.7/site-packages/airflow/example_dags/example_task_group_decorator.py
[2024-08-01T09:27:55.639+0000] {processor.py:756} INFO - Processing file /home/airflow/.local/lib/python3.7/site-packages/airflow/example_dags/example_task_group_decorator.py for tasks to queue
[2024-08-01T09:27:55.641+0000] {logging_mixin.py:120} INFO - [2024-08-01T09:27:55.641+0000] {dagbag.py:537} INFO - Filling up the DagBag from /home/airflow/.local/lib/python3.7/site-packages/airflow/example_dags/example_task_group_decorator.py
[2024-08-01T09:27:55.669+0000] {processor.py:766} INFO - DAG(s) dict_keys(['example_task_group_decorator']) retrieved from /home/airflow/.local/lib/python3.7/site-packages/airflow/example_dags/example_task_group_decorator.py
[2024-08-01T09:27:55.768+0000] {logging_mixin.py:120} INFO - [2024-08-01T09:27:55.768+0000] {dag.py:2585} INFO - Sync 1 DAGs
[2024-08-01T09:27:55.794+0000] {logging_mixin.py:120} INFO - [2024-08-01T09:27:55.794+0000] {dag.py:3340} INFO - Setting next_dagrun for example_task_group_decorator to 2024-07-31T09:27:55.793822+00:00, run_after=2024-08-01T09:27:55.793822+00:00
[2024-08-01T09:27:55.823+0000] {processor.py:176} INFO - Processing /home/airflow/.local/lib/python3.7/site-packages/airflow/example_dags/example_task_group_decorator.py took 0.189 seconds
[2024-08-01T09:28:28.055+0000] {processor.py:154} INFO - Started process (PID=3642) to work on /home/airflow/.local/lib/python3.7/site-packages/airflow/example_dags/example_task_group_decorator.py
[2024-08-01T09:28:28.057+0000] {processor.py:756} INFO - Processing file /home/airflow/.local/lib/python3.7/site-packages/airflow/example_dags/example_task_group_decorator.py for tasks to queue
[2024-08-01T09:28:28.058+0000] {logging_mixin.py:120} INFO - [2024-08-01T09:28:28.058+0000] {dagbag.py:537} INFO - Filling up the DagBag from /home/airflow/.local/lib/python3.7/site-packages/airflow/example_dags/example_task_group_decorator.py
[2024-08-01T09:28:28.092+0000] {processor.py:766} INFO - DAG(s) dict_keys(['example_task_group_decorator']) retrieved from /home/airflow/.local/lib/python3.7/site-packages/airflow/example_dags/example_task_group_decorator.py
[2024-08-01T09:28:28.135+0000] {logging_mixin.py:120} INFO - [2024-08-01T09:28:28.135+0000] {dag.py:2585} INFO - Sync 1 DAGs
[2024-08-01T09:28:28.163+0000] {logging_mixin.py:120} INFO - [2024-08-01T09:28:28.163+0000] {dag.py:3340} INFO - Setting next_dagrun for example_task_group_decorator to 2024-07-31T09:28:28.163303+00:00, run_after=2024-08-01T09:28:28.163303+00:00
[2024-08-01T09:28:28.192+0000] {processor.py:176} INFO - Processing /home/airflow/.local/lib/python3.7/site-packages/airflow/example_dags/example_task_group_decorator.py took 0.144 seconds
[2024-08-01T09:28:58.373+0000] {processor.py:154} INFO - Started process (PID=3706) to work on /home/airflow/.local/lib/python3.7/site-packages/airflow/example_dags/example_task_group_decorator.py
[2024-08-01T09:28:58.375+0000] {processor.py:756} INFO - Processing file /home/airflow/.local/lib/python3.7/site-packages/airflow/example_dags/example_task_group_decorator.py for tasks to queue
[2024-08-01T09:28:58.376+0000] {logging_mixin.py:120} INFO - [2024-08-01T09:28:58.376+0000] {dagbag.py:537} INFO - Filling up the DagBag from /home/airflow/.local/lib/python3.7/site-packages/airflow/example_dags/example_task_group_decorator.py
[2024-08-01T09:28:58.402+0000] {processor.py:766} INFO - DAG(s) dict_keys(['example_task_group_decorator']) retrieved from /home/airflow/.local/lib/python3.7/site-packages/airflow/example_dags/example_task_group_decorator.py
[2024-08-01T09:28:58.441+0000] {logging_mixin.py:120} INFO - [2024-08-01T09:28:58.441+0000] {dag.py:2585} INFO - Sync 1 DAGs
[2024-08-01T09:28:58.466+0000] {logging_mixin.py:120} INFO - [2024-08-01T09:28:58.466+0000] {dag.py:3340} INFO - Setting next_dagrun for example_task_group_decorator to 2024-07-31T09:28:58.466029+00:00, run_after=2024-08-01T09:28:58.466029+00:00
[2024-08-01T09:28:58.493+0000] {processor.py:176} INFO - Processing /home/airflow/.local/lib/python3.7/site-packages/airflow/example_dags/example_task_group_decorator.py took 0.123 seconds
[2024-08-01T09:29:29.264+0000] {processor.py:154} INFO - Started process (PID=3761) to work on /home/airflow/.local/lib/python3.7/site-packages/airflow/example_dags/example_task_group_decorator.py
[2024-08-01T09:29:29.267+0000] {processor.py:756} INFO - Processing file /home/airflow/.local/lib/python3.7/site-packages/airflow/example_dags/example_task_group_decorator.py for tasks to queue
[2024-08-01T09:29:29.269+0000] {logging_mixin.py:120} INFO - [2024-08-01T09:29:29.269+0000] {dagbag.py:537} INFO - Filling up the DagBag from /home/airflow/.local/lib/python3.7/site-packages/airflow/example_dags/example_task_group_decorator.py
[2024-08-01T09:29:29.300+0000] {processor.py:766} INFO - DAG(s) dict_keys(['example_task_group_decorator']) retrieved from /home/airflow/.local/lib/python3.7/site-packages/airflow/example_dags/example_task_group_decorator.py
[2024-08-01T09:29:29.428+0000] {logging_mixin.py:120} INFO - [2024-08-01T09:29:29.428+0000] {dag.py:2585} INFO - Sync 1 DAGs
[2024-08-01T09:29:29.551+0000] {logging_mixin.py:120} INFO - [2024-08-01T09:29:29.551+0000] {dag.py:3340} INFO - Setting next_dagrun for example_task_group_decorator to 2024-07-31T09:29:29.551131+00:00, run_after=2024-08-01T09:29:29.551131+00:00
[2024-08-01T09:29:29.661+0000] {processor.py:176} INFO - Processing /home/airflow/.local/lib/python3.7/site-packages/airflow/example_dags/example_task_group_decorator.py took 0.400 seconds
[2024-08-01T09:30:00.972+0000] {processor.py:154} INFO - Started process (PID=3826) to work on /home/airflow/.local/lib/python3.7/site-packages/airflow/example_dags/example_task_group_decorator.py
[2024-08-01T09:30:01.016+0000] {processor.py:756} INFO - Processing file /home/airflow/.local/lib/python3.7/site-packages/airflow/example_dags/example_task_group_decorator.py for tasks to queue
[2024-08-01T09:30:01.023+0000] {logging_mixin.py:120} INFO - [2024-08-01T09:30:01.023+0000] {dagbag.py:537} INFO - Filling up the DagBag from /home/airflow/.local/lib/python3.7/site-packages/airflow/example_dags/example_task_group_decorator.py
[2024-08-01T09:30:01.098+0000] {processor.py:766} INFO - DAG(s) dict_keys(['example_task_group_decorator']) retrieved from /home/airflow/.local/lib/python3.7/site-packages/airflow/example_dags/example_task_group_decorator.py
[2024-08-01T09:30:01.158+0000] {logging_mixin.py:120} INFO - [2024-08-01T09:30:01.157+0000] {dag.py:2585} INFO - Sync 1 DAGs
[2024-08-01T09:30:01.189+0000] {logging_mixin.py:120} INFO - [2024-08-01T09:30:01.188+0000] {dag.py:3340} INFO - Setting next_dagrun for example_task_group_decorator to 2024-07-31T09:30:01.188627+00:00, run_after=2024-08-01T09:30:01.188627+00:00
[2024-08-01T09:30:01.227+0000] {processor.py:176} INFO - Processing /home/airflow/.local/lib/python3.7/site-packages/airflow/example_dags/example_task_group_decorator.py took 0.261 seconds
[2024-08-01T09:30:31.794+0000] {processor.py:154} INFO - Started process (PID=3890) to work on /home/airflow/.local/lib/python3.7/site-packages/airflow/example_dags/example_task_group_decorator.py
[2024-08-01T09:30:31.796+0000] {processor.py:756} INFO - Processing file /home/airflow/.local/lib/python3.7/site-packages/airflow/example_dags/example_task_group_decorator.py for tasks to queue
[2024-08-01T09:30:31.799+0000] {logging_mixin.py:120} INFO - [2024-08-01T09:30:31.799+0000] {dagbag.py:537} INFO - Filling up the DagBag from /home/airflow/.local/lib/python3.7/site-packages/airflow/example_dags/example_task_group_decorator.py
[2024-08-01T09:30:31.837+0000] {processor.py:766} INFO - DAG(s) dict_keys(['example_task_group_decorator']) retrieved from /home/airflow/.local/lib/python3.7/site-packages/airflow/example_dags/example_task_group_decorator.py
[2024-08-01T09:30:31.903+0000] {logging_mixin.py:120} INFO - [2024-08-01T09:30:31.903+0000] {dag.py:2585} INFO - Sync 1 DAGs
[2024-08-01T09:30:31.936+0000] {logging_mixin.py:120} INFO - [2024-08-01T09:30:31.936+0000] {dag.py:3340} INFO - Setting next_dagrun for example_task_group_decorator to 2024-07-31T09:30:31.936221+00:00, run_after=2024-08-01T09:30:31.936221+00:00
[2024-08-01T09:30:31.964+0000] {processor.py:176} INFO - Processing /home/airflow/.local/lib/python3.7/site-packages/airflow/example_dags/example_task_group_decorator.py took 0.173 seconds
[2024-08-01T09:31:02.604+0000] {processor.py:154} INFO - Started process (PID=3945) to work on /home/airflow/.local/lib/python3.7/site-packages/airflow/example_dags/example_task_group_decorator.py
[2024-08-01T09:31:02.608+0000] {processor.py:756} INFO - Processing file /home/airflow/.local/lib/python3.7/site-packages/airflow/example_dags/example_task_group_decorator.py for tasks to queue
[2024-08-01T09:31:02.609+0000] {logging_mixin.py:120} INFO - [2024-08-01T09:31:02.609+0000] {dagbag.py:537} INFO - Filling up the DagBag from /home/airflow/.local/lib/python3.7/site-packages/airflow/example_dags/example_task_group_decorator.py
[2024-08-01T09:31:02.648+0000] {processor.py:766} INFO - DAG(s) dict_keys(['example_task_group_decorator']) retrieved from /home/airflow/.local/lib/python3.7/site-packages/airflow/example_dags/example_task_group_decorator.py
[2024-08-01T09:31:02.696+0000] {logging_mixin.py:120} INFO - [2024-08-01T09:31:02.696+0000] {dag.py:2585} INFO - Sync 1 DAGs
[2024-08-01T09:31:02.721+0000] {logging_mixin.py:120} INFO - [2024-08-01T09:31:02.721+0000] {dag.py:3340} INFO - Setting next_dagrun for example_task_group_decorator to 2024-07-31T09:31:02.721166+00:00, run_after=2024-08-01T09:31:02.721166+00:00
[2024-08-01T09:31:02.745+0000] {processor.py:176} INFO - Processing /home/airflow/.local/lib/python3.7/site-packages/airflow/example_dags/example_task_group_decorator.py took 0.145 seconds
[2024-08-01T09:31:33.412+0000] {processor.py:154} INFO - Started process (PID=4009) to work on /home/airflow/.local/lib/python3.7/site-packages/airflow/example_dags/example_task_group_decorator.py
[2024-08-01T09:31:33.417+0000] {processor.py:756} INFO - Processing file /home/airflow/.local/lib/python3.7/site-packages/airflow/example_dags/example_task_group_decorator.py for tasks to queue
[2024-08-01T09:31:33.418+0000] {logging_mixin.py:120} INFO - [2024-08-01T09:31:33.418+0000] {dagbag.py:537} INFO - Filling up the DagBag from /home/airflow/.local/lib/python3.7/site-packages/airflow/example_dags/example_task_group_decorator.py
[2024-08-01T09:31:33.453+0000] {processor.py:766} INFO - DAG(s) dict_keys(['example_task_group_decorator']) retrieved from /home/airflow/.local/lib/python3.7/site-packages/airflow/example_dags/example_task_group_decorator.py
[2024-08-01T09:31:33.521+0000] {logging_mixin.py:120} INFO - [2024-08-01T09:31:33.520+0000] {dag.py:2585} INFO - Sync 1 DAGs
[2024-08-01T09:31:33.593+0000] {logging_mixin.py:120} INFO - [2024-08-01T09:31:33.592+0000] {dag.py:3340} INFO - Setting next_dagrun for example_task_group_decorator to 2024-07-31T09:31:33.592316+00:00, run_after=2024-08-01T09:31:33.592316+00:00
[2024-08-01T09:31:33.640+0000] {processor.py:176} INFO - Processing /home/airflow/.local/lib/python3.7/site-packages/airflow/example_dags/example_task_group_decorator.py took 0.234 seconds
[2024-08-01T09:32:04.135+0000] {processor.py:154} INFO - Started process (PID=4075) to work on /home/airflow/.local/lib/python3.7/site-packages/airflow/example_dags/example_task_group_decorator.py
[2024-08-01T09:32:04.137+0000] {processor.py:756} INFO - Processing file /home/airflow/.local/lib/python3.7/site-packages/airflow/example_dags/example_task_group_decorator.py for tasks to queue
[2024-08-01T09:32:04.139+0000] {logging_mixin.py:120} INFO - [2024-08-01T09:32:04.137+0000] {dagbag.py:537} INFO - Filling up the DagBag from /home/airflow/.local/lib/python3.7/site-packages/airflow/example_dags/example_task_group_decorator.py
[2024-08-01T09:32:04.182+0000] {processor.py:766} INFO - DAG(s) dict_keys(['example_task_group_decorator']) retrieved from /home/airflow/.local/lib/python3.7/site-packages/airflow/example_dags/example_task_group_decorator.py
[2024-08-01T09:32:04.290+0000] {logging_mixin.py:120} INFO - [2024-08-01T09:32:04.290+0000] {dag.py:2585} INFO - Sync 1 DAGs
[2024-08-01T09:32:04.376+0000] {logging_mixin.py:120} INFO - [2024-08-01T09:32:04.376+0000] {dag.py:3340} INFO - Setting next_dagrun for example_task_group_decorator to 2024-07-31T09:32:04.376289+00:00, run_after=2024-08-01T09:32:04.376289+00:00
[2024-08-01T09:32:04.419+0000] {processor.py:176} INFO - Processing /home/airflow/.local/lib/python3.7/site-packages/airflow/example_dags/example_task_group_decorator.py took 0.288 seconds
[2024-08-01T09:32:34.655+0000] {processor.py:154} INFO - Started process (PID=4130) to work on /home/airflow/.local/lib/python3.7/site-packages/airflow/example_dags/example_task_group_decorator.py
[2024-08-01T09:32:34.657+0000] {processor.py:756} INFO - Processing file /home/airflow/.local/lib/python3.7/site-packages/airflow/example_dags/example_task_group_decorator.py for tasks to queue
[2024-08-01T09:32:34.661+0000] {logging_mixin.py:120} INFO - [2024-08-01T09:32:34.661+0000] {dagbag.py:537} INFO - Filling up the DagBag from /home/airflow/.local/lib/python3.7/site-packages/airflow/example_dags/example_task_group_decorator.py
[2024-08-01T09:32:34.697+0000] {processor.py:766} INFO - DAG(s) dict_keys(['example_task_group_decorator']) retrieved from /home/airflow/.local/lib/python3.7/site-packages/airflow/example_dags/example_task_group_decorator.py
[2024-08-01T09:32:34.857+0000] {logging_mixin.py:120} INFO - [2024-08-01T09:32:34.857+0000] {dag.py:2585} INFO - Sync 1 DAGs
[2024-08-01T09:32:35.018+0000] {logging_mixin.py:120} INFO - [2024-08-01T09:32:35.018+0000] {dag.py:3340} INFO - Setting next_dagrun for example_task_group_decorator to 2024-07-31T09:32:35.018236+00:00, run_after=2024-08-01T09:32:35.018236+00:00
[2024-08-01T09:32:35.047+0000] {processor.py:176} INFO - Processing /home/airflow/.local/lib/python3.7/site-packages/airflow/example_dags/example_task_group_decorator.py took 0.395 seconds
[2024-08-01T09:33:05.533+0000] {processor.py:154} INFO - Started process (PID=4194) to work on /home/airflow/.local/lib/python3.7/site-packages/airflow/example_dags/example_task_group_decorator.py
[2024-08-01T09:33:05.534+0000] {processor.py:756} INFO - Processing file /home/airflow/.local/lib/python3.7/site-packages/airflow/example_dags/example_task_group_decorator.py for tasks to queue
[2024-08-01T09:33:05.536+0000] {logging_mixin.py:120} INFO - [2024-08-01T09:33:05.535+0000] {dagbag.py:537} INFO - Filling up the DagBag from /home/airflow/.local/lib/python3.7/site-packages/airflow/example_dags/example_task_group_decorator.py
[2024-08-01T09:33:05.574+0000] {processor.py:766} INFO - DAG(s) dict_keys(['example_task_group_decorator']) retrieved from /home/airflow/.local/lib/python3.7/site-packages/airflow/example_dags/example_task_group_decorator.py
[2024-08-01T09:33:05.651+0000] {logging_mixin.py:120} INFO - [2024-08-01T09:33:05.651+0000] {dag.py:2585} INFO - Sync 1 DAGs
[2024-08-01T09:33:05.703+0000] {logging_mixin.py:120} INFO - [2024-08-01T09:33:05.702+0000] {dag.py:3340} INFO - Setting next_dagrun for example_task_group_decorator to 2024-07-31T09:33:05.702297+00:00, run_after=2024-08-01T09:33:05.702297+00:00
[2024-08-01T09:33:05.732+0000] {processor.py:176} INFO - Processing /home/airflow/.local/lib/python3.7/site-packages/airflow/example_dags/example_task_group_decorator.py took 0.202 seconds
[2024-08-01T09:33:36.211+0000] {processor.py:154} INFO - Started process (PID=4258) to work on /home/airflow/.local/lib/python3.7/site-packages/airflow/example_dags/example_task_group_decorator.py
[2024-08-01T09:33:36.212+0000] {processor.py:756} INFO - Processing file /home/airflow/.local/lib/python3.7/site-packages/airflow/example_dags/example_task_group_decorator.py for tasks to queue
[2024-08-01T09:33:36.213+0000] {logging_mixin.py:120} INFO - [2024-08-01T09:33:36.213+0000] {dagbag.py:537} INFO - Filling up the DagBag from /home/airflow/.local/lib/python3.7/site-packages/airflow/example_dags/example_task_group_decorator.py
[2024-08-01T09:33:36.267+0000] {processor.py:766} INFO - DAG(s) dict_keys(['example_task_group_decorator']) retrieved from /home/airflow/.local/lib/python3.7/site-packages/airflow/example_dags/example_task_group_decorator.py
[2024-08-01T09:33:36.325+0000] {logging_mixin.py:120} INFO - [2024-08-01T09:33:36.325+0000] {dag.py:2585} INFO - Sync 1 DAGs
[2024-08-01T09:33:36.389+0000] {logging_mixin.py:120} INFO - [2024-08-01T09:33:36.389+0000] {dag.py:3340} INFO - Setting next_dagrun for example_task_group_decorator to 2024-07-31T09:33:36.389014+00:00, run_after=2024-08-01T09:33:36.389014+00:00
[2024-08-01T09:33:36.438+0000] {processor.py:176} INFO - Processing /home/airflow/.local/lib/python3.7/site-packages/airflow/example_dags/example_task_group_decorator.py took 0.231 seconds
[2024-08-01T09:34:06.894+0000] {processor.py:154} INFO - Started process (PID=4314) to work on /home/airflow/.local/lib/python3.7/site-packages/airflow/example_dags/example_task_group_decorator.py
[2024-08-01T09:34:06.896+0000] {processor.py:756} INFO - Processing file /home/airflow/.local/lib/python3.7/site-packages/airflow/example_dags/example_task_group_decorator.py for tasks to queue
[2024-08-01T09:34:06.897+0000] {logging_mixin.py:120} INFO - [2024-08-01T09:34:06.897+0000] {dagbag.py:537} INFO - Filling up the DagBag from /home/airflow/.local/lib/python3.7/site-packages/airflow/example_dags/example_task_group_decorator.py
[2024-08-01T09:34:06.921+0000] {processor.py:766} INFO - DAG(s) dict_keys(['example_task_group_decorator']) retrieved from /home/airflow/.local/lib/python3.7/site-packages/airflow/example_dags/example_task_group_decorator.py
[2024-08-01T09:34:06.966+0000] {logging_mixin.py:120} INFO - [2024-08-01T09:34:06.966+0000] {dag.py:2585} INFO - Sync 1 DAGs
[2024-08-01T09:34:06.988+0000] {logging_mixin.py:120} INFO - [2024-08-01T09:34:06.988+0000] {dag.py:3340} INFO - Setting next_dagrun for example_task_group_decorator to 2024-07-31T09:34:06.988507+00:00, run_after=2024-08-01T09:34:06.988507+00:00
[2024-08-01T09:34:07.010+0000] {processor.py:176} INFO - Processing /home/airflow/.local/lib/python3.7/site-packages/airflow/example_dags/example_task_group_decorator.py took 0.120 seconds
[2024-08-01T09:34:37.943+0000] {processor.py:154} INFO - Started process (PID=4378) to work on /home/airflow/.local/lib/python3.7/site-packages/airflow/example_dags/example_task_group_decorator.py
[2024-08-01T09:34:38.023+0000] {processor.py:756} INFO - Processing file /home/airflow/.local/lib/python3.7/site-packages/airflow/example_dags/example_task_group_decorator.py for tasks to queue
[2024-08-01T09:34:38.028+0000] {logging_mixin.py:120} INFO - [2024-08-01T09:34:38.028+0000] {dagbag.py:537} INFO - Filling up the DagBag from /home/airflow/.local/lib/python3.7/site-packages/airflow/example_dags/example_task_group_decorator.py
[2024-08-01T09:34:38.078+0000] {processor.py:766} INFO - DAG(s) dict_keys(['example_task_group_decorator']) retrieved from /home/airflow/.local/lib/python3.7/site-packages/airflow/example_dags/example_task_group_decorator.py
[2024-08-01T09:34:38.183+0000] {logging_mixin.py:120} INFO - [2024-08-01T09:34:38.183+0000] {dag.py:2585} INFO - Sync 1 DAGs
[2024-08-01T09:34:38.278+0000] {logging_mixin.py:120} INFO - [2024-08-01T09:34:38.277+0000] {dag.py:3340} INFO - Setting next_dagrun for example_task_group_decorator to 2024-07-31T09:34:38.277619+00:00, run_after=2024-08-01T09:34:38.277619+00:00
[2024-08-01T09:34:38.427+0000] {processor.py:176} INFO - Processing /home/airflow/.local/lib/python3.7/site-packages/airflow/example_dags/example_task_group_decorator.py took 0.488 seconds
[2024-08-01T09:35:08.681+0000] {processor.py:154} INFO - Started process (PID=4442) to work on /home/airflow/.local/lib/python3.7/site-packages/airflow/example_dags/example_task_group_decorator.py
[2024-08-01T09:35:08.682+0000] {processor.py:756} INFO - Processing file /home/airflow/.local/lib/python3.7/site-packages/airflow/example_dags/example_task_group_decorator.py for tasks to queue
[2024-08-01T09:35:08.683+0000] {logging_mixin.py:120} INFO - [2024-08-01T09:35:08.683+0000] {dagbag.py:537} INFO - Filling up the DagBag from /home/airflow/.local/lib/python3.7/site-packages/airflow/example_dags/example_task_group_decorator.py
[2024-08-01T09:35:08.708+0000] {processor.py:766} INFO - DAG(s) dict_keys(['example_task_group_decorator']) retrieved from /home/airflow/.local/lib/python3.7/site-packages/airflow/example_dags/example_task_group_decorator.py
[2024-08-01T09:35:08.750+0000] {logging_mixin.py:120} INFO - [2024-08-01T09:35:08.749+0000] {dag.py:2585} INFO - Sync 1 DAGs
[2024-08-01T09:35:08.806+0000] {logging_mixin.py:120} INFO - [2024-08-01T09:35:08.806+0000] {dag.py:3340} INFO - Setting next_dagrun for example_task_group_decorator to 2024-07-31T09:35:08.806017+00:00, run_after=2024-08-01T09:35:08.806017+00:00
[2024-08-01T09:35:08.827+0000] {processor.py:176} INFO - Processing /home/airflow/.local/lib/python3.7/site-packages/airflow/example_dags/example_task_group_decorator.py took 0.150 seconds
[2024-08-01T09:35:39.198+0000] {processor.py:154} INFO - Started process (PID=4498) to work on /home/airflow/.local/lib/python3.7/site-packages/airflow/example_dags/example_task_group_decorator.py
[2024-08-01T09:35:39.201+0000] {processor.py:756} INFO - Processing file /home/airflow/.local/lib/python3.7/site-packages/airflow/example_dags/example_task_group_decorator.py for tasks to queue
[2024-08-01T09:35:39.202+0000] {logging_mixin.py:120} INFO - [2024-08-01T09:35:39.202+0000] {dagbag.py:537} INFO - Filling up the DagBag from /home/airflow/.local/lib/python3.7/site-packages/airflow/example_dags/example_task_group_decorator.py
[2024-08-01T09:35:39.236+0000] {processor.py:766} INFO - DAG(s) dict_keys(['example_task_group_decorator']) retrieved from /home/airflow/.local/lib/python3.7/site-packages/airflow/example_dags/example_task_group_decorator.py
[2024-08-01T09:35:39.274+0000] {logging_mixin.py:120} INFO - [2024-08-01T09:35:39.273+0000] {dag.py:2585} INFO - Sync 1 DAGs
[2024-08-01T09:35:39.294+0000] {logging_mixin.py:120} INFO - [2024-08-01T09:35:39.294+0000] {dag.py:3340} INFO - Setting next_dagrun for example_task_group_decorator to 2024-07-31T09:35:39.293910+00:00, run_after=2024-08-01T09:35:39.293910+00:00
[2024-08-01T09:35:39.314+0000] {processor.py:176} INFO - Processing /home/airflow/.local/lib/python3.7/site-packages/airflow/example_dags/example_task_group_decorator.py took 0.119 seconds
[2024-08-01T09:36:10.207+0000] {processor.py:154} INFO - Started process (PID=4562) to work on /home/airflow/.local/lib/python3.7/site-packages/airflow/example_dags/example_task_group_decorator.py
[2024-08-01T09:36:10.208+0000] {processor.py:756} INFO - Processing file /home/airflow/.local/lib/python3.7/site-packages/airflow/example_dags/example_task_group_decorator.py for tasks to queue
[2024-08-01T09:36:10.210+0000] {logging_mixin.py:120} INFO - [2024-08-01T09:36:10.210+0000] {dagbag.py:537} INFO - Filling up the DagBag from /home/airflow/.local/lib/python3.7/site-packages/airflow/example_dags/example_task_group_decorator.py
[2024-08-01T09:36:10.230+0000] {processor.py:766} INFO - DAG(s) dict_keys(['example_task_group_decorator']) retrieved from /home/airflow/.local/lib/python3.7/site-packages/airflow/example_dags/example_task_group_decorator.py
[2024-08-01T09:36:10.262+0000] {logging_mixin.py:120} INFO - [2024-08-01T09:36:10.262+0000] {dag.py:2585} INFO - Sync 1 DAGs
[2024-08-01T09:36:10.283+0000] {logging_mixin.py:120} INFO - [2024-08-01T09:36:10.283+0000] {dag.py:3340} INFO - Setting next_dagrun for example_task_group_decorator to 2024-07-31T09:36:10.283104+00:00, run_after=2024-08-01T09:36:10.283104+00:00
[2024-08-01T09:36:10.300+0000] {processor.py:176} INFO - Processing /home/airflow/.local/lib/python3.7/site-packages/airflow/example_dags/example_task_group_decorator.py took 0.096 seconds
[2024-08-01T09:36:41.241+0000] {processor.py:154} INFO - Started process (PID=4633) to work on /home/airflow/.local/lib/python3.7/site-packages/airflow/example_dags/example_task_group_decorator.py
[2024-08-01T09:36:41.245+0000] {processor.py:756} INFO - Processing file /home/airflow/.local/lib/python3.7/site-packages/airflow/example_dags/example_task_group_decorator.py for tasks to queue
[2024-08-01T09:36:41.247+0000] {logging_mixin.py:120} INFO - [2024-08-01T09:36:41.247+0000] {dagbag.py:537} INFO - Filling up the DagBag from /home/airflow/.local/lib/python3.7/site-packages/airflow/example_dags/example_task_group_decorator.py
[2024-08-01T09:36:41.273+0000] {processor.py:766} INFO - DAG(s) dict_keys(['example_task_group_decorator']) retrieved from /home/airflow/.local/lib/python3.7/site-packages/airflow/example_dags/example_task_group_decorator.py
[2024-08-01T09:36:41.320+0000] {logging_mixin.py:120} INFO - [2024-08-01T09:36:41.320+0000] {dag.py:2585} INFO - Sync 1 DAGs
[2024-08-01T09:36:41.347+0000] {logging_mixin.py:120} INFO - [2024-08-01T09:36:41.347+0000] {dag.py:3340} INFO - Setting next_dagrun for example_task_group_decorator to 2024-07-31T09:36:41.347127+00:00, run_after=2024-08-01T09:36:41.347127+00:00
[2024-08-01T09:36:41.376+0000] {processor.py:176} INFO - Processing /home/airflow/.local/lib/python3.7/site-packages/airflow/example_dags/example_task_group_decorator.py took 0.138 seconds
[2024-08-01T09:37:11.433+0000] {processor.py:154} INFO - Started process (PID=4698) to work on /home/airflow/.local/lib/python3.7/site-packages/airflow/example_dags/example_task_group_decorator.py
[2024-08-01T09:37:11.434+0000] {processor.py:756} INFO - Processing file /home/airflow/.local/lib/python3.7/site-packages/airflow/example_dags/example_task_group_decorator.py for tasks to queue
[2024-08-01T09:37:11.435+0000] {logging_mixin.py:120} INFO - [2024-08-01T09:37:11.435+0000] {dagbag.py:537} INFO - Filling up the DagBag from /home/airflow/.local/lib/python3.7/site-packages/airflow/example_dags/example_task_group_decorator.py
[2024-08-01T09:37:11.468+0000] {processor.py:766} INFO - DAG(s) dict_keys(['example_task_group_decorator']) retrieved from /home/airflow/.local/lib/python3.7/site-packages/airflow/example_dags/example_task_group_decorator.py
[2024-08-01T09:37:11.511+0000] {logging_mixin.py:120} INFO - [2024-08-01T09:37:11.511+0000] {dag.py:2585} INFO - Sync 1 DAGs
[2024-08-01T09:37:11.529+0000] {logging_mixin.py:120} INFO - [2024-08-01T09:37:11.529+0000] {dag.py:3340} INFO - Setting next_dagrun for example_task_group_decorator to 2024-07-31T09:37:11.528881+00:00, run_after=2024-08-01T09:37:11.528881+00:00
[2024-08-01T09:37:11.566+0000] {processor.py:176} INFO - Processing /home/airflow/.local/lib/python3.7/site-packages/airflow/example_dags/example_task_group_decorator.py took 0.135 seconds
[2024-08-01T09:37:42.476+0000] {processor.py:154} INFO - Started process (PID=4762) to work on /home/airflow/.local/lib/python3.7/site-packages/airflow/example_dags/example_task_group_decorator.py
[2024-08-01T09:37:42.485+0000] {processor.py:756} INFO - Processing file /home/airflow/.local/lib/python3.7/site-packages/airflow/example_dags/example_task_group_decorator.py for tasks to queue
[2024-08-01T09:37:42.488+0000] {logging_mixin.py:120} INFO - [2024-08-01T09:37:42.488+0000] {dagbag.py:537} INFO - Filling up the DagBag from /home/airflow/.local/lib/python3.7/site-packages/airflow/example_dags/example_task_group_decorator.py
[2024-08-01T09:37:42.514+0000] {processor.py:766} INFO - DAG(s) dict_keys(['example_task_group_decorator']) retrieved from /home/airflow/.local/lib/python3.7/site-packages/airflow/example_dags/example_task_group_decorator.py
[2024-08-01T09:37:42.559+0000] {logging_mixin.py:120} INFO - [2024-08-01T09:37:42.558+0000] {dag.py:2585} INFO - Sync 1 DAGs
[2024-08-01T09:37:42.578+0000] {logging_mixin.py:120} INFO - [2024-08-01T09:37:42.578+0000] {dag.py:3340} INFO - Setting next_dagrun for example_task_group_decorator to 2024-07-31T09:37:42.578507+00:00, run_after=2024-08-01T09:37:42.578507+00:00
[2024-08-01T09:37:42.603+0000] {processor.py:176} INFO - Processing /home/airflow/.local/lib/python3.7/site-packages/airflow/example_dags/example_task_group_decorator.py took 0.132 seconds
[2024-08-01T09:38:13.115+0000] {processor.py:154} INFO - Started process (PID=4817) to work on /home/airflow/.local/lib/python3.7/site-packages/airflow/example_dags/example_task_group_decorator.py
[2024-08-01T09:38:13.140+0000] {processor.py:756} INFO - Processing file /home/airflow/.local/lib/python3.7/site-packages/airflow/example_dags/example_task_group_decorator.py for tasks to queue
[2024-08-01T09:38:13.144+0000] {logging_mixin.py:120} INFO - [2024-08-01T09:38:13.143+0000] {dagbag.py:537} INFO - Filling up the DagBag from /home/airflow/.local/lib/python3.7/site-packages/airflow/example_dags/example_task_group_decorator.py
[2024-08-01T09:38:13.167+0000] {processor.py:766} INFO - DAG(s) dict_keys(['example_task_group_decorator']) retrieved from /home/airflow/.local/lib/python3.7/site-packages/airflow/example_dags/example_task_group_decorator.py
[2024-08-01T09:38:13.250+0000] {logging_mixin.py:120} INFO - [2024-08-01T09:38:13.249+0000] {dag.py:2585} INFO - Sync 1 DAGs
[2024-08-01T09:38:13.277+0000] {logging_mixin.py:120} INFO - [2024-08-01T09:38:13.277+0000] {dag.py:3340} INFO - Setting next_dagrun for example_task_group_decorator to 2024-07-31T09:38:13.277443+00:00, run_after=2024-08-01T09:38:13.277443+00:00
[2024-08-01T09:38:13.324+0000] {processor.py:176} INFO - Processing /home/airflow/.local/lib/python3.7/site-packages/airflow/example_dags/example_task_group_decorator.py took 0.213 seconds
[2024-08-01T09:38:44.312+0000] {processor.py:154} INFO - Started process (PID=4884) to work on /home/airflow/.local/lib/python3.7/site-packages/airflow/example_dags/example_task_group_decorator.py
[2024-08-01T09:38:44.316+0000] {processor.py:756} INFO - Processing file /home/airflow/.local/lib/python3.7/site-packages/airflow/example_dags/example_task_group_decorator.py for tasks to queue
[2024-08-01T09:38:44.317+0000] {logging_mixin.py:120} INFO - [2024-08-01T09:38:44.317+0000] {dagbag.py:537} INFO - Filling up the DagBag from /home/airflow/.local/lib/python3.7/site-packages/airflow/example_dags/example_task_group_decorator.py
[2024-08-01T09:38:44.340+0000] {processor.py:766} INFO - DAG(s) dict_keys(['example_task_group_decorator']) retrieved from /home/airflow/.local/lib/python3.7/site-packages/airflow/example_dags/example_task_group_decorator.py
[2024-08-01T09:38:44.378+0000] {logging_mixin.py:120} INFO - [2024-08-01T09:38:44.377+0000] {dag.py:2585} INFO - Sync 1 DAGs
[2024-08-01T09:38:44.412+0000] {logging_mixin.py:120} INFO - [2024-08-01T09:38:44.412+0000] {dag.py:3340} INFO - Setting next_dagrun for example_task_group_decorator to 2024-07-31T09:38:44.412476+00:00, run_after=2024-08-01T09:38:44.412476+00:00
[2024-08-01T09:38:44.430+0000] {processor.py:176} INFO - Processing /home/airflow/.local/lib/python3.7/site-packages/airflow/example_dags/example_task_group_decorator.py took 0.122 seconds
[2024-08-01T09:39:15.097+0000] {processor.py:154} INFO - Started process (PID=4948) to work on /home/airflow/.local/lib/python3.7/site-packages/airflow/example_dags/example_task_group_decorator.py
[2024-08-01T09:39:15.098+0000] {processor.py:756} INFO - Processing file /home/airflow/.local/lib/python3.7/site-packages/airflow/example_dags/example_task_group_decorator.py for tasks to queue
[2024-08-01T09:39:15.099+0000] {logging_mixin.py:120} INFO - [2024-08-01T09:39:15.099+0000] {dagbag.py:537} INFO - Filling up the DagBag from /home/airflow/.local/lib/python3.7/site-packages/airflow/example_dags/example_task_group_decorator.py
[2024-08-01T09:39:15.124+0000] {processor.py:766} INFO - DAG(s) dict_keys(['example_task_group_decorator']) retrieved from /home/airflow/.local/lib/python3.7/site-packages/airflow/example_dags/example_task_group_decorator.py
[2024-08-01T09:39:15.162+0000] {logging_mixin.py:120} INFO - [2024-08-01T09:39:15.162+0000] {dag.py:2585} INFO - Sync 1 DAGs
[2024-08-01T09:39:15.185+0000] {logging_mixin.py:120} INFO - [2024-08-01T09:39:15.185+0000] {dag.py:3340} INFO - Setting next_dagrun for example_task_group_decorator to 2024-07-31T09:39:15.185477+00:00, run_after=2024-08-01T09:39:15.185477+00:00
[2024-08-01T09:39:15.211+0000] {processor.py:176} INFO - Processing /home/airflow/.local/lib/python3.7/site-packages/airflow/example_dags/example_task_group_decorator.py took 0.117 seconds
[2024-08-01T09:39:45.751+0000] {processor.py:154} INFO - Started process (PID=5015) to work on /home/airflow/.local/lib/python3.7/site-packages/airflow/example_dags/example_task_group_decorator.py
[2024-08-01T09:39:45.803+0000] {processor.py:756} INFO - Processing file /home/airflow/.local/lib/python3.7/site-packages/airflow/example_dags/example_task_group_decorator.py for tasks to queue
[2024-08-01T09:39:45.815+0000] {logging_mixin.py:120} INFO - [2024-08-01T09:39:45.815+0000] {dagbag.py:537} INFO - Filling up the DagBag from /home/airflow/.local/lib/python3.7/site-packages/airflow/example_dags/example_task_group_decorator.py
[2024-08-01T09:39:45.839+0000] {processor.py:766} INFO - DAG(s) dict_keys(['example_task_group_decorator']) retrieved from /home/airflow/.local/lib/python3.7/site-packages/airflow/example_dags/example_task_group_decorator.py
[2024-08-01T09:39:45.869+0000] {logging_mixin.py:120} INFO - [2024-08-01T09:39:45.869+0000] {dag.py:2585} INFO - Sync 1 DAGs
[2024-08-01T09:39:45.889+0000] {logging_mixin.py:120} INFO - [2024-08-01T09:39:45.889+0000] {dag.py:3340} INFO - Setting next_dagrun for example_task_group_decorator to 2024-07-31T09:39:45.888971+00:00, run_after=2024-08-01T09:39:45.888971+00:00
[2024-08-01T09:39:45.908+0000] {processor.py:176} INFO - Processing /home/airflow/.local/lib/python3.7/site-packages/airflow/example_dags/example_task_group_decorator.py took 0.161 seconds
[2024-08-01T09:40:16.024+0000] {processor.py:154} INFO - Started process (PID=5082) to work on /home/airflow/.local/lib/python3.7/site-packages/airflow/example_dags/example_task_group_decorator.py
[2024-08-01T09:40:16.026+0000] {processor.py:756} INFO - Processing file /home/airflow/.local/lib/python3.7/site-packages/airflow/example_dags/example_task_group_decorator.py for tasks to queue
[2024-08-01T09:40:16.027+0000] {logging_mixin.py:120} INFO - [2024-08-01T09:40:16.027+0000] {dagbag.py:537} INFO - Filling up the DagBag from /home/airflow/.local/lib/python3.7/site-packages/airflow/example_dags/example_task_group_decorator.py
[2024-08-01T09:40:16.048+0000] {processor.py:766} INFO - DAG(s) dict_keys(['example_task_group_decorator']) retrieved from /home/airflow/.local/lib/python3.7/site-packages/airflow/example_dags/example_task_group_decorator.py
[2024-08-01T09:40:16.082+0000] {logging_mixin.py:120} INFO - [2024-08-01T09:40:16.082+0000] {dag.py:2585} INFO - Sync 1 DAGs
[2024-08-01T09:40:16.107+0000] {logging_mixin.py:120} INFO - [2024-08-01T09:40:16.107+0000] {dag.py:3340} INFO - Setting next_dagrun for example_task_group_decorator to 2024-07-31T09:40:16.107383+00:00, run_after=2024-08-01T09:40:16.107383+00:00
[2024-08-01T09:40:16.128+0000] {processor.py:176} INFO - Processing /home/airflow/.local/lib/python3.7/site-packages/airflow/example_dags/example_task_group_decorator.py took 0.106 seconds
[2024-08-01T09:40:46.771+0000] {processor.py:154} INFO - Started process (PID=5141) to work on /home/airflow/.local/lib/python3.7/site-packages/airflow/example_dags/example_task_group_decorator.py
[2024-08-01T09:40:46.774+0000] {processor.py:756} INFO - Processing file /home/airflow/.local/lib/python3.7/site-packages/airflow/example_dags/example_task_group_decorator.py for tasks to queue
[2024-08-01T09:40:46.777+0000] {logging_mixin.py:120} INFO - [2024-08-01T09:40:46.777+0000] {dagbag.py:537} INFO - Filling up the DagBag from /home/airflow/.local/lib/python3.7/site-packages/airflow/example_dags/example_task_group_decorator.py
[2024-08-01T09:40:46.812+0000] {processor.py:766} INFO - DAG(s) dict_keys(['example_task_group_decorator']) retrieved from /home/airflow/.local/lib/python3.7/site-packages/airflow/example_dags/example_task_group_decorator.py
[2024-08-01T09:40:46.853+0000] {logging_mixin.py:120} INFO - [2024-08-01T09:40:46.853+0000] {dag.py:2585} INFO - Sync 1 DAGs
[2024-08-01T09:40:46.873+0000] {logging_mixin.py:120} INFO - [2024-08-01T09:40:46.873+0000] {dag.py:3340} INFO - Setting next_dagrun for example_task_group_decorator to 2024-07-31T09:40:46.872781+00:00, run_after=2024-08-01T09:40:46.872781+00:00
[2024-08-01T09:40:46.894+0000] {processor.py:176} INFO - Processing /home/airflow/.local/lib/python3.7/site-packages/airflow/example_dags/example_task_group_decorator.py took 0.126 seconds
[2024-08-01T09:41:17.750+0000] {processor.py:154} INFO - Started process (PID=5205) to work on /home/airflow/.local/lib/python3.7/site-packages/airflow/example_dags/example_task_group_decorator.py
[2024-08-01T09:41:17.752+0000] {processor.py:756} INFO - Processing file /home/airflow/.local/lib/python3.7/site-packages/airflow/example_dags/example_task_group_decorator.py for tasks to queue
[2024-08-01T09:41:17.752+0000] {logging_mixin.py:120} INFO - [2024-08-01T09:41:17.752+0000] {dagbag.py:537} INFO - Filling up the DagBag from /home/airflow/.local/lib/python3.7/site-packages/airflow/example_dags/example_task_group_decorator.py
[2024-08-01T09:41:17.780+0000] {processor.py:766} INFO - DAG(s) dict_keys(['example_task_group_decorator']) retrieved from /home/airflow/.local/lib/python3.7/site-packages/airflow/example_dags/example_task_group_decorator.py
[2024-08-01T09:41:17.812+0000] {logging_mixin.py:120} INFO - [2024-08-01T09:41:17.812+0000] {dag.py:2585} INFO - Sync 1 DAGs
[2024-08-01T09:41:17.830+0000] {logging_mixin.py:120} INFO - [2024-08-01T09:41:17.829+0000] {dag.py:3340} INFO - Setting next_dagrun for example_task_group_decorator to 2024-07-31T09:41:17.829576+00:00, run_after=2024-08-01T09:41:17.829576+00:00
[2024-08-01T09:41:17.861+0000] {processor.py:176} INFO - Processing /home/airflow/.local/lib/python3.7/site-packages/airflow/example_dags/example_task_group_decorator.py took 0.113 seconds
[2024-08-01T09:41:48.003+0000] {processor.py:154} INFO - Started process (PID=5269) to work on /home/airflow/.local/lib/python3.7/site-packages/airflow/example_dags/example_task_group_decorator.py
[2024-08-01T09:41:48.004+0000] {processor.py:756} INFO - Processing file /home/airflow/.local/lib/python3.7/site-packages/airflow/example_dags/example_task_group_decorator.py for tasks to queue
[2024-08-01T09:41:48.005+0000] {logging_mixin.py:120} INFO - [2024-08-01T09:41:48.005+0000] {dagbag.py:537} INFO - Filling up the DagBag from /home/airflow/.local/lib/python3.7/site-packages/airflow/example_dags/example_task_group_decorator.py
[2024-08-01T09:41:48.035+0000] {processor.py:766} INFO - DAG(s) dict_keys(['example_task_group_decorator']) retrieved from /home/airflow/.local/lib/python3.7/site-packages/airflow/example_dags/example_task_group_decorator.py
[2024-08-01T09:41:48.079+0000] {logging_mixin.py:120} INFO - [2024-08-01T09:41:48.078+0000] {dag.py:2585} INFO - Sync 1 DAGs
[2024-08-01T09:41:48.099+0000] {logging_mixin.py:120} INFO - [2024-08-01T09:41:48.099+0000] {dag.py:3340} INFO - Setting next_dagrun for example_task_group_decorator to 2024-07-31T09:41:48.099362+00:00, run_after=2024-08-01T09:41:48.099362+00:00
[2024-08-01T09:41:48.119+0000] {processor.py:176} INFO - Processing /home/airflow/.local/lib/python3.7/site-packages/airflow/example_dags/example_task_group_decorator.py took 0.119 seconds
[2024-08-01T09:42:19.974+0000] {processor.py:154} INFO - Started process (PID=5337) to work on /home/airflow/.local/lib/python3.7/site-packages/airflow/example_dags/example_task_group_decorator.py
[2024-08-01T09:42:19.987+0000] {processor.py:756} INFO - Processing file /home/airflow/.local/lib/python3.7/site-packages/airflow/example_dags/example_task_group_decorator.py for tasks to queue
[2024-08-01T09:42:19.989+0000] {logging_mixin.py:120} INFO - [2024-08-01T09:42:19.988+0000] {dagbag.py:537} INFO - Filling up the DagBag from /home/airflow/.local/lib/python3.7/site-packages/airflow/example_dags/example_task_group_decorator.py
[2024-08-01T09:42:20.020+0000] {processor.py:766} INFO - DAG(s) dict_keys(['example_task_group_decorator']) retrieved from /home/airflow/.local/lib/python3.7/site-packages/airflow/example_dags/example_task_group_decorator.py
[2024-08-01T09:42:20.066+0000] {logging_mixin.py:120} INFO - [2024-08-01T09:42:20.066+0000] {dag.py:2585} INFO - Sync 1 DAGs
[2024-08-01T09:42:20.091+0000] {logging_mixin.py:120} INFO - [2024-08-01T09:42:20.090+0000] {dag.py:3340} INFO - Setting next_dagrun for example_task_group_decorator to 2024-07-31T09:42:20.090573+00:00, run_after=2024-08-01T09:42:20.090573+00:00
[2024-08-01T09:42:20.116+0000] {processor.py:176} INFO - Processing /home/airflow/.local/lib/python3.7/site-packages/airflow/example_dags/example_task_group_decorator.py took 0.149 seconds
[2024-08-01T09:42:50.904+0000] {processor.py:154} INFO - Started process (PID=5401) to work on /home/airflow/.local/lib/python3.7/site-packages/airflow/example_dags/example_task_group_decorator.py
[2024-08-01T09:42:50.906+0000] {processor.py:756} INFO - Processing file /home/airflow/.local/lib/python3.7/site-packages/airflow/example_dags/example_task_group_decorator.py for tasks to queue
[2024-08-01T09:42:50.908+0000] {logging_mixin.py:120} INFO - [2024-08-01T09:42:50.907+0000] {dagbag.py:537} INFO - Filling up the DagBag from /home/airflow/.local/lib/python3.7/site-packages/airflow/example_dags/example_task_group_decorator.py
[2024-08-01T09:42:50.934+0000] {processor.py:766} INFO - DAG(s) dict_keys(['example_task_group_decorator']) retrieved from /home/airflow/.local/lib/python3.7/site-packages/airflow/example_dags/example_task_group_decorator.py
[2024-08-01T09:42:50.972+0000] {logging_mixin.py:120} INFO - [2024-08-01T09:42:50.972+0000] {dag.py:2585} INFO - Sync 1 DAGs
[2024-08-01T09:42:50.992+0000] {logging_mixin.py:120} INFO - [2024-08-01T09:42:50.992+0000] {dag.py:3340} INFO - Setting next_dagrun for example_task_group_decorator to 2024-07-31T09:42:50.992280+00:00, run_after=2024-08-01T09:42:50.992280+00:00
[2024-08-01T09:42:51.010+0000] {processor.py:176} INFO - Processing /home/airflow/.local/lib/python3.7/site-packages/airflow/example_dags/example_task_group_decorator.py took 0.109 seconds
[2024-08-01T09:43:21.812+0000] {processor.py:154} INFO - Started process (PID=5456) to work on /home/airflow/.local/lib/python3.7/site-packages/airflow/example_dags/example_task_group_decorator.py
[2024-08-01T09:43:21.813+0000] {processor.py:756} INFO - Processing file /home/airflow/.local/lib/python3.7/site-packages/airflow/example_dags/example_task_group_decorator.py for tasks to queue
[2024-08-01T09:43:21.814+0000] {logging_mixin.py:120} INFO - [2024-08-01T09:43:21.814+0000] {dagbag.py:537} INFO - Filling up the DagBag from /home/airflow/.local/lib/python3.7/site-packages/airflow/example_dags/example_task_group_decorator.py
[2024-08-01T09:43:21.833+0000] {processor.py:766} INFO - DAG(s) dict_keys(['example_task_group_decorator']) retrieved from /home/airflow/.local/lib/python3.7/site-packages/airflow/example_dags/example_task_group_decorator.py
[2024-08-01T09:43:21.886+0000] {logging_mixin.py:120} INFO - [2024-08-01T09:43:21.886+0000] {dag.py:2585} INFO - Sync 1 DAGs
[2024-08-01T09:43:21.912+0000] {logging_mixin.py:120} INFO - [2024-08-01T09:43:21.912+0000] {dag.py:3340} INFO - Setting next_dagrun for example_task_group_decorator to 2024-07-31T09:43:21.912515+00:00, run_after=2024-08-01T09:43:21.912515+00:00
[2024-08-01T09:43:21.938+0000] {processor.py:176} INFO - Processing /home/airflow/.local/lib/python3.7/site-packages/airflow/example_dags/example_task_group_decorator.py took 0.128 seconds
[2024-08-01T09:43:52.355+0000] {processor.py:154} INFO - Started process (PID=5520) to work on /home/airflow/.local/lib/python3.7/site-packages/airflow/example_dags/example_task_group_decorator.py
[2024-08-01T09:43:52.357+0000] {processor.py:756} INFO - Processing file /home/airflow/.local/lib/python3.7/site-packages/airflow/example_dags/example_task_group_decorator.py for tasks to queue
[2024-08-01T09:43:52.360+0000] {logging_mixin.py:120} INFO - [2024-08-01T09:43:52.359+0000] {dagbag.py:537} INFO - Filling up the DagBag from /home/airflow/.local/lib/python3.7/site-packages/airflow/example_dags/example_task_group_decorator.py
[2024-08-01T09:43:52.411+0000] {processor.py:766} INFO - DAG(s) dict_keys(['example_task_group_decorator']) retrieved from /home/airflow/.local/lib/python3.7/site-packages/airflow/example_dags/example_task_group_decorator.py
[2024-08-01T09:43:52.458+0000] {logging_mixin.py:120} INFO - [2024-08-01T09:43:52.458+0000] {dag.py:2585} INFO - Sync 1 DAGs
[2024-08-01T09:43:52.483+0000] {logging_mixin.py:120} INFO - [2024-08-01T09:43:52.483+0000] {dag.py:3340} INFO - Setting next_dagrun for example_task_group_decorator to 2024-07-31T09:43:52.482960+00:00, run_after=2024-08-01T09:43:52.482960+00:00
[2024-08-01T09:43:52.512+0000] {processor.py:176} INFO - Processing /home/airflow/.local/lib/python3.7/site-packages/airflow/example_dags/example_task_group_decorator.py took 0.162 seconds
[2024-08-01T09:44:23.415+0000] {processor.py:154} INFO - Started process (PID=5583) to work on /home/airflow/.local/lib/python3.7/site-packages/airflow/example_dags/example_task_group_decorator.py
[2024-08-01T09:44:23.416+0000] {processor.py:756} INFO - Processing file /home/airflow/.local/lib/python3.7/site-packages/airflow/example_dags/example_task_group_decorator.py for tasks to queue
[2024-08-01T09:44:23.417+0000] {logging_mixin.py:120} INFO - [2024-08-01T09:44:23.417+0000] {dagbag.py:537} INFO - Filling up the DagBag from /home/airflow/.local/lib/python3.7/site-packages/airflow/example_dags/example_task_group_decorator.py
[2024-08-01T09:44:23.438+0000] {processor.py:766} INFO - DAG(s) dict_keys(['example_task_group_decorator']) retrieved from /home/airflow/.local/lib/python3.7/site-packages/airflow/example_dags/example_task_group_decorator.py
[2024-08-01T09:44:23.483+0000] {logging_mixin.py:120} INFO - [2024-08-01T09:44:23.483+0000] {dag.py:2585} INFO - Sync 1 DAGs
[2024-08-01T09:44:23.508+0000] {logging_mixin.py:120} INFO - [2024-08-01T09:44:23.508+0000] {dag.py:3340} INFO - Setting next_dagrun for example_task_group_decorator to 2024-07-31T09:44:23.508202+00:00, run_after=2024-08-01T09:44:23.508202+00:00
[2024-08-01T09:44:23.530+0000] {processor.py:176} INFO - Processing /home/airflow/.local/lib/python3.7/site-packages/airflow/example_dags/example_task_group_decorator.py took 0.119 seconds
[2024-08-01T09:44:53.804+0000] {processor.py:154} INFO - Started process (PID=5650) to work on /home/airflow/.local/lib/python3.7/site-packages/airflow/example_dags/example_task_group_decorator.py
[2024-08-01T09:44:53.805+0000] {processor.py:756} INFO - Processing file /home/airflow/.local/lib/python3.7/site-packages/airflow/example_dags/example_task_group_decorator.py for tasks to queue
[2024-08-01T09:44:53.806+0000] {logging_mixin.py:120} INFO - [2024-08-01T09:44:53.806+0000] {dagbag.py:537} INFO - Filling up the DagBag from /home/airflow/.local/lib/python3.7/site-packages/airflow/example_dags/example_task_group_decorator.py
[2024-08-01T09:44:53.829+0000] {processor.py:766} INFO - DAG(s) dict_keys(['example_task_group_decorator']) retrieved from /home/airflow/.local/lib/python3.7/site-packages/airflow/example_dags/example_task_group_decorator.py
[2024-08-01T09:44:53.877+0000] {logging_mixin.py:120} INFO - [2024-08-01T09:44:53.877+0000] {dag.py:2585} INFO - Sync 1 DAGs
[2024-08-01T09:44:53.902+0000] {logging_mixin.py:120} INFO - [2024-08-01T09:44:53.902+0000] {dag.py:3340} INFO - Setting next_dagrun for example_task_group_decorator to 2024-07-31T09:44:53.902230+00:00, run_after=2024-08-01T09:44:53.902230+00:00
[2024-08-01T09:44:53.931+0000] {processor.py:176} INFO - Processing /home/airflow/.local/lib/python3.7/site-packages/airflow/example_dags/example_task_group_decorator.py took 0.130 seconds
[2024-08-01T09:45:24.485+0000] {processor.py:154} INFO - Started process (PID=5713) to work on /home/airflow/.local/lib/python3.7/site-packages/airflow/example_dags/example_task_group_decorator.py
[2024-08-01T09:45:24.486+0000] {processor.py:756} INFO - Processing file /home/airflow/.local/lib/python3.7/site-packages/airflow/example_dags/example_task_group_decorator.py for tasks to queue
[2024-08-01T09:45:24.487+0000] {logging_mixin.py:120} INFO - [2024-08-01T09:45:24.487+0000] {dagbag.py:537} INFO - Filling up the DagBag from /home/airflow/.local/lib/python3.7/site-packages/airflow/example_dags/example_task_group_decorator.py
[2024-08-01T09:45:24.511+0000] {processor.py:766} INFO - DAG(s) dict_keys(['example_task_group_decorator']) retrieved from /home/airflow/.local/lib/python3.7/site-packages/airflow/example_dags/example_task_group_decorator.py
[2024-08-01T09:45:24.629+0000] {logging_mixin.py:120} INFO - [2024-08-01T09:45:24.629+0000] {dag.py:2585} INFO - Sync 1 DAGs
[2024-08-01T09:45:24.664+0000] {logging_mixin.py:120} INFO - [2024-08-01T09:45:24.664+0000] {dag.py:3340} INFO - Setting next_dagrun for example_task_group_decorator to 2024-07-31T09:45:24.663879+00:00, run_after=2024-08-01T09:45:24.663879+00:00
[2024-08-01T09:45:24.713+0000] {processor.py:176} INFO - Processing /home/airflow/.local/lib/python3.7/site-packages/airflow/example_dags/example_task_group_decorator.py took 0.232 seconds
[2024-08-01T09:45:54.883+0000] {processor.py:154} INFO - Started process (PID=5768) to work on /home/airflow/.local/lib/python3.7/site-packages/airflow/example_dags/example_task_group_decorator.py
[2024-08-01T09:45:54.884+0000] {processor.py:756} INFO - Processing file /home/airflow/.local/lib/python3.7/site-packages/airflow/example_dags/example_task_group_decorator.py for tasks to queue
[2024-08-01T09:45:54.885+0000] {logging_mixin.py:120} INFO - [2024-08-01T09:45:54.885+0000] {dagbag.py:537} INFO - Filling up the DagBag from /home/airflow/.local/lib/python3.7/site-packages/airflow/example_dags/example_task_group_decorator.py
[2024-08-01T09:45:54.908+0000] {processor.py:766} INFO - DAG(s) dict_keys(['example_task_group_decorator']) retrieved from /home/airflow/.local/lib/python3.7/site-packages/airflow/example_dags/example_task_group_decorator.py
[2024-08-01T09:45:54.948+0000] {logging_mixin.py:120} INFO - [2024-08-01T09:45:54.948+0000] {dag.py:2585} INFO - Sync 1 DAGs
[2024-08-01T09:45:54.972+0000] {logging_mixin.py:120} INFO - [2024-08-01T09:45:54.971+0000] {dag.py:3340} INFO - Setting next_dagrun for example_task_group_decorator to 2024-07-31T09:45:54.971666+00:00, run_after=2024-08-01T09:45:54.971666+00:00
[2024-08-01T09:45:54.992+0000] {processor.py:176} INFO - Processing /home/airflow/.local/lib/python3.7/site-packages/airflow/example_dags/example_task_group_decorator.py took 0.112 seconds
[2024-08-01T09:46:25.686+0000] {processor.py:154} INFO - Started process (PID=5832) to work on /home/airflow/.local/lib/python3.7/site-packages/airflow/example_dags/example_task_group_decorator.py
[2024-08-01T09:46:25.688+0000] {processor.py:756} INFO - Processing file /home/airflow/.local/lib/python3.7/site-packages/airflow/example_dags/example_task_group_decorator.py for tasks to queue
[2024-08-01T09:46:25.689+0000] {logging_mixin.py:120} INFO - [2024-08-01T09:46:25.689+0000] {dagbag.py:537} INFO - Filling up the DagBag from /home/airflow/.local/lib/python3.7/site-packages/airflow/example_dags/example_task_group_decorator.py
[2024-08-01T09:46:25.709+0000] {processor.py:766} INFO - DAG(s) dict_keys(['example_task_group_decorator']) retrieved from /home/airflow/.local/lib/python3.7/site-packages/airflow/example_dags/example_task_group_decorator.py
[2024-08-01T09:46:25.742+0000] {logging_mixin.py:120} INFO - [2024-08-01T09:46:25.742+0000] {dag.py:2585} INFO - Sync 1 DAGs
[2024-08-01T09:46:25.762+0000] {logging_mixin.py:120} INFO - [2024-08-01T09:46:25.762+0000] {dag.py:3340} INFO - Setting next_dagrun for example_task_group_decorator to 2024-07-31T09:46:25.762474+00:00, run_after=2024-08-01T09:46:25.762474+00:00
[2024-08-01T09:46:25.781+0000] {processor.py:176} INFO - Processing /home/airflow/.local/lib/python3.7/site-packages/airflow/example_dags/example_task_group_decorator.py took 0.097 seconds
[2024-08-01T09:46:56.276+0000] {processor.py:154} INFO - Started process (PID=5896) to work on /home/airflow/.local/lib/python3.7/site-packages/airflow/example_dags/example_task_group_decorator.py
[2024-08-01T09:46:56.277+0000] {processor.py:756} INFO - Processing file /home/airflow/.local/lib/python3.7/site-packages/airflow/example_dags/example_task_group_decorator.py for tasks to queue
[2024-08-01T09:46:56.278+0000] {logging_mixin.py:120} INFO - [2024-08-01T09:46:56.277+0000] {dagbag.py:537} INFO - Filling up the DagBag from /home/airflow/.local/lib/python3.7/site-packages/airflow/example_dags/example_task_group_decorator.py
[2024-08-01T09:46:56.295+0000] {processor.py:766} INFO - DAG(s) dict_keys(['example_task_group_decorator']) retrieved from /home/airflow/.local/lib/python3.7/site-packages/airflow/example_dags/example_task_group_decorator.py
[2024-08-01T09:46:56.329+0000] {logging_mixin.py:120} INFO - [2024-08-01T09:46:56.328+0000] {dag.py:2585} INFO - Sync 1 DAGs
[2024-08-01T09:46:56.345+0000] {logging_mixin.py:120} INFO - [2024-08-01T09:46:56.345+0000] {dag.py:3340} INFO - Setting next_dagrun for example_task_group_decorator to 2024-07-31T09:46:56.344919+00:00, run_after=2024-08-01T09:46:56.344919+00:00
[2024-08-01T09:46:56.363+0000] {processor.py:176} INFO - Processing /home/airflow/.local/lib/python3.7/site-packages/airflow/example_dags/example_task_group_decorator.py took 0.090 seconds
[2024-08-01T09:47:26.727+0000] {processor.py:154} INFO - Started process (PID=5960) to work on /home/airflow/.local/lib/python3.7/site-packages/airflow/example_dags/example_task_group_decorator.py
[2024-08-01T09:47:26.728+0000] {processor.py:756} INFO - Processing file /home/airflow/.local/lib/python3.7/site-packages/airflow/example_dags/example_task_group_decorator.py for tasks to queue
[2024-08-01T09:47:26.729+0000] {logging_mixin.py:120} INFO - [2024-08-01T09:47:26.728+0000] {dagbag.py:537} INFO - Filling up the DagBag from /home/airflow/.local/lib/python3.7/site-packages/airflow/example_dags/example_task_group_decorator.py
[2024-08-01T09:47:26.748+0000] {processor.py:766} INFO - DAG(s) dict_keys(['example_task_group_decorator']) retrieved from /home/airflow/.local/lib/python3.7/site-packages/airflow/example_dags/example_task_group_decorator.py
[2024-08-01T09:47:26.783+0000] {logging_mixin.py:120} INFO - [2024-08-01T09:47:26.783+0000] {dag.py:2585} INFO - Sync 1 DAGs
[2024-08-01T09:47:26.802+0000] {logging_mixin.py:120} INFO - [2024-08-01T09:47:26.802+0000] {dag.py:3340} INFO - Setting next_dagrun for example_task_group_decorator to 2024-07-31T09:47:26.802081+00:00, run_after=2024-08-01T09:47:26.802081+00:00
[2024-08-01T09:47:26.819+0000] {processor.py:176} INFO - Processing /home/airflow/.local/lib/python3.7/site-packages/airflow/example_dags/example_task_group_decorator.py took 0.094 seconds
[2024-08-01T09:47:56.865+0000] {processor.py:154} INFO - Started process (PID=6028) to work on /home/airflow/.local/lib/python3.7/site-packages/airflow/example_dags/example_task_group_decorator.py
[2024-08-01T09:47:56.866+0000] {processor.py:756} INFO - Processing file /home/airflow/.local/lib/python3.7/site-packages/airflow/example_dags/example_task_group_decorator.py for tasks to queue
[2024-08-01T09:47:56.867+0000] {logging_mixin.py:120} INFO - [2024-08-01T09:47:56.867+0000] {dagbag.py:537} INFO - Filling up the DagBag from /home/airflow/.local/lib/python3.7/site-packages/airflow/example_dags/example_task_group_decorator.py
[2024-08-01T09:47:56.888+0000] {processor.py:766} INFO - DAG(s) dict_keys(['example_task_group_decorator']) retrieved from /home/airflow/.local/lib/python3.7/site-packages/airflow/example_dags/example_task_group_decorator.py
[2024-08-01T09:47:56.927+0000] {logging_mixin.py:120} INFO - [2024-08-01T09:47:56.927+0000] {dag.py:2585} INFO - Sync 1 DAGs
[2024-08-01T09:47:56.950+0000] {logging_mixin.py:120} INFO - [2024-08-01T09:47:56.950+0000] {dag.py:3340} INFO - Setting next_dagrun for example_task_group_decorator to 2024-07-31T09:47:56.950057+00:00, run_after=2024-08-01T09:47:56.950057+00:00
[2024-08-01T09:47:56.972+0000] {processor.py:176} INFO - Processing /home/airflow/.local/lib/python3.7/site-packages/airflow/example_dags/example_task_group_decorator.py took 0.109 seconds
[2024-08-01T09:48:27.658+0000] {processor.py:154} INFO - Started process (PID=6082) to work on /home/airflow/.local/lib/python3.7/site-packages/airflow/example_dags/example_task_group_decorator.py
[2024-08-01T09:48:27.663+0000] {processor.py:756} INFO - Processing file /home/airflow/.local/lib/python3.7/site-packages/airflow/example_dags/example_task_group_decorator.py for tasks to queue
[2024-08-01T09:48:27.664+0000] {logging_mixin.py:120} INFO - [2024-08-01T09:48:27.664+0000] {dagbag.py:537} INFO - Filling up the DagBag from /home/airflow/.local/lib/python3.7/site-packages/airflow/example_dags/example_task_group_decorator.py
[2024-08-01T09:48:27.684+0000] {processor.py:766} INFO - DAG(s) dict_keys(['example_task_group_decorator']) retrieved from /home/airflow/.local/lib/python3.7/site-packages/airflow/example_dags/example_task_group_decorator.py
[2024-08-01T09:48:27.732+0000] {logging_mixin.py:120} INFO - [2024-08-01T09:48:27.732+0000] {dag.py:2585} INFO - Sync 1 DAGs
[2024-08-01T09:48:27.780+0000] {logging_mixin.py:120} INFO - [2024-08-01T09:48:27.780+0000] {dag.py:3340} INFO - Setting next_dagrun for example_task_group_decorator to 2024-07-31T09:48:27.780120+00:00, run_after=2024-08-01T09:48:27.780120+00:00
[2024-08-01T09:48:27.816+0000] {processor.py:176} INFO - Processing /home/airflow/.local/lib/python3.7/site-packages/airflow/example_dags/example_task_group_decorator.py took 0.160 seconds
[2024-08-01T09:48:59.418+0000] {processor.py:154} INFO - Started process (PID=6146) to work on /home/airflow/.local/lib/python3.7/site-packages/airflow/example_dags/example_task_group_decorator.py
[2024-08-01T09:48:59.419+0000] {processor.py:756} INFO - Processing file /home/airflow/.local/lib/python3.7/site-packages/airflow/example_dags/example_task_group_decorator.py for tasks to queue
[2024-08-01T09:48:59.420+0000] {logging_mixin.py:120} INFO - [2024-08-01T09:48:59.420+0000] {dagbag.py:537} INFO - Filling up the DagBag from /home/airflow/.local/lib/python3.7/site-packages/airflow/example_dags/example_task_group_decorator.py
[2024-08-01T09:48:59.457+0000] {processor.py:766} INFO - DAG(s) dict_keys(['example_task_group_decorator']) retrieved from /home/airflow/.local/lib/python3.7/site-packages/airflow/example_dags/example_task_group_decorator.py
[2024-08-01T09:48:59.512+0000] {logging_mixin.py:120} INFO - [2024-08-01T09:48:59.512+0000] {dag.py:2585} INFO - Sync 1 DAGs
[2024-08-01T09:48:59.548+0000] {logging_mixin.py:120} INFO - [2024-08-01T09:48:59.548+0000] {dag.py:3340} INFO - Setting next_dagrun for example_task_group_decorator to 2024-07-31T09:48:59.548401+00:00, run_after=2024-08-01T09:48:59.548401+00:00
[2024-08-01T09:48:59.578+0000] {processor.py:176} INFO - Processing /home/airflow/.local/lib/python3.7/site-packages/airflow/example_dags/example_task_group_decorator.py took 0.163 seconds
[2024-08-01T09:49:30.196+0000] {processor.py:154} INFO - Started process (PID=6210) to work on /home/airflow/.local/lib/python3.7/site-packages/airflow/example_dags/example_task_group_decorator.py
[2024-08-01T09:49:30.197+0000] {processor.py:756} INFO - Processing file /home/airflow/.local/lib/python3.7/site-packages/airflow/example_dags/example_task_group_decorator.py for tasks to queue
[2024-08-01T09:49:30.198+0000] {logging_mixin.py:120} INFO - [2024-08-01T09:49:30.198+0000] {dagbag.py:537} INFO - Filling up the DagBag from /home/airflow/.local/lib/python3.7/site-packages/airflow/example_dags/example_task_group_decorator.py
[2024-08-01T09:49:30.216+0000] {processor.py:766} INFO - DAG(s) dict_keys(['example_task_group_decorator']) retrieved from /home/airflow/.local/lib/python3.7/site-packages/airflow/example_dags/example_task_group_decorator.py
[2024-08-01T09:49:30.252+0000] {logging_mixin.py:120} INFO - [2024-08-01T09:49:30.252+0000] {dag.py:2585} INFO - Sync 1 DAGs
[2024-08-01T09:49:30.272+0000] {logging_mixin.py:120} INFO - [2024-08-01T09:49:30.272+0000] {dag.py:3340} INFO - Setting next_dagrun for example_task_group_decorator to 2024-07-31T09:49:30.272206+00:00, run_after=2024-08-01T09:49:30.272206+00:00
[2024-08-01T09:49:30.292+0000] {processor.py:176} INFO - Processing /home/airflow/.local/lib/python3.7/site-packages/airflow/example_dags/example_task_group_decorator.py took 0.098 seconds
[2024-08-01T09:50:00.907+0000] {processor.py:154} INFO - Started process (PID=6274) to work on /home/airflow/.local/lib/python3.7/site-packages/airflow/example_dags/example_task_group_decorator.py
[2024-08-01T09:50:00.917+0000] {processor.py:756} INFO - Processing file /home/airflow/.local/lib/python3.7/site-packages/airflow/example_dags/example_task_group_decorator.py for tasks to queue
[2024-08-01T09:50:00.931+0000] {logging_mixin.py:120} INFO - [2024-08-01T09:50:00.931+0000] {dagbag.py:537} INFO - Filling up the DagBag from /home/airflow/.local/lib/python3.7/site-packages/airflow/example_dags/example_task_group_decorator.py
[2024-08-01T09:50:00.974+0000] {processor.py:766} INFO - DAG(s) dict_keys(['example_task_group_decorator']) retrieved from /home/airflow/.local/lib/python3.7/site-packages/airflow/example_dags/example_task_group_decorator.py
[2024-08-01T09:50:01.013+0000] {logging_mixin.py:120} INFO - [2024-08-01T09:50:01.013+0000] {dag.py:2585} INFO - Sync 1 DAGs
[2024-08-01T09:50:01.033+0000] {logging_mixin.py:120} INFO - [2024-08-01T09:50:01.033+0000] {dag.py:3340} INFO - Setting next_dagrun for example_task_group_decorator to 2024-07-31T09:50:01.032861+00:00, run_after=2024-08-01T09:50:01.032861+00:00
[2024-08-01T09:50:01.054+0000] {processor.py:176} INFO - Processing /home/airflow/.local/lib/python3.7/site-packages/airflow/example_dags/example_task_group_decorator.py took 0.149 seconds
[2024-08-01T09:50:31.662+0000] {processor.py:154} INFO - Started process (PID=6339) to work on /home/airflow/.local/lib/python3.7/site-packages/airflow/example_dags/example_task_group_decorator.py
[2024-08-01T09:50:31.674+0000] {processor.py:756} INFO - Processing file /home/airflow/.local/lib/python3.7/site-packages/airflow/example_dags/example_task_group_decorator.py for tasks to queue
[2024-08-01T09:50:31.678+0000] {logging_mixin.py:120} INFO - [2024-08-01T09:50:31.678+0000] {dagbag.py:537} INFO - Filling up the DagBag from /home/airflow/.local/lib/python3.7/site-packages/airflow/example_dags/example_task_group_decorator.py
[2024-08-01T09:50:31.710+0000] {processor.py:766} INFO - DAG(s) dict_keys(['example_task_group_decorator']) retrieved from /home/airflow/.local/lib/python3.7/site-packages/airflow/example_dags/example_task_group_decorator.py
[2024-08-01T09:50:31.743+0000] {logging_mixin.py:120} INFO - [2024-08-01T09:50:31.743+0000] {dag.py:2585} INFO - Sync 1 DAGs
[2024-08-01T09:50:31.762+0000] {logging_mixin.py:120} INFO - [2024-08-01T09:50:31.762+0000] {dag.py:3340} INFO - Setting next_dagrun for example_task_group_decorator to 2024-07-31T09:50:31.762579+00:00, run_after=2024-08-01T09:50:31.762579+00:00
[2024-08-01T09:50:31.780+0000] {processor.py:176} INFO - Processing /home/airflow/.local/lib/python3.7/site-packages/airflow/example_dags/example_task_group_decorator.py took 0.121 seconds
[2024-08-01T09:51:01.966+0000] {processor.py:154} INFO - Started process (PID=6395) to work on /home/airflow/.local/lib/python3.7/site-packages/airflow/example_dags/example_task_group_decorator.py
[2024-08-01T09:51:01.990+0000] {processor.py:756} INFO - Processing file /home/airflow/.local/lib/python3.7/site-packages/airflow/example_dags/example_task_group_decorator.py for tasks to queue
[2024-08-01T09:51:01.994+0000] {logging_mixin.py:120} INFO - [2024-08-01T09:51:01.994+0000] {dagbag.py:537} INFO - Filling up the DagBag from /home/airflow/.local/lib/python3.7/site-packages/airflow/example_dags/example_task_group_decorator.py
[2024-08-01T09:51:02.030+0000] {processor.py:766} INFO - DAG(s) dict_keys(['example_task_group_decorator']) retrieved from /home/airflow/.local/lib/python3.7/site-packages/airflow/example_dags/example_task_group_decorator.py
[2024-08-01T09:51:02.083+0000] {logging_mixin.py:120} INFO - [2024-08-01T09:51:02.082+0000] {dag.py:2585} INFO - Sync 1 DAGs
[2024-08-01T09:51:02.105+0000] {logging_mixin.py:120} INFO - [2024-08-01T09:51:02.105+0000] {dag.py:3340} INFO - Setting next_dagrun for example_task_group_decorator to 2024-07-31T09:51:02.105627+00:00, run_after=2024-08-01T09:51:02.105627+00:00
[2024-08-01T09:51:02.128+0000] {processor.py:176} INFO - Processing /home/airflow/.local/lib/python3.7/site-packages/airflow/example_dags/example_task_group_decorator.py took 0.164 seconds
[2024-08-01T09:51:32.265+0000] {processor.py:154} INFO - Started process (PID=6462) to work on /home/airflow/.local/lib/python3.7/site-packages/airflow/example_dags/example_task_group_decorator.py
[2024-08-01T09:51:32.266+0000] {processor.py:756} INFO - Processing file /home/airflow/.local/lib/python3.7/site-packages/airflow/example_dags/example_task_group_decorator.py for tasks to queue
[2024-08-01T09:51:32.267+0000] {logging_mixin.py:120} INFO - [2024-08-01T09:51:32.267+0000] {dagbag.py:537} INFO - Filling up the DagBag from /home/airflow/.local/lib/python3.7/site-packages/airflow/example_dags/example_task_group_decorator.py
[2024-08-01T09:51:32.286+0000] {processor.py:766} INFO - DAG(s) dict_keys(['example_task_group_decorator']) retrieved from /home/airflow/.local/lib/python3.7/site-packages/airflow/example_dags/example_task_group_decorator.py
[2024-08-01T09:51:32.319+0000] {logging_mixin.py:120} INFO - [2024-08-01T09:51:32.319+0000] {dag.py:2585} INFO - Sync 1 DAGs
[2024-08-01T09:51:32.338+0000] {logging_mixin.py:120} INFO - [2024-08-01T09:51:32.338+0000] {dag.py:3340} INFO - Setting next_dagrun for example_task_group_decorator to 2024-07-31T09:51:32.338654+00:00, run_after=2024-08-01T09:51:32.338654+00:00
[2024-08-01T09:51:32.356+0000] {processor.py:176} INFO - Processing /home/airflow/.local/lib/python3.7/site-packages/airflow/example_dags/example_task_group_decorator.py took 0.094 seconds
[2024-08-01T09:52:02.553+0000] {processor.py:154} INFO - Started process (PID=6526) to work on /home/airflow/.local/lib/python3.7/site-packages/airflow/example_dags/example_task_group_decorator.py
[2024-08-01T09:52:02.557+0000] {processor.py:756} INFO - Processing file /home/airflow/.local/lib/python3.7/site-packages/airflow/example_dags/example_task_group_decorator.py for tasks to queue
[2024-08-01T09:52:02.558+0000] {logging_mixin.py:120} INFO - [2024-08-01T09:52:02.558+0000] {dagbag.py:537} INFO - Filling up the DagBag from /home/airflow/.local/lib/python3.7/site-packages/airflow/example_dags/example_task_group_decorator.py
[2024-08-01T09:52:02.602+0000] {processor.py:766} INFO - DAG(s) dict_keys(['example_task_group_decorator']) retrieved from /home/airflow/.local/lib/python3.7/site-packages/airflow/example_dags/example_task_group_decorator.py
[2024-08-01T09:52:02.645+0000] {logging_mixin.py:120} INFO - [2024-08-01T09:52:02.645+0000] {dag.py:2585} INFO - Sync 1 DAGs
[2024-08-01T09:52:02.677+0000] {logging_mixin.py:120} INFO - [2024-08-01T09:52:02.676+0000] {dag.py:3340} INFO - Setting next_dagrun for example_task_group_decorator to 2024-07-31T09:52:02.676768+00:00, run_after=2024-08-01T09:52:02.676768+00:00
[2024-08-01T09:52:02.705+0000] {processor.py:176} INFO - Processing /home/airflow/.local/lib/python3.7/site-packages/airflow/example_dags/example_task_group_decorator.py took 0.154 seconds
[2024-08-01T09:52:32.814+0000] {processor.py:154} INFO - Started process (PID=6591) to work on /home/airflow/.local/lib/python3.7/site-packages/airflow/example_dags/example_task_group_decorator.py
[2024-08-01T09:52:32.816+0000] {processor.py:756} INFO - Processing file /home/airflow/.local/lib/python3.7/site-packages/airflow/example_dags/example_task_group_decorator.py for tasks to queue
[2024-08-01T09:52:32.819+0000] {logging_mixin.py:120} INFO - [2024-08-01T09:52:32.819+0000] {dagbag.py:537} INFO - Filling up the DagBag from /home/airflow/.local/lib/python3.7/site-packages/airflow/example_dags/example_task_group_decorator.py
[2024-08-01T09:52:32.845+0000] {processor.py:766} INFO - DAG(s) dict_keys(['example_task_group_decorator']) retrieved from /home/airflow/.local/lib/python3.7/site-packages/airflow/example_dags/example_task_group_decorator.py
[2024-08-01T09:52:32.887+0000] {logging_mixin.py:120} INFO - [2024-08-01T09:52:32.887+0000] {dag.py:2585} INFO - Sync 1 DAGs
[2024-08-01T09:52:32.906+0000] {logging_mixin.py:120} INFO - [2024-08-01T09:52:32.906+0000] {dag.py:3340} INFO - Setting next_dagrun for example_task_group_decorator to 2024-07-31T09:52:32.906182+00:00, run_after=2024-08-01T09:52:32.906182+00:00
[2024-08-01T09:52:32.926+0000] {processor.py:176} INFO - Processing /home/airflow/.local/lib/python3.7/site-packages/airflow/example_dags/example_task_group_decorator.py took 0.115 seconds
[2024-08-01T09:53:04.107+0000] {processor.py:154} INFO - Started process (PID=6646) to work on /home/airflow/.local/lib/python3.7/site-packages/airflow/example_dags/example_task_group_decorator.py
[2024-08-01T09:53:04.108+0000] {processor.py:756} INFO - Processing file /home/airflow/.local/lib/python3.7/site-packages/airflow/example_dags/example_task_group_decorator.py for tasks to queue
[2024-08-01T09:53:04.109+0000] {logging_mixin.py:120} INFO - [2024-08-01T09:53:04.109+0000] {dagbag.py:537} INFO - Filling up the DagBag from /home/airflow/.local/lib/python3.7/site-packages/airflow/example_dags/example_task_group_decorator.py
[2024-08-01T09:53:04.131+0000] {processor.py:766} INFO - DAG(s) dict_keys(['example_task_group_decorator']) retrieved from /home/airflow/.local/lib/python3.7/site-packages/airflow/example_dags/example_task_group_decorator.py
[2024-08-01T09:53:04.167+0000] {logging_mixin.py:120} INFO - [2024-08-01T09:53:04.167+0000] {dag.py:2585} INFO - Sync 1 DAGs
[2024-08-01T09:53:04.186+0000] {logging_mixin.py:120} INFO - [2024-08-01T09:53:04.185+0000] {dag.py:3340} INFO - Setting next_dagrun for example_task_group_decorator to 2024-07-31T09:53:04.185759+00:00, run_after=2024-08-01T09:53:04.185759+00:00
[2024-08-01T09:53:04.207+0000] {processor.py:176} INFO - Processing /home/airflow/.local/lib/python3.7/site-packages/airflow/example_dags/example_task_group_decorator.py took 0.104 seconds
[2024-08-01T09:53:34.687+0000] {processor.py:154} INFO - Started process (PID=6710) to work on /home/airflow/.local/lib/python3.7/site-packages/airflow/example_dags/example_task_group_decorator.py
[2024-08-01T09:53:34.688+0000] {processor.py:756} INFO - Processing file /home/airflow/.local/lib/python3.7/site-packages/airflow/example_dags/example_task_group_decorator.py for tasks to queue
[2024-08-01T09:53:34.689+0000] {logging_mixin.py:120} INFO - [2024-08-01T09:53:34.689+0000] {dagbag.py:537} INFO - Filling up the DagBag from /home/airflow/.local/lib/python3.7/site-packages/airflow/example_dags/example_task_group_decorator.py
[2024-08-01T09:53:34.707+0000] {processor.py:766} INFO - DAG(s) dict_keys(['example_task_group_decorator']) retrieved from /home/airflow/.local/lib/python3.7/site-packages/airflow/example_dags/example_task_group_decorator.py
[2024-08-01T09:53:34.736+0000] {logging_mixin.py:120} INFO - [2024-08-01T09:53:34.736+0000] {dag.py:2585} INFO - Sync 1 DAGs
[2024-08-01T09:53:34.754+0000] {logging_mixin.py:120} INFO - [2024-08-01T09:53:34.754+0000] {dag.py:3340} INFO - Setting next_dagrun for example_task_group_decorator to 2024-07-31T09:53:34.754235+00:00, run_after=2024-08-01T09:53:34.754235+00:00
[2024-08-01T09:53:34.790+0000] {processor.py:176} INFO - Processing /home/airflow/.local/lib/python3.7/site-packages/airflow/example_dags/example_task_group_decorator.py took 0.106 seconds
[2024-08-01T09:54:05.111+0000] {processor.py:154} INFO - Started process (PID=6775) to work on /home/airflow/.local/lib/python3.7/site-packages/airflow/example_dags/example_task_group_decorator.py
[2024-08-01T09:54:05.117+0000] {processor.py:756} INFO - Processing file /home/airflow/.local/lib/python3.7/site-packages/airflow/example_dags/example_task_group_decorator.py for tasks to queue
[2024-08-01T09:54:05.119+0000] {logging_mixin.py:120} INFO - [2024-08-01T09:54:05.119+0000] {dagbag.py:537} INFO - Filling up the DagBag from /home/airflow/.local/lib/python3.7/site-packages/airflow/example_dags/example_task_group_decorator.py
[2024-08-01T09:54:05.149+0000] {processor.py:766} INFO - DAG(s) dict_keys(['example_task_group_decorator']) retrieved from /home/airflow/.local/lib/python3.7/site-packages/airflow/example_dags/example_task_group_decorator.py
[2024-08-01T09:54:05.184+0000] {logging_mixin.py:120} INFO - [2024-08-01T09:54:05.184+0000] {dag.py:2585} INFO - Sync 1 DAGs
[2024-08-01T09:54:05.208+0000] {logging_mixin.py:120} INFO - [2024-08-01T09:54:05.208+0000] {dag.py:3340} INFO - Setting next_dagrun for example_task_group_decorator to 2024-07-31T09:54:05.208125+00:00, run_after=2024-08-01T09:54:05.208125+00:00
[2024-08-01T09:54:05.236+0000] {processor.py:176} INFO - Processing /home/airflow/.local/lib/python3.7/site-packages/airflow/example_dags/example_task_group_decorator.py took 0.129 seconds
[2024-08-01T09:54:35.390+0000] {processor.py:154} INFO - Started process (PID=6839) to work on /home/airflow/.local/lib/python3.7/site-packages/airflow/example_dags/example_task_group_decorator.py
[2024-08-01T09:54:35.391+0000] {processor.py:756} INFO - Processing file /home/airflow/.local/lib/python3.7/site-packages/airflow/example_dags/example_task_group_decorator.py for tasks to queue
[2024-08-01T09:54:35.392+0000] {logging_mixin.py:120} INFO - [2024-08-01T09:54:35.392+0000] {dagbag.py:537} INFO - Filling up the DagBag from /home/airflow/.local/lib/python3.7/site-packages/airflow/example_dags/example_task_group_decorator.py
[2024-08-01T09:54:35.410+0000] {processor.py:766} INFO - DAG(s) dict_keys(['example_task_group_decorator']) retrieved from /home/airflow/.local/lib/python3.7/site-packages/airflow/example_dags/example_task_group_decorator.py
[2024-08-01T09:54:35.439+0000] {logging_mixin.py:120} INFO - [2024-08-01T09:54:35.439+0000] {dag.py:2585} INFO - Sync 1 DAGs
[2024-08-01T09:54:35.457+0000] {logging_mixin.py:120} INFO - [2024-08-01T09:54:35.457+0000] {dag.py:3340} INFO - Setting next_dagrun for example_task_group_decorator to 2024-07-31T09:54:35.456989+00:00, run_after=2024-08-01T09:54:35.456989+00:00
[2024-08-01T09:54:35.473+0000] {processor.py:176} INFO - Processing /home/airflow/.local/lib/python3.7/site-packages/airflow/example_dags/example_task_group_decorator.py took 0.085 seconds
[2024-08-01T09:55:07.124+0000] {processor.py:154} INFO - Started process (PID=6903) to work on /home/airflow/.local/lib/python3.7/site-packages/airflow/example_dags/example_task_group_decorator.py
[2024-08-01T09:55:07.126+0000] {processor.py:756} INFO - Processing file /home/airflow/.local/lib/python3.7/site-packages/airflow/example_dags/example_task_group_decorator.py for tasks to queue
[2024-08-01T09:55:07.126+0000] {logging_mixin.py:120} INFO - [2024-08-01T09:55:07.126+0000] {dagbag.py:537} INFO - Filling up the DagBag from /home/airflow/.local/lib/python3.7/site-packages/airflow/example_dags/example_task_group_decorator.py
[2024-08-01T09:55:07.146+0000] {processor.py:766} INFO - DAG(s) dict_keys(['example_task_group_decorator']) retrieved from /home/airflow/.local/lib/python3.7/site-packages/airflow/example_dags/example_task_group_decorator.py
[2024-08-01T09:55:07.204+0000] {logging_mixin.py:120} INFO - [2024-08-01T09:55:07.203+0000] {dag.py:2585} INFO - Sync 1 DAGs
[2024-08-01T09:55:07.235+0000] {logging_mixin.py:120} INFO - [2024-08-01T09:55:07.235+0000] {dag.py:3340} INFO - Setting next_dagrun for example_task_group_decorator to 2024-07-31T09:55:07.235256+00:00, run_after=2024-08-01T09:55:07.235256+00:00
[2024-08-01T09:55:07.264+0000] {processor.py:176} INFO - Processing /home/airflow/.local/lib/python3.7/site-packages/airflow/example_dags/example_task_group_decorator.py took 0.143 seconds
[2024-08-01T09:55:37.416+0000] {processor.py:154} INFO - Started process (PID=6958) to work on /home/airflow/.local/lib/python3.7/site-packages/airflow/example_dags/example_task_group_decorator.py
[2024-08-01T09:55:37.417+0000] {processor.py:756} INFO - Processing file /home/airflow/.local/lib/python3.7/site-packages/airflow/example_dags/example_task_group_decorator.py for tasks to queue
[2024-08-01T09:55:37.419+0000] {logging_mixin.py:120} INFO - [2024-08-01T09:55:37.418+0000] {dagbag.py:537} INFO - Filling up the DagBag from /home/airflow/.local/lib/python3.7/site-packages/airflow/example_dags/example_task_group_decorator.py
[2024-08-01T09:55:37.447+0000] {processor.py:766} INFO - DAG(s) dict_keys(['example_task_group_decorator']) retrieved from /home/airflow/.local/lib/python3.7/site-packages/airflow/example_dags/example_task_group_decorator.py
[2024-08-01T09:55:37.488+0000] {logging_mixin.py:120} INFO - [2024-08-01T09:55:37.487+0000] {dag.py:2585} INFO - Sync 1 DAGs
[2024-08-01T09:55:37.506+0000] {logging_mixin.py:120} INFO - [2024-08-01T09:55:37.506+0000] {dag.py:3340} INFO - Setting next_dagrun for example_task_group_decorator to 2024-07-31T09:55:37.506400+00:00, run_after=2024-08-01T09:55:37.506400+00:00
[2024-08-01T09:55:37.528+0000] {processor.py:176} INFO - Processing /home/airflow/.local/lib/python3.7/site-packages/airflow/example_dags/example_task_group_decorator.py took 0.114 seconds
[2024-08-01T09:56:07.714+0000] {processor.py:154} INFO - Started process (PID=7023) to work on /home/airflow/.local/lib/python3.7/site-packages/airflow/example_dags/example_task_group_decorator.py
[2024-08-01T09:56:07.715+0000] {processor.py:756} INFO - Processing file /home/airflow/.local/lib/python3.7/site-packages/airflow/example_dags/example_task_group_decorator.py for tasks to queue
[2024-08-01T09:56:07.716+0000] {logging_mixin.py:120} INFO - [2024-08-01T09:56:07.716+0000] {dagbag.py:537} INFO - Filling up the DagBag from /home/airflow/.local/lib/python3.7/site-packages/airflow/example_dags/example_task_group_decorator.py
[2024-08-01T09:56:07.734+0000] {processor.py:766} INFO - DAG(s) dict_keys(['example_task_group_decorator']) retrieved from /home/airflow/.local/lib/python3.7/site-packages/airflow/example_dags/example_task_group_decorator.py
[2024-08-01T09:56:07.787+0000] {logging_mixin.py:120} INFO - [2024-08-01T09:56:07.787+0000] {dag.py:2585} INFO - Sync 1 DAGs
[2024-08-01T09:56:07.804+0000] {logging_mixin.py:120} INFO - [2024-08-01T09:56:07.804+0000] {dag.py:3340} INFO - Setting next_dagrun for example_task_group_decorator to 2024-07-31T09:56:07.804260+00:00, run_after=2024-08-01T09:56:07.804260+00:00
[2024-08-01T09:56:07.822+0000] {processor.py:176} INFO - Processing /home/airflow/.local/lib/python3.7/site-packages/airflow/example_dags/example_task_group_decorator.py took 0.111 seconds
[2024-08-01T09:56:38.263+0000] {processor.py:154} INFO - Started process (PID=7087) to work on /home/airflow/.local/lib/python3.7/site-packages/airflow/example_dags/example_task_group_decorator.py
[2024-08-01T09:56:38.264+0000] {processor.py:756} INFO - Processing file /home/airflow/.local/lib/python3.7/site-packages/airflow/example_dags/example_task_group_decorator.py for tasks to queue
[2024-08-01T09:56:38.265+0000] {logging_mixin.py:120} INFO - [2024-08-01T09:56:38.265+0000] {dagbag.py:537} INFO - Filling up the DagBag from /home/airflow/.local/lib/python3.7/site-packages/airflow/example_dags/example_task_group_decorator.py
[2024-08-01T09:56:38.285+0000] {processor.py:766} INFO - DAG(s) dict_keys(['example_task_group_decorator']) retrieved from /home/airflow/.local/lib/python3.7/site-packages/airflow/example_dags/example_task_group_decorator.py
[2024-08-01T09:56:38.316+0000] {logging_mixin.py:120} INFO - [2024-08-01T09:56:38.316+0000] {dag.py:2585} INFO - Sync 1 DAGs
[2024-08-01T09:56:38.334+0000] {logging_mixin.py:120} INFO - [2024-08-01T09:56:38.333+0000] {dag.py:3340} INFO - Setting next_dagrun for example_task_group_decorator to 2024-07-31T09:56:38.333811+00:00, run_after=2024-08-01T09:56:38.333811+00:00
[2024-08-01T09:56:38.348+0000] {processor.py:176} INFO - Processing /home/airflow/.local/lib/python3.7/site-packages/airflow/example_dags/example_task_group_decorator.py took 0.088 seconds
[2024-08-01T09:57:08.476+0000] {processor.py:154} INFO - Started process (PID=7152) to work on /home/airflow/.local/lib/python3.7/site-packages/airflow/example_dags/example_task_group_decorator.py
[2024-08-01T09:57:08.477+0000] {processor.py:756} INFO - Processing file /home/airflow/.local/lib/python3.7/site-packages/airflow/example_dags/example_task_group_decorator.py for tasks to queue
[2024-08-01T09:57:08.478+0000] {logging_mixin.py:120} INFO - [2024-08-01T09:57:08.478+0000] {dagbag.py:537} INFO - Filling up the DagBag from /home/airflow/.local/lib/python3.7/site-packages/airflow/example_dags/example_task_group_decorator.py
[2024-08-01T09:57:08.503+0000] {processor.py:766} INFO - DAG(s) dict_keys(['example_task_group_decorator']) retrieved from /home/airflow/.local/lib/python3.7/site-packages/airflow/example_dags/example_task_group_decorator.py
[2024-08-01T09:57:08.549+0000] {logging_mixin.py:120} INFO - [2024-08-01T09:57:08.548+0000] {dag.py:2585} INFO - Sync 1 DAGs
[2024-08-01T09:57:08.570+0000] {logging_mixin.py:120} INFO - [2024-08-01T09:57:08.570+0000] {dag.py:3340} INFO - Setting next_dagrun for example_task_group_decorator to 2024-07-31T09:57:08.570488+00:00, run_after=2024-08-01T09:57:08.570488+00:00
[2024-08-01T09:57:08.587+0000] {processor.py:176} INFO - Processing /home/airflow/.local/lib/python3.7/site-packages/airflow/example_dags/example_task_group_decorator.py took 0.114 seconds
[2024-08-01T09:57:39.526+0000] {processor.py:154} INFO - Started process (PID=7207) to work on /home/airflow/.local/lib/python3.7/site-packages/airflow/example_dags/example_task_group_decorator.py
[2024-08-01T09:57:39.530+0000] {processor.py:756} INFO - Processing file /home/airflow/.local/lib/python3.7/site-packages/airflow/example_dags/example_task_group_decorator.py for tasks to queue
[2024-08-01T09:57:39.536+0000] {logging_mixin.py:120} INFO - [2024-08-01T09:57:39.536+0000] {dagbag.py:537} INFO - Filling up the DagBag from /home/airflow/.local/lib/python3.7/site-packages/airflow/example_dags/example_task_group_decorator.py
[2024-08-01T09:57:39.567+0000] {processor.py:766} INFO - DAG(s) dict_keys(['example_task_group_decorator']) retrieved from /home/airflow/.local/lib/python3.7/site-packages/airflow/example_dags/example_task_group_decorator.py
[2024-08-01T09:57:39.606+0000] {logging_mixin.py:120} INFO - [2024-08-01T09:57:39.606+0000] {dag.py:2585} INFO - Sync 1 DAGs
[2024-08-01T09:57:39.627+0000] {logging_mixin.py:120} INFO - [2024-08-01T09:57:39.627+0000] {dag.py:3340} INFO - Setting next_dagrun for example_task_group_decorator to 2024-07-31T09:57:39.626865+00:00, run_after=2024-08-01T09:57:39.626865+00:00
[2024-08-01T09:57:39.647+0000] {processor.py:176} INFO - Processing /home/airflow/.local/lib/python3.7/site-packages/airflow/example_dags/example_task_group_decorator.py took 0.123 seconds
[2024-08-01T09:58:10.022+0000] {processor.py:154} INFO - Started process (PID=7271) to work on /home/airflow/.local/lib/python3.7/site-packages/airflow/example_dags/example_task_group_decorator.py
[2024-08-01T09:58:10.024+0000] {processor.py:756} INFO - Processing file /home/airflow/.local/lib/python3.7/site-packages/airflow/example_dags/example_task_group_decorator.py for tasks to queue
[2024-08-01T09:58:10.025+0000] {logging_mixin.py:120} INFO - [2024-08-01T09:58:10.025+0000] {dagbag.py:537} INFO - Filling up the DagBag from /home/airflow/.local/lib/python3.7/site-packages/airflow/example_dags/example_task_group_decorator.py
[2024-08-01T09:58:10.047+0000] {processor.py:766} INFO - DAG(s) dict_keys(['example_task_group_decorator']) retrieved from /home/airflow/.local/lib/python3.7/site-packages/airflow/example_dags/example_task_group_decorator.py
[2024-08-01T09:58:10.082+0000] {logging_mixin.py:120} INFO - [2024-08-01T09:58:10.082+0000] {dag.py:2585} INFO - Sync 1 DAGs
[2024-08-01T09:58:10.100+0000] {logging_mixin.py:120} INFO - [2024-08-01T09:58:10.100+0000] {dag.py:3340} INFO - Setting next_dagrun for example_task_group_decorator to 2024-07-31T09:58:10.100571+00:00, run_after=2024-08-01T09:58:10.100571+00:00
[2024-08-01T09:58:10.121+0000] {processor.py:176} INFO - Processing /home/airflow/.local/lib/python3.7/site-packages/airflow/example_dags/example_task_group_decorator.py took 0.100 seconds
[2024-08-01T09:58:41.167+0000] {processor.py:154} INFO - Started process (PID=7335) to work on /home/airflow/.local/lib/python3.7/site-packages/airflow/example_dags/example_task_group_decorator.py
[2024-08-01T09:58:41.168+0000] {processor.py:756} INFO - Processing file /home/airflow/.local/lib/python3.7/site-packages/airflow/example_dags/example_task_group_decorator.py for tasks to queue
[2024-08-01T09:58:41.169+0000] {logging_mixin.py:120} INFO - [2024-08-01T09:58:41.169+0000] {dagbag.py:537} INFO - Filling up the DagBag from /home/airflow/.local/lib/python3.7/site-packages/airflow/example_dags/example_task_group_decorator.py
[2024-08-01T09:58:41.189+0000] {processor.py:766} INFO - DAG(s) dict_keys(['example_task_group_decorator']) retrieved from /home/airflow/.local/lib/python3.7/site-packages/airflow/example_dags/example_task_group_decorator.py
[2024-08-01T09:58:41.220+0000] {logging_mixin.py:120} INFO - [2024-08-01T09:58:41.219+0000] {dag.py:2585} INFO - Sync 1 DAGs
[2024-08-01T09:58:41.237+0000] {logging_mixin.py:120} INFO - [2024-08-01T09:58:41.237+0000] {dag.py:3340} INFO - Setting next_dagrun for example_task_group_decorator to 2024-07-31T09:58:41.237636+00:00, run_after=2024-08-01T09:58:41.237636+00:00
[2024-08-01T09:58:41.255+0000] {processor.py:176} INFO - Processing /home/airflow/.local/lib/python3.7/site-packages/airflow/example_dags/example_task_group_decorator.py took 0.090 seconds
[2024-08-01T09:59:11.641+0000] {processor.py:154} INFO - Started process (PID=7399) to work on /home/airflow/.local/lib/python3.7/site-packages/airflow/example_dags/example_task_group_decorator.py
[2024-08-01T09:59:11.643+0000] {processor.py:756} INFO - Processing file /home/airflow/.local/lib/python3.7/site-packages/airflow/example_dags/example_task_group_decorator.py for tasks to queue
[2024-08-01T09:59:11.645+0000] {logging_mixin.py:120} INFO - [2024-08-01T09:59:11.644+0000] {dagbag.py:537} INFO - Filling up the DagBag from /home/airflow/.local/lib/python3.7/site-packages/airflow/example_dags/example_task_group_decorator.py
[2024-08-01T09:59:11.673+0000] {processor.py:766} INFO - DAG(s) dict_keys(['example_task_group_decorator']) retrieved from /home/airflow/.local/lib/python3.7/site-packages/airflow/example_dags/example_task_group_decorator.py
[2024-08-01T09:59:11.736+0000] {logging_mixin.py:120} INFO - [2024-08-01T09:59:11.736+0000] {dag.py:2585} INFO - Sync 1 DAGs
[2024-08-01T09:59:11.763+0000] {logging_mixin.py:120} INFO - [2024-08-01T09:59:11.763+0000] {dag.py:3340} INFO - Setting next_dagrun for example_task_group_decorator to 2024-07-31T09:59:11.762844+00:00, run_after=2024-08-01T09:59:11.762844+00:00
[2024-08-01T09:59:11.784+0000] {processor.py:176} INFO - Processing /home/airflow/.local/lib/python3.7/site-packages/airflow/example_dags/example_task_group_decorator.py took 0.145 seconds
[2024-08-01T09:59:42.340+0000] {processor.py:154} INFO - Started process (PID=7464) to work on /home/airflow/.local/lib/python3.7/site-packages/airflow/example_dags/example_task_group_decorator.py
[2024-08-01T09:59:42.341+0000] {processor.py:756} INFO - Processing file /home/airflow/.local/lib/python3.7/site-packages/airflow/example_dags/example_task_group_decorator.py for tasks to queue
[2024-08-01T09:59:42.342+0000] {logging_mixin.py:120} INFO - [2024-08-01T09:59:42.342+0000] {dagbag.py:537} INFO - Filling up the DagBag from /home/airflow/.local/lib/python3.7/site-packages/airflow/example_dags/example_task_group_decorator.py
[2024-08-01T09:59:42.361+0000] {processor.py:766} INFO - DAG(s) dict_keys(['example_task_group_decorator']) retrieved from /home/airflow/.local/lib/python3.7/site-packages/airflow/example_dags/example_task_group_decorator.py
[2024-08-01T09:59:42.398+0000] {logging_mixin.py:120} INFO - [2024-08-01T09:59:42.398+0000] {dag.py:2585} INFO - Sync 1 DAGs
[2024-08-01T09:59:42.426+0000] {logging_mixin.py:120} INFO - [2024-08-01T09:59:42.425+0000] {dag.py:3340} INFO - Setting next_dagrun for example_task_group_decorator to 2024-07-31T09:59:42.425745+00:00, run_after=2024-08-01T09:59:42.425745+00:00
[2024-08-01T09:59:42.449+0000] {processor.py:176} INFO - Processing /home/airflow/.local/lib/python3.7/site-packages/airflow/example_dags/example_task_group_decorator.py took 0.111 seconds
[2024-08-01T10:00:12.643+0000] {processor.py:154} INFO - Started process (PID=7519) to work on /home/airflow/.local/lib/python3.7/site-packages/airflow/example_dags/example_task_group_decorator.py
[2024-08-01T10:00:12.644+0000] {processor.py:756} INFO - Processing file /home/airflow/.local/lib/python3.7/site-packages/airflow/example_dags/example_task_group_decorator.py for tasks to queue
[2024-08-01T10:00:12.645+0000] {logging_mixin.py:120} INFO - [2024-08-01T10:00:12.645+0000] {dagbag.py:537} INFO - Filling up the DagBag from /home/airflow/.local/lib/python3.7/site-packages/airflow/example_dags/example_task_group_decorator.py
[2024-08-01T10:00:12.664+0000] {processor.py:766} INFO - DAG(s) dict_keys(['example_task_group_decorator']) retrieved from /home/airflow/.local/lib/python3.7/site-packages/airflow/example_dags/example_task_group_decorator.py
[2024-08-01T10:00:12.699+0000] {logging_mixin.py:120} INFO - [2024-08-01T10:00:12.699+0000] {dag.py:2585} INFO - Sync 1 DAGs
[2024-08-01T10:00:12.715+0000] {logging_mixin.py:120} INFO - [2024-08-01T10:00:12.715+0000] {dag.py:3340} INFO - Setting next_dagrun for example_task_group_decorator to 2024-07-31T10:00:12.715491+00:00, run_after=2024-08-01T10:00:12.715491+00:00
[2024-08-01T10:00:12.737+0000] {processor.py:176} INFO - Processing /home/airflow/.local/lib/python3.7/site-packages/airflow/example_dags/example_task_group_decorator.py took 0.096 seconds
[2024-08-01T10:00:43.359+0000] {processor.py:154} INFO - Started process (PID=7584) to work on /home/airflow/.local/lib/python3.7/site-packages/airflow/example_dags/example_task_group_decorator.py
[2024-08-01T10:00:43.361+0000] {processor.py:756} INFO - Processing file /home/airflow/.local/lib/python3.7/site-packages/airflow/example_dags/example_task_group_decorator.py for tasks to queue
[2024-08-01T10:00:43.362+0000] {logging_mixin.py:120} INFO - [2024-08-01T10:00:43.362+0000] {dagbag.py:537} INFO - Filling up the DagBag from /home/airflow/.local/lib/python3.7/site-packages/airflow/example_dags/example_task_group_decorator.py
[2024-08-01T10:00:43.382+0000] {processor.py:766} INFO - DAG(s) dict_keys(['example_task_group_decorator']) retrieved from /home/airflow/.local/lib/python3.7/site-packages/airflow/example_dags/example_task_group_decorator.py
[2024-08-01T10:00:43.415+0000] {logging_mixin.py:120} INFO - [2024-08-01T10:00:43.415+0000] {dag.py:2585} INFO - Sync 1 DAGs
[2024-08-01T10:00:43.433+0000] {logging_mixin.py:120} INFO - [2024-08-01T10:00:43.433+0000] {dag.py:3340} INFO - Setting next_dagrun for example_task_group_decorator to 2024-07-31T10:00:43.433314+00:00, run_after=2024-08-01T10:00:43.433314+00:00
[2024-08-01T10:00:43.453+0000] {processor.py:176} INFO - Processing /home/airflow/.local/lib/python3.7/site-packages/airflow/example_dags/example_task_group_decorator.py took 0.096 seconds
[2024-08-01T10:01:13.791+0000] {processor.py:154} INFO - Started process (PID=7649) to work on /home/airflow/.local/lib/python3.7/site-packages/airflow/example_dags/example_task_group_decorator.py
[2024-08-01T10:01:13.794+0000] {processor.py:756} INFO - Processing file /home/airflow/.local/lib/python3.7/site-packages/airflow/example_dags/example_task_group_decorator.py for tasks to queue
[2024-08-01T10:01:13.796+0000] {logging_mixin.py:120} INFO - [2024-08-01T10:01:13.795+0000] {dagbag.py:537} INFO - Filling up the DagBag from /home/airflow/.local/lib/python3.7/site-packages/airflow/example_dags/example_task_group_decorator.py
[2024-08-01T10:01:13.814+0000] {processor.py:766} INFO - DAG(s) dict_keys(['example_task_group_decorator']) retrieved from /home/airflow/.local/lib/python3.7/site-packages/airflow/example_dags/example_task_group_decorator.py
[2024-08-01T10:01:13.845+0000] {logging_mixin.py:120} INFO - [2024-08-01T10:01:13.845+0000] {dag.py:2585} INFO - Sync 1 DAGs
[2024-08-01T10:01:13.865+0000] {logging_mixin.py:120} INFO - [2024-08-01T10:01:13.865+0000] {dag.py:3340} INFO - Setting next_dagrun for example_task_group_decorator to 2024-07-31T10:01:13.864977+00:00, run_after=2024-08-01T10:01:13.864977+00:00
[2024-08-01T10:01:13.883+0000] {processor.py:176} INFO - Processing /home/airflow/.local/lib/python3.7/site-packages/airflow/example_dags/example_task_group_decorator.py took 0.096 seconds
[2024-08-01T10:01:44.447+0000] {processor.py:154} INFO - Started process (PID=7713) to work on /home/airflow/.local/lib/python3.7/site-packages/airflow/example_dags/example_task_group_decorator.py
[2024-08-01T10:01:44.448+0000] {processor.py:756} INFO - Processing file /home/airflow/.local/lib/python3.7/site-packages/airflow/example_dags/example_task_group_decorator.py for tasks to queue
[2024-08-01T10:01:44.448+0000] {logging_mixin.py:120} INFO - [2024-08-01T10:01:44.448+0000] {dagbag.py:537} INFO - Filling up the DagBag from /home/airflow/.local/lib/python3.7/site-packages/airflow/example_dags/example_task_group_decorator.py
[2024-08-01T10:01:44.468+0000] {processor.py:766} INFO - DAG(s) dict_keys(['example_task_group_decorator']) retrieved from /home/airflow/.local/lib/python3.7/site-packages/airflow/example_dags/example_task_group_decorator.py
[2024-08-01T10:01:44.501+0000] {logging_mixin.py:120} INFO - [2024-08-01T10:01:44.501+0000] {dag.py:2585} INFO - Sync 1 DAGs
[2024-08-01T10:01:44.523+0000] {logging_mixin.py:120} INFO - [2024-08-01T10:01:44.523+0000] {dag.py:3340} INFO - Setting next_dagrun for example_task_group_decorator to 2024-07-31T10:01:44.523461+00:00, run_after=2024-08-01T10:01:44.523461+00:00
[2024-08-01T10:01:44.568+0000] {processor.py:176} INFO - Processing /home/airflow/.local/lib/python3.7/site-packages/airflow/example_dags/example_task_group_decorator.py took 0.124 seconds
[2024-08-01T10:02:15.296+0000] {processor.py:154} INFO - Started process (PID=7777) to work on /home/airflow/.local/lib/python3.7/site-packages/airflow/example_dags/example_task_group_decorator.py
[2024-08-01T10:02:15.297+0000] {processor.py:756} INFO - Processing file /home/airflow/.local/lib/python3.7/site-packages/airflow/example_dags/example_task_group_decorator.py for tasks to queue
[2024-08-01T10:02:15.298+0000] {logging_mixin.py:120} INFO - [2024-08-01T10:02:15.298+0000] {dagbag.py:537} INFO - Filling up the DagBag from /home/airflow/.local/lib/python3.7/site-packages/airflow/example_dags/example_task_group_decorator.py
[2024-08-01T10:02:15.319+0000] {processor.py:766} INFO - DAG(s) dict_keys(['example_task_group_decorator']) retrieved from /home/airflow/.local/lib/python3.7/site-packages/airflow/example_dags/example_task_group_decorator.py
[2024-08-01T10:02:15.355+0000] {logging_mixin.py:120} INFO - [2024-08-01T10:02:15.355+0000] {dag.py:2585} INFO - Sync 1 DAGs
[2024-08-01T10:02:15.379+0000] {logging_mixin.py:120} INFO - [2024-08-01T10:02:15.378+0000] {dag.py:3340} INFO - Setting next_dagrun for example_task_group_decorator to 2024-07-31T10:02:15.378391+00:00, run_after=2024-08-01T10:02:15.378391+00:00
[2024-08-01T10:02:15.407+0000] {processor.py:176} INFO - Processing /home/airflow/.local/lib/python3.7/site-packages/airflow/example_dags/example_task_group_decorator.py took 0.114 seconds
[2024-08-01T10:02:45.789+0000] {processor.py:154} INFO - Started process (PID=7832) to work on /home/airflow/.local/lib/python3.7/site-packages/airflow/example_dags/example_task_group_decorator.py
[2024-08-01T10:02:45.790+0000] {processor.py:756} INFO - Processing file /home/airflow/.local/lib/python3.7/site-packages/airflow/example_dags/example_task_group_decorator.py for tasks to queue
[2024-08-01T10:02:45.792+0000] {logging_mixin.py:120} INFO - [2024-08-01T10:02:45.791+0000] {dagbag.py:537} INFO - Filling up the DagBag from /home/airflow/.local/lib/python3.7/site-packages/airflow/example_dags/example_task_group_decorator.py
[2024-08-01T10:02:45.822+0000] {processor.py:766} INFO - DAG(s) dict_keys(['example_task_group_decorator']) retrieved from /home/airflow/.local/lib/python3.7/site-packages/airflow/example_dags/example_task_group_decorator.py
[2024-08-01T10:02:45.884+0000] {logging_mixin.py:120} INFO - [2024-08-01T10:02:45.884+0000] {dag.py:2585} INFO - Sync 1 DAGs
[2024-08-01T10:02:45.921+0000] {logging_mixin.py:120} INFO - [2024-08-01T10:02:45.920+0000] {dag.py:3340} INFO - Setting next_dagrun for example_task_group_decorator to 2024-07-31T10:02:45.920661+00:00, run_after=2024-08-01T10:02:45.920661+00:00
[2024-08-01T10:02:45.949+0000] {processor.py:176} INFO - Processing /home/airflow/.local/lib/python3.7/site-packages/airflow/example_dags/example_task_group_decorator.py took 0.163 seconds
[2024-08-01T10:03:17.287+0000] {processor.py:154} INFO - Started process (PID=7896) to work on /home/airflow/.local/lib/python3.7/site-packages/airflow/example_dags/example_task_group_decorator.py
[2024-08-01T10:03:17.292+0000] {processor.py:756} INFO - Processing file /home/airflow/.local/lib/python3.7/site-packages/airflow/example_dags/example_task_group_decorator.py for tasks to queue
[2024-08-01T10:03:17.301+0000] {logging_mixin.py:120} INFO - [2024-08-01T10:03:17.301+0000] {dagbag.py:537} INFO - Filling up the DagBag from /home/airflow/.local/lib/python3.7/site-packages/airflow/example_dags/example_task_group_decorator.py
[2024-08-01T10:03:17.334+0000] {processor.py:766} INFO - DAG(s) dict_keys(['example_task_group_decorator']) retrieved from /home/airflow/.local/lib/python3.7/site-packages/airflow/example_dags/example_task_group_decorator.py
[2024-08-01T10:03:17.375+0000] {logging_mixin.py:120} INFO - [2024-08-01T10:03:17.375+0000] {dag.py:2585} INFO - Sync 1 DAGs
[2024-08-01T10:03:17.400+0000] {logging_mixin.py:120} INFO - [2024-08-01T10:03:17.400+0000] {dag.py:3340} INFO - Setting next_dagrun for example_task_group_decorator to 2024-07-31T10:03:17.400205+00:00, run_after=2024-08-01T10:03:17.400205+00:00
[2024-08-01T10:03:17.424+0000] {processor.py:176} INFO - Processing /home/airflow/.local/lib/python3.7/site-packages/airflow/example_dags/example_task_group_decorator.py took 0.140 seconds
[2024-08-01T10:03:48.254+0000] {processor.py:154} INFO - Started process (PID=7960) to work on /home/airflow/.local/lib/python3.7/site-packages/airflow/example_dags/example_task_group_decorator.py
[2024-08-01T10:03:48.256+0000] {processor.py:756} INFO - Processing file /home/airflow/.local/lib/python3.7/site-packages/airflow/example_dags/example_task_group_decorator.py for tasks to queue
[2024-08-01T10:03:48.258+0000] {logging_mixin.py:120} INFO - [2024-08-01T10:03:48.257+0000] {dagbag.py:537} INFO - Filling up the DagBag from /home/airflow/.local/lib/python3.7/site-packages/airflow/example_dags/example_task_group_decorator.py
[2024-08-01T10:03:48.310+0000] {processor.py:766} INFO - DAG(s) dict_keys(['example_task_group_decorator']) retrieved from /home/airflow/.local/lib/python3.7/site-packages/airflow/example_dags/example_task_group_decorator.py
[2024-08-01T10:03:48.369+0000] {logging_mixin.py:120} INFO - [2024-08-01T10:03:48.368+0000] {dag.py:2585} INFO - Sync 1 DAGs
[2024-08-01T10:03:48.400+0000] {logging_mixin.py:120} INFO - [2024-08-01T10:03:48.399+0000] {dag.py:3340} INFO - Setting next_dagrun for example_task_group_decorator to 2024-07-31T10:03:48.399544+00:00, run_after=2024-08-01T10:03:48.399544+00:00
[2024-08-01T10:03:48.433+0000] {processor.py:176} INFO - Processing /home/airflow/.local/lib/python3.7/site-packages/airflow/example_dags/example_task_group_decorator.py took 0.185 seconds
[2024-08-01T10:04:19.439+0000] {processor.py:154} INFO - Started process (PID=8015) to work on /home/airflow/.local/lib/python3.7/site-packages/airflow/example_dags/example_task_group_decorator.py
[2024-08-01T10:04:19.442+0000] {processor.py:756} INFO - Processing file /home/airflow/.local/lib/python3.7/site-packages/airflow/example_dags/example_task_group_decorator.py for tasks to queue
[2024-08-01T10:04:19.447+0000] {logging_mixin.py:120} INFO - [2024-08-01T10:04:19.447+0000] {dagbag.py:537} INFO - Filling up the DagBag from /home/airflow/.local/lib/python3.7/site-packages/airflow/example_dags/example_task_group_decorator.py
[2024-08-01T10:04:19.482+0000] {processor.py:766} INFO - DAG(s) dict_keys(['example_task_group_decorator']) retrieved from /home/airflow/.local/lib/python3.7/site-packages/airflow/example_dags/example_task_group_decorator.py
[2024-08-01T10:04:19.578+0000] {logging_mixin.py:120} INFO - [2024-08-01T10:04:19.578+0000] {dag.py:2585} INFO - Sync 1 DAGs
[2024-08-01T10:04:19.617+0000] {logging_mixin.py:120} INFO - [2024-08-01T10:04:19.616+0000] {dag.py:3340} INFO - Setting next_dagrun for example_task_group_decorator to 2024-07-31T10:04:19.616628+00:00, run_after=2024-08-01T10:04:19.616628+00:00
[2024-08-01T10:04:19.731+0000] {processor.py:176} INFO - Processing /home/airflow/.local/lib/python3.7/site-packages/airflow/example_dags/example_task_group_decorator.py took 0.297 seconds
[2024-08-01T10:04:49.923+0000] {processor.py:154} INFO - Started process (PID=8078) to work on /home/airflow/.local/lib/python3.7/site-packages/airflow/example_dags/example_task_group_decorator.py
[2024-08-01T10:04:49.924+0000] {processor.py:756} INFO - Processing file /home/airflow/.local/lib/python3.7/site-packages/airflow/example_dags/example_task_group_decorator.py for tasks to queue
[2024-08-01T10:04:49.925+0000] {logging_mixin.py:120} INFO - [2024-08-01T10:04:49.925+0000] {dagbag.py:537} INFO - Filling up the DagBag from /home/airflow/.local/lib/python3.7/site-packages/airflow/example_dags/example_task_group_decorator.py
[2024-08-01T10:04:49.952+0000] {processor.py:766} INFO - DAG(s) dict_keys(['example_task_group_decorator']) retrieved from /home/airflow/.local/lib/python3.7/site-packages/airflow/example_dags/example_task_group_decorator.py
[2024-08-01T10:04:49.989+0000] {logging_mixin.py:120} INFO - [2024-08-01T10:04:49.989+0000] {dag.py:2585} INFO - Sync 1 DAGs
[2024-08-01T10:04:50.008+0000] {logging_mixin.py:120} INFO - [2024-08-01T10:04:50.008+0000] {dag.py:3340} INFO - Setting next_dagrun for example_task_group_decorator to 2024-07-31T10:04:50.008302+00:00, run_after=2024-08-01T10:04:50.008302+00:00
[2024-08-01T10:04:50.038+0000] {processor.py:176} INFO - Processing /home/airflow/.local/lib/python3.7/site-packages/airflow/example_dags/example_task_group_decorator.py took 0.118 seconds
[2024-08-01T10:05:20.730+0000] {processor.py:154} INFO - Started process (PID=8143) to work on /home/airflow/.local/lib/python3.7/site-packages/airflow/example_dags/example_task_group_decorator.py
[2024-08-01T10:05:20.732+0000] {processor.py:756} INFO - Processing file /home/airflow/.local/lib/python3.7/site-packages/airflow/example_dags/example_task_group_decorator.py for tasks to queue
[2024-08-01T10:05:20.732+0000] {logging_mixin.py:120} INFO - [2024-08-01T10:05:20.732+0000] {dagbag.py:537} INFO - Filling up the DagBag from /home/airflow/.local/lib/python3.7/site-packages/airflow/example_dags/example_task_group_decorator.py
[2024-08-01T10:05:20.761+0000] {processor.py:766} INFO - DAG(s) dict_keys(['example_task_group_decorator']) retrieved from /home/airflow/.local/lib/python3.7/site-packages/airflow/example_dags/example_task_group_decorator.py
[2024-08-01T10:05:20.807+0000] {logging_mixin.py:120} INFO - [2024-08-01T10:05:20.806+0000] {dag.py:2585} INFO - Sync 1 DAGs
[2024-08-01T10:05:20.869+0000] {logging_mixin.py:120} INFO - [2024-08-01T10:05:20.869+0000] {dag.py:3340} INFO - Setting next_dagrun for example_task_group_decorator to 2024-07-31T10:05:20.869028+00:00, run_after=2024-08-01T10:05:20.869028+00:00
[2024-08-01T10:05:20.912+0000] {processor.py:176} INFO - Processing /home/airflow/.local/lib/python3.7/site-packages/airflow/example_dags/example_task_group_decorator.py took 0.184 seconds
[2024-08-01T10:05:52.047+0000] {processor.py:154} INFO - Started process (PID=8196) to work on /home/airflow/.local/lib/python3.7/site-packages/airflow/example_dags/example_task_group_decorator.py
[2024-08-01T10:05:52.050+0000] {processor.py:756} INFO - Processing file /home/airflow/.local/lib/python3.7/site-packages/airflow/example_dags/example_task_group_decorator.py for tasks to queue
[2024-08-01T10:05:52.059+0000] {logging_mixin.py:120} INFO - [2024-08-01T10:05:52.059+0000] {dagbag.py:537} INFO - Filling up the DagBag from /home/airflow/.local/lib/python3.7/site-packages/airflow/example_dags/example_task_group_decorator.py
[2024-08-01T10:05:52.081+0000] {processor.py:766} INFO - DAG(s) dict_keys(['example_task_group_decorator']) retrieved from /home/airflow/.local/lib/python3.7/site-packages/airflow/example_dags/example_task_group_decorator.py
[2024-08-01T10:05:52.123+0000] {logging_mixin.py:120} INFO - [2024-08-01T10:05:52.122+0000] {dag.py:2585} INFO - Sync 1 DAGs
[2024-08-01T10:05:52.148+0000] {logging_mixin.py:120} INFO - [2024-08-01T10:05:52.148+0000] {dag.py:3340} INFO - Setting next_dagrun for example_task_group_decorator to 2024-07-31T10:05:52.148344+00:00, run_after=2024-08-01T10:05:52.148344+00:00
[2024-08-01T10:05:52.171+0000] {processor.py:176} INFO - Processing /home/airflow/.local/lib/python3.7/site-packages/airflow/example_dags/example_task_group_decorator.py took 0.130 seconds
[2024-08-01T10:06:22.456+0000] {processor.py:154} INFO - Started process (PID=8261) to work on /home/airflow/.local/lib/python3.7/site-packages/airflow/example_dags/example_task_group_decorator.py
[2024-08-01T10:06:22.459+0000] {processor.py:756} INFO - Processing file /home/airflow/.local/lib/python3.7/site-packages/airflow/example_dags/example_task_group_decorator.py for tasks to queue
[2024-08-01T10:06:22.460+0000] {logging_mixin.py:120} INFO - [2024-08-01T10:06:22.460+0000] {dagbag.py:537} INFO - Filling up the DagBag from /home/airflow/.local/lib/python3.7/site-packages/airflow/example_dags/example_task_group_decorator.py
[2024-08-01T10:06:22.488+0000] {processor.py:766} INFO - DAG(s) dict_keys(['example_task_group_decorator']) retrieved from /home/airflow/.local/lib/python3.7/site-packages/airflow/example_dags/example_task_group_decorator.py
[2024-08-01T10:06:22.539+0000] {logging_mixin.py:120} INFO - [2024-08-01T10:06:22.539+0000] {dag.py:2585} INFO - Sync 1 DAGs
[2024-08-01T10:06:22.563+0000] {logging_mixin.py:120} INFO - [2024-08-01T10:06:22.563+0000] {dag.py:3340} INFO - Setting next_dagrun for example_task_group_decorator to 2024-07-31T10:06:22.563001+00:00, run_after=2024-08-01T10:06:22.563001+00:00
[2024-08-01T10:06:22.588+0000] {processor.py:176} INFO - Processing /home/airflow/.local/lib/python3.7/site-packages/airflow/example_dags/example_task_group_decorator.py took 0.135 seconds
[2024-08-01T10:06:52.973+0000] {processor.py:154} INFO - Started process (PID=8325) to work on /home/airflow/.local/lib/python3.7/site-packages/airflow/example_dags/example_task_group_decorator.py
[2024-08-01T10:06:53.019+0000] {processor.py:756} INFO - Processing file /home/airflow/.local/lib/python3.7/site-packages/airflow/example_dags/example_task_group_decorator.py for tasks to queue
[2024-08-01T10:06:53.066+0000] {logging_mixin.py:120} INFO - [2024-08-01T10:06:53.066+0000] {dagbag.py:537} INFO - Filling up the DagBag from /home/airflow/.local/lib/python3.7/site-packages/airflow/example_dags/example_task_group_decorator.py
[2024-08-01T10:06:53.099+0000] {processor.py:766} INFO - DAG(s) dict_keys(['example_task_group_decorator']) retrieved from /home/airflow/.local/lib/python3.7/site-packages/airflow/example_dags/example_task_group_decorator.py
[2024-08-01T10:06:53.178+0000] {logging_mixin.py:120} INFO - [2024-08-01T10:06:53.177+0000] {dag.py:2585} INFO - Sync 1 DAGs
[2024-08-01T10:06:53.217+0000] {logging_mixin.py:120} INFO - [2024-08-01T10:06:53.217+0000] {dag.py:3340} INFO - Setting next_dagrun for example_task_group_decorator to 2024-07-31T10:06:53.217473+00:00, run_after=2024-08-01T10:06:53.217473+00:00
[2024-08-01T10:06:53.261+0000] {processor.py:176} INFO - Processing /home/airflow/.local/lib/python3.7/site-packages/airflow/example_dags/example_task_group_decorator.py took 0.293 seconds
[2024-08-01T10:07:23.712+0000] {processor.py:154} INFO - Started process (PID=8380) to work on /home/airflow/.local/lib/python3.7/site-packages/airflow/example_dags/example_task_group_decorator.py
[2024-08-01T10:07:23.713+0000] {processor.py:756} INFO - Processing file /home/airflow/.local/lib/python3.7/site-packages/airflow/example_dags/example_task_group_decorator.py for tasks to queue
[2024-08-01T10:07:23.715+0000] {logging_mixin.py:120} INFO - [2024-08-01T10:07:23.714+0000] {dagbag.py:537} INFO - Filling up the DagBag from /home/airflow/.local/lib/python3.7/site-packages/airflow/example_dags/example_task_group_decorator.py
[2024-08-01T10:07:23.746+0000] {processor.py:766} INFO - DAG(s) dict_keys(['example_task_group_decorator']) retrieved from /home/airflow/.local/lib/python3.7/site-packages/airflow/example_dags/example_task_group_decorator.py
[2024-08-01T10:07:23.809+0000] {logging_mixin.py:120} INFO - [2024-08-01T10:07:23.808+0000] {dag.py:2585} INFO - Sync 1 DAGs
[2024-08-01T10:07:23.834+0000] {logging_mixin.py:120} INFO - [2024-08-01T10:07:23.834+0000] {dag.py:3340} INFO - Setting next_dagrun for example_task_group_decorator to 2024-07-31T10:07:23.834139+00:00, run_after=2024-08-01T10:07:23.834139+00:00
[2024-08-01T10:07:23.858+0000] {processor.py:176} INFO - Processing /home/airflow/.local/lib/python3.7/site-packages/airflow/example_dags/example_task_group_decorator.py took 0.149 seconds
[2024-08-01T10:07:55.354+0000] {processor.py:154} INFO - Started process (PID=8443) to work on /home/airflow/.local/lib/python3.7/site-packages/airflow/example_dags/example_task_group_decorator.py
[2024-08-01T10:07:55.460+0000] {processor.py:756} INFO - Processing file /home/airflow/.local/lib/python3.7/site-packages/airflow/example_dags/example_task_group_decorator.py for tasks to queue
[2024-08-01T10:07:55.502+0000] {logging_mixin.py:120} INFO - [2024-08-01T10:07:55.501+0000] {dagbag.py:537} INFO - Filling up the DagBag from /home/airflow/.local/lib/python3.7/site-packages/airflow/example_dags/example_task_group_decorator.py
[2024-08-01T10:07:55.547+0000] {processor.py:766} INFO - DAG(s) dict_keys(['example_task_group_decorator']) retrieved from /home/airflow/.local/lib/python3.7/site-packages/airflow/example_dags/example_task_group_decorator.py
[2024-08-01T10:07:55.621+0000] {logging_mixin.py:120} INFO - [2024-08-01T10:07:55.621+0000] {dag.py:2585} INFO - Sync 1 DAGs
[2024-08-01T10:07:55.651+0000] {logging_mixin.py:120} INFO - [2024-08-01T10:07:55.651+0000] {dag.py:3340} INFO - Setting next_dagrun for example_task_group_decorator to 2024-07-31T10:07:55.650682+00:00, run_after=2024-08-01T10:07:55.650682+00:00
[2024-08-01T10:07:55.679+0000] {processor.py:176} INFO - Processing /home/airflow/.local/lib/python3.7/site-packages/airflow/example_dags/example_task_group_decorator.py took 0.331 seconds
[2024-08-01T10:08:26.881+0000] {processor.py:154} INFO - Started process (PID=8507) to work on /home/airflow/.local/lib/python3.7/site-packages/airflow/example_dags/example_task_group_decorator.py
[2024-08-01T10:08:26.883+0000] {processor.py:756} INFO - Processing file /home/airflow/.local/lib/python3.7/site-packages/airflow/example_dags/example_task_group_decorator.py for tasks to queue
[2024-08-01T10:08:26.885+0000] {logging_mixin.py:120} INFO - [2024-08-01T10:08:26.884+0000] {dagbag.py:537} INFO - Filling up the DagBag from /home/airflow/.local/lib/python3.7/site-packages/airflow/example_dags/example_task_group_decorator.py
[2024-08-01T10:08:26.929+0000] {processor.py:766} INFO - DAG(s) dict_keys(['example_task_group_decorator']) retrieved from /home/airflow/.local/lib/python3.7/site-packages/airflow/example_dags/example_task_group_decorator.py
[2024-08-01T10:08:27.000+0000] {logging_mixin.py:120} INFO - [2024-08-01T10:08:27.000+0000] {dag.py:2585} INFO - Sync 1 DAGs
[2024-08-01T10:08:27.043+0000] {logging_mixin.py:120} INFO - [2024-08-01T10:08:27.042+0000] {dag.py:3340} INFO - Setting next_dagrun for example_task_group_decorator to 2024-07-31T10:08:27.042151+00:00, run_after=2024-08-01T10:08:27.042151+00:00
[2024-08-01T10:08:27.088+0000] {processor.py:176} INFO - Processing /home/airflow/.local/lib/python3.7/site-packages/airflow/example_dags/example_task_group_decorator.py took 0.211 seconds
[2024-08-01T10:08:57.293+0000] {processor.py:154} INFO - Started process (PID=8572) to work on /home/airflow/.local/lib/python3.7/site-packages/airflow/example_dags/example_task_group_decorator.py
[2024-08-01T10:08:57.294+0000] {processor.py:756} INFO - Processing file /home/airflow/.local/lib/python3.7/site-packages/airflow/example_dags/example_task_group_decorator.py for tasks to queue
[2024-08-01T10:08:57.296+0000] {logging_mixin.py:120} INFO - [2024-08-01T10:08:57.296+0000] {dagbag.py:537} INFO - Filling up the DagBag from /home/airflow/.local/lib/python3.7/site-packages/airflow/example_dags/example_task_group_decorator.py
[2024-08-01T10:08:57.344+0000] {processor.py:766} INFO - DAG(s) dict_keys(['example_task_group_decorator']) retrieved from /home/airflow/.local/lib/python3.7/site-packages/airflow/example_dags/example_task_group_decorator.py
[2024-08-01T10:08:57.409+0000] {logging_mixin.py:120} INFO - [2024-08-01T10:08:57.408+0000] {dag.py:2585} INFO - Sync 1 DAGs
[2024-08-01T10:08:57.451+0000] {logging_mixin.py:120} INFO - [2024-08-01T10:08:57.450+0000] {dag.py:3340} INFO - Setting next_dagrun for example_task_group_decorator to 2024-07-31T10:08:57.450241+00:00, run_after=2024-08-01T10:08:57.450241+00:00
[2024-08-01T10:08:57.487+0000] {processor.py:176} INFO - Processing /home/airflow/.local/lib/python3.7/site-packages/airflow/example_dags/example_task_group_decorator.py took 0.200 seconds
[2024-08-01T10:09:28.014+0000] {processor.py:154} INFO - Started process (PID=8627) to work on /home/airflow/.local/lib/python3.7/site-packages/airflow/example_dags/example_task_group_decorator.py
[2024-08-01T10:09:28.017+0000] {processor.py:756} INFO - Processing file /home/airflow/.local/lib/python3.7/site-packages/airflow/example_dags/example_task_group_decorator.py for tasks to queue
[2024-08-01T10:09:28.048+0000] {logging_mixin.py:120} INFO - [2024-08-01T10:09:28.048+0000] {dagbag.py:537} INFO - Filling up the DagBag from /home/airflow/.local/lib/python3.7/site-packages/airflow/example_dags/example_task_group_decorator.py
[2024-08-01T10:09:28.079+0000] {processor.py:766} INFO - DAG(s) dict_keys(['example_task_group_decorator']) retrieved from /home/airflow/.local/lib/python3.7/site-packages/airflow/example_dags/example_task_group_decorator.py
[2024-08-01T10:09:28.123+0000] {logging_mixin.py:120} INFO - [2024-08-01T10:09:28.123+0000] {dag.py:2585} INFO - Sync 1 DAGs
[2024-08-01T10:09:28.147+0000] {logging_mixin.py:120} INFO - [2024-08-01T10:09:28.146+0000] {dag.py:3340} INFO - Setting next_dagrun for example_task_group_decorator to 2024-07-31T10:09:28.146738+00:00, run_after=2024-08-01T10:09:28.146738+00:00
[2024-08-01T10:09:28.175+0000] {processor.py:176} INFO - Processing /home/airflow/.local/lib/python3.7/site-packages/airflow/example_dags/example_task_group_decorator.py took 0.164 seconds
[2024-08-01T10:09:59.330+0000] {processor.py:154} INFO - Started process (PID=8691) to work on /home/airflow/.local/lib/python3.7/site-packages/airflow/example_dags/example_task_group_decorator.py
[2024-08-01T10:09:59.331+0000] {processor.py:756} INFO - Processing file /home/airflow/.local/lib/python3.7/site-packages/airflow/example_dags/example_task_group_decorator.py for tasks to queue
[2024-08-01T10:09:59.331+0000] {logging_mixin.py:120} INFO - [2024-08-01T10:09:59.331+0000] {dagbag.py:537} INFO - Filling up the DagBag from /home/airflow/.local/lib/python3.7/site-packages/airflow/example_dags/example_task_group_decorator.py
[2024-08-01T10:09:59.359+0000] {processor.py:766} INFO - DAG(s) dict_keys(['example_task_group_decorator']) retrieved from /home/airflow/.local/lib/python3.7/site-packages/airflow/example_dags/example_task_group_decorator.py
[2024-08-01T10:09:59.421+0000] {logging_mixin.py:120} INFO - [2024-08-01T10:09:59.421+0000] {dag.py:2585} INFO - Sync 1 DAGs
[2024-08-01T10:09:59.497+0000] {logging_mixin.py:120} INFO - [2024-08-01T10:09:59.497+0000] {dag.py:3340} INFO - Setting next_dagrun for example_task_group_decorator to 2024-07-31T10:09:59.496903+00:00, run_after=2024-08-01T10:09:59.496903+00:00
[2024-08-01T10:09:59.537+0000] {processor.py:176} INFO - Processing /home/airflow/.local/lib/python3.7/site-packages/airflow/example_dags/example_task_group_decorator.py took 0.210 seconds
[2024-08-01T10:10:29.859+0000] {processor.py:154} INFO - Started process (PID=8754) to work on /home/airflow/.local/lib/python3.7/site-packages/airflow/example_dags/example_task_group_decorator.py
[2024-08-01T10:10:29.864+0000] {processor.py:756} INFO - Processing file /home/airflow/.local/lib/python3.7/site-packages/airflow/example_dags/example_task_group_decorator.py for tasks to queue
[2024-08-01T10:10:29.866+0000] {logging_mixin.py:120} INFO - [2024-08-01T10:10:29.866+0000] {dagbag.py:537} INFO - Filling up the DagBag from /home/airflow/.local/lib/python3.7/site-packages/airflow/example_dags/example_task_group_decorator.py
[2024-08-01T10:10:29.924+0000] {processor.py:766} INFO - DAG(s) dict_keys(['example_task_group_decorator']) retrieved from /home/airflow/.local/lib/python3.7/site-packages/airflow/example_dags/example_task_group_decorator.py
[2024-08-01T10:10:29.995+0000] {logging_mixin.py:120} INFO - [2024-08-01T10:10:29.995+0000] {dag.py:2585} INFO - Sync 1 DAGs
[2024-08-01T10:10:30.038+0000] {logging_mixin.py:120} INFO - [2024-08-01T10:10:30.038+0000] {dag.py:3340} INFO - Setting next_dagrun for example_task_group_decorator to 2024-07-31T10:10:30.037061+00:00, run_after=2024-08-01T10:10:30.037061+00:00
[2024-08-01T10:10:30.075+0000] {processor.py:176} INFO - Processing /home/airflow/.local/lib/python3.7/site-packages/airflow/example_dags/example_task_group_decorator.py took 0.222 seconds
[2024-08-01T10:11:00.967+0000] {processor.py:154} INFO - Started process (PID=8809) to work on /home/airflow/.local/lib/python3.7/site-packages/airflow/example_dags/example_task_group_decorator.py
[2024-08-01T10:11:00.972+0000] {processor.py:756} INFO - Processing file /home/airflow/.local/lib/python3.7/site-packages/airflow/example_dags/example_task_group_decorator.py for tasks to queue
[2024-08-01T10:11:00.974+0000] {logging_mixin.py:120} INFO - [2024-08-01T10:11:00.974+0000] {dagbag.py:537} INFO - Filling up the DagBag from /home/airflow/.local/lib/python3.7/site-packages/airflow/example_dags/example_task_group_decorator.py
[2024-08-01T10:11:01.058+0000] {processor.py:766} INFO - DAG(s) dict_keys(['example_task_group_decorator']) retrieved from /home/airflow/.local/lib/python3.7/site-packages/airflow/example_dags/example_task_group_decorator.py
[2024-08-01T10:11:01.164+0000] {logging_mixin.py:120} INFO - [2024-08-01T10:11:01.163+0000] {dag.py:2585} INFO - Sync 1 DAGs
[2024-08-01T10:11:01.204+0000] {logging_mixin.py:120} INFO - [2024-08-01T10:11:01.203+0000] {dag.py:3340} INFO - Setting next_dagrun for example_task_group_decorator to 2024-07-31T10:11:01.203765+00:00, run_after=2024-08-01T10:11:01.203765+00:00
[2024-08-01T10:11:01.238+0000] {processor.py:176} INFO - Processing /home/airflow/.local/lib/python3.7/site-packages/airflow/example_dags/example_task_group_decorator.py took 0.280 seconds
[2024-08-01T10:11:31.572+0000] {processor.py:154} INFO - Started process (PID=8875) to work on /home/airflow/.local/lib/python3.7/site-packages/airflow/example_dags/example_task_group_decorator.py
[2024-08-01T10:11:31.575+0000] {processor.py:756} INFO - Processing file /home/airflow/.local/lib/python3.7/site-packages/airflow/example_dags/example_task_group_decorator.py for tasks to queue
[2024-08-01T10:11:31.576+0000] {logging_mixin.py:120} INFO - [2024-08-01T10:11:31.576+0000] {dagbag.py:537} INFO - Filling up the DagBag from /home/airflow/.local/lib/python3.7/site-packages/airflow/example_dags/example_task_group_decorator.py
[2024-08-01T10:11:31.609+0000] {processor.py:766} INFO - DAG(s) dict_keys(['example_task_group_decorator']) retrieved from /home/airflow/.local/lib/python3.7/site-packages/airflow/example_dags/example_task_group_decorator.py
[2024-08-01T10:11:31.661+0000] {logging_mixin.py:120} INFO - [2024-08-01T10:11:31.661+0000] {dag.py:2585} INFO - Sync 1 DAGs
[2024-08-01T10:11:31.680+0000] {logging_mixin.py:120} INFO - [2024-08-01T10:11:31.680+0000] {dag.py:3340} INFO - Setting next_dagrun for example_task_group_decorator to 2024-07-31T10:11:31.680200+00:00, run_after=2024-08-01T10:11:31.680200+00:00
[2024-08-01T10:11:31.713+0000] {processor.py:176} INFO - Processing /home/airflow/.local/lib/python3.7/site-packages/airflow/example_dags/example_task_group_decorator.py took 0.144 seconds
[2024-08-01T10:12:03.279+0000] {processor.py:154} INFO - Started process (PID=8940) to work on /home/airflow/.local/lib/python3.7/site-packages/airflow/example_dags/example_task_group_decorator.py
[2024-08-01T10:12:03.287+0000] {processor.py:756} INFO - Processing file /home/airflow/.local/lib/python3.7/site-packages/airflow/example_dags/example_task_group_decorator.py for tasks to queue
[2024-08-01T10:12:03.288+0000] {logging_mixin.py:120} INFO - [2024-08-01T10:12:03.288+0000] {dagbag.py:537} INFO - Filling up the DagBag from /home/airflow/.local/lib/python3.7/site-packages/airflow/example_dags/example_task_group_decorator.py
[2024-08-01T10:12:03.312+0000] {processor.py:766} INFO - DAG(s) dict_keys(['example_task_group_decorator']) retrieved from /home/airflow/.local/lib/python3.7/site-packages/airflow/example_dags/example_task_group_decorator.py
[2024-08-01T10:12:03.356+0000] {logging_mixin.py:120} INFO - [2024-08-01T10:12:03.355+0000] {dag.py:2585} INFO - Sync 1 DAGs
[2024-08-01T10:12:03.382+0000] {logging_mixin.py:120} INFO - [2024-08-01T10:12:03.381+0000] {dag.py:3340} INFO - Setting next_dagrun for example_task_group_decorator to 2024-07-31T10:12:03.381529+00:00, run_after=2024-08-01T10:12:03.381529+00:00
[2024-08-01T10:12:03.427+0000] {processor.py:176} INFO - Processing /home/airflow/.local/lib/python3.7/site-packages/airflow/example_dags/example_task_group_decorator.py took 0.150 seconds
[2024-08-01T10:12:33.958+0000] {processor.py:154} INFO - Started process (PID=9004) to work on /home/airflow/.local/lib/python3.7/site-packages/airflow/example_dags/example_task_group_decorator.py
[2024-08-01T10:12:33.960+0000] {processor.py:756} INFO - Processing file /home/airflow/.local/lib/python3.7/site-packages/airflow/example_dags/example_task_group_decorator.py for tasks to queue
[2024-08-01T10:12:33.961+0000] {logging_mixin.py:120} INFO - [2024-08-01T10:12:33.961+0000] {dagbag.py:537} INFO - Filling up the DagBag from /home/airflow/.local/lib/python3.7/site-packages/airflow/example_dags/example_task_group_decorator.py
[2024-08-01T10:12:33.999+0000] {processor.py:766} INFO - DAG(s) dict_keys(['example_task_group_decorator']) retrieved from /home/airflow/.local/lib/python3.7/site-packages/airflow/example_dags/example_task_group_decorator.py
[2024-08-01T10:12:34.048+0000] {logging_mixin.py:120} INFO - [2024-08-01T10:12:34.048+0000] {dag.py:2585} INFO - Sync 1 DAGs
[2024-08-01T10:12:34.076+0000] {logging_mixin.py:120} INFO - [2024-08-01T10:12:34.076+0000] {dag.py:3340} INFO - Setting next_dagrun for example_task_group_decorator to 2024-07-31T10:12:34.076565+00:00, run_after=2024-08-01T10:12:34.076565+00:00
[2024-08-01T10:12:34.107+0000] {processor.py:176} INFO - Processing /home/airflow/.local/lib/python3.7/site-packages/airflow/example_dags/example_task_group_decorator.py took 0.153 seconds
[2024-08-01T10:13:04.185+0000] {processor.py:154} INFO - Started process (PID=9059) to work on /home/airflow/.local/lib/python3.7/site-packages/airflow/example_dags/example_task_group_decorator.py
[2024-08-01T10:13:04.187+0000] {processor.py:756} INFO - Processing file /home/airflow/.local/lib/python3.7/site-packages/airflow/example_dags/example_task_group_decorator.py for tasks to queue
[2024-08-01T10:13:04.188+0000] {logging_mixin.py:120} INFO - [2024-08-01T10:13:04.188+0000] {dagbag.py:537} INFO - Filling up the DagBag from /home/airflow/.local/lib/python3.7/site-packages/airflow/example_dags/example_task_group_decorator.py
[2024-08-01T10:13:04.207+0000] {processor.py:766} INFO - DAG(s) dict_keys(['example_task_group_decorator']) retrieved from /home/airflow/.local/lib/python3.7/site-packages/airflow/example_dags/example_task_group_decorator.py
[2024-08-01T10:13:04.243+0000] {logging_mixin.py:120} INFO - [2024-08-01T10:13:04.243+0000] {dag.py:2585} INFO - Sync 1 DAGs
[2024-08-01T10:13:04.267+0000] {logging_mixin.py:120} INFO - [2024-08-01T10:13:04.267+0000] {dag.py:3340} INFO - Setting next_dagrun for example_task_group_decorator to 2024-07-31T10:13:04.266855+00:00, run_after=2024-08-01T10:13:04.266855+00:00
[2024-08-01T10:13:04.291+0000] {processor.py:176} INFO - Processing /home/airflow/.local/lib/python3.7/site-packages/airflow/example_dags/example_task_group_decorator.py took 0.108 seconds
[2024-08-01T10:13:34.368+0000] {processor.py:154} INFO - Started process (PID=9122) to work on /home/airflow/.local/lib/python3.7/site-packages/airflow/example_dags/example_task_group_decorator.py
[2024-08-01T10:13:34.370+0000] {processor.py:756} INFO - Processing file /home/airflow/.local/lib/python3.7/site-packages/airflow/example_dags/example_task_group_decorator.py for tasks to queue
[2024-08-01T10:13:34.370+0000] {logging_mixin.py:120} INFO - [2024-08-01T10:13:34.370+0000] {dagbag.py:537} INFO - Filling up the DagBag from /home/airflow/.local/lib/python3.7/site-packages/airflow/example_dags/example_task_group_decorator.py
[2024-08-01T10:13:34.399+0000] {processor.py:766} INFO - DAG(s) dict_keys(['example_task_group_decorator']) retrieved from /home/airflow/.local/lib/python3.7/site-packages/airflow/example_dags/example_task_group_decorator.py
[2024-08-01T10:13:34.436+0000] {logging_mixin.py:120} INFO - [2024-08-01T10:13:34.436+0000] {dag.py:2585} INFO - Sync 1 DAGs
[2024-08-01T10:13:34.465+0000] {logging_mixin.py:120} INFO - [2024-08-01T10:13:34.465+0000] {dag.py:3340} INFO - Setting next_dagrun for example_task_group_decorator to 2024-07-31T10:13:34.465306+00:00, run_after=2024-08-01T10:13:34.465306+00:00
[2024-08-01T10:13:34.489+0000] {processor.py:176} INFO - Processing /home/airflow/.local/lib/python3.7/site-packages/airflow/example_dags/example_task_group_decorator.py took 0.123 seconds
[2024-08-01T10:14:06.885+0000] {processor.py:154} INFO - Started process (PID=9188) to work on /home/airflow/.local/lib/python3.7/site-packages/airflow/example_dags/example_task_group_decorator.py
[2024-08-01T10:14:06.886+0000] {processor.py:756} INFO - Processing file /home/airflow/.local/lib/python3.7/site-packages/airflow/example_dags/example_task_group_decorator.py for tasks to queue
[2024-08-01T10:14:06.887+0000] {logging_mixin.py:120} INFO - [2024-08-01T10:14:06.887+0000] {dagbag.py:537} INFO - Filling up the DagBag from /home/airflow/.local/lib/python3.7/site-packages/airflow/example_dags/example_task_group_decorator.py
[2024-08-01T10:14:06.909+0000] {processor.py:766} INFO - DAG(s) dict_keys(['example_task_group_decorator']) retrieved from /home/airflow/.local/lib/python3.7/site-packages/airflow/example_dags/example_task_group_decorator.py
[2024-08-01T10:14:06.952+0000] {logging_mixin.py:120} INFO - [2024-08-01T10:14:06.952+0000] {dag.py:2585} INFO - Sync 1 DAGs
[2024-08-01T10:14:06.976+0000] {logging_mixin.py:120} INFO - [2024-08-01T10:14:06.976+0000] {dag.py:3340} INFO - Setting next_dagrun for example_task_group_decorator to 2024-07-31T10:14:06.976085+00:00, run_after=2024-08-01T10:14:06.976085+00:00
[2024-08-01T10:14:07.008+0000] {processor.py:176} INFO - Processing /home/airflow/.local/lib/python3.7/site-packages/airflow/example_dags/example_task_group_decorator.py took 0.125 seconds
[2024-08-01T10:14:37.393+0000] {processor.py:154} INFO - Started process (PID=9251) to work on /home/airflow/.local/lib/python3.7/site-packages/airflow/example_dags/example_task_group_decorator.py
[2024-08-01T10:14:37.395+0000] {processor.py:756} INFO - Processing file /home/airflow/.local/lib/python3.7/site-packages/airflow/example_dags/example_task_group_decorator.py for tasks to queue
[2024-08-01T10:14:37.396+0000] {logging_mixin.py:120} INFO - [2024-08-01T10:14:37.396+0000] {dagbag.py:537} INFO - Filling up the DagBag from /home/airflow/.local/lib/python3.7/site-packages/airflow/example_dags/example_task_group_decorator.py
[2024-08-01T10:14:37.424+0000] {processor.py:766} INFO - DAG(s) dict_keys(['example_task_group_decorator']) retrieved from /home/airflow/.local/lib/python3.7/site-packages/airflow/example_dags/example_task_group_decorator.py
[2024-08-01T10:14:37.483+0000] {logging_mixin.py:120} INFO - [2024-08-01T10:14:37.482+0000] {dag.py:2585} INFO - Sync 1 DAGs
[2024-08-01T10:14:37.506+0000] {logging_mixin.py:120} INFO - [2024-08-01T10:14:37.506+0000] {dag.py:3340} INFO - Setting next_dagrun for example_task_group_decorator to 2024-07-31T10:14:37.505978+00:00, run_after=2024-08-01T10:14:37.505978+00:00
[2024-08-01T10:14:37.530+0000] {processor.py:176} INFO - Processing /home/airflow/.local/lib/python3.7/site-packages/airflow/example_dags/example_task_group_decorator.py took 0.141 seconds
[2024-08-01T10:15:07.724+0000] {processor.py:154} INFO - Started process (PID=9306) to work on /home/airflow/.local/lib/python3.7/site-packages/airflow/example_dags/example_task_group_decorator.py
[2024-08-01T10:15:07.725+0000] {processor.py:756} INFO - Processing file /home/airflow/.local/lib/python3.7/site-packages/airflow/example_dags/example_task_group_decorator.py for tasks to queue
[2024-08-01T10:15:07.727+0000] {logging_mixin.py:120} INFO - [2024-08-01T10:15:07.727+0000] {dagbag.py:537} INFO - Filling up the DagBag from /home/airflow/.local/lib/python3.7/site-packages/airflow/example_dags/example_task_group_decorator.py
[2024-08-01T10:15:07.758+0000] {processor.py:766} INFO - DAG(s) dict_keys(['example_task_group_decorator']) retrieved from /home/airflow/.local/lib/python3.7/site-packages/airflow/example_dags/example_task_group_decorator.py
[2024-08-01T10:15:07.813+0000] {logging_mixin.py:120} INFO - [2024-08-01T10:15:07.813+0000] {dag.py:2585} INFO - Sync 1 DAGs
[2024-08-01T10:15:07.853+0000] {logging_mixin.py:120} INFO - [2024-08-01T10:15:07.853+0000] {dag.py:3340} INFO - Setting next_dagrun for example_task_group_decorator to 2024-07-31T10:15:07.852863+00:00, run_after=2024-08-01T10:15:07.852863+00:00
[2024-08-01T10:15:07.885+0000] {processor.py:176} INFO - Processing /home/airflow/.local/lib/python3.7/site-packages/airflow/example_dags/example_task_group_decorator.py took 0.165 seconds
[2024-08-01T10:15:38.008+0000] {processor.py:154} INFO - Started process (PID=9369) to work on /home/airflow/.local/lib/python3.7/site-packages/airflow/example_dags/example_task_group_decorator.py
[2024-08-01T10:15:38.010+0000] {processor.py:756} INFO - Processing file /home/airflow/.local/lib/python3.7/site-packages/airflow/example_dags/example_task_group_decorator.py for tasks to queue
[2024-08-01T10:15:38.011+0000] {logging_mixin.py:120} INFO - [2024-08-01T10:15:38.011+0000] {dagbag.py:537} INFO - Filling up the DagBag from /home/airflow/.local/lib/python3.7/site-packages/airflow/example_dags/example_task_group_decorator.py
[2024-08-01T10:15:38.036+0000] {processor.py:766} INFO - DAG(s) dict_keys(['example_task_group_decorator']) retrieved from /home/airflow/.local/lib/python3.7/site-packages/airflow/example_dags/example_task_group_decorator.py
[2024-08-01T10:15:38.075+0000] {logging_mixin.py:120} INFO - [2024-08-01T10:15:38.075+0000] {dag.py:2585} INFO - Sync 1 DAGs
[2024-08-01T10:15:38.094+0000] {logging_mixin.py:120} INFO - [2024-08-01T10:15:38.094+0000] {dag.py:3340} INFO - Setting next_dagrun for example_task_group_decorator to 2024-07-31T10:15:38.094257+00:00, run_after=2024-08-01T10:15:38.094257+00:00
[2024-08-01T10:15:38.113+0000] {processor.py:176} INFO - Processing /home/airflow/.local/lib/python3.7/site-packages/airflow/example_dags/example_task_group_decorator.py took 0.109 seconds
[2024-08-01T10:16:08.712+0000] {processor.py:154} INFO - Started process (PID=9434) to work on /home/airflow/.local/lib/python3.7/site-packages/airflow/example_dags/example_task_group_decorator.py
[2024-08-01T10:16:08.714+0000] {processor.py:756} INFO - Processing file /home/airflow/.local/lib/python3.7/site-packages/airflow/example_dags/example_task_group_decorator.py for tasks to queue
[2024-08-01T10:16:08.715+0000] {logging_mixin.py:120} INFO - [2024-08-01T10:16:08.715+0000] {dagbag.py:537} INFO - Filling up the DagBag from /home/airflow/.local/lib/python3.7/site-packages/airflow/example_dags/example_task_group_decorator.py
[2024-08-01T10:16:08.739+0000] {processor.py:766} INFO - DAG(s) dict_keys(['example_task_group_decorator']) retrieved from /home/airflow/.local/lib/python3.7/site-packages/airflow/example_dags/example_task_group_decorator.py
[2024-08-01T10:16:08.781+0000] {logging_mixin.py:120} INFO - [2024-08-01T10:16:08.780+0000] {dag.py:2585} INFO - Sync 1 DAGs
[2024-08-01T10:16:08.805+0000] {logging_mixin.py:120} INFO - [2024-08-01T10:16:08.805+0000] {dag.py:3340} INFO - Setting next_dagrun for example_task_group_decorator to 2024-07-31T10:16:08.804646+00:00, run_after=2024-08-01T10:16:08.804646+00:00
[2024-08-01T10:16:08.830+0000] {processor.py:176} INFO - Processing /home/airflow/.local/lib/python3.7/site-packages/airflow/example_dags/example_task_group_decorator.py took 0.122 seconds
[2024-08-01T10:16:39.036+0000] {processor.py:154} INFO - Started process (PID=9489) to work on /home/airflow/.local/lib/python3.7/site-packages/airflow/example_dags/example_task_group_decorator.py
[2024-08-01T10:16:39.038+0000] {processor.py:756} INFO - Processing file /home/airflow/.local/lib/python3.7/site-packages/airflow/example_dags/example_task_group_decorator.py for tasks to queue
[2024-08-01T10:16:39.039+0000] {logging_mixin.py:120} INFO - [2024-08-01T10:16:39.039+0000] {dagbag.py:537} INFO - Filling up the DagBag from /home/airflow/.local/lib/python3.7/site-packages/airflow/example_dags/example_task_group_decorator.py
[2024-08-01T10:16:39.080+0000] {processor.py:766} INFO - DAG(s) dict_keys(['example_task_group_decorator']) retrieved from /home/airflow/.local/lib/python3.7/site-packages/airflow/example_dags/example_task_group_decorator.py
[2024-08-01T10:16:39.161+0000] {logging_mixin.py:120} INFO - [2024-08-01T10:16:39.161+0000] {dag.py:2585} INFO - Sync 1 DAGs
[2024-08-01T10:16:39.204+0000] {logging_mixin.py:120} INFO - [2024-08-01T10:16:39.204+0000] {dag.py:3340} INFO - Setting next_dagrun for example_task_group_decorator to 2024-07-31T10:16:39.204166+00:00, run_after=2024-08-01T10:16:39.204166+00:00
[2024-08-01T10:16:39.246+0000] {processor.py:176} INFO - Processing /home/airflow/.local/lib/python3.7/site-packages/airflow/example_dags/example_task_group_decorator.py took 0.216 seconds
[2024-08-01T10:17:09.866+0000] {processor.py:154} INFO - Started process (PID=9553) to work on /home/airflow/.local/lib/python3.7/site-packages/airflow/example_dags/example_task_group_decorator.py
[2024-08-01T10:17:09.867+0000] {processor.py:756} INFO - Processing file /home/airflow/.local/lib/python3.7/site-packages/airflow/example_dags/example_task_group_decorator.py for tasks to queue
[2024-08-01T10:17:09.869+0000] {logging_mixin.py:120} INFO - [2024-08-01T10:17:09.868+0000] {dagbag.py:537} INFO - Filling up the DagBag from /home/airflow/.local/lib/python3.7/site-packages/airflow/example_dags/example_task_group_decorator.py
[2024-08-01T10:17:09.899+0000] {processor.py:766} INFO - DAG(s) dict_keys(['example_task_group_decorator']) retrieved from /home/airflow/.local/lib/python3.7/site-packages/airflow/example_dags/example_task_group_decorator.py
[2024-08-01T10:17:09.958+0000] {logging_mixin.py:120} INFO - [2024-08-01T10:17:09.957+0000] {dag.py:2585} INFO - Sync 1 DAGs
[2024-08-01T10:17:09.988+0000] {logging_mixin.py:120} INFO - [2024-08-01T10:17:09.988+0000] {dag.py:3340} INFO - Setting next_dagrun for example_task_group_decorator to 2024-07-31T10:17:09.988030+00:00, run_after=2024-08-01T10:17:09.988030+00:00
[2024-08-01T10:17:10.023+0000] {processor.py:176} INFO - Processing /home/airflow/.local/lib/python3.7/site-packages/airflow/example_dags/example_task_group_decorator.py took 0.161 seconds
[2024-08-01T10:17:40.271+0000] {processor.py:154} INFO - Started process (PID=9608) to work on /home/airflow/.local/lib/python3.7/site-packages/airflow/example_dags/example_task_group_decorator.py
[2024-08-01T10:17:40.273+0000] {processor.py:756} INFO - Processing file /home/airflow/.local/lib/python3.7/site-packages/airflow/example_dags/example_task_group_decorator.py for tasks to queue
[2024-08-01T10:17:40.275+0000] {logging_mixin.py:120} INFO - [2024-08-01T10:17:40.274+0000] {dagbag.py:537} INFO - Filling up the DagBag from /home/airflow/.local/lib/python3.7/site-packages/airflow/example_dags/example_task_group_decorator.py
[2024-08-01T10:17:40.334+0000] {processor.py:766} INFO - DAG(s) dict_keys(['example_task_group_decorator']) retrieved from /home/airflow/.local/lib/python3.7/site-packages/airflow/example_dags/example_task_group_decorator.py
[2024-08-01T10:17:40.412+0000] {logging_mixin.py:120} INFO - [2024-08-01T10:17:40.412+0000] {dag.py:2585} INFO - Sync 1 DAGs
[2024-08-01T10:17:40.444+0000] {logging_mixin.py:120} INFO - [2024-08-01T10:17:40.444+0000] {dag.py:3340} INFO - Setting next_dagrun for example_task_group_decorator to 2024-07-31T10:17:40.443776+00:00, run_after=2024-08-01T10:17:40.443776+00:00
[2024-08-01T10:17:40.482+0000] {processor.py:176} INFO - Processing /home/airflow/.local/lib/python3.7/site-packages/airflow/example_dags/example_task_group_decorator.py took 0.215 seconds
[2024-08-01T10:18:10.736+0000] {processor.py:154} INFO - Started process (PID=9671) to work on /home/airflow/.local/lib/python3.7/site-packages/airflow/example_dags/example_task_group_decorator.py
[2024-08-01T10:18:10.737+0000] {processor.py:756} INFO - Processing file /home/airflow/.local/lib/python3.7/site-packages/airflow/example_dags/example_task_group_decorator.py for tasks to queue
[2024-08-01T10:18:10.739+0000] {logging_mixin.py:120} INFO - [2024-08-01T10:18:10.739+0000] {dagbag.py:537} INFO - Filling up the DagBag from /home/airflow/.local/lib/python3.7/site-packages/airflow/example_dags/example_task_group_decorator.py
[2024-08-01T10:18:10.773+0000] {processor.py:766} INFO - DAG(s) dict_keys(['example_task_group_decorator']) retrieved from /home/airflow/.local/lib/python3.7/site-packages/airflow/example_dags/example_task_group_decorator.py
[2024-08-01T10:18:10.832+0000] {logging_mixin.py:120} INFO - [2024-08-01T10:18:10.832+0000] {dag.py:2585} INFO - Sync 1 DAGs
[2024-08-01T10:18:10.886+0000] {logging_mixin.py:120} INFO - [2024-08-01T10:18:10.886+0000] {dag.py:3340} INFO - Setting next_dagrun for example_task_group_decorator to 2024-07-31T10:18:10.885989+00:00, run_after=2024-08-01T10:18:10.885989+00:00
[2024-08-01T10:18:10.926+0000] {processor.py:176} INFO - Processing /home/airflow/.local/lib/python3.7/site-packages/airflow/example_dags/example_task_group_decorator.py took 0.195 seconds
[2024-08-01T10:18:42.028+0000] {processor.py:154} INFO - Started process (PID=9735) to work on /home/airflow/.local/lib/python3.7/site-packages/airflow/example_dags/example_task_group_decorator.py
[2024-08-01T10:18:42.030+0000] {processor.py:756} INFO - Processing file /home/airflow/.local/lib/python3.7/site-packages/airflow/example_dags/example_task_group_decorator.py for tasks to queue
[2024-08-01T10:18:42.032+0000] {logging_mixin.py:120} INFO - [2024-08-01T10:18:42.032+0000] {dagbag.py:537} INFO - Filling up the DagBag from /home/airflow/.local/lib/python3.7/site-packages/airflow/example_dags/example_task_group_decorator.py
[2024-08-01T10:18:42.068+0000] {processor.py:766} INFO - DAG(s) dict_keys(['example_task_group_decorator']) retrieved from /home/airflow/.local/lib/python3.7/site-packages/airflow/example_dags/example_task_group_decorator.py
[2024-08-01T10:18:42.121+0000] {logging_mixin.py:120} INFO - [2024-08-01T10:18:42.121+0000] {dag.py:2585} INFO - Sync 1 DAGs
[2024-08-01T10:18:42.153+0000] {logging_mixin.py:120} INFO - [2024-08-01T10:18:42.153+0000] {dag.py:3340} INFO - Setting next_dagrun for example_task_group_decorator to 2024-07-31T10:18:42.152965+00:00, run_after=2024-08-01T10:18:42.152965+00:00
[2024-08-01T10:18:42.176+0000] {processor.py:176} INFO - Processing /home/airflow/.local/lib/python3.7/site-packages/airflow/example_dags/example_task_group_decorator.py took 0.152 seconds
[2024-08-01T10:19:12.242+0000] {processor.py:154} INFO - Started process (PID=9789) to work on /home/airflow/.local/lib/python3.7/site-packages/airflow/example_dags/example_task_group_decorator.py
[2024-08-01T10:19:12.244+0000] {processor.py:756} INFO - Processing file /home/airflow/.local/lib/python3.7/site-packages/airflow/example_dags/example_task_group_decorator.py for tasks to queue
[2024-08-01T10:19:12.247+0000] {logging_mixin.py:120} INFO - [2024-08-01T10:19:12.247+0000] {dagbag.py:537} INFO - Filling up the DagBag from /home/airflow/.local/lib/python3.7/site-packages/airflow/example_dags/example_task_group_decorator.py
[2024-08-01T10:19:12.288+0000] {processor.py:766} INFO - DAG(s) dict_keys(['example_task_group_decorator']) retrieved from /home/airflow/.local/lib/python3.7/site-packages/airflow/example_dags/example_task_group_decorator.py
[2024-08-01T10:19:12.357+0000] {logging_mixin.py:120} INFO - [2024-08-01T10:19:12.356+0000] {dag.py:2585} INFO - Sync 1 DAGs
[2024-08-01T10:19:12.392+0000] {logging_mixin.py:120} INFO - [2024-08-01T10:19:12.392+0000] {dag.py:3340} INFO - Setting next_dagrun for example_task_group_decorator to 2024-07-31T10:19:12.392069+00:00, run_after=2024-08-01T10:19:12.392069+00:00
[2024-08-01T10:19:12.421+0000] {processor.py:176} INFO - Processing /home/airflow/.local/lib/python3.7/site-packages/airflow/example_dags/example_task_group_decorator.py took 0.183 seconds
[2024-08-01T10:19:43.444+0000] {processor.py:154} INFO - Started process (PID=9855) to work on /home/airflow/.local/lib/python3.7/site-packages/airflow/example_dags/example_task_group_decorator.py
[2024-08-01T10:19:43.445+0000] {processor.py:756} INFO - Processing file /home/airflow/.local/lib/python3.7/site-packages/airflow/example_dags/example_task_group_decorator.py for tasks to queue
[2024-08-01T10:19:43.446+0000] {logging_mixin.py:120} INFO - [2024-08-01T10:19:43.446+0000] {dagbag.py:537} INFO - Filling up the DagBag from /home/airflow/.local/lib/python3.7/site-packages/airflow/example_dags/example_task_group_decorator.py
[2024-08-01T10:19:43.474+0000] {processor.py:766} INFO - DAG(s) dict_keys(['example_task_group_decorator']) retrieved from /home/airflow/.local/lib/python3.7/site-packages/airflow/example_dags/example_task_group_decorator.py
[2024-08-01T10:19:43.518+0000] {logging_mixin.py:120} INFO - [2024-08-01T10:19:43.518+0000] {dag.py:2585} INFO - Sync 1 DAGs
[2024-08-01T10:19:43.544+0000] {logging_mixin.py:120} INFO - [2024-08-01T10:19:43.544+0000] {dag.py:3340} INFO - Setting next_dagrun for example_task_group_decorator to 2024-07-31T10:19:43.544457+00:00, run_after=2024-08-01T10:19:43.544457+00:00
[2024-08-01T10:19:43.573+0000] {processor.py:176} INFO - Processing /home/airflow/.local/lib/python3.7/site-packages/airflow/example_dags/example_task_group_decorator.py took 0.133 seconds
[2024-08-01T10:20:13.878+0000] {processor.py:154} INFO - Started process (PID=9919) to work on /home/airflow/.local/lib/python3.7/site-packages/airflow/example_dags/example_task_group_decorator.py
[2024-08-01T10:20:13.880+0000] {processor.py:756} INFO - Processing file /home/airflow/.local/lib/python3.7/site-packages/airflow/example_dags/example_task_group_decorator.py for tasks to queue
[2024-08-01T10:20:13.882+0000] {logging_mixin.py:120} INFO - [2024-08-01T10:20:13.882+0000] {dagbag.py:537} INFO - Filling up the DagBag from /home/airflow/.local/lib/python3.7/site-packages/airflow/example_dags/example_task_group_decorator.py
[2024-08-01T10:20:13.922+0000] {processor.py:766} INFO - DAG(s) dict_keys(['example_task_group_decorator']) retrieved from /home/airflow/.local/lib/python3.7/site-packages/airflow/example_dags/example_task_group_decorator.py
[2024-08-01T10:20:13.979+0000] {logging_mixin.py:120} INFO - [2024-08-01T10:20:13.979+0000] {dag.py:2585} INFO - Sync 1 DAGs
[2024-08-01T10:20:14.014+0000] {logging_mixin.py:120} INFO - [2024-08-01T10:20:14.013+0000] {dag.py:3340} INFO - Setting next_dagrun for example_task_group_decorator to 2024-07-31T10:20:14.013602+00:00, run_after=2024-08-01T10:20:14.013602+00:00
[2024-08-01T10:20:14.049+0000] {processor.py:176} INFO - Processing /home/airflow/.local/lib/python3.7/site-packages/airflow/example_dags/example_task_group_decorator.py took 0.177 seconds
[2024-08-01T10:22:17.333+0000] {processor.py:154} INFO - Started process (PID=86) to work on /home/airflow/.local/lib/python3.7/site-packages/airflow/example_dags/example_task_group_decorator.py
[2024-08-01T10:22:17.336+0000] {processor.py:756} INFO - Processing file /home/airflow/.local/lib/python3.7/site-packages/airflow/example_dags/example_task_group_decorator.py for tasks to queue
[2024-08-01T10:22:17.338+0000] {logging_mixin.py:120} INFO - [2024-08-01T10:22:17.338+0000] {dagbag.py:537} INFO - Filling up the DagBag from /home/airflow/.local/lib/python3.7/site-packages/airflow/example_dags/example_task_group_decorator.py
[2024-08-01T10:22:17.421+0000] {processor.py:766} INFO - DAG(s) dict_keys(['example_task_group_decorator']) retrieved from /home/airflow/.local/lib/python3.7/site-packages/airflow/example_dags/example_task_group_decorator.py
[2024-08-01T10:22:17.543+0000] {logging_mixin.py:120} INFO - [2024-08-01T10:22:17.542+0000] {dag.py:2585} INFO - Sync 1 DAGs
[2024-08-01T10:22:17.605+0000] {logging_mixin.py:120} INFO - [2024-08-01T10:22:17.604+0000] {dag.py:3340} INFO - Setting next_dagrun for example_task_group_decorator to 2024-07-31T10:22:17.603890+00:00, run_after=2024-08-01T10:22:17.603890+00:00
[2024-08-01T10:22:17.652+0000] {processor.py:176} INFO - Processing /home/airflow/.local/lib/python3.7/site-packages/airflow/example_dags/example_task_group_decorator.py took 0.328 seconds
[2024-08-01T10:22:48.166+0000] {processor.py:154} INFO - Started process (PID=143) to work on /home/airflow/.local/lib/python3.7/site-packages/airflow/example_dags/example_task_group_decorator.py
[2024-08-01T10:22:48.167+0000] {processor.py:756} INFO - Processing file /home/airflow/.local/lib/python3.7/site-packages/airflow/example_dags/example_task_group_decorator.py for tasks to queue
[2024-08-01T10:22:48.169+0000] {logging_mixin.py:120} INFO - [2024-08-01T10:22:48.169+0000] {dagbag.py:537} INFO - Filling up the DagBag from /home/airflow/.local/lib/python3.7/site-packages/airflow/example_dags/example_task_group_decorator.py
[2024-08-01T10:22:48.218+0000] {processor.py:766} INFO - DAG(s) dict_keys(['example_task_group_decorator']) retrieved from /home/airflow/.local/lib/python3.7/site-packages/airflow/example_dags/example_task_group_decorator.py
[2024-08-01T10:22:48.285+0000] {logging_mixin.py:120} INFO - [2024-08-01T10:22:48.284+0000] {dag.py:2585} INFO - Sync 1 DAGs
[2024-08-01T10:22:48.324+0000] {logging_mixin.py:120} INFO - [2024-08-01T10:22:48.324+0000] {dag.py:3340} INFO - Setting next_dagrun for example_task_group_decorator to 2024-07-31T10:22:48.323828+00:00, run_after=2024-08-01T10:22:48.323828+00:00
[2024-08-01T10:22:48.363+0000] {processor.py:176} INFO - Processing /home/airflow/.local/lib/python3.7/site-packages/airflow/example_dags/example_task_group_decorator.py took 0.201 seconds
