[2024-08-05T05:54:33.533+0000] {processor.py:154} INFO - Started process (PID=87) to work on /home/airflow/.local/lib/python3.7/site-packages/airflow/example_dags/plugins/workday.py
[2024-08-05T05:54:33.535+0000] {processor.py:756} INFO - Processing file /home/airflow/.local/lib/python3.7/site-packages/airflow/example_dags/plugins/workday.py for tasks to queue
[2024-08-05T05:54:33.536+0000] {logging_mixin.py:120} INFO - [2024-08-05T05:54:33.536+0000] {dagbag.py:537} INFO - Filling up the DagBag from /home/airflow/.local/lib/python3.7/site-packages/airflow/example_dags/plugins/workday.py
[2024-08-05T05:54:33.539+0000] {processor.py:768} WARNING - No viable dags retrieved from /home/airflow/.local/lib/python3.7/site-packages/airflow/example_dags/plugins/workday.py
[2024-08-05T05:54:33.555+0000] {processor.py:176} INFO - Processing /home/airflow/.local/lib/python3.7/site-packages/airflow/example_dags/plugins/workday.py took 0.025 seconds
[2024-08-05T05:55:04.708+0000] {processor.py:154} INFO - Started process (PID=153) to work on /home/airflow/.local/lib/python3.7/site-packages/airflow/example_dags/plugins/workday.py
[2024-08-05T05:55:04.710+0000] {processor.py:756} INFO - Processing file /home/airflow/.local/lib/python3.7/site-packages/airflow/example_dags/plugins/workday.py for tasks to queue
[2024-08-05T05:55:04.711+0000] {logging_mixin.py:120} INFO - [2024-08-05T05:55:04.711+0000] {dagbag.py:537} INFO - Filling up the DagBag from /home/airflow/.local/lib/python3.7/site-packages/airflow/example_dags/plugins/workday.py
[2024-08-05T05:55:04.714+0000] {processor.py:768} WARNING - No viable dags retrieved from /home/airflow/.local/lib/python3.7/site-packages/airflow/example_dags/plugins/workday.py
[2024-08-05T05:55:04.742+0000] {processor.py:176} INFO - Processing /home/airflow/.local/lib/python3.7/site-packages/airflow/example_dags/plugins/workday.py took 0.036 seconds
[2024-08-05T05:55:35.829+0000] {processor.py:154} INFO - Started process (PID=210) to work on /home/airflow/.local/lib/python3.7/site-packages/airflow/example_dags/plugins/workday.py
[2024-08-05T05:55:35.831+0000] {processor.py:756} INFO - Processing file /home/airflow/.local/lib/python3.7/site-packages/airflow/example_dags/plugins/workday.py for tasks to queue
[2024-08-05T05:55:35.832+0000] {logging_mixin.py:120} INFO - [2024-08-05T05:55:35.832+0000] {dagbag.py:537} INFO - Filling up the DagBag from /home/airflow/.local/lib/python3.7/site-packages/airflow/example_dags/plugins/workday.py
[2024-08-05T05:55:35.836+0000] {processor.py:768} WARNING - No viable dags retrieved from /home/airflow/.local/lib/python3.7/site-packages/airflow/example_dags/plugins/workday.py
[2024-08-05T05:55:35.853+0000] {processor.py:176} INFO - Processing /home/airflow/.local/lib/python3.7/site-packages/airflow/example_dags/plugins/workday.py took 0.027 seconds
[2024-08-05T05:56:08.084+0000] {processor.py:154} INFO - Started process (PID=274) to work on /home/airflow/.local/lib/python3.7/site-packages/airflow/example_dags/plugins/workday.py
[2024-08-05T05:56:08.085+0000] {processor.py:756} INFO - Processing file /home/airflow/.local/lib/python3.7/site-packages/airflow/example_dags/plugins/workday.py for tasks to queue
[2024-08-05T05:56:08.088+0000] {logging_mixin.py:120} INFO - [2024-08-05T05:56:08.088+0000] {dagbag.py:537} INFO - Filling up the DagBag from /home/airflow/.local/lib/python3.7/site-packages/airflow/example_dags/plugins/workday.py
[2024-08-05T05:56:08.093+0000] {processor.py:768} WARNING - No viable dags retrieved from /home/airflow/.local/lib/python3.7/site-packages/airflow/example_dags/plugins/workday.py
[2024-08-05T05:56:08.120+0000] {processor.py:176} INFO - Processing /home/airflow/.local/lib/python3.7/site-packages/airflow/example_dags/plugins/workday.py took 0.041 seconds
[2024-08-05T05:56:38.771+0000] {processor.py:154} INFO - Started process (PID=339) to work on /home/airflow/.local/lib/python3.7/site-packages/airflow/example_dags/plugins/workday.py
[2024-08-05T05:56:38.773+0000] {processor.py:756} INFO - Processing file /home/airflow/.local/lib/python3.7/site-packages/airflow/example_dags/plugins/workday.py for tasks to queue
[2024-08-05T05:56:38.774+0000] {logging_mixin.py:120} INFO - [2024-08-05T05:56:38.774+0000] {dagbag.py:537} INFO - Filling up the DagBag from /home/airflow/.local/lib/python3.7/site-packages/airflow/example_dags/plugins/workday.py
[2024-08-05T05:56:38.776+0000] {processor.py:768} WARNING - No viable dags retrieved from /home/airflow/.local/lib/python3.7/site-packages/airflow/example_dags/plugins/workday.py
[2024-08-05T05:56:38.791+0000] {processor.py:176} INFO - Processing /home/airflow/.local/lib/python3.7/site-packages/airflow/example_dags/plugins/workday.py took 0.024 seconds
[2024-08-05T05:57:09.707+0000] {processor.py:154} INFO - Started process (PID=404) to work on /home/airflow/.local/lib/python3.7/site-packages/airflow/example_dags/plugins/workday.py
[2024-08-05T05:57:09.709+0000] {processor.py:756} INFO - Processing file /home/airflow/.local/lib/python3.7/site-packages/airflow/example_dags/plugins/workday.py for tasks to queue
[2024-08-05T05:57:09.711+0000] {logging_mixin.py:120} INFO - [2024-08-05T05:57:09.711+0000] {dagbag.py:537} INFO - Filling up the DagBag from /home/airflow/.local/lib/python3.7/site-packages/airflow/example_dags/plugins/workday.py
[2024-08-05T05:57:09.714+0000] {processor.py:768} WARNING - No viable dags retrieved from /home/airflow/.local/lib/python3.7/site-packages/airflow/example_dags/plugins/workday.py
[2024-08-05T05:57:09.734+0000] {processor.py:176} INFO - Processing /home/airflow/.local/lib/python3.7/site-packages/airflow/example_dags/plugins/workday.py took 0.032 seconds
[2024-08-05T05:57:39.948+0000] {processor.py:154} INFO - Started process (PID=468) to work on /home/airflow/.local/lib/python3.7/site-packages/airflow/example_dags/plugins/workday.py
[2024-08-05T05:57:39.950+0000] {processor.py:756} INFO - Processing file /home/airflow/.local/lib/python3.7/site-packages/airflow/example_dags/plugins/workday.py for tasks to queue
[2024-08-05T05:57:39.951+0000] {logging_mixin.py:120} INFO - [2024-08-05T05:57:39.951+0000] {dagbag.py:537} INFO - Filling up the DagBag from /home/airflow/.local/lib/python3.7/site-packages/airflow/example_dags/plugins/workday.py
[2024-08-05T05:57:39.952+0000] {processor.py:768} WARNING - No viable dags retrieved from /home/airflow/.local/lib/python3.7/site-packages/airflow/example_dags/plugins/workday.py
[2024-08-05T05:57:39.968+0000] {processor.py:176} INFO - Processing /home/airflow/.local/lib/python3.7/site-packages/airflow/example_dags/plugins/workday.py took 0.023 seconds
[2024-08-05T05:58:12.238+0000] {processor.py:154} INFO - Started process (PID=533) to work on /home/airflow/.local/lib/python3.7/site-packages/airflow/example_dags/plugins/workday.py
[2024-08-05T05:58:12.240+0000] {processor.py:756} INFO - Processing file /home/airflow/.local/lib/python3.7/site-packages/airflow/example_dags/plugins/workday.py for tasks to queue
[2024-08-05T05:58:12.241+0000] {logging_mixin.py:120} INFO - [2024-08-05T05:58:12.240+0000] {dagbag.py:537} INFO - Filling up the DagBag from /home/airflow/.local/lib/python3.7/site-packages/airflow/example_dags/plugins/workday.py
[2024-08-05T05:58:12.242+0000] {processor.py:768} WARNING - No viable dags retrieved from /home/airflow/.local/lib/python3.7/site-packages/airflow/example_dags/plugins/workday.py
[2024-08-05T05:58:12.256+0000] {processor.py:176} INFO - Processing /home/airflow/.local/lib/python3.7/site-packages/airflow/example_dags/plugins/workday.py took 0.022 seconds
[2024-08-05T05:58:42.391+0000] {processor.py:154} INFO - Started process (PID=589) to work on /home/airflow/.local/lib/python3.7/site-packages/airflow/example_dags/plugins/workday.py
[2024-08-05T05:58:42.393+0000] {processor.py:756} INFO - Processing file /home/airflow/.local/lib/python3.7/site-packages/airflow/example_dags/plugins/workday.py for tasks to queue
[2024-08-05T05:58:42.394+0000] {logging_mixin.py:120} INFO - [2024-08-05T05:58:42.394+0000] {dagbag.py:537} INFO - Filling up the DagBag from /home/airflow/.local/lib/python3.7/site-packages/airflow/example_dags/plugins/workday.py
[2024-08-05T05:58:42.396+0000] {processor.py:768} WARNING - No viable dags retrieved from /home/airflow/.local/lib/python3.7/site-packages/airflow/example_dags/plugins/workday.py
[2024-08-05T05:58:42.412+0000] {processor.py:176} INFO - Processing /home/airflow/.local/lib/python3.7/site-packages/airflow/example_dags/plugins/workday.py took 0.023 seconds
[2024-08-05T05:59:13.453+0000] {processor.py:154} INFO - Started process (PID=655) to work on /home/airflow/.local/lib/python3.7/site-packages/airflow/example_dags/plugins/workday.py
[2024-08-05T05:59:13.455+0000] {processor.py:756} INFO - Processing file /home/airflow/.local/lib/python3.7/site-packages/airflow/example_dags/plugins/workday.py for tasks to queue
[2024-08-05T05:59:13.456+0000] {logging_mixin.py:120} INFO - [2024-08-05T05:59:13.456+0000] {dagbag.py:537} INFO - Filling up the DagBag from /home/airflow/.local/lib/python3.7/site-packages/airflow/example_dags/plugins/workday.py
[2024-08-05T05:59:13.458+0000] {processor.py:768} WARNING - No viable dags retrieved from /home/airflow/.local/lib/python3.7/site-packages/airflow/example_dags/plugins/workday.py
[2024-08-05T05:59:13.480+0000] {processor.py:176} INFO - Processing /home/airflow/.local/lib/python3.7/site-packages/airflow/example_dags/plugins/workday.py took 0.030 seconds
[2024-08-05T05:59:44.185+0000] {processor.py:154} INFO - Started process (PID=724) to work on /home/airflow/.local/lib/python3.7/site-packages/airflow/example_dags/plugins/workday.py
[2024-08-05T05:59:44.186+0000] {processor.py:756} INFO - Processing file /home/airflow/.local/lib/python3.7/site-packages/airflow/example_dags/plugins/workday.py for tasks to queue
[2024-08-05T05:59:44.187+0000] {logging_mixin.py:120} INFO - [2024-08-05T05:59:44.187+0000] {dagbag.py:537} INFO - Filling up the DagBag from /home/airflow/.local/lib/python3.7/site-packages/airflow/example_dags/plugins/workday.py
[2024-08-05T05:59:44.189+0000] {processor.py:768} WARNING - No viable dags retrieved from /home/airflow/.local/lib/python3.7/site-packages/airflow/example_dags/plugins/workday.py
[2024-08-05T05:59:44.206+0000] {processor.py:176} INFO - Processing /home/airflow/.local/lib/python3.7/site-packages/airflow/example_dags/plugins/workday.py took 0.024 seconds
[2024-08-05T06:00:15.039+0000] {processor.py:154} INFO - Started process (PID=791) to work on /home/airflow/.local/lib/python3.7/site-packages/airflow/example_dags/plugins/workday.py
[2024-08-05T06:00:15.040+0000] {processor.py:756} INFO - Processing file /home/airflow/.local/lib/python3.7/site-packages/airflow/example_dags/plugins/workday.py for tasks to queue
[2024-08-05T06:00:15.042+0000] {logging_mixin.py:120} INFO - [2024-08-05T06:00:15.042+0000] {dagbag.py:537} INFO - Filling up the DagBag from /home/airflow/.local/lib/python3.7/site-packages/airflow/example_dags/plugins/workday.py
[2024-08-05T06:00:15.044+0000] {processor.py:768} WARNING - No viable dags retrieved from /home/airflow/.local/lib/python3.7/site-packages/airflow/example_dags/plugins/workday.py
[2024-08-05T06:00:15.060+0000] {processor.py:176} INFO - Processing /home/airflow/.local/lib/python3.7/site-packages/airflow/example_dags/plugins/workday.py took 0.024 seconds
[2024-08-05T06:00:46.184+0000] {processor.py:154} INFO - Started process (PID=850) to work on /home/airflow/.local/lib/python3.7/site-packages/airflow/example_dags/plugins/workday.py
[2024-08-05T06:00:46.186+0000] {processor.py:756} INFO - Processing file /home/airflow/.local/lib/python3.7/site-packages/airflow/example_dags/plugins/workday.py for tasks to queue
[2024-08-05T06:00:46.187+0000] {logging_mixin.py:120} INFO - [2024-08-05T06:00:46.187+0000] {dagbag.py:537} INFO - Filling up the DagBag from /home/airflow/.local/lib/python3.7/site-packages/airflow/example_dags/plugins/workday.py
[2024-08-05T06:00:46.190+0000] {processor.py:768} WARNING - No viable dags retrieved from /home/airflow/.local/lib/python3.7/site-packages/airflow/example_dags/plugins/workday.py
[2024-08-05T06:00:46.209+0000] {processor.py:176} INFO - Processing /home/airflow/.local/lib/python3.7/site-packages/airflow/example_dags/plugins/workday.py took 0.029 seconds
[2024-08-05T06:01:17.581+0000] {processor.py:154} INFO - Started process (PID=917) to work on /home/airflow/.local/lib/python3.7/site-packages/airflow/example_dags/plugins/workday.py
[2024-08-05T06:01:17.582+0000] {processor.py:756} INFO - Processing file /home/airflow/.local/lib/python3.7/site-packages/airflow/example_dags/plugins/workday.py for tasks to queue
[2024-08-05T06:01:17.584+0000] {logging_mixin.py:120} INFO - [2024-08-05T06:01:17.584+0000] {dagbag.py:537} INFO - Filling up the DagBag from /home/airflow/.local/lib/python3.7/site-packages/airflow/example_dags/plugins/workday.py
[2024-08-05T06:01:17.587+0000] {processor.py:768} WARNING - No viable dags retrieved from /home/airflow/.local/lib/python3.7/site-packages/airflow/example_dags/plugins/workday.py
[2024-08-05T06:01:17.607+0000] {processor.py:176} INFO - Processing /home/airflow/.local/lib/python3.7/site-packages/airflow/example_dags/plugins/workday.py took 0.030 seconds
[2024-08-05T06:01:48.438+0000] {processor.py:154} INFO - Started process (PID=985) to work on /home/airflow/.local/lib/python3.7/site-packages/airflow/example_dags/plugins/workday.py
[2024-08-05T06:01:48.440+0000] {processor.py:756} INFO - Processing file /home/airflow/.local/lib/python3.7/site-packages/airflow/example_dags/plugins/workday.py for tasks to queue
[2024-08-05T06:01:48.441+0000] {logging_mixin.py:120} INFO - [2024-08-05T06:01:48.441+0000] {dagbag.py:537} INFO - Filling up the DagBag from /home/airflow/.local/lib/python3.7/site-packages/airflow/example_dags/plugins/workday.py
[2024-08-05T06:01:48.443+0000] {processor.py:768} WARNING - No viable dags retrieved from /home/airflow/.local/lib/python3.7/site-packages/airflow/example_dags/plugins/workday.py
[2024-08-05T06:01:48.471+0000] {processor.py:176} INFO - Processing /home/airflow/.local/lib/python3.7/site-packages/airflow/example_dags/plugins/workday.py took 0.039 seconds
[2024-08-05T06:02:19.884+0000] {processor.py:154} INFO - Started process (PID=1043) to work on /home/airflow/.local/lib/python3.7/site-packages/airflow/example_dags/plugins/workday.py
[2024-08-05T06:02:19.886+0000] {processor.py:756} INFO - Processing file /home/airflow/.local/lib/python3.7/site-packages/airflow/example_dags/plugins/workday.py for tasks to queue
[2024-08-05T06:02:19.887+0000] {logging_mixin.py:120} INFO - [2024-08-05T06:02:19.887+0000] {dagbag.py:537} INFO - Filling up the DagBag from /home/airflow/.local/lib/python3.7/site-packages/airflow/example_dags/plugins/workday.py
[2024-08-05T06:02:19.889+0000] {processor.py:768} WARNING - No viable dags retrieved from /home/airflow/.local/lib/python3.7/site-packages/airflow/example_dags/plugins/workday.py
[2024-08-05T06:02:19.905+0000] {processor.py:176} INFO - Processing /home/airflow/.local/lib/python3.7/site-packages/airflow/example_dags/plugins/workday.py took 0.025 seconds
[2024-08-05T06:02:50.972+0000] {processor.py:154} INFO - Started process (PID=1110) to work on /home/airflow/.local/lib/python3.7/site-packages/airflow/example_dags/plugins/workday.py
[2024-08-05T06:02:50.974+0000] {processor.py:756} INFO - Processing file /home/airflow/.local/lib/python3.7/site-packages/airflow/example_dags/plugins/workday.py for tasks to queue
[2024-08-05T06:02:50.975+0000] {logging_mixin.py:120} INFO - [2024-08-05T06:02:50.974+0000] {dagbag.py:537} INFO - Filling up the DagBag from /home/airflow/.local/lib/python3.7/site-packages/airflow/example_dags/plugins/workday.py
[2024-08-05T06:02:50.980+0000] {processor.py:768} WARNING - No viable dags retrieved from /home/airflow/.local/lib/python3.7/site-packages/airflow/example_dags/plugins/workday.py
[2024-08-05T06:02:51.000+0000] {processor.py:176} INFO - Processing /home/airflow/.local/lib/python3.7/site-packages/airflow/example_dags/plugins/workday.py took 0.031 seconds
[2024-08-05T06:03:21.737+0000] {processor.py:154} INFO - Started process (PID=1178) to work on /home/airflow/.local/lib/python3.7/site-packages/airflow/example_dags/plugins/workday.py
[2024-08-05T06:03:21.738+0000] {processor.py:756} INFO - Processing file /home/airflow/.local/lib/python3.7/site-packages/airflow/example_dags/plugins/workday.py for tasks to queue
[2024-08-05T06:03:21.739+0000] {logging_mixin.py:120} INFO - [2024-08-05T06:03:21.739+0000] {dagbag.py:537} INFO - Filling up the DagBag from /home/airflow/.local/lib/python3.7/site-packages/airflow/example_dags/plugins/workday.py
[2024-08-05T06:03:21.740+0000] {processor.py:768} WARNING - No viable dags retrieved from /home/airflow/.local/lib/python3.7/site-packages/airflow/example_dags/plugins/workday.py
[2024-08-05T06:03:21.755+0000] {processor.py:176} INFO - Processing /home/airflow/.local/lib/python3.7/site-packages/airflow/example_dags/plugins/workday.py took 0.021 seconds
[2024-08-05T06:03:51.976+0000] {processor.py:154} INFO - Started process (PID=1243) to work on /home/airflow/.local/lib/python3.7/site-packages/airflow/example_dags/plugins/workday.py
[2024-08-05T06:03:51.977+0000] {processor.py:756} INFO - Processing file /home/airflow/.local/lib/python3.7/site-packages/airflow/example_dags/plugins/workday.py for tasks to queue
[2024-08-05T06:03:51.979+0000] {logging_mixin.py:120} INFO - [2024-08-05T06:03:51.978+0000] {dagbag.py:537} INFO - Filling up the DagBag from /home/airflow/.local/lib/python3.7/site-packages/airflow/example_dags/plugins/workday.py
[2024-08-05T06:03:51.981+0000] {processor.py:768} WARNING - No viable dags retrieved from /home/airflow/.local/lib/python3.7/site-packages/airflow/example_dags/plugins/workday.py
[2024-08-05T06:03:52.003+0000] {processor.py:176} INFO - Processing /home/airflow/.local/lib/python3.7/site-packages/airflow/example_dags/plugins/workday.py took 0.031 seconds
[2024-08-05T06:04:22.607+0000] {processor.py:154} INFO - Started process (PID=1300) to work on /home/airflow/.local/lib/python3.7/site-packages/airflow/example_dags/plugins/workday.py
[2024-08-05T06:04:22.608+0000] {processor.py:756} INFO - Processing file /home/airflow/.local/lib/python3.7/site-packages/airflow/example_dags/plugins/workday.py for tasks to queue
[2024-08-05T06:04:22.609+0000] {logging_mixin.py:120} INFO - [2024-08-05T06:04:22.609+0000] {dagbag.py:537} INFO - Filling up the DagBag from /home/airflow/.local/lib/python3.7/site-packages/airflow/example_dags/plugins/workday.py
[2024-08-05T06:04:22.611+0000] {processor.py:768} WARNING - No viable dags retrieved from /home/airflow/.local/lib/python3.7/site-packages/airflow/example_dags/plugins/workday.py
[2024-08-05T06:04:22.627+0000] {processor.py:176} INFO - Processing /home/airflow/.local/lib/python3.7/site-packages/airflow/example_dags/plugins/workday.py took 0.023 seconds
[2024-08-05T06:04:53.023+0000] {processor.py:154} INFO - Started process (PID=1367) to work on /home/airflow/.local/lib/python3.7/site-packages/airflow/example_dags/plugins/workday.py
[2024-08-05T06:04:53.024+0000] {processor.py:756} INFO - Processing file /home/airflow/.local/lib/python3.7/site-packages/airflow/example_dags/plugins/workday.py for tasks to queue
[2024-08-05T06:04:53.025+0000] {logging_mixin.py:120} INFO - [2024-08-05T06:04:53.025+0000] {dagbag.py:537} INFO - Filling up the DagBag from /home/airflow/.local/lib/python3.7/site-packages/airflow/example_dags/plugins/workday.py
[2024-08-05T06:04:53.027+0000] {processor.py:768} WARNING - No viable dags retrieved from /home/airflow/.local/lib/python3.7/site-packages/airflow/example_dags/plugins/workday.py
[2024-08-05T06:04:53.043+0000] {processor.py:176} INFO - Processing /home/airflow/.local/lib/python3.7/site-packages/airflow/example_dags/plugins/workday.py took 0.024 seconds
[2024-08-05T06:05:24.363+0000] {processor.py:154} INFO - Started process (PID=1434) to work on /home/airflow/.local/lib/python3.7/site-packages/airflow/example_dags/plugins/workday.py
[2024-08-05T06:05:24.364+0000] {processor.py:756} INFO - Processing file /home/airflow/.local/lib/python3.7/site-packages/airflow/example_dags/plugins/workday.py for tasks to queue
[2024-08-05T06:05:24.365+0000] {logging_mixin.py:120} INFO - [2024-08-05T06:05:24.365+0000] {dagbag.py:537} INFO - Filling up the DagBag from /home/airflow/.local/lib/python3.7/site-packages/airflow/example_dags/plugins/workday.py
[2024-08-05T06:05:24.366+0000] {processor.py:768} WARNING - No viable dags retrieved from /home/airflow/.local/lib/python3.7/site-packages/airflow/example_dags/plugins/workday.py
[2024-08-05T06:05:24.383+0000] {processor.py:176} INFO - Processing /home/airflow/.local/lib/python3.7/site-packages/airflow/example_dags/plugins/workday.py took 0.024 seconds
[2024-08-05T06:05:55.491+0000] {processor.py:154} INFO - Started process (PID=1501) to work on /home/airflow/.local/lib/python3.7/site-packages/airflow/example_dags/plugins/workday.py
[2024-08-05T06:05:55.492+0000] {processor.py:756} INFO - Processing file /home/airflow/.local/lib/python3.7/site-packages/airflow/example_dags/plugins/workday.py for tasks to queue
[2024-08-05T06:05:55.494+0000] {logging_mixin.py:120} INFO - [2024-08-05T06:05:55.493+0000] {dagbag.py:537} INFO - Filling up the DagBag from /home/airflow/.local/lib/python3.7/site-packages/airflow/example_dags/plugins/workday.py
[2024-08-05T06:05:55.496+0000] {processor.py:768} WARNING - No viable dags retrieved from /home/airflow/.local/lib/python3.7/site-packages/airflow/example_dags/plugins/workday.py
[2024-08-05T06:05:55.513+0000] {processor.py:176} INFO - Processing /home/airflow/.local/lib/python3.7/site-packages/airflow/example_dags/plugins/workday.py took 0.026 seconds
[2024-08-05T06:06:26.487+0000] {processor.py:154} INFO - Started process (PID=1559) to work on /home/airflow/.local/lib/python3.7/site-packages/airflow/example_dags/plugins/workday.py
[2024-08-05T06:06:26.488+0000] {processor.py:756} INFO - Processing file /home/airflow/.local/lib/python3.7/site-packages/airflow/example_dags/plugins/workday.py for tasks to queue
[2024-08-05T06:06:26.490+0000] {logging_mixin.py:120} INFO - [2024-08-05T06:06:26.490+0000] {dagbag.py:537} INFO - Filling up the DagBag from /home/airflow/.local/lib/python3.7/site-packages/airflow/example_dags/plugins/workday.py
[2024-08-05T06:06:26.492+0000] {processor.py:768} WARNING - No viable dags retrieved from /home/airflow/.local/lib/python3.7/site-packages/airflow/example_dags/plugins/workday.py
[2024-08-05T06:06:26.511+0000] {processor.py:176} INFO - Processing /home/airflow/.local/lib/python3.7/site-packages/airflow/example_dags/plugins/workday.py took 0.030 seconds
[2024-08-05T06:06:57.163+0000] {processor.py:154} INFO - Started process (PID=1627) to work on /home/airflow/.local/lib/python3.7/site-packages/airflow/example_dags/plugins/workday.py
[2024-08-05T06:06:57.165+0000] {processor.py:756} INFO - Processing file /home/airflow/.local/lib/python3.7/site-packages/airflow/example_dags/plugins/workday.py for tasks to queue
[2024-08-05T06:06:57.166+0000] {logging_mixin.py:120} INFO - [2024-08-05T06:06:57.166+0000] {dagbag.py:537} INFO - Filling up the DagBag from /home/airflow/.local/lib/python3.7/site-packages/airflow/example_dags/plugins/workday.py
[2024-08-05T06:06:57.168+0000] {processor.py:768} WARNING - No viable dags retrieved from /home/airflow/.local/lib/python3.7/site-packages/airflow/example_dags/plugins/workday.py
[2024-08-05T06:06:57.181+0000] {processor.py:176} INFO - Processing /home/airflow/.local/lib/python3.7/site-packages/airflow/example_dags/plugins/workday.py took 0.020 seconds
[2024-08-05T06:07:27.624+0000] {processor.py:154} INFO - Started process (PID=1694) to work on /home/airflow/.local/lib/python3.7/site-packages/airflow/example_dags/plugins/workday.py
[2024-08-05T06:07:27.626+0000] {processor.py:756} INFO - Processing file /home/airflow/.local/lib/python3.7/site-packages/airflow/example_dags/plugins/workday.py for tasks to queue
[2024-08-05T06:07:27.627+0000] {logging_mixin.py:120} INFO - [2024-08-05T06:07:27.627+0000] {dagbag.py:537} INFO - Filling up the DagBag from /home/airflow/.local/lib/python3.7/site-packages/airflow/example_dags/plugins/workday.py
[2024-08-05T06:07:27.629+0000] {processor.py:768} WARNING - No viable dags retrieved from /home/airflow/.local/lib/python3.7/site-packages/airflow/example_dags/plugins/workday.py
[2024-08-05T06:07:27.652+0000] {processor.py:176} INFO - Processing /home/airflow/.local/lib/python3.7/site-packages/airflow/example_dags/plugins/workday.py took 0.032 seconds
[2024-08-05T06:07:58.767+0000] {processor.py:154} INFO - Started process (PID=1752) to work on /home/airflow/.local/lib/python3.7/site-packages/airflow/example_dags/plugins/workday.py
[2024-08-05T06:07:58.768+0000] {processor.py:756} INFO - Processing file /home/airflow/.local/lib/python3.7/site-packages/airflow/example_dags/plugins/workday.py for tasks to queue
[2024-08-05T06:07:58.769+0000] {logging_mixin.py:120} INFO - [2024-08-05T06:07:58.769+0000] {dagbag.py:537} INFO - Filling up the DagBag from /home/airflow/.local/lib/python3.7/site-packages/airflow/example_dags/plugins/workday.py
[2024-08-05T06:07:58.771+0000] {processor.py:768} WARNING - No viable dags retrieved from /home/airflow/.local/lib/python3.7/site-packages/airflow/example_dags/plugins/workday.py
[2024-08-05T06:07:58.785+0000] {processor.py:176} INFO - Processing /home/airflow/.local/lib/python3.7/site-packages/airflow/example_dags/plugins/workday.py took 0.021 seconds
[2024-08-05T06:08:31.104+0000] {processor.py:154} INFO - Started process (PID=1820) to work on /home/airflow/.local/lib/python3.7/site-packages/airflow/example_dags/plugins/workday.py
[2024-08-05T06:08:31.106+0000] {processor.py:756} INFO - Processing file /home/airflow/.local/lib/python3.7/site-packages/airflow/example_dags/plugins/workday.py for tasks to queue
[2024-08-05T06:08:31.107+0000] {logging_mixin.py:120} INFO - [2024-08-05T06:08:31.107+0000] {dagbag.py:537} INFO - Filling up the DagBag from /home/airflow/.local/lib/python3.7/site-packages/airflow/example_dags/plugins/workday.py
[2024-08-05T06:08:31.110+0000] {processor.py:768} WARNING - No viable dags retrieved from /home/airflow/.local/lib/python3.7/site-packages/airflow/example_dags/plugins/workday.py
[2024-08-05T06:08:31.126+0000] {processor.py:176} INFO - Processing /home/airflow/.local/lib/python3.7/site-packages/airflow/example_dags/plugins/workday.py took 0.025 seconds
[2024-08-05T06:09:01.782+0000] {processor.py:154} INFO - Started process (PID=1887) to work on /home/airflow/.local/lib/python3.7/site-packages/airflow/example_dags/plugins/workday.py
[2024-08-05T06:09:01.784+0000] {processor.py:756} INFO - Processing file /home/airflow/.local/lib/python3.7/site-packages/airflow/example_dags/plugins/workday.py for tasks to queue
[2024-08-05T06:09:01.785+0000] {logging_mixin.py:120} INFO - [2024-08-05T06:09:01.785+0000] {dagbag.py:537} INFO - Filling up the DagBag from /home/airflow/.local/lib/python3.7/site-packages/airflow/example_dags/plugins/workday.py
[2024-08-05T06:09:01.787+0000] {processor.py:768} WARNING - No viable dags retrieved from /home/airflow/.local/lib/python3.7/site-packages/airflow/example_dags/plugins/workday.py
[2024-08-05T06:09:01.805+0000] {processor.py:176} INFO - Processing /home/airflow/.local/lib/python3.7/site-packages/airflow/example_dags/plugins/workday.py took 0.027 seconds
[2024-08-05T06:09:33.155+0000] {processor.py:154} INFO - Started process (PID=1954) to work on /home/airflow/.local/lib/python3.7/site-packages/airflow/example_dags/plugins/workday.py
[2024-08-05T06:09:33.157+0000] {processor.py:756} INFO - Processing file /home/airflow/.local/lib/python3.7/site-packages/airflow/example_dags/plugins/workday.py for tasks to queue
[2024-08-05T06:09:33.159+0000] {logging_mixin.py:120} INFO - [2024-08-05T06:09:33.159+0000] {dagbag.py:537} INFO - Filling up the DagBag from /home/airflow/.local/lib/python3.7/site-packages/airflow/example_dags/plugins/workday.py
[2024-08-05T06:09:33.163+0000] {processor.py:768} WARNING - No viable dags retrieved from /home/airflow/.local/lib/python3.7/site-packages/airflow/example_dags/plugins/workday.py
[2024-08-05T06:09:33.185+0000] {processor.py:176} INFO - Processing /home/airflow/.local/lib/python3.7/site-packages/airflow/example_dags/plugins/workday.py took 0.035 seconds
[2024-08-05T06:10:04.408+0000] {processor.py:154} INFO - Started process (PID=2012) to work on /home/airflow/.local/lib/python3.7/site-packages/airflow/example_dags/plugins/workday.py
[2024-08-05T06:10:04.411+0000] {processor.py:756} INFO - Processing file /home/airflow/.local/lib/python3.7/site-packages/airflow/example_dags/plugins/workday.py for tasks to queue
[2024-08-05T06:10:04.413+0000] {logging_mixin.py:120} INFO - [2024-08-05T06:10:04.413+0000] {dagbag.py:537} INFO - Filling up the DagBag from /home/airflow/.local/lib/python3.7/site-packages/airflow/example_dags/plugins/workday.py
[2024-08-05T06:10:04.418+0000] {processor.py:768} WARNING - No viable dags retrieved from /home/airflow/.local/lib/python3.7/site-packages/airflow/example_dags/plugins/workday.py
[2024-08-05T06:10:04.457+0000] {processor.py:176} INFO - Processing /home/airflow/.local/lib/python3.7/site-packages/airflow/example_dags/plugins/workday.py took 0.056 seconds
[2024-08-05T06:10:34.741+0000] {processor.py:154} INFO - Started process (PID=2079) to work on /home/airflow/.local/lib/python3.7/site-packages/airflow/example_dags/plugins/workday.py
[2024-08-05T06:10:34.743+0000] {processor.py:756} INFO - Processing file /home/airflow/.local/lib/python3.7/site-packages/airflow/example_dags/plugins/workday.py for tasks to queue
[2024-08-05T06:10:34.744+0000] {logging_mixin.py:120} INFO - [2024-08-05T06:10:34.743+0000] {dagbag.py:537} INFO - Filling up the DagBag from /home/airflow/.local/lib/python3.7/site-packages/airflow/example_dags/plugins/workday.py
[2024-08-05T06:10:34.746+0000] {processor.py:768} WARNING - No viable dags retrieved from /home/airflow/.local/lib/python3.7/site-packages/airflow/example_dags/plugins/workday.py
[2024-08-05T06:10:34.764+0000] {processor.py:176} INFO - Processing /home/airflow/.local/lib/python3.7/site-packages/airflow/example_dags/plugins/workday.py took 0.026 seconds
[2024-08-05T06:11:05.371+0000] {processor.py:154} INFO - Started process (PID=2147) to work on /home/airflow/.local/lib/python3.7/site-packages/airflow/example_dags/plugins/workday.py
[2024-08-05T06:11:05.373+0000] {processor.py:756} INFO - Processing file /home/airflow/.local/lib/python3.7/site-packages/airflow/example_dags/plugins/workday.py for tasks to queue
[2024-08-05T06:11:05.375+0000] {logging_mixin.py:120} INFO - [2024-08-05T06:11:05.375+0000] {dagbag.py:537} INFO - Filling up the DagBag from /home/airflow/.local/lib/python3.7/site-packages/airflow/example_dags/plugins/workday.py
[2024-08-05T06:11:05.381+0000] {processor.py:768} WARNING - No viable dags retrieved from /home/airflow/.local/lib/python3.7/site-packages/airflow/example_dags/plugins/workday.py
[2024-08-05T06:11:05.408+0000] {processor.py:176} INFO - Processing /home/airflow/.local/lib/python3.7/site-packages/airflow/example_dags/plugins/workday.py took 0.044 seconds
[2024-08-05T06:11:35.605+0000] {processor.py:154} INFO - Started process (PID=2205) to work on /home/airflow/.local/lib/python3.7/site-packages/airflow/example_dags/plugins/workday.py
[2024-08-05T06:11:35.606+0000] {processor.py:756} INFO - Processing file /home/airflow/.local/lib/python3.7/site-packages/airflow/example_dags/plugins/workday.py for tasks to queue
[2024-08-05T06:11:35.607+0000] {logging_mixin.py:120} INFO - [2024-08-05T06:11:35.606+0000] {dagbag.py:537} INFO - Filling up the DagBag from /home/airflow/.local/lib/python3.7/site-packages/airflow/example_dags/plugins/workday.py
[2024-08-05T06:11:35.608+0000] {processor.py:768} WARNING - No viable dags retrieved from /home/airflow/.local/lib/python3.7/site-packages/airflow/example_dags/plugins/workday.py
[2024-08-05T06:11:35.627+0000] {processor.py:176} INFO - Processing /home/airflow/.local/lib/python3.7/site-packages/airflow/example_dags/plugins/workday.py took 0.026 seconds
[2024-08-05T06:12:06.459+0000] {processor.py:154} INFO - Started process (PID=2270) to work on /home/airflow/.local/lib/python3.7/site-packages/airflow/example_dags/plugins/workday.py
[2024-08-05T06:12:06.460+0000] {processor.py:756} INFO - Processing file /home/airflow/.local/lib/python3.7/site-packages/airflow/example_dags/plugins/workday.py for tasks to queue
[2024-08-05T06:12:06.462+0000] {logging_mixin.py:120} INFO - [2024-08-05T06:12:06.461+0000] {dagbag.py:537} INFO - Filling up the DagBag from /home/airflow/.local/lib/python3.7/site-packages/airflow/example_dags/plugins/workday.py
[2024-08-05T06:12:06.464+0000] {processor.py:768} WARNING - No viable dags retrieved from /home/airflow/.local/lib/python3.7/site-packages/airflow/example_dags/plugins/workday.py
[2024-08-05T06:12:06.481+0000] {processor.py:176} INFO - Processing /home/airflow/.local/lib/python3.7/site-packages/airflow/example_dags/plugins/workday.py took 0.025 seconds
[2024-08-05T06:12:37.660+0000] {processor.py:154} INFO - Started process (PID=2337) to work on /home/airflow/.local/lib/python3.7/site-packages/airflow/example_dags/plugins/workday.py
[2024-08-05T06:12:37.662+0000] {processor.py:756} INFO - Processing file /home/airflow/.local/lib/python3.7/site-packages/airflow/example_dags/plugins/workday.py for tasks to queue
[2024-08-05T06:12:37.664+0000] {logging_mixin.py:120} INFO - [2024-08-05T06:12:37.664+0000] {dagbag.py:537} INFO - Filling up the DagBag from /home/airflow/.local/lib/python3.7/site-packages/airflow/example_dags/plugins/workday.py
[2024-08-05T06:12:37.668+0000] {processor.py:768} WARNING - No viable dags retrieved from /home/airflow/.local/lib/python3.7/site-packages/airflow/example_dags/plugins/workday.py
[2024-08-05T06:12:37.718+0000] {processor.py:176} INFO - Processing /home/airflow/.local/lib/python3.7/site-packages/airflow/example_dags/plugins/workday.py took 0.063 seconds
[2024-08-05T06:13:08.453+0000] {processor.py:154} INFO - Started process (PID=2403) to work on /home/airflow/.local/lib/python3.7/site-packages/airflow/example_dags/plugins/workday.py
[2024-08-05T06:13:08.454+0000] {processor.py:756} INFO - Processing file /home/airflow/.local/lib/python3.7/site-packages/airflow/example_dags/plugins/workday.py for tasks to queue
[2024-08-05T06:13:08.456+0000] {logging_mixin.py:120} INFO - [2024-08-05T06:13:08.456+0000] {dagbag.py:537} INFO - Filling up the DagBag from /home/airflow/.local/lib/python3.7/site-packages/airflow/example_dags/plugins/workday.py
[2024-08-05T06:13:08.459+0000] {processor.py:768} WARNING - No viable dags retrieved from /home/airflow/.local/lib/python3.7/site-packages/airflow/example_dags/plugins/workday.py
[2024-08-05T06:13:08.478+0000] {processor.py:176} INFO - Processing /home/airflow/.local/lib/python3.7/site-packages/airflow/example_dags/plugins/workday.py took 0.030 seconds
[2024-08-05T06:13:39.364+0000] {processor.py:154} INFO - Started process (PID=2463) to work on /home/airflow/.local/lib/python3.7/site-packages/airflow/example_dags/plugins/workday.py
[2024-08-05T06:13:39.368+0000] {processor.py:756} INFO - Processing file /home/airflow/.local/lib/python3.7/site-packages/airflow/example_dags/plugins/workday.py for tasks to queue
[2024-08-05T06:13:39.370+0000] {logging_mixin.py:120} INFO - [2024-08-05T06:13:39.370+0000] {dagbag.py:537} INFO - Filling up the DagBag from /home/airflow/.local/lib/python3.7/site-packages/airflow/example_dags/plugins/workday.py
[2024-08-05T06:13:39.373+0000] {processor.py:768} WARNING - No viable dags retrieved from /home/airflow/.local/lib/python3.7/site-packages/airflow/example_dags/plugins/workday.py
[2024-08-05T06:13:39.428+0000] {processor.py:176} INFO - Processing /home/airflow/.local/lib/python3.7/site-packages/airflow/example_dags/plugins/workday.py took 0.076 seconds
[2024-08-05T06:14:09.746+0000] {processor.py:154} INFO - Started process (PID=2530) to work on /home/airflow/.local/lib/python3.7/site-packages/airflow/example_dags/plugins/workday.py
[2024-08-05T06:14:09.748+0000] {processor.py:756} INFO - Processing file /home/airflow/.local/lib/python3.7/site-packages/airflow/example_dags/plugins/workday.py for tasks to queue
[2024-08-05T06:14:09.750+0000] {logging_mixin.py:120} INFO - [2024-08-05T06:14:09.750+0000] {dagbag.py:537} INFO - Filling up the DagBag from /home/airflow/.local/lib/python3.7/site-packages/airflow/example_dags/plugins/workday.py
[2024-08-05T06:14:09.754+0000] {processor.py:768} WARNING - No viable dags retrieved from /home/airflow/.local/lib/python3.7/site-packages/airflow/example_dags/plugins/workday.py
[2024-08-05T06:14:09.776+0000] {processor.py:176} INFO - Processing /home/airflow/.local/lib/python3.7/site-packages/airflow/example_dags/plugins/workday.py took 0.036 seconds
[2024-08-05T06:14:41.704+0000] {processor.py:154} INFO - Started process (PID=2597) to work on /home/airflow/.local/lib/python3.7/site-packages/airflow/example_dags/plugins/workday.py
[2024-08-05T06:14:41.705+0000] {processor.py:756} INFO - Processing file /home/airflow/.local/lib/python3.7/site-packages/airflow/example_dags/plugins/workday.py for tasks to queue
[2024-08-05T06:14:41.706+0000] {logging_mixin.py:120} INFO - [2024-08-05T06:14:41.706+0000] {dagbag.py:537} INFO - Filling up the DagBag from /home/airflow/.local/lib/python3.7/site-packages/airflow/example_dags/plugins/workday.py
[2024-08-05T06:14:41.708+0000] {processor.py:768} WARNING - No viable dags retrieved from /home/airflow/.local/lib/python3.7/site-packages/airflow/example_dags/plugins/workday.py
[2024-08-05T06:14:41.725+0000] {processor.py:176} INFO - Processing /home/airflow/.local/lib/python3.7/site-packages/airflow/example_dags/plugins/workday.py took 0.024 seconds
[2024-08-05T06:15:12.465+0000] {processor.py:154} INFO - Started process (PID=2655) to work on /home/airflow/.local/lib/python3.7/site-packages/airflow/example_dags/plugins/workday.py
[2024-08-05T06:15:12.469+0000] {processor.py:756} INFO - Processing file /home/airflow/.local/lib/python3.7/site-packages/airflow/example_dags/plugins/workday.py for tasks to queue
[2024-08-05T06:15:12.473+0000] {logging_mixin.py:120} INFO - [2024-08-05T06:15:12.473+0000] {dagbag.py:537} INFO - Filling up the DagBag from /home/airflow/.local/lib/python3.7/site-packages/airflow/example_dags/plugins/workday.py
[2024-08-05T06:15:12.478+0000] {processor.py:768} WARNING - No viable dags retrieved from /home/airflow/.local/lib/python3.7/site-packages/airflow/example_dags/plugins/workday.py
[2024-08-05T06:15:12.523+0000] {processor.py:176} INFO - Processing /home/airflow/.local/lib/python3.7/site-packages/airflow/example_dags/plugins/workday.py took 0.066 seconds
[2024-08-05T06:15:42.855+0000] {processor.py:154} INFO - Started process (PID=2723) to work on /home/airflow/.local/lib/python3.7/site-packages/airflow/example_dags/plugins/workday.py
[2024-08-05T06:15:42.857+0000] {processor.py:756} INFO - Processing file /home/airflow/.local/lib/python3.7/site-packages/airflow/example_dags/plugins/workday.py for tasks to queue
[2024-08-05T06:15:42.859+0000] {logging_mixin.py:120} INFO - [2024-08-05T06:15:42.859+0000] {dagbag.py:537} INFO - Filling up the DagBag from /home/airflow/.local/lib/python3.7/site-packages/airflow/example_dags/plugins/workday.py
[2024-08-05T06:15:42.862+0000] {processor.py:768} WARNING - No viable dags retrieved from /home/airflow/.local/lib/python3.7/site-packages/airflow/example_dags/plugins/workday.py
[2024-08-05T06:15:42.884+0000] {processor.py:176} INFO - Processing /home/airflow/.local/lib/python3.7/site-packages/airflow/example_dags/plugins/workday.py took 0.034 seconds
[2024-08-05T06:16:35.186+0000] {processor.py:154} INFO - Started process (PID=2790) to work on /home/airflow/.local/lib/python3.7/site-packages/airflow/example_dags/plugins/workday.py
[2024-08-05T06:16:35.188+0000] {processor.py:756} INFO - Processing file /home/airflow/.local/lib/python3.7/site-packages/airflow/example_dags/plugins/workday.py for tasks to queue
[2024-08-05T06:16:35.189+0000] {logging_mixin.py:120} INFO - [2024-08-05T06:16:35.189+0000] {dagbag.py:537} INFO - Filling up the DagBag from /home/airflow/.local/lib/python3.7/site-packages/airflow/example_dags/plugins/workday.py
[2024-08-05T06:16:35.192+0000] {processor.py:768} WARNING - No viable dags retrieved from /home/airflow/.local/lib/python3.7/site-packages/airflow/example_dags/plugins/workday.py
[2024-08-05T06:16:35.226+0000] {processor.py:176} INFO - Processing /home/airflow/.local/lib/python3.7/site-packages/airflow/example_dags/plugins/workday.py took 0.043 seconds
[2024-08-05T06:22:37.170+0000] {processor.py:154} INFO - Started process (PID=2847) to work on /home/airflow/.local/lib/python3.7/site-packages/airflow/example_dags/plugins/workday.py
[2024-08-05T06:22:37.172+0000] {processor.py:756} INFO - Processing file /home/airflow/.local/lib/python3.7/site-packages/airflow/example_dags/plugins/workday.py for tasks to queue
[2024-08-05T06:22:37.174+0000] {logging_mixin.py:120} INFO - [2024-08-05T06:22:37.173+0000] {dagbag.py:537} INFO - Filling up the DagBag from /home/airflow/.local/lib/python3.7/site-packages/airflow/example_dags/plugins/workday.py
[2024-08-05T06:22:37.176+0000] {processor.py:768} WARNING - No viable dags retrieved from /home/airflow/.local/lib/python3.7/site-packages/airflow/example_dags/plugins/workday.py
[2024-08-05T06:22:37.201+0000] {processor.py:176} INFO - Processing /home/airflow/.local/lib/python3.7/site-packages/airflow/example_dags/plugins/workday.py took 0.034 seconds
[2024-08-05T06:23:08.949+0000] {processor.py:154} INFO - Started process (PID=2914) to work on /home/airflow/.local/lib/python3.7/site-packages/airflow/example_dags/plugins/workday.py
[2024-08-05T06:23:08.951+0000] {processor.py:756} INFO - Processing file /home/airflow/.local/lib/python3.7/site-packages/airflow/example_dags/plugins/workday.py for tasks to queue
[2024-08-05T06:23:08.953+0000] {logging_mixin.py:120} INFO - [2024-08-05T06:23:08.952+0000] {dagbag.py:537} INFO - Filling up the DagBag from /home/airflow/.local/lib/python3.7/site-packages/airflow/example_dags/plugins/workday.py
[2024-08-05T06:23:08.955+0000] {processor.py:768} WARNING - No viable dags retrieved from /home/airflow/.local/lib/python3.7/site-packages/airflow/example_dags/plugins/workday.py
[2024-08-05T06:23:08.975+0000] {processor.py:176} INFO - Processing /home/airflow/.local/lib/python3.7/site-packages/airflow/example_dags/plugins/workday.py took 0.031 seconds
[2024-08-05T06:23:43.189+0000] {processor.py:154} INFO - Started process (PID=2981) to work on /home/airflow/.local/lib/python3.7/site-packages/airflow/example_dags/plugins/workday.py
[2024-08-05T06:23:43.191+0000] {processor.py:756} INFO - Processing file /home/airflow/.local/lib/python3.7/site-packages/airflow/example_dags/plugins/workday.py for tasks to queue
[2024-08-05T06:23:43.194+0000] {logging_mixin.py:120} INFO - [2024-08-05T06:23:43.193+0000] {dagbag.py:537} INFO - Filling up the DagBag from /home/airflow/.local/lib/python3.7/site-packages/airflow/example_dags/plugins/workday.py
[2024-08-05T06:23:43.196+0000] {processor.py:768} WARNING - No viable dags retrieved from /home/airflow/.local/lib/python3.7/site-packages/airflow/example_dags/plugins/workday.py
[2024-08-05T06:23:43.217+0000] {processor.py:176} INFO - Processing /home/airflow/.local/lib/python3.7/site-packages/airflow/example_dags/plugins/workday.py took 0.033 seconds
[2024-08-05T06:24:15.253+0000] {processor.py:154} INFO - Started process (PID=3049) to work on /home/airflow/.local/lib/python3.7/site-packages/airflow/example_dags/plugins/workday.py
[2024-08-05T06:24:15.373+0000] {processor.py:756} INFO - Processing file /home/airflow/.local/lib/python3.7/site-packages/airflow/example_dags/plugins/workday.py for tasks to queue
[2024-08-05T06:24:15.380+0000] {logging_mixin.py:120} INFO - [2024-08-05T06:24:15.380+0000] {dagbag.py:537} INFO - Filling up the DagBag from /home/airflow/.local/lib/python3.7/site-packages/airflow/example_dags/plugins/workday.py
[2024-08-05T06:24:15.394+0000] {processor.py:768} WARNING - No viable dags retrieved from /home/airflow/.local/lib/python3.7/site-packages/airflow/example_dags/plugins/workday.py
[2024-08-05T06:24:15.430+0000] {processor.py:176} INFO - Processing /home/airflow/.local/lib/python3.7/site-packages/airflow/example_dags/plugins/workday.py took 0.181 seconds
[2024-08-05T06:24:47.354+0000] {processor.py:154} INFO - Started process (PID=3107) to work on /home/airflow/.local/lib/python3.7/site-packages/airflow/example_dags/plugins/workday.py
[2024-08-05T06:24:47.573+0000] {processor.py:756} INFO - Processing file /home/airflow/.local/lib/python3.7/site-packages/airflow/example_dags/plugins/workday.py for tasks to queue
[2024-08-05T06:24:47.819+0000] {logging_mixin.py:120} INFO - [2024-08-05T06:24:47.819+0000] {dagbag.py:537} INFO - Filling up the DagBag from /home/airflow/.local/lib/python3.7/site-packages/airflow/example_dags/plugins/workday.py
[2024-08-05T06:24:47.856+0000] {processor.py:768} WARNING - No viable dags retrieved from /home/airflow/.local/lib/python3.7/site-packages/airflow/example_dags/plugins/workday.py
[2024-08-05T06:24:48.001+0000] {processor.py:176} INFO - Processing /home/airflow/.local/lib/python3.7/site-packages/airflow/example_dags/plugins/workday.py took 0.650 seconds
[2024-08-05T06:25:20.798+0000] {processor.py:154} INFO - Started process (PID=3175) to work on /home/airflow/.local/lib/python3.7/site-packages/airflow/example_dags/plugins/workday.py
[2024-08-05T06:25:20.799+0000] {processor.py:756} INFO - Processing file /home/airflow/.local/lib/python3.7/site-packages/airflow/example_dags/plugins/workday.py for tasks to queue
[2024-08-05T06:25:20.800+0000] {logging_mixin.py:120} INFO - [2024-08-05T06:25:20.800+0000] {dagbag.py:537} INFO - Filling up the DagBag from /home/airflow/.local/lib/python3.7/site-packages/airflow/example_dags/plugins/workday.py
[2024-08-05T06:25:20.802+0000] {processor.py:768} WARNING - No viable dags retrieved from /home/airflow/.local/lib/python3.7/site-packages/airflow/example_dags/plugins/workday.py
[2024-08-05T06:25:20.817+0000] {processor.py:176} INFO - Processing /home/airflow/.local/lib/python3.7/site-packages/airflow/example_dags/plugins/workday.py took 0.022 seconds
[2024-08-05T06:25:51.497+0000] {processor.py:154} INFO - Started process (PID=3242) to work on /home/airflow/.local/lib/python3.7/site-packages/airflow/example_dags/plugins/workday.py
[2024-08-05T06:25:51.498+0000] {processor.py:756} INFO - Processing file /home/airflow/.local/lib/python3.7/site-packages/airflow/example_dags/plugins/workday.py for tasks to queue
[2024-08-05T06:25:51.500+0000] {logging_mixin.py:120} INFO - [2024-08-05T06:25:51.499+0000] {dagbag.py:537} INFO - Filling up the DagBag from /home/airflow/.local/lib/python3.7/site-packages/airflow/example_dags/plugins/workday.py
[2024-08-05T06:25:51.502+0000] {processor.py:768} WARNING - No viable dags retrieved from /home/airflow/.local/lib/python3.7/site-packages/airflow/example_dags/plugins/workday.py
[2024-08-05T06:25:51.524+0000] {processor.py:176} INFO - Processing /home/airflow/.local/lib/python3.7/site-packages/airflow/example_dags/plugins/workday.py took 0.031 seconds
[2024-08-05T06:26:24.845+0000] {processor.py:154} INFO - Started process (PID=3307) to work on /home/airflow/.local/lib/python3.7/site-packages/airflow/example_dags/plugins/workday.py
[2024-08-05T06:26:24.847+0000] {processor.py:756} INFO - Processing file /home/airflow/.local/lib/python3.7/site-packages/airflow/example_dags/plugins/workday.py for tasks to queue
[2024-08-05T06:26:24.848+0000] {logging_mixin.py:120} INFO - [2024-08-05T06:26:24.848+0000] {dagbag.py:537} INFO - Filling up the DagBag from /home/airflow/.local/lib/python3.7/site-packages/airflow/example_dags/plugins/workday.py
[2024-08-05T06:26:24.852+0000] {processor.py:768} WARNING - No viable dags retrieved from /home/airflow/.local/lib/python3.7/site-packages/airflow/example_dags/plugins/workday.py
[2024-08-05T06:26:24.874+0000] {processor.py:176} INFO - Processing /home/airflow/.local/lib/python3.7/site-packages/airflow/example_dags/plugins/workday.py took 0.032 seconds
[2024-08-05T06:26:55.528+0000] {processor.py:154} INFO - Started process (PID=3367) to work on /home/airflow/.local/lib/python3.7/site-packages/airflow/example_dags/plugins/workday.py
[2024-08-05T06:26:55.529+0000] {processor.py:756} INFO - Processing file /home/airflow/.local/lib/python3.7/site-packages/airflow/example_dags/plugins/workday.py for tasks to queue
[2024-08-05T06:26:55.531+0000] {logging_mixin.py:120} INFO - [2024-08-05T06:26:55.531+0000] {dagbag.py:537} INFO - Filling up the DagBag from /home/airflow/.local/lib/python3.7/site-packages/airflow/example_dags/plugins/workday.py
[2024-08-05T06:26:55.541+0000] {processor.py:768} WARNING - No viable dags retrieved from /home/airflow/.local/lib/python3.7/site-packages/airflow/example_dags/plugins/workday.py
[2024-08-05T06:26:55.559+0000] {processor.py:176} INFO - Processing /home/airflow/.local/lib/python3.7/site-packages/airflow/example_dags/plugins/workday.py took 0.035 seconds
[2024-08-05T06:27:29.793+0000] {processor.py:154} INFO - Started process (PID=3435) to work on /home/airflow/.local/lib/python3.7/site-packages/airflow/example_dags/plugins/workday.py
[2024-08-05T06:27:29.795+0000] {processor.py:756} INFO - Processing file /home/airflow/.local/lib/python3.7/site-packages/airflow/example_dags/plugins/workday.py for tasks to queue
[2024-08-05T06:27:29.796+0000] {logging_mixin.py:120} INFO - [2024-08-05T06:27:29.796+0000] {dagbag.py:537} INFO - Filling up the DagBag from /home/airflow/.local/lib/python3.7/site-packages/airflow/example_dags/plugins/workday.py
[2024-08-05T06:27:29.799+0000] {processor.py:768} WARNING - No viable dags retrieved from /home/airflow/.local/lib/python3.7/site-packages/airflow/example_dags/plugins/workday.py
[2024-08-05T06:27:29.820+0000] {processor.py:176} INFO - Processing /home/airflow/.local/lib/python3.7/site-packages/airflow/example_dags/plugins/workday.py took 0.031 seconds
[2024-08-05T06:28:00.297+0000] {processor.py:154} INFO - Started process (PID=3501) to work on /home/airflow/.local/lib/python3.7/site-packages/airflow/example_dags/plugins/workday.py
[2024-08-05T06:28:00.299+0000] {processor.py:756} INFO - Processing file /home/airflow/.local/lib/python3.7/site-packages/airflow/example_dags/plugins/workday.py for tasks to queue
[2024-08-05T06:28:00.301+0000] {logging_mixin.py:120} INFO - [2024-08-05T06:28:00.300+0000] {dagbag.py:537} INFO - Filling up the DagBag from /home/airflow/.local/lib/python3.7/site-packages/airflow/example_dags/plugins/workday.py
[2024-08-05T06:28:00.304+0000] {processor.py:768} WARNING - No viable dags retrieved from /home/airflow/.local/lib/python3.7/site-packages/airflow/example_dags/plugins/workday.py
[2024-08-05T06:28:00.328+0000] {processor.py:176} INFO - Processing /home/airflow/.local/lib/python3.7/site-packages/airflow/example_dags/plugins/workday.py took 0.038 seconds
[2024-08-05T06:28:32.035+0000] {processor.py:154} INFO - Started process (PID=3560) to work on /home/airflow/.local/lib/python3.7/site-packages/airflow/example_dags/plugins/workday.py
[2024-08-05T06:28:32.045+0000] {processor.py:756} INFO - Processing file /home/airflow/.local/lib/python3.7/site-packages/airflow/example_dags/plugins/workday.py for tasks to queue
[2024-08-05T06:28:32.048+0000] {logging_mixin.py:120} INFO - [2024-08-05T06:28:32.048+0000] {dagbag.py:537} INFO - Filling up the DagBag from /home/airflow/.local/lib/python3.7/site-packages/airflow/example_dags/plugins/workday.py
[2024-08-05T06:28:32.094+0000] {processor.py:768} WARNING - No viable dags retrieved from /home/airflow/.local/lib/python3.7/site-packages/airflow/example_dags/plugins/workday.py
[2024-08-05T06:28:32.121+0000] {processor.py:176} INFO - Processing /home/airflow/.local/lib/python3.7/site-packages/airflow/example_dags/plugins/workday.py took 0.090 seconds
[2024-08-05T06:29:02.641+0000] {processor.py:154} INFO - Started process (PID=3627) to work on /home/airflow/.local/lib/python3.7/site-packages/airflow/example_dags/plugins/workday.py
[2024-08-05T06:29:02.643+0000] {processor.py:756} INFO - Processing file /home/airflow/.local/lib/python3.7/site-packages/airflow/example_dags/plugins/workday.py for tasks to queue
[2024-08-05T06:29:02.644+0000] {logging_mixin.py:120} INFO - [2024-08-05T06:29:02.644+0000] {dagbag.py:537} INFO - Filling up the DagBag from /home/airflow/.local/lib/python3.7/site-packages/airflow/example_dags/plugins/workday.py
[2024-08-05T06:29:02.647+0000] {processor.py:768} WARNING - No viable dags retrieved from /home/airflow/.local/lib/python3.7/site-packages/airflow/example_dags/plugins/workday.py
[2024-08-05T06:29:02.664+0000] {processor.py:176} INFO - Processing /home/airflow/.local/lib/python3.7/site-packages/airflow/example_dags/plugins/workday.py took 0.027 seconds
[2024-08-05T06:29:35.088+0000] {processor.py:154} INFO - Started process (PID=3695) to work on /home/airflow/.local/lib/python3.7/site-packages/airflow/example_dags/plugins/workday.py
[2024-08-05T06:29:35.089+0000] {processor.py:756} INFO - Processing file /home/airflow/.local/lib/python3.7/site-packages/airflow/example_dags/plugins/workday.py for tasks to queue
[2024-08-05T06:29:35.091+0000] {logging_mixin.py:120} INFO - [2024-08-05T06:29:35.090+0000] {dagbag.py:537} INFO - Filling up the DagBag from /home/airflow/.local/lib/python3.7/site-packages/airflow/example_dags/plugins/workday.py
[2024-08-05T06:29:35.093+0000] {processor.py:768} WARNING - No viable dags retrieved from /home/airflow/.local/lib/python3.7/site-packages/airflow/example_dags/plugins/workday.py
[2024-08-05T06:29:35.113+0000] {processor.py:176} INFO - Processing /home/airflow/.local/lib/python3.7/site-packages/airflow/example_dags/plugins/workday.py took 0.029 seconds
[2024-08-05T06:30:09.095+0000] {processor.py:154} INFO - Started process (PID=3753) to work on /home/airflow/.local/lib/python3.7/site-packages/airflow/example_dags/plugins/workday.py
[2024-08-05T06:30:09.096+0000] {processor.py:756} INFO - Processing file /home/airflow/.local/lib/python3.7/site-packages/airflow/example_dags/plugins/workday.py for tasks to queue
[2024-08-05T06:30:09.097+0000] {logging_mixin.py:120} INFO - [2024-08-05T06:30:09.097+0000] {dagbag.py:537} INFO - Filling up the DagBag from /home/airflow/.local/lib/python3.7/site-packages/airflow/example_dags/plugins/workday.py
[2024-08-05T06:30:09.100+0000] {processor.py:768} WARNING - No viable dags retrieved from /home/airflow/.local/lib/python3.7/site-packages/airflow/example_dags/plugins/workday.py
[2024-08-05T06:30:09.127+0000] {processor.py:176} INFO - Processing /home/airflow/.local/lib/python3.7/site-packages/airflow/example_dags/plugins/workday.py took 0.036 seconds
[2024-08-05T06:30:40.231+0000] {processor.py:154} INFO - Started process (PID=3823) to work on /home/airflow/.local/lib/python3.7/site-packages/airflow/example_dags/plugins/workday.py
[2024-08-05T06:30:40.234+0000] {processor.py:756} INFO - Processing file /home/airflow/.local/lib/python3.7/site-packages/airflow/example_dags/plugins/workday.py for tasks to queue
[2024-08-05T06:30:40.235+0000] {logging_mixin.py:120} INFO - [2024-08-05T06:30:40.235+0000] {dagbag.py:537} INFO - Filling up the DagBag from /home/airflow/.local/lib/python3.7/site-packages/airflow/example_dags/plugins/workday.py
[2024-08-05T06:30:40.237+0000] {processor.py:768} WARNING - No viable dags retrieved from /home/airflow/.local/lib/python3.7/site-packages/airflow/example_dags/plugins/workday.py
[2024-08-05T06:30:40.258+0000] {processor.py:176} INFO - Processing /home/airflow/.local/lib/python3.7/site-packages/airflow/example_dags/plugins/workday.py took 0.031 seconds
[2024-08-05T06:31:11.658+0000] {processor.py:154} INFO - Started process (PID=3889) to work on /home/airflow/.local/lib/python3.7/site-packages/airflow/example_dags/plugins/workday.py
[2024-08-05T06:31:11.664+0000] {processor.py:756} INFO - Processing file /home/airflow/.local/lib/python3.7/site-packages/airflow/example_dags/plugins/workday.py for tasks to queue
[2024-08-05T06:31:11.667+0000] {logging_mixin.py:120} INFO - [2024-08-05T06:31:11.666+0000] {dagbag.py:537} INFO - Filling up the DagBag from /home/airflow/.local/lib/python3.7/site-packages/airflow/example_dags/plugins/workday.py
[2024-08-05T06:31:11.724+0000] {processor.py:768} WARNING - No viable dags retrieved from /home/airflow/.local/lib/python3.7/site-packages/airflow/example_dags/plugins/workday.py
[2024-08-05T06:31:11.794+0000] {processor.py:176} INFO - Processing /home/airflow/.local/lib/python3.7/site-packages/airflow/example_dags/plugins/workday.py took 0.140 seconds
[2024-08-05T06:31:42.727+0000] {processor.py:154} INFO - Started process (PID=3947) to work on /home/airflow/.local/lib/python3.7/site-packages/airflow/example_dags/plugins/workday.py
[2024-08-05T06:31:42.728+0000] {processor.py:756} INFO - Processing file /home/airflow/.local/lib/python3.7/site-packages/airflow/example_dags/plugins/workday.py for tasks to queue
[2024-08-05T06:31:42.730+0000] {logging_mixin.py:120} INFO - [2024-08-05T06:31:42.730+0000] {dagbag.py:537} INFO - Filling up the DagBag from /home/airflow/.local/lib/python3.7/site-packages/airflow/example_dags/plugins/workday.py
[2024-08-05T06:31:42.820+0000] {processor.py:768} WARNING - No viable dags retrieved from /home/airflow/.local/lib/python3.7/site-packages/airflow/example_dags/plugins/workday.py
[2024-08-05T06:31:42.957+0000] {processor.py:176} INFO - Processing /home/airflow/.local/lib/python3.7/site-packages/airflow/example_dags/plugins/workday.py took 0.234 seconds
[2024-08-05T06:32:13.516+0000] {processor.py:154} INFO - Started process (PID=4015) to work on /home/airflow/.local/lib/python3.7/site-packages/airflow/example_dags/plugins/workday.py
[2024-08-05T06:32:13.517+0000] {processor.py:756} INFO - Processing file /home/airflow/.local/lib/python3.7/site-packages/airflow/example_dags/plugins/workday.py for tasks to queue
[2024-08-05T06:32:13.518+0000] {logging_mixin.py:120} INFO - [2024-08-05T06:32:13.518+0000] {dagbag.py:537} INFO - Filling up the DagBag from /home/airflow/.local/lib/python3.7/site-packages/airflow/example_dags/plugins/workday.py
[2024-08-05T06:32:13.520+0000] {processor.py:768} WARNING - No viable dags retrieved from /home/airflow/.local/lib/python3.7/site-packages/airflow/example_dags/plugins/workday.py
[2024-08-05T06:32:13.538+0000] {processor.py:176} INFO - Processing /home/airflow/.local/lib/python3.7/site-packages/airflow/example_dags/plugins/workday.py took 0.027 seconds
[2024-08-05T06:32:45.047+0000] {processor.py:154} INFO - Started process (PID=4081) to work on /home/airflow/.local/lib/python3.7/site-packages/airflow/example_dags/plugins/workday.py
[2024-08-05T06:32:45.179+0000] {processor.py:756} INFO - Processing file /home/airflow/.local/lib/python3.7/site-packages/airflow/example_dags/plugins/workday.py for tasks to queue
[2024-08-05T06:32:45.194+0000] {logging_mixin.py:120} INFO - [2024-08-05T06:32:45.193+0000] {dagbag.py:537} INFO - Filling up the DagBag from /home/airflow/.local/lib/python3.7/site-packages/airflow/example_dags/plugins/workday.py
[2024-08-05T06:32:45.196+0000] {processor.py:768} WARNING - No viable dags retrieved from /home/airflow/.local/lib/python3.7/site-packages/airflow/example_dags/plugins/workday.py
[2024-08-05T06:32:45.212+0000] {processor.py:176} INFO - Processing /home/airflow/.local/lib/python3.7/site-packages/airflow/example_dags/plugins/workday.py took 0.168 seconds
[2024-08-05T06:33:17.544+0000] {processor.py:154} INFO - Started process (PID=4151) to work on /home/airflow/.local/lib/python3.7/site-packages/airflow/example_dags/plugins/workday.py
[2024-08-05T06:33:17.545+0000] {processor.py:756} INFO - Processing file /home/airflow/.local/lib/python3.7/site-packages/airflow/example_dags/plugins/workday.py for tasks to queue
[2024-08-05T06:33:17.547+0000] {logging_mixin.py:120} INFO - [2024-08-05T06:33:17.547+0000] {dagbag.py:537} INFO - Filling up the DagBag from /home/airflow/.local/lib/python3.7/site-packages/airflow/example_dags/plugins/workday.py
[2024-08-05T06:33:17.551+0000] {processor.py:768} WARNING - No viable dags retrieved from /home/airflow/.local/lib/python3.7/site-packages/airflow/example_dags/plugins/workday.py
[2024-08-05T06:33:17.573+0000] {processor.py:176} INFO - Processing /home/airflow/.local/lib/python3.7/site-packages/airflow/example_dags/plugins/workday.py took 0.033 seconds
[2024-08-05T06:33:49.004+0000] {processor.py:154} INFO - Started process (PID=4209) to work on /home/airflow/.local/lib/python3.7/site-packages/airflow/example_dags/plugins/workday.py
[2024-08-05T06:33:49.006+0000] {processor.py:756} INFO - Processing file /home/airflow/.local/lib/python3.7/site-packages/airflow/example_dags/plugins/workday.py for tasks to queue
[2024-08-05T06:33:49.007+0000] {logging_mixin.py:120} INFO - [2024-08-05T06:33:49.006+0000] {dagbag.py:537} INFO - Filling up the DagBag from /home/airflow/.local/lib/python3.7/site-packages/airflow/example_dags/plugins/workday.py
[2024-08-05T06:33:49.009+0000] {processor.py:768} WARNING - No viable dags retrieved from /home/airflow/.local/lib/python3.7/site-packages/airflow/example_dags/plugins/workday.py
[2024-08-05T06:33:49.026+0000] {processor.py:176} INFO - Processing /home/airflow/.local/lib/python3.7/site-packages/airflow/example_dags/plugins/workday.py took 0.026 seconds
[2024-08-05T06:34:20.106+0000] {processor.py:154} INFO - Started process (PID=4276) to work on /home/airflow/.local/lib/python3.7/site-packages/airflow/example_dags/plugins/workday.py
[2024-08-05T06:34:20.107+0000] {processor.py:756} INFO - Processing file /home/airflow/.local/lib/python3.7/site-packages/airflow/example_dags/plugins/workday.py for tasks to queue
[2024-08-05T06:34:20.108+0000] {logging_mixin.py:120} INFO - [2024-08-05T06:34:20.108+0000] {dagbag.py:537} INFO - Filling up the DagBag from /home/airflow/.local/lib/python3.7/site-packages/airflow/example_dags/plugins/workday.py
[2024-08-05T06:34:20.110+0000] {processor.py:768} WARNING - No viable dags retrieved from /home/airflow/.local/lib/python3.7/site-packages/airflow/example_dags/plugins/workday.py
[2024-08-05T06:34:20.128+0000] {processor.py:176} INFO - Processing /home/airflow/.local/lib/python3.7/site-packages/airflow/example_dags/plugins/workday.py took 0.025 seconds
[2024-08-05T06:34:50.173+0000] {processor.py:154} INFO - Started process (PID=4343) to work on /home/airflow/.local/lib/python3.7/site-packages/airflow/example_dags/plugins/workday.py
[2024-08-05T06:34:50.174+0000] {processor.py:756} INFO - Processing file /home/airflow/.local/lib/python3.7/site-packages/airflow/example_dags/plugins/workday.py for tasks to queue
[2024-08-05T06:34:50.175+0000] {logging_mixin.py:120} INFO - [2024-08-05T06:34:50.175+0000] {dagbag.py:537} INFO - Filling up the DagBag from /home/airflow/.local/lib/python3.7/site-packages/airflow/example_dags/plugins/workday.py
[2024-08-05T06:34:50.177+0000] {processor.py:768} WARNING - No viable dags retrieved from /home/airflow/.local/lib/python3.7/site-packages/airflow/example_dags/plugins/workday.py
[2024-08-05T06:34:50.198+0000] {processor.py:176} INFO - Processing /home/airflow/.local/lib/python3.7/site-packages/airflow/example_dags/plugins/workday.py took 0.029 seconds
[2024-08-05T06:35:21.462+0000] {processor.py:154} INFO - Started process (PID=4401) to work on /home/airflow/.local/lib/python3.7/site-packages/airflow/example_dags/plugins/workday.py
[2024-08-05T06:35:21.463+0000] {processor.py:756} INFO - Processing file /home/airflow/.local/lib/python3.7/site-packages/airflow/example_dags/plugins/workday.py for tasks to queue
[2024-08-05T06:35:21.464+0000] {logging_mixin.py:120} INFO - [2024-08-05T06:35:21.464+0000] {dagbag.py:537} INFO - Filling up the DagBag from /home/airflow/.local/lib/python3.7/site-packages/airflow/example_dags/plugins/workday.py
[2024-08-05T06:35:21.494+0000] {processor.py:768} WARNING - No viable dags retrieved from /home/airflow/.local/lib/python3.7/site-packages/airflow/example_dags/plugins/workday.py
[2024-08-05T06:35:21.511+0000] {processor.py:176} INFO - Processing /home/airflow/.local/lib/python3.7/site-packages/airflow/example_dags/plugins/workday.py took 0.053 seconds
[2024-08-05T06:35:52.853+0000] {processor.py:154} INFO - Started process (PID=4470) to work on /home/airflow/.local/lib/python3.7/site-packages/airflow/example_dags/plugins/workday.py
[2024-08-05T06:35:52.854+0000] {processor.py:756} INFO - Processing file /home/airflow/.local/lib/python3.7/site-packages/airflow/example_dags/plugins/workday.py for tasks to queue
[2024-08-05T06:35:52.856+0000] {logging_mixin.py:120} INFO - [2024-08-05T06:35:52.856+0000] {dagbag.py:537} INFO - Filling up the DagBag from /home/airflow/.local/lib/python3.7/site-packages/airflow/example_dags/plugins/workday.py
[2024-08-05T06:35:52.858+0000] {processor.py:768} WARNING - No viable dags retrieved from /home/airflow/.local/lib/python3.7/site-packages/airflow/example_dags/plugins/workday.py
[2024-08-05T06:35:52.877+0000] {processor.py:176} INFO - Processing /home/airflow/.local/lib/python3.7/site-packages/airflow/example_dags/plugins/workday.py took 0.028 seconds
[2024-08-05T06:36:30.759+0000] {processor.py:154} INFO - Started process (PID=4545) to work on /home/airflow/.local/lib/python3.7/site-packages/airflow/example_dags/plugins/workday.py
[2024-08-05T06:36:30.760+0000] {processor.py:756} INFO - Processing file /home/airflow/.local/lib/python3.7/site-packages/airflow/example_dags/plugins/workday.py for tasks to queue
[2024-08-05T06:36:30.761+0000] {logging_mixin.py:120} INFO - [2024-08-05T06:36:30.761+0000] {dagbag.py:537} INFO - Filling up the DagBag from /home/airflow/.local/lib/python3.7/site-packages/airflow/example_dags/plugins/workday.py
[2024-08-05T06:36:30.763+0000] {processor.py:768} WARNING - No viable dags retrieved from /home/airflow/.local/lib/python3.7/site-packages/airflow/example_dags/plugins/workday.py
[2024-08-05T06:36:30.901+0000] {processor.py:176} INFO - Processing /home/airflow/.local/lib/python3.7/site-packages/airflow/example_dags/plugins/workday.py took 0.146 seconds
[2024-08-05T06:37:04.176+0000] {processor.py:154} INFO - Started process (PID=4612) to work on /home/airflow/.local/lib/python3.7/site-packages/airflow/example_dags/plugins/workday.py
[2024-08-05T06:37:04.177+0000] {processor.py:756} INFO - Processing file /home/airflow/.local/lib/python3.7/site-packages/airflow/example_dags/plugins/workday.py for tasks to queue
[2024-08-05T06:37:04.178+0000] {logging_mixin.py:120} INFO - [2024-08-05T06:37:04.178+0000] {dagbag.py:537} INFO - Filling up the DagBag from /home/airflow/.local/lib/python3.7/site-packages/airflow/example_dags/plugins/workday.py
[2024-08-05T06:37:04.179+0000] {processor.py:768} WARNING - No viable dags retrieved from /home/airflow/.local/lib/python3.7/site-packages/airflow/example_dags/plugins/workday.py
[2024-08-05T06:37:04.192+0000] {processor.py:176} INFO - Processing /home/airflow/.local/lib/python3.7/site-packages/airflow/example_dags/plugins/workday.py took 0.020 seconds
[2024-08-05T06:37:39.622+0000] {processor.py:154} INFO - Started process (PID=4681) to work on /home/airflow/.local/lib/python3.7/site-packages/airflow/example_dags/plugins/workday.py
[2024-08-05T06:37:39.623+0000] {processor.py:756} INFO - Processing file /home/airflow/.local/lib/python3.7/site-packages/airflow/example_dags/plugins/workday.py for tasks to queue
[2024-08-05T06:37:39.625+0000] {logging_mixin.py:120} INFO - [2024-08-05T06:37:39.625+0000] {dagbag.py:537} INFO - Filling up the DagBag from /home/airflow/.local/lib/python3.7/site-packages/airflow/example_dags/plugins/workday.py
[2024-08-05T06:37:39.627+0000] {processor.py:768} WARNING - No viable dags retrieved from /home/airflow/.local/lib/python3.7/site-packages/airflow/example_dags/plugins/workday.py
[2024-08-05T06:37:39.646+0000] {processor.py:176} INFO - Processing /home/airflow/.local/lib/python3.7/site-packages/airflow/example_dags/plugins/workday.py took 0.028 seconds
[2024-08-05T06:38:10.180+0000] {processor.py:154} INFO - Started process (PID=4747) to work on /home/airflow/.local/lib/python3.7/site-packages/airflow/example_dags/plugins/workday.py
[2024-08-05T06:38:10.186+0000] {processor.py:756} INFO - Processing file /home/airflow/.local/lib/python3.7/site-packages/airflow/example_dags/plugins/workday.py for tasks to queue
[2024-08-05T06:38:10.188+0000] {logging_mixin.py:120} INFO - [2024-08-05T06:38:10.188+0000] {dagbag.py:537} INFO - Filling up the DagBag from /home/airflow/.local/lib/python3.7/site-packages/airflow/example_dags/plugins/workday.py
[2024-08-05T06:38:10.192+0000] {processor.py:768} WARNING - No viable dags retrieved from /home/airflow/.local/lib/python3.7/site-packages/airflow/example_dags/plugins/workday.py
[2024-08-05T06:38:10.212+0000] {processor.py:176} INFO - Processing /home/airflow/.local/lib/python3.7/site-packages/airflow/example_dags/plugins/workday.py took 0.038 seconds
[2024-08-05T06:38:40.542+0000] {processor.py:154} INFO - Started process (PID=4805) to work on /home/airflow/.local/lib/python3.7/site-packages/airflow/example_dags/plugins/workday.py
[2024-08-05T06:38:40.544+0000] {processor.py:756} INFO - Processing file /home/airflow/.local/lib/python3.7/site-packages/airflow/example_dags/plugins/workday.py for tasks to queue
[2024-08-05T06:38:40.545+0000] {logging_mixin.py:120} INFO - [2024-08-05T06:38:40.545+0000] {dagbag.py:537} INFO - Filling up the DagBag from /home/airflow/.local/lib/python3.7/site-packages/airflow/example_dags/plugins/workday.py
[2024-08-05T06:38:40.548+0000] {processor.py:768} WARNING - No viable dags retrieved from /home/airflow/.local/lib/python3.7/site-packages/airflow/example_dags/plugins/workday.py
[2024-08-05T06:38:40.569+0000] {processor.py:176} INFO - Processing /home/airflow/.local/lib/python3.7/site-packages/airflow/example_dags/plugins/workday.py took 0.032 seconds
[2024-08-05T06:39:13.278+0000] {processor.py:154} INFO - Started process (PID=4872) to work on /home/airflow/.local/lib/python3.7/site-packages/airflow/example_dags/plugins/workday.py
[2024-08-05T06:39:13.279+0000] {processor.py:756} INFO - Processing file /home/airflow/.local/lib/python3.7/site-packages/airflow/example_dags/plugins/workday.py for tasks to queue
[2024-08-05T06:39:13.281+0000] {logging_mixin.py:120} INFO - [2024-08-05T06:39:13.281+0000] {dagbag.py:537} INFO - Filling up the DagBag from /home/airflow/.local/lib/python3.7/site-packages/airflow/example_dags/plugins/workday.py
[2024-08-05T06:39:13.284+0000] {processor.py:768} WARNING - No viable dags retrieved from /home/airflow/.local/lib/python3.7/site-packages/airflow/example_dags/plugins/workday.py
[2024-08-05T06:39:13.307+0000] {processor.py:176} INFO - Processing /home/airflow/.local/lib/python3.7/site-packages/airflow/example_dags/plugins/workday.py took 0.033 seconds
[2024-08-05T06:39:45.035+0000] {processor.py:154} INFO - Started process (PID=4939) to work on /home/airflow/.local/lib/python3.7/site-packages/airflow/example_dags/plugins/workday.py
[2024-08-05T06:39:45.036+0000] {processor.py:756} INFO - Processing file /home/airflow/.local/lib/python3.7/site-packages/airflow/example_dags/plugins/workday.py for tasks to queue
[2024-08-05T06:39:45.037+0000] {logging_mixin.py:120} INFO - [2024-08-05T06:39:45.037+0000] {dagbag.py:537} INFO - Filling up the DagBag from /home/airflow/.local/lib/python3.7/site-packages/airflow/example_dags/plugins/workday.py
[2024-08-05T06:39:45.039+0000] {processor.py:768} WARNING - No viable dags retrieved from /home/airflow/.local/lib/python3.7/site-packages/airflow/example_dags/plugins/workday.py
[2024-08-05T06:39:45.055+0000] {processor.py:176} INFO - Processing /home/airflow/.local/lib/python3.7/site-packages/airflow/example_dags/plugins/workday.py took 0.024 seconds
[2024-08-05T06:40:19.354+0000] {processor.py:154} INFO - Started process (PID=5007) to work on /home/airflow/.local/lib/python3.7/site-packages/airflow/example_dags/plugins/workday.py
[2024-08-05T06:40:19.430+0000] {processor.py:756} INFO - Processing file /home/airflow/.local/lib/python3.7/site-packages/airflow/example_dags/plugins/workday.py for tasks to queue
[2024-08-05T06:40:19.452+0000] {logging_mixin.py:120} INFO - [2024-08-05T06:40:19.452+0000] {dagbag.py:537} INFO - Filling up the DagBag from /home/airflow/.local/lib/python3.7/site-packages/airflow/example_dags/plugins/workday.py
[2024-08-05T06:40:19.465+0000] {processor.py:768} WARNING - No viable dags retrieved from /home/airflow/.local/lib/python3.7/site-packages/airflow/example_dags/plugins/workday.py
[2024-08-05T06:40:19.498+0000] {processor.py:176} INFO - Processing /home/airflow/.local/lib/python3.7/site-packages/airflow/example_dags/plugins/workday.py took 0.151 seconds
[2024-08-05T06:40:57.294+0000] {processor.py:154} INFO - Started process (PID=5083) to work on /home/airflow/.local/lib/python3.7/site-packages/airflow/example_dags/plugins/workday.py
[2024-08-05T06:40:57.453+0000] {processor.py:756} INFO - Processing file /home/airflow/.local/lib/python3.7/site-packages/airflow/example_dags/plugins/workday.py for tasks to queue
[2024-08-05T06:40:57.539+0000] {logging_mixin.py:120} INFO - [2024-08-05T06:40:57.539+0000] {dagbag.py:537} INFO - Filling up the DagBag from /home/airflow/.local/lib/python3.7/site-packages/airflow/example_dags/plugins/workday.py
[2024-08-05T06:40:57.558+0000] {processor.py:768} WARNING - No viable dags retrieved from /home/airflow/.local/lib/python3.7/site-packages/airflow/example_dags/plugins/workday.py
[2024-08-05T06:40:57.580+0000] {processor.py:176} INFO - Processing /home/airflow/.local/lib/python3.7/site-packages/airflow/example_dags/plugins/workday.py took 0.289 seconds
[2024-08-05T06:41:28.668+0000] {processor.py:154} INFO - Started process (PID=5141) to work on /home/airflow/.local/lib/python3.7/site-packages/airflow/example_dags/plugins/workday.py
[2024-08-05T06:41:28.669+0000] {processor.py:756} INFO - Processing file /home/airflow/.local/lib/python3.7/site-packages/airflow/example_dags/plugins/workday.py for tasks to queue
[2024-08-05T06:41:28.671+0000] {logging_mixin.py:120} INFO - [2024-08-05T06:41:28.670+0000] {dagbag.py:537} INFO - Filling up the DagBag from /home/airflow/.local/lib/python3.7/site-packages/airflow/example_dags/plugins/workday.py
[2024-08-05T06:41:28.674+0000] {processor.py:768} WARNING - No viable dags retrieved from /home/airflow/.local/lib/python3.7/site-packages/airflow/example_dags/plugins/workday.py
[2024-08-05T06:41:28.697+0000] {processor.py:176} INFO - Processing /home/airflow/.local/lib/python3.7/site-packages/airflow/example_dags/plugins/workday.py took 0.032 seconds
[2024-08-05T06:42:03.594+0000] {processor.py:154} INFO - Started process (PID=5209) to work on /home/airflow/.local/lib/python3.7/site-packages/airflow/example_dags/plugins/workday.py
[2024-08-05T06:42:03.595+0000] {processor.py:756} INFO - Processing file /home/airflow/.local/lib/python3.7/site-packages/airflow/example_dags/plugins/workday.py for tasks to queue
[2024-08-05T06:42:03.596+0000] {logging_mixin.py:120} INFO - [2024-08-05T06:42:03.596+0000] {dagbag.py:537} INFO - Filling up the DagBag from /home/airflow/.local/lib/python3.7/site-packages/airflow/example_dags/plugins/workday.py
[2024-08-05T06:42:03.598+0000] {processor.py:768} WARNING - No viable dags retrieved from /home/airflow/.local/lib/python3.7/site-packages/airflow/example_dags/plugins/workday.py
[2024-08-05T06:42:03.616+0000] {processor.py:176} INFO - Processing /home/airflow/.local/lib/python3.7/site-packages/airflow/example_dags/plugins/workday.py took 0.027 seconds
[2024-08-05T06:42:36.566+0000] {processor.py:154} INFO - Started process (PID=5281) to work on /home/airflow/.local/lib/python3.7/site-packages/airflow/example_dags/plugins/workday.py
[2024-08-05T06:42:36.568+0000] {processor.py:756} INFO - Processing file /home/airflow/.local/lib/python3.7/site-packages/airflow/example_dags/plugins/workday.py for tasks to queue
[2024-08-05T06:42:36.570+0000] {logging_mixin.py:120} INFO - [2024-08-05T06:42:36.570+0000] {dagbag.py:537} INFO - Filling up the DagBag from /home/airflow/.local/lib/python3.7/site-packages/airflow/example_dags/plugins/workday.py
[2024-08-05T06:42:36.574+0000] {processor.py:768} WARNING - No viable dags retrieved from /home/airflow/.local/lib/python3.7/site-packages/airflow/example_dags/plugins/workday.py
[2024-08-05T06:42:36.592+0000] {processor.py:176} INFO - Processing /home/airflow/.local/lib/python3.7/site-packages/airflow/example_dags/plugins/workday.py took 0.032 seconds
[2024-08-05T06:43:08.189+0000] {processor.py:154} INFO - Started process (PID=5349) to work on /home/airflow/.local/lib/python3.7/site-packages/airflow/example_dags/plugins/workday.py
[2024-08-05T06:43:08.191+0000] {processor.py:756} INFO - Processing file /home/airflow/.local/lib/python3.7/site-packages/airflow/example_dags/plugins/workday.py for tasks to queue
[2024-08-05T06:43:08.194+0000] {logging_mixin.py:120} INFO - [2024-08-05T06:43:08.194+0000] {dagbag.py:537} INFO - Filling up the DagBag from /home/airflow/.local/lib/python3.7/site-packages/airflow/example_dags/plugins/workday.py
[2024-08-05T06:43:08.198+0000] {processor.py:768} WARNING - No viable dags retrieved from /home/airflow/.local/lib/python3.7/site-packages/airflow/example_dags/plugins/workday.py
[2024-08-05T06:43:08.220+0000] {processor.py:176} INFO - Processing /home/airflow/.local/lib/python3.7/site-packages/airflow/example_dags/plugins/workday.py took 0.036 seconds
[2024-08-05T06:43:41.670+0000] {processor.py:154} INFO - Started process (PID=5417) to work on /home/airflow/.local/lib/python3.7/site-packages/airflow/example_dags/plugins/workday.py
[2024-08-05T06:43:41.672+0000] {processor.py:756} INFO - Processing file /home/airflow/.local/lib/python3.7/site-packages/airflow/example_dags/plugins/workday.py for tasks to queue
[2024-08-05T06:43:41.675+0000] {logging_mixin.py:120} INFO - [2024-08-05T06:43:41.675+0000] {dagbag.py:537} INFO - Filling up the DagBag from /home/airflow/.local/lib/python3.7/site-packages/airflow/example_dags/plugins/workday.py
[2024-08-05T06:43:41.678+0000] {processor.py:768} WARNING - No viable dags retrieved from /home/airflow/.local/lib/python3.7/site-packages/airflow/example_dags/plugins/workday.py
[2024-08-05T06:43:41.701+0000] {processor.py:176} INFO - Processing /home/airflow/.local/lib/python3.7/site-packages/airflow/example_dags/plugins/workday.py took 0.036 seconds
[2024-08-05T06:44:15.324+0000] {processor.py:154} INFO - Started process (PID=5477) to work on /home/airflow/.local/lib/python3.7/site-packages/airflow/example_dags/plugins/workday.py
[2024-08-05T06:44:15.340+0000] {processor.py:756} INFO - Processing file /home/airflow/.local/lib/python3.7/site-packages/airflow/example_dags/plugins/workday.py for tasks to queue
[2024-08-05T06:44:15.345+0000] {logging_mixin.py:120} INFO - [2024-08-05T06:44:15.344+0000] {dagbag.py:537} INFO - Filling up the DagBag from /home/airflow/.local/lib/python3.7/site-packages/airflow/example_dags/plugins/workday.py
[2024-08-05T06:44:15.356+0000] {processor.py:768} WARNING - No viable dags retrieved from /home/airflow/.local/lib/python3.7/site-packages/airflow/example_dags/plugins/workday.py
[2024-08-05T06:44:15.436+0000] {processor.py:176} INFO - Processing /home/airflow/.local/lib/python3.7/site-packages/airflow/example_dags/plugins/workday.py took 0.116 seconds
[2024-08-05T06:44:45.685+0000] {processor.py:154} INFO - Started process (PID=5543) to work on /home/airflow/.local/lib/python3.7/site-packages/airflow/example_dags/plugins/workday.py
[2024-08-05T06:44:45.686+0000] {processor.py:756} INFO - Processing file /home/airflow/.local/lib/python3.7/site-packages/airflow/example_dags/plugins/workday.py for tasks to queue
[2024-08-05T06:44:45.688+0000] {logging_mixin.py:120} INFO - [2024-08-05T06:44:45.687+0000] {dagbag.py:537} INFO - Filling up the DagBag from /home/airflow/.local/lib/python3.7/site-packages/airflow/example_dags/plugins/workday.py
[2024-08-05T06:44:45.689+0000] {processor.py:768} WARNING - No viable dags retrieved from /home/airflow/.local/lib/python3.7/site-packages/airflow/example_dags/plugins/workday.py
[2024-08-05T06:44:45.703+0000] {processor.py:176} INFO - Processing /home/airflow/.local/lib/python3.7/site-packages/airflow/example_dags/plugins/workday.py took 0.021 seconds
[2024-08-05T06:45:17.177+0000] {processor.py:154} INFO - Started process (PID=5610) to work on /home/airflow/.local/lib/python3.7/site-packages/airflow/example_dags/plugins/workday.py
[2024-08-05T06:45:17.223+0000] {processor.py:756} INFO - Processing file /home/airflow/.local/lib/python3.7/site-packages/airflow/example_dags/plugins/workday.py for tasks to queue
[2024-08-05T06:45:17.242+0000] {logging_mixin.py:120} INFO - [2024-08-05T06:45:17.241+0000] {dagbag.py:537} INFO - Filling up the DagBag from /home/airflow/.local/lib/python3.7/site-packages/airflow/example_dags/plugins/workday.py
[2024-08-05T06:45:17.246+0000] {processor.py:768} WARNING - No viable dags retrieved from /home/airflow/.local/lib/python3.7/site-packages/airflow/example_dags/plugins/workday.py
[2024-08-05T06:45:17.316+0000] {processor.py:176} INFO - Processing /home/airflow/.local/lib/python3.7/site-packages/airflow/example_dags/plugins/workday.py took 0.143 seconds
[2024-08-05T06:45:48.594+0000] {processor.py:154} INFO - Started process (PID=5668) to work on /home/airflow/.local/lib/python3.7/site-packages/airflow/example_dags/plugins/workday.py
[2024-08-05T06:45:48.613+0000] {processor.py:756} INFO - Processing file /home/airflow/.local/lib/python3.7/site-packages/airflow/example_dags/plugins/workday.py for tasks to queue
[2024-08-05T06:45:48.615+0000] {logging_mixin.py:120} INFO - [2024-08-05T06:45:48.615+0000] {dagbag.py:537} INFO - Filling up the DagBag from /home/airflow/.local/lib/python3.7/site-packages/airflow/example_dags/plugins/workday.py
[2024-08-05T06:45:48.617+0000] {processor.py:768} WARNING - No viable dags retrieved from /home/airflow/.local/lib/python3.7/site-packages/airflow/example_dags/plugins/workday.py
[2024-08-05T06:45:48.649+0000] {processor.py:176} INFO - Processing /home/airflow/.local/lib/python3.7/site-packages/airflow/example_dags/plugins/workday.py took 0.073 seconds
[2024-08-05T06:46:19.951+0000] {processor.py:154} INFO - Started process (PID=5737) to work on /home/airflow/.local/lib/python3.7/site-packages/airflow/example_dags/plugins/workday.py
[2024-08-05T06:46:19.953+0000] {processor.py:756} INFO - Processing file /home/airflow/.local/lib/python3.7/site-packages/airflow/example_dags/plugins/workday.py for tasks to queue
[2024-08-05T06:46:19.954+0000] {logging_mixin.py:120} INFO - [2024-08-05T06:46:19.954+0000] {dagbag.py:537} INFO - Filling up the DagBag from /home/airflow/.local/lib/python3.7/site-packages/airflow/example_dags/plugins/workday.py
[2024-08-05T06:46:19.956+0000] {processor.py:768} WARNING - No viable dags retrieved from /home/airflow/.local/lib/python3.7/site-packages/airflow/example_dags/plugins/workday.py
[2024-08-05T06:46:19.978+0000] {processor.py:176} INFO - Processing /home/airflow/.local/lib/python3.7/site-packages/airflow/example_dags/plugins/workday.py took 0.030 seconds
[2024-08-05T06:46:52.824+0000] {processor.py:154} INFO - Started process (PID=5805) to work on /home/airflow/.local/lib/python3.7/site-packages/airflow/example_dags/plugins/workday.py
[2024-08-05T06:46:52.825+0000] {processor.py:756} INFO - Processing file /home/airflow/.local/lib/python3.7/site-packages/airflow/example_dags/plugins/workday.py for tasks to queue
[2024-08-05T06:46:52.826+0000] {logging_mixin.py:120} INFO - [2024-08-05T06:46:52.826+0000] {dagbag.py:537} INFO - Filling up the DagBag from /home/airflow/.local/lib/python3.7/site-packages/airflow/example_dags/plugins/workday.py
[2024-08-05T06:46:52.828+0000] {processor.py:768} WARNING - No viable dags retrieved from /home/airflow/.local/lib/python3.7/site-packages/airflow/example_dags/plugins/workday.py
[2024-08-05T06:46:52.854+0000] {processor.py:176} INFO - Processing /home/airflow/.local/lib/python3.7/site-packages/airflow/example_dags/plugins/workday.py took 0.033 seconds
[2024-08-05T06:47:27.148+0000] {processor.py:154} INFO - Started process (PID=5877) to work on /home/airflow/.local/lib/python3.7/site-packages/airflow/example_dags/plugins/workday.py
[2024-08-05T06:47:27.150+0000] {processor.py:756} INFO - Processing file /home/airflow/.local/lib/python3.7/site-packages/airflow/example_dags/plugins/workday.py for tasks to queue
[2024-08-05T06:47:27.153+0000] {logging_mixin.py:120} INFO - [2024-08-05T06:47:27.153+0000] {dagbag.py:537} INFO - Filling up the DagBag from /home/airflow/.local/lib/python3.7/site-packages/airflow/example_dags/plugins/workday.py
[2024-08-05T06:47:27.155+0000] {processor.py:768} WARNING - No viable dags retrieved from /home/airflow/.local/lib/python3.7/site-packages/airflow/example_dags/plugins/workday.py
[2024-08-05T06:47:27.172+0000] {processor.py:176} INFO - Processing /home/airflow/.local/lib/python3.7/site-packages/airflow/example_dags/plugins/workday.py took 0.027 seconds
[2024-08-05T06:47:57.300+0000] {processor.py:154} INFO - Started process (PID=5935) to work on /home/airflow/.local/lib/python3.7/site-packages/airflow/example_dags/plugins/workday.py
[2024-08-05T06:47:57.302+0000] {processor.py:756} INFO - Processing file /home/airflow/.local/lib/python3.7/site-packages/airflow/example_dags/plugins/workday.py for tasks to queue
[2024-08-05T06:47:57.303+0000] {logging_mixin.py:120} INFO - [2024-08-05T06:47:57.303+0000] {dagbag.py:537} INFO - Filling up the DagBag from /home/airflow/.local/lib/python3.7/site-packages/airflow/example_dags/plugins/workday.py
[2024-08-05T06:47:57.306+0000] {processor.py:768} WARNING - No viable dags retrieved from /home/airflow/.local/lib/python3.7/site-packages/airflow/example_dags/plugins/workday.py
[2024-08-05T06:47:57.323+0000] {processor.py:176} INFO - Processing /home/airflow/.local/lib/python3.7/site-packages/airflow/example_dags/plugins/workday.py took 0.027 seconds
[2024-08-05T06:48:28.164+0000] {processor.py:154} INFO - Started process (PID=6002) to work on /home/airflow/.local/lib/python3.7/site-packages/airflow/example_dags/plugins/workday.py
[2024-08-05T06:48:28.166+0000] {processor.py:756} INFO - Processing file /home/airflow/.local/lib/python3.7/site-packages/airflow/example_dags/plugins/workday.py for tasks to queue
[2024-08-05T06:48:28.175+0000] {logging_mixin.py:120} INFO - [2024-08-05T06:48:28.174+0000] {dagbag.py:537} INFO - Filling up the DagBag from /home/airflow/.local/lib/python3.7/site-packages/airflow/example_dags/plugins/workday.py
[2024-08-05T06:48:28.179+0000] {processor.py:768} WARNING - No viable dags retrieved from /home/airflow/.local/lib/python3.7/site-packages/airflow/example_dags/plugins/workday.py
[2024-08-05T06:48:28.198+0000] {processor.py:176} INFO - Processing /home/airflow/.local/lib/python3.7/site-packages/airflow/example_dags/plugins/workday.py took 0.038 seconds
[2024-08-05T06:48:58.314+0000] {processor.py:154} INFO - Started process (PID=6059) to work on /home/airflow/.local/lib/python3.7/site-packages/airflow/example_dags/plugins/workday.py
[2024-08-05T06:48:58.315+0000] {processor.py:756} INFO - Processing file /home/airflow/.local/lib/python3.7/site-packages/airflow/example_dags/plugins/workday.py for tasks to queue
[2024-08-05T06:48:58.316+0000] {logging_mixin.py:120} INFO - [2024-08-05T06:48:58.316+0000] {dagbag.py:537} INFO - Filling up the DagBag from /home/airflow/.local/lib/python3.7/site-packages/airflow/example_dags/plugins/workday.py
[2024-08-05T06:48:58.318+0000] {processor.py:768} WARNING - No viable dags retrieved from /home/airflow/.local/lib/python3.7/site-packages/airflow/example_dags/plugins/workday.py
[2024-08-05T06:48:58.333+0000] {processor.py:176} INFO - Processing /home/airflow/.local/lib/python3.7/site-packages/airflow/example_dags/plugins/workday.py took 0.023 seconds
[2024-08-05T06:49:28.621+0000] {processor.py:154} INFO - Started process (PID=6126) to work on /home/airflow/.local/lib/python3.7/site-packages/airflow/example_dags/plugins/workday.py
[2024-08-05T06:49:28.622+0000] {processor.py:756} INFO - Processing file /home/airflow/.local/lib/python3.7/site-packages/airflow/example_dags/plugins/workday.py for tasks to queue
[2024-08-05T06:49:28.623+0000] {logging_mixin.py:120} INFO - [2024-08-05T06:49:28.623+0000] {dagbag.py:537} INFO - Filling up the DagBag from /home/airflow/.local/lib/python3.7/site-packages/airflow/example_dags/plugins/workday.py
[2024-08-05T06:49:28.625+0000] {processor.py:768} WARNING - No viable dags retrieved from /home/airflow/.local/lib/python3.7/site-packages/airflow/example_dags/plugins/workday.py
[2024-08-05T06:49:28.642+0000] {processor.py:176} INFO - Processing /home/airflow/.local/lib/python3.7/site-packages/airflow/example_dags/plugins/workday.py took 0.025 seconds
[2024-08-05T06:49:59.227+0000] {processor.py:154} INFO - Started process (PID=6193) to work on /home/airflow/.local/lib/python3.7/site-packages/airflow/example_dags/plugins/workday.py
[2024-08-05T06:49:59.229+0000] {processor.py:756} INFO - Processing file /home/airflow/.local/lib/python3.7/site-packages/airflow/example_dags/plugins/workday.py for tasks to queue
[2024-08-05T06:49:59.231+0000] {logging_mixin.py:120} INFO - [2024-08-05T06:49:59.231+0000] {dagbag.py:537} INFO - Filling up the DagBag from /home/airflow/.local/lib/python3.7/site-packages/airflow/example_dags/plugins/workday.py
[2024-08-05T06:49:59.233+0000] {processor.py:768} WARNING - No viable dags retrieved from /home/airflow/.local/lib/python3.7/site-packages/airflow/example_dags/plugins/workday.py
[2024-08-05T06:49:59.257+0000] {processor.py:176} INFO - Processing /home/airflow/.local/lib/python3.7/site-packages/airflow/example_dags/plugins/workday.py took 0.034 seconds
[2024-08-05T06:50:30.230+0000] {processor.py:154} INFO - Started process (PID=6251) to work on /home/airflow/.local/lib/python3.7/site-packages/airflow/example_dags/plugins/workday.py
[2024-08-05T06:50:30.231+0000] {processor.py:756} INFO - Processing file /home/airflow/.local/lib/python3.7/site-packages/airflow/example_dags/plugins/workday.py for tasks to queue
[2024-08-05T06:50:30.233+0000] {logging_mixin.py:120} INFO - [2024-08-05T06:50:30.233+0000] {dagbag.py:537} INFO - Filling up the DagBag from /home/airflow/.local/lib/python3.7/site-packages/airflow/example_dags/plugins/workday.py
[2024-08-05T06:50:30.235+0000] {processor.py:768} WARNING - No viable dags retrieved from /home/airflow/.local/lib/python3.7/site-packages/airflow/example_dags/plugins/workday.py
[2024-08-05T06:50:30.250+0000] {processor.py:176} INFO - Processing /home/airflow/.local/lib/python3.7/site-packages/airflow/example_dags/plugins/workday.py took 0.025 seconds
[2024-08-05T06:51:00.327+0000] {processor.py:154} INFO - Started process (PID=6317) to work on /home/airflow/.local/lib/python3.7/site-packages/airflow/example_dags/plugins/workday.py
[2024-08-05T06:51:00.328+0000] {processor.py:756} INFO - Processing file /home/airflow/.local/lib/python3.7/site-packages/airflow/example_dags/plugins/workday.py for tasks to queue
[2024-08-05T06:51:00.330+0000] {logging_mixin.py:120} INFO - [2024-08-05T06:51:00.330+0000] {dagbag.py:537} INFO - Filling up the DagBag from /home/airflow/.local/lib/python3.7/site-packages/airflow/example_dags/plugins/workday.py
[2024-08-05T06:51:00.332+0000] {processor.py:768} WARNING - No viable dags retrieved from /home/airflow/.local/lib/python3.7/site-packages/airflow/example_dags/plugins/workday.py
[2024-08-05T06:51:00.353+0000] {processor.py:176} INFO - Processing /home/airflow/.local/lib/python3.7/site-packages/airflow/example_dags/plugins/workday.py took 0.032 seconds
[2024-08-05T06:51:31.154+0000] {processor.py:154} INFO - Started process (PID=6383) to work on /home/airflow/.local/lib/python3.7/site-packages/airflow/example_dags/plugins/workday.py
[2024-08-05T06:51:31.155+0000] {processor.py:756} INFO - Processing file /home/airflow/.local/lib/python3.7/site-packages/airflow/example_dags/plugins/workday.py for tasks to queue
[2024-08-05T06:51:31.156+0000] {logging_mixin.py:120} INFO - [2024-08-05T06:51:31.156+0000] {dagbag.py:537} INFO - Filling up the DagBag from /home/airflow/.local/lib/python3.7/site-packages/airflow/example_dags/plugins/workday.py
[2024-08-05T06:51:31.158+0000] {processor.py:768} WARNING - No viable dags retrieved from /home/airflow/.local/lib/python3.7/site-packages/airflow/example_dags/plugins/workday.py
[2024-08-05T06:51:31.178+0000] {processor.py:176} INFO - Processing /home/airflow/.local/lib/python3.7/site-packages/airflow/example_dags/plugins/workday.py took 0.027 seconds
[2024-08-05T06:52:02.425+0000] {processor.py:154} INFO - Started process (PID=6442) to work on /home/airflow/.local/lib/python3.7/site-packages/airflow/example_dags/plugins/workday.py
[2024-08-05T06:52:02.427+0000] {processor.py:756} INFO - Processing file /home/airflow/.local/lib/python3.7/site-packages/airflow/example_dags/plugins/workday.py for tasks to queue
[2024-08-05T06:52:02.428+0000] {logging_mixin.py:120} INFO - [2024-08-05T06:52:02.428+0000] {dagbag.py:537} INFO - Filling up the DagBag from /home/airflow/.local/lib/python3.7/site-packages/airflow/example_dags/plugins/workday.py
[2024-08-05T06:52:02.430+0000] {processor.py:768} WARNING - No viable dags retrieved from /home/airflow/.local/lib/python3.7/site-packages/airflow/example_dags/plugins/workday.py
[2024-08-05T06:52:02.449+0000] {processor.py:176} INFO - Processing /home/airflow/.local/lib/python3.7/site-packages/airflow/example_dags/plugins/workday.py took 0.028 seconds
[2024-08-05T06:52:33.013+0000] {processor.py:154} INFO - Started process (PID=6510) to work on /home/airflow/.local/lib/python3.7/site-packages/airflow/example_dags/plugins/workday.py
[2024-08-05T06:52:33.015+0000] {processor.py:756} INFO - Processing file /home/airflow/.local/lib/python3.7/site-packages/airflow/example_dags/plugins/workday.py for tasks to queue
[2024-08-05T06:52:33.016+0000] {logging_mixin.py:120} INFO - [2024-08-05T06:52:33.016+0000] {dagbag.py:537} INFO - Filling up the DagBag from /home/airflow/.local/lib/python3.7/site-packages/airflow/example_dags/plugins/workday.py
[2024-08-05T06:52:33.018+0000] {processor.py:768} WARNING - No viable dags retrieved from /home/airflow/.local/lib/python3.7/site-packages/airflow/example_dags/plugins/workday.py
[2024-08-05T06:52:33.032+0000] {processor.py:176} INFO - Processing /home/airflow/.local/lib/python3.7/site-packages/airflow/example_dags/plugins/workday.py took 0.022 seconds
[2024-08-05T06:53:05.532+0000] {processor.py:154} INFO - Started process (PID=6577) to work on /home/airflow/.local/lib/python3.7/site-packages/airflow/example_dags/plugins/workday.py
[2024-08-05T06:53:05.533+0000] {processor.py:756} INFO - Processing file /home/airflow/.local/lib/python3.7/site-packages/airflow/example_dags/plugins/workday.py for tasks to queue
[2024-08-05T06:53:05.534+0000] {logging_mixin.py:120} INFO - [2024-08-05T06:53:05.534+0000] {dagbag.py:537} INFO - Filling up the DagBag from /home/airflow/.local/lib/python3.7/site-packages/airflow/example_dags/plugins/workday.py
[2024-08-05T06:53:05.536+0000] {processor.py:768} WARNING - No viable dags retrieved from /home/airflow/.local/lib/python3.7/site-packages/airflow/example_dags/plugins/workday.py
[2024-08-05T06:53:05.560+0000] {processor.py:176} INFO - Processing /home/airflow/.local/lib/python3.7/site-packages/airflow/example_dags/plugins/workday.py took 0.031 seconds
[2024-08-05T06:53:37.316+0000] {processor.py:154} INFO - Started process (PID=6636) to work on /home/airflow/.local/lib/python3.7/site-packages/airflow/example_dags/plugins/workday.py
[2024-08-05T06:53:37.358+0000] {processor.py:756} INFO - Processing file /home/airflow/.local/lib/python3.7/site-packages/airflow/example_dags/plugins/workday.py for tasks to queue
[2024-08-05T06:53:37.399+0000] {logging_mixin.py:120} INFO - [2024-08-05T06:53:37.399+0000] {dagbag.py:537} INFO - Filling up the DagBag from /home/airflow/.local/lib/python3.7/site-packages/airflow/example_dags/plugins/workday.py
[2024-08-05T06:53:37.412+0000] {processor.py:768} WARNING - No viable dags retrieved from /home/airflow/.local/lib/python3.7/site-packages/airflow/example_dags/plugins/workday.py
[2024-08-05T06:53:37.428+0000] {processor.py:176} INFO - Processing /home/airflow/.local/lib/python3.7/site-packages/airflow/example_dags/plugins/workday.py took 0.116 seconds
[2024-08-05T06:54:08.229+0000] {processor.py:154} INFO - Started process (PID=6704) to work on /home/airflow/.local/lib/python3.7/site-packages/airflow/example_dags/plugins/workday.py
[2024-08-05T06:54:08.231+0000] {processor.py:756} INFO - Processing file /home/airflow/.local/lib/python3.7/site-packages/airflow/example_dags/plugins/workday.py for tasks to queue
[2024-08-05T06:54:08.232+0000] {logging_mixin.py:120} INFO - [2024-08-05T06:54:08.232+0000] {dagbag.py:537} INFO - Filling up the DagBag from /home/airflow/.local/lib/python3.7/site-packages/airflow/example_dags/plugins/workday.py
[2024-08-05T06:54:08.234+0000] {processor.py:768} WARNING - No viable dags retrieved from /home/airflow/.local/lib/python3.7/site-packages/airflow/example_dags/plugins/workday.py
[2024-08-05T06:54:08.253+0000] {processor.py:176} INFO - Processing /home/airflow/.local/lib/python3.7/site-packages/airflow/example_dags/plugins/workday.py took 0.027 seconds
[2024-08-05T06:54:38.435+0000] {processor.py:154} INFO - Started process (PID=6771) to work on /home/airflow/.local/lib/python3.7/site-packages/airflow/example_dags/plugins/workday.py
[2024-08-05T06:54:38.437+0000] {processor.py:756} INFO - Processing file /home/airflow/.local/lib/python3.7/site-packages/airflow/example_dags/plugins/workday.py for tasks to queue
[2024-08-05T06:54:38.438+0000] {logging_mixin.py:120} INFO - [2024-08-05T06:54:38.438+0000] {dagbag.py:537} INFO - Filling up the DagBag from /home/airflow/.local/lib/python3.7/site-packages/airflow/example_dags/plugins/workday.py
[2024-08-05T06:54:38.440+0000] {processor.py:768} WARNING - No viable dags retrieved from /home/airflow/.local/lib/python3.7/site-packages/airflow/example_dags/plugins/workday.py
[2024-08-05T06:54:38.460+0000] {processor.py:176} INFO - Processing /home/airflow/.local/lib/python3.7/site-packages/airflow/example_dags/plugins/workday.py took 0.028 seconds
[2024-08-05T06:55:10.512+0000] {processor.py:154} INFO - Started process (PID=6829) to work on /home/airflow/.local/lib/python3.7/site-packages/airflow/example_dags/plugins/workday.py
[2024-08-05T06:55:10.513+0000] {processor.py:756} INFO - Processing file /home/airflow/.local/lib/python3.7/site-packages/airflow/example_dags/plugins/workday.py for tasks to queue
[2024-08-05T06:55:10.515+0000] {logging_mixin.py:120} INFO - [2024-08-05T06:55:10.514+0000] {dagbag.py:537} INFO - Filling up the DagBag from /home/airflow/.local/lib/python3.7/site-packages/airflow/example_dags/plugins/workday.py
[2024-08-05T06:55:10.517+0000] {processor.py:768} WARNING - No viable dags retrieved from /home/airflow/.local/lib/python3.7/site-packages/airflow/example_dags/plugins/workday.py
[2024-08-05T06:55:10.536+0000] {processor.py:176} INFO - Processing /home/airflow/.local/lib/python3.7/site-packages/airflow/example_dags/plugins/workday.py took 0.028 seconds
[2024-08-05T06:55:42.074+0000] {processor.py:154} INFO - Started process (PID=6894) to work on /home/airflow/.local/lib/python3.7/site-packages/airflow/example_dags/plugins/workday.py
[2024-08-05T06:55:42.076+0000] {processor.py:756} INFO - Processing file /home/airflow/.local/lib/python3.7/site-packages/airflow/example_dags/plugins/workday.py for tasks to queue
[2024-08-05T06:55:42.077+0000] {logging_mixin.py:120} INFO - [2024-08-05T06:55:42.077+0000] {dagbag.py:537} INFO - Filling up the DagBag from /home/airflow/.local/lib/python3.7/site-packages/airflow/example_dags/plugins/workday.py
[2024-08-05T06:55:42.080+0000] {processor.py:768} WARNING - No viable dags retrieved from /home/airflow/.local/lib/python3.7/site-packages/airflow/example_dags/plugins/workday.py
[2024-08-05T06:55:42.217+0000] {processor.py:176} INFO - Processing /home/airflow/.local/lib/python3.7/site-packages/airflow/example_dags/plugins/workday.py took 0.147 seconds
[2024-08-05T06:56:12.784+0000] {processor.py:154} INFO - Started process (PID=6962) to work on /home/airflow/.local/lib/python3.7/site-packages/airflow/example_dags/plugins/workday.py
[2024-08-05T06:56:12.785+0000] {processor.py:756} INFO - Processing file /home/airflow/.local/lib/python3.7/site-packages/airflow/example_dags/plugins/workday.py for tasks to queue
[2024-08-05T06:56:12.786+0000] {logging_mixin.py:120} INFO - [2024-08-05T06:56:12.786+0000] {dagbag.py:537} INFO - Filling up the DagBag from /home/airflow/.local/lib/python3.7/site-packages/airflow/example_dags/plugins/workday.py
[2024-08-05T06:56:12.789+0000] {processor.py:768} WARNING - No viable dags retrieved from /home/airflow/.local/lib/python3.7/site-packages/airflow/example_dags/plugins/workday.py
[2024-08-05T06:56:12.804+0000] {processor.py:176} INFO - Processing /home/airflow/.local/lib/python3.7/site-packages/airflow/example_dags/plugins/workday.py took 0.023 seconds
[2024-08-05T06:56:43.191+0000] {processor.py:154} INFO - Started process (PID=7030) to work on /home/airflow/.local/lib/python3.7/site-packages/airflow/example_dags/plugins/workday.py
[2024-08-05T06:56:43.193+0000] {processor.py:756} INFO - Processing file /home/airflow/.local/lib/python3.7/site-packages/airflow/example_dags/plugins/workday.py for tasks to queue
[2024-08-05T06:56:43.194+0000] {logging_mixin.py:120} INFO - [2024-08-05T06:56:43.194+0000] {dagbag.py:537} INFO - Filling up the DagBag from /home/airflow/.local/lib/python3.7/site-packages/airflow/example_dags/plugins/workday.py
[2024-08-05T06:56:43.206+0000] {processor.py:768} WARNING - No viable dags retrieved from /home/airflow/.local/lib/python3.7/site-packages/airflow/example_dags/plugins/workday.py
[2024-08-05T06:56:43.229+0000] {processor.py:176} INFO - Processing /home/airflow/.local/lib/python3.7/site-packages/airflow/example_dags/plugins/workday.py took 0.042 seconds
[2024-08-05T06:57:13.732+0000] {processor.py:154} INFO - Started process (PID=7087) to work on /home/airflow/.local/lib/python3.7/site-packages/airflow/example_dags/plugins/workday.py
[2024-08-05T06:57:13.733+0000] {processor.py:756} INFO - Processing file /home/airflow/.local/lib/python3.7/site-packages/airflow/example_dags/plugins/workday.py for tasks to queue
[2024-08-05T06:57:13.734+0000] {logging_mixin.py:120} INFO - [2024-08-05T06:57:13.734+0000] {dagbag.py:537} INFO - Filling up the DagBag from /home/airflow/.local/lib/python3.7/site-packages/airflow/example_dags/plugins/workday.py
[2024-08-05T06:57:13.736+0000] {processor.py:768} WARNING - No viable dags retrieved from /home/airflow/.local/lib/python3.7/site-packages/airflow/example_dags/plugins/workday.py
[2024-08-05T06:57:13.751+0000] {processor.py:176} INFO - Processing /home/airflow/.local/lib/python3.7/site-packages/airflow/example_dags/plugins/workday.py took 0.023 seconds
[2024-08-05T06:57:45.721+0000] {processor.py:154} INFO - Started process (PID=7156) to work on /home/airflow/.local/lib/python3.7/site-packages/airflow/example_dags/plugins/workday.py
[2024-08-05T06:57:45.722+0000] {processor.py:756} INFO - Processing file /home/airflow/.local/lib/python3.7/site-packages/airflow/example_dags/plugins/workday.py for tasks to queue
[2024-08-05T06:57:45.723+0000] {logging_mixin.py:120} INFO - [2024-08-05T06:57:45.723+0000] {dagbag.py:537} INFO - Filling up the DagBag from /home/airflow/.local/lib/python3.7/site-packages/airflow/example_dags/plugins/workday.py
[2024-08-05T06:57:45.725+0000] {processor.py:768} WARNING - No viable dags retrieved from /home/airflow/.local/lib/python3.7/site-packages/airflow/example_dags/plugins/workday.py
[2024-08-05T06:57:45.740+0000] {processor.py:176} INFO - Processing /home/airflow/.local/lib/python3.7/site-packages/airflow/example_dags/plugins/workday.py took 0.023 seconds
[2024-08-05T06:58:16.258+0000] {processor.py:154} INFO - Started process (PID=7214) to work on /home/airflow/.local/lib/python3.7/site-packages/airflow/example_dags/plugins/workday.py
[2024-08-05T06:58:16.260+0000] {processor.py:756} INFO - Processing file /home/airflow/.local/lib/python3.7/site-packages/airflow/example_dags/plugins/workday.py for tasks to queue
[2024-08-05T06:58:16.261+0000] {logging_mixin.py:120} INFO - [2024-08-05T06:58:16.261+0000] {dagbag.py:537} INFO - Filling up the DagBag from /home/airflow/.local/lib/python3.7/site-packages/airflow/example_dags/plugins/workday.py
[2024-08-05T06:58:16.265+0000] {processor.py:768} WARNING - No viable dags retrieved from /home/airflow/.local/lib/python3.7/site-packages/airflow/example_dags/plugins/workday.py
[2024-08-05T06:58:16.291+0000] {processor.py:176} INFO - Processing /home/airflow/.local/lib/python3.7/site-packages/airflow/example_dags/plugins/workday.py took 0.037 seconds
[2024-08-05T06:58:47.420+0000] {processor.py:154} INFO - Started process (PID=7281) to work on /home/airflow/.local/lib/python3.7/site-packages/airflow/example_dags/plugins/workday.py
[2024-08-05T06:58:47.497+0000] {processor.py:756} INFO - Processing file /home/airflow/.local/lib/python3.7/site-packages/airflow/example_dags/plugins/workday.py for tasks to queue
[2024-08-05T06:58:47.560+0000] {logging_mixin.py:120} INFO - [2024-08-05T06:58:47.560+0000] {dagbag.py:537} INFO - Filling up the DagBag from /home/airflow/.local/lib/python3.7/site-packages/airflow/example_dags/plugins/workday.py
[2024-08-05T06:58:47.591+0000] {processor.py:768} WARNING - No viable dags retrieved from /home/airflow/.local/lib/python3.7/site-packages/airflow/example_dags/plugins/workday.py
[2024-08-05T06:58:47.661+0000] {processor.py:176} INFO - Processing /home/airflow/.local/lib/python3.7/site-packages/airflow/example_dags/plugins/workday.py took 0.246 seconds
[2024-08-05T06:59:17.826+0000] {processor.py:154} INFO - Started process (PID=7348) to work on /home/airflow/.local/lib/python3.7/site-packages/airflow/example_dags/plugins/workday.py
[2024-08-05T06:59:17.828+0000] {processor.py:756} INFO - Processing file /home/airflow/.local/lib/python3.7/site-packages/airflow/example_dags/plugins/workday.py for tasks to queue
[2024-08-05T06:59:17.830+0000] {logging_mixin.py:120} INFO - [2024-08-05T06:59:17.829+0000] {dagbag.py:537} INFO - Filling up the DagBag from /home/airflow/.local/lib/python3.7/site-packages/airflow/example_dags/plugins/workday.py
[2024-08-05T06:59:17.834+0000] {processor.py:768} WARNING - No viable dags retrieved from /home/airflow/.local/lib/python3.7/site-packages/airflow/example_dags/plugins/workday.py
[2024-08-05T06:59:17.857+0000] {processor.py:176} INFO - Processing /home/airflow/.local/lib/python3.7/site-packages/airflow/example_dags/plugins/workday.py took 0.036 seconds
[2024-08-05T06:59:50.404+0000] {processor.py:154} INFO - Started process (PID=7405) to work on /home/airflow/.local/lib/python3.7/site-packages/airflow/example_dags/plugins/workday.py
[2024-08-05T06:59:50.406+0000] {processor.py:756} INFO - Processing file /home/airflow/.local/lib/python3.7/site-packages/airflow/example_dags/plugins/workday.py for tasks to queue
[2024-08-05T06:59:50.442+0000] {logging_mixin.py:120} INFO - [2024-08-05T06:59:50.442+0000] {dagbag.py:537} INFO - Filling up the DagBag from /home/airflow/.local/lib/python3.7/site-packages/airflow/example_dags/plugins/workday.py
[2024-08-05T06:59:50.446+0000] {processor.py:768} WARNING - No viable dags retrieved from /home/airflow/.local/lib/python3.7/site-packages/airflow/example_dags/plugins/workday.py
[2024-08-05T06:59:50.528+0000] {processor.py:176} INFO - Processing /home/airflow/.local/lib/python3.7/site-packages/airflow/example_dags/plugins/workday.py took 0.128 seconds
[2024-08-05T07:00:21.214+0000] {processor.py:154} INFO - Started process (PID=7472) to work on /home/airflow/.local/lib/python3.7/site-packages/airflow/example_dags/plugins/workday.py
[2024-08-05T07:00:21.216+0000] {processor.py:756} INFO - Processing file /home/airflow/.local/lib/python3.7/site-packages/airflow/example_dags/plugins/workday.py for tasks to queue
[2024-08-05T07:00:21.217+0000] {logging_mixin.py:120} INFO - [2024-08-05T07:00:21.216+0000] {dagbag.py:537} INFO - Filling up the DagBag from /home/airflow/.local/lib/python3.7/site-packages/airflow/example_dags/plugins/workday.py
[2024-08-05T07:00:21.219+0000] {processor.py:768} WARNING - No viable dags retrieved from /home/airflow/.local/lib/python3.7/site-packages/airflow/example_dags/plugins/workday.py
[2024-08-05T07:00:21.236+0000] {processor.py:176} INFO - Processing /home/airflow/.local/lib/python3.7/site-packages/airflow/example_dags/plugins/workday.py took 0.026 seconds
[2024-08-05T07:00:53.482+0000] {processor.py:154} INFO - Started process (PID=7540) to work on /home/airflow/.local/lib/python3.7/site-packages/airflow/example_dags/plugins/workday.py
[2024-08-05T07:00:53.484+0000] {processor.py:756} INFO - Processing file /home/airflow/.local/lib/python3.7/site-packages/airflow/example_dags/plugins/workday.py for tasks to queue
[2024-08-05T07:00:53.485+0000] {logging_mixin.py:120} INFO - [2024-08-05T07:00:53.485+0000] {dagbag.py:537} INFO - Filling up the DagBag from /home/airflow/.local/lib/python3.7/site-packages/airflow/example_dags/plugins/workday.py
[2024-08-05T07:00:53.488+0000] {processor.py:768} WARNING - No viable dags retrieved from /home/airflow/.local/lib/python3.7/site-packages/airflow/example_dags/plugins/workday.py
[2024-08-05T07:00:53.514+0000] {processor.py:176} INFO - Processing /home/airflow/.local/lib/python3.7/site-packages/airflow/example_dags/plugins/workday.py took 0.037 seconds
[2024-08-05T07:01:24.089+0000] {processor.py:154} INFO - Started process (PID=7598) to work on /home/airflow/.local/lib/python3.7/site-packages/airflow/example_dags/plugins/workday.py
[2024-08-05T07:01:24.090+0000] {processor.py:756} INFO - Processing file /home/airflow/.local/lib/python3.7/site-packages/airflow/example_dags/plugins/workday.py for tasks to queue
[2024-08-05T07:01:24.091+0000] {logging_mixin.py:120} INFO - [2024-08-05T07:01:24.091+0000] {dagbag.py:537} INFO - Filling up the DagBag from /home/airflow/.local/lib/python3.7/site-packages/airflow/example_dags/plugins/workday.py
[2024-08-05T07:01:24.094+0000] {processor.py:768} WARNING - No viable dags retrieved from /home/airflow/.local/lib/python3.7/site-packages/airflow/example_dags/plugins/workday.py
[2024-08-05T07:01:24.111+0000] {processor.py:176} INFO - Processing /home/airflow/.local/lib/python3.7/site-packages/airflow/example_dags/plugins/workday.py took 0.029 seconds
[2024-08-05T07:01:56.460+0000] {processor.py:154} INFO - Started process (PID=7666) to work on /home/airflow/.local/lib/python3.7/site-packages/airflow/example_dags/plugins/workday.py
[2024-08-05T07:01:56.462+0000] {processor.py:756} INFO - Processing file /home/airflow/.local/lib/python3.7/site-packages/airflow/example_dags/plugins/workday.py for tasks to queue
[2024-08-05T07:01:56.463+0000] {logging_mixin.py:120} INFO - [2024-08-05T07:01:56.463+0000] {dagbag.py:537} INFO - Filling up the DagBag from /home/airflow/.local/lib/python3.7/site-packages/airflow/example_dags/plugins/workday.py
[2024-08-05T07:01:56.473+0000] {processor.py:768} WARNING - No viable dags retrieved from /home/airflow/.local/lib/python3.7/site-packages/airflow/example_dags/plugins/workday.py
[2024-08-05T07:01:56.511+0000] {processor.py:176} INFO - Processing /home/airflow/.local/lib/python3.7/site-packages/airflow/example_dags/plugins/workday.py took 0.055 seconds
[2024-08-05T07:02:28.757+0000] {processor.py:154} INFO - Started process (PID=7732) to work on /home/airflow/.local/lib/python3.7/site-packages/airflow/example_dags/plugins/workday.py
[2024-08-05T07:02:28.765+0000] {processor.py:756} INFO - Processing file /home/airflow/.local/lib/python3.7/site-packages/airflow/example_dags/plugins/workday.py for tasks to queue
[2024-08-05T07:02:28.768+0000] {logging_mixin.py:120} INFO - [2024-08-05T07:02:28.768+0000] {dagbag.py:537} INFO - Filling up the DagBag from /home/airflow/.local/lib/python3.7/site-packages/airflow/example_dags/plugins/workday.py
[2024-08-05T07:02:28.775+0000] {processor.py:768} WARNING - No viable dags retrieved from /home/airflow/.local/lib/python3.7/site-packages/airflow/example_dags/plugins/workday.py
[2024-08-05T07:02:28.812+0000] {processor.py:176} INFO - Processing /home/airflow/.local/lib/python3.7/site-packages/airflow/example_dags/plugins/workday.py took 0.060 seconds
[2024-08-05T07:02:59.263+0000] {processor.py:154} INFO - Started process (PID=7787) to work on /home/airflow/.local/lib/python3.7/site-packages/airflow/example_dags/plugins/workday.py
[2024-08-05T07:02:59.265+0000] {processor.py:756} INFO - Processing file /home/airflow/.local/lib/python3.7/site-packages/airflow/example_dags/plugins/workday.py for tasks to queue
[2024-08-05T07:02:59.266+0000] {logging_mixin.py:120} INFO - [2024-08-05T07:02:59.266+0000] {dagbag.py:537} INFO - Filling up the DagBag from /home/airflow/.local/lib/python3.7/site-packages/airflow/example_dags/plugins/workday.py
[2024-08-05T07:02:59.273+0000] {processor.py:768} WARNING - No viable dags retrieved from /home/airflow/.local/lib/python3.7/site-packages/airflow/example_dags/plugins/workday.py
[2024-08-05T07:02:59.289+0000] {processor.py:176} INFO - Processing /home/airflow/.local/lib/python3.7/site-packages/airflow/example_dags/plugins/workday.py took 0.029 seconds
[2024-08-05T07:03:30.158+0000] {processor.py:154} INFO - Started process (PID=7854) to work on /home/airflow/.local/lib/python3.7/site-packages/airflow/example_dags/plugins/workday.py
[2024-08-05T07:03:30.167+0000] {processor.py:756} INFO - Processing file /home/airflow/.local/lib/python3.7/site-packages/airflow/example_dags/plugins/workday.py for tasks to queue
[2024-08-05T07:03:30.171+0000] {logging_mixin.py:120} INFO - [2024-08-05T07:03:30.170+0000] {dagbag.py:537} INFO - Filling up the DagBag from /home/airflow/.local/lib/python3.7/site-packages/airflow/example_dags/plugins/workday.py
[2024-08-05T07:03:30.179+0000] {processor.py:768} WARNING - No viable dags retrieved from /home/airflow/.local/lib/python3.7/site-packages/airflow/example_dags/plugins/workday.py
[2024-08-05T07:03:30.205+0000] {processor.py:176} INFO - Processing /home/airflow/.local/lib/python3.7/site-packages/airflow/example_dags/plugins/workday.py took 0.052 seconds
[2024-08-05T07:04:00.654+0000] {processor.py:154} INFO - Started process (PID=7911) to work on /home/airflow/.local/lib/python3.7/site-packages/airflow/example_dags/plugins/workday.py
[2024-08-05T07:04:00.655+0000] {processor.py:756} INFO - Processing file /home/airflow/.local/lib/python3.7/site-packages/airflow/example_dags/plugins/workday.py for tasks to queue
[2024-08-05T07:04:00.666+0000] {logging_mixin.py:120} INFO - [2024-08-05T07:04:00.665+0000] {dagbag.py:537} INFO - Filling up the DagBag from /home/airflow/.local/lib/python3.7/site-packages/airflow/example_dags/plugins/workday.py
[2024-08-05T07:04:00.669+0000] {processor.py:768} WARNING - No viable dags retrieved from /home/airflow/.local/lib/python3.7/site-packages/airflow/example_dags/plugins/workday.py
[2024-08-05T07:04:00.704+0000] {processor.py:176} INFO - Processing /home/airflow/.local/lib/python3.7/site-packages/airflow/example_dags/plugins/workday.py took 0.054 seconds
[2024-08-05T07:04:32.669+0000] {processor.py:154} INFO - Started process (PID=7979) to work on /home/airflow/.local/lib/python3.7/site-packages/airflow/example_dags/plugins/workday.py
[2024-08-05T07:04:32.671+0000] {processor.py:756} INFO - Processing file /home/airflow/.local/lib/python3.7/site-packages/airflow/example_dags/plugins/workday.py for tasks to queue
[2024-08-05T07:04:32.672+0000] {logging_mixin.py:120} INFO - [2024-08-05T07:04:32.672+0000] {dagbag.py:537} INFO - Filling up the DagBag from /home/airflow/.local/lib/python3.7/site-packages/airflow/example_dags/plugins/workday.py
[2024-08-05T07:04:32.675+0000] {processor.py:768} WARNING - No viable dags retrieved from /home/airflow/.local/lib/python3.7/site-packages/airflow/example_dags/plugins/workday.py
[2024-08-05T07:04:32.692+0000] {processor.py:176} INFO - Processing /home/airflow/.local/lib/python3.7/site-packages/airflow/example_dags/plugins/workday.py took 0.026 seconds
[2024-08-05T07:05:03.596+0000] {processor.py:154} INFO - Started process (PID=8047) to work on /home/airflow/.local/lib/python3.7/site-packages/airflow/example_dags/plugins/workday.py
[2024-08-05T07:05:03.598+0000] {processor.py:756} INFO - Processing file /home/airflow/.local/lib/python3.7/site-packages/airflow/example_dags/plugins/workday.py for tasks to queue
[2024-08-05T07:05:03.601+0000] {logging_mixin.py:120} INFO - [2024-08-05T07:05:03.601+0000] {dagbag.py:537} INFO - Filling up the DagBag from /home/airflow/.local/lib/python3.7/site-packages/airflow/example_dags/plugins/workday.py
[2024-08-05T07:05:03.608+0000] {processor.py:768} WARNING - No viable dags retrieved from /home/airflow/.local/lib/python3.7/site-packages/airflow/example_dags/plugins/workday.py
[2024-08-05T07:05:03.639+0000] {processor.py:176} INFO - Processing /home/airflow/.local/lib/python3.7/site-packages/airflow/example_dags/plugins/workday.py took 0.046 seconds
[2024-08-05T07:05:35.105+0000] {processor.py:154} INFO - Started process (PID=8105) to work on /home/airflow/.local/lib/python3.7/site-packages/airflow/example_dags/plugins/workday.py
[2024-08-05T07:05:35.107+0000] {processor.py:756} INFO - Processing file /home/airflow/.local/lib/python3.7/site-packages/airflow/example_dags/plugins/workday.py for tasks to queue
[2024-08-05T07:05:35.109+0000] {logging_mixin.py:120} INFO - [2024-08-05T07:05:35.109+0000] {dagbag.py:537} INFO - Filling up the DagBag from /home/airflow/.local/lib/python3.7/site-packages/airflow/example_dags/plugins/workday.py
[2024-08-05T07:05:35.113+0000] {processor.py:768} WARNING - No viable dags retrieved from /home/airflow/.local/lib/python3.7/site-packages/airflow/example_dags/plugins/workday.py
[2024-08-05T07:05:35.134+0000] {processor.py:176} INFO - Processing /home/airflow/.local/lib/python3.7/site-packages/airflow/example_dags/plugins/workday.py took 0.032 seconds
[2024-08-05T07:06:06.460+0000] {processor.py:154} INFO - Started process (PID=8172) to work on /home/airflow/.local/lib/python3.7/site-packages/airflow/example_dags/plugins/workday.py
[2024-08-05T07:06:06.471+0000] {processor.py:756} INFO - Processing file /home/airflow/.local/lib/python3.7/site-packages/airflow/example_dags/plugins/workday.py for tasks to queue
[2024-08-05T07:06:06.475+0000] {logging_mixin.py:120} INFO - [2024-08-05T07:06:06.475+0000] {dagbag.py:537} INFO - Filling up the DagBag from /home/airflow/.local/lib/python3.7/site-packages/airflow/example_dags/plugins/workday.py
[2024-08-05T07:06:06.478+0000] {processor.py:768} WARNING - No viable dags retrieved from /home/airflow/.local/lib/python3.7/site-packages/airflow/example_dags/plugins/workday.py
[2024-08-05T07:06:06.500+0000] {processor.py:176} INFO - Processing /home/airflow/.local/lib/python3.7/site-packages/airflow/example_dags/plugins/workday.py took 0.046 seconds
[2024-08-05T07:06:37.427+0000] {processor.py:154} INFO - Started process (PID=8237) to work on /home/airflow/.local/lib/python3.7/site-packages/airflow/example_dags/plugins/workday.py
[2024-08-05T07:06:37.429+0000] {processor.py:756} INFO - Processing file /home/airflow/.local/lib/python3.7/site-packages/airflow/example_dags/plugins/workday.py for tasks to queue
[2024-08-05T07:06:37.527+0000] {logging_mixin.py:120} INFO - [2024-08-05T07:06:37.527+0000] {dagbag.py:537} INFO - Filling up the DagBag from /home/airflow/.local/lib/python3.7/site-packages/airflow/example_dags/plugins/workday.py
[2024-08-05T07:06:37.532+0000] {processor.py:768} WARNING - No viable dags retrieved from /home/airflow/.local/lib/python3.7/site-packages/airflow/example_dags/plugins/workday.py
[2024-08-05T07:06:37.561+0000] {processor.py:176} INFO - Processing /home/airflow/.local/lib/python3.7/site-packages/airflow/example_dags/plugins/workday.py took 0.137 seconds
[2024-08-05T07:07:08.012+0000] {processor.py:154} INFO - Started process (PID=8296) to work on /home/airflow/.local/lib/python3.7/site-packages/airflow/example_dags/plugins/workday.py
[2024-08-05T07:07:08.049+0000] {processor.py:756} INFO - Processing file /home/airflow/.local/lib/python3.7/site-packages/airflow/example_dags/plugins/workday.py for tasks to queue
[2024-08-05T07:07:08.061+0000] {logging_mixin.py:120} INFO - [2024-08-05T07:07:08.061+0000] {dagbag.py:537} INFO - Filling up the DagBag from /home/airflow/.local/lib/python3.7/site-packages/airflow/example_dags/plugins/workday.py
[2024-08-05T07:07:08.065+0000] {processor.py:768} WARNING - No viable dags retrieved from /home/airflow/.local/lib/python3.7/site-packages/airflow/example_dags/plugins/workday.py
[2024-08-05T07:07:08.093+0000] {processor.py:176} INFO - Processing /home/airflow/.local/lib/python3.7/site-packages/airflow/example_dags/plugins/workday.py took 0.087 seconds
[2024-08-05T07:07:38.885+0000] {processor.py:154} INFO - Started process (PID=8363) to work on /home/airflow/.local/lib/python3.7/site-packages/airflow/example_dags/plugins/workday.py
[2024-08-05T07:07:38.887+0000] {processor.py:756} INFO - Processing file /home/airflow/.local/lib/python3.7/site-packages/airflow/example_dags/plugins/workday.py for tasks to queue
[2024-08-05T07:07:38.889+0000] {logging_mixin.py:120} INFO - [2024-08-05T07:07:38.889+0000] {dagbag.py:537} INFO - Filling up the DagBag from /home/airflow/.local/lib/python3.7/site-packages/airflow/example_dags/plugins/workday.py
[2024-08-05T07:07:38.894+0000] {processor.py:768} WARNING - No viable dags retrieved from /home/airflow/.local/lib/python3.7/site-packages/airflow/example_dags/plugins/workday.py
[2024-08-05T07:07:38.918+0000] {processor.py:176} INFO - Processing /home/airflow/.local/lib/python3.7/site-packages/airflow/example_dags/plugins/workday.py took 0.037 seconds
[2024-08-05T07:08:09.149+0000] {processor.py:154} INFO - Started process (PID=8421) to work on /home/airflow/.local/lib/python3.7/site-packages/airflow/example_dags/plugins/workday.py
[2024-08-05T07:08:09.151+0000] {processor.py:756} INFO - Processing file /home/airflow/.local/lib/python3.7/site-packages/airflow/example_dags/plugins/workday.py for tasks to queue
[2024-08-05T07:08:09.152+0000] {logging_mixin.py:120} INFO - [2024-08-05T07:08:09.152+0000] {dagbag.py:537} INFO - Filling up the DagBag from /home/airflow/.local/lib/python3.7/site-packages/airflow/example_dags/plugins/workday.py
[2024-08-05T07:08:09.165+0000] {processor.py:768} WARNING - No viable dags retrieved from /home/airflow/.local/lib/python3.7/site-packages/airflow/example_dags/plugins/workday.py
[2024-08-05T07:08:09.192+0000] {processor.py:176} INFO - Processing /home/airflow/.local/lib/python3.7/site-packages/airflow/example_dags/plugins/workday.py took 0.047 seconds
[2024-08-05T07:08:39.454+0000] {processor.py:154} INFO - Started process (PID=8487) to work on /home/airflow/.local/lib/python3.7/site-packages/airflow/example_dags/plugins/workday.py
[2024-08-05T07:08:39.456+0000] {processor.py:756} INFO - Processing file /home/airflow/.local/lib/python3.7/site-packages/airflow/example_dags/plugins/workday.py for tasks to queue
[2024-08-05T07:08:39.457+0000] {logging_mixin.py:120} INFO - [2024-08-05T07:08:39.457+0000] {dagbag.py:537} INFO - Filling up the DagBag from /home/airflow/.local/lib/python3.7/site-packages/airflow/example_dags/plugins/workday.py
[2024-08-05T07:08:39.459+0000] {processor.py:768} WARNING - No viable dags retrieved from /home/airflow/.local/lib/python3.7/site-packages/airflow/example_dags/plugins/workday.py
[2024-08-05T07:08:39.480+0000] {processor.py:176} INFO - Processing /home/airflow/.local/lib/python3.7/site-packages/airflow/example_dags/plugins/workday.py took 0.030 seconds
[2024-08-05T07:09:10.014+0000] {processor.py:154} INFO - Started process (PID=8545) to work on /home/airflow/.local/lib/python3.7/site-packages/airflow/example_dags/plugins/workday.py
[2024-08-05T07:09:10.019+0000] {processor.py:756} INFO - Processing file /home/airflow/.local/lib/python3.7/site-packages/airflow/example_dags/plugins/workday.py for tasks to queue
[2024-08-05T07:09:10.021+0000] {logging_mixin.py:120} INFO - [2024-08-05T07:09:10.020+0000] {dagbag.py:537} INFO - Filling up the DagBag from /home/airflow/.local/lib/python3.7/site-packages/airflow/example_dags/plugins/workday.py
[2024-08-05T07:09:10.029+0000] {processor.py:768} WARNING - No viable dags retrieved from /home/airflow/.local/lib/python3.7/site-packages/airflow/example_dags/plugins/workday.py
[2024-08-05T07:09:10.057+0000] {processor.py:176} INFO - Processing /home/airflow/.local/lib/python3.7/site-packages/airflow/example_dags/plugins/workday.py took 0.050 seconds
[2024-08-05T07:09:40.628+0000] {processor.py:154} INFO - Started process (PID=8621) to work on /home/airflow/.local/lib/python3.7/site-packages/airflow/example_dags/plugins/workday.py
[2024-08-05T07:09:40.630+0000] {processor.py:756} INFO - Processing file /home/airflow/.local/lib/python3.7/site-packages/airflow/example_dags/plugins/workday.py for tasks to queue
[2024-08-05T07:09:40.631+0000] {logging_mixin.py:120} INFO - [2024-08-05T07:09:40.631+0000] {dagbag.py:537} INFO - Filling up the DagBag from /home/airflow/.local/lib/python3.7/site-packages/airflow/example_dags/plugins/workday.py
[2024-08-05T07:09:40.633+0000] {processor.py:768} WARNING - No viable dags retrieved from /home/airflow/.local/lib/python3.7/site-packages/airflow/example_dags/plugins/workday.py
[2024-08-05T07:09:40.657+0000] {processor.py:176} INFO - Processing /home/airflow/.local/lib/python3.7/site-packages/airflow/example_dags/plugins/workday.py took 0.034 seconds
[2024-08-05T07:10:11.203+0000] {processor.py:154} INFO - Started process (PID=8688) to work on /home/airflow/.local/lib/python3.7/site-packages/airflow/example_dags/plugins/workday.py
[2024-08-05T07:10:11.210+0000] {processor.py:756} INFO - Processing file /home/airflow/.local/lib/python3.7/site-packages/airflow/example_dags/plugins/workday.py for tasks to queue
[2024-08-05T07:10:11.212+0000] {logging_mixin.py:120} INFO - [2024-08-05T07:10:11.212+0000] {dagbag.py:537} INFO - Filling up the DagBag from /home/airflow/.local/lib/python3.7/site-packages/airflow/example_dags/plugins/workday.py
[2024-08-05T07:10:11.216+0000] {processor.py:768} WARNING - No viable dags retrieved from /home/airflow/.local/lib/python3.7/site-packages/airflow/example_dags/plugins/workday.py
[2024-08-05T07:10:11.241+0000] {processor.py:176} INFO - Processing /home/airflow/.local/lib/python3.7/site-packages/airflow/example_dags/plugins/workday.py took 0.043 seconds
[2024-08-05T07:10:41.960+0000] {processor.py:154} INFO - Started process (PID=8750) to work on /home/airflow/.local/lib/python3.7/site-packages/airflow/example_dags/plugins/workday.py
[2024-08-05T07:10:41.962+0000] {processor.py:756} INFO - Processing file /home/airflow/.local/lib/python3.7/site-packages/airflow/example_dags/plugins/workday.py for tasks to queue
[2024-08-05T07:10:41.963+0000] {logging_mixin.py:120} INFO - [2024-08-05T07:10:41.963+0000] {dagbag.py:537} INFO - Filling up the DagBag from /home/airflow/.local/lib/python3.7/site-packages/airflow/example_dags/plugins/workday.py
[2024-08-05T07:10:41.964+0000] {processor.py:768} WARNING - No viable dags retrieved from /home/airflow/.local/lib/python3.7/site-packages/airflow/example_dags/plugins/workday.py
[2024-08-05T07:10:41.978+0000] {processor.py:176} INFO - Processing /home/airflow/.local/lib/python3.7/site-packages/airflow/example_dags/plugins/workday.py took 0.020 seconds
[2024-08-05T07:11:13.256+0000] {processor.py:154} INFO - Started process (PID=8817) to work on /home/airflow/.local/lib/python3.7/site-packages/airflow/example_dags/plugins/workday.py
[2024-08-05T07:11:13.397+0000] {processor.py:756} INFO - Processing file /home/airflow/.local/lib/python3.7/site-packages/airflow/example_dags/plugins/workday.py for tasks to queue
[2024-08-05T07:11:13.415+0000] {logging_mixin.py:120} INFO - [2024-08-05T07:11:13.414+0000] {dagbag.py:537} INFO - Filling up the DagBag from /home/airflow/.local/lib/python3.7/site-packages/airflow/example_dags/plugins/workday.py
[2024-08-05T07:11:13.420+0000] {processor.py:768} WARNING - No viable dags retrieved from /home/airflow/.local/lib/python3.7/site-packages/airflow/example_dags/plugins/workday.py
[2024-08-05T07:11:13.434+0000] {processor.py:176} INFO - Processing /home/airflow/.local/lib/python3.7/site-packages/airflow/example_dags/plugins/workday.py took 0.181 seconds
[2024-08-05T07:11:44.162+0000] {processor.py:154} INFO - Started process (PID=8876) to work on /home/airflow/.local/lib/python3.7/site-packages/airflow/example_dags/plugins/workday.py
[2024-08-05T07:11:44.168+0000] {processor.py:756} INFO - Processing file /home/airflow/.local/lib/python3.7/site-packages/airflow/example_dags/plugins/workday.py for tasks to queue
[2024-08-05T07:11:44.171+0000] {logging_mixin.py:120} INFO - [2024-08-05T07:11:44.170+0000] {dagbag.py:537} INFO - Filling up the DagBag from /home/airflow/.local/lib/python3.7/site-packages/airflow/example_dags/plugins/workday.py
[2024-08-05T07:11:44.174+0000] {processor.py:768} WARNING - No viable dags retrieved from /home/airflow/.local/lib/python3.7/site-packages/airflow/example_dags/plugins/workday.py
[2024-08-05T07:11:44.206+0000] {processor.py:176} INFO - Processing /home/airflow/.local/lib/python3.7/site-packages/airflow/example_dags/plugins/workday.py took 0.048 seconds
[2024-08-05T07:12:14.574+0000] {processor.py:154} INFO - Started process (PID=8943) to work on /home/airflow/.local/lib/python3.7/site-packages/airflow/example_dags/plugins/workday.py
[2024-08-05T07:12:14.575+0000] {processor.py:756} INFO - Processing file /home/airflow/.local/lib/python3.7/site-packages/airflow/example_dags/plugins/workday.py for tasks to queue
[2024-08-05T07:12:14.577+0000] {logging_mixin.py:120} INFO - [2024-08-05T07:12:14.577+0000] {dagbag.py:537} INFO - Filling up the DagBag from /home/airflow/.local/lib/python3.7/site-packages/airflow/example_dags/plugins/workday.py
[2024-08-05T07:12:14.578+0000] {processor.py:768} WARNING - No viable dags retrieved from /home/airflow/.local/lib/python3.7/site-packages/airflow/example_dags/plugins/workday.py
[2024-08-05T07:12:14.594+0000] {processor.py:176} INFO - Processing /home/airflow/.local/lib/python3.7/site-packages/airflow/example_dags/plugins/workday.py took 0.023 seconds
[2024-08-05T07:12:45.651+0000] {processor.py:154} INFO - Started process (PID=9010) to work on /home/airflow/.local/lib/python3.7/site-packages/airflow/example_dags/plugins/workday.py
[2024-08-05T07:12:45.652+0000] {processor.py:756} INFO - Processing file /home/airflow/.local/lib/python3.7/site-packages/airflow/example_dags/plugins/workday.py for tasks to queue
[2024-08-05T07:12:45.653+0000] {logging_mixin.py:120} INFO - [2024-08-05T07:12:45.653+0000] {dagbag.py:537} INFO - Filling up the DagBag from /home/airflow/.local/lib/python3.7/site-packages/airflow/example_dags/plugins/workday.py
[2024-08-05T07:12:45.656+0000] {processor.py:768} WARNING - No viable dags retrieved from /home/airflow/.local/lib/python3.7/site-packages/airflow/example_dags/plugins/workday.py
[2024-08-05T07:12:45.672+0000] {processor.py:176} INFO - Processing /home/airflow/.local/lib/python3.7/site-packages/airflow/example_dags/plugins/workday.py took 0.025 seconds
[2024-08-05T07:13:17.435+0000] {processor.py:154} INFO - Started process (PID=9076) to work on /home/airflow/.local/lib/python3.7/site-packages/airflow/example_dags/plugins/workday.py
[2024-08-05T07:13:17.436+0000] {processor.py:756} INFO - Processing file /home/airflow/.local/lib/python3.7/site-packages/airflow/example_dags/plugins/workday.py for tasks to queue
[2024-08-05T07:13:17.437+0000] {logging_mixin.py:120} INFO - [2024-08-05T07:13:17.437+0000] {dagbag.py:537} INFO - Filling up the DagBag from /home/airflow/.local/lib/python3.7/site-packages/airflow/example_dags/plugins/workday.py
[2024-08-05T07:13:17.439+0000] {processor.py:768} WARNING - No viable dags retrieved from /home/airflow/.local/lib/python3.7/site-packages/airflow/example_dags/plugins/workday.py
[2024-08-05T07:13:17.461+0000] {processor.py:176} INFO - Processing /home/airflow/.local/lib/python3.7/site-packages/airflow/example_dags/plugins/workday.py took 0.029 seconds
[2024-08-05T07:13:48.133+0000] {processor.py:154} INFO - Started process (PID=9136) to work on /home/airflow/.local/lib/python3.7/site-packages/airflow/example_dags/plugins/workday.py
[2024-08-05T07:13:48.134+0000] {processor.py:756} INFO - Processing file /home/airflow/.local/lib/python3.7/site-packages/airflow/example_dags/plugins/workday.py for tasks to queue
[2024-08-05T07:13:48.135+0000] {logging_mixin.py:120} INFO - [2024-08-05T07:13:48.134+0000] {dagbag.py:537} INFO - Filling up the DagBag from /home/airflow/.local/lib/python3.7/site-packages/airflow/example_dags/plugins/workday.py
[2024-08-05T07:13:48.136+0000] {processor.py:768} WARNING - No viable dags retrieved from /home/airflow/.local/lib/python3.7/site-packages/airflow/example_dags/plugins/workday.py
[2024-08-05T07:13:48.155+0000] {processor.py:176} INFO - Processing /home/airflow/.local/lib/python3.7/site-packages/airflow/example_dags/plugins/workday.py took 0.026 seconds
[2024-08-05T07:14:19.481+0000] {processor.py:154} INFO - Started process (PID=9204) to work on /home/airflow/.local/lib/python3.7/site-packages/airflow/example_dags/plugins/workday.py
[2024-08-05T07:14:19.483+0000] {processor.py:756} INFO - Processing file /home/airflow/.local/lib/python3.7/site-packages/airflow/example_dags/plugins/workday.py for tasks to queue
[2024-08-05T07:14:19.485+0000] {logging_mixin.py:120} INFO - [2024-08-05T07:14:19.485+0000] {dagbag.py:537} INFO - Filling up the DagBag from /home/airflow/.local/lib/python3.7/site-packages/airflow/example_dags/plugins/workday.py
[2024-08-05T07:14:19.489+0000] {processor.py:768} WARNING - No viable dags retrieved from /home/airflow/.local/lib/python3.7/site-packages/airflow/example_dags/plugins/workday.py
[2024-08-05T07:14:19.513+0000] {processor.py:176} INFO - Processing /home/airflow/.local/lib/python3.7/site-packages/airflow/example_dags/plugins/workday.py took 0.037 seconds
[2024-08-05T07:14:50.307+0000] {processor.py:154} INFO - Started process (PID=9264) to work on /home/airflow/.local/lib/python3.7/site-packages/airflow/example_dags/plugins/workday.py
[2024-08-05T07:14:50.309+0000] {processor.py:756} INFO - Processing file /home/airflow/.local/lib/python3.7/site-packages/airflow/example_dags/plugins/workday.py for tasks to queue
[2024-08-05T07:14:50.311+0000] {logging_mixin.py:120} INFO - [2024-08-05T07:14:50.311+0000] {dagbag.py:537} INFO - Filling up the DagBag from /home/airflow/.local/lib/python3.7/site-packages/airflow/example_dags/plugins/workday.py
[2024-08-05T07:14:50.313+0000] {processor.py:768} WARNING - No viable dags retrieved from /home/airflow/.local/lib/python3.7/site-packages/airflow/example_dags/plugins/workday.py
[2024-08-05T07:14:50.329+0000] {processor.py:176} INFO - Processing /home/airflow/.local/lib/python3.7/site-packages/airflow/example_dags/plugins/workday.py took 0.027 seconds
[2024-08-05T07:15:21.452+0000] {processor.py:154} INFO - Started process (PID=9331) to work on /home/airflow/.local/lib/python3.7/site-packages/airflow/example_dags/plugins/workday.py
[2024-08-05T07:15:21.453+0000] {processor.py:756} INFO - Processing file /home/airflow/.local/lib/python3.7/site-packages/airflow/example_dags/plugins/workday.py for tasks to queue
[2024-08-05T07:15:21.454+0000] {logging_mixin.py:120} INFO - [2024-08-05T07:15:21.453+0000] {dagbag.py:537} INFO - Filling up the DagBag from /home/airflow/.local/lib/python3.7/site-packages/airflow/example_dags/plugins/workday.py
[2024-08-05T07:15:21.455+0000] {processor.py:768} WARNING - No viable dags retrieved from /home/airflow/.local/lib/python3.7/site-packages/airflow/example_dags/plugins/workday.py
[2024-08-05T07:15:21.473+0000] {processor.py:176} INFO - Processing /home/airflow/.local/lib/python3.7/site-packages/airflow/example_dags/plugins/workday.py took 0.024 seconds
[2024-08-05T07:15:52.630+0000] {processor.py:154} INFO - Started process (PID=9398) to work on /home/airflow/.local/lib/python3.7/site-packages/airflow/example_dags/plugins/workday.py
[2024-08-05T07:15:52.631+0000] {processor.py:756} INFO - Processing file /home/airflow/.local/lib/python3.7/site-packages/airflow/example_dags/plugins/workday.py for tasks to queue
[2024-08-05T07:15:52.632+0000] {logging_mixin.py:120} INFO - [2024-08-05T07:15:52.632+0000] {dagbag.py:537} INFO - Filling up the DagBag from /home/airflow/.local/lib/python3.7/site-packages/airflow/example_dags/plugins/workday.py
[2024-08-05T07:15:52.634+0000] {processor.py:768} WARNING - No viable dags retrieved from /home/airflow/.local/lib/python3.7/site-packages/airflow/example_dags/plugins/workday.py
[2024-08-05T07:15:52.650+0000] {processor.py:176} INFO - Processing /home/airflow/.local/lib/python3.7/site-packages/airflow/example_dags/plugins/workday.py took 0.023 seconds
[2024-08-05T07:16:23.845+0000] {processor.py:154} INFO - Started process (PID=9465) to work on /home/airflow/.local/lib/python3.7/site-packages/airflow/example_dags/plugins/workday.py
[2024-08-05T07:16:23.858+0000] {processor.py:756} INFO - Processing file /home/airflow/.local/lib/python3.7/site-packages/airflow/example_dags/plugins/workday.py for tasks to queue
[2024-08-05T07:16:23.864+0000] {logging_mixin.py:120} INFO - [2024-08-05T07:16:23.864+0000] {dagbag.py:537} INFO - Filling up the DagBag from /home/airflow/.local/lib/python3.7/site-packages/airflow/example_dags/plugins/workday.py
[2024-08-05T07:16:23.868+0000] {processor.py:768} WARNING - No viable dags retrieved from /home/airflow/.local/lib/python3.7/site-packages/airflow/example_dags/plugins/workday.py
[2024-08-05T07:16:23.896+0000] {processor.py:176} INFO - Processing /home/airflow/.local/lib/python3.7/site-packages/airflow/example_dags/plugins/workday.py took 0.058 seconds
[2024-08-05T07:16:55.370+0000] {processor.py:154} INFO - Started process (PID=9523) to work on /home/airflow/.local/lib/python3.7/site-packages/airflow/example_dags/plugins/workday.py
[2024-08-05T07:16:55.376+0000] {processor.py:756} INFO - Processing file /home/airflow/.local/lib/python3.7/site-packages/airflow/example_dags/plugins/workday.py for tasks to queue
[2024-08-05T07:16:55.379+0000] {logging_mixin.py:120} INFO - [2024-08-05T07:16:55.379+0000] {dagbag.py:537} INFO - Filling up the DagBag from /home/airflow/.local/lib/python3.7/site-packages/airflow/example_dags/plugins/workday.py
[2024-08-05T07:16:55.382+0000] {processor.py:768} WARNING - No viable dags retrieved from /home/airflow/.local/lib/python3.7/site-packages/airflow/example_dags/plugins/workday.py
[2024-08-05T07:16:55.400+0000] {processor.py:176} INFO - Processing /home/airflow/.local/lib/python3.7/site-packages/airflow/example_dags/plugins/workday.py took 0.034 seconds
[2024-08-05T07:17:25.781+0000] {processor.py:154} INFO - Started process (PID=9590) to work on /home/airflow/.local/lib/python3.7/site-packages/airflow/example_dags/plugins/workday.py
[2024-08-05T07:17:25.783+0000] {processor.py:756} INFO - Processing file /home/airflow/.local/lib/python3.7/site-packages/airflow/example_dags/plugins/workday.py for tasks to queue
[2024-08-05T07:17:25.785+0000] {logging_mixin.py:120} INFO - [2024-08-05T07:17:25.784+0000] {dagbag.py:537} INFO - Filling up the DagBag from /home/airflow/.local/lib/python3.7/site-packages/airflow/example_dags/plugins/workday.py
[2024-08-05T07:17:25.787+0000] {processor.py:768} WARNING - No viable dags retrieved from /home/airflow/.local/lib/python3.7/site-packages/airflow/example_dags/plugins/workday.py
[2024-08-05T07:17:25.825+0000] {processor.py:176} INFO - Processing /home/airflow/.local/lib/python3.7/site-packages/airflow/example_dags/plugins/workday.py took 0.050 seconds
[2024-08-05T07:17:56.238+0000] {processor.py:154} INFO - Started process (PID=9648) to work on /home/airflow/.local/lib/python3.7/site-packages/airflow/example_dags/plugins/workday.py
[2024-08-05T07:17:56.240+0000] {processor.py:756} INFO - Processing file /home/airflow/.local/lib/python3.7/site-packages/airflow/example_dags/plugins/workday.py for tasks to queue
[2024-08-05T07:17:56.242+0000] {logging_mixin.py:120} INFO - [2024-08-05T07:17:56.241+0000] {dagbag.py:537} INFO - Filling up the DagBag from /home/airflow/.local/lib/python3.7/site-packages/airflow/example_dags/plugins/workday.py
[2024-08-05T07:17:56.243+0000] {processor.py:768} WARNING - No viable dags retrieved from /home/airflow/.local/lib/python3.7/site-packages/airflow/example_dags/plugins/workday.py
[2024-08-05T07:17:56.260+0000] {processor.py:176} INFO - Processing /home/airflow/.local/lib/python3.7/site-packages/airflow/example_dags/plugins/workday.py took 0.024 seconds
[2024-08-05T07:18:27.223+0000] {processor.py:154} INFO - Started process (PID=9715) to work on /home/airflow/.local/lib/python3.7/site-packages/airflow/example_dags/plugins/workday.py
[2024-08-05T07:18:27.224+0000] {processor.py:756} INFO - Processing file /home/airflow/.local/lib/python3.7/site-packages/airflow/example_dags/plugins/workday.py for tasks to queue
[2024-08-05T07:18:27.226+0000] {logging_mixin.py:120} INFO - [2024-08-05T07:18:27.226+0000] {dagbag.py:537} INFO - Filling up the DagBag from /home/airflow/.local/lib/python3.7/site-packages/airflow/example_dags/plugins/workday.py
[2024-08-05T07:18:27.228+0000] {processor.py:768} WARNING - No viable dags retrieved from /home/airflow/.local/lib/python3.7/site-packages/airflow/example_dags/plugins/workday.py
[2024-08-05T07:18:27.244+0000] {processor.py:176} INFO - Processing /home/airflow/.local/lib/python3.7/site-packages/airflow/example_dags/plugins/workday.py took 0.024 seconds
[2024-08-05T07:18:59.002+0000] {processor.py:154} INFO - Started process (PID=9782) to work on /home/airflow/.local/lib/python3.7/site-packages/airflow/example_dags/plugins/workday.py
[2024-08-05T07:18:59.010+0000] {processor.py:756} INFO - Processing file /home/airflow/.local/lib/python3.7/site-packages/airflow/example_dags/plugins/workday.py for tasks to queue
[2024-08-05T07:18:59.011+0000] {logging_mixin.py:120} INFO - [2024-08-05T07:18:59.011+0000] {dagbag.py:537} INFO - Filling up the DagBag from /home/airflow/.local/lib/python3.7/site-packages/airflow/example_dags/plugins/workday.py
[2024-08-05T07:18:59.013+0000] {processor.py:768} WARNING - No viable dags retrieved from /home/airflow/.local/lib/python3.7/site-packages/airflow/example_dags/plugins/workday.py
[2024-08-05T07:18:59.030+0000] {processor.py:176} INFO - Processing /home/airflow/.local/lib/python3.7/site-packages/airflow/example_dags/plugins/workday.py took 0.031 seconds
[2024-08-05T07:19:29.838+0000] {processor.py:154} INFO - Started process (PID=9839) to work on /home/airflow/.local/lib/python3.7/site-packages/airflow/example_dags/plugins/workday.py
[2024-08-05T07:19:29.839+0000] {processor.py:756} INFO - Processing file /home/airflow/.local/lib/python3.7/site-packages/airflow/example_dags/plugins/workday.py for tasks to queue
[2024-08-05T07:19:29.852+0000] {logging_mixin.py:120} INFO - [2024-08-05T07:19:29.852+0000] {dagbag.py:537} INFO - Filling up the DagBag from /home/airflow/.local/lib/python3.7/site-packages/airflow/example_dags/plugins/workday.py
[2024-08-05T07:19:29.866+0000] {processor.py:768} WARNING - No viable dags retrieved from /home/airflow/.local/lib/python3.7/site-packages/airflow/example_dags/plugins/workday.py
[2024-08-05T07:19:29.914+0000] {processor.py:176} INFO - Processing /home/airflow/.local/lib/python3.7/site-packages/airflow/example_dags/plugins/workday.py took 0.080 seconds
[2024-08-05T07:20:00.391+0000] {processor.py:154} INFO - Started process (PID=9906) to work on /home/airflow/.local/lib/python3.7/site-packages/airflow/example_dags/plugins/workday.py
[2024-08-05T07:20:00.392+0000] {processor.py:756} INFO - Processing file /home/airflow/.local/lib/python3.7/site-packages/airflow/example_dags/plugins/workday.py for tasks to queue
[2024-08-05T07:20:00.393+0000] {logging_mixin.py:120} INFO - [2024-08-05T07:20:00.393+0000] {dagbag.py:537} INFO - Filling up the DagBag from /home/airflow/.local/lib/python3.7/site-packages/airflow/example_dags/plugins/workday.py
[2024-08-05T07:20:00.395+0000] {processor.py:768} WARNING - No viable dags retrieved from /home/airflow/.local/lib/python3.7/site-packages/airflow/example_dags/plugins/workday.py
[2024-08-05T07:20:00.413+0000] {processor.py:176} INFO - Processing /home/airflow/.local/lib/python3.7/site-packages/airflow/example_dags/plugins/workday.py took 0.025 seconds
[2024-08-05T07:20:31.450+0000] {processor.py:154} INFO - Started process (PID=9973) to work on /home/airflow/.local/lib/python3.7/site-packages/airflow/example_dags/plugins/workday.py
[2024-08-05T07:20:31.452+0000] {processor.py:756} INFO - Processing file /home/airflow/.local/lib/python3.7/site-packages/airflow/example_dags/plugins/workday.py for tasks to queue
[2024-08-05T07:20:31.453+0000] {logging_mixin.py:120} INFO - [2024-08-05T07:20:31.453+0000] {dagbag.py:537} INFO - Filling up the DagBag from /home/airflow/.local/lib/python3.7/site-packages/airflow/example_dags/plugins/workday.py
[2024-08-05T07:20:31.455+0000] {processor.py:768} WARNING - No viable dags retrieved from /home/airflow/.local/lib/python3.7/site-packages/airflow/example_dags/plugins/workday.py
[2024-08-05T07:20:31.484+0000] {processor.py:176} INFO - Processing /home/airflow/.local/lib/python3.7/site-packages/airflow/example_dags/plugins/workday.py took 0.037 seconds
[2024-08-05T07:21:02.457+0000] {processor.py:154} INFO - Started process (PID=10033) to work on /home/airflow/.local/lib/python3.7/site-packages/airflow/example_dags/plugins/workday.py
[2024-08-05T07:21:02.459+0000] {processor.py:756} INFO - Processing file /home/airflow/.local/lib/python3.7/site-packages/airflow/example_dags/plugins/workday.py for tasks to queue
[2024-08-05T07:21:02.461+0000] {logging_mixin.py:120} INFO - [2024-08-05T07:21:02.461+0000] {dagbag.py:537} INFO - Filling up the DagBag from /home/airflow/.local/lib/python3.7/site-packages/airflow/example_dags/plugins/workday.py
[2024-08-05T07:21:02.468+0000] {processor.py:768} WARNING - No viable dags retrieved from /home/airflow/.local/lib/python3.7/site-packages/airflow/example_dags/plugins/workday.py
[2024-08-05T07:21:02.485+0000] {processor.py:176} INFO - Processing /home/airflow/.local/lib/python3.7/site-packages/airflow/example_dags/plugins/workday.py took 0.032 seconds
[2024-08-05T07:21:33.079+0000] {processor.py:154} INFO - Started process (PID=10100) to work on /home/airflow/.local/lib/python3.7/site-packages/airflow/example_dags/plugins/workday.py
[2024-08-05T07:21:33.081+0000] {processor.py:756} INFO - Processing file /home/airflow/.local/lib/python3.7/site-packages/airflow/example_dags/plugins/workday.py for tasks to queue
[2024-08-05T07:21:33.082+0000] {logging_mixin.py:120} INFO - [2024-08-05T07:21:33.082+0000] {dagbag.py:537} INFO - Filling up the DagBag from /home/airflow/.local/lib/python3.7/site-packages/airflow/example_dags/plugins/workday.py
[2024-08-05T07:21:33.084+0000] {processor.py:768} WARNING - No viable dags retrieved from /home/airflow/.local/lib/python3.7/site-packages/airflow/example_dags/plugins/workday.py
[2024-08-05T07:21:33.105+0000] {processor.py:176} INFO - Processing /home/airflow/.local/lib/python3.7/site-packages/airflow/example_dags/plugins/workday.py took 0.030 seconds
[2024-08-05T07:22:04.383+0000] {processor.py:154} INFO - Started process (PID=10167) to work on /home/airflow/.local/lib/python3.7/site-packages/airflow/example_dags/plugins/workday.py
[2024-08-05T07:22:04.384+0000] {processor.py:756} INFO - Processing file /home/airflow/.local/lib/python3.7/site-packages/airflow/example_dags/plugins/workday.py for tasks to queue
[2024-08-05T07:22:04.385+0000] {logging_mixin.py:120} INFO - [2024-08-05T07:22:04.385+0000] {dagbag.py:537} INFO - Filling up the DagBag from /home/airflow/.local/lib/python3.7/site-packages/airflow/example_dags/plugins/workday.py
[2024-08-05T07:22:04.389+0000] {processor.py:768} WARNING - No viable dags retrieved from /home/airflow/.local/lib/python3.7/site-packages/airflow/example_dags/plugins/workday.py
[2024-08-05T07:22:04.408+0000] {processor.py:176} INFO - Processing /home/airflow/.local/lib/python3.7/site-packages/airflow/example_dags/plugins/workday.py took 0.028 seconds
[2024-08-05T07:22:35.987+0000] {processor.py:154} INFO - Started process (PID=10226) to work on /home/airflow/.local/lib/python3.7/site-packages/airflow/example_dags/plugins/workday.py
[2024-08-05T07:22:35.988+0000] {processor.py:756} INFO - Processing file /home/airflow/.local/lib/python3.7/site-packages/airflow/example_dags/plugins/workday.py for tasks to queue
[2024-08-05T07:22:35.989+0000] {logging_mixin.py:120} INFO - [2024-08-05T07:22:35.989+0000] {dagbag.py:537} INFO - Filling up the DagBag from /home/airflow/.local/lib/python3.7/site-packages/airflow/example_dags/plugins/workday.py
[2024-08-05T07:22:35.991+0000] {processor.py:768} WARNING - No viable dags retrieved from /home/airflow/.local/lib/python3.7/site-packages/airflow/example_dags/plugins/workday.py
[2024-08-05T07:22:36.010+0000] {processor.py:176} INFO - Processing /home/airflow/.local/lib/python3.7/site-packages/airflow/example_dags/plugins/workday.py took 0.026 seconds
[2024-08-05T07:23:06.954+0000] {processor.py:154} INFO - Started process (PID=10293) to work on /home/airflow/.local/lib/python3.7/site-packages/airflow/example_dags/plugins/workday.py
[2024-08-05T07:23:06.955+0000] {processor.py:756} INFO - Processing file /home/airflow/.local/lib/python3.7/site-packages/airflow/example_dags/plugins/workday.py for tasks to queue
[2024-08-05T07:23:06.956+0000] {logging_mixin.py:120} INFO - [2024-08-05T07:23:06.956+0000] {dagbag.py:537} INFO - Filling up the DagBag from /home/airflow/.local/lib/python3.7/site-packages/airflow/example_dags/plugins/workday.py
[2024-08-05T07:23:06.957+0000] {processor.py:768} WARNING - No viable dags retrieved from /home/airflow/.local/lib/python3.7/site-packages/airflow/example_dags/plugins/workday.py
[2024-08-05T07:23:06.972+0000] {processor.py:176} INFO - Processing /home/airflow/.local/lib/python3.7/site-packages/airflow/example_dags/plugins/workday.py took 0.022 seconds
[2024-08-05T07:23:38.932+0000] {processor.py:154} INFO - Started process (PID=10360) to work on /home/airflow/.local/lib/python3.7/site-packages/airflow/example_dags/plugins/workday.py
[2024-08-05T07:23:38.934+0000] {processor.py:756} INFO - Processing file /home/airflow/.local/lib/python3.7/site-packages/airflow/example_dags/plugins/workday.py for tasks to queue
[2024-08-05T07:23:38.936+0000] {logging_mixin.py:120} INFO - [2024-08-05T07:23:38.935+0000] {dagbag.py:537} INFO - Filling up the DagBag from /home/airflow/.local/lib/python3.7/site-packages/airflow/example_dags/plugins/workday.py
[2024-08-05T07:23:38.938+0000] {processor.py:768} WARNING - No viable dags retrieved from /home/airflow/.local/lib/python3.7/site-packages/airflow/example_dags/plugins/workday.py
[2024-08-05T07:23:38.959+0000] {processor.py:176} INFO - Processing /home/airflow/.local/lib/python3.7/site-packages/airflow/example_dags/plugins/workday.py took 0.030 seconds
[2024-08-05T08:25:29.744+0000] {processor.py:154} INFO - Started process (PID=10470) to work on /home/airflow/.local/lib/python3.7/site-packages/airflow/example_dags/plugins/workday.py
[2024-08-05T08:25:29.746+0000] {processor.py:756} INFO - Processing file /home/airflow/.local/lib/python3.7/site-packages/airflow/example_dags/plugins/workday.py for tasks to queue
[2024-08-05T08:25:29.752+0000] {logging_mixin.py:120} INFO - [2024-08-05T08:25:29.751+0000] {dagbag.py:537} INFO - Filling up the DagBag from /home/airflow/.local/lib/python3.7/site-packages/airflow/example_dags/plugins/workday.py
[2024-08-05T08:25:29.757+0000] {processor.py:768} WARNING - No viable dags retrieved from /home/airflow/.local/lib/python3.7/site-packages/airflow/example_dags/plugins/workday.py
[2024-08-05T08:25:29.795+0000] {processor.py:176} INFO - Processing /home/airflow/.local/lib/python3.7/site-packages/airflow/example_dags/plugins/workday.py took 0.055 seconds
[2024-08-05T08:26:01.079+0000] {processor.py:154} INFO - Started process (PID=10531) to work on /home/airflow/.local/lib/python3.7/site-packages/airflow/example_dags/plugins/workday.py
[2024-08-05T08:26:01.080+0000] {processor.py:756} INFO - Processing file /home/airflow/.local/lib/python3.7/site-packages/airflow/example_dags/plugins/workday.py for tasks to queue
[2024-08-05T08:26:01.081+0000] {logging_mixin.py:120} INFO - [2024-08-05T08:26:01.081+0000] {dagbag.py:537} INFO - Filling up the DagBag from /home/airflow/.local/lib/python3.7/site-packages/airflow/example_dags/plugins/workday.py
[2024-08-05T08:26:01.084+0000] {processor.py:768} WARNING - No viable dags retrieved from /home/airflow/.local/lib/python3.7/site-packages/airflow/example_dags/plugins/workday.py
[2024-08-05T08:26:01.102+0000] {processor.py:176} INFO - Processing /home/airflow/.local/lib/python3.7/site-packages/airflow/example_dags/plugins/workday.py took 0.030 seconds
[2024-08-05T08:26:31.495+0000] {processor.py:154} INFO - Started process (PID=10599) to work on /home/airflow/.local/lib/python3.7/site-packages/airflow/example_dags/plugins/workday.py
[2024-08-05T08:26:31.496+0000] {processor.py:756} INFO - Processing file /home/airflow/.local/lib/python3.7/site-packages/airflow/example_dags/plugins/workday.py for tasks to queue
[2024-08-05T08:26:31.497+0000] {logging_mixin.py:120} INFO - [2024-08-05T08:26:31.497+0000] {dagbag.py:537} INFO - Filling up the DagBag from /home/airflow/.local/lib/python3.7/site-packages/airflow/example_dags/plugins/workday.py
[2024-08-05T08:26:31.499+0000] {processor.py:768} WARNING - No viable dags retrieved from /home/airflow/.local/lib/python3.7/site-packages/airflow/example_dags/plugins/workday.py
[2024-08-05T08:26:31.511+0000] {processor.py:176} INFO - Processing /home/airflow/.local/lib/python3.7/site-packages/airflow/example_dags/plugins/workday.py took 0.018 seconds
[2024-08-05T08:27:02.201+0000] {processor.py:154} INFO - Started process (PID=10666) to work on /home/airflow/.local/lib/python3.7/site-packages/airflow/example_dags/plugins/workday.py
[2024-08-05T08:27:02.203+0000] {processor.py:756} INFO - Processing file /home/airflow/.local/lib/python3.7/site-packages/airflow/example_dags/plugins/workday.py for tasks to queue
[2024-08-05T08:27:02.204+0000] {logging_mixin.py:120} INFO - [2024-08-05T08:27:02.204+0000] {dagbag.py:537} INFO - Filling up the DagBag from /home/airflow/.local/lib/python3.7/site-packages/airflow/example_dags/plugins/workday.py
[2024-08-05T08:27:02.206+0000] {processor.py:768} WARNING - No viable dags retrieved from /home/airflow/.local/lib/python3.7/site-packages/airflow/example_dags/plugins/workday.py
[2024-08-05T08:27:02.225+0000] {processor.py:176} INFO - Processing /home/airflow/.local/lib/python3.7/site-packages/airflow/example_dags/plugins/workday.py took 0.028 seconds
[2024-08-05T08:27:33.004+0000] {processor.py:154} INFO - Started process (PID=10733) to work on /home/airflow/.local/lib/python3.7/site-packages/airflow/example_dags/plugins/workday.py
[2024-08-05T08:27:33.006+0000] {processor.py:756} INFO - Processing file /home/airflow/.local/lib/python3.7/site-packages/airflow/example_dags/plugins/workday.py for tasks to queue
[2024-08-05T08:27:33.007+0000] {logging_mixin.py:120} INFO - [2024-08-05T08:27:33.007+0000] {dagbag.py:537} INFO - Filling up the DagBag from /home/airflow/.local/lib/python3.7/site-packages/airflow/example_dags/plugins/workday.py
[2024-08-05T08:27:33.009+0000] {processor.py:768} WARNING - No viable dags retrieved from /home/airflow/.local/lib/python3.7/site-packages/airflow/example_dags/plugins/workday.py
[2024-08-05T08:27:33.019+0000] {processor.py:176} INFO - Processing /home/airflow/.local/lib/python3.7/site-packages/airflow/example_dags/plugins/workday.py took 0.018 seconds
[2024-08-05T08:28:03.439+0000] {processor.py:154} INFO - Started process (PID=10790) to work on /home/airflow/.local/lib/python3.7/site-packages/airflow/example_dags/plugins/workday.py
[2024-08-05T08:28:03.440+0000] {processor.py:756} INFO - Processing file /home/airflow/.local/lib/python3.7/site-packages/airflow/example_dags/plugins/workday.py for tasks to queue
[2024-08-05T08:28:03.441+0000] {logging_mixin.py:120} INFO - [2024-08-05T08:28:03.440+0000] {dagbag.py:537} INFO - Filling up the DagBag from /home/airflow/.local/lib/python3.7/site-packages/airflow/example_dags/plugins/workday.py
[2024-08-05T08:28:03.442+0000] {processor.py:768} WARNING - No viable dags retrieved from /home/airflow/.local/lib/python3.7/site-packages/airflow/example_dags/plugins/workday.py
[2024-08-05T08:28:03.453+0000] {processor.py:176} INFO - Processing /home/airflow/.local/lib/python3.7/site-packages/airflow/example_dags/plugins/workday.py took 0.016 seconds
[2024-08-05T08:28:38.037+0000] {processor.py:154} INFO - Started process (PID=10873) to work on /home/airflow/.local/lib/python3.7/site-packages/airflow/example_dags/plugins/workday.py
[2024-08-05T08:28:38.038+0000] {processor.py:756} INFO - Processing file /home/airflow/.local/lib/python3.7/site-packages/airflow/example_dags/plugins/workday.py for tasks to queue
[2024-08-05T08:28:38.039+0000] {logging_mixin.py:120} INFO - [2024-08-05T08:28:38.039+0000] {dagbag.py:537} INFO - Filling up the DagBag from /home/airflow/.local/lib/python3.7/site-packages/airflow/example_dags/plugins/workday.py
[2024-08-05T08:28:38.040+0000] {processor.py:768} WARNING - No viable dags retrieved from /home/airflow/.local/lib/python3.7/site-packages/airflow/example_dags/plugins/workday.py
[2024-08-05T08:28:38.053+0000] {processor.py:176} INFO - Processing /home/airflow/.local/lib/python3.7/site-packages/airflow/example_dags/plugins/workday.py took 0.018 seconds
[2024-08-05T08:29:10.219+0000] {processor.py:154} INFO - Started process (PID=10948) to work on /home/airflow/.local/lib/python3.7/site-packages/airflow/example_dags/plugins/workday.py
[2024-08-05T08:29:10.220+0000] {processor.py:756} INFO - Processing file /home/airflow/.local/lib/python3.7/site-packages/airflow/example_dags/plugins/workday.py for tasks to queue
[2024-08-05T08:29:10.221+0000] {logging_mixin.py:120} INFO - [2024-08-05T08:29:10.221+0000] {dagbag.py:537} INFO - Filling up the DagBag from /home/airflow/.local/lib/python3.7/site-packages/airflow/example_dags/plugins/workday.py
[2024-08-05T08:29:10.223+0000] {processor.py:768} WARNING - No viable dags retrieved from /home/airflow/.local/lib/python3.7/site-packages/airflow/example_dags/plugins/workday.py
[2024-08-05T08:29:10.238+0000] {processor.py:176} INFO - Processing /home/airflow/.local/lib/python3.7/site-packages/airflow/example_dags/plugins/workday.py took 0.022 seconds
[2024-08-05T08:29:40.569+0000] {processor.py:154} INFO - Started process (PID=11005) to work on /home/airflow/.local/lib/python3.7/site-packages/airflow/example_dags/plugins/workday.py
[2024-08-05T08:29:40.570+0000] {processor.py:756} INFO - Processing file /home/airflow/.local/lib/python3.7/site-packages/airflow/example_dags/plugins/workday.py for tasks to queue
[2024-08-05T08:29:40.571+0000] {logging_mixin.py:120} INFO - [2024-08-05T08:29:40.571+0000] {dagbag.py:537} INFO - Filling up the DagBag from /home/airflow/.local/lib/python3.7/site-packages/airflow/example_dags/plugins/workday.py
[2024-08-05T08:29:40.572+0000] {processor.py:768} WARNING - No viable dags retrieved from /home/airflow/.local/lib/python3.7/site-packages/airflow/example_dags/plugins/workday.py
[2024-08-05T08:29:40.582+0000] {processor.py:176} INFO - Processing /home/airflow/.local/lib/python3.7/site-packages/airflow/example_dags/plugins/workday.py took 0.017 seconds
[2024-08-05T08:30:11.327+0000] {processor.py:154} INFO - Started process (PID=11072) to work on /home/airflow/.local/lib/python3.7/site-packages/airflow/example_dags/plugins/workday.py
[2024-08-05T08:30:11.329+0000] {processor.py:756} INFO - Processing file /home/airflow/.local/lib/python3.7/site-packages/airflow/example_dags/plugins/workday.py for tasks to queue
[2024-08-05T08:30:11.330+0000] {logging_mixin.py:120} INFO - [2024-08-05T08:30:11.330+0000] {dagbag.py:537} INFO - Filling up the DagBag from /home/airflow/.local/lib/python3.7/site-packages/airflow/example_dags/plugins/workday.py
[2024-08-05T08:30:11.332+0000] {processor.py:768} WARNING - No viable dags retrieved from /home/airflow/.local/lib/python3.7/site-packages/airflow/example_dags/plugins/workday.py
[2024-08-05T08:30:11.346+0000] {processor.py:176} INFO - Processing /home/airflow/.local/lib/python3.7/site-packages/airflow/example_dags/plugins/workday.py took 0.022 seconds
[2024-08-05T08:30:42.397+0000] {processor.py:154} INFO - Started process (PID=11139) to work on /home/airflow/.local/lib/python3.7/site-packages/airflow/example_dags/plugins/workday.py
[2024-08-05T08:30:42.398+0000] {processor.py:756} INFO - Processing file /home/airflow/.local/lib/python3.7/site-packages/airflow/example_dags/plugins/workday.py for tasks to queue
[2024-08-05T08:30:42.399+0000] {logging_mixin.py:120} INFO - [2024-08-05T08:30:42.399+0000] {dagbag.py:537} INFO - Filling up the DagBag from /home/airflow/.local/lib/python3.7/site-packages/airflow/example_dags/plugins/workday.py
[2024-08-05T08:30:42.401+0000] {processor.py:768} WARNING - No viable dags retrieved from /home/airflow/.local/lib/python3.7/site-packages/airflow/example_dags/plugins/workday.py
[2024-08-05T08:30:42.414+0000] {processor.py:176} INFO - Processing /home/airflow/.local/lib/python3.7/site-packages/airflow/example_dags/plugins/workday.py took 0.019 seconds
[2024-08-05T08:31:13.242+0000] {processor.py:154} INFO - Started process (PID=11206) to work on /home/airflow/.local/lib/python3.7/site-packages/airflow/example_dags/plugins/workday.py
[2024-08-05T08:31:13.244+0000] {processor.py:756} INFO - Processing file /home/airflow/.local/lib/python3.7/site-packages/airflow/example_dags/plugins/workday.py for tasks to queue
[2024-08-05T08:31:13.245+0000] {logging_mixin.py:120} INFO - [2024-08-05T08:31:13.245+0000] {dagbag.py:537} INFO - Filling up the DagBag from /home/airflow/.local/lib/python3.7/site-packages/airflow/example_dags/plugins/workday.py
[2024-08-05T08:31:13.247+0000] {processor.py:768} WARNING - No viable dags retrieved from /home/airflow/.local/lib/python3.7/site-packages/airflow/example_dags/plugins/workday.py
[2024-08-05T08:31:13.266+0000] {processor.py:176} INFO - Processing /home/airflow/.local/lib/python3.7/site-packages/airflow/example_dags/plugins/workday.py took 0.026 seconds
[2024-08-05T08:31:43.829+0000] {processor.py:154} INFO - Started process (PID=11269) to work on /home/airflow/.local/lib/python3.7/site-packages/airflow/example_dags/plugins/workday.py
[2024-08-05T08:31:43.830+0000] {processor.py:756} INFO - Processing file /home/airflow/.local/lib/python3.7/site-packages/airflow/example_dags/plugins/workday.py for tasks to queue
[2024-08-05T08:31:43.831+0000] {logging_mixin.py:120} INFO - [2024-08-05T08:31:43.831+0000] {dagbag.py:537} INFO - Filling up the DagBag from /home/airflow/.local/lib/python3.7/site-packages/airflow/example_dags/plugins/workday.py
[2024-08-05T08:31:43.833+0000] {processor.py:768} WARNING - No viable dags retrieved from /home/airflow/.local/lib/python3.7/site-packages/airflow/example_dags/plugins/workday.py
[2024-08-05T08:31:43.856+0000] {processor.py:176} INFO - Processing /home/airflow/.local/lib/python3.7/site-packages/airflow/example_dags/plugins/workday.py took 0.029 seconds
[2024-08-05T08:32:14.540+0000] {processor.py:154} INFO - Started process (PID=11331) to work on /home/airflow/.local/lib/python3.7/site-packages/airflow/example_dags/plugins/workday.py
[2024-08-05T08:32:14.542+0000] {processor.py:756} INFO - Processing file /home/airflow/.local/lib/python3.7/site-packages/airflow/example_dags/plugins/workday.py for tasks to queue
[2024-08-05T08:32:14.543+0000] {logging_mixin.py:120} INFO - [2024-08-05T08:32:14.543+0000] {dagbag.py:537} INFO - Filling up the DagBag from /home/airflow/.local/lib/python3.7/site-packages/airflow/example_dags/plugins/workday.py
[2024-08-05T08:32:14.545+0000] {processor.py:768} WARNING - No viable dags retrieved from /home/airflow/.local/lib/python3.7/site-packages/airflow/example_dags/plugins/workday.py
[2024-08-05T08:32:14.556+0000] {processor.py:176} INFO - Processing /home/airflow/.local/lib/python3.7/site-packages/airflow/example_dags/plugins/workday.py took 0.019 seconds
[2024-08-05T08:32:46.598+0000] {processor.py:154} INFO - Started process (PID=11398) to work on /home/airflow/.local/lib/python3.7/site-packages/airflow/example_dags/plugins/workday.py
[2024-08-05T08:32:46.599+0000] {processor.py:756} INFO - Processing file /home/airflow/.local/lib/python3.7/site-packages/airflow/example_dags/plugins/workday.py for tasks to queue
[2024-08-05T08:32:46.600+0000] {logging_mixin.py:120} INFO - [2024-08-05T08:32:46.600+0000] {dagbag.py:537} INFO - Filling up the DagBag from /home/airflow/.local/lib/python3.7/site-packages/airflow/example_dags/plugins/workday.py
[2024-08-05T08:32:46.602+0000] {processor.py:768} WARNING - No viable dags retrieved from /home/airflow/.local/lib/python3.7/site-packages/airflow/example_dags/plugins/workday.py
[2024-08-05T08:32:46.620+0000] {processor.py:176} INFO - Processing /home/airflow/.local/lib/python3.7/site-packages/airflow/example_dags/plugins/workday.py took 0.027 seconds
[2024-08-05T08:33:19.659+0000] {processor.py:154} INFO - Started process (PID=11466) to work on /home/airflow/.local/lib/python3.7/site-packages/airflow/example_dags/plugins/workday.py
[2024-08-05T08:33:19.661+0000] {processor.py:756} INFO - Processing file /home/airflow/.local/lib/python3.7/site-packages/airflow/example_dags/plugins/workday.py for tasks to queue
[2024-08-05T08:33:19.663+0000] {logging_mixin.py:120} INFO - [2024-08-05T08:33:19.662+0000] {dagbag.py:537} INFO - Filling up the DagBag from /home/airflow/.local/lib/python3.7/site-packages/airflow/example_dags/plugins/workday.py
[2024-08-05T08:33:19.666+0000] {processor.py:768} WARNING - No viable dags retrieved from /home/airflow/.local/lib/python3.7/site-packages/airflow/example_dags/plugins/workday.py
[2024-08-05T08:33:19.685+0000] {processor.py:176} INFO - Processing /home/airflow/.local/lib/python3.7/site-packages/airflow/example_dags/plugins/workday.py took 0.032 seconds
[2024-08-05T08:33:51.494+0000] {processor.py:154} INFO - Started process (PID=11533) to work on /home/airflow/.local/lib/python3.7/site-packages/airflow/example_dags/plugins/workday.py
[2024-08-05T08:33:51.498+0000] {processor.py:756} INFO - Processing file /home/airflow/.local/lib/python3.7/site-packages/airflow/example_dags/plugins/workday.py for tasks to queue
[2024-08-05T08:33:51.501+0000] {logging_mixin.py:120} INFO - [2024-08-05T08:33:51.500+0000] {dagbag.py:537} INFO - Filling up the DagBag from /home/airflow/.local/lib/python3.7/site-packages/airflow/example_dags/plugins/workday.py
[2024-08-05T08:33:51.503+0000] {processor.py:768} WARNING - No viable dags retrieved from /home/airflow/.local/lib/python3.7/site-packages/airflow/example_dags/plugins/workday.py
[2024-08-05T08:33:51.520+0000] {processor.py:176} INFO - Processing /home/airflow/.local/lib/python3.7/site-packages/airflow/example_dags/plugins/workday.py took 0.029 seconds
[2024-08-05T08:34:22.154+0000] {processor.py:154} INFO - Started process (PID=11600) to work on /home/airflow/.local/lib/python3.7/site-packages/airflow/example_dags/plugins/workday.py
[2024-08-05T08:34:22.155+0000] {processor.py:756} INFO - Processing file /home/airflow/.local/lib/python3.7/site-packages/airflow/example_dags/plugins/workday.py for tasks to queue
[2024-08-05T08:34:22.157+0000] {logging_mixin.py:120} INFO - [2024-08-05T08:34:22.157+0000] {dagbag.py:537} INFO - Filling up the DagBag from /home/airflow/.local/lib/python3.7/site-packages/airflow/example_dags/plugins/workday.py
[2024-08-05T08:34:22.158+0000] {processor.py:768} WARNING - No viable dags retrieved from /home/airflow/.local/lib/python3.7/site-packages/airflow/example_dags/plugins/workday.py
[2024-08-05T08:34:22.177+0000] {processor.py:176} INFO - Processing /home/airflow/.local/lib/python3.7/site-packages/airflow/example_dags/plugins/workday.py took 0.026 seconds
[2024-08-05T08:34:53.059+0000] {processor.py:154} INFO - Started process (PID=11667) to work on /home/airflow/.local/lib/python3.7/site-packages/airflow/example_dags/plugins/workday.py
[2024-08-05T08:34:53.063+0000] {processor.py:756} INFO - Processing file /home/airflow/.local/lib/python3.7/site-packages/airflow/example_dags/plugins/workday.py for tasks to queue
[2024-08-05T08:34:53.064+0000] {logging_mixin.py:120} INFO - [2024-08-05T08:34:53.064+0000] {dagbag.py:537} INFO - Filling up the DagBag from /home/airflow/.local/lib/python3.7/site-packages/airflow/example_dags/plugins/workday.py
[2024-08-05T08:34:53.065+0000] {processor.py:768} WARNING - No viable dags retrieved from /home/airflow/.local/lib/python3.7/site-packages/airflow/example_dags/plugins/workday.py
[2024-08-05T08:34:53.082+0000] {processor.py:176} INFO - Processing /home/airflow/.local/lib/python3.7/site-packages/airflow/example_dags/plugins/workday.py took 0.026 seconds
[2024-08-05T08:35:23.281+0000] {processor.py:154} INFO - Started process (PID=11725) to work on /home/airflow/.local/lib/python3.7/site-packages/airflow/example_dags/plugins/workday.py
[2024-08-05T08:35:23.282+0000] {processor.py:756} INFO - Processing file /home/airflow/.local/lib/python3.7/site-packages/airflow/example_dags/plugins/workday.py for tasks to queue
[2024-08-05T08:35:23.283+0000] {logging_mixin.py:120} INFO - [2024-08-05T08:35:23.283+0000] {dagbag.py:537} INFO - Filling up the DagBag from /home/airflow/.local/lib/python3.7/site-packages/airflow/example_dags/plugins/workday.py
[2024-08-05T08:35:23.284+0000] {processor.py:768} WARNING - No viable dags retrieved from /home/airflow/.local/lib/python3.7/site-packages/airflow/example_dags/plugins/workday.py
[2024-08-05T08:35:23.296+0000] {processor.py:176} INFO - Processing /home/airflow/.local/lib/python3.7/site-packages/airflow/example_dags/plugins/workday.py took 0.018 seconds
[2024-08-05T08:35:54.093+0000] {processor.py:154} INFO - Started process (PID=11792) to work on /home/airflow/.local/lib/python3.7/site-packages/airflow/example_dags/plugins/workday.py
[2024-08-05T08:35:54.094+0000] {processor.py:756} INFO - Processing file /home/airflow/.local/lib/python3.7/site-packages/airflow/example_dags/plugins/workday.py for tasks to queue
[2024-08-05T08:35:54.095+0000] {logging_mixin.py:120} INFO - [2024-08-05T08:35:54.095+0000] {dagbag.py:537} INFO - Filling up the DagBag from /home/airflow/.local/lib/python3.7/site-packages/airflow/example_dags/plugins/workday.py
[2024-08-05T08:35:54.097+0000] {processor.py:768} WARNING - No viable dags retrieved from /home/airflow/.local/lib/python3.7/site-packages/airflow/example_dags/plugins/workday.py
[2024-08-05T08:35:54.115+0000] {processor.py:176} INFO - Processing /home/airflow/.local/lib/python3.7/site-packages/airflow/example_dags/plugins/workday.py took 0.026 seconds
[2024-08-05T08:36:24.925+0000] {processor.py:154} INFO - Started process (PID=11860) to work on /home/airflow/.local/lib/python3.7/site-packages/airflow/example_dags/plugins/workday.py
[2024-08-05T08:36:24.926+0000] {processor.py:756} INFO - Processing file /home/airflow/.local/lib/python3.7/site-packages/airflow/example_dags/plugins/workday.py for tasks to queue
[2024-08-05T08:36:24.927+0000] {logging_mixin.py:120} INFO - [2024-08-05T08:36:24.927+0000] {dagbag.py:537} INFO - Filling up the DagBag from /home/airflow/.local/lib/python3.7/site-packages/airflow/example_dags/plugins/workday.py
[2024-08-05T08:36:24.929+0000] {processor.py:768} WARNING - No viable dags retrieved from /home/airflow/.local/lib/python3.7/site-packages/airflow/example_dags/plugins/workday.py
[2024-08-05T08:36:24.943+0000] {processor.py:176} INFO - Processing /home/airflow/.local/lib/python3.7/site-packages/airflow/example_dags/plugins/workday.py took 0.024 seconds
[2024-08-05T08:36:56.721+0000] {processor.py:154} INFO - Started process (PID=11927) to work on /home/airflow/.local/lib/python3.7/site-packages/airflow/example_dags/plugins/workday.py
[2024-08-05T08:36:56.723+0000] {processor.py:756} INFO - Processing file /home/airflow/.local/lib/python3.7/site-packages/airflow/example_dags/plugins/workday.py for tasks to queue
[2024-08-05T08:36:56.724+0000] {logging_mixin.py:120} INFO - [2024-08-05T08:36:56.724+0000] {dagbag.py:537} INFO - Filling up the DagBag from /home/airflow/.local/lib/python3.7/site-packages/airflow/example_dags/plugins/workday.py
[2024-08-05T08:36:56.726+0000] {processor.py:768} WARNING - No viable dags retrieved from /home/airflow/.local/lib/python3.7/site-packages/airflow/example_dags/plugins/workday.py
[2024-08-05T08:36:56.744+0000] {processor.py:176} INFO - Processing /home/airflow/.local/lib/python3.7/site-packages/airflow/example_dags/plugins/workday.py took 0.026 seconds
[2024-08-05T08:37:27.472+0000] {processor.py:154} INFO - Started process (PID=11994) to work on /home/airflow/.local/lib/python3.7/site-packages/airflow/example_dags/plugins/workday.py
[2024-08-05T08:37:27.474+0000] {processor.py:756} INFO - Processing file /home/airflow/.local/lib/python3.7/site-packages/airflow/example_dags/plugins/workday.py for tasks to queue
[2024-08-05T08:37:27.475+0000] {logging_mixin.py:120} INFO - [2024-08-05T08:37:27.475+0000] {dagbag.py:537} INFO - Filling up the DagBag from /home/airflow/.local/lib/python3.7/site-packages/airflow/example_dags/plugins/workday.py
[2024-08-05T08:37:27.477+0000] {processor.py:768} WARNING - No viable dags retrieved from /home/airflow/.local/lib/python3.7/site-packages/airflow/example_dags/plugins/workday.py
[2024-08-05T08:37:27.489+0000] {processor.py:176} INFO - Processing /home/airflow/.local/lib/python3.7/site-packages/airflow/example_dags/plugins/workday.py took 0.020 seconds
[2024-08-05T08:37:58.593+0000] {processor.py:154} INFO - Started process (PID=12051) to work on /home/airflow/.local/lib/python3.7/site-packages/airflow/example_dags/plugins/workday.py
[2024-08-05T08:37:58.594+0000] {processor.py:756} INFO - Processing file /home/airflow/.local/lib/python3.7/site-packages/airflow/example_dags/plugins/workday.py for tasks to queue
[2024-08-05T08:37:58.596+0000] {logging_mixin.py:120} INFO - [2024-08-05T08:37:58.596+0000] {dagbag.py:537} INFO - Filling up the DagBag from /home/airflow/.local/lib/python3.7/site-packages/airflow/example_dags/plugins/workday.py
[2024-08-05T08:37:58.600+0000] {processor.py:768} WARNING - No viable dags retrieved from /home/airflow/.local/lib/python3.7/site-packages/airflow/example_dags/plugins/workday.py
[2024-08-05T08:37:58.620+0000] {processor.py:176} INFO - Processing /home/airflow/.local/lib/python3.7/site-packages/airflow/example_dags/plugins/workday.py took 0.031 seconds
[2024-08-05T08:38:29.741+0000] {processor.py:154} INFO - Started process (PID=12118) to work on /home/airflow/.local/lib/python3.7/site-packages/airflow/example_dags/plugins/workday.py
[2024-08-05T08:38:29.743+0000] {processor.py:756} INFO - Processing file /home/airflow/.local/lib/python3.7/site-packages/airflow/example_dags/plugins/workday.py for tasks to queue
[2024-08-05T08:38:29.744+0000] {logging_mixin.py:120} INFO - [2024-08-05T08:38:29.744+0000] {dagbag.py:537} INFO - Filling up the DagBag from /home/airflow/.local/lib/python3.7/site-packages/airflow/example_dags/plugins/workday.py
[2024-08-05T08:38:29.746+0000] {processor.py:768} WARNING - No viable dags retrieved from /home/airflow/.local/lib/python3.7/site-packages/airflow/example_dags/plugins/workday.py
[2024-08-05T08:38:29.760+0000] {processor.py:176} INFO - Processing /home/airflow/.local/lib/python3.7/site-packages/airflow/example_dags/plugins/workday.py took 0.023 seconds
[2024-08-05T08:39:00.055+0000] {processor.py:154} INFO - Started process (PID=12185) to work on /home/airflow/.local/lib/python3.7/site-packages/airflow/example_dags/plugins/workday.py
[2024-08-05T08:39:00.056+0000] {processor.py:756} INFO - Processing file /home/airflow/.local/lib/python3.7/site-packages/airflow/example_dags/plugins/workday.py for tasks to queue
[2024-08-05T08:39:00.057+0000] {logging_mixin.py:120} INFO - [2024-08-05T08:39:00.057+0000] {dagbag.py:537} INFO - Filling up the DagBag from /home/airflow/.local/lib/python3.7/site-packages/airflow/example_dags/plugins/workday.py
[2024-08-05T08:39:00.061+0000] {processor.py:768} WARNING - No viable dags retrieved from /home/airflow/.local/lib/python3.7/site-packages/airflow/example_dags/plugins/workday.py
[2024-08-05T08:39:00.076+0000] {processor.py:176} INFO - Processing /home/airflow/.local/lib/python3.7/site-packages/airflow/example_dags/plugins/workday.py took 0.024 seconds
[2024-08-05T08:39:31.235+0000] {processor.py:154} INFO - Started process (PID=12252) to work on /home/airflow/.local/lib/python3.7/site-packages/airflow/example_dags/plugins/workday.py
[2024-08-05T08:39:31.236+0000] {processor.py:756} INFO - Processing file /home/airflow/.local/lib/python3.7/site-packages/airflow/example_dags/plugins/workday.py for tasks to queue
[2024-08-05T08:39:31.238+0000] {logging_mixin.py:120} INFO - [2024-08-05T08:39:31.238+0000] {dagbag.py:537} INFO - Filling up the DagBag from /home/airflow/.local/lib/python3.7/site-packages/airflow/example_dags/plugins/workday.py
[2024-08-05T08:39:31.240+0000] {processor.py:768} WARNING - No viable dags retrieved from /home/airflow/.local/lib/python3.7/site-packages/airflow/example_dags/plugins/workday.py
[2024-08-05T08:39:31.254+0000] {processor.py:176} INFO - Processing /home/airflow/.local/lib/python3.7/site-packages/airflow/example_dags/plugins/workday.py took 0.022 seconds
[2024-08-05T08:40:01.428+0000] {processor.py:154} INFO - Started process (PID=12319) to work on /home/airflow/.local/lib/python3.7/site-packages/airflow/example_dags/plugins/workday.py
[2024-08-05T08:40:01.430+0000] {processor.py:756} INFO - Processing file /home/airflow/.local/lib/python3.7/site-packages/airflow/example_dags/plugins/workday.py for tasks to queue
[2024-08-05T08:40:01.431+0000] {logging_mixin.py:120} INFO - [2024-08-05T08:40:01.431+0000] {dagbag.py:537} INFO - Filling up the DagBag from /home/airflow/.local/lib/python3.7/site-packages/airflow/example_dags/plugins/workday.py
[2024-08-05T08:40:01.433+0000] {processor.py:768} WARNING - No viable dags retrieved from /home/airflow/.local/lib/python3.7/site-packages/airflow/example_dags/plugins/workday.py
[2024-08-05T08:40:01.461+0000] {processor.py:176} INFO - Processing /home/airflow/.local/lib/python3.7/site-packages/airflow/example_dags/plugins/workday.py took 0.040 seconds
[2024-08-05T08:40:32.605+0000] {processor.py:154} INFO - Started process (PID=12377) to work on /home/airflow/.local/lib/python3.7/site-packages/airflow/example_dags/plugins/workday.py
[2024-08-05T08:40:32.607+0000] {processor.py:756} INFO - Processing file /home/airflow/.local/lib/python3.7/site-packages/airflow/example_dags/plugins/workday.py for tasks to queue
[2024-08-05T08:40:32.608+0000] {logging_mixin.py:120} INFO - [2024-08-05T08:40:32.608+0000] {dagbag.py:537} INFO - Filling up the DagBag from /home/airflow/.local/lib/python3.7/site-packages/airflow/example_dags/plugins/workday.py
[2024-08-05T08:40:32.613+0000] {processor.py:768} WARNING - No viable dags retrieved from /home/airflow/.local/lib/python3.7/site-packages/airflow/example_dags/plugins/workday.py
[2024-08-05T08:40:32.627+0000] {processor.py:176} INFO - Processing /home/airflow/.local/lib/python3.7/site-packages/airflow/example_dags/plugins/workday.py took 0.026 seconds
[2024-08-05T08:41:05.441+0000] {processor.py:154} INFO - Started process (PID=12444) to work on /home/airflow/.local/lib/python3.7/site-packages/airflow/example_dags/plugins/workday.py
[2024-08-05T08:41:05.442+0000] {processor.py:756} INFO - Processing file /home/airflow/.local/lib/python3.7/site-packages/airflow/example_dags/plugins/workday.py for tasks to queue
[2024-08-05T08:41:05.443+0000] {logging_mixin.py:120} INFO - [2024-08-05T08:41:05.443+0000] {dagbag.py:537} INFO - Filling up the DagBag from /home/airflow/.local/lib/python3.7/site-packages/airflow/example_dags/plugins/workday.py
[2024-08-05T08:41:05.445+0000] {processor.py:768} WARNING - No viable dags retrieved from /home/airflow/.local/lib/python3.7/site-packages/airflow/example_dags/plugins/workday.py
[2024-08-05T08:41:05.462+0000] {processor.py:176} INFO - Processing /home/airflow/.local/lib/python3.7/site-packages/airflow/example_dags/plugins/workday.py took 0.025 seconds
[2024-08-05T08:41:35.890+0000] {processor.py:154} INFO - Started process (PID=12511) to work on /home/airflow/.local/lib/python3.7/site-packages/airflow/example_dags/plugins/workday.py
[2024-08-05T08:41:35.892+0000] {processor.py:756} INFO - Processing file /home/airflow/.local/lib/python3.7/site-packages/airflow/example_dags/plugins/workday.py for tasks to queue
[2024-08-05T08:41:35.893+0000] {logging_mixin.py:120} INFO - [2024-08-05T08:41:35.893+0000] {dagbag.py:537} INFO - Filling up the DagBag from /home/airflow/.local/lib/python3.7/site-packages/airflow/example_dags/plugins/workday.py
[2024-08-05T08:41:35.896+0000] {processor.py:768} WARNING - No viable dags retrieved from /home/airflow/.local/lib/python3.7/site-packages/airflow/example_dags/plugins/workday.py
[2024-08-05T08:41:35.909+0000] {processor.py:176} INFO - Processing /home/airflow/.local/lib/python3.7/site-packages/airflow/example_dags/plugins/workday.py took 0.021 seconds
[2024-08-05T08:42:08.036+0000] {processor.py:154} INFO - Started process (PID=12578) to work on /home/airflow/.local/lib/python3.7/site-packages/airflow/example_dags/plugins/workday.py
[2024-08-05T08:42:08.037+0000] {processor.py:756} INFO - Processing file /home/airflow/.local/lib/python3.7/site-packages/airflow/example_dags/plugins/workday.py for tasks to queue
[2024-08-05T08:42:08.039+0000] {logging_mixin.py:120} INFO - [2024-08-05T08:42:08.038+0000] {dagbag.py:537} INFO - Filling up the DagBag from /home/airflow/.local/lib/python3.7/site-packages/airflow/example_dags/plugins/workday.py
[2024-08-05T08:42:08.041+0000] {processor.py:768} WARNING - No viable dags retrieved from /home/airflow/.local/lib/python3.7/site-packages/airflow/example_dags/plugins/workday.py
[2024-08-05T08:42:08.055+0000] {processor.py:176} INFO - Processing /home/airflow/.local/lib/python3.7/site-packages/airflow/example_dags/plugins/workday.py took 0.023 seconds
[2024-08-05T08:42:39.302+0000] {processor.py:154} INFO - Started process (PID=12646) to work on /home/airflow/.local/lib/python3.7/site-packages/airflow/example_dags/plugins/workday.py
[2024-08-05T08:42:39.304+0000] {processor.py:756} INFO - Processing file /home/airflow/.local/lib/python3.7/site-packages/airflow/example_dags/plugins/workday.py for tasks to queue
[2024-08-05T08:42:39.305+0000] {logging_mixin.py:120} INFO - [2024-08-05T08:42:39.305+0000] {dagbag.py:537} INFO - Filling up the DagBag from /home/airflow/.local/lib/python3.7/site-packages/airflow/example_dags/plugins/workday.py
[2024-08-05T08:42:39.306+0000] {processor.py:768} WARNING - No viable dags retrieved from /home/airflow/.local/lib/python3.7/site-packages/airflow/example_dags/plugins/workday.py
[2024-08-05T08:42:39.318+0000] {processor.py:176} INFO - Processing /home/airflow/.local/lib/python3.7/site-packages/airflow/example_dags/plugins/workday.py took 0.019 seconds
[2024-08-05T08:43:09.813+0000] {processor.py:154} INFO - Started process (PID=12704) to work on /home/airflow/.local/lib/python3.7/site-packages/airflow/example_dags/plugins/workday.py
[2024-08-05T08:43:09.815+0000] {processor.py:756} INFO - Processing file /home/airflow/.local/lib/python3.7/site-packages/airflow/example_dags/plugins/workday.py for tasks to queue
[2024-08-05T08:43:09.816+0000] {logging_mixin.py:120} INFO - [2024-08-05T08:43:09.816+0000] {dagbag.py:537} INFO - Filling up the DagBag from /home/airflow/.local/lib/python3.7/site-packages/airflow/example_dags/plugins/workday.py
[2024-08-05T08:43:09.818+0000] {processor.py:768} WARNING - No viable dags retrieved from /home/airflow/.local/lib/python3.7/site-packages/airflow/example_dags/plugins/workday.py
[2024-08-05T08:43:09.836+0000] {processor.py:176} INFO - Processing /home/airflow/.local/lib/python3.7/site-packages/airflow/example_dags/plugins/workday.py took 0.027 seconds
[2024-08-05T08:43:40.147+0000] {processor.py:154} INFO - Started process (PID=12770) to work on /home/airflow/.local/lib/python3.7/site-packages/airflow/example_dags/plugins/workday.py
[2024-08-05T08:43:40.149+0000] {processor.py:756} INFO - Processing file /home/airflow/.local/lib/python3.7/site-packages/airflow/example_dags/plugins/workday.py for tasks to queue
[2024-08-05T08:43:40.150+0000] {logging_mixin.py:120} INFO - [2024-08-05T08:43:40.150+0000] {dagbag.py:537} INFO - Filling up the DagBag from /home/airflow/.local/lib/python3.7/site-packages/airflow/example_dags/plugins/workday.py
[2024-08-05T08:43:40.152+0000] {processor.py:768} WARNING - No viable dags retrieved from /home/airflow/.local/lib/python3.7/site-packages/airflow/example_dags/plugins/workday.py
[2024-08-05T08:43:40.165+0000] {processor.py:176} INFO - Processing /home/airflow/.local/lib/python3.7/site-packages/airflow/example_dags/plugins/workday.py took 0.023 seconds
[2024-08-05T08:44:11.566+0000] {processor.py:154} INFO - Started process (PID=12837) to work on /home/airflow/.local/lib/python3.7/site-packages/airflow/example_dags/plugins/workday.py
[2024-08-05T08:44:11.568+0000] {processor.py:756} INFO - Processing file /home/airflow/.local/lib/python3.7/site-packages/airflow/example_dags/plugins/workday.py for tasks to queue
[2024-08-05T08:44:11.569+0000] {logging_mixin.py:120} INFO - [2024-08-05T08:44:11.569+0000] {dagbag.py:537} INFO - Filling up the DagBag from /home/airflow/.local/lib/python3.7/site-packages/airflow/example_dags/plugins/workday.py
[2024-08-05T08:44:11.571+0000] {processor.py:768} WARNING - No viable dags retrieved from /home/airflow/.local/lib/python3.7/site-packages/airflow/example_dags/plugins/workday.py
[2024-08-05T08:44:11.588+0000] {processor.py:176} INFO - Processing /home/airflow/.local/lib/python3.7/site-packages/airflow/example_dags/plugins/workday.py took 0.025 seconds
[2024-08-05T08:44:42.995+0000] {processor.py:154} INFO - Started process (PID=12904) to work on /home/airflow/.local/lib/python3.7/site-packages/airflow/example_dags/plugins/workday.py
[2024-08-05T08:44:42.996+0000] {processor.py:756} INFO - Processing file /home/airflow/.local/lib/python3.7/site-packages/airflow/example_dags/plugins/workday.py for tasks to queue
[2024-08-05T08:44:42.997+0000] {logging_mixin.py:120} INFO - [2024-08-05T08:44:42.997+0000] {dagbag.py:537} INFO - Filling up the DagBag from /home/airflow/.local/lib/python3.7/site-packages/airflow/example_dags/plugins/workday.py
[2024-08-05T08:44:42.999+0000] {processor.py:768} WARNING - No viable dags retrieved from /home/airflow/.local/lib/python3.7/site-packages/airflow/example_dags/plugins/workday.py
[2024-08-05T08:44:43.013+0000] {processor.py:176} INFO - Processing /home/airflow/.local/lib/python3.7/site-packages/airflow/example_dags/plugins/workday.py took 0.021 seconds
[2024-08-05T08:45:13.866+0000] {processor.py:154} INFO - Started process (PID=12971) to work on /home/airflow/.local/lib/python3.7/site-packages/airflow/example_dags/plugins/workday.py
[2024-08-05T08:45:13.868+0000] {processor.py:756} INFO - Processing file /home/airflow/.local/lib/python3.7/site-packages/airflow/example_dags/plugins/workday.py for tasks to queue
[2024-08-05T08:45:13.869+0000] {logging_mixin.py:120} INFO - [2024-08-05T08:45:13.869+0000] {dagbag.py:537} INFO - Filling up the DagBag from /home/airflow/.local/lib/python3.7/site-packages/airflow/example_dags/plugins/workday.py
[2024-08-05T08:45:13.871+0000] {processor.py:768} WARNING - No viable dags retrieved from /home/airflow/.local/lib/python3.7/site-packages/airflow/example_dags/plugins/workday.py
[2024-08-05T08:45:13.882+0000] {processor.py:176} INFO - Processing /home/airflow/.local/lib/python3.7/site-packages/airflow/example_dags/plugins/workday.py took 0.019 seconds
[2024-08-05T08:45:44.243+0000] {processor.py:154} INFO - Started process (PID=13028) to work on /home/airflow/.local/lib/python3.7/site-packages/airflow/example_dags/plugins/workday.py
[2024-08-05T08:45:44.245+0000] {processor.py:756} INFO - Processing file /home/airflow/.local/lib/python3.7/site-packages/airflow/example_dags/plugins/workday.py for tasks to queue
[2024-08-05T08:45:44.246+0000] {logging_mixin.py:120} INFO - [2024-08-05T08:45:44.246+0000] {dagbag.py:537} INFO - Filling up the DagBag from /home/airflow/.local/lib/python3.7/site-packages/airflow/example_dags/plugins/workday.py
[2024-08-05T08:45:44.247+0000] {processor.py:768} WARNING - No viable dags retrieved from /home/airflow/.local/lib/python3.7/site-packages/airflow/example_dags/plugins/workday.py
[2024-08-05T08:45:44.261+0000] {processor.py:176} INFO - Processing /home/airflow/.local/lib/python3.7/site-packages/airflow/example_dags/plugins/workday.py took 0.021 seconds
[2024-08-05T08:46:14.940+0000] {processor.py:154} INFO - Started process (PID=13095) to work on /home/airflow/.local/lib/python3.7/site-packages/airflow/example_dags/plugins/workday.py
[2024-08-05T08:46:14.941+0000] {processor.py:756} INFO - Processing file /home/airflow/.local/lib/python3.7/site-packages/airflow/example_dags/plugins/workday.py for tasks to queue
[2024-08-05T08:46:14.942+0000] {logging_mixin.py:120} INFO - [2024-08-05T08:46:14.942+0000] {dagbag.py:537} INFO - Filling up the DagBag from /home/airflow/.local/lib/python3.7/site-packages/airflow/example_dags/plugins/workday.py
[2024-08-05T08:46:14.944+0000] {processor.py:768} WARNING - No viable dags retrieved from /home/airflow/.local/lib/python3.7/site-packages/airflow/example_dags/plugins/workday.py
[2024-08-05T08:46:14.956+0000] {processor.py:176} INFO - Processing /home/airflow/.local/lib/python3.7/site-packages/airflow/example_dags/plugins/workday.py took 0.019 seconds
[2024-08-05T08:46:45.924+0000] {processor.py:154} INFO - Started process (PID=13162) to work on /home/airflow/.local/lib/python3.7/site-packages/airflow/example_dags/plugins/workday.py
[2024-08-05T08:46:45.926+0000] {processor.py:756} INFO - Processing file /home/airflow/.local/lib/python3.7/site-packages/airflow/example_dags/plugins/workday.py for tasks to queue
[2024-08-05T08:46:45.928+0000] {logging_mixin.py:120} INFO - [2024-08-05T08:46:45.928+0000] {dagbag.py:537} INFO - Filling up the DagBag from /home/airflow/.local/lib/python3.7/site-packages/airflow/example_dags/plugins/workday.py
[2024-08-05T08:46:45.931+0000] {processor.py:768} WARNING - No viable dags retrieved from /home/airflow/.local/lib/python3.7/site-packages/airflow/example_dags/plugins/workday.py
[2024-08-05T08:46:45.943+0000] {processor.py:176} INFO - Processing /home/airflow/.local/lib/python3.7/site-packages/airflow/example_dags/plugins/workday.py took 0.023 seconds
[2024-08-05T08:47:17.095+0000] {processor.py:154} INFO - Started process (PID=13229) to work on /home/airflow/.local/lib/python3.7/site-packages/airflow/example_dags/plugins/workday.py
[2024-08-05T08:47:17.099+0000] {processor.py:756} INFO - Processing file /home/airflow/.local/lib/python3.7/site-packages/airflow/example_dags/plugins/workday.py for tasks to queue
[2024-08-05T08:47:17.104+0000] {logging_mixin.py:120} INFO - [2024-08-05T08:47:17.103+0000] {dagbag.py:537} INFO - Filling up the DagBag from /home/airflow/.local/lib/python3.7/site-packages/airflow/example_dags/plugins/workday.py
[2024-08-05T08:47:17.110+0000] {processor.py:768} WARNING - No viable dags retrieved from /home/airflow/.local/lib/python3.7/site-packages/airflow/example_dags/plugins/workday.py
[2024-08-05T08:47:17.131+0000] {processor.py:176} INFO - Processing /home/airflow/.local/lib/python3.7/site-packages/airflow/example_dags/plugins/workday.py took 0.040 seconds
[2024-08-05T08:47:47.850+0000] {processor.py:154} INFO - Started process (PID=13297) to work on /home/airflow/.local/lib/python3.7/site-packages/airflow/example_dags/plugins/workday.py
[2024-08-05T08:47:47.851+0000] {processor.py:756} INFO - Processing file /home/airflow/.local/lib/python3.7/site-packages/airflow/example_dags/plugins/workday.py for tasks to queue
[2024-08-05T08:47:47.852+0000] {logging_mixin.py:120} INFO - [2024-08-05T08:47:47.852+0000] {dagbag.py:537} INFO - Filling up the DagBag from /home/airflow/.local/lib/python3.7/site-packages/airflow/example_dags/plugins/workday.py
[2024-08-05T08:47:47.854+0000] {processor.py:768} WARNING - No viable dags retrieved from /home/airflow/.local/lib/python3.7/site-packages/airflow/example_dags/plugins/workday.py
[2024-08-05T08:47:47.865+0000] {processor.py:176} INFO - Processing /home/airflow/.local/lib/python3.7/site-packages/airflow/example_dags/plugins/workday.py took 0.018 seconds
[2024-08-05T08:48:18.918+0000] {processor.py:154} INFO - Started process (PID=13356) to work on /home/airflow/.local/lib/python3.7/site-packages/airflow/example_dags/plugins/workday.py
[2024-08-05T08:48:18.920+0000] {processor.py:756} INFO - Processing file /home/airflow/.local/lib/python3.7/site-packages/airflow/example_dags/plugins/workday.py for tasks to queue
[2024-08-05T08:48:18.920+0000] {logging_mixin.py:120} INFO - [2024-08-05T08:48:18.920+0000] {dagbag.py:537} INFO - Filling up the DagBag from /home/airflow/.local/lib/python3.7/site-packages/airflow/example_dags/plugins/workday.py
[2024-08-05T08:48:18.922+0000] {processor.py:768} WARNING - No viable dags retrieved from /home/airflow/.local/lib/python3.7/site-packages/airflow/example_dags/plugins/workday.py
[2024-08-05T08:48:18.934+0000] {processor.py:176} INFO - Processing /home/airflow/.local/lib/python3.7/site-packages/airflow/example_dags/plugins/workday.py took 0.018 seconds
[2024-08-05T08:48:49.855+0000] {processor.py:154} INFO - Started process (PID=13423) to work on /home/airflow/.local/lib/python3.7/site-packages/airflow/example_dags/plugins/workday.py
[2024-08-05T08:48:49.856+0000] {processor.py:756} INFO - Processing file /home/airflow/.local/lib/python3.7/site-packages/airflow/example_dags/plugins/workday.py for tasks to queue
[2024-08-05T08:48:49.857+0000] {logging_mixin.py:120} INFO - [2024-08-05T08:48:49.857+0000] {dagbag.py:537} INFO - Filling up the DagBag from /home/airflow/.local/lib/python3.7/site-packages/airflow/example_dags/plugins/workday.py
[2024-08-05T08:48:49.858+0000] {processor.py:768} WARNING - No viable dags retrieved from /home/airflow/.local/lib/python3.7/site-packages/airflow/example_dags/plugins/workday.py
[2024-08-05T08:48:49.868+0000] {processor.py:176} INFO - Processing /home/airflow/.local/lib/python3.7/site-packages/airflow/example_dags/plugins/workday.py took 0.016 seconds
[2024-08-05T08:49:20.371+0000] {processor.py:154} INFO - Started process (PID=13490) to work on /home/airflow/.local/lib/python3.7/site-packages/airflow/example_dags/plugins/workday.py
[2024-08-05T08:49:20.372+0000] {processor.py:756} INFO - Processing file /home/airflow/.local/lib/python3.7/site-packages/airflow/example_dags/plugins/workday.py for tasks to queue
[2024-08-05T08:49:20.373+0000] {logging_mixin.py:120} INFO - [2024-08-05T08:49:20.373+0000] {dagbag.py:537} INFO - Filling up the DagBag from /home/airflow/.local/lib/python3.7/site-packages/airflow/example_dags/plugins/workday.py
[2024-08-05T08:49:20.375+0000] {processor.py:768} WARNING - No viable dags retrieved from /home/airflow/.local/lib/python3.7/site-packages/airflow/example_dags/plugins/workday.py
[2024-08-05T08:49:20.392+0000] {processor.py:176} INFO - Processing /home/airflow/.local/lib/python3.7/site-packages/airflow/example_dags/plugins/workday.py took 0.023 seconds
[2024-08-05T08:49:51.034+0000] {processor.py:154} INFO - Started process (PID=13557) to work on /home/airflow/.local/lib/python3.7/site-packages/airflow/example_dags/plugins/workday.py
[2024-08-05T08:49:51.035+0000] {processor.py:756} INFO - Processing file /home/airflow/.local/lib/python3.7/site-packages/airflow/example_dags/plugins/workday.py for tasks to queue
[2024-08-05T08:49:51.036+0000] {logging_mixin.py:120} INFO - [2024-08-05T08:49:51.036+0000] {dagbag.py:537} INFO - Filling up the DagBag from /home/airflow/.local/lib/python3.7/site-packages/airflow/example_dags/plugins/workday.py
[2024-08-05T08:49:51.037+0000] {processor.py:768} WARNING - No viable dags retrieved from /home/airflow/.local/lib/python3.7/site-packages/airflow/example_dags/plugins/workday.py
[2024-08-05T08:49:51.050+0000] {processor.py:176} INFO - Processing /home/airflow/.local/lib/python3.7/site-packages/airflow/example_dags/plugins/workday.py took 0.018 seconds
[2024-08-05T08:50:21.975+0000] {processor.py:154} INFO - Started process (PID=13624) to work on /home/airflow/.local/lib/python3.7/site-packages/airflow/example_dags/plugins/workday.py
[2024-08-05T08:50:21.977+0000] {processor.py:756} INFO - Processing file /home/airflow/.local/lib/python3.7/site-packages/airflow/example_dags/plugins/workday.py for tasks to queue
[2024-08-05T08:50:21.978+0000] {logging_mixin.py:120} INFO - [2024-08-05T08:50:21.977+0000] {dagbag.py:537} INFO - Filling up the DagBag from /home/airflow/.local/lib/python3.7/site-packages/airflow/example_dags/plugins/workday.py
[2024-08-05T08:50:21.980+0000] {processor.py:768} WARNING - No viable dags retrieved from /home/airflow/.local/lib/python3.7/site-packages/airflow/example_dags/plugins/workday.py
[2024-08-05T08:50:21.993+0000] {processor.py:176} INFO - Processing /home/airflow/.local/lib/python3.7/site-packages/airflow/example_dags/plugins/workday.py took 0.021 seconds
[2024-08-05T08:50:53.016+0000] {processor.py:154} INFO - Started process (PID=13691) to work on /home/airflow/.local/lib/python3.7/site-packages/airflow/example_dags/plugins/workday.py
[2024-08-05T08:50:53.017+0000] {processor.py:756} INFO - Processing file /home/airflow/.local/lib/python3.7/site-packages/airflow/example_dags/plugins/workday.py for tasks to queue
[2024-08-05T08:50:53.018+0000] {logging_mixin.py:120} INFO - [2024-08-05T08:50:53.017+0000] {dagbag.py:537} INFO - Filling up the DagBag from /home/airflow/.local/lib/python3.7/site-packages/airflow/example_dags/plugins/workday.py
[2024-08-05T08:50:53.019+0000] {processor.py:768} WARNING - No viable dags retrieved from /home/airflow/.local/lib/python3.7/site-packages/airflow/example_dags/plugins/workday.py
[2024-08-05T08:50:53.035+0000] {processor.py:176} INFO - Processing /home/airflow/.local/lib/python3.7/site-packages/airflow/example_dags/plugins/workday.py took 0.022 seconds
[2024-08-05T08:51:23.609+0000] {processor.py:154} INFO - Started process (PID=13748) to work on /home/airflow/.local/lib/python3.7/site-packages/airflow/example_dags/plugins/workday.py
[2024-08-05T08:51:23.610+0000] {processor.py:756} INFO - Processing file /home/airflow/.local/lib/python3.7/site-packages/airflow/example_dags/plugins/workday.py for tasks to queue
[2024-08-05T08:51:23.611+0000] {logging_mixin.py:120} INFO - [2024-08-05T08:51:23.611+0000] {dagbag.py:537} INFO - Filling up the DagBag from /home/airflow/.local/lib/python3.7/site-packages/airflow/example_dags/plugins/workday.py
[2024-08-05T08:51:23.613+0000] {processor.py:768} WARNING - No viable dags retrieved from /home/airflow/.local/lib/python3.7/site-packages/airflow/example_dags/plugins/workday.py
[2024-08-05T08:51:23.630+0000] {processor.py:176} INFO - Processing /home/airflow/.local/lib/python3.7/site-packages/airflow/example_dags/plugins/workday.py took 0.025 seconds
[2024-08-05T08:51:54.072+0000] {processor.py:154} INFO - Started process (PID=13815) to work on /home/airflow/.local/lib/python3.7/site-packages/airflow/example_dags/plugins/workday.py
[2024-08-05T08:51:54.073+0000] {processor.py:756} INFO - Processing file /home/airflow/.local/lib/python3.7/site-packages/airflow/example_dags/plugins/workday.py for tasks to queue
[2024-08-05T08:51:54.074+0000] {logging_mixin.py:120} INFO - [2024-08-05T08:51:54.074+0000] {dagbag.py:537} INFO - Filling up the DagBag from /home/airflow/.local/lib/python3.7/site-packages/airflow/example_dags/plugins/workday.py
[2024-08-05T08:51:54.076+0000] {processor.py:768} WARNING - No viable dags retrieved from /home/airflow/.local/lib/python3.7/site-packages/airflow/example_dags/plugins/workday.py
[2024-08-05T08:51:54.091+0000] {processor.py:176} INFO - Processing /home/airflow/.local/lib/python3.7/site-packages/airflow/example_dags/plugins/workday.py took 0.023 seconds
[2024-08-05T08:52:25.307+0000] {processor.py:154} INFO - Started process (PID=13882) to work on /home/airflow/.local/lib/python3.7/site-packages/airflow/example_dags/plugins/workday.py
[2024-08-05T08:52:25.308+0000] {processor.py:756} INFO - Processing file /home/airflow/.local/lib/python3.7/site-packages/airflow/example_dags/plugins/workday.py for tasks to queue
[2024-08-05T08:52:25.310+0000] {logging_mixin.py:120} INFO - [2024-08-05T08:52:25.309+0000] {dagbag.py:537} INFO - Filling up the DagBag from /home/airflow/.local/lib/python3.7/site-packages/airflow/example_dags/plugins/workday.py
[2024-08-05T08:52:25.311+0000] {processor.py:768} WARNING - No viable dags retrieved from /home/airflow/.local/lib/python3.7/site-packages/airflow/example_dags/plugins/workday.py
[2024-08-05T08:52:25.330+0000] {processor.py:176} INFO - Processing /home/airflow/.local/lib/python3.7/site-packages/airflow/example_dags/plugins/workday.py took 0.026 seconds
[2024-08-05T08:52:55.532+0000] {processor.py:154} INFO - Started process (PID=13948) to work on /home/airflow/.local/lib/python3.7/site-packages/airflow/example_dags/plugins/workday.py
[2024-08-05T08:52:55.533+0000] {processor.py:756} INFO - Processing file /home/airflow/.local/lib/python3.7/site-packages/airflow/example_dags/plugins/workday.py for tasks to queue
[2024-08-05T08:52:55.534+0000] {logging_mixin.py:120} INFO - [2024-08-05T08:52:55.534+0000] {dagbag.py:537} INFO - Filling up the DagBag from /home/airflow/.local/lib/python3.7/site-packages/airflow/example_dags/plugins/workday.py
[2024-08-05T08:52:55.536+0000] {processor.py:768} WARNING - No viable dags retrieved from /home/airflow/.local/lib/python3.7/site-packages/airflow/example_dags/plugins/workday.py
[2024-08-05T08:52:55.550+0000] {processor.py:176} INFO - Processing /home/airflow/.local/lib/python3.7/site-packages/airflow/example_dags/plugins/workday.py took 0.020 seconds
[2024-08-05T08:53:25.990+0000] {processor.py:154} INFO - Started process (PID=14005) to work on /home/airflow/.local/lib/python3.7/site-packages/airflow/example_dags/plugins/workday.py
[2024-08-05T08:53:25.991+0000] {processor.py:756} INFO - Processing file /home/airflow/.local/lib/python3.7/site-packages/airflow/example_dags/plugins/workday.py for tasks to queue
[2024-08-05T08:53:25.991+0000] {logging_mixin.py:120} INFO - [2024-08-05T08:53:25.991+0000] {dagbag.py:537} INFO - Filling up the DagBag from /home/airflow/.local/lib/python3.7/site-packages/airflow/example_dags/plugins/workday.py
[2024-08-05T08:53:25.993+0000] {processor.py:768} WARNING - No viable dags retrieved from /home/airflow/.local/lib/python3.7/site-packages/airflow/example_dags/plugins/workday.py
[2024-08-05T08:53:26.005+0000] {processor.py:176} INFO - Processing /home/airflow/.local/lib/python3.7/site-packages/airflow/example_dags/plugins/workday.py took 0.018 seconds
[2024-08-05T08:53:56.335+0000] {processor.py:154} INFO - Started process (PID=14071) to work on /home/airflow/.local/lib/python3.7/site-packages/airflow/example_dags/plugins/workday.py
[2024-08-05T08:53:56.336+0000] {processor.py:756} INFO - Processing file /home/airflow/.local/lib/python3.7/site-packages/airflow/example_dags/plugins/workday.py for tasks to queue
[2024-08-05T08:53:56.337+0000] {logging_mixin.py:120} INFO - [2024-08-05T08:53:56.337+0000] {dagbag.py:537} INFO - Filling up the DagBag from /home/airflow/.local/lib/python3.7/site-packages/airflow/example_dags/plugins/workday.py
[2024-08-05T08:53:56.338+0000] {processor.py:768} WARNING - No viable dags retrieved from /home/airflow/.local/lib/python3.7/site-packages/airflow/example_dags/plugins/workday.py
[2024-08-05T08:53:56.351+0000] {processor.py:176} INFO - Processing /home/airflow/.local/lib/python3.7/site-packages/airflow/example_dags/plugins/workday.py took 0.019 seconds
[2024-08-05T09:02:12.706+0000] {processor.py:154} INFO - Started process (PID=14160) to work on /home/airflow/.local/lib/python3.7/site-packages/airflow/example_dags/plugins/workday.py
[2024-08-05T09:02:12.707+0000] {processor.py:756} INFO - Processing file /home/airflow/.local/lib/python3.7/site-packages/airflow/example_dags/plugins/workday.py for tasks to queue
[2024-08-05T09:02:12.708+0000] {logging_mixin.py:120} INFO - [2024-08-05T09:02:12.708+0000] {dagbag.py:537} INFO - Filling up the DagBag from /home/airflow/.local/lib/python3.7/site-packages/airflow/example_dags/plugins/workday.py
[2024-08-05T09:02:12.710+0000] {processor.py:768} WARNING - No viable dags retrieved from /home/airflow/.local/lib/python3.7/site-packages/airflow/example_dags/plugins/workday.py
[2024-08-05T09:02:12.725+0000] {processor.py:176} INFO - Processing /home/airflow/.local/lib/python3.7/site-packages/airflow/example_dags/plugins/workday.py took 0.021 seconds
[2024-08-05T09:02:43.225+0000] {processor.py:154} INFO - Started process (PID=14227) to work on /home/airflow/.local/lib/python3.7/site-packages/airflow/example_dags/plugins/workday.py
[2024-08-05T09:02:43.227+0000] {processor.py:756} INFO - Processing file /home/airflow/.local/lib/python3.7/site-packages/airflow/example_dags/plugins/workday.py for tasks to queue
[2024-08-05T09:02:43.228+0000] {logging_mixin.py:120} INFO - [2024-08-05T09:02:43.228+0000] {dagbag.py:537} INFO - Filling up the DagBag from /home/airflow/.local/lib/python3.7/site-packages/airflow/example_dags/plugins/workday.py
[2024-08-05T09:02:43.230+0000] {processor.py:768} WARNING - No viable dags retrieved from /home/airflow/.local/lib/python3.7/site-packages/airflow/example_dags/plugins/workday.py
[2024-08-05T09:02:43.246+0000] {processor.py:176} INFO - Processing /home/airflow/.local/lib/python3.7/site-packages/airflow/example_dags/plugins/workday.py took 0.024 seconds
[2024-08-05T09:03:14.188+0000] {processor.py:154} INFO - Started process (PID=14294) to work on /home/airflow/.local/lib/python3.7/site-packages/airflow/example_dags/plugins/workday.py
[2024-08-05T09:03:14.189+0000] {processor.py:756} INFO - Processing file /home/airflow/.local/lib/python3.7/site-packages/airflow/example_dags/plugins/workday.py for tasks to queue
[2024-08-05T09:03:14.189+0000] {logging_mixin.py:120} INFO - [2024-08-05T09:03:14.189+0000] {dagbag.py:537} INFO - Filling up the DagBag from /home/airflow/.local/lib/python3.7/site-packages/airflow/example_dags/plugins/workday.py
[2024-08-05T09:03:14.192+0000] {processor.py:768} WARNING - No viable dags retrieved from /home/airflow/.local/lib/python3.7/site-packages/airflow/example_dags/plugins/workday.py
[2024-08-05T09:03:14.204+0000] {processor.py:176} INFO - Processing /home/airflow/.local/lib/python3.7/site-packages/airflow/example_dags/plugins/workday.py took 0.018 seconds
[2024-08-05T09:03:44.302+0000] {processor.py:154} INFO - Started process (PID=14361) to work on /home/airflow/.local/lib/python3.7/site-packages/airflow/example_dags/plugins/workday.py
[2024-08-05T09:03:44.303+0000] {processor.py:756} INFO - Processing file /home/airflow/.local/lib/python3.7/site-packages/airflow/example_dags/plugins/workday.py for tasks to queue
[2024-08-05T09:03:44.304+0000] {logging_mixin.py:120} INFO - [2024-08-05T09:03:44.304+0000] {dagbag.py:537} INFO - Filling up the DagBag from /home/airflow/.local/lib/python3.7/site-packages/airflow/example_dags/plugins/workday.py
[2024-08-05T09:03:44.306+0000] {processor.py:768} WARNING - No viable dags retrieved from /home/airflow/.local/lib/python3.7/site-packages/airflow/example_dags/plugins/workday.py
[2024-08-05T09:03:44.320+0000] {processor.py:176} INFO - Processing /home/airflow/.local/lib/python3.7/site-packages/airflow/example_dags/plugins/workday.py took 0.021 seconds
[2024-08-05T09:04:14.896+0000] {processor.py:154} INFO - Started process (PID=14428) to work on /home/airflow/.local/lib/python3.7/site-packages/airflow/example_dags/plugins/workday.py
[2024-08-05T09:04:14.906+0000] {processor.py:756} INFO - Processing file /home/airflow/.local/lib/python3.7/site-packages/airflow/example_dags/plugins/workday.py for tasks to queue
[2024-08-05T09:04:14.907+0000] {logging_mixin.py:120} INFO - [2024-08-05T09:04:14.907+0000] {dagbag.py:537} INFO - Filling up the DagBag from /home/airflow/.local/lib/python3.7/site-packages/airflow/example_dags/plugins/workday.py
[2024-08-05T09:04:14.910+0000] {processor.py:768} WARNING - No viable dags retrieved from /home/airflow/.local/lib/python3.7/site-packages/airflow/example_dags/plugins/workday.py
[2024-08-05T09:04:14.926+0000] {processor.py:176} INFO - Processing /home/airflow/.local/lib/python3.7/site-packages/airflow/example_dags/plugins/workday.py took 0.033 seconds
[2024-08-05T09:04:45.097+0000] {processor.py:154} INFO - Started process (PID=14486) to work on /home/airflow/.local/lib/python3.7/site-packages/airflow/example_dags/plugins/workday.py
[2024-08-05T09:04:45.098+0000] {processor.py:756} INFO - Processing file /home/airflow/.local/lib/python3.7/site-packages/airflow/example_dags/plugins/workday.py for tasks to queue
[2024-08-05T09:04:45.099+0000] {logging_mixin.py:120} INFO - [2024-08-05T09:04:45.099+0000] {dagbag.py:537} INFO - Filling up the DagBag from /home/airflow/.local/lib/python3.7/site-packages/airflow/example_dags/plugins/workday.py
[2024-08-05T09:04:45.101+0000] {processor.py:768} WARNING - No viable dags retrieved from /home/airflow/.local/lib/python3.7/site-packages/airflow/example_dags/plugins/workday.py
[2024-08-05T09:04:45.116+0000] {processor.py:176} INFO - Processing /home/airflow/.local/lib/python3.7/site-packages/airflow/example_dags/plugins/workday.py took 0.022 seconds
[2024-08-05T09:05:16.602+0000] {processor.py:154} INFO - Started process (PID=14553) to work on /home/airflow/.local/lib/python3.7/site-packages/airflow/example_dags/plugins/workday.py
[2024-08-05T09:05:16.604+0000] {processor.py:756} INFO - Processing file /home/airflow/.local/lib/python3.7/site-packages/airflow/example_dags/plugins/workday.py for tasks to queue
[2024-08-05T09:05:16.605+0000] {logging_mixin.py:120} INFO - [2024-08-05T09:05:16.605+0000] {dagbag.py:537} INFO - Filling up the DagBag from /home/airflow/.local/lib/python3.7/site-packages/airflow/example_dags/plugins/workday.py
[2024-08-05T09:05:16.607+0000] {processor.py:768} WARNING - No viable dags retrieved from /home/airflow/.local/lib/python3.7/site-packages/airflow/example_dags/plugins/workday.py
[2024-08-05T09:05:16.626+0000] {processor.py:176} INFO - Processing /home/airflow/.local/lib/python3.7/site-packages/airflow/example_dags/plugins/workday.py took 0.029 seconds
[2024-08-05T09:05:47.131+0000] {processor.py:154} INFO - Started process (PID=14621) to work on /home/airflow/.local/lib/python3.7/site-packages/airflow/example_dags/plugins/workday.py
[2024-08-05T09:05:47.132+0000] {processor.py:756} INFO - Processing file /home/airflow/.local/lib/python3.7/site-packages/airflow/example_dags/plugins/workday.py for tasks to queue
[2024-08-05T09:05:47.133+0000] {logging_mixin.py:120} INFO - [2024-08-05T09:05:47.133+0000] {dagbag.py:537} INFO - Filling up the DagBag from /home/airflow/.local/lib/python3.7/site-packages/airflow/example_dags/plugins/workday.py
[2024-08-05T09:05:47.135+0000] {processor.py:768} WARNING - No viable dags retrieved from /home/airflow/.local/lib/python3.7/site-packages/airflow/example_dags/plugins/workday.py
[2024-08-05T09:05:47.147+0000] {processor.py:176} INFO - Processing /home/airflow/.local/lib/python3.7/site-packages/airflow/example_dags/plugins/workday.py took 0.019 seconds
[2024-08-05T09:06:17.724+0000] {processor.py:154} INFO - Started process (PID=14688) to work on /home/airflow/.local/lib/python3.7/site-packages/airflow/example_dags/plugins/workday.py
[2024-08-05T09:06:17.725+0000] {processor.py:756} INFO - Processing file /home/airflow/.local/lib/python3.7/site-packages/airflow/example_dags/plugins/workday.py for tasks to queue
[2024-08-05T09:06:17.726+0000] {logging_mixin.py:120} INFO - [2024-08-05T09:06:17.726+0000] {dagbag.py:537} INFO - Filling up the DagBag from /home/airflow/.local/lib/python3.7/site-packages/airflow/example_dags/plugins/workday.py
[2024-08-05T09:06:17.728+0000] {processor.py:768} WARNING - No viable dags retrieved from /home/airflow/.local/lib/python3.7/site-packages/airflow/example_dags/plugins/workday.py
[2024-08-05T09:06:17.739+0000] {processor.py:176} INFO - Processing /home/airflow/.local/lib/python3.7/site-packages/airflow/example_dags/plugins/workday.py took 0.017 seconds
[2024-08-05T09:06:57.537+0000] {processor.py:154} INFO - Started process (PID=14756) to work on /home/airflow/.local/lib/python3.7/site-packages/airflow/example_dags/plugins/workday.py
[2024-08-05T09:06:57.538+0000] {processor.py:756} INFO - Processing file /home/airflow/.local/lib/python3.7/site-packages/airflow/example_dags/plugins/workday.py for tasks to queue
[2024-08-05T09:06:57.539+0000] {logging_mixin.py:120} INFO - [2024-08-05T09:06:57.539+0000] {dagbag.py:537} INFO - Filling up the DagBag from /home/airflow/.local/lib/python3.7/site-packages/airflow/example_dags/plugins/workday.py
[2024-08-05T09:06:57.547+0000] {processor.py:768} WARNING - No viable dags retrieved from /home/airflow/.local/lib/python3.7/site-packages/airflow/example_dags/plugins/workday.py
[2024-08-05T09:06:57.658+0000] {processor.py:176} INFO - Processing /home/airflow/.local/lib/python3.7/site-packages/airflow/example_dags/plugins/workday.py took 0.124 seconds
[2024-08-05T09:07:28.430+0000] {processor.py:154} INFO - Started process (PID=14823) to work on /home/airflow/.local/lib/python3.7/site-packages/airflow/example_dags/plugins/workday.py
[2024-08-05T09:07:28.431+0000] {processor.py:756} INFO - Processing file /home/airflow/.local/lib/python3.7/site-packages/airflow/example_dags/plugins/workday.py for tasks to queue
[2024-08-05T09:07:28.432+0000] {logging_mixin.py:120} INFO - [2024-08-05T09:07:28.432+0000] {dagbag.py:537} INFO - Filling up the DagBag from /home/airflow/.local/lib/python3.7/site-packages/airflow/example_dags/plugins/workday.py
[2024-08-05T09:07:28.434+0000] {processor.py:768} WARNING - No viable dags retrieved from /home/airflow/.local/lib/python3.7/site-packages/airflow/example_dags/plugins/workday.py
[2024-08-05T09:07:28.453+0000] {processor.py:176} INFO - Processing /home/airflow/.local/lib/python3.7/site-packages/airflow/example_dags/plugins/workday.py took 0.028 seconds
[2024-08-05T09:16:42.493+0000] {processor.py:154} INFO - Started process (PID=14899) to work on /home/airflow/.local/lib/python3.7/site-packages/airflow/example_dags/plugins/workday.py
[2024-08-05T09:16:42.521+0000] {processor.py:756} INFO - Processing file /home/airflow/.local/lib/python3.7/site-packages/airflow/example_dags/plugins/workday.py for tasks to queue
[2024-08-05T09:16:42.549+0000] {logging_mixin.py:120} INFO - [2024-08-05T09:16:42.548+0000] {dagbag.py:537} INFO - Filling up the DagBag from /home/airflow/.local/lib/python3.7/site-packages/airflow/example_dags/plugins/workday.py
[2024-08-05T09:16:42.727+0000] {processor.py:768} WARNING - No viable dags retrieved from /home/airflow/.local/lib/python3.7/site-packages/airflow/example_dags/plugins/workday.py
[2024-08-05T09:16:42.789+0000] {processor.py:176} INFO - Processing /home/airflow/.local/lib/python3.7/site-packages/airflow/example_dags/plugins/workday.py took 0.302 seconds
[2024-08-05T09:17:14.183+0000] {processor.py:154} INFO - Started process (PID=14957) to work on /home/airflow/.local/lib/python3.7/site-packages/airflow/example_dags/plugins/workday.py
[2024-08-05T09:17:14.186+0000] {processor.py:756} INFO - Processing file /home/airflow/.local/lib/python3.7/site-packages/airflow/example_dags/plugins/workday.py for tasks to queue
[2024-08-05T09:17:14.189+0000] {logging_mixin.py:120} INFO - [2024-08-05T09:17:14.188+0000] {dagbag.py:537} INFO - Filling up the DagBag from /home/airflow/.local/lib/python3.7/site-packages/airflow/example_dags/plugins/workday.py
[2024-08-05T09:17:14.193+0000] {processor.py:768} WARNING - No viable dags retrieved from /home/airflow/.local/lib/python3.7/site-packages/airflow/example_dags/plugins/workday.py
[2024-08-05T09:17:14.215+0000] {processor.py:176} INFO - Processing /home/airflow/.local/lib/python3.7/site-packages/airflow/example_dags/plugins/workday.py took 0.036 seconds
[2024-08-05T09:17:45.878+0000] {processor.py:154} INFO - Started process (PID=15024) to work on /home/airflow/.local/lib/python3.7/site-packages/airflow/example_dags/plugins/workday.py
[2024-08-05T09:17:45.880+0000] {processor.py:756} INFO - Processing file /home/airflow/.local/lib/python3.7/site-packages/airflow/example_dags/plugins/workday.py for tasks to queue
[2024-08-05T09:17:45.881+0000] {logging_mixin.py:120} INFO - [2024-08-05T09:17:45.880+0000] {dagbag.py:537} INFO - Filling up the DagBag from /home/airflow/.local/lib/python3.7/site-packages/airflow/example_dags/plugins/workday.py
[2024-08-05T09:17:45.891+0000] {processor.py:768} WARNING - No viable dags retrieved from /home/airflow/.local/lib/python3.7/site-packages/airflow/example_dags/plugins/workday.py
[2024-08-05T09:17:45.909+0000] {processor.py:176} INFO - Processing /home/airflow/.local/lib/python3.7/site-packages/airflow/example_dags/plugins/workday.py took 0.035 seconds
[2024-08-05T09:18:18.490+0000] {processor.py:154} INFO - Started process (PID=15092) to work on /home/airflow/.local/lib/python3.7/site-packages/airflow/example_dags/plugins/workday.py
[2024-08-05T09:18:18.492+0000] {processor.py:756} INFO - Processing file /home/airflow/.local/lib/python3.7/site-packages/airflow/example_dags/plugins/workday.py for tasks to queue
[2024-08-05T09:18:18.493+0000] {logging_mixin.py:120} INFO - [2024-08-05T09:18:18.493+0000] {dagbag.py:537} INFO - Filling up the DagBag from /home/airflow/.local/lib/python3.7/site-packages/airflow/example_dags/plugins/workday.py
[2024-08-05T09:18:18.496+0000] {processor.py:768} WARNING - No viable dags retrieved from /home/airflow/.local/lib/python3.7/site-packages/airflow/example_dags/plugins/workday.py
[2024-08-05T09:18:18.521+0000] {processor.py:176} INFO - Processing /home/airflow/.local/lib/python3.7/site-packages/airflow/example_dags/plugins/workday.py took 0.034 seconds
[2024-08-05T09:18:50.195+0000] {processor.py:154} INFO - Started process (PID=15160) to work on /home/airflow/.local/lib/python3.7/site-packages/airflow/example_dags/plugins/workday.py
[2024-08-05T09:18:50.211+0000] {processor.py:756} INFO - Processing file /home/airflow/.local/lib/python3.7/site-packages/airflow/example_dags/plugins/workday.py for tasks to queue
[2024-08-05T09:18:50.226+0000] {logging_mixin.py:120} INFO - [2024-08-05T09:18:50.226+0000] {dagbag.py:537} INFO - Filling up the DagBag from /home/airflow/.local/lib/python3.7/site-packages/airflow/example_dags/plugins/workday.py
[2024-08-05T09:18:50.232+0000] {processor.py:768} WARNING - No viable dags retrieved from /home/airflow/.local/lib/python3.7/site-packages/airflow/example_dags/plugins/workday.py
[2024-08-05T09:18:50.281+0000] {processor.py:176} INFO - Processing /home/airflow/.local/lib/python3.7/site-packages/airflow/example_dags/plugins/workday.py took 0.090 seconds
[2024-08-05T09:19:20.707+0000] {processor.py:154} INFO - Started process (PID=15218) to work on /home/airflow/.local/lib/python3.7/site-packages/airflow/example_dags/plugins/workday.py
[2024-08-05T09:19:20.709+0000] {processor.py:756} INFO - Processing file /home/airflow/.local/lib/python3.7/site-packages/airflow/example_dags/plugins/workday.py for tasks to queue
[2024-08-05T09:19:20.710+0000] {logging_mixin.py:120} INFO - [2024-08-05T09:19:20.710+0000] {dagbag.py:537} INFO - Filling up the DagBag from /home/airflow/.local/lib/python3.7/site-packages/airflow/example_dags/plugins/workday.py
[2024-08-05T09:19:20.721+0000] {processor.py:768} WARNING - No viable dags retrieved from /home/airflow/.local/lib/python3.7/site-packages/airflow/example_dags/plugins/workday.py
[2024-08-05T09:19:20.740+0000] {processor.py:176} INFO - Processing /home/airflow/.local/lib/python3.7/site-packages/airflow/example_dags/plugins/workday.py took 0.037 seconds
[2024-08-05T09:19:52.304+0000] {processor.py:154} INFO - Started process (PID=15286) to work on /home/airflow/.local/lib/python3.7/site-packages/airflow/example_dags/plugins/workday.py
[2024-08-05T09:19:52.306+0000] {processor.py:756} INFO - Processing file /home/airflow/.local/lib/python3.7/site-packages/airflow/example_dags/plugins/workday.py for tasks to queue
[2024-08-05T09:19:52.307+0000] {logging_mixin.py:120} INFO - [2024-08-05T09:19:52.307+0000] {dagbag.py:537} INFO - Filling up the DagBag from /home/airflow/.local/lib/python3.7/site-packages/airflow/example_dags/plugins/workday.py
[2024-08-05T09:19:52.319+0000] {processor.py:768} WARNING - No viable dags retrieved from /home/airflow/.local/lib/python3.7/site-packages/airflow/example_dags/plugins/workday.py
[2024-08-05T09:19:52.337+0000] {processor.py:176} INFO - Processing /home/airflow/.local/lib/python3.7/site-packages/airflow/example_dags/plugins/workday.py took 0.037 seconds
[2024-08-05T09:20:27.708+0000] {processor.py:154} INFO - Started process (PID=15353) to work on /home/airflow/.local/lib/python3.7/site-packages/airflow/example_dags/plugins/workday.py
[2024-08-05T09:20:27.714+0000] {processor.py:756} INFO - Processing file /home/airflow/.local/lib/python3.7/site-packages/airflow/example_dags/plugins/workday.py for tasks to queue
[2024-08-05T09:20:27.718+0000] {logging_mixin.py:120} INFO - [2024-08-05T09:20:27.718+0000] {dagbag.py:537} INFO - Filling up the DagBag from /home/airflow/.local/lib/python3.7/site-packages/airflow/example_dags/plugins/workday.py
[2024-08-05T09:20:27.731+0000] {processor.py:768} WARNING - No viable dags retrieved from /home/airflow/.local/lib/python3.7/site-packages/airflow/example_dags/plugins/workday.py
[2024-08-05T09:20:27.747+0000] {processor.py:176} INFO - Processing /home/airflow/.local/lib/python3.7/site-packages/airflow/example_dags/plugins/workday.py took 0.043 seconds
[2024-08-05T09:20:58.440+0000] {processor.py:154} INFO - Started process (PID=15420) to work on /home/airflow/.local/lib/python3.7/site-packages/airflow/example_dags/plugins/workday.py
[2024-08-05T09:20:58.441+0000] {processor.py:756} INFO - Processing file /home/airflow/.local/lib/python3.7/site-packages/airflow/example_dags/plugins/workday.py for tasks to queue
[2024-08-05T09:20:58.442+0000] {logging_mixin.py:120} INFO - [2024-08-05T09:20:58.442+0000] {dagbag.py:537} INFO - Filling up the DagBag from /home/airflow/.local/lib/python3.7/site-packages/airflow/example_dags/plugins/workday.py
[2024-08-05T09:20:58.445+0000] {processor.py:768} WARNING - No viable dags retrieved from /home/airflow/.local/lib/python3.7/site-packages/airflow/example_dags/plugins/workday.py
[2024-08-05T09:20:58.487+0000] {processor.py:176} INFO - Processing /home/airflow/.local/lib/python3.7/site-packages/airflow/example_dags/plugins/workday.py took 0.051 seconds
[2024-08-05T09:21:32.974+0000] {processor.py:154} INFO - Started process (PID=15478) to work on /home/airflow/.local/lib/python3.7/site-packages/airflow/example_dags/plugins/workday.py
[2024-08-05T09:21:32.987+0000] {processor.py:756} INFO - Processing file /home/airflow/.local/lib/python3.7/site-packages/airflow/example_dags/plugins/workday.py for tasks to queue
[2024-08-05T09:21:32.988+0000] {logging_mixin.py:120} INFO - [2024-08-05T09:21:32.988+0000] {dagbag.py:537} INFO - Filling up the DagBag from /home/airflow/.local/lib/python3.7/site-packages/airflow/example_dags/plugins/workday.py
[2024-08-05T09:21:33.000+0000] {processor.py:768} WARNING - No viable dags retrieved from /home/airflow/.local/lib/python3.7/site-packages/airflow/example_dags/plugins/workday.py
[2024-08-05T09:21:33.016+0000] {processor.py:176} INFO - Processing /home/airflow/.local/lib/python3.7/site-packages/airflow/example_dags/plugins/workday.py took 0.045 seconds
[2024-08-05T09:22:04.209+0000] {processor.py:154} INFO - Started process (PID=15545) to work on /home/airflow/.local/lib/python3.7/site-packages/airflow/example_dags/plugins/workday.py
[2024-08-05T09:22:04.212+0000] {processor.py:756} INFO - Processing file /home/airflow/.local/lib/python3.7/site-packages/airflow/example_dags/plugins/workday.py for tasks to queue
[2024-08-05T09:22:04.213+0000] {logging_mixin.py:120} INFO - [2024-08-05T09:22:04.213+0000] {dagbag.py:537} INFO - Filling up the DagBag from /home/airflow/.local/lib/python3.7/site-packages/airflow/example_dags/plugins/workday.py
[2024-08-05T09:22:04.216+0000] {processor.py:768} WARNING - No viable dags retrieved from /home/airflow/.local/lib/python3.7/site-packages/airflow/example_dags/plugins/workday.py
[2024-08-05T09:22:04.251+0000] {processor.py:176} INFO - Processing /home/airflow/.local/lib/python3.7/site-packages/airflow/example_dags/plugins/workday.py took 0.048 seconds
[2024-08-05T09:22:35.336+0000] {processor.py:154} INFO - Started process (PID=15612) to work on /home/airflow/.local/lib/python3.7/site-packages/airflow/example_dags/plugins/workday.py
[2024-08-05T09:22:35.338+0000] {processor.py:756} INFO - Processing file /home/airflow/.local/lib/python3.7/site-packages/airflow/example_dags/plugins/workday.py for tasks to queue
[2024-08-05T09:22:35.340+0000] {logging_mixin.py:120} INFO - [2024-08-05T09:22:35.340+0000] {dagbag.py:537} INFO - Filling up the DagBag from /home/airflow/.local/lib/python3.7/site-packages/airflow/example_dags/plugins/workday.py
[2024-08-05T09:22:35.342+0000] {processor.py:768} WARNING - No viable dags retrieved from /home/airflow/.local/lib/python3.7/site-packages/airflow/example_dags/plugins/workday.py
[2024-08-05T09:22:35.368+0000] {processor.py:176} INFO - Processing /home/airflow/.local/lib/python3.7/site-packages/airflow/example_dags/plugins/workday.py took 0.034 seconds
[2024-08-05T09:23:05.668+0000] {processor.py:154} INFO - Started process (PID=15670) to work on /home/airflow/.local/lib/python3.7/site-packages/airflow/example_dags/plugins/workday.py
[2024-08-05T09:23:05.670+0000] {processor.py:756} INFO - Processing file /home/airflow/.local/lib/python3.7/site-packages/airflow/example_dags/plugins/workday.py for tasks to queue
[2024-08-05T09:23:05.673+0000] {logging_mixin.py:120} INFO - [2024-08-05T09:23:05.672+0000] {dagbag.py:537} INFO - Filling up the DagBag from /home/airflow/.local/lib/python3.7/site-packages/airflow/example_dags/plugins/workday.py
[2024-08-05T09:23:05.676+0000] {processor.py:768} WARNING - No viable dags retrieved from /home/airflow/.local/lib/python3.7/site-packages/airflow/example_dags/plugins/workday.py
[2024-08-05T09:23:05.717+0000] {processor.py:176} INFO - Processing /home/airflow/.local/lib/python3.7/site-packages/airflow/example_dags/plugins/workday.py took 0.055 seconds
[2024-08-05T09:23:39.268+0000] {processor.py:154} INFO - Started process (PID=15737) to work on /home/airflow/.local/lib/python3.7/site-packages/airflow/example_dags/plugins/workday.py
[2024-08-05T09:23:39.270+0000] {processor.py:756} INFO - Processing file /home/airflow/.local/lib/python3.7/site-packages/airflow/example_dags/plugins/workday.py for tasks to queue
[2024-08-05T09:23:39.280+0000] {logging_mixin.py:120} INFO - [2024-08-05T09:23:39.271+0000] {dagbag.py:537} INFO - Filling up the DagBag from /home/airflow/.local/lib/python3.7/site-packages/airflow/example_dags/plugins/workday.py
[2024-08-05T09:23:39.282+0000] {processor.py:768} WARNING - No viable dags retrieved from /home/airflow/.local/lib/python3.7/site-packages/airflow/example_dags/plugins/workday.py
[2024-08-05T09:23:39.318+0000] {processor.py:176} INFO - Processing /home/airflow/.local/lib/python3.7/site-packages/airflow/example_dags/plugins/workday.py took 0.054 seconds
[2024-08-05T09:24:09.640+0000] {processor.py:154} INFO - Started process (PID=15805) to work on /home/airflow/.local/lib/python3.7/site-packages/airflow/example_dags/plugins/workday.py
[2024-08-05T09:24:09.642+0000] {processor.py:756} INFO - Processing file /home/airflow/.local/lib/python3.7/site-packages/airflow/example_dags/plugins/workday.py for tasks to queue
[2024-08-05T09:24:09.643+0000] {logging_mixin.py:120} INFO - [2024-08-05T09:24:09.643+0000] {dagbag.py:537} INFO - Filling up the DagBag from /home/airflow/.local/lib/python3.7/site-packages/airflow/example_dags/plugins/workday.py
[2024-08-05T09:24:09.646+0000] {processor.py:768} WARNING - No viable dags retrieved from /home/airflow/.local/lib/python3.7/site-packages/airflow/example_dags/plugins/workday.py
[2024-08-05T09:24:09.663+0000] {processor.py:176} INFO - Processing /home/airflow/.local/lib/python3.7/site-packages/airflow/example_dags/plugins/workday.py took 0.027 seconds
[2024-08-05T09:24:43.038+0000] {processor.py:154} INFO - Started process (PID=15863) to work on /home/airflow/.local/lib/python3.7/site-packages/airflow/example_dags/plugins/workday.py
[2024-08-05T09:24:43.044+0000] {processor.py:756} INFO - Processing file /home/airflow/.local/lib/python3.7/site-packages/airflow/example_dags/plugins/workday.py for tasks to queue
[2024-08-05T09:24:43.047+0000] {logging_mixin.py:120} INFO - [2024-08-05T09:24:43.047+0000] {dagbag.py:537} INFO - Filling up the DagBag from /home/airflow/.local/lib/python3.7/site-packages/airflow/example_dags/plugins/workday.py
[2024-08-05T09:24:43.050+0000] {processor.py:768} WARNING - No viable dags retrieved from /home/airflow/.local/lib/python3.7/site-packages/airflow/example_dags/plugins/workday.py
[2024-08-05T09:24:43.079+0000] {processor.py:176} INFO - Processing /home/airflow/.local/lib/python3.7/site-packages/airflow/example_dags/plugins/workday.py took 0.046 seconds
[2024-08-05T09:25:14.260+0000] {processor.py:154} INFO - Started process (PID=15930) to work on /home/airflow/.local/lib/python3.7/site-packages/airflow/example_dags/plugins/workday.py
[2024-08-05T09:25:14.261+0000] {processor.py:756} INFO - Processing file /home/airflow/.local/lib/python3.7/site-packages/airflow/example_dags/plugins/workday.py for tasks to queue
[2024-08-05T09:25:14.263+0000] {logging_mixin.py:120} INFO - [2024-08-05T09:25:14.262+0000] {dagbag.py:537} INFO - Filling up the DagBag from /home/airflow/.local/lib/python3.7/site-packages/airflow/example_dags/plugins/workday.py
[2024-08-05T09:25:14.264+0000] {processor.py:768} WARNING - No viable dags retrieved from /home/airflow/.local/lib/python3.7/site-packages/airflow/example_dags/plugins/workday.py
[2024-08-05T09:25:14.287+0000] {processor.py:176} INFO - Processing /home/airflow/.local/lib/python3.7/site-packages/airflow/example_dags/plugins/workday.py took 0.029 seconds
[2024-08-05T09:25:44.361+0000] {processor.py:154} INFO - Started process (PID=15997) to work on /home/airflow/.local/lib/python3.7/site-packages/airflow/example_dags/plugins/workday.py
[2024-08-05T09:25:44.362+0000] {processor.py:756} INFO - Processing file /home/airflow/.local/lib/python3.7/site-packages/airflow/example_dags/plugins/workday.py for tasks to queue
[2024-08-05T09:25:44.363+0000] {logging_mixin.py:120} INFO - [2024-08-05T09:25:44.363+0000] {dagbag.py:537} INFO - Filling up the DagBag from /home/airflow/.local/lib/python3.7/site-packages/airflow/example_dags/plugins/workday.py
[2024-08-05T09:25:44.365+0000] {processor.py:768} WARNING - No viable dags retrieved from /home/airflow/.local/lib/python3.7/site-packages/airflow/example_dags/plugins/workday.py
[2024-08-05T09:25:44.380+0000] {processor.py:176} INFO - Processing /home/airflow/.local/lib/python3.7/site-packages/airflow/example_dags/plugins/workday.py took 0.022 seconds
[2024-08-05T09:26:17.592+0000] {processor.py:154} INFO - Started process (PID=16055) to work on /home/airflow/.local/lib/python3.7/site-packages/airflow/example_dags/plugins/workday.py
[2024-08-05T09:26:17.594+0000] {processor.py:756} INFO - Processing file /home/airflow/.local/lib/python3.7/site-packages/airflow/example_dags/plugins/workday.py for tasks to queue
[2024-08-05T09:26:17.595+0000] {logging_mixin.py:120} INFO - [2024-08-05T09:26:17.595+0000] {dagbag.py:537} INFO - Filling up the DagBag from /home/airflow/.local/lib/python3.7/site-packages/airflow/example_dags/plugins/workday.py
[2024-08-05T09:26:17.597+0000] {processor.py:768} WARNING - No viable dags retrieved from /home/airflow/.local/lib/python3.7/site-packages/airflow/example_dags/plugins/workday.py
[2024-08-05T09:26:17.612+0000] {processor.py:176} INFO - Processing /home/airflow/.local/lib/python3.7/site-packages/airflow/example_dags/plugins/workday.py took 0.023 seconds
[2024-08-05T09:26:48.668+0000] {processor.py:154} INFO - Started process (PID=16123) to work on /home/airflow/.local/lib/python3.7/site-packages/airflow/example_dags/plugins/workday.py
[2024-08-05T09:26:48.669+0000] {processor.py:756} INFO - Processing file /home/airflow/.local/lib/python3.7/site-packages/airflow/example_dags/plugins/workday.py for tasks to queue
[2024-08-05T09:26:48.671+0000] {logging_mixin.py:120} INFO - [2024-08-05T09:26:48.670+0000] {dagbag.py:537} INFO - Filling up the DagBag from /home/airflow/.local/lib/python3.7/site-packages/airflow/example_dags/plugins/workday.py
[2024-08-05T09:26:48.674+0000] {processor.py:768} WARNING - No viable dags retrieved from /home/airflow/.local/lib/python3.7/site-packages/airflow/example_dags/plugins/workday.py
[2024-08-05T09:26:48.702+0000] {processor.py:176} INFO - Processing /home/airflow/.local/lib/python3.7/site-packages/airflow/example_dags/plugins/workday.py took 0.039 seconds
[2024-08-05T09:27:20.955+0000] {processor.py:154} INFO - Started process (PID=16189) to work on /home/airflow/.local/lib/python3.7/site-packages/airflow/example_dags/plugins/workday.py
[2024-08-05T09:27:21.049+0000] {processor.py:756} INFO - Processing file /home/airflow/.local/lib/python3.7/site-packages/airflow/example_dags/plugins/workday.py for tasks to queue
[2024-08-05T09:27:21.069+0000] {logging_mixin.py:120} INFO - [2024-08-05T09:27:21.069+0000] {dagbag.py:537} INFO - Filling up the DagBag from /home/airflow/.local/lib/python3.7/site-packages/airflow/example_dags/plugins/workday.py
[2024-08-05T09:27:21.080+0000] {processor.py:768} WARNING - No viable dags retrieved from /home/airflow/.local/lib/python3.7/site-packages/airflow/example_dags/plugins/workday.py
[2024-08-05T09:27:21.111+0000] {processor.py:176} INFO - Processing /home/airflow/.local/lib/python3.7/site-packages/airflow/example_dags/plugins/workday.py took 0.159 seconds
[2024-08-05T09:27:51.639+0000] {processor.py:154} INFO - Started process (PID=16247) to work on /home/airflow/.local/lib/python3.7/site-packages/airflow/example_dags/plugins/workday.py
[2024-08-05T09:27:51.640+0000] {processor.py:756} INFO - Processing file /home/airflow/.local/lib/python3.7/site-packages/airflow/example_dags/plugins/workday.py for tasks to queue
[2024-08-05T09:27:51.641+0000] {logging_mixin.py:120} INFO - [2024-08-05T09:27:51.641+0000] {dagbag.py:537} INFO - Filling up the DagBag from /home/airflow/.local/lib/python3.7/site-packages/airflow/example_dags/plugins/workday.py
[2024-08-05T09:27:51.644+0000] {processor.py:768} WARNING - No viable dags retrieved from /home/airflow/.local/lib/python3.7/site-packages/airflow/example_dags/plugins/workday.py
[2024-08-05T09:27:51.660+0000] {processor.py:176} INFO - Processing /home/airflow/.local/lib/python3.7/site-packages/airflow/example_dags/plugins/workday.py took 0.026 seconds
[2024-08-05T09:28:22.808+0000] {processor.py:154} INFO - Started process (PID=16315) to work on /home/airflow/.local/lib/python3.7/site-packages/airflow/example_dags/plugins/workday.py
[2024-08-05T09:28:22.809+0000] {processor.py:756} INFO - Processing file /home/airflow/.local/lib/python3.7/site-packages/airflow/example_dags/plugins/workday.py for tasks to queue
[2024-08-05T09:28:22.811+0000] {logging_mixin.py:120} INFO - [2024-08-05T09:28:22.810+0000] {dagbag.py:537} INFO - Filling up the DagBag from /home/airflow/.local/lib/python3.7/site-packages/airflow/example_dags/plugins/workday.py
[2024-08-05T09:28:22.813+0000] {processor.py:768} WARNING - No viable dags retrieved from /home/airflow/.local/lib/python3.7/site-packages/airflow/example_dags/plugins/workday.py
[2024-08-05T09:28:22.831+0000] {processor.py:176} INFO - Processing /home/airflow/.local/lib/python3.7/site-packages/airflow/example_dags/plugins/workday.py took 0.027 seconds
[2024-08-05T09:28:53.503+0000] {processor.py:154} INFO - Started process (PID=16382) to work on /home/airflow/.local/lib/python3.7/site-packages/airflow/example_dags/plugins/workday.py
[2024-08-05T09:28:53.504+0000] {processor.py:756} INFO - Processing file /home/airflow/.local/lib/python3.7/site-packages/airflow/example_dags/plugins/workday.py for tasks to queue
[2024-08-05T09:28:53.505+0000] {logging_mixin.py:120} INFO - [2024-08-05T09:28:53.505+0000] {dagbag.py:537} INFO - Filling up the DagBag from /home/airflow/.local/lib/python3.7/site-packages/airflow/example_dags/plugins/workday.py
[2024-08-05T09:28:53.507+0000] {processor.py:768} WARNING - No viable dags retrieved from /home/airflow/.local/lib/python3.7/site-packages/airflow/example_dags/plugins/workday.py
[2024-08-05T09:28:53.524+0000] {processor.py:176} INFO - Processing /home/airflow/.local/lib/python3.7/site-packages/airflow/example_dags/plugins/workday.py took 0.025 seconds
[2024-08-05T09:29:24.594+0000] {processor.py:154} INFO - Started process (PID=16449) to work on /home/airflow/.local/lib/python3.7/site-packages/airflow/example_dags/plugins/workday.py
[2024-08-05T09:29:24.599+0000] {processor.py:756} INFO - Processing file /home/airflow/.local/lib/python3.7/site-packages/airflow/example_dags/plugins/workday.py for tasks to queue
[2024-08-05T09:29:24.600+0000] {logging_mixin.py:120} INFO - [2024-08-05T09:29:24.600+0000] {dagbag.py:537} INFO - Filling up the DagBag from /home/airflow/.local/lib/python3.7/site-packages/airflow/example_dags/plugins/workday.py
[2024-08-05T09:29:24.603+0000] {processor.py:768} WARNING - No viable dags retrieved from /home/airflow/.local/lib/python3.7/site-packages/airflow/example_dags/plugins/workday.py
[2024-08-05T09:29:24.634+0000] {processor.py:176} INFO - Processing /home/airflow/.local/lib/python3.7/site-packages/airflow/example_dags/plugins/workday.py took 0.043 seconds
[2024-08-05T09:29:55.287+0000] {processor.py:154} INFO - Started process (PID=16507) to work on /home/airflow/.local/lib/python3.7/site-packages/airflow/example_dags/plugins/workday.py
[2024-08-05T09:29:55.288+0000] {processor.py:756} INFO - Processing file /home/airflow/.local/lib/python3.7/site-packages/airflow/example_dags/plugins/workday.py for tasks to queue
[2024-08-05T09:29:55.289+0000] {logging_mixin.py:120} INFO - [2024-08-05T09:29:55.289+0000] {dagbag.py:537} INFO - Filling up the DagBag from /home/airflow/.local/lib/python3.7/site-packages/airflow/example_dags/plugins/workday.py
[2024-08-05T09:29:55.389+0000] {processor.py:768} WARNING - No viable dags retrieved from /home/airflow/.local/lib/python3.7/site-packages/airflow/example_dags/plugins/workday.py
[2024-08-05T09:29:55.425+0000] {processor.py:176} INFO - Processing /home/airflow/.local/lib/python3.7/site-packages/airflow/example_dags/plugins/workday.py took 0.143 seconds
[2024-08-05T09:30:27.179+0000] {processor.py:154} INFO - Started process (PID=16574) to work on /home/airflow/.local/lib/python3.7/site-packages/airflow/example_dags/plugins/workday.py
[2024-08-05T09:30:27.180+0000] {processor.py:756} INFO - Processing file /home/airflow/.local/lib/python3.7/site-packages/airflow/example_dags/plugins/workday.py for tasks to queue
[2024-08-05T09:30:27.180+0000] {logging_mixin.py:120} INFO - [2024-08-05T09:30:27.180+0000] {dagbag.py:537} INFO - Filling up the DagBag from /home/airflow/.local/lib/python3.7/site-packages/airflow/example_dags/plugins/workday.py
[2024-08-05T09:30:27.182+0000] {processor.py:768} WARNING - No viable dags retrieved from /home/airflow/.local/lib/python3.7/site-packages/airflow/example_dags/plugins/workday.py
[2024-08-05T09:30:27.203+0000] {processor.py:176} INFO - Processing /home/airflow/.local/lib/python3.7/site-packages/airflow/example_dags/plugins/workday.py took 0.028 seconds
[2024-08-05T09:30:57.521+0000] {processor.py:154} INFO - Started process (PID=16632) to work on /home/airflow/.local/lib/python3.7/site-packages/airflow/example_dags/plugins/workday.py
[2024-08-05T09:30:57.522+0000] {processor.py:756} INFO - Processing file /home/airflow/.local/lib/python3.7/site-packages/airflow/example_dags/plugins/workday.py for tasks to queue
[2024-08-05T09:30:57.523+0000] {logging_mixin.py:120} INFO - [2024-08-05T09:30:57.523+0000] {dagbag.py:537} INFO - Filling up the DagBag from /home/airflow/.local/lib/python3.7/site-packages/airflow/example_dags/plugins/workday.py
[2024-08-05T09:30:57.525+0000] {processor.py:768} WARNING - No viable dags retrieved from /home/airflow/.local/lib/python3.7/site-packages/airflow/example_dags/plugins/workday.py
[2024-08-05T09:30:57.542+0000] {processor.py:176} INFO - Processing /home/airflow/.local/lib/python3.7/site-packages/airflow/example_dags/plugins/workday.py took 0.025 seconds
[2024-08-05T09:31:28.996+0000] {processor.py:154} INFO - Started process (PID=16699) to work on /home/airflow/.local/lib/python3.7/site-packages/airflow/example_dags/plugins/workday.py
[2024-08-05T09:31:28.998+0000] {processor.py:756} INFO - Processing file /home/airflow/.local/lib/python3.7/site-packages/airflow/example_dags/plugins/workday.py for tasks to queue
[2024-08-05T09:31:29.009+0000] {logging_mixin.py:120} INFO - [2024-08-05T09:31:28.999+0000] {dagbag.py:537} INFO - Filling up the DagBag from /home/airflow/.local/lib/python3.7/site-packages/airflow/example_dags/plugins/workday.py
[2024-08-05T09:31:29.011+0000] {processor.py:768} WARNING - No viable dags retrieved from /home/airflow/.local/lib/python3.7/site-packages/airflow/example_dags/plugins/workday.py
[2024-08-05T09:31:29.028+0000] {processor.py:176} INFO - Processing /home/airflow/.local/lib/python3.7/site-packages/airflow/example_dags/plugins/workday.py took 0.036 seconds
[2024-08-05T09:32:01.385+0000] {processor.py:154} INFO - Started process (PID=16767) to work on /home/airflow/.local/lib/python3.7/site-packages/airflow/example_dags/plugins/workday.py
[2024-08-05T09:32:01.387+0000] {processor.py:756} INFO - Processing file /home/airflow/.local/lib/python3.7/site-packages/airflow/example_dags/plugins/workday.py for tasks to queue
[2024-08-05T09:32:01.394+0000] {logging_mixin.py:120} INFO - [2024-08-05T09:32:01.394+0000] {dagbag.py:537} INFO - Filling up the DagBag from /home/airflow/.local/lib/python3.7/site-packages/airflow/example_dags/plugins/workday.py
[2024-08-05T09:32:01.397+0000] {processor.py:768} WARNING - No viable dags retrieved from /home/airflow/.local/lib/python3.7/site-packages/airflow/example_dags/plugins/workday.py
[2024-08-05T09:32:01.414+0000] {processor.py:176} INFO - Processing /home/airflow/.local/lib/python3.7/site-packages/airflow/example_dags/plugins/workday.py took 0.033 seconds
[2024-08-05T09:32:31.607+0000] {processor.py:154} INFO - Started process (PID=16832) to work on /home/airflow/.local/lib/python3.7/site-packages/airflow/example_dags/plugins/workday.py
[2024-08-05T09:32:31.610+0000] {processor.py:756} INFO - Processing file /home/airflow/.local/lib/python3.7/site-packages/airflow/example_dags/plugins/workday.py for tasks to queue
[2024-08-05T09:32:31.611+0000] {logging_mixin.py:120} INFO - [2024-08-05T09:32:31.611+0000] {dagbag.py:537} INFO - Filling up the DagBag from /home/airflow/.local/lib/python3.7/site-packages/airflow/example_dags/plugins/workday.py
[2024-08-05T09:32:31.613+0000] {processor.py:768} WARNING - No viable dags retrieved from /home/airflow/.local/lib/python3.7/site-packages/airflow/example_dags/plugins/workday.py
[2024-08-05T09:32:31.631+0000] {processor.py:176} INFO - Processing /home/airflow/.local/lib/python3.7/site-packages/airflow/example_dags/plugins/workday.py took 0.029 seconds
[2024-08-05T09:33:01.682+0000] {processor.py:154} INFO - Started process (PID=16890) to work on /home/airflow/.local/lib/python3.7/site-packages/airflow/example_dags/plugins/workday.py
[2024-08-05T09:33:01.683+0000] {processor.py:756} INFO - Processing file /home/airflow/.local/lib/python3.7/site-packages/airflow/example_dags/plugins/workday.py for tasks to queue
[2024-08-05T09:33:01.684+0000] {logging_mixin.py:120} INFO - [2024-08-05T09:33:01.684+0000] {dagbag.py:537} INFO - Filling up the DagBag from /home/airflow/.local/lib/python3.7/site-packages/airflow/example_dags/plugins/workday.py
[2024-08-05T09:33:01.686+0000] {processor.py:768} WARNING - No viable dags retrieved from /home/airflow/.local/lib/python3.7/site-packages/airflow/example_dags/plugins/workday.py
[2024-08-05T09:33:01.700+0000] {processor.py:176} INFO - Processing /home/airflow/.local/lib/python3.7/site-packages/airflow/example_dags/plugins/workday.py took 0.023 seconds
[2024-08-05T09:33:32.227+0000] {processor.py:154} INFO - Started process (PID=16957) to work on /home/airflow/.local/lib/python3.7/site-packages/airflow/example_dags/plugins/workday.py
[2024-08-05T09:33:32.229+0000] {processor.py:756} INFO - Processing file /home/airflow/.local/lib/python3.7/site-packages/airflow/example_dags/plugins/workday.py for tasks to queue
[2024-08-05T09:33:32.231+0000] {logging_mixin.py:120} INFO - [2024-08-05T09:33:32.230+0000] {dagbag.py:537} INFO - Filling up the DagBag from /home/airflow/.local/lib/python3.7/site-packages/airflow/example_dags/plugins/workday.py
[2024-08-05T09:33:32.233+0000] {processor.py:768} WARNING - No viable dags retrieved from /home/airflow/.local/lib/python3.7/site-packages/airflow/example_dags/plugins/workday.py
[2024-08-05T09:33:32.255+0000] {processor.py:176} INFO - Processing /home/airflow/.local/lib/python3.7/site-packages/airflow/example_dags/plugins/workday.py took 0.032 seconds
[2024-08-05T09:34:08.361+0000] {processor.py:154} INFO - Started process (PID=17024) to work on /home/airflow/.local/lib/python3.7/site-packages/airflow/example_dags/plugins/workday.py
[2024-08-05T09:34:08.363+0000] {processor.py:756} INFO - Processing file /home/airflow/.local/lib/python3.7/site-packages/airflow/example_dags/plugins/workday.py for tasks to queue
[2024-08-05T09:34:08.365+0000] {logging_mixin.py:120} INFO - [2024-08-05T09:34:08.365+0000] {dagbag.py:537} INFO - Filling up the DagBag from /home/airflow/.local/lib/python3.7/site-packages/airflow/example_dags/plugins/workday.py
[2024-08-05T09:34:08.367+0000] {processor.py:768} WARNING - No viable dags retrieved from /home/airflow/.local/lib/python3.7/site-packages/airflow/example_dags/plugins/workday.py
[2024-08-05T09:34:08.387+0000] {processor.py:176} INFO - Processing /home/airflow/.local/lib/python3.7/site-packages/airflow/example_dags/plugins/workday.py took 0.029 seconds
[2024-08-05T09:34:39.055+0000] {processor.py:154} INFO - Started process (PID=17092) to work on /home/airflow/.local/lib/python3.7/site-packages/airflow/example_dags/plugins/workday.py
[2024-08-05T09:34:39.074+0000] {processor.py:756} INFO - Processing file /home/airflow/.local/lib/python3.7/site-packages/airflow/example_dags/plugins/workday.py for tasks to queue
[2024-08-05T09:34:39.077+0000] {logging_mixin.py:120} INFO - [2024-08-05T09:34:39.077+0000] {dagbag.py:537} INFO - Filling up the DagBag from /home/airflow/.local/lib/python3.7/site-packages/airflow/example_dags/plugins/workday.py
[2024-08-05T09:34:39.082+0000] {processor.py:768} WARNING - No viable dags retrieved from /home/airflow/.local/lib/python3.7/site-packages/airflow/example_dags/plugins/workday.py
[2024-08-05T09:34:39.114+0000] {processor.py:176} INFO - Processing /home/airflow/.local/lib/python3.7/site-packages/airflow/example_dags/plugins/workday.py took 0.062 seconds
[2024-08-05T09:35:09.958+0000] {processor.py:154} INFO - Started process (PID=17150) to work on /home/airflow/.local/lib/python3.7/site-packages/airflow/example_dags/plugins/workday.py
[2024-08-05T09:35:09.960+0000] {processor.py:756} INFO - Processing file /home/airflow/.local/lib/python3.7/site-packages/airflow/example_dags/plugins/workday.py for tasks to queue
[2024-08-05T09:35:09.961+0000] {logging_mixin.py:120} INFO - [2024-08-05T09:35:09.960+0000] {dagbag.py:537} INFO - Filling up the DagBag from /home/airflow/.local/lib/python3.7/site-packages/airflow/example_dags/plugins/workday.py
[2024-08-05T09:35:09.971+0000] {processor.py:768} WARNING - No viable dags retrieved from /home/airflow/.local/lib/python3.7/site-packages/airflow/example_dags/plugins/workday.py
[2024-08-05T09:35:09.990+0000] {processor.py:176} INFO - Processing /home/airflow/.local/lib/python3.7/site-packages/airflow/example_dags/plugins/workday.py took 0.035 seconds
[2024-08-05T09:35:40.622+0000] {processor.py:154} INFO - Started process (PID=17217) to work on /home/airflow/.local/lib/python3.7/site-packages/airflow/example_dags/plugins/workday.py
[2024-08-05T09:35:40.623+0000] {processor.py:756} INFO - Processing file /home/airflow/.local/lib/python3.7/site-packages/airflow/example_dags/plugins/workday.py for tasks to queue
[2024-08-05T09:35:40.624+0000] {logging_mixin.py:120} INFO - [2024-08-05T09:35:40.624+0000] {dagbag.py:537} INFO - Filling up the DagBag from /home/airflow/.local/lib/python3.7/site-packages/airflow/example_dags/plugins/workday.py
[2024-08-05T09:35:40.626+0000] {processor.py:768} WARNING - No viable dags retrieved from /home/airflow/.local/lib/python3.7/site-packages/airflow/example_dags/plugins/workday.py
[2024-08-05T09:35:40.642+0000] {processor.py:176} INFO - Processing /home/airflow/.local/lib/python3.7/site-packages/airflow/example_dags/plugins/workday.py took 0.024 seconds
[2024-08-05T09:36:10.820+0000] {processor.py:154} INFO - Started process (PID=17275) to work on /home/airflow/.local/lib/python3.7/site-packages/airflow/example_dags/plugins/workday.py
[2024-08-05T09:36:10.821+0000] {processor.py:756} INFO - Processing file /home/airflow/.local/lib/python3.7/site-packages/airflow/example_dags/plugins/workday.py for tasks to queue
[2024-08-05T09:36:10.822+0000] {logging_mixin.py:120} INFO - [2024-08-05T09:36:10.822+0000] {dagbag.py:537} INFO - Filling up the DagBag from /home/airflow/.local/lib/python3.7/site-packages/airflow/example_dags/plugins/workday.py
[2024-08-05T09:36:10.824+0000] {processor.py:768} WARNING - No viable dags retrieved from /home/airflow/.local/lib/python3.7/site-packages/airflow/example_dags/plugins/workday.py
[2024-08-05T09:36:10.841+0000] {processor.py:176} INFO - Processing /home/airflow/.local/lib/python3.7/site-packages/airflow/example_dags/plugins/workday.py took 0.025 seconds
[2024-08-05T09:36:42.365+0000] {processor.py:154} INFO - Started process (PID=17342) to work on /home/airflow/.local/lib/python3.7/site-packages/airflow/example_dags/plugins/workday.py
[2024-08-05T09:36:42.481+0000] {processor.py:756} INFO - Processing file /home/airflow/.local/lib/python3.7/site-packages/airflow/example_dags/plugins/workday.py for tasks to queue
[2024-08-05T09:36:42.581+0000] {logging_mixin.py:120} INFO - [2024-08-05T09:36:42.580+0000] {dagbag.py:537} INFO - Filling up the DagBag from /home/airflow/.local/lib/python3.7/site-packages/airflow/example_dags/plugins/workday.py
[2024-08-05T09:36:42.583+0000] {processor.py:768} WARNING - No viable dags retrieved from /home/airflow/.local/lib/python3.7/site-packages/airflow/example_dags/plugins/workday.py
[2024-08-05T09:36:42.654+0000] {processor.py:176} INFO - Processing /home/airflow/.local/lib/python3.7/site-packages/airflow/example_dags/plugins/workday.py took 0.296 seconds
[2024-08-05T09:37:12.970+0000] {processor.py:154} INFO - Started process (PID=17409) to work on /home/airflow/.local/lib/python3.7/site-packages/airflow/example_dags/plugins/workday.py
[2024-08-05T09:37:12.972+0000] {processor.py:756} INFO - Processing file /home/airflow/.local/lib/python3.7/site-packages/airflow/example_dags/plugins/workday.py for tasks to queue
[2024-08-05T09:37:12.973+0000] {logging_mixin.py:120} INFO - [2024-08-05T09:37:12.973+0000] {dagbag.py:537} INFO - Filling up the DagBag from /home/airflow/.local/lib/python3.7/site-packages/airflow/example_dags/plugins/workday.py
[2024-08-05T09:37:13.058+0000] {processor.py:768} WARNING - No viable dags retrieved from /home/airflow/.local/lib/python3.7/site-packages/airflow/example_dags/plugins/workday.py
[2024-08-05T09:37:13.098+0000] {processor.py:176} INFO - Processing /home/airflow/.local/lib/python3.7/site-packages/airflow/example_dags/plugins/workday.py took 0.132 seconds
[2024-08-05T09:37:44.057+0000] {processor.py:154} INFO - Started process (PID=17467) to work on /home/airflow/.local/lib/python3.7/site-packages/airflow/example_dags/plugins/workday.py
[2024-08-05T09:37:44.059+0000] {processor.py:756} INFO - Processing file /home/airflow/.local/lib/python3.7/site-packages/airflow/example_dags/plugins/workday.py for tasks to queue
[2024-08-05T09:37:44.061+0000] {logging_mixin.py:120} INFO - [2024-08-05T09:37:44.061+0000] {dagbag.py:537} INFO - Filling up the DagBag from /home/airflow/.local/lib/python3.7/site-packages/airflow/example_dags/plugins/workday.py
[2024-08-05T09:37:44.063+0000] {processor.py:768} WARNING - No viable dags retrieved from /home/airflow/.local/lib/python3.7/site-packages/airflow/example_dags/plugins/workday.py
[2024-08-05T09:37:44.080+0000] {processor.py:176} INFO - Processing /home/airflow/.local/lib/python3.7/site-packages/airflow/example_dags/plugins/workday.py took 0.027 seconds
[2024-08-05T09:38:14.811+0000] {processor.py:154} INFO - Started process (PID=17534) to work on /home/airflow/.local/lib/python3.7/site-packages/airflow/example_dags/plugins/workday.py
[2024-08-05T09:38:14.813+0000] {processor.py:756} INFO - Processing file /home/airflow/.local/lib/python3.7/site-packages/airflow/example_dags/plugins/workday.py for tasks to queue
[2024-08-05T09:38:14.815+0000] {logging_mixin.py:120} INFO - [2024-08-05T09:38:14.815+0000] {dagbag.py:537} INFO - Filling up the DagBag from /home/airflow/.local/lib/python3.7/site-packages/airflow/example_dags/plugins/workday.py
[2024-08-05T09:38:14.819+0000] {processor.py:768} WARNING - No viable dags retrieved from /home/airflow/.local/lib/python3.7/site-packages/airflow/example_dags/plugins/workday.py
[2024-08-05T09:38:14.839+0000] {processor.py:176} INFO - Processing /home/airflow/.local/lib/python3.7/site-packages/airflow/example_dags/plugins/workday.py took 0.031 seconds
[2024-08-05T09:38:45.210+0000] {processor.py:154} INFO - Started process (PID=17600) to work on /home/airflow/.local/lib/python3.7/site-packages/airflow/example_dags/plugins/workday.py
[2024-08-05T09:38:45.211+0000] {processor.py:756} INFO - Processing file /home/airflow/.local/lib/python3.7/site-packages/airflow/example_dags/plugins/workday.py for tasks to queue
[2024-08-05T09:38:45.212+0000] {logging_mixin.py:120} INFO - [2024-08-05T09:38:45.212+0000] {dagbag.py:537} INFO - Filling up the DagBag from /home/airflow/.local/lib/python3.7/site-packages/airflow/example_dags/plugins/workday.py
[2024-08-05T09:38:45.214+0000] {processor.py:768} WARNING - No viable dags retrieved from /home/airflow/.local/lib/python3.7/site-packages/airflow/example_dags/plugins/workday.py
[2024-08-05T09:38:45.228+0000] {processor.py:176} INFO - Processing /home/airflow/.local/lib/python3.7/site-packages/airflow/example_dags/plugins/workday.py took 0.022 seconds
[2024-08-05T09:39:15.669+0000] {processor.py:154} INFO - Started process (PID=17658) to work on /home/airflow/.local/lib/python3.7/site-packages/airflow/example_dags/plugins/workday.py
[2024-08-05T09:39:15.670+0000] {processor.py:756} INFO - Processing file /home/airflow/.local/lib/python3.7/site-packages/airflow/example_dags/plugins/workday.py for tasks to queue
[2024-08-05T09:39:15.672+0000] {logging_mixin.py:120} INFO - [2024-08-05T09:39:15.672+0000] {dagbag.py:537} INFO - Filling up the DagBag from /home/airflow/.local/lib/python3.7/site-packages/airflow/example_dags/plugins/workday.py
[2024-08-05T09:39:15.674+0000] {processor.py:768} WARNING - No viable dags retrieved from /home/airflow/.local/lib/python3.7/site-packages/airflow/example_dags/plugins/workday.py
[2024-08-05T09:39:15.709+0000] {processor.py:176} INFO - Processing /home/airflow/.local/lib/python3.7/site-packages/airflow/example_dags/plugins/workday.py took 0.044 seconds
[2024-08-05T09:39:46.375+0000] {processor.py:154} INFO - Started process (PID=17725) to work on /home/airflow/.local/lib/python3.7/site-packages/airflow/example_dags/plugins/workday.py
[2024-08-05T09:39:46.376+0000] {processor.py:756} INFO - Processing file /home/airflow/.local/lib/python3.7/site-packages/airflow/example_dags/plugins/workday.py for tasks to queue
[2024-08-05T09:39:46.377+0000] {logging_mixin.py:120} INFO - [2024-08-05T09:39:46.377+0000] {dagbag.py:537} INFO - Filling up the DagBag from /home/airflow/.local/lib/python3.7/site-packages/airflow/example_dags/plugins/workday.py
[2024-08-05T09:39:46.379+0000] {processor.py:768} WARNING - No viable dags retrieved from /home/airflow/.local/lib/python3.7/site-packages/airflow/example_dags/plugins/workday.py
[2024-08-05T09:39:46.394+0000] {processor.py:176} INFO - Processing /home/airflow/.local/lib/python3.7/site-packages/airflow/example_dags/plugins/workday.py took 0.023 seconds
[2024-08-05T09:40:16.623+0000] {processor.py:154} INFO - Started process (PID=17792) to work on /home/airflow/.local/lib/python3.7/site-packages/airflow/example_dags/plugins/workday.py
[2024-08-05T09:40:16.624+0000] {processor.py:756} INFO - Processing file /home/airflow/.local/lib/python3.7/site-packages/airflow/example_dags/plugins/workday.py for tasks to queue
[2024-08-05T09:40:16.625+0000] {logging_mixin.py:120} INFO - [2024-08-05T09:40:16.625+0000] {dagbag.py:537} INFO - Filling up the DagBag from /home/airflow/.local/lib/python3.7/site-packages/airflow/example_dags/plugins/workday.py
[2024-08-05T09:40:16.627+0000] {processor.py:768} WARNING - No viable dags retrieved from /home/airflow/.local/lib/python3.7/site-packages/airflow/example_dags/plugins/workday.py
[2024-08-05T09:40:16.642+0000] {processor.py:176} INFO - Processing /home/airflow/.local/lib/python3.7/site-packages/airflow/example_dags/plugins/workday.py took 0.022 seconds
[2024-08-05T09:40:46.932+0000] {processor.py:154} INFO - Started process (PID=17850) to work on /home/airflow/.local/lib/python3.7/site-packages/airflow/example_dags/plugins/workday.py
[2024-08-05T09:40:46.936+0000] {processor.py:756} INFO - Processing file /home/airflow/.local/lib/python3.7/site-packages/airflow/example_dags/plugins/workday.py for tasks to queue
[2024-08-05T09:40:46.937+0000] {logging_mixin.py:120} INFO - [2024-08-05T09:40:46.937+0000] {dagbag.py:537} INFO - Filling up the DagBag from /home/airflow/.local/lib/python3.7/site-packages/airflow/example_dags/plugins/workday.py
[2024-08-05T09:40:46.939+0000] {processor.py:768} WARNING - No viable dags retrieved from /home/airflow/.local/lib/python3.7/site-packages/airflow/example_dags/plugins/workday.py
[2024-08-05T09:40:46.953+0000] {processor.py:176} INFO - Processing /home/airflow/.local/lib/python3.7/site-packages/airflow/example_dags/plugins/workday.py took 0.024 seconds
[2024-08-05T09:41:17.380+0000] {processor.py:154} INFO - Started process (PID=17918) to work on /home/airflow/.local/lib/python3.7/site-packages/airflow/example_dags/plugins/workday.py
[2024-08-05T09:41:17.385+0000] {processor.py:756} INFO - Processing file /home/airflow/.local/lib/python3.7/site-packages/airflow/example_dags/plugins/workday.py for tasks to queue
[2024-08-05T09:41:17.387+0000] {logging_mixin.py:120} INFO - [2024-08-05T09:41:17.387+0000] {dagbag.py:537} INFO - Filling up the DagBag from /home/airflow/.local/lib/python3.7/site-packages/airflow/example_dags/plugins/workday.py
[2024-08-05T09:41:17.392+0000] {processor.py:768} WARNING - No viable dags retrieved from /home/airflow/.local/lib/python3.7/site-packages/airflow/example_dags/plugins/workday.py
[2024-08-05T09:41:17.454+0000] {processor.py:176} INFO - Processing /home/airflow/.local/lib/python3.7/site-packages/airflow/example_dags/plugins/workday.py took 0.078 seconds
[2024-08-05T09:41:50.925+0000] {processor.py:154} INFO - Started process (PID=17983) to work on /home/airflow/.local/lib/python3.7/site-packages/airflow/example_dags/plugins/workday.py
[2024-08-05T09:41:50.927+0000] {processor.py:756} INFO - Processing file /home/airflow/.local/lib/python3.7/site-packages/airflow/example_dags/plugins/workday.py for tasks to queue
[2024-08-05T09:41:50.928+0000] {logging_mixin.py:120} INFO - [2024-08-05T09:41:50.928+0000] {dagbag.py:537} INFO - Filling up the DagBag from /home/airflow/.local/lib/python3.7/site-packages/airflow/example_dags/plugins/workday.py
[2024-08-05T09:41:50.934+0000] {processor.py:768} WARNING - No viable dags retrieved from /home/airflow/.local/lib/python3.7/site-packages/airflow/example_dags/plugins/workday.py
[2024-08-05T09:41:50.965+0000] {processor.py:176} INFO - Processing /home/airflow/.local/lib/python3.7/site-packages/airflow/example_dags/plugins/workday.py took 0.044 seconds
[2024-08-05T09:42:22.474+0000] {processor.py:154} INFO - Started process (PID=18043) to work on /home/airflow/.local/lib/python3.7/site-packages/airflow/example_dags/plugins/workday.py
[2024-08-05T09:42:22.477+0000] {processor.py:756} INFO - Processing file /home/airflow/.local/lib/python3.7/site-packages/airflow/example_dags/plugins/workday.py for tasks to queue
[2024-08-05T09:42:22.485+0000] {logging_mixin.py:120} INFO - [2024-08-05T09:42:22.485+0000] {dagbag.py:537} INFO - Filling up the DagBag from /home/airflow/.local/lib/python3.7/site-packages/airflow/example_dags/plugins/workday.py
[2024-08-05T09:42:22.495+0000] {processor.py:768} WARNING - No viable dags retrieved from /home/airflow/.local/lib/python3.7/site-packages/airflow/example_dags/plugins/workday.py
[2024-08-05T09:42:22.508+0000] {processor.py:176} INFO - Processing /home/airflow/.local/lib/python3.7/site-packages/airflow/example_dags/plugins/workday.py took 0.037 seconds
[2024-08-05T09:42:52.752+0000] {processor.py:154} INFO - Started process (PID=18111) to work on /home/airflow/.local/lib/python3.7/site-packages/airflow/example_dags/plugins/workday.py
[2024-08-05T09:42:52.753+0000] {processor.py:756} INFO - Processing file /home/airflow/.local/lib/python3.7/site-packages/airflow/example_dags/plugins/workday.py for tasks to queue
[2024-08-05T09:42:52.757+0000] {logging_mixin.py:120} INFO - [2024-08-05T09:42:52.757+0000] {dagbag.py:537} INFO - Filling up the DagBag from /home/airflow/.local/lib/python3.7/site-packages/airflow/example_dags/plugins/workday.py
[2024-08-05T09:42:52.759+0000] {processor.py:768} WARNING - No viable dags retrieved from /home/airflow/.local/lib/python3.7/site-packages/airflow/example_dags/plugins/workday.py
[2024-08-05T09:42:52.776+0000] {processor.py:176} INFO - Processing /home/airflow/.local/lib/python3.7/site-packages/airflow/example_dags/plugins/workday.py took 0.028 seconds
[2024-08-05T09:43:23.642+0000] {processor.py:154} INFO - Started process (PID=18169) to work on /home/airflow/.local/lib/python3.7/site-packages/airflow/example_dags/plugins/workday.py
[2024-08-05T09:43:23.729+0000] {processor.py:756} INFO - Processing file /home/airflow/.local/lib/python3.7/site-packages/airflow/example_dags/plugins/workday.py for tasks to queue
[2024-08-05T09:43:23.730+0000] {logging_mixin.py:120} INFO - [2024-08-05T09:43:23.730+0000] {dagbag.py:537} INFO - Filling up the DagBag from /home/airflow/.local/lib/python3.7/site-packages/airflow/example_dags/plugins/workday.py
[2024-08-05T09:43:23.738+0000] {processor.py:768} WARNING - No viable dags retrieved from /home/airflow/.local/lib/python3.7/site-packages/airflow/example_dags/plugins/workday.py
[2024-08-05T09:43:23.780+0000] {processor.py:176} INFO - Processing /home/airflow/.local/lib/python3.7/site-packages/airflow/example_dags/plugins/workday.py took 0.140 seconds
[2024-08-05T09:43:54.463+0000] {processor.py:154} INFO - Started process (PID=18236) to work on /home/airflow/.local/lib/python3.7/site-packages/airflow/example_dags/plugins/workday.py
[2024-08-05T09:43:54.464+0000] {processor.py:756} INFO - Processing file /home/airflow/.local/lib/python3.7/site-packages/airflow/example_dags/plugins/workday.py for tasks to queue
[2024-08-05T09:43:54.466+0000] {logging_mixin.py:120} INFO - [2024-08-05T09:43:54.465+0000] {dagbag.py:537} INFO - Filling up the DagBag from /home/airflow/.local/lib/python3.7/site-packages/airflow/example_dags/plugins/workday.py
[2024-08-05T09:43:54.467+0000] {processor.py:768} WARNING - No viable dags retrieved from /home/airflow/.local/lib/python3.7/site-packages/airflow/example_dags/plugins/workday.py
[2024-08-05T09:43:54.484+0000] {processor.py:176} INFO - Processing /home/airflow/.local/lib/python3.7/site-packages/airflow/example_dags/plugins/workday.py took 0.025 seconds
[2024-08-05T09:44:25.206+0000] {processor.py:154} INFO - Started process (PID=18303) to work on /home/airflow/.local/lib/python3.7/site-packages/airflow/example_dags/plugins/workday.py
[2024-08-05T09:44:25.219+0000] {processor.py:756} INFO - Processing file /home/airflow/.local/lib/python3.7/site-packages/airflow/example_dags/plugins/workday.py for tasks to queue
[2024-08-05T09:44:25.221+0000] {logging_mixin.py:120} INFO - [2024-08-05T09:44:25.220+0000] {dagbag.py:537} INFO - Filling up the DagBag from /home/airflow/.local/lib/python3.7/site-packages/airflow/example_dags/plugins/workday.py
[2024-08-05T09:44:25.223+0000] {processor.py:768} WARNING - No viable dags retrieved from /home/airflow/.local/lib/python3.7/site-packages/airflow/example_dags/plugins/workday.py
[2024-08-05T09:44:25.350+0000] {processor.py:176} INFO - Processing /home/airflow/.local/lib/python3.7/site-packages/airflow/example_dags/plugins/workday.py took 0.147 seconds
[2024-08-05T11:03:48.079+0000] {processor.py:154} INFO - Started process (PID=18379) to work on /home/airflow/.local/lib/python3.7/site-packages/airflow/example_dags/plugins/workday.py
[2024-08-05T11:03:48.080+0000] {processor.py:756} INFO - Processing file /home/airflow/.local/lib/python3.7/site-packages/airflow/example_dags/plugins/workday.py for tasks to queue
[2024-08-05T11:03:48.081+0000] {logging_mixin.py:120} INFO - [2024-08-05T11:03:48.081+0000] {dagbag.py:537} INFO - Filling up the DagBag from /home/airflow/.local/lib/python3.7/site-packages/airflow/example_dags/plugins/workday.py
[2024-08-05T11:03:48.083+0000] {processor.py:768} WARNING - No viable dags retrieved from /home/airflow/.local/lib/python3.7/site-packages/airflow/example_dags/plugins/workday.py
[2024-08-05T11:03:48.106+0000] {processor.py:176} INFO - Processing /home/airflow/.local/lib/python3.7/site-packages/airflow/example_dags/plugins/workday.py took 0.030 seconds
[2024-08-05T11:04:18.995+0000] {processor.py:154} INFO - Started process (PID=18449) to work on /home/airflow/.local/lib/python3.7/site-packages/airflow/example_dags/plugins/workday.py
[2024-08-05T11:04:19.004+0000] {processor.py:756} INFO - Processing file /home/airflow/.local/lib/python3.7/site-packages/airflow/example_dags/plugins/workday.py for tasks to queue
[2024-08-05T11:04:19.007+0000] {logging_mixin.py:120} INFO - [2024-08-05T11:04:19.007+0000] {dagbag.py:537} INFO - Filling up the DagBag from /home/airflow/.local/lib/python3.7/site-packages/airflow/example_dags/plugins/workday.py
[2024-08-05T11:04:19.010+0000] {processor.py:768} WARNING - No viable dags retrieved from /home/airflow/.local/lib/python3.7/site-packages/airflow/example_dags/plugins/workday.py
[2024-08-05T11:04:19.038+0000] {processor.py:176} INFO - Processing /home/airflow/.local/lib/python3.7/site-packages/airflow/example_dags/plugins/workday.py took 0.049 seconds
[2024-08-05T11:04:53.560+0000] {processor.py:154} INFO - Started process (PID=18516) to work on /home/airflow/.local/lib/python3.7/site-packages/airflow/example_dags/plugins/workday.py
[2024-08-05T11:04:53.563+0000] {processor.py:756} INFO - Processing file /home/airflow/.local/lib/python3.7/site-packages/airflow/example_dags/plugins/workday.py for tasks to queue
[2024-08-05T11:04:53.566+0000] {logging_mixin.py:120} INFO - [2024-08-05T11:04:53.565+0000] {dagbag.py:537} INFO - Filling up the DagBag from /home/airflow/.local/lib/python3.7/site-packages/airflow/example_dags/plugins/workday.py
[2024-08-05T11:04:53.574+0000] {processor.py:768} WARNING - No viable dags retrieved from /home/airflow/.local/lib/python3.7/site-packages/airflow/example_dags/plugins/workday.py
[2024-08-05T11:04:53.610+0000] {processor.py:176} INFO - Processing /home/airflow/.local/lib/python3.7/site-packages/airflow/example_dags/plugins/workday.py took 0.055 seconds
[2024-08-05T11:05:24.345+0000] {processor.py:154} INFO - Started process (PID=18576) to work on /home/airflow/.local/lib/python3.7/site-packages/airflow/example_dags/plugins/workday.py
[2024-08-05T11:05:24.347+0000] {processor.py:756} INFO - Processing file /home/airflow/.local/lib/python3.7/site-packages/airflow/example_dags/plugins/workday.py for tasks to queue
[2024-08-05T11:05:24.357+0000] {logging_mixin.py:120} INFO - [2024-08-05T11:05:24.357+0000] {dagbag.py:537} INFO - Filling up the DagBag from /home/airflow/.local/lib/python3.7/site-packages/airflow/example_dags/plugins/workday.py
[2024-08-05T11:05:24.371+0000] {processor.py:768} WARNING - No viable dags retrieved from /home/airflow/.local/lib/python3.7/site-packages/airflow/example_dags/plugins/workday.py
[2024-08-05T11:05:24.424+0000] {processor.py:176} INFO - Processing /home/airflow/.local/lib/python3.7/site-packages/airflow/example_dags/plugins/workday.py took 0.083 seconds
[2024-08-05T11:05:57.601+0000] {processor.py:154} INFO - Started process (PID=18645) to work on /home/airflow/.local/lib/python3.7/site-packages/airflow/example_dags/plugins/workday.py
[2024-08-05T11:05:57.629+0000] {processor.py:756} INFO - Processing file /home/airflow/.local/lib/python3.7/site-packages/airflow/example_dags/plugins/workday.py for tasks to queue
[2024-08-05T11:05:57.634+0000] {logging_mixin.py:120} INFO - [2024-08-05T11:05:57.633+0000] {dagbag.py:537} INFO - Filling up the DagBag from /home/airflow/.local/lib/python3.7/site-packages/airflow/example_dags/plugins/workday.py
[2024-08-05T11:05:57.639+0000] {processor.py:768} WARNING - No viable dags retrieved from /home/airflow/.local/lib/python3.7/site-packages/airflow/example_dags/plugins/workday.py
[2024-08-05T11:05:57.674+0000] {processor.py:176} INFO - Processing /home/airflow/.local/lib/python3.7/site-packages/airflow/example_dags/plugins/workday.py took 0.080 seconds
[2024-08-05T11:06:32.901+0000] {processor.py:154} INFO - Started process (PID=18712) to work on /home/airflow/.local/lib/python3.7/site-packages/airflow/example_dags/plugins/workday.py
[2024-08-05T11:06:32.962+0000] {processor.py:756} INFO - Processing file /home/airflow/.local/lib/python3.7/site-packages/airflow/example_dags/plugins/workday.py for tasks to queue
[2024-08-05T11:06:33.042+0000] {logging_mixin.py:120} INFO - [2024-08-05T11:06:33.042+0000] {dagbag.py:537} INFO - Filling up the DagBag from /home/airflow/.local/lib/python3.7/site-packages/airflow/example_dags/plugins/workday.py
[2024-08-05T11:06:33.047+0000] {processor.py:768} WARNING - No viable dags retrieved from /home/airflow/.local/lib/python3.7/site-packages/airflow/example_dags/plugins/workday.py
[2024-08-05T11:06:33.074+0000] {processor.py:176} INFO - Processing /home/airflow/.local/lib/python3.7/site-packages/airflow/example_dags/plugins/workday.py took 0.176 seconds
[2024-08-05T11:07:03.705+0000] {processor.py:154} INFO - Started process (PID=18770) to work on /home/airflow/.local/lib/python3.7/site-packages/airflow/example_dags/plugins/workday.py
[2024-08-05T11:07:03.709+0000] {processor.py:756} INFO - Processing file /home/airflow/.local/lib/python3.7/site-packages/airflow/example_dags/plugins/workday.py for tasks to queue
[2024-08-05T11:07:03.711+0000] {logging_mixin.py:120} INFO - [2024-08-05T11:07:03.711+0000] {dagbag.py:537} INFO - Filling up the DagBag from /home/airflow/.local/lib/python3.7/site-packages/airflow/example_dags/plugins/workday.py
[2024-08-05T11:07:03.713+0000] {processor.py:768} WARNING - No viable dags retrieved from /home/airflow/.local/lib/python3.7/site-packages/airflow/example_dags/plugins/workday.py
[2024-08-05T11:07:03.726+0000] {processor.py:176} INFO - Processing /home/airflow/.local/lib/python3.7/site-packages/airflow/example_dags/plugins/workday.py took 0.025 seconds
[2024-08-05T11:07:34.318+0000] {processor.py:154} INFO - Started process (PID=18836) to work on /home/airflow/.local/lib/python3.7/site-packages/airflow/example_dags/plugins/workday.py
[2024-08-05T11:07:34.319+0000] {processor.py:756} INFO - Processing file /home/airflow/.local/lib/python3.7/site-packages/airflow/example_dags/plugins/workday.py for tasks to queue
[2024-08-05T11:07:34.320+0000] {logging_mixin.py:120} INFO - [2024-08-05T11:07:34.320+0000] {dagbag.py:537} INFO - Filling up the DagBag from /home/airflow/.local/lib/python3.7/site-packages/airflow/example_dags/plugins/workday.py
[2024-08-05T11:07:34.330+0000] {processor.py:768} WARNING - No viable dags retrieved from /home/airflow/.local/lib/python3.7/site-packages/airflow/example_dags/plugins/workday.py
[2024-08-05T11:07:34.596+0000] {processor.py:176} INFO - Processing /home/airflow/.local/lib/python3.7/site-packages/airflow/example_dags/plugins/workday.py took 0.282 seconds
[2024-08-05T11:08:07.501+0000] {processor.py:154} INFO - Started process (PID=18903) to work on /home/airflow/.local/lib/python3.7/site-packages/airflow/example_dags/plugins/workday.py
[2024-08-05T11:08:07.503+0000] {processor.py:756} INFO - Processing file /home/airflow/.local/lib/python3.7/site-packages/airflow/example_dags/plugins/workday.py for tasks to queue
[2024-08-05T11:08:07.505+0000] {logging_mixin.py:120} INFO - [2024-08-05T11:08:07.504+0000] {dagbag.py:537} INFO - Filling up the DagBag from /home/airflow/.local/lib/python3.7/site-packages/airflow/example_dags/plugins/workday.py
[2024-08-05T11:08:07.507+0000] {processor.py:768} WARNING - No viable dags retrieved from /home/airflow/.local/lib/python3.7/site-packages/airflow/example_dags/plugins/workday.py
[2024-08-05T11:08:07.526+0000] {processor.py:176} INFO - Processing /home/airflow/.local/lib/python3.7/site-packages/airflow/example_dags/plugins/workday.py took 0.028 seconds
[2024-08-05T11:08:38.708+0000] {processor.py:154} INFO - Started process (PID=18961) to work on /home/airflow/.local/lib/python3.7/site-packages/airflow/example_dags/plugins/workday.py
[2024-08-05T11:08:38.709+0000] {processor.py:756} INFO - Processing file /home/airflow/.local/lib/python3.7/site-packages/airflow/example_dags/plugins/workday.py for tasks to queue
[2024-08-05T11:08:38.710+0000] {logging_mixin.py:120} INFO - [2024-08-05T11:08:38.710+0000] {dagbag.py:537} INFO - Filling up the DagBag from /home/airflow/.local/lib/python3.7/site-packages/airflow/example_dags/plugins/workday.py
[2024-08-05T11:08:38.712+0000] {processor.py:768} WARNING - No viable dags retrieved from /home/airflow/.local/lib/python3.7/site-packages/airflow/example_dags/plugins/workday.py
[2024-08-05T11:08:38.725+0000] {processor.py:176} INFO - Processing /home/airflow/.local/lib/python3.7/site-packages/airflow/example_dags/plugins/workday.py took 0.020 seconds
[2024-08-05T11:09:09.707+0000] {processor.py:154} INFO - Started process (PID=19028) to work on /home/airflow/.local/lib/python3.7/site-packages/airflow/example_dags/plugins/workday.py
[2024-08-05T11:09:09.708+0000] {processor.py:756} INFO - Processing file /home/airflow/.local/lib/python3.7/site-packages/airflow/example_dags/plugins/workday.py for tasks to queue
[2024-08-05T11:09:09.709+0000] {logging_mixin.py:120} INFO - [2024-08-05T11:09:09.709+0000] {dagbag.py:537} INFO - Filling up the DagBag from /home/airflow/.local/lib/python3.7/site-packages/airflow/example_dags/plugins/workday.py
[2024-08-05T11:09:09.711+0000] {processor.py:768} WARNING - No viable dags retrieved from /home/airflow/.local/lib/python3.7/site-packages/airflow/example_dags/plugins/workday.py
[2024-08-05T11:09:09.732+0000] {processor.py:176} INFO - Processing /home/airflow/.local/lib/python3.7/site-packages/airflow/example_dags/plugins/workday.py took 0.028 seconds
[2024-08-05T11:09:42.757+0000] {processor.py:154} INFO - Started process (PID=19095) to work on /home/airflow/.local/lib/python3.7/site-packages/airflow/example_dags/plugins/workday.py
[2024-08-05T11:09:42.854+0000] {processor.py:756} INFO - Processing file /home/airflow/.local/lib/python3.7/site-packages/airflow/example_dags/plugins/workday.py for tasks to queue
[2024-08-05T11:09:42.910+0000] {logging_mixin.py:120} INFO - [2024-08-05T11:09:42.910+0000] {dagbag.py:537} INFO - Filling up the DagBag from /home/airflow/.local/lib/python3.7/site-packages/airflow/example_dags/plugins/workday.py
[2024-08-05T11:09:43.149+0000] {processor.py:768} WARNING - No viable dags retrieved from /home/airflow/.local/lib/python3.7/site-packages/airflow/example_dags/plugins/workday.py
[2024-08-05T11:09:43.189+0000] {processor.py:176} INFO - Processing /home/airflow/.local/lib/python3.7/site-packages/airflow/example_dags/plugins/workday.py took 0.436 seconds
[2024-08-05T11:10:14.462+0000] {processor.py:154} INFO - Started process (PID=19153) to work on /home/airflow/.local/lib/python3.7/site-packages/airflow/example_dags/plugins/workday.py
[2024-08-05T11:10:14.463+0000] {processor.py:756} INFO - Processing file /home/airflow/.local/lib/python3.7/site-packages/airflow/example_dags/plugins/workday.py for tasks to queue
[2024-08-05T11:10:14.464+0000] {logging_mixin.py:120} INFO - [2024-08-05T11:10:14.464+0000] {dagbag.py:537} INFO - Filling up the DagBag from /home/airflow/.local/lib/python3.7/site-packages/airflow/example_dags/plugins/workday.py
[2024-08-05T11:10:14.466+0000] {processor.py:768} WARNING - No viable dags retrieved from /home/airflow/.local/lib/python3.7/site-packages/airflow/example_dags/plugins/workday.py
[2024-08-05T11:10:14.582+0000] {processor.py:176} INFO - Processing /home/airflow/.local/lib/python3.7/site-packages/airflow/example_dags/plugins/workday.py took 0.123 seconds
[2024-08-05T11:10:45.835+0000] {processor.py:154} INFO - Started process (PID=19220) to work on /home/airflow/.local/lib/python3.7/site-packages/airflow/example_dags/plugins/workday.py
[2024-08-05T11:10:45.871+0000] {processor.py:756} INFO - Processing file /home/airflow/.local/lib/python3.7/site-packages/airflow/example_dags/plugins/workday.py for tasks to queue
[2024-08-05T11:10:45.996+0000] {logging_mixin.py:120} INFO - [2024-08-05T11:10:45.996+0000] {dagbag.py:537} INFO - Filling up the DagBag from /home/airflow/.local/lib/python3.7/site-packages/airflow/example_dags/plugins/workday.py
[2024-08-05T11:10:46.048+0000] {processor.py:768} WARNING - No viable dags retrieved from /home/airflow/.local/lib/python3.7/site-packages/airflow/example_dags/plugins/workday.py
[2024-08-05T11:10:46.099+0000] {processor.py:176} INFO - Processing /home/airflow/.local/lib/python3.7/site-packages/airflow/example_dags/plugins/workday.py took 0.268 seconds
[2024-08-05T11:11:17.121+0000] {processor.py:154} INFO - Started process (PID=19286) to work on /home/airflow/.local/lib/python3.7/site-packages/airflow/example_dags/plugins/workday.py
[2024-08-05T11:11:17.123+0000] {processor.py:756} INFO - Processing file /home/airflow/.local/lib/python3.7/site-packages/airflow/example_dags/plugins/workday.py for tasks to queue
[2024-08-05T11:11:17.124+0000] {logging_mixin.py:120} INFO - [2024-08-05T11:11:17.124+0000] {dagbag.py:537} INFO - Filling up the DagBag from /home/airflow/.local/lib/python3.7/site-packages/airflow/example_dags/plugins/workday.py
[2024-08-05T11:11:17.135+0000] {processor.py:768} WARNING - No viable dags retrieved from /home/airflow/.local/lib/python3.7/site-packages/airflow/example_dags/plugins/workday.py
[2024-08-05T11:11:17.167+0000] {processor.py:176} INFO - Processing /home/airflow/.local/lib/python3.7/site-packages/airflow/example_dags/plugins/workday.py took 0.051 seconds
[2024-08-05T11:11:47.807+0000] {processor.py:154} INFO - Started process (PID=19343) to work on /home/airflow/.local/lib/python3.7/site-packages/airflow/example_dags/plugins/workday.py
[2024-08-05T11:11:47.818+0000] {processor.py:756} INFO - Processing file /home/airflow/.local/lib/python3.7/site-packages/airflow/example_dags/plugins/workday.py for tasks to queue
[2024-08-05T11:11:47.819+0000] {logging_mixin.py:120} INFO - [2024-08-05T11:11:47.819+0000] {dagbag.py:537} INFO - Filling up the DagBag from /home/airflow/.local/lib/python3.7/site-packages/airflow/example_dags/plugins/workday.py
[2024-08-05T11:11:47.916+0000] {processor.py:768} WARNING - No viable dags retrieved from /home/airflow/.local/lib/python3.7/site-packages/airflow/example_dags/plugins/workday.py
[2024-08-05T11:11:47.951+0000] {processor.py:176} INFO - Processing /home/airflow/.local/lib/python3.7/site-packages/airflow/example_dags/plugins/workday.py took 0.148 seconds
[2024-08-05T11:12:18.941+0000] {processor.py:154} INFO - Started process (PID=19410) to work on /home/airflow/.local/lib/python3.7/site-packages/airflow/example_dags/plugins/workday.py
[2024-08-05T11:12:18.945+0000] {processor.py:756} INFO - Processing file /home/airflow/.local/lib/python3.7/site-packages/airflow/example_dags/plugins/workday.py for tasks to queue
[2024-08-05T11:12:19.040+0000] {logging_mixin.py:120} INFO - [2024-08-05T11:12:19.039+0000] {dagbag.py:537} INFO - Filling up the DagBag from /home/airflow/.local/lib/python3.7/site-packages/airflow/example_dags/plugins/workday.py
[2024-08-05T11:12:19.053+0000] {processor.py:768} WARNING - No viable dags retrieved from /home/airflow/.local/lib/python3.7/site-packages/airflow/example_dags/plugins/workday.py
[2024-08-05T11:12:19.084+0000] {processor.py:176} INFO - Processing /home/airflow/.local/lib/python3.7/site-packages/airflow/example_dags/plugins/workday.py took 0.146 seconds
[2024-08-05T11:12:49.616+0000] {processor.py:154} INFO - Started process (PID=19476) to work on /home/airflow/.local/lib/python3.7/site-packages/airflow/example_dags/plugins/workday.py
[2024-08-05T11:12:49.617+0000] {processor.py:756} INFO - Processing file /home/airflow/.local/lib/python3.7/site-packages/airflow/example_dags/plugins/workday.py for tasks to queue
[2024-08-05T11:12:49.619+0000] {logging_mixin.py:120} INFO - [2024-08-05T11:12:49.618+0000] {dagbag.py:537} INFO - Filling up the DagBag from /home/airflow/.local/lib/python3.7/site-packages/airflow/example_dags/plugins/workday.py
[2024-08-05T11:12:49.620+0000] {processor.py:768} WARNING - No viable dags retrieved from /home/airflow/.local/lib/python3.7/site-packages/airflow/example_dags/plugins/workday.py
[2024-08-05T11:12:49.641+0000] {processor.py:176} INFO - Processing /home/airflow/.local/lib/python3.7/site-packages/airflow/example_dags/plugins/workday.py took 0.029 seconds
[2024-08-05T11:13:19.846+0000] {processor.py:154} INFO - Started process (PID=19534) to work on /home/airflow/.local/lib/python3.7/site-packages/airflow/example_dags/plugins/workday.py
[2024-08-05T11:13:19.849+0000] {processor.py:756} INFO - Processing file /home/airflow/.local/lib/python3.7/site-packages/airflow/example_dags/plugins/workday.py for tasks to queue
[2024-08-05T11:13:19.850+0000] {logging_mixin.py:120} INFO - [2024-08-05T11:13:19.850+0000] {dagbag.py:537} INFO - Filling up the DagBag from /home/airflow/.local/lib/python3.7/site-packages/airflow/example_dags/plugins/workday.py
[2024-08-05T11:13:19.855+0000] {processor.py:768} WARNING - No viable dags retrieved from /home/airflow/.local/lib/python3.7/site-packages/airflow/example_dags/plugins/workday.py
[2024-08-05T11:13:19.884+0000] {processor.py:176} INFO - Processing /home/airflow/.local/lib/python3.7/site-packages/airflow/example_dags/plugins/workday.py took 0.043 seconds
[2024-08-05T11:13:50.681+0000] {processor.py:154} INFO - Started process (PID=19601) to work on /home/airflow/.local/lib/python3.7/site-packages/airflow/example_dags/plugins/workday.py
[2024-08-05T11:13:50.683+0000] {processor.py:756} INFO - Processing file /home/airflow/.local/lib/python3.7/site-packages/airflow/example_dags/plugins/workday.py for tasks to queue
[2024-08-05T11:13:50.685+0000] {logging_mixin.py:120} INFO - [2024-08-05T11:13:50.685+0000] {dagbag.py:537} INFO - Filling up the DagBag from /home/airflow/.local/lib/python3.7/site-packages/airflow/example_dags/plugins/workday.py
[2024-08-05T11:13:50.688+0000] {processor.py:768} WARNING - No viable dags retrieved from /home/airflow/.local/lib/python3.7/site-packages/airflow/example_dags/plugins/workday.py
[2024-08-05T11:13:50.711+0000] {processor.py:176} INFO - Processing /home/airflow/.local/lib/python3.7/site-packages/airflow/example_dags/plugins/workday.py took 0.036 seconds
[2024-08-05T11:14:22.776+0000] {processor.py:154} INFO - Started process (PID=19659) to work on /home/airflow/.local/lib/python3.7/site-packages/airflow/example_dags/plugins/workday.py
[2024-08-05T11:14:22.782+0000] {processor.py:756} INFO - Processing file /home/airflow/.local/lib/python3.7/site-packages/airflow/example_dags/plugins/workday.py for tasks to queue
[2024-08-05T11:14:22.794+0000] {logging_mixin.py:120} INFO - [2024-08-05T11:14:22.794+0000] {dagbag.py:537} INFO - Filling up the DagBag from /home/airflow/.local/lib/python3.7/site-packages/airflow/example_dags/plugins/workday.py
[2024-08-05T11:14:22.800+0000] {processor.py:768} WARNING - No viable dags retrieved from /home/airflow/.local/lib/python3.7/site-packages/airflow/example_dags/plugins/workday.py
[2024-08-05T11:14:22.819+0000] {processor.py:176} INFO - Processing /home/airflow/.local/lib/python3.7/site-packages/airflow/example_dags/plugins/workday.py took 0.047 seconds
[2024-08-05T11:14:54.490+0000] {processor.py:154} INFO - Started process (PID=19726) to work on /home/airflow/.local/lib/python3.7/site-packages/airflow/example_dags/plugins/workday.py
[2024-08-05T11:14:54.494+0000] {processor.py:756} INFO - Processing file /home/airflow/.local/lib/python3.7/site-packages/airflow/example_dags/plugins/workday.py for tasks to queue
[2024-08-05T11:14:54.495+0000] {logging_mixin.py:120} INFO - [2024-08-05T11:14:54.495+0000] {dagbag.py:537} INFO - Filling up the DagBag from /home/airflow/.local/lib/python3.7/site-packages/airflow/example_dags/plugins/workday.py
[2024-08-05T11:14:54.502+0000] {processor.py:768} WARNING - No viable dags retrieved from /home/airflow/.local/lib/python3.7/site-packages/airflow/example_dags/plugins/workday.py
[2024-08-05T11:14:54.523+0000] {processor.py:176} INFO - Processing /home/airflow/.local/lib/python3.7/site-packages/airflow/example_dags/plugins/workday.py took 0.037 seconds
[2024-08-05T11:15:25.261+0000] {processor.py:154} INFO - Started process (PID=19793) to work on /home/airflow/.local/lib/python3.7/site-packages/airflow/example_dags/plugins/workday.py
[2024-08-05T11:15:25.262+0000] {processor.py:756} INFO - Processing file /home/airflow/.local/lib/python3.7/site-packages/airflow/example_dags/plugins/workday.py for tasks to queue
[2024-08-05T11:15:25.264+0000] {logging_mixin.py:120} INFO - [2024-08-05T11:15:25.263+0000] {dagbag.py:537} INFO - Filling up the DagBag from /home/airflow/.local/lib/python3.7/site-packages/airflow/example_dags/plugins/workday.py
[2024-08-05T11:15:25.266+0000] {processor.py:768} WARNING - No viable dags retrieved from /home/airflow/.local/lib/python3.7/site-packages/airflow/example_dags/plugins/workday.py
[2024-08-05T11:15:25.298+0000] {processor.py:176} INFO - Processing /home/airflow/.local/lib/python3.7/site-packages/airflow/example_dags/plugins/workday.py took 0.041 seconds
[2024-08-05T11:15:56.568+0000] {processor.py:154} INFO - Started process (PID=19851) to work on /home/airflow/.local/lib/python3.7/site-packages/airflow/example_dags/plugins/workday.py
[2024-08-05T11:15:56.584+0000] {processor.py:756} INFO - Processing file /home/airflow/.local/lib/python3.7/site-packages/airflow/example_dags/plugins/workday.py for tasks to queue
[2024-08-05T11:15:56.676+0000] {logging_mixin.py:120} INFO - [2024-08-05T11:15:56.675+0000] {dagbag.py:537} INFO - Filling up the DagBag from /home/airflow/.local/lib/python3.7/site-packages/airflow/example_dags/plugins/workday.py
[2024-08-05T11:15:56.685+0000] {processor.py:768} WARNING - No viable dags retrieved from /home/airflow/.local/lib/python3.7/site-packages/airflow/example_dags/plugins/workday.py
[2024-08-05T11:15:56.716+0000] {processor.py:176} INFO - Processing /home/airflow/.local/lib/python3.7/site-packages/airflow/example_dags/plugins/workday.py took 0.161 seconds
[2024-08-05T11:16:29.021+0000] {processor.py:154} INFO - Started process (PID=19920) to work on /home/airflow/.local/lib/python3.7/site-packages/airflow/example_dags/plugins/workday.py
[2024-08-05T11:16:29.022+0000] {processor.py:756} INFO - Processing file /home/airflow/.local/lib/python3.7/site-packages/airflow/example_dags/plugins/workday.py for tasks to queue
[2024-08-05T11:16:29.023+0000] {logging_mixin.py:120} INFO - [2024-08-05T11:16:29.023+0000] {dagbag.py:537} INFO - Filling up the DagBag from /home/airflow/.local/lib/python3.7/site-packages/airflow/example_dags/plugins/workday.py
[2024-08-05T11:16:29.032+0000] {processor.py:768} WARNING - No viable dags retrieved from /home/airflow/.local/lib/python3.7/site-packages/airflow/example_dags/plugins/workday.py
[2024-08-05T11:16:29.122+0000] {processor.py:176} INFO - Processing /home/airflow/.local/lib/python3.7/site-packages/airflow/example_dags/plugins/workday.py took 0.105 seconds
[2024-08-05T11:17:00.001+0000] {processor.py:154} INFO - Started process (PID=19987) to work on /home/airflow/.local/lib/python3.7/site-packages/airflow/example_dags/plugins/workday.py
[2024-08-05T11:17:00.003+0000] {processor.py:756} INFO - Processing file /home/airflow/.local/lib/python3.7/site-packages/airflow/example_dags/plugins/workday.py for tasks to queue
[2024-08-05T11:17:00.005+0000] {logging_mixin.py:120} INFO - [2024-08-05T11:17:00.004+0000] {dagbag.py:537} INFO - Filling up the DagBag from /home/airflow/.local/lib/python3.7/site-packages/airflow/example_dags/plugins/workday.py
[2024-08-05T11:17:00.008+0000] {processor.py:768} WARNING - No viable dags retrieved from /home/airflow/.local/lib/python3.7/site-packages/airflow/example_dags/plugins/workday.py
[2024-08-05T11:17:00.040+0000] {processor.py:176} INFO - Processing /home/airflow/.local/lib/python3.7/site-packages/airflow/example_dags/plugins/workday.py took 0.043 seconds
[2024-08-05T11:17:31.261+0000] {processor.py:154} INFO - Started process (PID=20045) to work on /home/airflow/.local/lib/python3.7/site-packages/airflow/example_dags/plugins/workday.py
[2024-08-05T11:17:31.309+0000] {processor.py:756} INFO - Processing file /home/airflow/.local/lib/python3.7/site-packages/airflow/example_dags/plugins/workday.py for tasks to queue
[2024-08-05T11:17:31.323+0000] {logging_mixin.py:120} INFO - [2024-08-05T11:17:31.323+0000] {dagbag.py:537} INFO - Filling up the DagBag from /home/airflow/.local/lib/python3.7/site-packages/airflow/example_dags/plugins/workday.py
[2024-08-05T11:17:31.418+0000] {processor.py:768} WARNING - No viable dags retrieved from /home/airflow/.local/lib/python3.7/site-packages/airflow/example_dags/plugins/workday.py
[2024-08-05T11:17:31.464+0000] {processor.py:176} INFO - Processing /home/airflow/.local/lib/python3.7/site-packages/airflow/example_dags/plugins/workday.py took 0.207 seconds
[2024-08-05T11:18:03.679+0000] {processor.py:154} INFO - Started process (PID=20113) to work on /home/airflow/.local/lib/python3.7/site-packages/airflow/example_dags/plugins/workday.py
[2024-08-05T11:18:03.683+0000] {processor.py:756} INFO - Processing file /home/airflow/.local/lib/python3.7/site-packages/airflow/example_dags/plugins/workday.py for tasks to queue
[2024-08-05T11:18:03.691+0000] {logging_mixin.py:120} INFO - [2024-08-05T11:18:03.690+0000] {dagbag.py:537} INFO - Filling up the DagBag from /home/airflow/.local/lib/python3.7/site-packages/airflow/example_dags/plugins/workday.py
[2024-08-05T11:18:03.724+0000] {processor.py:768} WARNING - No viable dags retrieved from /home/airflow/.local/lib/python3.7/site-packages/airflow/example_dags/plugins/workday.py
[2024-08-05T11:18:03.807+0000] {processor.py:176} INFO - Processing /home/airflow/.local/lib/python3.7/site-packages/airflow/example_dags/plugins/workday.py took 0.134 seconds
[2024-08-05T11:18:34.937+0000] {processor.py:154} INFO - Started process (PID=20180) to work on /home/airflow/.local/lib/python3.7/site-packages/airflow/example_dags/plugins/workday.py
[2024-08-05T11:18:34.938+0000] {processor.py:756} INFO - Processing file /home/airflow/.local/lib/python3.7/site-packages/airflow/example_dags/plugins/workday.py for tasks to queue
[2024-08-05T11:18:34.939+0000] {logging_mixin.py:120} INFO - [2024-08-05T11:18:34.939+0000] {dagbag.py:537} INFO - Filling up the DagBag from /home/airflow/.local/lib/python3.7/site-packages/airflow/example_dags/plugins/workday.py
[2024-08-05T11:18:34.942+0000] {processor.py:768} WARNING - No viable dags retrieved from /home/airflow/.local/lib/python3.7/site-packages/airflow/example_dags/plugins/workday.py
[2024-08-05T11:18:34.965+0000] {processor.py:176} INFO - Processing /home/airflow/.local/lib/python3.7/site-packages/airflow/example_dags/plugins/workday.py took 0.032 seconds
[2024-08-05T11:19:05.741+0000] {processor.py:154} INFO - Started process (PID=20239) to work on /home/airflow/.local/lib/python3.7/site-packages/airflow/example_dags/plugins/workday.py
[2024-08-05T11:19:05.742+0000] {processor.py:756} INFO - Processing file /home/airflow/.local/lib/python3.7/site-packages/airflow/example_dags/plugins/workday.py for tasks to queue
[2024-08-05T11:19:05.744+0000] {logging_mixin.py:120} INFO - [2024-08-05T11:19:05.744+0000] {dagbag.py:537} INFO - Filling up the DagBag from /home/airflow/.local/lib/python3.7/site-packages/airflow/example_dags/plugins/workday.py
[2024-08-05T11:19:05.747+0000] {processor.py:768} WARNING - No viable dags retrieved from /home/airflow/.local/lib/python3.7/site-packages/airflow/example_dags/plugins/workday.py
[2024-08-05T11:19:05.777+0000] {processor.py:176} INFO - Processing /home/airflow/.local/lib/python3.7/site-packages/airflow/example_dags/plugins/workday.py took 0.039 seconds
[2024-08-05T11:19:38.455+0000] {processor.py:154} INFO - Started process (PID=20308) to work on /home/airflow/.local/lib/python3.7/site-packages/airflow/example_dags/plugins/workday.py
[2024-08-05T11:19:38.457+0000] {processor.py:756} INFO - Processing file /home/airflow/.local/lib/python3.7/site-packages/airflow/example_dags/plugins/workday.py for tasks to queue
[2024-08-05T11:19:38.458+0000] {logging_mixin.py:120} INFO - [2024-08-05T11:19:38.458+0000] {dagbag.py:537} INFO - Filling up the DagBag from /home/airflow/.local/lib/python3.7/site-packages/airflow/example_dags/plugins/workday.py
[2024-08-05T11:19:38.460+0000] {processor.py:768} WARNING - No viable dags retrieved from /home/airflow/.local/lib/python3.7/site-packages/airflow/example_dags/plugins/workday.py
[2024-08-05T11:19:38.482+0000] {processor.py:176} INFO - Processing /home/airflow/.local/lib/python3.7/site-packages/airflow/example_dags/plugins/workday.py took 0.031 seconds
[2024-08-05T11:20:08.940+0000] {processor.py:154} INFO - Started process (PID=20375) to work on /home/airflow/.local/lib/python3.7/site-packages/airflow/example_dags/plugins/workday.py
[2024-08-05T11:20:08.942+0000] {processor.py:756} INFO - Processing file /home/airflow/.local/lib/python3.7/site-packages/airflow/example_dags/plugins/workday.py for tasks to queue
[2024-08-05T11:20:08.946+0000] {logging_mixin.py:120} INFO - [2024-08-05T11:20:08.946+0000] {dagbag.py:537} INFO - Filling up the DagBag from /home/airflow/.local/lib/python3.7/site-packages/airflow/example_dags/plugins/workday.py
[2024-08-05T11:20:09.042+0000] {processor.py:768} WARNING - No viable dags retrieved from /home/airflow/.local/lib/python3.7/site-packages/airflow/example_dags/plugins/workday.py
[2024-08-05T11:20:09.064+0000] {processor.py:176} INFO - Processing /home/airflow/.local/lib/python3.7/site-packages/airflow/example_dags/plugins/workday.py took 0.131 seconds
[2024-08-05T11:20:39.982+0000] {processor.py:154} INFO - Started process (PID=20433) to work on /home/airflow/.local/lib/python3.7/site-packages/airflow/example_dags/plugins/workday.py
[2024-08-05T11:20:39.984+0000] {processor.py:756} INFO - Processing file /home/airflow/.local/lib/python3.7/site-packages/airflow/example_dags/plugins/workday.py for tasks to queue
[2024-08-05T11:20:39.986+0000] {logging_mixin.py:120} INFO - [2024-08-05T11:20:39.985+0000] {dagbag.py:537} INFO - Filling up the DagBag from /home/airflow/.local/lib/python3.7/site-packages/airflow/example_dags/plugins/workday.py
[2024-08-05T11:20:39.989+0000] {processor.py:768} WARNING - No viable dags retrieved from /home/airflow/.local/lib/python3.7/site-packages/airflow/example_dags/plugins/workday.py
[2024-08-05T11:20:40.093+0000] {processor.py:176} INFO - Processing /home/airflow/.local/lib/python3.7/site-packages/airflow/example_dags/plugins/workday.py took 0.114 seconds
[2024-08-05T11:21:11.398+0000] {processor.py:154} INFO - Started process (PID=20500) to work on /home/airflow/.local/lib/python3.7/site-packages/airflow/example_dags/plugins/workday.py
[2024-08-05T11:21:11.402+0000] {processor.py:756} INFO - Processing file /home/airflow/.local/lib/python3.7/site-packages/airflow/example_dags/plugins/workday.py for tasks to queue
[2024-08-05T11:21:11.405+0000] {logging_mixin.py:120} INFO - [2024-08-05T11:21:11.405+0000] {dagbag.py:537} INFO - Filling up the DagBag from /home/airflow/.local/lib/python3.7/site-packages/airflow/example_dags/plugins/workday.py
[2024-08-05T11:21:11.408+0000] {processor.py:768} WARNING - No viable dags retrieved from /home/airflow/.local/lib/python3.7/site-packages/airflow/example_dags/plugins/workday.py
[2024-08-05T11:21:11.445+0000] {processor.py:176} INFO - Processing /home/airflow/.local/lib/python3.7/site-packages/airflow/example_dags/plugins/workday.py took 0.051 seconds
[2024-08-05T11:21:42.852+0000] {processor.py:154} INFO - Started process (PID=20567) to work on /home/airflow/.local/lib/python3.7/site-packages/airflow/example_dags/plugins/workday.py
[2024-08-05T11:21:42.853+0000] {processor.py:756} INFO - Processing file /home/airflow/.local/lib/python3.7/site-packages/airflow/example_dags/plugins/workday.py for tasks to queue
[2024-08-05T11:21:42.854+0000] {logging_mixin.py:120} INFO - [2024-08-05T11:21:42.854+0000] {dagbag.py:537} INFO - Filling up the DagBag from /home/airflow/.local/lib/python3.7/site-packages/airflow/example_dags/plugins/workday.py
[2024-08-05T11:21:42.858+0000] {processor.py:768} WARNING - No viable dags retrieved from /home/airflow/.local/lib/python3.7/site-packages/airflow/example_dags/plugins/workday.py
[2024-08-05T11:21:42.880+0000] {processor.py:176} INFO - Processing /home/airflow/.local/lib/python3.7/site-packages/airflow/example_dags/plugins/workday.py took 0.036 seconds
[2024-08-05T11:22:14.437+0000] {processor.py:154} INFO - Started process (PID=20625) to work on /home/airflow/.local/lib/python3.7/site-packages/airflow/example_dags/plugins/workday.py
[2024-08-05T11:22:14.439+0000] {processor.py:756} INFO - Processing file /home/airflow/.local/lib/python3.7/site-packages/airflow/example_dags/plugins/workday.py for tasks to queue
[2024-08-05T11:22:14.440+0000] {logging_mixin.py:120} INFO - [2024-08-05T11:22:14.440+0000] {dagbag.py:537} INFO - Filling up the DagBag from /home/airflow/.local/lib/python3.7/site-packages/airflow/example_dags/plugins/workday.py
[2024-08-05T11:22:14.442+0000] {processor.py:768} WARNING - No viable dags retrieved from /home/airflow/.local/lib/python3.7/site-packages/airflow/example_dags/plugins/workday.py
[2024-08-05T11:22:14.458+0000] {processor.py:176} INFO - Processing /home/airflow/.local/lib/python3.7/site-packages/airflow/example_dags/plugins/workday.py took 0.025 seconds
[2024-08-05T11:22:46.633+0000] {processor.py:154} INFO - Started process (PID=20692) to work on /home/airflow/.local/lib/python3.7/site-packages/airflow/example_dags/plugins/workday.py
[2024-08-05T11:22:46.643+0000] {processor.py:756} INFO - Processing file /home/airflow/.local/lib/python3.7/site-packages/airflow/example_dags/plugins/workday.py for tasks to queue
[2024-08-05T11:22:46.645+0000] {logging_mixin.py:120} INFO - [2024-08-05T11:22:46.644+0000] {dagbag.py:537} INFO - Filling up the DagBag from /home/airflow/.local/lib/python3.7/site-packages/airflow/example_dags/plugins/workday.py
[2024-08-05T11:22:46.647+0000] {processor.py:768} WARNING - No viable dags retrieved from /home/airflow/.local/lib/python3.7/site-packages/airflow/example_dags/plugins/workday.py
[2024-08-05T11:22:46.671+0000] {processor.py:176} INFO - Processing /home/airflow/.local/lib/python3.7/site-packages/airflow/example_dags/plugins/workday.py took 0.042 seconds
[2024-08-05T11:23:18.584+0000] {processor.py:154} INFO - Started process (PID=20759) to work on /home/airflow/.local/lib/python3.7/site-packages/airflow/example_dags/plugins/workday.py
[2024-08-05T11:23:18.594+0000] {processor.py:756} INFO - Processing file /home/airflow/.local/lib/python3.7/site-packages/airflow/example_dags/plugins/workday.py for tasks to queue
[2024-08-05T11:23:18.598+0000] {logging_mixin.py:120} INFO - [2024-08-05T11:23:18.598+0000] {dagbag.py:537} INFO - Filling up the DagBag from /home/airflow/.local/lib/python3.7/site-packages/airflow/example_dags/plugins/workday.py
[2024-08-05T11:23:18.607+0000] {processor.py:768} WARNING - No viable dags retrieved from /home/airflow/.local/lib/python3.7/site-packages/airflow/example_dags/plugins/workday.py
[2024-08-05T11:23:18.638+0000] {processor.py:176} INFO - Processing /home/airflow/.local/lib/python3.7/site-packages/airflow/example_dags/plugins/workday.py took 0.057 seconds
[2024-08-05T11:23:51.590+0000] {processor.py:154} INFO - Started process (PID=20818) to work on /home/airflow/.local/lib/python3.7/site-packages/airflow/example_dags/plugins/workday.py
[2024-08-05T11:23:51.592+0000] {processor.py:756} INFO - Processing file /home/airflow/.local/lib/python3.7/site-packages/airflow/example_dags/plugins/workday.py for tasks to queue
[2024-08-05T11:23:51.593+0000] {logging_mixin.py:120} INFO - [2024-08-05T11:23:51.593+0000] {dagbag.py:537} INFO - Filling up the DagBag from /home/airflow/.local/lib/python3.7/site-packages/airflow/example_dags/plugins/workday.py
[2024-08-05T11:23:51.595+0000] {processor.py:768} WARNING - No viable dags retrieved from /home/airflow/.local/lib/python3.7/site-packages/airflow/example_dags/plugins/workday.py
[2024-08-05T11:23:51.621+0000] {processor.py:176} INFO - Processing /home/airflow/.local/lib/python3.7/site-packages/airflow/example_dags/plugins/workday.py took 0.034 seconds
[2024-08-05T11:24:23.010+0000] {processor.py:154} INFO - Started process (PID=20884) to work on /home/airflow/.local/lib/python3.7/site-packages/airflow/example_dags/plugins/workday.py
[2024-08-05T11:24:23.017+0000] {processor.py:756} INFO - Processing file /home/airflow/.local/lib/python3.7/site-packages/airflow/example_dags/plugins/workday.py for tasks to queue
[2024-08-05T11:24:23.024+0000] {logging_mixin.py:120} INFO - [2024-08-05T11:24:23.024+0000] {dagbag.py:537} INFO - Filling up the DagBag from /home/airflow/.local/lib/python3.7/site-packages/airflow/example_dags/plugins/workday.py
[2024-08-05T11:24:23.027+0000] {processor.py:768} WARNING - No viable dags retrieved from /home/airflow/.local/lib/python3.7/site-packages/airflow/example_dags/plugins/workday.py
[2024-08-05T11:24:23.050+0000] {processor.py:176} INFO - Processing /home/airflow/.local/lib/python3.7/site-packages/airflow/example_dags/plugins/workday.py took 0.042 seconds
[2024-08-05T11:24:53.556+0000] {processor.py:154} INFO - Started process (PID=20952) to work on /home/airflow/.local/lib/python3.7/site-packages/airflow/example_dags/plugins/workday.py
[2024-08-05T11:24:53.558+0000] {processor.py:756} INFO - Processing file /home/airflow/.local/lib/python3.7/site-packages/airflow/example_dags/plugins/workday.py for tasks to queue
[2024-08-05T11:24:53.559+0000] {logging_mixin.py:120} INFO - [2024-08-05T11:24:53.559+0000] {dagbag.py:537} INFO - Filling up the DagBag from /home/airflow/.local/lib/python3.7/site-packages/airflow/example_dags/plugins/workday.py
[2024-08-05T11:24:53.561+0000] {processor.py:768} WARNING - No viable dags retrieved from /home/airflow/.local/lib/python3.7/site-packages/airflow/example_dags/plugins/workday.py
[2024-08-05T11:24:53.587+0000] {processor.py:176} INFO - Processing /home/airflow/.local/lib/python3.7/site-packages/airflow/example_dags/plugins/workday.py took 0.037 seconds
[2024-08-05T11:25:24.875+0000] {processor.py:154} INFO - Started process (PID=21010) to work on /home/airflow/.local/lib/python3.7/site-packages/airflow/example_dags/plugins/workday.py
[2024-08-05T11:25:24.883+0000] {processor.py:756} INFO - Processing file /home/airflow/.local/lib/python3.7/site-packages/airflow/example_dags/plugins/workday.py for tasks to queue
[2024-08-05T11:25:24.885+0000] {logging_mixin.py:120} INFO - [2024-08-05T11:25:24.885+0000] {dagbag.py:537} INFO - Filling up the DagBag from /home/airflow/.local/lib/python3.7/site-packages/airflow/example_dags/plugins/workday.py
[2024-08-05T11:25:24.889+0000] {processor.py:768} WARNING - No viable dags retrieved from /home/airflow/.local/lib/python3.7/site-packages/airflow/example_dags/plugins/workday.py
[2024-08-05T11:25:24.905+0000] {processor.py:176} INFO - Processing /home/airflow/.local/lib/python3.7/site-packages/airflow/example_dags/plugins/workday.py took 0.034 seconds
[2024-08-05T11:25:56.683+0000] {processor.py:154} INFO - Started process (PID=21077) to work on /home/airflow/.local/lib/python3.7/site-packages/airflow/example_dags/plugins/workday.py
[2024-08-05T11:25:56.792+0000] {processor.py:756} INFO - Processing file /home/airflow/.local/lib/python3.7/site-packages/airflow/example_dags/plugins/workday.py for tasks to queue
[2024-08-05T11:25:56.805+0000] {logging_mixin.py:120} INFO - [2024-08-05T11:25:56.805+0000] {dagbag.py:537} INFO - Filling up the DagBag from /home/airflow/.local/lib/python3.7/site-packages/airflow/example_dags/plugins/workday.py
[2024-08-05T11:25:56.807+0000] {processor.py:768} WARNING - No viable dags retrieved from /home/airflow/.local/lib/python3.7/site-packages/airflow/example_dags/plugins/workday.py
[2024-08-05T11:25:56.823+0000] {processor.py:176} INFO - Processing /home/airflow/.local/lib/python3.7/site-packages/airflow/example_dags/plugins/workday.py took 0.152 seconds
[2024-08-05T11:26:26.893+0000] {processor.py:154} INFO - Started process (PID=21143) to work on /home/airflow/.local/lib/python3.7/site-packages/airflow/example_dags/plugins/workday.py
[2024-08-05T11:26:26.895+0000] {processor.py:756} INFO - Processing file /home/airflow/.local/lib/python3.7/site-packages/airflow/example_dags/plugins/workday.py for tasks to queue
[2024-08-05T11:26:26.896+0000] {logging_mixin.py:120} INFO - [2024-08-05T11:26:26.896+0000] {dagbag.py:537} INFO - Filling up the DagBag from /home/airflow/.local/lib/python3.7/site-packages/airflow/example_dags/plugins/workday.py
[2024-08-05T11:26:26.898+0000] {processor.py:768} WARNING - No viable dags retrieved from /home/airflow/.local/lib/python3.7/site-packages/airflow/example_dags/plugins/workday.py
[2024-08-05T11:26:26.922+0000] {processor.py:176} INFO - Processing /home/airflow/.local/lib/python3.7/site-packages/airflow/example_dags/plugins/workday.py took 0.033 seconds
[2024-08-05T11:26:57.753+0000] {processor.py:154} INFO - Started process (PID=21201) to work on /home/airflow/.local/lib/python3.7/site-packages/airflow/example_dags/plugins/workday.py
[2024-08-05T11:26:57.756+0000] {processor.py:756} INFO - Processing file /home/airflow/.local/lib/python3.7/site-packages/airflow/example_dags/plugins/workday.py for tasks to queue
[2024-08-05T11:26:57.757+0000] {logging_mixin.py:120} INFO - [2024-08-05T11:26:57.757+0000] {dagbag.py:537} INFO - Filling up the DagBag from /home/airflow/.local/lib/python3.7/site-packages/airflow/example_dags/plugins/workday.py
[2024-08-05T11:26:57.761+0000] {processor.py:768} WARNING - No viable dags retrieved from /home/airflow/.local/lib/python3.7/site-packages/airflow/example_dags/plugins/workday.py
[2024-08-05T11:26:57.791+0000] {processor.py:176} INFO - Processing /home/airflow/.local/lib/python3.7/site-packages/airflow/example_dags/plugins/workday.py took 0.047 seconds
[2024-08-05T11:27:28.047+0000] {processor.py:154} INFO - Started process (PID=21267) to work on /home/airflow/.local/lib/python3.7/site-packages/airflow/example_dags/plugins/workday.py
[2024-08-05T11:27:28.050+0000] {processor.py:756} INFO - Processing file /home/airflow/.local/lib/python3.7/site-packages/airflow/example_dags/plugins/workday.py for tasks to queue
[2024-08-05T11:27:28.051+0000] {logging_mixin.py:120} INFO - [2024-08-05T11:27:28.051+0000] {dagbag.py:537} INFO - Filling up the DagBag from /home/airflow/.local/lib/python3.7/site-packages/airflow/example_dags/plugins/workday.py
[2024-08-05T11:27:28.053+0000] {processor.py:768} WARNING - No viable dags retrieved from /home/airflow/.local/lib/python3.7/site-packages/airflow/example_dags/plugins/workday.py
[2024-08-05T11:27:28.071+0000] {processor.py:176} INFO - Processing /home/airflow/.local/lib/python3.7/site-packages/airflow/example_dags/plugins/workday.py took 0.028 seconds
[2024-08-05T11:27:58.942+0000] {processor.py:154} INFO - Started process (PID=21335) to work on /home/airflow/.local/lib/python3.7/site-packages/airflow/example_dags/plugins/workday.py
[2024-08-05T11:27:58.943+0000] {processor.py:756} INFO - Processing file /home/airflow/.local/lib/python3.7/site-packages/airflow/example_dags/plugins/workday.py for tasks to queue
[2024-08-05T11:27:58.944+0000] {logging_mixin.py:120} INFO - [2024-08-05T11:27:58.944+0000] {dagbag.py:537} INFO - Filling up the DagBag from /home/airflow/.local/lib/python3.7/site-packages/airflow/example_dags/plugins/workday.py
[2024-08-05T11:27:58.947+0000] {processor.py:768} WARNING - No viable dags retrieved from /home/airflow/.local/lib/python3.7/site-packages/airflow/example_dags/plugins/workday.py
[2024-08-05T11:27:58.972+0000] {processor.py:176} INFO - Processing /home/airflow/.local/lib/python3.7/site-packages/airflow/example_dags/plugins/workday.py took 0.034 seconds
[2024-08-05T11:28:29.390+0000] {processor.py:154} INFO - Started process (PID=21392) to work on /home/airflow/.local/lib/python3.7/site-packages/airflow/example_dags/plugins/workday.py
[2024-08-05T11:28:29.392+0000] {processor.py:756} INFO - Processing file /home/airflow/.local/lib/python3.7/site-packages/airflow/example_dags/plugins/workday.py for tasks to queue
[2024-08-05T11:28:29.393+0000] {logging_mixin.py:120} INFO - [2024-08-05T11:28:29.393+0000] {dagbag.py:537} INFO - Filling up the DagBag from /home/airflow/.local/lib/python3.7/site-packages/airflow/example_dags/plugins/workday.py
[2024-08-05T11:28:29.396+0000] {processor.py:768} WARNING - No viable dags retrieved from /home/airflow/.local/lib/python3.7/site-packages/airflow/example_dags/plugins/workday.py
[2024-08-05T11:28:29.416+0000] {processor.py:176} INFO - Processing /home/airflow/.local/lib/python3.7/site-packages/airflow/example_dags/plugins/workday.py took 0.029 seconds
[2024-08-05T11:29:00.506+0000] {processor.py:154} INFO - Started process (PID=21460) to work on /home/airflow/.local/lib/python3.7/site-packages/airflow/example_dags/plugins/workday.py
[2024-08-05T11:29:00.574+0000] {processor.py:756} INFO - Processing file /home/airflow/.local/lib/python3.7/site-packages/airflow/example_dags/plugins/workday.py for tasks to queue
[2024-08-05T11:29:00.593+0000] {logging_mixin.py:120} INFO - [2024-08-05T11:29:00.593+0000] {dagbag.py:537} INFO - Filling up the DagBag from /home/airflow/.local/lib/python3.7/site-packages/airflow/example_dags/plugins/workday.py
[2024-08-05T11:29:00.629+0000] {processor.py:768} WARNING - No viable dags retrieved from /home/airflow/.local/lib/python3.7/site-packages/airflow/example_dags/plugins/workday.py
[2024-08-05T11:29:00.653+0000] {processor.py:176} INFO - Processing /home/airflow/.local/lib/python3.7/site-packages/airflow/example_dags/plugins/workday.py took 0.151 seconds
[2024-08-05T11:29:36.197+0000] {processor.py:154} INFO - Started process (PID=21529) to work on /home/airflow/.local/lib/python3.7/site-packages/airflow/example_dags/plugins/workday.py
[2024-08-05T11:29:36.234+0000] {processor.py:756} INFO - Processing file /home/airflow/.local/lib/python3.7/site-packages/airflow/example_dags/plugins/workday.py for tasks to queue
[2024-08-05T11:29:36.292+0000] {logging_mixin.py:120} INFO - [2024-08-05T11:29:36.292+0000] {dagbag.py:537} INFO - Filling up the DagBag from /home/airflow/.local/lib/python3.7/site-packages/airflow/example_dags/plugins/workday.py
[2024-08-05T11:29:36.296+0000] {processor.py:768} WARNING - No viable dags retrieved from /home/airflow/.local/lib/python3.7/site-packages/airflow/example_dags/plugins/workday.py
[2024-08-05T11:29:36.317+0000] {processor.py:176} INFO - Processing /home/airflow/.local/lib/python3.7/site-packages/airflow/example_dags/plugins/workday.py took 0.124 seconds
[2024-08-05T11:30:06.572+0000] {processor.py:154} INFO - Started process (PID=21596) to work on /home/airflow/.local/lib/python3.7/site-packages/airflow/example_dags/plugins/workday.py
[2024-08-05T11:30:06.574+0000] {processor.py:756} INFO - Processing file /home/airflow/.local/lib/python3.7/site-packages/airflow/example_dags/plugins/workday.py for tasks to queue
[2024-08-05T11:30:06.575+0000] {logging_mixin.py:120} INFO - [2024-08-05T11:30:06.575+0000] {dagbag.py:537} INFO - Filling up the DagBag from /home/airflow/.local/lib/python3.7/site-packages/airflow/example_dags/plugins/workday.py
[2024-08-05T11:30:06.577+0000] {processor.py:768} WARNING - No viable dags retrieved from /home/airflow/.local/lib/python3.7/site-packages/airflow/example_dags/plugins/workday.py
[2024-08-05T11:30:06.595+0000] {processor.py:176} INFO - Processing /home/airflow/.local/lib/python3.7/site-packages/airflow/example_dags/plugins/workday.py took 0.026 seconds
[2024-08-05T11:30:38.121+0000] {processor.py:154} INFO - Started process (PID=21654) to work on /home/airflow/.local/lib/python3.7/site-packages/airflow/example_dags/plugins/workday.py
[2024-08-05T11:30:38.126+0000] {processor.py:756} INFO - Processing file /home/airflow/.local/lib/python3.7/site-packages/airflow/example_dags/plugins/workday.py for tasks to queue
[2024-08-05T11:30:38.127+0000] {logging_mixin.py:120} INFO - [2024-08-05T11:30:38.126+0000] {dagbag.py:537} INFO - Filling up the DagBag from /home/airflow/.local/lib/python3.7/site-packages/airflow/example_dags/plugins/workday.py
[2024-08-05T11:30:38.129+0000] {processor.py:768} WARNING - No viable dags retrieved from /home/airflow/.local/lib/python3.7/site-packages/airflow/example_dags/plugins/workday.py
[2024-08-05T11:30:38.145+0000] {processor.py:176} INFO - Processing /home/airflow/.local/lib/python3.7/site-packages/airflow/example_dags/plugins/workday.py took 0.028 seconds
[2024-08-05T11:31:08.812+0000] {processor.py:154} INFO - Started process (PID=21720) to work on /home/airflow/.local/lib/python3.7/site-packages/airflow/example_dags/plugins/workday.py
[2024-08-05T11:31:08.814+0000] {processor.py:756} INFO - Processing file /home/airflow/.local/lib/python3.7/site-packages/airflow/example_dags/plugins/workday.py for tasks to queue
[2024-08-05T11:31:08.815+0000] {logging_mixin.py:120} INFO - [2024-08-05T11:31:08.815+0000] {dagbag.py:537} INFO - Filling up the DagBag from /home/airflow/.local/lib/python3.7/site-packages/airflow/example_dags/plugins/workday.py
[2024-08-05T11:31:08.818+0000] {processor.py:768} WARNING - No viable dags retrieved from /home/airflow/.local/lib/python3.7/site-packages/airflow/example_dags/plugins/workday.py
[2024-08-05T11:31:08.839+0000] {processor.py:176} INFO - Processing /home/airflow/.local/lib/python3.7/site-packages/airflow/example_dags/plugins/workday.py took 0.031 seconds
[2024-08-05T11:31:41.233+0000] {processor.py:154} INFO - Started process (PID=21787) to work on /home/airflow/.local/lib/python3.7/site-packages/airflow/example_dags/plugins/workday.py
[2024-08-05T11:31:41.235+0000] {processor.py:756} INFO - Processing file /home/airflow/.local/lib/python3.7/site-packages/airflow/example_dags/plugins/workday.py for tasks to queue
[2024-08-05T11:31:41.236+0000] {logging_mixin.py:120} INFO - [2024-08-05T11:31:41.236+0000] {dagbag.py:537} INFO - Filling up the DagBag from /home/airflow/.local/lib/python3.7/site-packages/airflow/example_dags/plugins/workday.py
[2024-08-05T11:31:41.239+0000] {processor.py:768} WARNING - No viable dags retrieved from /home/airflow/.local/lib/python3.7/site-packages/airflow/example_dags/plugins/workday.py
[2024-08-05T11:31:41.257+0000] {processor.py:176} INFO - Processing /home/airflow/.local/lib/python3.7/site-packages/airflow/example_dags/plugins/workday.py took 0.027 seconds
[2024-08-05T11:32:11.897+0000] {processor.py:154} INFO - Started process (PID=21844) to work on /home/airflow/.local/lib/python3.7/site-packages/airflow/example_dags/plugins/workday.py
[2024-08-05T11:32:11.899+0000] {processor.py:756} INFO - Processing file /home/airflow/.local/lib/python3.7/site-packages/airflow/example_dags/plugins/workday.py for tasks to queue
[2024-08-05T11:32:11.900+0000] {logging_mixin.py:120} INFO - [2024-08-05T11:32:11.900+0000] {dagbag.py:537} INFO - Filling up the DagBag from /home/airflow/.local/lib/python3.7/site-packages/airflow/example_dags/plugins/workday.py
[2024-08-05T11:32:11.903+0000] {processor.py:768} WARNING - No viable dags retrieved from /home/airflow/.local/lib/python3.7/site-packages/airflow/example_dags/plugins/workday.py
[2024-08-05T11:32:11.937+0000] {processor.py:176} INFO - Processing /home/airflow/.local/lib/python3.7/site-packages/airflow/example_dags/plugins/workday.py took 0.043 seconds
[2024-08-05T11:32:43.448+0000] {processor.py:154} INFO - Started process (PID=21910) to work on /home/airflow/.local/lib/python3.7/site-packages/airflow/example_dags/plugins/workday.py
[2024-08-05T11:32:43.457+0000] {processor.py:756} INFO - Processing file /home/airflow/.local/lib/python3.7/site-packages/airflow/example_dags/plugins/workday.py for tasks to queue
[2024-08-05T11:32:43.579+0000] {logging_mixin.py:120} INFO - [2024-08-05T11:32:43.578+0000] {dagbag.py:537} INFO - Filling up the DagBag from /home/airflow/.local/lib/python3.7/site-packages/airflow/example_dags/plugins/workday.py
[2024-08-05T11:32:43.587+0000] {processor.py:768} WARNING - No viable dags retrieved from /home/airflow/.local/lib/python3.7/site-packages/airflow/example_dags/plugins/workday.py
[2024-08-05T11:32:43.605+0000] {processor.py:176} INFO - Processing /home/airflow/.local/lib/python3.7/site-packages/airflow/example_dags/plugins/workday.py took 0.162 seconds
[2024-08-05T11:33:14.386+0000] {processor.py:154} INFO - Started process (PID=21976) to work on /home/airflow/.local/lib/python3.7/site-packages/airflow/example_dags/plugins/workday.py
[2024-08-05T11:33:14.388+0000] {processor.py:756} INFO - Processing file /home/airflow/.local/lib/python3.7/site-packages/airflow/example_dags/plugins/workday.py for tasks to queue
[2024-08-05T11:33:14.389+0000] {logging_mixin.py:120} INFO - [2024-08-05T11:33:14.389+0000] {dagbag.py:537} INFO - Filling up the DagBag from /home/airflow/.local/lib/python3.7/site-packages/airflow/example_dags/plugins/workday.py
[2024-08-05T11:33:14.391+0000] {processor.py:768} WARNING - No viable dags retrieved from /home/airflow/.local/lib/python3.7/site-packages/airflow/example_dags/plugins/workday.py
[2024-08-05T11:33:14.406+0000] {processor.py:176} INFO - Processing /home/airflow/.local/lib/python3.7/site-packages/airflow/example_dags/plugins/workday.py took 0.023 seconds
[2024-08-05T11:33:45.882+0000] {processor.py:154} INFO - Started process (PID=22035) to work on /home/airflow/.local/lib/python3.7/site-packages/airflow/example_dags/plugins/workday.py
[2024-08-05T11:33:45.884+0000] {processor.py:756} INFO - Processing file /home/airflow/.local/lib/python3.7/site-packages/airflow/example_dags/plugins/workday.py for tasks to queue
[2024-08-05T11:33:45.885+0000] {logging_mixin.py:120} INFO - [2024-08-05T11:33:45.885+0000] {dagbag.py:537} INFO - Filling up the DagBag from /home/airflow/.local/lib/python3.7/site-packages/airflow/example_dags/plugins/workday.py
[2024-08-05T11:33:45.890+0000] {processor.py:768} WARNING - No viable dags retrieved from /home/airflow/.local/lib/python3.7/site-packages/airflow/example_dags/plugins/workday.py
[2024-08-05T11:33:45.911+0000] {processor.py:176} INFO - Processing /home/airflow/.local/lib/python3.7/site-packages/airflow/example_dags/plugins/workday.py took 0.034 seconds
[2024-08-05T11:34:16.202+0000] {processor.py:154} INFO - Started process (PID=22103) to work on /home/airflow/.local/lib/python3.7/site-packages/airflow/example_dags/plugins/workday.py
[2024-08-05T11:34:16.209+0000] {processor.py:756} INFO - Processing file /home/airflow/.local/lib/python3.7/site-packages/airflow/example_dags/plugins/workday.py for tasks to queue
[2024-08-05T11:34:16.210+0000] {logging_mixin.py:120} INFO - [2024-08-05T11:34:16.210+0000] {dagbag.py:537} INFO - Filling up the DagBag from /home/airflow/.local/lib/python3.7/site-packages/airflow/example_dags/plugins/workday.py
[2024-08-05T11:34:16.212+0000] {processor.py:768} WARNING - No viable dags retrieved from /home/airflow/.local/lib/python3.7/site-packages/airflow/example_dags/plugins/workday.py
[2024-08-05T11:34:16.231+0000] {processor.py:176} INFO - Processing /home/airflow/.local/lib/python3.7/site-packages/airflow/example_dags/plugins/workday.py took 0.032 seconds
[2024-08-05T11:34:47.780+0000] {processor.py:154} INFO - Started process (PID=22170) to work on /home/airflow/.local/lib/python3.7/site-packages/airflow/example_dags/plugins/workday.py
[2024-08-05T11:34:47.826+0000] {processor.py:756} INFO - Processing file /home/airflow/.local/lib/python3.7/site-packages/airflow/example_dags/plugins/workday.py for tasks to queue
[2024-08-05T11:34:47.931+0000] {logging_mixin.py:120} INFO - [2024-08-05T11:34:47.930+0000] {dagbag.py:537} INFO - Filling up the DagBag from /home/airflow/.local/lib/python3.7/site-packages/airflow/example_dags/plugins/workday.py
[2024-08-05T11:34:47.934+0000] {processor.py:768} WARNING - No viable dags retrieved from /home/airflow/.local/lib/python3.7/site-packages/airflow/example_dags/plugins/workday.py
[2024-08-05T11:34:47.962+0000] {processor.py:176} INFO - Processing /home/airflow/.local/lib/python3.7/site-packages/airflow/example_dags/plugins/workday.py took 0.186 seconds
[2024-08-05T11:35:19.635+0000] {processor.py:154} INFO - Started process (PID=22228) to work on /home/airflow/.local/lib/python3.7/site-packages/airflow/example_dags/plugins/workday.py
[2024-08-05T11:35:19.705+0000] {processor.py:756} INFO - Processing file /home/airflow/.local/lib/python3.7/site-packages/airflow/example_dags/plugins/workday.py for tasks to queue
[2024-08-05T11:35:19.708+0000] {logging_mixin.py:120} INFO - [2024-08-05T11:35:19.707+0000] {dagbag.py:537} INFO - Filling up the DagBag from /home/airflow/.local/lib/python3.7/site-packages/airflow/example_dags/plugins/workday.py
[2024-08-05T11:35:19.712+0000] {processor.py:768} WARNING - No viable dags retrieved from /home/airflow/.local/lib/python3.7/site-packages/airflow/example_dags/plugins/workday.py
[2024-08-05T11:35:19.734+0000] {processor.py:176} INFO - Processing /home/airflow/.local/lib/python3.7/site-packages/airflow/example_dags/plugins/workday.py took 0.103 seconds
[2024-08-05T11:35:50.775+0000] {processor.py:154} INFO - Started process (PID=22295) to work on /home/airflow/.local/lib/python3.7/site-packages/airflow/example_dags/plugins/workday.py
[2024-08-05T11:35:50.780+0000] {processor.py:756} INFO - Processing file /home/airflow/.local/lib/python3.7/site-packages/airflow/example_dags/plugins/workday.py for tasks to queue
[2024-08-05T11:35:50.782+0000] {logging_mixin.py:120} INFO - [2024-08-05T11:35:50.782+0000] {dagbag.py:537} INFO - Filling up the DagBag from /home/airflow/.local/lib/python3.7/site-packages/airflow/example_dags/plugins/workday.py
[2024-08-05T11:35:50.785+0000] {processor.py:768} WARNING - No viable dags retrieved from /home/airflow/.local/lib/python3.7/site-packages/airflow/example_dags/plugins/workday.py
[2024-08-05T11:35:50.815+0000] {processor.py:176} INFO - Processing /home/airflow/.local/lib/python3.7/site-packages/airflow/example_dags/plugins/workday.py took 0.043 seconds
[2024-08-05T11:36:21.233+0000] {processor.py:154} INFO - Started process (PID=22352) to work on /home/airflow/.local/lib/python3.7/site-packages/airflow/example_dags/plugins/workday.py
[2024-08-05T11:36:21.299+0000] {processor.py:756} INFO - Processing file /home/airflow/.local/lib/python3.7/site-packages/airflow/example_dags/plugins/workday.py for tasks to queue
[2024-08-05T11:36:21.300+0000] {logging_mixin.py:120} INFO - [2024-08-05T11:36:21.300+0000] {dagbag.py:537} INFO - Filling up the DagBag from /home/airflow/.local/lib/python3.7/site-packages/airflow/example_dags/plugins/workday.py
[2024-08-05T11:36:21.320+0000] {processor.py:768} WARNING - No viable dags retrieved from /home/airflow/.local/lib/python3.7/site-packages/airflow/example_dags/plugins/workday.py
[2024-08-05T11:36:21.502+0000] {processor.py:176} INFO - Processing /home/airflow/.local/lib/python3.7/site-packages/airflow/example_dags/plugins/workday.py took 0.273 seconds
[2024-08-05T11:36:51.928+0000] {processor.py:154} INFO - Started process (PID=22419) to work on /home/airflow/.local/lib/python3.7/site-packages/airflow/example_dags/plugins/workday.py
[2024-08-05T11:36:51.930+0000] {processor.py:756} INFO - Processing file /home/airflow/.local/lib/python3.7/site-packages/airflow/example_dags/plugins/workday.py for tasks to queue
[2024-08-05T11:36:51.931+0000] {logging_mixin.py:120} INFO - [2024-08-05T11:36:51.930+0000] {dagbag.py:537} INFO - Filling up the DagBag from /home/airflow/.local/lib/python3.7/site-packages/airflow/example_dags/plugins/workday.py
[2024-08-05T11:36:51.932+0000] {processor.py:768} WARNING - No viable dags retrieved from /home/airflow/.local/lib/python3.7/site-packages/airflow/example_dags/plugins/workday.py
[2024-08-05T11:36:51.957+0000] {processor.py:176} INFO - Processing /home/airflow/.local/lib/python3.7/site-packages/airflow/example_dags/plugins/workday.py took 0.033 seconds
[2024-08-05T11:37:22.352+0000] {processor.py:154} INFO - Started process (PID=22486) to work on /home/airflow/.local/lib/python3.7/site-packages/airflow/example_dags/plugins/workday.py
[2024-08-05T11:37:22.353+0000] {processor.py:756} INFO - Processing file /home/airflow/.local/lib/python3.7/site-packages/airflow/example_dags/plugins/workday.py for tasks to queue
[2024-08-05T11:37:22.355+0000] {logging_mixin.py:120} INFO - [2024-08-05T11:37:22.354+0000] {dagbag.py:537} INFO - Filling up the DagBag from /home/airflow/.local/lib/python3.7/site-packages/airflow/example_dags/plugins/workday.py
[2024-08-05T11:37:22.358+0000] {processor.py:768} WARNING - No viable dags retrieved from /home/airflow/.local/lib/python3.7/site-packages/airflow/example_dags/plugins/workday.py
[2024-08-05T11:37:22.379+0000] {processor.py:176} INFO - Processing /home/airflow/.local/lib/python3.7/site-packages/airflow/example_dags/plugins/workday.py took 0.032 seconds
[2024-08-05T11:37:53.015+0000] {processor.py:154} INFO - Started process (PID=22544) to work on /home/airflow/.local/lib/python3.7/site-packages/airflow/example_dags/plugins/workday.py
[2024-08-05T11:37:53.016+0000] {processor.py:756} INFO - Processing file /home/airflow/.local/lib/python3.7/site-packages/airflow/example_dags/plugins/workday.py for tasks to queue
[2024-08-05T11:37:53.017+0000] {logging_mixin.py:120} INFO - [2024-08-05T11:37:53.017+0000] {dagbag.py:537} INFO - Filling up the DagBag from /home/airflow/.local/lib/python3.7/site-packages/airflow/example_dags/plugins/workday.py
[2024-08-05T11:37:53.019+0000] {processor.py:768} WARNING - No viable dags retrieved from /home/airflow/.local/lib/python3.7/site-packages/airflow/example_dags/plugins/workday.py
[2024-08-05T11:37:53.033+0000] {processor.py:176} INFO - Processing /home/airflow/.local/lib/python3.7/site-packages/airflow/example_dags/plugins/workday.py took 0.023 seconds
[2024-08-05T11:38:25.327+0000] {processor.py:154} INFO - Started process (PID=22611) to work on /home/airflow/.local/lib/python3.7/site-packages/airflow/example_dags/plugins/workday.py
[2024-08-05T11:38:25.329+0000] {processor.py:756} INFO - Processing file /home/airflow/.local/lib/python3.7/site-packages/airflow/example_dags/plugins/workday.py for tasks to queue
[2024-08-05T11:38:25.330+0000] {logging_mixin.py:120} INFO - [2024-08-05T11:38:25.329+0000] {dagbag.py:537} INFO - Filling up the DagBag from /home/airflow/.local/lib/python3.7/site-packages/airflow/example_dags/plugins/workday.py
[2024-08-05T11:38:25.332+0000] {processor.py:768} WARNING - No viable dags retrieved from /home/airflow/.local/lib/python3.7/site-packages/airflow/example_dags/plugins/workday.py
[2024-08-05T11:38:25.347+0000] {processor.py:176} INFO - Processing /home/airflow/.local/lib/python3.7/site-packages/airflow/example_dags/plugins/workday.py took 0.023 seconds
[2024-08-05T11:38:57.212+0000] {processor.py:154} INFO - Started process (PID=22678) to work on /home/airflow/.local/lib/python3.7/site-packages/airflow/example_dags/plugins/workday.py
[2024-08-05T11:38:57.229+0000] {processor.py:756} INFO - Processing file /home/airflow/.local/lib/python3.7/site-packages/airflow/example_dags/plugins/workday.py for tasks to queue
[2024-08-05T11:38:57.236+0000] {logging_mixin.py:120} INFO - [2024-08-05T11:38:57.236+0000] {dagbag.py:537} INFO - Filling up the DagBag from /home/airflow/.local/lib/python3.7/site-packages/airflow/example_dags/plugins/workday.py
[2024-08-05T11:38:57.251+0000] {processor.py:768} WARNING - No viable dags retrieved from /home/airflow/.local/lib/python3.7/site-packages/airflow/example_dags/plugins/workday.py
[2024-08-05T11:38:57.398+0000] {processor.py:176} INFO - Processing /home/airflow/.local/lib/python3.7/site-packages/airflow/example_dags/plugins/workday.py took 0.190 seconds
[2024-08-05T11:39:27.608+0000] {processor.py:154} INFO - Started process (PID=22736) to work on /home/airflow/.local/lib/python3.7/site-packages/airflow/example_dags/plugins/workday.py
[2024-08-05T11:39:27.630+0000] {processor.py:756} INFO - Processing file /home/airflow/.local/lib/python3.7/site-packages/airflow/example_dags/plugins/workday.py for tasks to queue
[2024-08-05T11:39:27.632+0000] {logging_mixin.py:120} INFO - [2024-08-05T11:39:27.632+0000] {dagbag.py:537} INFO - Filling up the DagBag from /home/airflow/.local/lib/python3.7/site-packages/airflow/example_dags/plugins/workday.py
[2024-08-05T11:39:27.637+0000] {processor.py:768} WARNING - No viable dags retrieved from /home/airflow/.local/lib/python3.7/site-packages/airflow/example_dags/plugins/workday.py
[2024-08-05T11:39:27.671+0000] {processor.py:176} INFO - Processing /home/airflow/.local/lib/python3.7/site-packages/airflow/example_dags/plugins/workday.py took 0.066 seconds
[2024-08-05T11:39:58.879+0000] {processor.py:154} INFO - Started process (PID=22803) to work on /home/airflow/.local/lib/python3.7/site-packages/airflow/example_dags/plugins/workday.py
[2024-08-05T11:39:59.007+0000] {processor.py:756} INFO - Processing file /home/airflow/.local/lib/python3.7/site-packages/airflow/example_dags/plugins/workday.py for tasks to queue
[2024-08-05T11:39:59.009+0000] {logging_mixin.py:120} INFO - [2024-08-05T11:39:59.009+0000] {dagbag.py:537} INFO - Filling up the DagBag from /home/airflow/.local/lib/python3.7/site-packages/airflow/example_dags/plugins/workday.py
[2024-08-05T11:39:59.011+0000] {processor.py:768} WARNING - No viable dags retrieved from /home/airflow/.local/lib/python3.7/site-packages/airflow/example_dags/plugins/workday.py
[2024-08-05T11:39:59.030+0000] {processor.py:176} INFO - Processing /home/airflow/.local/lib/python3.7/site-packages/airflow/example_dags/plugins/workday.py took 0.154 seconds
[2024-08-05T11:40:29.880+0000] {processor.py:154} INFO - Started process (PID=22862) to work on /home/airflow/.local/lib/python3.7/site-packages/airflow/example_dags/plugins/workday.py
[2024-08-05T11:40:29.881+0000] {processor.py:756} INFO - Processing file /home/airflow/.local/lib/python3.7/site-packages/airflow/example_dags/plugins/workday.py for tasks to queue
[2024-08-05T11:40:29.882+0000] {logging_mixin.py:120} INFO - [2024-08-05T11:40:29.882+0000] {dagbag.py:537} INFO - Filling up the DagBag from /home/airflow/.local/lib/python3.7/site-packages/airflow/example_dags/plugins/workday.py
[2024-08-05T11:40:29.884+0000] {processor.py:768} WARNING - No viable dags retrieved from /home/airflow/.local/lib/python3.7/site-packages/airflow/example_dags/plugins/workday.py
[2024-08-05T11:40:29.899+0000] {processor.py:176} INFO - Processing /home/airflow/.local/lib/python3.7/site-packages/airflow/example_dags/plugins/workday.py took 0.022 seconds
[2024-08-05T11:41:00.759+0000] {processor.py:154} INFO - Started process (PID=22928) to work on /home/airflow/.local/lib/python3.7/site-packages/airflow/example_dags/plugins/workday.py
[2024-08-05T11:41:00.800+0000] {processor.py:756} INFO - Processing file /home/airflow/.local/lib/python3.7/site-packages/airflow/example_dags/plugins/workday.py for tasks to queue
[2024-08-05T11:41:00.966+0000] {logging_mixin.py:120} INFO - [2024-08-05T11:41:00.966+0000] {dagbag.py:537} INFO - Filling up the DagBag from /home/airflow/.local/lib/python3.7/site-packages/airflow/example_dags/plugins/workday.py
[2024-08-05T11:41:01.012+0000] {processor.py:768} WARNING - No viable dags retrieved from /home/airflow/.local/lib/python3.7/site-packages/airflow/example_dags/plugins/workday.py
[2024-08-05T11:41:01.041+0000] {processor.py:176} INFO - Processing /home/airflow/.local/lib/python3.7/site-packages/airflow/example_dags/plugins/workday.py took 0.286 seconds
[2024-08-05T11:41:31.711+0000] {processor.py:154} INFO - Started process (PID=22995) to work on /home/airflow/.local/lib/python3.7/site-packages/airflow/example_dags/plugins/workday.py
[2024-08-05T11:41:31.712+0000] {processor.py:756} INFO - Processing file /home/airflow/.local/lib/python3.7/site-packages/airflow/example_dags/plugins/workday.py for tasks to queue
[2024-08-05T11:41:31.714+0000] {logging_mixin.py:120} INFO - [2024-08-05T11:41:31.714+0000] {dagbag.py:537} INFO - Filling up the DagBag from /home/airflow/.local/lib/python3.7/site-packages/airflow/example_dags/plugins/workday.py
[2024-08-05T11:41:31.717+0000] {processor.py:768} WARNING - No viable dags retrieved from /home/airflow/.local/lib/python3.7/site-packages/airflow/example_dags/plugins/workday.py
[2024-08-05T11:41:31.739+0000] {processor.py:176} INFO - Processing /home/airflow/.local/lib/python3.7/site-packages/airflow/example_dags/plugins/workday.py took 0.032 seconds
[2024-08-05T11:42:03.102+0000] {processor.py:154} INFO - Started process (PID=23054) to work on /home/airflow/.local/lib/python3.7/site-packages/airflow/example_dags/plugins/workday.py
[2024-08-05T11:42:03.103+0000] {processor.py:756} INFO - Processing file /home/airflow/.local/lib/python3.7/site-packages/airflow/example_dags/plugins/workday.py for tasks to queue
[2024-08-05T11:42:03.104+0000] {logging_mixin.py:120} INFO - [2024-08-05T11:42:03.104+0000] {dagbag.py:537} INFO - Filling up the DagBag from /home/airflow/.local/lib/python3.7/site-packages/airflow/example_dags/plugins/workday.py
[2024-08-05T11:42:03.106+0000] {processor.py:768} WARNING - No viable dags retrieved from /home/airflow/.local/lib/python3.7/site-packages/airflow/example_dags/plugins/workday.py
[2024-08-05T11:42:03.118+0000] {processor.py:176} INFO - Processing /home/airflow/.local/lib/python3.7/site-packages/airflow/example_dags/plugins/workday.py took 0.019 seconds
[2024-08-05T11:42:34.481+0000] {processor.py:154} INFO - Started process (PID=23123) to work on /home/airflow/.local/lib/python3.7/site-packages/airflow/example_dags/plugins/workday.py
[2024-08-05T11:42:34.483+0000] {processor.py:756} INFO - Processing file /home/airflow/.local/lib/python3.7/site-packages/airflow/example_dags/plugins/workday.py for tasks to queue
[2024-08-05T11:42:34.486+0000] {logging_mixin.py:120} INFO - [2024-08-05T11:42:34.486+0000] {dagbag.py:537} INFO - Filling up the DagBag from /home/airflow/.local/lib/python3.7/site-packages/airflow/example_dags/plugins/workday.py
[2024-08-05T11:42:34.489+0000] {processor.py:768} WARNING - No viable dags retrieved from /home/airflow/.local/lib/python3.7/site-packages/airflow/example_dags/plugins/workday.py
[2024-08-05T11:42:34.508+0000] {processor.py:176} INFO - Processing /home/airflow/.local/lib/python3.7/site-packages/airflow/example_dags/plugins/workday.py took 0.030 seconds
[2024-08-05T11:43:06.219+0000] {processor.py:154} INFO - Started process (PID=23191) to work on /home/airflow/.local/lib/python3.7/site-packages/airflow/example_dags/plugins/workday.py
[2024-08-05T11:43:06.220+0000] {processor.py:756} INFO - Processing file /home/airflow/.local/lib/python3.7/site-packages/airflow/example_dags/plugins/workday.py for tasks to queue
[2024-08-05T11:43:06.221+0000] {logging_mixin.py:120} INFO - [2024-08-05T11:43:06.221+0000] {dagbag.py:537} INFO - Filling up the DagBag from /home/airflow/.local/lib/python3.7/site-packages/airflow/example_dags/plugins/workday.py
[2024-08-05T11:43:06.223+0000] {processor.py:768} WARNING - No viable dags retrieved from /home/airflow/.local/lib/python3.7/site-packages/airflow/example_dags/plugins/workday.py
[2024-08-05T11:43:06.241+0000] {processor.py:176} INFO - Processing /home/airflow/.local/lib/python3.7/site-packages/airflow/example_dags/plugins/workday.py took 0.025 seconds
[2024-08-05T11:43:36.386+0000] {processor.py:154} INFO - Started process (PID=23257) to work on /home/airflow/.local/lib/python3.7/site-packages/airflow/example_dags/plugins/workday.py
[2024-08-05T11:43:36.387+0000] {processor.py:756} INFO - Processing file /home/airflow/.local/lib/python3.7/site-packages/airflow/example_dags/plugins/workday.py for tasks to queue
[2024-08-05T11:43:36.389+0000] {logging_mixin.py:120} INFO - [2024-08-05T11:43:36.388+0000] {dagbag.py:537} INFO - Filling up the DagBag from /home/airflow/.local/lib/python3.7/site-packages/airflow/example_dags/plugins/workday.py
[2024-08-05T11:43:36.391+0000] {processor.py:768} WARNING - No viable dags retrieved from /home/airflow/.local/lib/python3.7/site-packages/airflow/example_dags/plugins/workday.py
[2024-08-05T11:43:36.410+0000] {processor.py:176} INFO - Processing /home/airflow/.local/lib/python3.7/site-packages/airflow/example_dags/plugins/workday.py took 0.028 seconds
[2024-08-05T11:44:07.353+0000] {processor.py:154} INFO - Started process (PID=23326) to work on /home/airflow/.local/lib/python3.7/site-packages/airflow/example_dags/plugins/workday.py
[2024-08-05T11:44:07.355+0000] {processor.py:756} INFO - Processing file /home/airflow/.local/lib/python3.7/site-packages/airflow/example_dags/plugins/workday.py for tasks to queue
[2024-08-05T11:44:07.356+0000] {logging_mixin.py:120} INFO - [2024-08-05T11:44:07.356+0000] {dagbag.py:537} INFO - Filling up the DagBag from /home/airflow/.local/lib/python3.7/site-packages/airflow/example_dags/plugins/workday.py
[2024-08-05T11:44:07.358+0000] {processor.py:768} WARNING - No viable dags retrieved from /home/airflow/.local/lib/python3.7/site-packages/airflow/example_dags/plugins/workday.py
[2024-08-05T11:44:07.377+0000] {processor.py:176} INFO - Processing /home/airflow/.local/lib/python3.7/site-packages/airflow/example_dags/plugins/workday.py took 0.028 seconds
[2024-08-05T11:44:39.276+0000] {processor.py:154} INFO - Started process (PID=23384) to work on /home/airflow/.local/lib/python3.7/site-packages/airflow/example_dags/plugins/workday.py
[2024-08-05T11:44:39.278+0000] {processor.py:756} INFO - Processing file /home/airflow/.local/lib/python3.7/site-packages/airflow/example_dags/plugins/workday.py for tasks to queue
[2024-08-05T11:44:39.280+0000] {logging_mixin.py:120} INFO - [2024-08-05T11:44:39.280+0000] {dagbag.py:537} INFO - Filling up the DagBag from /home/airflow/.local/lib/python3.7/site-packages/airflow/example_dags/plugins/workday.py
[2024-08-05T11:44:39.287+0000] {processor.py:768} WARNING - No viable dags retrieved from /home/airflow/.local/lib/python3.7/site-packages/airflow/example_dags/plugins/workday.py
[2024-08-05T11:44:39.310+0000] {processor.py:176} INFO - Processing /home/airflow/.local/lib/python3.7/site-packages/airflow/example_dags/plugins/workday.py took 0.039 seconds
[2024-08-05T11:45:10.605+0000] {processor.py:154} INFO - Started process (PID=23451) to work on /home/airflow/.local/lib/python3.7/site-packages/airflow/example_dags/plugins/workday.py
[2024-08-05T11:45:10.611+0000] {processor.py:756} INFO - Processing file /home/airflow/.local/lib/python3.7/site-packages/airflow/example_dags/plugins/workday.py for tasks to queue
[2024-08-05T11:45:10.614+0000] {logging_mixin.py:120} INFO - [2024-08-05T11:45:10.613+0000] {dagbag.py:537} INFO - Filling up the DagBag from /home/airflow/.local/lib/python3.7/site-packages/airflow/example_dags/plugins/workday.py
[2024-08-05T11:45:10.616+0000] {processor.py:768} WARNING - No viable dags retrieved from /home/airflow/.local/lib/python3.7/site-packages/airflow/example_dags/plugins/workday.py
[2024-08-05T11:45:10.639+0000] {processor.py:176} INFO - Processing /home/airflow/.local/lib/python3.7/site-packages/airflow/example_dags/plugins/workday.py took 0.040 seconds
[2024-08-05T11:45:42.442+0000] {processor.py:154} INFO - Started process (PID=23518) to work on /home/airflow/.local/lib/python3.7/site-packages/airflow/example_dags/plugins/workday.py
[2024-08-05T11:45:42.446+0000] {processor.py:756} INFO - Processing file /home/airflow/.local/lib/python3.7/site-packages/airflow/example_dags/plugins/workday.py for tasks to queue
[2024-08-05T11:45:42.447+0000] {logging_mixin.py:120} INFO - [2024-08-05T11:45:42.447+0000] {dagbag.py:537} INFO - Filling up the DagBag from /home/airflow/.local/lib/python3.7/site-packages/airflow/example_dags/plugins/workday.py
[2024-08-05T11:45:42.453+0000] {processor.py:768} WARNING - No viable dags retrieved from /home/airflow/.local/lib/python3.7/site-packages/airflow/example_dags/plugins/workday.py
[2024-08-05T11:45:42.489+0000] {processor.py:176} INFO - Processing /home/airflow/.local/lib/python3.7/site-packages/airflow/example_dags/plugins/workday.py took 0.053 seconds
[2024-08-05T11:46:13.124+0000] {processor.py:154} INFO - Started process (PID=23576) to work on /home/airflow/.local/lib/python3.7/site-packages/airflow/example_dags/plugins/workday.py
[2024-08-05T11:46:13.131+0000] {processor.py:756} INFO - Processing file /home/airflow/.local/lib/python3.7/site-packages/airflow/example_dags/plugins/workday.py for tasks to queue
[2024-08-05T11:46:13.137+0000] {logging_mixin.py:120} INFO - [2024-08-05T11:46:13.136+0000] {dagbag.py:537} INFO - Filling up the DagBag from /home/airflow/.local/lib/python3.7/site-packages/airflow/example_dags/plugins/workday.py
[2024-08-05T11:46:13.140+0000] {processor.py:768} WARNING - No viable dags retrieved from /home/airflow/.local/lib/python3.7/site-packages/airflow/example_dags/plugins/workday.py
[2024-08-05T11:46:13.163+0000] {processor.py:176} INFO - Processing /home/airflow/.local/lib/python3.7/site-packages/airflow/example_dags/plugins/workday.py took 0.052 seconds
[2024-08-05T11:46:43.549+0000] {processor.py:154} INFO - Started process (PID=23644) to work on /home/airflow/.local/lib/python3.7/site-packages/airflow/example_dags/plugins/workday.py
[2024-08-05T11:46:43.551+0000] {processor.py:756} INFO - Processing file /home/airflow/.local/lib/python3.7/site-packages/airflow/example_dags/plugins/workday.py for tasks to queue
[2024-08-05T11:46:43.552+0000] {logging_mixin.py:120} INFO - [2024-08-05T11:46:43.552+0000] {dagbag.py:537} INFO - Filling up the DagBag from /home/airflow/.local/lib/python3.7/site-packages/airflow/example_dags/plugins/workday.py
[2024-08-05T11:46:43.559+0000] {processor.py:768} WARNING - No viable dags retrieved from /home/airflow/.local/lib/python3.7/site-packages/airflow/example_dags/plugins/workday.py
[2024-08-05T11:46:43.583+0000] {processor.py:176} INFO - Processing /home/airflow/.local/lib/python3.7/site-packages/airflow/example_dags/plugins/workday.py took 0.037 seconds
[2024-08-05T11:47:14.094+0000] {processor.py:154} INFO - Started process (PID=23702) to work on /home/airflow/.local/lib/python3.7/site-packages/airflow/example_dags/plugins/workday.py
[2024-08-05T11:47:14.096+0000] {processor.py:756} INFO - Processing file /home/airflow/.local/lib/python3.7/site-packages/airflow/example_dags/plugins/workday.py for tasks to queue
[2024-08-05T11:47:14.098+0000] {logging_mixin.py:120} INFO - [2024-08-05T11:47:14.098+0000] {dagbag.py:537} INFO - Filling up the DagBag from /home/airflow/.local/lib/python3.7/site-packages/airflow/example_dags/plugins/workday.py
[2024-08-05T11:47:14.101+0000] {processor.py:768} WARNING - No viable dags retrieved from /home/airflow/.local/lib/python3.7/site-packages/airflow/example_dags/plugins/workday.py
[2024-08-05T11:47:14.150+0000] {processor.py:176} INFO - Processing /home/airflow/.local/lib/python3.7/site-packages/airflow/example_dags/plugins/workday.py took 0.061 seconds
[2024-08-05T11:47:45.332+0000] {processor.py:154} INFO - Started process (PID=23770) to work on /home/airflow/.local/lib/python3.7/site-packages/airflow/example_dags/plugins/workday.py
[2024-08-05T11:47:45.334+0000] {processor.py:756} INFO - Processing file /home/airflow/.local/lib/python3.7/site-packages/airflow/example_dags/plugins/workday.py for tasks to queue
[2024-08-05T11:47:45.336+0000] {logging_mixin.py:120} INFO - [2024-08-05T11:47:45.336+0000] {dagbag.py:537} INFO - Filling up the DagBag from /home/airflow/.local/lib/python3.7/site-packages/airflow/example_dags/plugins/workday.py
[2024-08-05T11:47:45.342+0000] {processor.py:768} WARNING - No viable dags retrieved from /home/airflow/.local/lib/python3.7/site-packages/airflow/example_dags/plugins/workday.py
[2024-08-05T11:47:45.370+0000] {processor.py:176} INFO - Processing /home/airflow/.local/lib/python3.7/site-packages/airflow/example_dags/plugins/workday.py took 0.042 seconds
[2024-08-05T11:48:16.157+0000] {processor.py:154} INFO - Started process (PID=23836) to work on /home/airflow/.local/lib/python3.7/site-packages/airflow/example_dags/plugins/workday.py
[2024-08-05T11:48:16.159+0000] {processor.py:756} INFO - Processing file /home/airflow/.local/lib/python3.7/site-packages/airflow/example_dags/plugins/workday.py for tasks to queue
[2024-08-05T11:48:16.161+0000] {logging_mixin.py:120} INFO - [2024-08-05T11:48:16.160+0000] {dagbag.py:537} INFO - Filling up the DagBag from /home/airflow/.local/lib/python3.7/site-packages/airflow/example_dags/plugins/workday.py
[2024-08-05T11:48:16.164+0000] {processor.py:768} WARNING - No viable dags retrieved from /home/airflow/.local/lib/python3.7/site-packages/airflow/example_dags/plugins/workday.py
[2024-08-05T11:48:16.184+0000] {processor.py:176} INFO - Processing /home/airflow/.local/lib/python3.7/site-packages/airflow/example_dags/plugins/workday.py took 0.031 seconds
[2024-08-05T11:48:47.117+0000] {processor.py:154} INFO - Started process (PID=23896) to work on /home/airflow/.local/lib/python3.7/site-packages/airflow/example_dags/plugins/workday.py
[2024-08-05T11:48:47.120+0000] {processor.py:756} INFO - Processing file /home/airflow/.local/lib/python3.7/site-packages/airflow/example_dags/plugins/workday.py for tasks to queue
[2024-08-05T11:48:47.121+0000] {logging_mixin.py:120} INFO - [2024-08-05T11:48:47.121+0000] {dagbag.py:537} INFO - Filling up the DagBag from /home/airflow/.local/lib/python3.7/site-packages/airflow/example_dags/plugins/workday.py
[2024-08-05T11:48:47.124+0000] {processor.py:768} WARNING - No viable dags retrieved from /home/airflow/.local/lib/python3.7/site-packages/airflow/example_dags/plugins/workday.py
[2024-08-05T11:48:47.144+0000] {processor.py:176} INFO - Processing /home/airflow/.local/lib/python3.7/site-packages/airflow/example_dags/plugins/workday.py took 0.030 seconds
[2024-08-05T11:49:17.745+0000] {processor.py:154} INFO - Started process (PID=23962) to work on /home/airflow/.local/lib/python3.7/site-packages/airflow/example_dags/plugins/workday.py
[2024-08-05T11:49:17.747+0000] {processor.py:756} INFO - Processing file /home/airflow/.local/lib/python3.7/site-packages/airflow/example_dags/plugins/workday.py for tasks to queue
[2024-08-05T11:49:17.748+0000] {logging_mixin.py:120} INFO - [2024-08-05T11:49:17.748+0000] {dagbag.py:537} INFO - Filling up the DagBag from /home/airflow/.local/lib/python3.7/site-packages/airflow/example_dags/plugins/workday.py
[2024-08-05T11:49:17.750+0000] {processor.py:768} WARNING - No viable dags retrieved from /home/airflow/.local/lib/python3.7/site-packages/airflow/example_dags/plugins/workday.py
[2024-08-05T11:49:17.766+0000] {processor.py:176} INFO - Processing /home/airflow/.local/lib/python3.7/site-packages/airflow/example_dags/plugins/workday.py took 0.024 seconds
[2024-08-05T11:49:49.158+0000] {processor.py:154} INFO - Started process (PID=24029) to work on /home/airflow/.local/lib/python3.7/site-packages/airflow/example_dags/plugins/workday.py
[2024-08-05T11:49:49.159+0000] {processor.py:756} INFO - Processing file /home/airflow/.local/lib/python3.7/site-packages/airflow/example_dags/plugins/workday.py for tasks to queue
[2024-08-05T11:49:49.161+0000] {logging_mixin.py:120} INFO - [2024-08-05T11:49:49.161+0000] {dagbag.py:537} INFO - Filling up the DagBag from /home/airflow/.local/lib/python3.7/site-packages/airflow/example_dags/plugins/workday.py
[2024-08-05T11:49:49.164+0000] {processor.py:768} WARNING - No viable dags retrieved from /home/airflow/.local/lib/python3.7/site-packages/airflow/example_dags/plugins/workday.py
[2024-08-05T11:49:49.191+0000] {processor.py:176} INFO - Processing /home/airflow/.local/lib/python3.7/site-packages/airflow/example_dags/plugins/workday.py took 0.038 seconds
[2024-08-05T11:50:19.751+0000] {processor.py:154} INFO - Started process (PID=24087) to work on /home/airflow/.local/lib/python3.7/site-packages/airflow/example_dags/plugins/workday.py
[2024-08-05T11:50:19.753+0000] {processor.py:756} INFO - Processing file /home/airflow/.local/lib/python3.7/site-packages/airflow/example_dags/plugins/workday.py for tasks to queue
[2024-08-05T11:50:19.754+0000] {logging_mixin.py:120} INFO - [2024-08-05T11:50:19.754+0000] {dagbag.py:537} INFO - Filling up the DagBag from /home/airflow/.local/lib/python3.7/site-packages/airflow/example_dags/plugins/workday.py
[2024-08-05T11:50:19.764+0000] {processor.py:768} WARNING - No viable dags retrieved from /home/airflow/.local/lib/python3.7/site-packages/airflow/example_dags/plugins/workday.py
[2024-08-05T11:50:19.788+0000] {processor.py:176} INFO - Processing /home/airflow/.local/lib/python3.7/site-packages/airflow/example_dags/plugins/workday.py took 0.042 seconds
[2024-08-05T11:50:53.364+0000] {processor.py:154} INFO - Started process (PID=24154) to work on /home/airflow/.local/lib/python3.7/site-packages/airflow/example_dags/plugins/workday.py
[2024-08-05T11:50:53.365+0000] {processor.py:756} INFO - Processing file /home/airflow/.local/lib/python3.7/site-packages/airflow/example_dags/plugins/workday.py for tasks to queue
[2024-08-05T11:50:53.366+0000] {logging_mixin.py:120} INFO - [2024-08-05T11:50:53.366+0000] {dagbag.py:537} INFO - Filling up the DagBag from /home/airflow/.local/lib/python3.7/site-packages/airflow/example_dags/plugins/workday.py
[2024-08-05T11:50:53.369+0000] {processor.py:768} WARNING - No viable dags retrieved from /home/airflow/.local/lib/python3.7/site-packages/airflow/example_dags/plugins/workday.py
[2024-08-05T11:50:53.386+0000] {processor.py:176} INFO - Processing /home/airflow/.local/lib/python3.7/site-packages/airflow/example_dags/plugins/workday.py took 0.026 seconds
[2024-08-05T11:51:24.050+0000] {processor.py:154} INFO - Started process (PID=24221) to work on /home/airflow/.local/lib/python3.7/site-packages/airflow/example_dags/plugins/workday.py
[2024-08-05T11:51:24.052+0000] {processor.py:756} INFO - Processing file /home/airflow/.local/lib/python3.7/site-packages/airflow/example_dags/plugins/workday.py for tasks to queue
[2024-08-05T11:51:24.054+0000] {logging_mixin.py:120} INFO - [2024-08-05T11:51:24.054+0000] {dagbag.py:537} INFO - Filling up the DagBag from /home/airflow/.local/lib/python3.7/site-packages/airflow/example_dags/plugins/workday.py
[2024-08-05T11:51:24.056+0000] {processor.py:768} WARNING - No viable dags retrieved from /home/airflow/.local/lib/python3.7/site-packages/airflow/example_dags/plugins/workday.py
[2024-08-05T11:51:24.072+0000] {processor.py:176} INFO - Processing /home/airflow/.local/lib/python3.7/site-packages/airflow/example_dags/plugins/workday.py took 0.026 seconds
[2024-08-05T11:51:55.602+0000] {processor.py:154} INFO - Started process (PID=24290) to work on /home/airflow/.local/lib/python3.7/site-packages/airflow/example_dags/plugins/workday.py
[2024-08-05T11:51:55.603+0000] {processor.py:756} INFO - Processing file /home/airflow/.local/lib/python3.7/site-packages/airflow/example_dags/plugins/workday.py for tasks to queue
[2024-08-05T11:51:55.604+0000] {logging_mixin.py:120} INFO - [2024-08-05T11:51:55.604+0000] {dagbag.py:537} INFO - Filling up the DagBag from /home/airflow/.local/lib/python3.7/site-packages/airflow/example_dags/plugins/workday.py
[2024-08-05T11:51:55.606+0000] {processor.py:768} WARNING - No viable dags retrieved from /home/airflow/.local/lib/python3.7/site-packages/airflow/example_dags/plugins/workday.py
[2024-08-05T11:51:55.619+0000] {processor.py:176} INFO - Processing /home/airflow/.local/lib/python3.7/site-packages/airflow/example_dags/plugins/workday.py took 0.020 seconds
[2024-08-05T11:52:26.616+0000] {processor.py:154} INFO - Started process (PID=24348) to work on /home/airflow/.local/lib/python3.7/site-packages/airflow/example_dags/plugins/workday.py
[2024-08-05T11:52:26.617+0000] {processor.py:756} INFO - Processing file /home/airflow/.local/lib/python3.7/site-packages/airflow/example_dags/plugins/workday.py for tasks to queue
[2024-08-05T11:52:26.619+0000] {logging_mixin.py:120} INFO - [2024-08-05T11:52:26.619+0000] {dagbag.py:537} INFO - Filling up the DagBag from /home/airflow/.local/lib/python3.7/site-packages/airflow/example_dags/plugins/workday.py
[2024-08-05T11:52:26.622+0000] {processor.py:768} WARNING - No viable dags retrieved from /home/airflow/.local/lib/python3.7/site-packages/airflow/example_dags/plugins/workday.py
[2024-08-05T11:52:26.650+0000] {processor.py:176} INFO - Processing /home/airflow/.local/lib/python3.7/site-packages/airflow/example_dags/plugins/workday.py took 0.037 seconds
[2024-08-05T11:52:58.099+0000] {processor.py:154} INFO - Started process (PID=24415) to work on /home/airflow/.local/lib/python3.7/site-packages/airflow/example_dags/plugins/workday.py
[2024-08-05T11:52:58.106+0000] {processor.py:756} INFO - Processing file /home/airflow/.local/lib/python3.7/site-packages/airflow/example_dags/plugins/workday.py for tasks to queue
[2024-08-05T11:52:58.110+0000] {logging_mixin.py:120} INFO - [2024-08-05T11:52:58.110+0000] {dagbag.py:537} INFO - Filling up the DagBag from /home/airflow/.local/lib/python3.7/site-packages/airflow/example_dags/plugins/workday.py
[2024-08-05T11:52:58.112+0000] {processor.py:768} WARNING - No viable dags retrieved from /home/airflow/.local/lib/python3.7/site-packages/airflow/example_dags/plugins/workday.py
[2024-08-05T11:52:58.137+0000] {processor.py:176} INFO - Processing /home/airflow/.local/lib/python3.7/site-packages/airflow/example_dags/plugins/workday.py took 0.040 seconds
[2024-08-05T11:53:28.554+0000] {processor.py:154} INFO - Started process (PID=24482) to work on /home/airflow/.local/lib/python3.7/site-packages/airflow/example_dags/plugins/workday.py
[2024-08-05T11:53:28.556+0000] {processor.py:756} INFO - Processing file /home/airflow/.local/lib/python3.7/site-packages/airflow/example_dags/plugins/workday.py for tasks to queue
[2024-08-05T11:53:28.557+0000] {logging_mixin.py:120} INFO - [2024-08-05T11:53:28.557+0000] {dagbag.py:537} INFO - Filling up the DagBag from /home/airflow/.local/lib/python3.7/site-packages/airflow/example_dags/plugins/workday.py
[2024-08-05T11:53:28.559+0000] {processor.py:768} WARNING - No viable dags retrieved from /home/airflow/.local/lib/python3.7/site-packages/airflow/example_dags/plugins/workday.py
[2024-08-05T11:53:28.579+0000] {processor.py:176} INFO - Processing /home/airflow/.local/lib/python3.7/site-packages/airflow/example_dags/plugins/workday.py took 0.029 seconds
[2024-08-05T11:53:59.752+0000] {processor.py:154} INFO - Started process (PID=24541) to work on /home/airflow/.local/lib/python3.7/site-packages/airflow/example_dags/plugins/workday.py
[2024-08-05T11:53:59.754+0000] {processor.py:756} INFO - Processing file /home/airflow/.local/lib/python3.7/site-packages/airflow/example_dags/plugins/workday.py for tasks to queue
[2024-08-05T11:53:59.756+0000] {logging_mixin.py:120} INFO - [2024-08-05T11:53:59.756+0000] {dagbag.py:537} INFO - Filling up the DagBag from /home/airflow/.local/lib/python3.7/site-packages/airflow/example_dags/plugins/workday.py
[2024-08-05T11:53:59.759+0000] {processor.py:768} WARNING - No viable dags retrieved from /home/airflow/.local/lib/python3.7/site-packages/airflow/example_dags/plugins/workday.py
[2024-08-05T11:53:59.781+0000] {processor.py:176} INFO - Processing /home/airflow/.local/lib/python3.7/site-packages/airflow/example_dags/plugins/workday.py took 0.034 seconds
[2024-08-05T11:54:30.594+0000] {processor.py:154} INFO - Started process (PID=24608) to work on /home/airflow/.local/lib/python3.7/site-packages/airflow/example_dags/plugins/workday.py
[2024-08-05T11:54:30.599+0000] {processor.py:756} INFO - Processing file /home/airflow/.local/lib/python3.7/site-packages/airflow/example_dags/plugins/workday.py for tasks to queue
[2024-08-05T11:54:30.601+0000] {logging_mixin.py:120} INFO - [2024-08-05T11:54:30.601+0000] {dagbag.py:537} INFO - Filling up the DagBag from /home/airflow/.local/lib/python3.7/site-packages/airflow/example_dags/plugins/workday.py
[2024-08-05T11:54:30.604+0000] {processor.py:768} WARNING - No viable dags retrieved from /home/airflow/.local/lib/python3.7/site-packages/airflow/example_dags/plugins/workday.py
[2024-08-05T11:54:30.626+0000] {processor.py:176} INFO - Processing /home/airflow/.local/lib/python3.7/site-packages/airflow/example_dags/plugins/workday.py took 0.035 seconds
[2024-08-05T11:55:01.685+0000] {processor.py:154} INFO - Started process (PID=24675) to work on /home/airflow/.local/lib/python3.7/site-packages/airflow/example_dags/plugins/workday.py
[2024-08-05T11:55:01.687+0000] {processor.py:756} INFO - Processing file /home/airflow/.local/lib/python3.7/site-packages/airflow/example_dags/plugins/workday.py for tasks to queue
[2024-08-05T11:55:01.689+0000] {logging_mixin.py:120} INFO - [2024-08-05T11:55:01.689+0000] {dagbag.py:537} INFO - Filling up the DagBag from /home/airflow/.local/lib/python3.7/site-packages/airflow/example_dags/plugins/workday.py
[2024-08-05T11:55:01.693+0000] {processor.py:768} WARNING - No viable dags retrieved from /home/airflow/.local/lib/python3.7/site-packages/airflow/example_dags/plugins/workday.py
[2024-08-05T11:55:01.714+0000] {processor.py:176} INFO - Processing /home/airflow/.local/lib/python3.7/site-packages/airflow/example_dags/plugins/workday.py took 0.035 seconds
[2024-08-05T11:55:32.721+0000] {processor.py:154} INFO - Started process (PID=24733) to work on /home/airflow/.local/lib/python3.7/site-packages/airflow/example_dags/plugins/workday.py
[2024-08-05T11:55:32.723+0000] {processor.py:756} INFO - Processing file /home/airflow/.local/lib/python3.7/site-packages/airflow/example_dags/plugins/workday.py for tasks to queue
[2024-08-05T11:55:32.724+0000] {logging_mixin.py:120} INFO - [2024-08-05T11:55:32.724+0000] {dagbag.py:537} INFO - Filling up the DagBag from /home/airflow/.local/lib/python3.7/site-packages/airflow/example_dags/plugins/workday.py
[2024-08-05T11:55:32.726+0000] {processor.py:768} WARNING - No viable dags retrieved from /home/airflow/.local/lib/python3.7/site-packages/airflow/example_dags/plugins/workday.py
[2024-08-05T11:55:32.748+0000] {processor.py:176} INFO - Processing /home/airflow/.local/lib/python3.7/site-packages/airflow/example_dags/plugins/workday.py took 0.032 seconds
[2024-08-05T11:56:04.272+0000] {processor.py:154} INFO - Started process (PID=24800) to work on /home/airflow/.local/lib/python3.7/site-packages/airflow/example_dags/plugins/workday.py
[2024-08-05T11:56:04.274+0000] {processor.py:756} INFO - Processing file /home/airflow/.local/lib/python3.7/site-packages/airflow/example_dags/plugins/workday.py for tasks to queue
[2024-08-05T11:56:04.276+0000] {logging_mixin.py:120} INFO - [2024-08-05T11:56:04.275+0000] {dagbag.py:537} INFO - Filling up the DagBag from /home/airflow/.local/lib/python3.7/site-packages/airflow/example_dags/plugins/workday.py
[2024-08-05T11:56:04.279+0000] {processor.py:768} WARNING - No viable dags retrieved from /home/airflow/.local/lib/python3.7/site-packages/airflow/example_dags/plugins/workday.py
[2024-08-05T11:56:04.307+0000] {processor.py:176} INFO - Processing /home/airflow/.local/lib/python3.7/site-packages/airflow/example_dags/plugins/workday.py took 0.040 seconds
[2024-08-05T11:56:35.084+0000] {processor.py:154} INFO - Started process (PID=24865) to work on /home/airflow/.local/lib/python3.7/site-packages/airflow/example_dags/plugins/workday.py
[2024-08-05T11:56:35.087+0000] {processor.py:756} INFO - Processing file /home/airflow/.local/lib/python3.7/site-packages/airflow/example_dags/plugins/workday.py for tasks to queue
[2024-08-05T11:56:35.089+0000] {logging_mixin.py:120} INFO - [2024-08-05T11:56:35.088+0000] {dagbag.py:537} INFO - Filling up the DagBag from /home/airflow/.local/lib/python3.7/site-packages/airflow/example_dags/plugins/workday.py
[2024-08-05T11:56:35.092+0000] {processor.py:768} WARNING - No viable dags retrieved from /home/airflow/.local/lib/python3.7/site-packages/airflow/example_dags/plugins/workday.py
[2024-08-05T11:56:35.110+0000] {processor.py:176} INFO - Processing /home/airflow/.local/lib/python3.7/site-packages/airflow/example_dags/plugins/workday.py took 0.032 seconds
[2024-08-05T11:57:05.724+0000] {processor.py:154} INFO - Started process (PID=24921) to work on /home/airflow/.local/lib/python3.7/site-packages/airflow/example_dags/plugins/workday.py
[2024-08-05T11:57:05.728+0000] {processor.py:756} INFO - Processing file /home/airflow/.local/lib/python3.7/site-packages/airflow/example_dags/plugins/workday.py for tasks to queue
[2024-08-05T11:57:05.730+0000] {logging_mixin.py:120} INFO - [2024-08-05T11:57:05.730+0000] {dagbag.py:537} INFO - Filling up the DagBag from /home/airflow/.local/lib/python3.7/site-packages/airflow/example_dags/plugins/workday.py
[2024-08-05T11:57:05.732+0000] {processor.py:768} WARNING - No viable dags retrieved from /home/airflow/.local/lib/python3.7/site-packages/airflow/example_dags/plugins/workday.py
[2024-08-05T11:57:05.745+0000] {processor.py:176} INFO - Processing /home/airflow/.local/lib/python3.7/site-packages/airflow/example_dags/plugins/workday.py took 0.024 seconds
[2024-08-05T11:57:36.082+0000] {processor.py:154} INFO - Started process (PID=24988) to work on /home/airflow/.local/lib/python3.7/site-packages/airflow/example_dags/plugins/workday.py
[2024-08-05T11:57:36.083+0000] {processor.py:756} INFO - Processing file /home/airflow/.local/lib/python3.7/site-packages/airflow/example_dags/plugins/workday.py for tasks to queue
[2024-08-05T11:57:36.085+0000] {logging_mixin.py:120} INFO - [2024-08-05T11:57:36.085+0000] {dagbag.py:537} INFO - Filling up the DagBag from /home/airflow/.local/lib/python3.7/site-packages/airflow/example_dags/plugins/workday.py
[2024-08-05T11:57:36.087+0000] {processor.py:768} WARNING - No viable dags retrieved from /home/airflow/.local/lib/python3.7/site-packages/airflow/example_dags/plugins/workday.py
[2024-08-05T11:57:36.107+0000] {processor.py:176} INFO - Processing /home/airflow/.local/lib/python3.7/site-packages/airflow/example_dags/plugins/workday.py took 0.029 seconds
[2024-08-05T11:58:07.151+0000] {processor.py:154} INFO - Started process (PID=25054) to work on /home/airflow/.local/lib/python3.7/site-packages/airflow/example_dags/plugins/workday.py
[2024-08-05T11:58:07.152+0000] {processor.py:756} INFO - Processing file /home/airflow/.local/lib/python3.7/site-packages/airflow/example_dags/plugins/workday.py for tasks to queue
[2024-08-05T11:58:07.153+0000] {logging_mixin.py:120} INFO - [2024-08-05T11:58:07.153+0000] {dagbag.py:537} INFO - Filling up the DagBag from /home/airflow/.local/lib/python3.7/site-packages/airflow/example_dags/plugins/workday.py
[2024-08-05T11:58:07.154+0000] {processor.py:768} WARNING - No viable dags retrieved from /home/airflow/.local/lib/python3.7/site-packages/airflow/example_dags/plugins/workday.py
[2024-08-05T11:58:07.168+0000] {processor.py:176} INFO - Processing /home/airflow/.local/lib/python3.7/site-packages/airflow/example_dags/plugins/workday.py took 0.019 seconds
[2024-08-05T11:58:37.504+0000] {processor.py:154} INFO - Started process (PID=25121) to work on /home/airflow/.local/lib/python3.7/site-packages/airflow/example_dags/plugins/workday.py
[2024-08-05T11:58:37.505+0000] {processor.py:756} INFO - Processing file /home/airflow/.local/lib/python3.7/site-packages/airflow/example_dags/plugins/workday.py for tasks to queue
[2024-08-05T11:58:37.507+0000] {logging_mixin.py:120} INFO - [2024-08-05T11:58:37.507+0000] {dagbag.py:537} INFO - Filling up the DagBag from /home/airflow/.local/lib/python3.7/site-packages/airflow/example_dags/plugins/workday.py
[2024-08-05T11:58:37.509+0000] {processor.py:768} WARNING - No viable dags retrieved from /home/airflow/.local/lib/python3.7/site-packages/airflow/example_dags/plugins/workday.py
[2024-08-05T11:58:37.530+0000] {processor.py:176} INFO - Processing /home/airflow/.local/lib/python3.7/site-packages/airflow/example_dags/plugins/workday.py took 0.033 seconds
[2024-08-05T11:59:08.670+0000] {processor.py:154} INFO - Started process (PID=25179) to work on /home/airflow/.local/lib/python3.7/site-packages/airflow/example_dags/plugins/workday.py
[2024-08-05T11:59:08.671+0000] {processor.py:756} INFO - Processing file /home/airflow/.local/lib/python3.7/site-packages/airflow/example_dags/plugins/workday.py for tasks to queue
[2024-08-05T11:59:08.672+0000] {logging_mixin.py:120} INFO - [2024-08-05T11:59:08.672+0000] {dagbag.py:537} INFO - Filling up the DagBag from /home/airflow/.local/lib/python3.7/site-packages/airflow/example_dags/plugins/workday.py
[2024-08-05T11:59:08.674+0000] {processor.py:768} WARNING - No viable dags retrieved from /home/airflow/.local/lib/python3.7/site-packages/airflow/example_dags/plugins/workday.py
[2024-08-05T11:59:08.690+0000] {processor.py:176} INFO - Processing /home/airflow/.local/lib/python3.7/site-packages/airflow/example_dags/plugins/workday.py took 0.022 seconds
[2024-08-05T12:00:38.845+0000] {processor.py:154} INFO - Started process (PID=98) to work on /home/airflow/.local/lib/python3.7/site-packages/airflow/example_dags/plugins/workday.py
[2024-08-05T12:00:38.849+0000] {processor.py:756} INFO - Processing file /home/airflow/.local/lib/python3.7/site-packages/airflow/example_dags/plugins/workday.py for tasks to queue
[2024-08-05T12:00:38.851+0000] {logging_mixin.py:120} INFO - [2024-08-05T12:00:38.851+0000] {dagbag.py:537} INFO - Filling up the DagBag from /home/airflow/.local/lib/python3.7/site-packages/airflow/example_dags/plugins/workday.py
[2024-08-05T12:00:38.858+0000] {processor.py:768} WARNING - No viable dags retrieved from /home/airflow/.local/lib/python3.7/site-packages/airflow/example_dags/plugins/workday.py
[2024-08-05T12:00:38.890+0000] {processor.py:176} INFO - Processing /home/airflow/.local/lib/python3.7/site-packages/airflow/example_dags/plugins/workday.py took 0.054 seconds
[2024-08-05T12:01:09.208+0000] {processor.py:154} INFO - Started process (PID=166) to work on /home/airflow/.local/lib/python3.7/site-packages/airflow/example_dags/plugins/workday.py
[2024-08-05T12:01:09.213+0000] {processor.py:756} INFO - Processing file /home/airflow/.local/lib/python3.7/site-packages/airflow/example_dags/plugins/workday.py for tasks to queue
[2024-08-05T12:01:09.215+0000] {logging_mixin.py:120} INFO - [2024-08-05T12:01:09.214+0000] {dagbag.py:537} INFO - Filling up the DagBag from /home/airflow/.local/lib/python3.7/site-packages/airflow/example_dags/plugins/workday.py
[2024-08-05T12:01:09.218+0000] {processor.py:768} WARNING - No viable dags retrieved from /home/airflow/.local/lib/python3.7/site-packages/airflow/example_dags/plugins/workday.py
[2024-08-05T12:01:09.248+0000] {processor.py:176} INFO - Processing /home/airflow/.local/lib/python3.7/site-packages/airflow/example_dags/plugins/workday.py took 0.046 seconds
[2024-08-05T12:01:40.428+0000] {processor.py:154} INFO - Started process (PID=225) to work on /home/airflow/.local/lib/python3.7/site-packages/airflow/example_dags/plugins/workday.py
[2024-08-05T12:01:40.431+0000] {processor.py:756} INFO - Processing file /home/airflow/.local/lib/python3.7/site-packages/airflow/example_dags/plugins/workday.py for tasks to queue
[2024-08-05T12:01:40.433+0000] {logging_mixin.py:120} INFO - [2024-08-05T12:01:40.432+0000] {dagbag.py:537} INFO - Filling up the DagBag from /home/airflow/.local/lib/python3.7/site-packages/airflow/example_dags/plugins/workday.py
[2024-08-05T12:01:40.436+0000] {processor.py:768} WARNING - No viable dags retrieved from /home/airflow/.local/lib/python3.7/site-packages/airflow/example_dags/plugins/workday.py
[2024-08-05T12:01:40.474+0000] {processor.py:176} INFO - Processing /home/airflow/.local/lib/python3.7/site-packages/airflow/example_dags/plugins/workday.py took 0.051 seconds
[2024-08-05T12:02:15.403+0000] {processor.py:154} INFO - Started process (PID=291) to work on /home/airflow/.local/lib/python3.7/site-packages/airflow/example_dags/plugins/workday.py
[2024-08-05T12:02:15.405+0000] {processor.py:756} INFO - Processing file /home/airflow/.local/lib/python3.7/site-packages/airflow/example_dags/plugins/workday.py for tasks to queue
[2024-08-05T12:02:15.407+0000] {logging_mixin.py:120} INFO - [2024-08-05T12:02:15.407+0000] {dagbag.py:537} INFO - Filling up the DagBag from /home/airflow/.local/lib/python3.7/site-packages/airflow/example_dags/plugins/workday.py
[2024-08-05T12:02:15.414+0000] {processor.py:768} WARNING - No viable dags retrieved from /home/airflow/.local/lib/python3.7/site-packages/airflow/example_dags/plugins/workday.py
[2024-08-05T12:02:15.438+0000] {processor.py:176} INFO - Processing /home/airflow/.local/lib/python3.7/site-packages/airflow/example_dags/plugins/workday.py took 0.044 seconds
[2024-08-05T12:02:46.946+0000] {processor.py:154} INFO - Started process (PID=357) to work on /home/airflow/.local/lib/python3.7/site-packages/airflow/example_dags/plugins/workday.py
[2024-08-05T12:02:46.949+0000] {processor.py:756} INFO - Processing file /home/airflow/.local/lib/python3.7/site-packages/airflow/example_dags/plugins/workday.py for tasks to queue
[2024-08-05T12:02:46.951+0000] {logging_mixin.py:120} INFO - [2024-08-05T12:02:46.951+0000] {dagbag.py:537} INFO - Filling up the DagBag from /home/airflow/.local/lib/python3.7/site-packages/airflow/example_dags/plugins/workday.py
[2024-08-05T12:02:46.956+0000] {processor.py:768} WARNING - No viable dags retrieved from /home/airflow/.local/lib/python3.7/site-packages/airflow/example_dags/plugins/workday.py
[2024-08-05T12:02:47.002+0000] {processor.py:176} INFO - Processing /home/airflow/.local/lib/python3.7/site-packages/airflow/example_dags/plugins/workday.py took 0.070 seconds
[2024-08-05T12:03:17.158+0000] {processor.py:154} INFO - Started process (PID=417) to work on /home/airflow/.local/lib/python3.7/site-packages/airflow/example_dags/plugins/workday.py
[2024-08-05T12:03:17.160+0000] {processor.py:756} INFO - Processing file /home/airflow/.local/lib/python3.7/site-packages/airflow/example_dags/plugins/workday.py for tasks to queue
[2024-08-05T12:03:17.162+0000] {logging_mixin.py:120} INFO - [2024-08-05T12:03:17.161+0000] {dagbag.py:537} INFO - Filling up the DagBag from /home/airflow/.local/lib/python3.7/site-packages/airflow/example_dags/plugins/workday.py
[2024-08-05T12:03:17.166+0000] {processor.py:768} WARNING - No viable dags retrieved from /home/airflow/.local/lib/python3.7/site-packages/airflow/example_dags/plugins/workday.py
[2024-08-05T12:03:17.197+0000] {processor.py:176} INFO - Processing /home/airflow/.local/lib/python3.7/site-packages/airflow/example_dags/plugins/workday.py took 0.044 seconds
[2024-08-05T12:03:49.081+0000] {processor.py:154} INFO - Started process (PID=484) to work on /home/airflow/.local/lib/python3.7/site-packages/airflow/example_dags/plugins/workday.py
[2024-08-05T12:03:49.083+0000] {processor.py:756} INFO - Processing file /home/airflow/.local/lib/python3.7/site-packages/airflow/example_dags/plugins/workday.py for tasks to queue
[2024-08-05T12:03:49.086+0000] {logging_mixin.py:120} INFO - [2024-08-05T12:03:49.085+0000] {dagbag.py:537} INFO - Filling up the DagBag from /home/airflow/.local/lib/python3.7/site-packages/airflow/example_dags/plugins/workday.py
[2024-08-05T12:03:49.089+0000] {processor.py:768} WARNING - No viable dags retrieved from /home/airflow/.local/lib/python3.7/site-packages/airflow/example_dags/plugins/workday.py
[2024-08-05T12:03:49.121+0000] {processor.py:176} INFO - Processing /home/airflow/.local/lib/python3.7/site-packages/airflow/example_dags/plugins/workday.py took 0.046 seconds
[2024-08-05T12:04:20.032+0000] {processor.py:154} INFO - Started process (PID=542) to work on /home/airflow/.local/lib/python3.7/site-packages/airflow/example_dags/plugins/workday.py
[2024-08-05T12:04:20.033+0000] {processor.py:756} INFO - Processing file /home/airflow/.local/lib/python3.7/site-packages/airflow/example_dags/plugins/workday.py for tasks to queue
[2024-08-05T12:04:20.034+0000] {logging_mixin.py:120} INFO - [2024-08-05T12:04:20.034+0000] {dagbag.py:537} INFO - Filling up the DagBag from /home/airflow/.local/lib/python3.7/site-packages/airflow/example_dags/plugins/workday.py
[2024-08-05T12:04:20.038+0000] {processor.py:768} WARNING - No viable dags retrieved from /home/airflow/.local/lib/python3.7/site-packages/airflow/example_dags/plugins/workday.py
[2024-08-05T12:04:20.059+0000] {processor.py:176} INFO - Processing /home/airflow/.local/lib/python3.7/site-packages/airflow/example_dags/plugins/workday.py took 0.032 seconds
[2024-08-05T12:04:50.628+0000] {processor.py:154} INFO - Started process (PID=609) to work on /home/airflow/.local/lib/python3.7/site-packages/airflow/example_dags/plugins/workday.py
[2024-08-05T12:04:50.629+0000] {processor.py:756} INFO - Processing file /home/airflow/.local/lib/python3.7/site-packages/airflow/example_dags/plugins/workday.py for tasks to queue
[2024-08-05T12:04:50.630+0000] {logging_mixin.py:120} INFO - [2024-08-05T12:04:50.630+0000] {dagbag.py:537} INFO - Filling up the DagBag from /home/airflow/.local/lib/python3.7/site-packages/airflow/example_dags/plugins/workday.py
[2024-08-05T12:04:50.633+0000] {processor.py:768} WARNING - No viable dags retrieved from /home/airflow/.local/lib/python3.7/site-packages/airflow/example_dags/plugins/workday.py
[2024-08-05T12:04:50.654+0000] {processor.py:176} INFO - Processing /home/airflow/.local/lib/python3.7/site-packages/airflow/example_dags/plugins/workday.py took 0.030 seconds
[2024-08-05T12:05:21.097+0000] {processor.py:154} INFO - Started process (PID=676) to work on /home/airflow/.local/lib/python3.7/site-packages/airflow/example_dags/plugins/workday.py
[2024-08-05T12:05:21.099+0000] {processor.py:756} INFO - Processing file /home/airflow/.local/lib/python3.7/site-packages/airflow/example_dags/plugins/workday.py for tasks to queue
[2024-08-05T12:05:21.100+0000] {logging_mixin.py:120} INFO - [2024-08-05T12:05:21.100+0000] {dagbag.py:537} INFO - Filling up the DagBag from /home/airflow/.local/lib/python3.7/site-packages/airflow/example_dags/plugins/workday.py
[2024-08-05T12:05:21.101+0000] {processor.py:768} WARNING - No viable dags retrieved from /home/airflow/.local/lib/python3.7/site-packages/airflow/example_dags/plugins/workday.py
[2024-08-05T12:05:21.119+0000] {processor.py:176} INFO - Processing /home/airflow/.local/lib/python3.7/site-packages/airflow/example_dags/plugins/workday.py took 0.025 seconds
[2024-08-05T12:05:51.583+0000] {processor.py:154} INFO - Started process (PID=734) to work on /home/airflow/.local/lib/python3.7/site-packages/airflow/example_dags/plugins/workday.py
[2024-08-05T12:05:51.585+0000] {processor.py:756} INFO - Processing file /home/airflow/.local/lib/python3.7/site-packages/airflow/example_dags/plugins/workday.py for tasks to queue
[2024-08-05T12:05:51.586+0000] {logging_mixin.py:120} INFO - [2024-08-05T12:05:51.585+0000] {dagbag.py:537} INFO - Filling up the DagBag from /home/airflow/.local/lib/python3.7/site-packages/airflow/example_dags/plugins/workday.py
[2024-08-05T12:05:51.588+0000] {processor.py:768} WARNING - No viable dags retrieved from /home/airflow/.local/lib/python3.7/site-packages/airflow/example_dags/plugins/workday.py
[2024-08-05T12:05:51.605+0000] {processor.py:176} INFO - Processing /home/airflow/.local/lib/python3.7/site-packages/airflow/example_dags/plugins/workday.py took 0.026 seconds
