[2024-08-02T05:20:26.193+0000] {processor.py:154} INFO - Started process (PID=51) to work on /home/airflow/.local/lib/python3.7/site-packages/airflow/example_dags/example_branch_datetime_operator.py
[2024-08-02T05:20:26.194+0000] {processor.py:756} INFO - Processing file /home/airflow/.local/lib/python3.7/site-packages/airflow/example_dags/example_branch_datetime_operator.py for tasks to queue
[2024-08-02T05:20:26.195+0000] {logging_mixin.py:120} INFO - [2024-08-02T05:20:26.195+0000] {dagbag.py:537} INFO - Filling up the DagBag from /home/airflow/.local/lib/python3.7/site-packages/airflow/example_dags/example_branch_datetime_operator.py
[2024-08-02T05:20:26.251+0000] {processor.py:766} INFO - DAG(s) dict_keys(['example_branch_datetime_operator_3', 'example_branch_datetime_operator_2', 'example_branch_datetime_operator']) retrieved from /home/airflow/.local/lib/python3.7/site-packages/airflow/example_dags/example_branch_datetime_operator.py
[2024-08-02T05:20:26.329+0000] {logging_mixin.py:120} INFO - [2024-08-02T05:20:26.329+0000] {dag.py:2585} INFO - Sync 3 DAGs
[2024-08-02T05:20:26.382+0000] {logging_mixin.py:120} INFO - [2024-08-02T05:20:26.382+0000] {dag.py:3340} INFO - Setting next_dagrun for example_branch_datetime_operator to 2024-08-01T00:00:00+00:00, run_after=2024-08-02T00:00:00+00:00
[2024-08-02T05:20:26.389+0000] {logging_mixin.py:120} INFO - [2024-08-02T05:20:26.389+0000] {dag.py:3340} INFO - Setting next_dagrun for example_branch_datetime_operator_2 to 2024-08-01T00:00:00+00:00, run_after=2024-08-02T00:00:00+00:00
[2024-08-02T05:20:26.395+0000] {logging_mixin.py:120} INFO - [2024-08-02T05:20:26.395+0000] {dag.py:3340} INFO - Setting next_dagrun for example_branch_datetime_operator_3 to 2024-08-01T00:00:00+00:00, run_after=2024-08-02T00:00:00+00:00
[2024-08-02T05:20:26.430+0000] {processor.py:176} INFO - Processing /home/airflow/.local/lib/python3.7/site-packages/airflow/example_dags/example_branch_datetime_operator.py took 0.240 seconds
[2024-08-02T05:20:57.225+0000] {processor.py:154} INFO - Started process (PID=114) to work on /home/airflow/.local/lib/python3.7/site-packages/airflow/example_dags/example_branch_datetime_operator.py
[2024-08-02T05:20:57.229+0000] {processor.py:756} INFO - Processing file /home/airflow/.local/lib/python3.7/site-packages/airflow/example_dags/example_branch_datetime_operator.py for tasks to queue
[2024-08-02T05:20:57.231+0000] {logging_mixin.py:120} INFO - [2024-08-02T05:20:57.231+0000] {dagbag.py:537} INFO - Filling up the DagBag from /home/airflow/.local/lib/python3.7/site-packages/airflow/example_dags/example_branch_datetime_operator.py
[2024-08-02T05:20:57.255+0000] {processor.py:766} INFO - DAG(s) dict_keys(['example_branch_datetime_operator_3', 'example_branch_datetime_operator', 'example_branch_datetime_operator_2']) retrieved from /home/airflow/.local/lib/python3.7/site-packages/airflow/example_dags/example_branch_datetime_operator.py
[2024-08-02T05:20:57.313+0000] {logging_mixin.py:120} INFO - [2024-08-02T05:20:57.313+0000] {dag.py:2585} INFO - Sync 3 DAGs
[2024-08-02T05:20:57.467+0000] {logging_mixin.py:120} INFO - [2024-08-02T05:20:57.466+0000] {dag.py:3340} INFO - Setting next_dagrun for example_branch_datetime_operator to 2024-08-01T00:00:00+00:00, run_after=2024-08-02T00:00:00+00:00
[2024-08-02T05:20:57.530+0000] {logging_mixin.py:120} INFO - [2024-08-02T05:20:57.530+0000] {dag.py:3340} INFO - Setting next_dagrun for example_branch_datetime_operator_2 to 2024-08-01T00:00:00+00:00, run_after=2024-08-02T00:00:00+00:00
[2024-08-02T05:20:57.656+0000] {logging_mixin.py:120} INFO - [2024-08-02T05:20:57.655+0000] {dag.py:3340} INFO - Setting next_dagrun for example_branch_datetime_operator_3 to 2024-08-01T00:00:00+00:00, run_after=2024-08-02T00:00:00+00:00
[2024-08-02T05:20:57.680+0000] {processor.py:176} INFO - Processing /home/airflow/.local/lib/python3.7/site-packages/airflow/example_dags/example_branch_datetime_operator.py took 0.458 seconds
[2024-08-02T05:21:27.884+0000] {processor.py:154} INFO - Started process (PID=170) to work on /home/airflow/.local/lib/python3.7/site-packages/airflow/example_dags/example_branch_datetime_operator.py
[2024-08-02T05:21:28.344+0000] {processor.py:756} INFO - Processing file /home/airflow/.local/lib/python3.7/site-packages/airflow/example_dags/example_branch_datetime_operator.py for tasks to queue
[2024-08-02T05:21:28.352+0000] {logging_mixin.py:120} INFO - [2024-08-02T05:21:28.352+0000] {dagbag.py:537} INFO - Filling up the DagBag from /home/airflow/.local/lib/python3.7/site-packages/airflow/example_dags/example_branch_datetime_operator.py
[2024-08-02T05:21:28.396+0000] {processor.py:766} INFO - DAG(s) dict_keys(['example_branch_datetime_operator_3', 'example_branch_datetime_operator', 'example_branch_datetime_operator_2']) retrieved from /home/airflow/.local/lib/python3.7/site-packages/airflow/example_dags/example_branch_datetime_operator.py
[2024-08-02T05:21:28.476+0000] {logging_mixin.py:120} INFO - [2024-08-02T05:21:28.476+0000] {dag.py:2585} INFO - Sync 3 DAGs
[2024-08-02T05:21:28.526+0000] {logging_mixin.py:120} INFO - [2024-08-02T05:21:28.525+0000] {dag.py:3340} INFO - Setting next_dagrun for example_branch_datetime_operator to 2024-08-01T00:00:00+00:00, run_after=2024-08-02T00:00:00+00:00
[2024-08-02T05:21:28.556+0000] {logging_mixin.py:120} INFO - [2024-08-02T05:21:28.556+0000] {dag.py:3340} INFO - Setting next_dagrun for example_branch_datetime_operator_2 to 2024-08-01T00:00:00+00:00, run_after=2024-08-02T00:00:00+00:00
[2024-08-02T05:21:28.582+0000] {logging_mixin.py:120} INFO - [2024-08-02T05:21:28.580+0000] {dag.py:3340} INFO - Setting next_dagrun for example_branch_datetime_operator_3 to 2024-08-01T00:00:00+00:00, run_after=2024-08-02T00:00:00+00:00
[2024-08-02T05:21:28.635+0000] {processor.py:176} INFO - Processing /home/airflow/.local/lib/python3.7/site-packages/airflow/example_dags/example_branch_datetime_operator.py took 0.756 seconds
[2024-08-02T05:21:59.306+0000] {processor.py:154} INFO - Started process (PID=235) to work on /home/airflow/.local/lib/python3.7/site-packages/airflow/example_dags/example_branch_datetime_operator.py
[2024-08-02T05:21:59.423+0000] {processor.py:756} INFO - Processing file /home/airflow/.local/lib/python3.7/site-packages/airflow/example_dags/example_branch_datetime_operator.py for tasks to queue
[2024-08-02T05:21:59.424+0000] {logging_mixin.py:120} INFO - [2024-08-02T05:21:59.424+0000] {dagbag.py:537} INFO - Filling up the DagBag from /home/airflow/.local/lib/python3.7/site-packages/airflow/example_dags/example_branch_datetime_operator.py
[2024-08-02T05:21:59.464+0000] {processor.py:766} INFO - DAG(s) dict_keys(['example_branch_datetime_operator', 'example_branch_datetime_operator_3', 'example_branch_datetime_operator_2']) retrieved from /home/airflow/.local/lib/python3.7/site-packages/airflow/example_dags/example_branch_datetime_operator.py
[2024-08-02T05:21:59.665+0000] {logging_mixin.py:120} INFO - [2024-08-02T05:21:59.665+0000] {dag.py:2585} INFO - Sync 3 DAGs
[2024-08-02T05:21:59.733+0000] {logging_mixin.py:120} INFO - [2024-08-02T05:21:59.732+0000] {dag.py:3340} INFO - Setting next_dagrun for example_branch_datetime_operator to 2024-08-01T00:00:00+00:00, run_after=2024-08-02T00:00:00+00:00
[2024-08-02T05:21:59.748+0000] {logging_mixin.py:120} INFO - [2024-08-02T05:21:59.746+0000] {dag.py:3340} INFO - Setting next_dagrun for example_branch_datetime_operator_2 to 2024-08-01T00:00:00+00:00, run_after=2024-08-02T00:00:00+00:00
[2024-08-02T05:21:59.764+0000] {logging_mixin.py:120} INFO - [2024-08-02T05:21:59.764+0000] {dag.py:3340} INFO - Setting next_dagrun for example_branch_datetime_operator_3 to 2024-08-01T00:00:00+00:00, run_after=2024-08-02T00:00:00+00:00
[2024-08-02T05:21:59.813+0000] {processor.py:176} INFO - Processing /home/airflow/.local/lib/python3.7/site-packages/airflow/example_dags/example_branch_datetime_operator.py took 0.511 seconds
[2024-08-02T05:22:29.863+0000] {processor.py:154} INFO - Started process (PID=300) to work on /home/airflow/.local/lib/python3.7/site-packages/airflow/example_dags/example_branch_datetime_operator.py
[2024-08-02T05:22:29.864+0000] {processor.py:756} INFO - Processing file /home/airflow/.local/lib/python3.7/site-packages/airflow/example_dags/example_branch_datetime_operator.py for tasks to queue
[2024-08-02T05:22:29.865+0000] {logging_mixin.py:120} INFO - [2024-08-02T05:22:29.865+0000] {dagbag.py:537} INFO - Filling up the DagBag from /home/airflow/.local/lib/python3.7/site-packages/airflow/example_dags/example_branch_datetime_operator.py
[2024-08-02T05:22:29.886+0000] {processor.py:766} INFO - DAG(s) dict_keys(['example_branch_datetime_operator_2', 'example_branch_datetime_operator_3', 'example_branch_datetime_operator']) retrieved from /home/airflow/.local/lib/python3.7/site-packages/airflow/example_dags/example_branch_datetime_operator.py
[2024-08-02T05:22:29.959+0000] {logging_mixin.py:120} INFO - [2024-08-02T05:22:29.958+0000] {dag.py:2585} INFO - Sync 3 DAGs
[2024-08-02T05:22:29.993+0000] {logging_mixin.py:120} INFO - [2024-08-02T05:22:29.993+0000] {dag.py:3340} INFO - Setting next_dagrun for example_branch_datetime_operator to 2024-08-01T00:00:00+00:00, run_after=2024-08-02T00:00:00+00:00
[2024-08-02T05:22:30.000+0000] {logging_mixin.py:120} INFO - [2024-08-02T05:22:30.000+0000] {dag.py:3340} INFO - Setting next_dagrun for example_branch_datetime_operator_2 to 2024-08-01T00:00:00+00:00, run_after=2024-08-02T00:00:00+00:00
[2024-08-02T05:22:30.004+0000] {logging_mixin.py:120} INFO - [2024-08-02T05:22:30.004+0000] {dag.py:3340} INFO - Setting next_dagrun for example_branch_datetime_operator_3 to 2024-08-01T00:00:00+00:00, run_after=2024-08-02T00:00:00+00:00
[2024-08-02T05:22:30.031+0000] {processor.py:176} INFO - Processing /home/airflow/.local/lib/python3.7/site-packages/airflow/example_dags/example_branch_datetime_operator.py took 0.172 seconds
[2024-08-02T05:23:00.284+0000] {processor.py:154} INFO - Started process (PID=356) to work on /home/airflow/.local/lib/python3.7/site-packages/airflow/example_dags/example_branch_datetime_operator.py
[2024-08-02T05:23:00.286+0000] {processor.py:756} INFO - Processing file /home/airflow/.local/lib/python3.7/site-packages/airflow/example_dags/example_branch_datetime_operator.py for tasks to queue
[2024-08-02T05:23:00.287+0000] {logging_mixin.py:120} INFO - [2024-08-02T05:23:00.287+0000] {dagbag.py:537} INFO - Filling up the DagBag from /home/airflow/.local/lib/python3.7/site-packages/airflow/example_dags/example_branch_datetime_operator.py
[2024-08-02T05:23:00.307+0000] {processor.py:766} INFO - DAG(s) dict_keys(['example_branch_datetime_operator_2', 'example_branch_datetime_operator_3', 'example_branch_datetime_operator']) retrieved from /home/airflow/.local/lib/python3.7/site-packages/airflow/example_dags/example_branch_datetime_operator.py
[2024-08-02T05:23:00.362+0000] {logging_mixin.py:120} INFO - [2024-08-02T05:23:00.362+0000] {dag.py:2585} INFO - Sync 3 DAGs
[2024-08-02T05:23:00.386+0000] {logging_mixin.py:120} INFO - [2024-08-02T05:23:00.386+0000] {dag.py:3340} INFO - Setting next_dagrun for example_branch_datetime_operator to 2024-08-01T00:00:00+00:00, run_after=2024-08-02T00:00:00+00:00
[2024-08-02T05:23:00.391+0000] {logging_mixin.py:120} INFO - [2024-08-02T05:23:00.391+0000] {dag.py:3340} INFO - Setting next_dagrun for example_branch_datetime_operator_2 to 2024-08-01T00:00:00+00:00, run_after=2024-08-02T00:00:00+00:00
[2024-08-02T05:23:00.395+0000] {logging_mixin.py:120} INFO - [2024-08-02T05:23:00.395+0000] {dag.py:3340} INFO - Setting next_dagrun for example_branch_datetime_operator_3 to 2024-08-01T00:00:00+00:00, run_after=2024-08-02T00:00:00+00:00
[2024-08-02T05:23:00.457+0000] {processor.py:176} INFO - Processing /home/airflow/.local/lib/python3.7/site-packages/airflow/example_dags/example_branch_datetime_operator.py took 0.177 seconds
[2024-08-02T05:23:30.808+0000] {processor.py:154} INFO - Started process (PID=420) to work on /home/airflow/.local/lib/python3.7/site-packages/airflow/example_dags/example_branch_datetime_operator.py
[2024-08-02T05:23:30.810+0000] {processor.py:756} INFO - Processing file /home/airflow/.local/lib/python3.7/site-packages/airflow/example_dags/example_branch_datetime_operator.py for tasks to queue
[2024-08-02T05:23:30.824+0000] {logging_mixin.py:120} INFO - [2024-08-02T05:23:30.824+0000] {dagbag.py:537} INFO - Filling up the DagBag from /home/airflow/.local/lib/python3.7/site-packages/airflow/example_dags/example_branch_datetime_operator.py
[2024-08-02T05:23:30.853+0000] {processor.py:766} INFO - DAG(s) dict_keys(['example_branch_datetime_operator', 'example_branch_datetime_operator_3', 'example_branch_datetime_operator_2']) retrieved from /home/airflow/.local/lib/python3.7/site-packages/airflow/example_dags/example_branch_datetime_operator.py
[2024-08-02T05:23:30.933+0000] {logging_mixin.py:120} INFO - [2024-08-02T05:23:30.933+0000] {dag.py:2585} INFO - Sync 3 DAGs
[2024-08-02T05:23:30.973+0000] {logging_mixin.py:120} INFO - [2024-08-02T05:23:30.973+0000] {dag.py:3340} INFO - Setting next_dagrun for example_branch_datetime_operator to 2024-08-01T00:00:00+00:00, run_after=2024-08-02T00:00:00+00:00
[2024-08-02T05:23:30.980+0000] {logging_mixin.py:120} INFO - [2024-08-02T05:23:30.980+0000] {dag.py:3340} INFO - Setting next_dagrun for example_branch_datetime_operator_2 to 2024-08-01T00:00:00+00:00, run_after=2024-08-02T00:00:00+00:00
[2024-08-02T05:23:30.985+0000] {logging_mixin.py:120} INFO - [2024-08-02T05:23:30.985+0000] {dag.py:3340} INFO - Setting next_dagrun for example_branch_datetime_operator_3 to 2024-08-01T00:00:00+00:00, run_after=2024-08-02T00:00:00+00:00
[2024-08-02T05:23:31.017+0000] {processor.py:176} INFO - Processing /home/airflow/.local/lib/python3.7/site-packages/airflow/example_dags/example_branch_datetime_operator.py took 0.212 seconds
[2024-08-02T05:24:01.639+0000] {processor.py:154} INFO - Started process (PID=475) to work on /home/airflow/.local/lib/python3.7/site-packages/airflow/example_dags/example_branch_datetime_operator.py
[2024-08-02T05:24:01.640+0000] {processor.py:756} INFO - Processing file /home/airflow/.local/lib/python3.7/site-packages/airflow/example_dags/example_branch_datetime_operator.py for tasks to queue
[2024-08-02T05:24:01.642+0000] {logging_mixin.py:120} INFO - [2024-08-02T05:24:01.641+0000] {dagbag.py:537} INFO - Filling up the DagBag from /home/airflow/.local/lib/python3.7/site-packages/airflow/example_dags/example_branch_datetime_operator.py
[2024-08-02T05:24:01.660+0000] {processor.py:766} INFO - DAG(s) dict_keys(['example_branch_datetime_operator_2', 'example_branch_datetime_operator_3', 'example_branch_datetime_operator']) retrieved from /home/airflow/.local/lib/python3.7/site-packages/airflow/example_dags/example_branch_datetime_operator.py
[2024-08-02T05:24:01.708+0000] {logging_mixin.py:120} INFO - [2024-08-02T05:24:01.708+0000] {dag.py:2585} INFO - Sync 3 DAGs
[2024-08-02T05:24:01.739+0000] {logging_mixin.py:120} INFO - [2024-08-02T05:24:01.739+0000] {dag.py:3340} INFO - Setting next_dagrun for example_branch_datetime_operator to 2024-08-01T00:00:00+00:00, run_after=2024-08-02T00:00:00+00:00
[2024-08-02T05:24:01.745+0000] {logging_mixin.py:120} INFO - [2024-08-02T05:24:01.744+0000] {dag.py:3340} INFO - Setting next_dagrun for example_branch_datetime_operator_2 to 2024-08-01T00:00:00+00:00, run_after=2024-08-02T00:00:00+00:00
[2024-08-02T05:24:01.748+0000] {logging_mixin.py:120} INFO - [2024-08-02T05:24:01.748+0000] {dag.py:3340} INFO - Setting next_dagrun for example_branch_datetime_operator_3 to 2024-08-01T00:00:00+00:00, run_after=2024-08-02T00:00:00+00:00
[2024-08-02T05:24:01.771+0000] {processor.py:176} INFO - Processing /home/airflow/.local/lib/python3.7/site-packages/airflow/example_dags/example_branch_datetime_operator.py took 0.139 seconds
[2024-08-02T05:24:32.320+0000] {processor.py:154} INFO - Started process (PID=538) to work on /home/airflow/.local/lib/python3.7/site-packages/airflow/example_dags/example_branch_datetime_operator.py
[2024-08-02T05:24:32.353+0000] {processor.py:756} INFO - Processing file /home/airflow/.local/lib/python3.7/site-packages/airflow/example_dags/example_branch_datetime_operator.py for tasks to queue
[2024-08-02T05:24:32.480+0000] {logging_mixin.py:120} INFO - [2024-08-02T05:24:32.480+0000] {dagbag.py:537} INFO - Filling up the DagBag from /home/airflow/.local/lib/python3.7/site-packages/airflow/example_dags/example_branch_datetime_operator.py
[2024-08-02T05:24:32.560+0000] {processor.py:766} INFO - DAG(s) dict_keys(['example_branch_datetime_operator_2', 'example_branch_datetime_operator', 'example_branch_datetime_operator_3']) retrieved from /home/airflow/.local/lib/python3.7/site-packages/airflow/example_dags/example_branch_datetime_operator.py
[2024-08-02T05:24:32.716+0000] {logging_mixin.py:120} INFO - [2024-08-02T05:24:32.715+0000] {dag.py:2585} INFO - Sync 3 DAGs
[2024-08-02T05:24:32.884+0000] {logging_mixin.py:120} INFO - [2024-08-02T05:24:32.884+0000] {dag.py:3340} INFO - Setting next_dagrun for example_branch_datetime_operator to 2024-08-01T00:00:00+00:00, run_after=2024-08-02T00:00:00+00:00
[2024-08-02T05:24:32.988+0000] {logging_mixin.py:120} INFO - [2024-08-02T05:24:32.988+0000] {dag.py:3340} INFO - Setting next_dagrun for example_branch_datetime_operator_2 to 2024-08-01T00:00:00+00:00, run_after=2024-08-02T00:00:00+00:00
[2024-08-02T05:24:33.004+0000] {logging_mixin.py:120} INFO - [2024-08-02T05:24:33.004+0000] {dag.py:3340} INFO - Setting next_dagrun for example_branch_datetime_operator_3 to 2024-08-01T00:00:00+00:00, run_after=2024-08-02T00:00:00+00:00
[2024-08-02T05:24:33.246+0000] {processor.py:176} INFO - Processing /home/airflow/.local/lib/python3.7/site-packages/airflow/example_dags/example_branch_datetime_operator.py took 0.929 seconds
[2024-08-02T05:25:04.382+0000] {processor.py:154} INFO - Started process (PID=593) to work on /home/airflow/.local/lib/python3.7/site-packages/airflow/example_dags/example_branch_datetime_operator.py
[2024-08-02T05:25:04.385+0000] {processor.py:756} INFO - Processing file /home/airflow/.local/lib/python3.7/site-packages/airflow/example_dags/example_branch_datetime_operator.py for tasks to queue
[2024-08-02T05:25:04.388+0000] {logging_mixin.py:120} INFO - [2024-08-02T05:25:04.388+0000] {dagbag.py:537} INFO - Filling up the DagBag from /home/airflow/.local/lib/python3.7/site-packages/airflow/example_dags/example_branch_datetime_operator.py
[2024-08-02T05:25:04.417+0000] {processor.py:766} INFO - DAG(s) dict_keys(['example_branch_datetime_operator', 'example_branch_datetime_operator_3', 'example_branch_datetime_operator_2']) retrieved from /home/airflow/.local/lib/python3.7/site-packages/airflow/example_dags/example_branch_datetime_operator.py
[2024-08-02T05:25:04.483+0000] {logging_mixin.py:120} INFO - [2024-08-02T05:25:04.483+0000] {dag.py:2585} INFO - Sync 3 DAGs
[2024-08-02T05:25:04.810+0000] {logging_mixin.py:120} INFO - [2024-08-02T05:25:04.810+0000] {dag.py:3340} INFO - Setting next_dagrun for example_branch_datetime_operator to 2024-08-01T00:00:00+00:00, run_after=2024-08-02T00:00:00+00:00
[2024-08-02T05:25:04.846+0000] {logging_mixin.py:120} INFO - [2024-08-02T05:25:04.846+0000] {dag.py:3340} INFO - Setting next_dagrun for example_branch_datetime_operator_2 to 2024-08-01T00:00:00+00:00, run_after=2024-08-02T00:00:00+00:00
[2024-08-02T05:25:04.860+0000] {logging_mixin.py:120} INFO - [2024-08-02T05:25:04.860+0000] {dag.py:3340} INFO - Setting next_dagrun for example_branch_datetime_operator_3 to 2024-08-01T00:00:00+00:00, run_after=2024-08-02T00:00:00+00:00
[2024-08-02T05:25:04.943+0000] {processor.py:176} INFO - Processing /home/airflow/.local/lib/python3.7/site-packages/airflow/example_dags/example_branch_datetime_operator.py took 0.565 seconds
[2024-08-02T05:25:35.380+0000] {processor.py:154} INFO - Started process (PID=657) to work on /home/airflow/.local/lib/python3.7/site-packages/airflow/example_dags/example_branch_datetime_operator.py
[2024-08-02T05:25:35.382+0000] {processor.py:756} INFO - Processing file /home/airflow/.local/lib/python3.7/site-packages/airflow/example_dags/example_branch_datetime_operator.py for tasks to queue
[2024-08-02T05:25:35.391+0000] {logging_mixin.py:120} INFO - [2024-08-02T05:25:35.391+0000] {dagbag.py:537} INFO - Filling up the DagBag from /home/airflow/.local/lib/python3.7/site-packages/airflow/example_dags/example_branch_datetime_operator.py
[2024-08-02T05:25:35.412+0000] {processor.py:766} INFO - DAG(s) dict_keys(['example_branch_datetime_operator_3', 'example_branch_datetime_operator_2', 'example_branch_datetime_operator']) retrieved from /home/airflow/.local/lib/python3.7/site-packages/airflow/example_dags/example_branch_datetime_operator.py
[2024-08-02T05:25:35.582+0000] {logging_mixin.py:120} INFO - [2024-08-02T05:25:35.581+0000] {dag.py:2585} INFO - Sync 3 DAGs
[2024-08-02T05:25:35.679+0000] {logging_mixin.py:120} INFO - [2024-08-02T05:25:35.679+0000] {dag.py:3340} INFO - Setting next_dagrun for example_branch_datetime_operator to 2024-08-01T00:00:00+00:00, run_after=2024-08-02T00:00:00+00:00
[2024-08-02T05:25:35.761+0000] {logging_mixin.py:120} INFO - [2024-08-02T05:25:35.761+0000] {dag.py:3340} INFO - Setting next_dagrun for example_branch_datetime_operator_2 to 2024-08-01T00:00:00+00:00, run_after=2024-08-02T00:00:00+00:00
[2024-08-02T05:25:35.775+0000] {logging_mixin.py:120} INFO - [2024-08-02T05:25:35.774+0000] {dag.py:3340} INFO - Setting next_dagrun for example_branch_datetime_operator_3 to 2024-08-01T00:00:00+00:00, run_after=2024-08-02T00:00:00+00:00
[2024-08-02T05:25:35.805+0000] {processor.py:176} INFO - Processing /home/airflow/.local/lib/python3.7/site-packages/airflow/example_dags/example_branch_datetime_operator.py took 0.435 seconds
[2024-08-02T05:26:06.581+0000] {processor.py:154} INFO - Started process (PID=721) to work on /home/airflow/.local/lib/python3.7/site-packages/airflow/example_dags/example_branch_datetime_operator.py
[2024-08-02T05:26:06.583+0000] {processor.py:756} INFO - Processing file /home/airflow/.local/lib/python3.7/site-packages/airflow/example_dags/example_branch_datetime_operator.py for tasks to queue
[2024-08-02T05:26:06.584+0000] {logging_mixin.py:120} INFO - [2024-08-02T05:26:06.584+0000] {dagbag.py:537} INFO - Filling up the DagBag from /home/airflow/.local/lib/python3.7/site-packages/airflow/example_dags/example_branch_datetime_operator.py
[2024-08-02T05:26:06.617+0000] {processor.py:766} INFO - DAG(s) dict_keys(['example_branch_datetime_operator_2', 'example_branch_datetime_operator_3', 'example_branch_datetime_operator']) retrieved from /home/airflow/.local/lib/python3.7/site-packages/airflow/example_dags/example_branch_datetime_operator.py
[2024-08-02T05:26:06.815+0000] {logging_mixin.py:120} INFO - [2024-08-02T05:26:06.815+0000] {dag.py:2585} INFO - Sync 3 DAGs
[2024-08-02T05:26:06.975+0000] {logging_mixin.py:120} INFO - [2024-08-02T05:26:06.975+0000] {dag.py:3340} INFO - Setting next_dagrun for example_branch_datetime_operator to 2024-08-01T00:00:00+00:00, run_after=2024-08-02T00:00:00+00:00
[2024-08-02T05:26:07.048+0000] {logging_mixin.py:120} INFO - [2024-08-02T05:26:07.047+0000] {dag.py:3340} INFO - Setting next_dagrun for example_branch_datetime_operator_2 to 2024-08-01T00:00:00+00:00, run_after=2024-08-02T00:00:00+00:00
[2024-08-02T05:26:07.069+0000] {logging_mixin.py:120} INFO - [2024-08-02T05:26:07.068+0000] {dag.py:3340} INFO - Setting next_dagrun for example_branch_datetime_operator_3 to 2024-08-01T00:00:00+00:00, run_after=2024-08-02T00:00:00+00:00
[2024-08-02T05:26:07.102+0000] {processor.py:176} INFO - Processing /home/airflow/.local/lib/python3.7/site-packages/airflow/example_dags/example_branch_datetime_operator.py took 0.525 seconds
[2024-08-02T05:26:37.254+0000] {processor.py:154} INFO - Started process (PID=776) to work on /home/airflow/.local/lib/python3.7/site-packages/airflow/example_dags/example_branch_datetime_operator.py
[2024-08-02T05:26:37.255+0000] {processor.py:756} INFO - Processing file /home/airflow/.local/lib/python3.7/site-packages/airflow/example_dags/example_branch_datetime_operator.py for tasks to queue
[2024-08-02T05:26:37.257+0000] {logging_mixin.py:120} INFO - [2024-08-02T05:26:37.256+0000] {dagbag.py:537} INFO - Filling up the DagBag from /home/airflow/.local/lib/python3.7/site-packages/airflow/example_dags/example_branch_datetime_operator.py
[2024-08-02T05:26:37.276+0000] {processor.py:766} INFO - DAG(s) dict_keys(['example_branch_datetime_operator', 'example_branch_datetime_operator_2', 'example_branch_datetime_operator_3']) retrieved from /home/airflow/.local/lib/python3.7/site-packages/airflow/example_dags/example_branch_datetime_operator.py
[2024-08-02T05:26:37.337+0000] {logging_mixin.py:120} INFO - [2024-08-02T05:26:37.336+0000] {dag.py:2585} INFO - Sync 3 DAGs
[2024-08-02T05:26:37.372+0000] {logging_mixin.py:120} INFO - [2024-08-02T05:26:37.371+0000] {dag.py:3340} INFO - Setting next_dagrun for example_branch_datetime_operator to 2024-08-01T00:00:00+00:00, run_after=2024-08-02T00:00:00+00:00
[2024-08-02T05:26:37.380+0000] {logging_mixin.py:120} INFO - [2024-08-02T05:26:37.380+0000] {dag.py:3340} INFO - Setting next_dagrun for example_branch_datetime_operator_2 to 2024-08-01T00:00:00+00:00, run_after=2024-08-02T00:00:00+00:00
[2024-08-02T05:26:37.384+0000] {logging_mixin.py:120} INFO - [2024-08-02T05:26:37.384+0000] {dag.py:3340} INFO - Setting next_dagrun for example_branch_datetime_operator_3 to 2024-08-01T00:00:00+00:00, run_after=2024-08-02T00:00:00+00:00
[2024-08-02T05:26:37.412+0000] {processor.py:176} INFO - Processing /home/airflow/.local/lib/python3.7/site-packages/airflow/example_dags/example_branch_datetime_operator.py took 0.161 seconds
[2024-08-02T05:27:07.979+0000] {processor.py:154} INFO - Started process (PID=840) to work on /home/airflow/.local/lib/python3.7/site-packages/airflow/example_dags/example_branch_datetime_operator.py
[2024-08-02T05:27:07.988+0000] {processor.py:756} INFO - Processing file /home/airflow/.local/lib/python3.7/site-packages/airflow/example_dags/example_branch_datetime_operator.py for tasks to queue
[2024-08-02T05:27:07.995+0000] {logging_mixin.py:120} INFO - [2024-08-02T05:27:07.995+0000] {dagbag.py:537} INFO - Filling up the DagBag from /home/airflow/.local/lib/python3.7/site-packages/airflow/example_dags/example_branch_datetime_operator.py
[2024-08-02T05:27:08.024+0000] {processor.py:766} INFO - DAG(s) dict_keys(['example_branch_datetime_operator_2', 'example_branch_datetime_operator_3', 'example_branch_datetime_operator']) retrieved from /home/airflow/.local/lib/python3.7/site-packages/airflow/example_dags/example_branch_datetime_operator.py
[2024-08-02T05:27:08.114+0000] {logging_mixin.py:120} INFO - [2024-08-02T05:27:08.114+0000] {dag.py:2585} INFO - Sync 3 DAGs
[2024-08-02T05:27:08.145+0000] {logging_mixin.py:120} INFO - [2024-08-02T05:27:08.145+0000] {dag.py:3340} INFO - Setting next_dagrun for example_branch_datetime_operator to 2024-08-01T00:00:00+00:00, run_after=2024-08-02T00:00:00+00:00
[2024-08-02T05:27:08.152+0000] {logging_mixin.py:120} INFO - [2024-08-02T05:27:08.152+0000] {dag.py:3340} INFO - Setting next_dagrun for example_branch_datetime_operator_2 to 2024-08-01T00:00:00+00:00, run_after=2024-08-02T00:00:00+00:00
[2024-08-02T05:27:08.168+0000] {logging_mixin.py:120} INFO - [2024-08-02T05:27:08.168+0000] {dag.py:3340} INFO - Setting next_dagrun for example_branch_datetime_operator_3 to 2024-08-01T00:00:00+00:00, run_after=2024-08-02T00:00:00+00:00
[2024-08-02T05:27:08.191+0000] {processor.py:176} INFO - Processing /home/airflow/.local/lib/python3.7/site-packages/airflow/example_dags/example_branch_datetime_operator.py took 0.216 seconds
[2024-08-02T05:27:39.384+0000] {processor.py:154} INFO - Started process (PID=895) to work on /home/airflow/.local/lib/python3.7/site-packages/airflow/example_dags/example_branch_datetime_operator.py
[2024-08-02T05:27:39.385+0000] {processor.py:756} INFO - Processing file /home/airflow/.local/lib/python3.7/site-packages/airflow/example_dags/example_branch_datetime_operator.py for tasks to queue
[2024-08-02T05:27:39.386+0000] {logging_mixin.py:120} INFO - [2024-08-02T05:27:39.386+0000] {dagbag.py:537} INFO - Filling up the DagBag from /home/airflow/.local/lib/python3.7/site-packages/airflow/example_dags/example_branch_datetime_operator.py
[2024-08-02T05:27:39.407+0000] {processor.py:766} INFO - DAG(s) dict_keys(['example_branch_datetime_operator_2', 'example_branch_datetime_operator_3', 'example_branch_datetime_operator']) retrieved from /home/airflow/.local/lib/python3.7/site-packages/airflow/example_dags/example_branch_datetime_operator.py
[2024-08-02T05:27:39.458+0000] {logging_mixin.py:120} INFO - [2024-08-02T05:27:39.458+0000] {dag.py:2585} INFO - Sync 3 DAGs
[2024-08-02T05:27:39.502+0000] {logging_mixin.py:120} INFO - [2024-08-02T05:27:39.502+0000] {dag.py:3340} INFO - Setting next_dagrun for example_branch_datetime_operator to 2024-08-01T00:00:00+00:00, run_after=2024-08-02T00:00:00+00:00
[2024-08-02T05:27:39.509+0000] {logging_mixin.py:120} INFO - [2024-08-02T05:27:39.509+0000] {dag.py:3340} INFO - Setting next_dagrun for example_branch_datetime_operator_2 to 2024-08-01T00:00:00+00:00, run_after=2024-08-02T00:00:00+00:00
[2024-08-02T05:27:39.516+0000] {logging_mixin.py:120} INFO - [2024-08-02T05:27:39.516+0000] {dag.py:3340} INFO - Setting next_dagrun for example_branch_datetime_operator_3 to 2024-08-01T00:00:00+00:00, run_after=2024-08-02T00:00:00+00:00
[2024-08-02T05:27:39.552+0000] {processor.py:176} INFO - Processing /home/airflow/.local/lib/python3.7/site-packages/airflow/example_dags/example_branch_datetime_operator.py took 0.171 seconds
[2024-08-02T05:28:10.239+0000] {processor.py:154} INFO - Started process (PID=960) to work on /home/airflow/.local/lib/python3.7/site-packages/airflow/example_dags/example_branch_datetime_operator.py
[2024-08-02T05:28:10.241+0000] {processor.py:756} INFO - Processing file /home/airflow/.local/lib/python3.7/site-packages/airflow/example_dags/example_branch_datetime_operator.py for tasks to queue
[2024-08-02T05:28:10.242+0000] {logging_mixin.py:120} INFO - [2024-08-02T05:28:10.242+0000] {dagbag.py:537} INFO - Filling up the DagBag from /home/airflow/.local/lib/python3.7/site-packages/airflow/example_dags/example_branch_datetime_operator.py
[2024-08-02T05:28:10.275+0000] {processor.py:766} INFO - DAG(s) dict_keys(['example_branch_datetime_operator_2', 'example_branch_datetime_operator_3', 'example_branch_datetime_operator']) retrieved from /home/airflow/.local/lib/python3.7/site-packages/airflow/example_dags/example_branch_datetime_operator.py
[2024-08-02T05:28:10.436+0000] {logging_mixin.py:120} INFO - [2024-08-02T05:28:10.435+0000] {dag.py:2585} INFO - Sync 3 DAGs
[2024-08-02T05:28:10.512+0000] {logging_mixin.py:120} INFO - [2024-08-02T05:28:10.511+0000] {dag.py:3340} INFO - Setting next_dagrun for example_branch_datetime_operator to 2024-08-01T00:00:00+00:00, run_after=2024-08-02T00:00:00+00:00
[2024-08-02T05:28:10.588+0000] {logging_mixin.py:120} INFO - [2024-08-02T05:28:10.588+0000] {dag.py:3340} INFO - Setting next_dagrun for example_branch_datetime_operator_2 to 2024-08-01T00:00:00+00:00, run_after=2024-08-02T00:00:00+00:00
[2024-08-02T05:28:10.739+0000] {logging_mixin.py:120} INFO - [2024-08-02T05:28:10.739+0000] {dag.py:3340} INFO - Setting next_dagrun for example_branch_datetime_operator_3 to 2024-08-01T00:00:00+00:00, run_after=2024-08-02T00:00:00+00:00
[2024-08-02T05:28:10.807+0000] {processor.py:176} INFO - Processing /home/airflow/.local/lib/python3.7/site-packages/airflow/example_dags/example_branch_datetime_operator.py took 0.572 seconds
[2024-08-02T05:28:41.250+0000] {processor.py:154} INFO - Started process (PID=1024) to work on /home/airflow/.local/lib/python3.7/site-packages/airflow/example_dags/example_branch_datetime_operator.py
[2024-08-02T05:28:41.260+0000] {processor.py:756} INFO - Processing file /home/airflow/.local/lib/python3.7/site-packages/airflow/example_dags/example_branch_datetime_operator.py for tasks to queue
[2024-08-02T05:28:41.262+0000] {logging_mixin.py:120} INFO - [2024-08-02T05:28:41.262+0000] {dagbag.py:537} INFO - Filling up the DagBag from /home/airflow/.local/lib/python3.7/site-packages/airflow/example_dags/example_branch_datetime_operator.py
[2024-08-02T05:28:41.293+0000] {processor.py:766} INFO - DAG(s) dict_keys(['example_branch_datetime_operator_3', 'example_branch_datetime_operator', 'example_branch_datetime_operator_2']) retrieved from /home/airflow/.local/lib/python3.7/site-packages/airflow/example_dags/example_branch_datetime_operator.py
[2024-08-02T05:28:41.443+0000] {logging_mixin.py:120} INFO - [2024-08-02T05:28:41.443+0000] {dag.py:2585} INFO - Sync 3 DAGs
[2024-08-02T05:28:41.494+0000] {logging_mixin.py:120} INFO - [2024-08-02T05:28:41.494+0000] {dag.py:3340} INFO - Setting next_dagrun for example_branch_datetime_operator to 2024-08-01T00:00:00+00:00, run_after=2024-08-02T00:00:00+00:00
[2024-08-02T05:28:41.507+0000] {logging_mixin.py:120} INFO - [2024-08-02T05:28:41.507+0000] {dag.py:3340} INFO - Setting next_dagrun for example_branch_datetime_operator_2 to 2024-08-01T00:00:00+00:00, run_after=2024-08-02T00:00:00+00:00
[2024-08-02T05:28:41.514+0000] {logging_mixin.py:120} INFO - [2024-08-02T05:28:41.514+0000] {dag.py:3340} INFO - Setting next_dagrun for example_branch_datetime_operator_3 to 2024-08-01T00:00:00+00:00, run_after=2024-08-02T00:00:00+00:00
[2024-08-02T05:28:41.590+0000] {processor.py:176} INFO - Processing /home/airflow/.local/lib/python3.7/site-packages/airflow/example_dags/example_branch_datetime_operator.py took 0.348 seconds
[2024-08-02T05:29:12.699+0000] {processor.py:154} INFO - Started process (PID=1080) to work on /home/airflow/.local/lib/python3.7/site-packages/airflow/example_dags/example_branch_datetime_operator.py
[2024-08-02T05:29:12.714+0000] {processor.py:756} INFO - Processing file /home/airflow/.local/lib/python3.7/site-packages/airflow/example_dags/example_branch_datetime_operator.py for tasks to queue
[2024-08-02T05:29:12.936+0000] {logging_mixin.py:120} INFO - [2024-08-02T05:29:12.936+0000] {dagbag.py:537} INFO - Filling up the DagBag from /home/airflow/.local/lib/python3.7/site-packages/airflow/example_dags/example_branch_datetime_operator.py
[2024-08-02T05:29:13.021+0000] {processor.py:766} INFO - DAG(s) dict_keys(['example_branch_datetime_operator_2', 'example_branch_datetime_operator', 'example_branch_datetime_operator_3']) retrieved from /home/airflow/.local/lib/python3.7/site-packages/airflow/example_dags/example_branch_datetime_operator.py
[2024-08-02T05:29:13.076+0000] {logging_mixin.py:120} INFO - [2024-08-02T05:29:13.075+0000] {dag.py:2585} INFO - Sync 3 DAGs
[2024-08-02T05:29:13.117+0000] {logging_mixin.py:120} INFO - [2024-08-02T05:29:13.117+0000] {dag.py:3340} INFO - Setting next_dagrun for example_branch_datetime_operator to 2024-08-01T00:00:00+00:00, run_after=2024-08-02T00:00:00+00:00
[2024-08-02T05:29:13.124+0000] {logging_mixin.py:120} INFO - [2024-08-02T05:29:13.124+0000] {dag.py:3340} INFO - Setting next_dagrun for example_branch_datetime_operator_2 to 2024-08-01T00:00:00+00:00, run_after=2024-08-02T00:00:00+00:00
[2024-08-02T05:29:13.131+0000] {logging_mixin.py:120} INFO - [2024-08-02T05:29:13.131+0000] {dag.py:3340} INFO - Setting next_dagrun for example_branch_datetime_operator_3 to 2024-08-01T00:00:00+00:00, run_after=2024-08-02T00:00:00+00:00
[2024-08-02T05:29:13.164+0000] {processor.py:176} INFO - Processing /home/airflow/.local/lib/python3.7/site-packages/airflow/example_dags/example_branch_datetime_operator.py took 0.469 seconds
[2024-08-02T05:29:43.728+0000] {processor.py:154} INFO - Started process (PID=1144) to work on /home/airflow/.local/lib/python3.7/site-packages/airflow/example_dags/example_branch_datetime_operator.py
[2024-08-02T05:29:43.734+0000] {processor.py:756} INFO - Processing file /home/airflow/.local/lib/python3.7/site-packages/airflow/example_dags/example_branch_datetime_operator.py for tasks to queue
[2024-08-02T05:29:43.736+0000] {logging_mixin.py:120} INFO - [2024-08-02T05:29:43.735+0000] {dagbag.py:537} INFO - Filling up the DagBag from /home/airflow/.local/lib/python3.7/site-packages/airflow/example_dags/example_branch_datetime_operator.py
[2024-08-02T05:29:43.766+0000] {processor.py:766} INFO - DAG(s) dict_keys(['example_branch_datetime_operator_2', 'example_branch_datetime_operator_3', 'example_branch_datetime_operator']) retrieved from /home/airflow/.local/lib/python3.7/site-packages/airflow/example_dags/example_branch_datetime_operator.py
[2024-08-02T05:29:43.838+0000] {logging_mixin.py:120} INFO - [2024-08-02T05:29:43.838+0000] {dag.py:2585} INFO - Sync 3 DAGs
[2024-08-02T05:29:43.876+0000] {logging_mixin.py:120} INFO - [2024-08-02T05:29:43.876+0000] {dag.py:3340} INFO - Setting next_dagrun for example_branch_datetime_operator to 2024-08-01T00:00:00+00:00, run_after=2024-08-02T00:00:00+00:00
[2024-08-02T05:29:43.895+0000] {logging_mixin.py:120} INFO - [2024-08-02T05:29:43.894+0000] {dag.py:3340} INFO - Setting next_dagrun for example_branch_datetime_operator_2 to 2024-08-01T00:00:00+00:00, run_after=2024-08-02T00:00:00+00:00
[2024-08-02T05:29:44.046+0000] {logging_mixin.py:120} INFO - [2024-08-02T05:29:44.045+0000] {dag.py:3340} INFO - Setting next_dagrun for example_branch_datetime_operator_3 to 2024-08-01T00:00:00+00:00, run_after=2024-08-02T00:00:00+00:00
[2024-08-02T05:29:44.089+0000] {processor.py:176} INFO - Processing /home/airflow/.local/lib/python3.7/site-packages/airflow/example_dags/example_branch_datetime_operator.py took 0.366 seconds
[2024-08-02T05:30:15.850+0000] {processor.py:154} INFO - Started process (PID=1199) to work on /home/airflow/.local/lib/python3.7/site-packages/airflow/example_dags/example_branch_datetime_operator.py
[2024-08-02T05:30:15.851+0000] {processor.py:756} INFO - Processing file /home/airflow/.local/lib/python3.7/site-packages/airflow/example_dags/example_branch_datetime_operator.py for tasks to queue
[2024-08-02T05:30:15.852+0000] {logging_mixin.py:120} INFO - [2024-08-02T05:30:15.852+0000] {dagbag.py:537} INFO - Filling up the DagBag from /home/airflow/.local/lib/python3.7/site-packages/airflow/example_dags/example_branch_datetime_operator.py
[2024-08-02T05:30:15.871+0000] {processor.py:766} INFO - DAG(s) dict_keys(['example_branch_datetime_operator', 'example_branch_datetime_operator_2', 'example_branch_datetime_operator_3']) retrieved from /home/airflow/.local/lib/python3.7/site-packages/airflow/example_dags/example_branch_datetime_operator.py
[2024-08-02T05:30:15.943+0000] {logging_mixin.py:120} INFO - [2024-08-02T05:30:15.943+0000] {dag.py:2585} INFO - Sync 3 DAGs
[2024-08-02T05:30:15.972+0000] {logging_mixin.py:120} INFO - [2024-08-02T05:30:15.971+0000] {dag.py:3340} INFO - Setting next_dagrun for example_branch_datetime_operator to 2024-08-01T00:00:00+00:00, run_after=2024-08-02T00:00:00+00:00
[2024-08-02T05:30:15.977+0000] {logging_mixin.py:120} INFO - [2024-08-02T05:30:15.976+0000] {dag.py:3340} INFO - Setting next_dagrun for example_branch_datetime_operator_2 to 2024-08-01T00:00:00+00:00, run_after=2024-08-02T00:00:00+00:00
[2024-08-02T05:30:15.980+0000] {logging_mixin.py:120} INFO - [2024-08-02T05:30:15.980+0000] {dag.py:3340} INFO - Setting next_dagrun for example_branch_datetime_operator_3 to 2024-08-01T00:00:00+00:00, run_after=2024-08-02T00:00:00+00:00
[2024-08-02T05:30:16.004+0000] {processor.py:176} INFO - Processing /home/airflow/.local/lib/python3.7/site-packages/airflow/example_dags/example_branch_datetime_operator.py took 0.158 seconds
[2024-08-02T05:30:46.114+0000] {processor.py:154} INFO - Started process (PID=1261) to work on /home/airflow/.local/lib/python3.7/site-packages/airflow/example_dags/example_branch_datetime_operator.py
[2024-08-02T05:30:46.206+0000] {processor.py:756} INFO - Processing file /home/airflow/.local/lib/python3.7/site-packages/airflow/example_dags/example_branch_datetime_operator.py for tasks to queue
[2024-08-02T05:30:46.222+0000] {logging_mixin.py:120} INFO - [2024-08-02T05:30:46.222+0000] {dagbag.py:537} INFO - Filling up the DagBag from /home/airflow/.local/lib/python3.7/site-packages/airflow/example_dags/example_branch_datetime_operator.py
[2024-08-02T05:30:46.273+0000] {processor.py:766} INFO - DAG(s) dict_keys(['example_branch_datetime_operator', 'example_branch_datetime_operator_2', 'example_branch_datetime_operator_3']) retrieved from /home/airflow/.local/lib/python3.7/site-packages/airflow/example_dags/example_branch_datetime_operator.py
[2024-08-02T05:30:46.443+0000] {logging_mixin.py:120} INFO - [2024-08-02T05:30:46.443+0000] {dag.py:2585} INFO - Sync 3 DAGs
[2024-08-02T05:30:46.610+0000] {logging_mixin.py:120} INFO - [2024-08-02T05:30:46.609+0000] {dag.py:3340} INFO - Setting next_dagrun for example_branch_datetime_operator to 2024-08-01T00:00:00+00:00, run_after=2024-08-02T00:00:00+00:00
[2024-08-02T05:30:46.694+0000] {logging_mixin.py:120} INFO - [2024-08-02T05:30:46.694+0000] {dag.py:3340} INFO - Setting next_dagrun for example_branch_datetime_operator_2 to 2024-08-01T00:00:00+00:00, run_after=2024-08-02T00:00:00+00:00
[2024-08-02T05:30:46.710+0000] {logging_mixin.py:120} INFO - [2024-08-02T05:30:46.710+0000] {dag.py:3340} INFO - Setting next_dagrun for example_branch_datetime_operator_3 to 2024-08-01T00:00:00+00:00, run_after=2024-08-02T00:00:00+00:00
[2024-08-02T05:30:46.754+0000] {processor.py:176} INFO - Processing /home/airflow/.local/lib/python3.7/site-packages/airflow/example_dags/example_branch_datetime_operator.py took 0.643 seconds
[2024-08-02T05:31:16.959+0000] {processor.py:154} INFO - Started process (PID=1324) to work on /home/airflow/.local/lib/python3.7/site-packages/airflow/example_dags/example_branch_datetime_operator.py
[2024-08-02T05:31:16.962+0000] {processor.py:756} INFO - Processing file /home/airflow/.local/lib/python3.7/site-packages/airflow/example_dags/example_branch_datetime_operator.py for tasks to queue
[2024-08-02T05:31:16.967+0000] {logging_mixin.py:120} INFO - [2024-08-02T05:31:16.966+0000] {dagbag.py:537} INFO - Filling up the DagBag from /home/airflow/.local/lib/python3.7/site-packages/airflow/example_dags/example_branch_datetime_operator.py
[2024-08-02T05:31:17.018+0000] {processor.py:766} INFO - DAG(s) dict_keys(['example_branch_datetime_operator_3', 'example_branch_datetime_operator', 'example_branch_datetime_operator_2']) retrieved from /home/airflow/.local/lib/python3.7/site-packages/airflow/example_dags/example_branch_datetime_operator.py
[2024-08-02T05:31:17.107+0000] {logging_mixin.py:120} INFO - [2024-08-02T05:31:17.107+0000] {dag.py:2585} INFO - Sync 3 DAGs
[2024-08-02T05:31:17.170+0000] {logging_mixin.py:120} INFO - [2024-08-02T05:31:17.170+0000] {dag.py:3340} INFO - Setting next_dagrun for example_branch_datetime_operator to 2024-08-01T00:00:00+00:00, run_after=2024-08-02T00:00:00+00:00
[2024-08-02T05:31:17.182+0000] {logging_mixin.py:120} INFO - [2024-08-02T05:31:17.182+0000] {dag.py:3340} INFO - Setting next_dagrun for example_branch_datetime_operator_2 to 2024-08-01T00:00:00+00:00, run_after=2024-08-02T00:00:00+00:00
[2024-08-02T05:31:17.187+0000] {logging_mixin.py:120} INFO - [2024-08-02T05:31:17.187+0000] {dag.py:3340} INFO - Setting next_dagrun for example_branch_datetime_operator_3 to 2024-08-01T00:00:00+00:00, run_after=2024-08-02T00:00:00+00:00
[2024-08-02T05:31:17.230+0000] {processor.py:176} INFO - Processing /home/airflow/.local/lib/python3.7/site-packages/airflow/example_dags/example_branch_datetime_operator.py took 0.278 seconds
[2024-08-02T05:31:48.361+0000] {processor.py:154} INFO - Started process (PID=1377) to work on /home/airflow/.local/lib/python3.7/site-packages/airflow/example_dags/example_branch_datetime_operator.py
[2024-08-02T05:31:48.362+0000] {processor.py:756} INFO - Processing file /home/airflow/.local/lib/python3.7/site-packages/airflow/example_dags/example_branch_datetime_operator.py for tasks to queue
[2024-08-02T05:31:48.363+0000] {logging_mixin.py:120} INFO - [2024-08-02T05:31:48.363+0000] {dagbag.py:537} INFO - Filling up the DagBag from /home/airflow/.local/lib/python3.7/site-packages/airflow/example_dags/example_branch_datetime_operator.py
[2024-08-02T05:31:48.379+0000] {processor.py:766} INFO - DAG(s) dict_keys(['example_branch_datetime_operator_3', 'example_branch_datetime_operator_2', 'example_branch_datetime_operator']) retrieved from /home/airflow/.local/lib/python3.7/site-packages/airflow/example_dags/example_branch_datetime_operator.py
[2024-08-02T05:31:48.561+0000] {logging_mixin.py:120} INFO - [2024-08-02T05:31:48.561+0000] {dag.py:2585} INFO - Sync 3 DAGs
[2024-08-02T05:31:48.680+0000] {logging_mixin.py:120} INFO - [2024-08-02T05:31:48.679+0000] {dag.py:3340} INFO - Setting next_dagrun for example_branch_datetime_operator to 2024-08-01T00:00:00+00:00, run_after=2024-08-02T00:00:00+00:00
[2024-08-02T05:31:48.769+0000] {logging_mixin.py:120} INFO - [2024-08-02T05:31:48.768+0000] {dag.py:3340} INFO - Setting next_dagrun for example_branch_datetime_operator_2 to 2024-08-01T00:00:00+00:00, run_after=2024-08-02T00:00:00+00:00
[2024-08-02T05:31:48.781+0000] {logging_mixin.py:120} INFO - [2024-08-02T05:31:48.781+0000] {dag.py:3340} INFO - Setting next_dagrun for example_branch_datetime_operator_3 to 2024-08-01T00:00:00+00:00, run_after=2024-08-02T00:00:00+00:00
[2024-08-02T05:31:48.826+0000] {processor.py:176} INFO - Processing /home/airflow/.local/lib/python3.7/site-packages/airflow/example_dags/example_branch_datetime_operator.py took 0.469 seconds
[2024-08-02T05:32:19.382+0000] {processor.py:154} INFO - Started process (PID=1442) to work on /home/airflow/.local/lib/python3.7/site-packages/airflow/example_dags/example_branch_datetime_operator.py
[2024-08-02T05:32:19.435+0000] {processor.py:756} INFO - Processing file /home/airflow/.local/lib/python3.7/site-packages/airflow/example_dags/example_branch_datetime_operator.py for tasks to queue
[2024-08-02T05:32:19.479+0000] {logging_mixin.py:120} INFO - [2024-08-02T05:32:19.479+0000] {dagbag.py:537} INFO - Filling up the DagBag from /home/airflow/.local/lib/python3.7/site-packages/airflow/example_dags/example_branch_datetime_operator.py
[2024-08-02T05:32:19.520+0000] {processor.py:766} INFO - DAG(s) dict_keys(['example_branch_datetime_operator_2', 'example_branch_datetime_operator', 'example_branch_datetime_operator_3']) retrieved from /home/airflow/.local/lib/python3.7/site-packages/airflow/example_dags/example_branch_datetime_operator.py
[2024-08-02T05:32:19.602+0000] {logging_mixin.py:120} INFO - [2024-08-02T05:32:19.602+0000] {dag.py:2585} INFO - Sync 3 DAGs
[2024-08-02T05:32:19.673+0000] {logging_mixin.py:120} INFO - [2024-08-02T05:32:19.673+0000] {dag.py:3340} INFO - Setting next_dagrun for example_branch_datetime_operator to 2024-08-01T00:00:00+00:00, run_after=2024-08-02T00:00:00+00:00
[2024-08-02T05:32:19.745+0000] {logging_mixin.py:120} INFO - [2024-08-02T05:32:19.744+0000] {dag.py:3340} INFO - Setting next_dagrun for example_branch_datetime_operator_2 to 2024-08-01T00:00:00+00:00, run_after=2024-08-02T00:00:00+00:00
[2024-08-02T05:32:19.776+0000] {logging_mixin.py:120} INFO - [2024-08-02T05:32:19.775+0000] {dag.py:3340} INFO - Setting next_dagrun for example_branch_datetime_operator_3 to 2024-08-01T00:00:00+00:00, run_after=2024-08-02T00:00:00+00:00
[2024-08-02T05:32:19.810+0000] {processor.py:176} INFO - Processing /home/airflow/.local/lib/python3.7/site-packages/airflow/example_dags/example_branch_datetime_operator.py took 0.432 seconds
[2024-08-02T05:32:50.128+0000] {processor.py:154} INFO - Started process (PID=1506) to work on /home/airflow/.local/lib/python3.7/site-packages/airflow/example_dags/example_branch_datetime_operator.py
[2024-08-02T05:32:50.130+0000] {processor.py:756} INFO - Processing file /home/airflow/.local/lib/python3.7/site-packages/airflow/example_dags/example_branch_datetime_operator.py for tasks to queue
[2024-08-02T05:32:50.132+0000] {logging_mixin.py:120} INFO - [2024-08-02T05:32:50.131+0000] {dagbag.py:537} INFO - Filling up the DagBag from /home/airflow/.local/lib/python3.7/site-packages/airflow/example_dags/example_branch_datetime_operator.py
[2024-08-02T05:32:50.156+0000] {processor.py:766} INFO - DAG(s) dict_keys(['example_branch_datetime_operator_2', 'example_branch_datetime_operator', 'example_branch_datetime_operator_3']) retrieved from /home/airflow/.local/lib/python3.7/site-packages/airflow/example_dags/example_branch_datetime_operator.py
[2024-08-02T05:32:50.225+0000] {logging_mixin.py:120} INFO - [2024-08-02T05:32:50.225+0000] {dag.py:2585} INFO - Sync 3 DAGs
[2024-08-02T05:32:50.272+0000] {logging_mixin.py:120} INFO - [2024-08-02T05:32:50.272+0000] {dag.py:3340} INFO - Setting next_dagrun for example_branch_datetime_operator to 2024-08-01T00:00:00+00:00, run_after=2024-08-02T00:00:00+00:00
[2024-08-02T05:32:50.285+0000] {logging_mixin.py:120} INFO - [2024-08-02T05:32:50.285+0000] {dag.py:3340} INFO - Setting next_dagrun for example_branch_datetime_operator_2 to 2024-08-01T00:00:00+00:00, run_after=2024-08-02T00:00:00+00:00
[2024-08-02T05:32:50.290+0000] {logging_mixin.py:120} INFO - [2024-08-02T05:32:50.290+0000] {dag.py:3340} INFO - Setting next_dagrun for example_branch_datetime_operator_3 to 2024-08-01T00:00:00+00:00, run_after=2024-08-02T00:00:00+00:00
[2024-08-02T05:32:50.314+0000] {processor.py:176} INFO - Processing /home/airflow/.local/lib/python3.7/site-packages/airflow/example_dags/example_branch_datetime_operator.py took 0.189 seconds
[2024-08-02T05:33:21.208+0000] {processor.py:154} INFO - Started process (PID=1562) to work on /home/airflow/.local/lib/python3.7/site-packages/airflow/example_dags/example_branch_datetime_operator.py
[2024-08-02T05:33:21.210+0000] {processor.py:756} INFO - Processing file /home/airflow/.local/lib/python3.7/site-packages/airflow/example_dags/example_branch_datetime_operator.py for tasks to queue
[2024-08-02T05:33:21.211+0000] {logging_mixin.py:120} INFO - [2024-08-02T05:33:21.211+0000] {dagbag.py:537} INFO - Filling up the DagBag from /home/airflow/.local/lib/python3.7/site-packages/airflow/example_dags/example_branch_datetime_operator.py
[2024-08-02T05:33:21.232+0000] {processor.py:766} INFO - DAG(s) dict_keys(['example_branch_datetime_operator_3', 'example_branch_datetime_operator_2', 'example_branch_datetime_operator']) retrieved from /home/airflow/.local/lib/python3.7/site-packages/airflow/example_dags/example_branch_datetime_operator.py
[2024-08-02T05:33:21.291+0000] {logging_mixin.py:120} INFO - [2024-08-02T05:33:21.291+0000] {dag.py:2585} INFO - Sync 3 DAGs
[2024-08-02T05:33:21.330+0000] {logging_mixin.py:120} INFO - [2024-08-02T05:33:21.330+0000] {dag.py:3340} INFO - Setting next_dagrun for example_branch_datetime_operator to 2024-08-01T00:00:00+00:00, run_after=2024-08-02T00:00:00+00:00
[2024-08-02T05:33:21.337+0000] {logging_mixin.py:120} INFO - [2024-08-02T05:33:21.337+0000] {dag.py:3340} INFO - Setting next_dagrun for example_branch_datetime_operator_2 to 2024-08-01T00:00:00+00:00, run_after=2024-08-02T00:00:00+00:00
[2024-08-02T05:33:21.341+0000] {logging_mixin.py:120} INFO - [2024-08-02T05:33:21.341+0000] {dag.py:3340} INFO - Setting next_dagrun for example_branch_datetime_operator_3 to 2024-08-01T00:00:00+00:00, run_after=2024-08-02T00:00:00+00:00
[2024-08-02T05:33:21.367+0000] {processor.py:176} INFO - Processing /home/airflow/.local/lib/python3.7/site-packages/airflow/example_dags/example_branch_datetime_operator.py took 0.162 seconds
[2024-08-02T05:33:51.752+0000] {processor.py:154} INFO - Started process (PID=1626) to work on /home/airflow/.local/lib/python3.7/site-packages/airflow/example_dags/example_branch_datetime_operator.py
[2024-08-02T05:33:51.754+0000] {processor.py:756} INFO - Processing file /home/airflow/.local/lib/python3.7/site-packages/airflow/example_dags/example_branch_datetime_operator.py for tasks to queue
[2024-08-02T05:33:51.755+0000] {logging_mixin.py:120} INFO - [2024-08-02T05:33:51.755+0000] {dagbag.py:537} INFO - Filling up the DagBag from /home/airflow/.local/lib/python3.7/site-packages/airflow/example_dags/example_branch_datetime_operator.py
[2024-08-02T05:33:51.777+0000] {processor.py:766} INFO - DAG(s) dict_keys(['example_branch_datetime_operator_3', 'example_branch_datetime_operator_2', 'example_branch_datetime_operator']) retrieved from /home/airflow/.local/lib/python3.7/site-packages/airflow/example_dags/example_branch_datetime_operator.py
[2024-08-02T05:33:51.913+0000] {logging_mixin.py:120} INFO - [2024-08-02T05:33:51.913+0000] {dag.py:2585} INFO - Sync 3 DAGs
[2024-08-02T05:33:52.017+0000] {logging_mixin.py:120} INFO - [2024-08-02T05:33:52.017+0000] {dag.py:3340} INFO - Setting next_dagrun for example_branch_datetime_operator to 2024-08-01T00:00:00+00:00, run_after=2024-08-02T00:00:00+00:00
[2024-08-02T05:33:52.076+0000] {logging_mixin.py:120} INFO - [2024-08-02T05:33:52.075+0000] {dag.py:3340} INFO - Setting next_dagrun for example_branch_datetime_operator_2 to 2024-08-01T00:00:00+00:00, run_after=2024-08-02T00:00:00+00:00
[2024-08-02T05:33:52.123+0000] {logging_mixin.py:120} INFO - [2024-08-02T05:33:52.122+0000] {dag.py:3340} INFO - Setting next_dagrun for example_branch_datetime_operator_3 to 2024-08-01T00:00:00+00:00, run_after=2024-08-02T00:00:00+00:00
[2024-08-02T05:33:52.158+0000] {processor.py:176} INFO - Processing /home/airflow/.local/lib/python3.7/site-packages/airflow/example_dags/example_branch_datetime_operator.py took 0.409 seconds
[2024-08-02T05:34:22.536+0000] {processor.py:154} INFO - Started process (PID=1689) to work on /home/airflow/.local/lib/python3.7/site-packages/airflow/example_dags/example_branch_datetime_operator.py
[2024-08-02T05:34:22.543+0000] {processor.py:756} INFO - Processing file /home/airflow/.local/lib/python3.7/site-packages/airflow/example_dags/example_branch_datetime_operator.py for tasks to queue
[2024-08-02T05:34:22.545+0000] {logging_mixin.py:120} INFO - [2024-08-02T05:34:22.545+0000] {dagbag.py:537} INFO - Filling up the DagBag from /home/airflow/.local/lib/python3.7/site-packages/airflow/example_dags/example_branch_datetime_operator.py
[2024-08-02T05:34:22.590+0000] {processor.py:766} INFO - DAG(s) dict_keys(['example_branch_datetime_operator', 'example_branch_datetime_operator_3', 'example_branch_datetime_operator_2']) retrieved from /home/airflow/.local/lib/python3.7/site-packages/airflow/example_dags/example_branch_datetime_operator.py
[2024-08-02T05:34:22.695+0000] {logging_mixin.py:120} INFO - [2024-08-02T05:34:22.694+0000] {dag.py:2585} INFO - Sync 3 DAGs
[2024-08-02T05:34:22.748+0000] {logging_mixin.py:120} INFO - [2024-08-02T05:34:22.748+0000] {dag.py:3340} INFO - Setting next_dagrun for example_branch_datetime_operator to 2024-08-01T00:00:00+00:00, run_after=2024-08-02T00:00:00+00:00
[2024-08-02T05:34:22.768+0000] {logging_mixin.py:120} INFO - [2024-08-02T05:34:22.767+0000] {dag.py:3340} INFO - Setting next_dagrun for example_branch_datetime_operator_2 to 2024-08-01T00:00:00+00:00, run_after=2024-08-02T00:00:00+00:00
[2024-08-02T05:34:22.778+0000] {logging_mixin.py:120} INFO - [2024-08-02T05:34:22.778+0000] {dag.py:3340} INFO - Setting next_dagrun for example_branch_datetime_operator_3 to 2024-08-01T00:00:00+00:00, run_after=2024-08-02T00:00:00+00:00
[2024-08-02T05:34:22.847+0000] {processor.py:176} INFO - Processing /home/airflow/.local/lib/python3.7/site-packages/airflow/example_dags/example_branch_datetime_operator.py took 0.322 seconds
[2024-08-02T05:34:54.684+0000] {processor.py:154} INFO - Started process (PID=1742) to work on /home/airflow/.local/lib/python3.7/site-packages/airflow/example_dags/example_branch_datetime_operator.py
[2024-08-02T05:34:54.692+0000] {processor.py:756} INFO - Processing file /home/airflow/.local/lib/python3.7/site-packages/airflow/example_dags/example_branch_datetime_operator.py for tasks to queue
[2024-08-02T05:34:54.787+0000] {logging_mixin.py:120} INFO - [2024-08-02T05:34:54.786+0000] {dagbag.py:537} INFO - Filling up the DagBag from /home/airflow/.local/lib/python3.7/site-packages/airflow/example_dags/example_branch_datetime_operator.py
[2024-08-02T05:34:54.829+0000] {processor.py:766} INFO - DAG(s) dict_keys(['example_branch_datetime_operator_2', 'example_branch_datetime_operator', 'example_branch_datetime_operator_3']) retrieved from /home/airflow/.local/lib/python3.7/site-packages/airflow/example_dags/example_branch_datetime_operator.py
[2024-08-02T05:34:54.896+0000] {logging_mixin.py:120} INFO - [2024-08-02T05:34:54.895+0000] {dag.py:2585} INFO - Sync 3 DAGs
[2024-08-02T05:34:54.962+0000] {logging_mixin.py:120} INFO - [2024-08-02T05:34:54.954+0000] {dag.py:3340} INFO - Setting next_dagrun for example_branch_datetime_operator to 2024-08-01T00:00:00+00:00, run_after=2024-08-02T00:00:00+00:00
[2024-08-02T05:34:54.992+0000] {logging_mixin.py:120} INFO - [2024-08-02T05:34:54.992+0000] {dag.py:3340} INFO - Setting next_dagrun for example_branch_datetime_operator_2 to 2024-08-01T00:00:00+00:00, run_after=2024-08-02T00:00:00+00:00
[2024-08-02T05:34:55.078+0000] {logging_mixin.py:120} INFO - [2024-08-02T05:34:55.078+0000] {dag.py:3340} INFO - Setting next_dagrun for example_branch_datetime_operator_3 to 2024-08-01T00:00:00+00:00, run_after=2024-08-02T00:00:00+00:00
[2024-08-02T05:34:55.121+0000] {processor.py:176} INFO - Processing /home/airflow/.local/lib/python3.7/site-packages/airflow/example_dags/example_branch_datetime_operator.py took 0.440 seconds
[2024-08-02T05:35:25.304+0000] {processor.py:154} INFO - Started process (PID=1808) to work on /home/airflow/.local/lib/python3.7/site-packages/airflow/example_dags/example_branch_datetime_operator.py
[2024-08-02T05:35:25.306+0000] {processor.py:756} INFO - Processing file /home/airflow/.local/lib/python3.7/site-packages/airflow/example_dags/example_branch_datetime_operator.py for tasks to queue
[2024-08-02T05:35:25.307+0000] {logging_mixin.py:120} INFO - [2024-08-02T05:35:25.306+0000] {dagbag.py:537} INFO - Filling up the DagBag from /home/airflow/.local/lib/python3.7/site-packages/airflow/example_dags/example_branch_datetime_operator.py
[2024-08-02T05:35:25.332+0000] {processor.py:766} INFO - DAG(s) dict_keys(['example_branch_datetime_operator_2', 'example_branch_datetime_operator', 'example_branch_datetime_operator_3']) retrieved from /home/airflow/.local/lib/python3.7/site-packages/airflow/example_dags/example_branch_datetime_operator.py
[2024-08-02T05:35:25.380+0000] {logging_mixin.py:120} INFO - [2024-08-02T05:35:25.380+0000] {dag.py:2585} INFO - Sync 3 DAGs
[2024-08-02T05:35:25.404+0000] {logging_mixin.py:120} INFO - [2024-08-02T05:35:25.404+0000] {dag.py:3340} INFO - Setting next_dagrun for example_branch_datetime_operator to 2024-08-01T00:00:00+00:00, run_after=2024-08-02T00:00:00+00:00
[2024-08-02T05:35:25.409+0000] {logging_mixin.py:120} INFO - [2024-08-02T05:35:25.409+0000] {dag.py:3340} INFO - Setting next_dagrun for example_branch_datetime_operator_2 to 2024-08-01T00:00:00+00:00, run_after=2024-08-02T00:00:00+00:00
[2024-08-02T05:35:25.411+0000] {logging_mixin.py:120} INFO - [2024-08-02T05:35:25.411+0000] {dag.py:3340} INFO - Setting next_dagrun for example_branch_datetime_operator_3 to 2024-08-01T00:00:00+00:00, run_after=2024-08-02T00:00:00+00:00
[2024-08-02T05:35:25.430+0000] {processor.py:176} INFO - Processing /home/airflow/.local/lib/python3.7/site-packages/airflow/example_dags/example_branch_datetime_operator.py took 0.129 seconds
[2024-08-02T05:35:55.482+0000] {processor.py:154} INFO - Started process (PID=1863) to work on /home/airflow/.local/lib/python3.7/site-packages/airflow/example_dags/example_branch_datetime_operator.py
[2024-08-02T05:35:55.483+0000] {processor.py:756} INFO - Processing file /home/airflow/.local/lib/python3.7/site-packages/airflow/example_dags/example_branch_datetime_operator.py for tasks to queue
[2024-08-02T05:35:55.484+0000] {logging_mixin.py:120} INFO - [2024-08-02T05:35:55.484+0000] {dagbag.py:537} INFO - Filling up the DagBag from /home/airflow/.local/lib/python3.7/site-packages/airflow/example_dags/example_branch_datetime_operator.py
[2024-08-02T05:35:55.501+0000] {processor.py:766} INFO - DAG(s) dict_keys(['example_branch_datetime_operator', 'example_branch_datetime_operator_2', 'example_branch_datetime_operator_3']) retrieved from /home/airflow/.local/lib/python3.7/site-packages/airflow/example_dags/example_branch_datetime_operator.py
[2024-08-02T05:35:55.549+0000] {logging_mixin.py:120} INFO - [2024-08-02T05:35:55.549+0000] {dag.py:2585} INFO - Sync 3 DAGs
[2024-08-02T05:35:55.577+0000] {logging_mixin.py:120} INFO - [2024-08-02T05:35:55.577+0000] {dag.py:3340} INFO - Setting next_dagrun for example_branch_datetime_operator to 2024-08-01T00:00:00+00:00, run_after=2024-08-02T00:00:00+00:00
[2024-08-02T05:35:55.581+0000] {logging_mixin.py:120} INFO - [2024-08-02T05:35:55.581+0000] {dag.py:3340} INFO - Setting next_dagrun for example_branch_datetime_operator_2 to 2024-08-01T00:00:00+00:00, run_after=2024-08-02T00:00:00+00:00
[2024-08-02T05:35:55.583+0000] {logging_mixin.py:120} INFO - [2024-08-02T05:35:55.583+0000] {dag.py:3340} INFO - Setting next_dagrun for example_branch_datetime_operator_3 to 2024-08-01T00:00:00+00:00, run_after=2024-08-02T00:00:00+00:00
[2024-08-02T05:35:55.604+0000] {processor.py:176} INFO - Processing /home/airflow/.local/lib/python3.7/site-packages/airflow/example_dags/example_branch_datetime_operator.py took 0.127 seconds
[2024-08-02T05:36:26.106+0000] {processor.py:154} INFO - Started process (PID=1926) to work on /home/airflow/.local/lib/python3.7/site-packages/airflow/example_dags/example_branch_datetime_operator.py
[2024-08-02T05:36:26.197+0000] {processor.py:756} INFO - Processing file /home/airflow/.local/lib/python3.7/site-packages/airflow/example_dags/example_branch_datetime_operator.py for tasks to queue
[2024-08-02T05:36:26.200+0000] {logging_mixin.py:120} INFO - [2024-08-02T05:36:26.199+0000] {dagbag.py:537} INFO - Filling up the DagBag from /home/airflow/.local/lib/python3.7/site-packages/airflow/example_dags/example_branch_datetime_operator.py
[2024-08-02T05:36:26.255+0000] {processor.py:766} INFO - DAG(s) dict_keys(['example_branch_datetime_operator_3', 'example_branch_datetime_operator', 'example_branch_datetime_operator_2']) retrieved from /home/airflow/.local/lib/python3.7/site-packages/airflow/example_dags/example_branch_datetime_operator.py
[2024-08-02T05:36:26.464+0000] {logging_mixin.py:120} INFO - [2024-08-02T05:36:26.463+0000] {dag.py:2585} INFO - Sync 3 DAGs
[2024-08-02T05:36:26.580+0000] {logging_mixin.py:120} INFO - [2024-08-02T05:36:26.580+0000] {dag.py:3340} INFO - Setting next_dagrun for example_branch_datetime_operator to 2024-08-01T00:00:00+00:00, run_after=2024-08-02T00:00:00+00:00
[2024-08-02T05:36:26.729+0000] {logging_mixin.py:120} INFO - [2024-08-02T05:36:26.728+0000] {dag.py:3340} INFO - Setting next_dagrun for example_branch_datetime_operator_2 to 2024-08-01T00:00:00+00:00, run_after=2024-08-02T00:00:00+00:00
[2024-08-02T05:36:26.784+0000] {logging_mixin.py:120} INFO - [2024-08-02T05:36:26.784+0000] {dag.py:3340} INFO - Setting next_dagrun for example_branch_datetime_operator_3 to 2024-08-01T00:00:00+00:00, run_after=2024-08-02T00:00:00+00:00
[2024-08-02T05:36:26.884+0000] {processor.py:176} INFO - Processing /home/airflow/.local/lib/python3.7/site-packages/airflow/example_dags/example_branch_datetime_operator.py took 0.782 seconds
[2024-08-02T05:36:57.027+0000] {processor.py:154} INFO - Started process (PID=1990) to work on /home/airflow/.local/lib/python3.7/site-packages/airflow/example_dags/example_branch_datetime_operator.py
[2024-08-02T05:36:57.029+0000] {processor.py:756} INFO - Processing file /home/airflow/.local/lib/python3.7/site-packages/airflow/example_dags/example_branch_datetime_operator.py for tasks to queue
[2024-08-02T05:36:57.030+0000] {logging_mixin.py:120} INFO - [2024-08-02T05:36:57.030+0000] {dagbag.py:537} INFO - Filling up the DagBag from /home/airflow/.local/lib/python3.7/site-packages/airflow/example_dags/example_branch_datetime_operator.py
[2024-08-02T05:36:57.063+0000] {processor.py:766} INFO - DAG(s) dict_keys(['example_branch_datetime_operator_2', 'example_branch_datetime_operator_3', 'example_branch_datetime_operator']) retrieved from /home/airflow/.local/lib/python3.7/site-packages/airflow/example_dags/example_branch_datetime_operator.py
[2024-08-02T05:36:57.134+0000] {logging_mixin.py:120} INFO - [2024-08-02T05:36:57.134+0000] {dag.py:2585} INFO - Sync 3 DAGs
[2024-08-02T05:36:57.172+0000] {logging_mixin.py:120} INFO - [2024-08-02T05:36:57.172+0000] {dag.py:3340} INFO - Setting next_dagrun for example_branch_datetime_operator to 2024-08-01T00:00:00+00:00, run_after=2024-08-02T00:00:00+00:00
[2024-08-02T05:36:57.178+0000] {logging_mixin.py:120} INFO - [2024-08-02T05:36:57.178+0000] {dag.py:3340} INFO - Setting next_dagrun for example_branch_datetime_operator_2 to 2024-08-01T00:00:00+00:00, run_after=2024-08-02T00:00:00+00:00
[2024-08-02T05:36:57.184+0000] {logging_mixin.py:120} INFO - [2024-08-02T05:36:57.184+0000] {dag.py:3340} INFO - Setting next_dagrun for example_branch_datetime_operator_3 to 2024-08-01T00:00:00+00:00, run_after=2024-08-02T00:00:00+00:00
[2024-08-02T05:36:57.215+0000] {processor.py:176} INFO - Processing /home/airflow/.local/lib/python3.7/site-packages/airflow/example_dags/example_branch_datetime_operator.py took 0.193 seconds
[2024-08-02T05:37:27.729+0000] {processor.py:154} INFO - Started process (PID=2045) to work on /home/airflow/.local/lib/python3.7/site-packages/airflow/example_dags/example_branch_datetime_operator.py
[2024-08-02T05:37:27.734+0000] {processor.py:756} INFO - Processing file /home/airflow/.local/lib/python3.7/site-packages/airflow/example_dags/example_branch_datetime_operator.py for tasks to queue
[2024-08-02T05:37:27.736+0000] {logging_mixin.py:120} INFO - [2024-08-02T05:37:27.736+0000] {dagbag.py:537} INFO - Filling up the DagBag from /home/airflow/.local/lib/python3.7/site-packages/airflow/example_dags/example_branch_datetime_operator.py
[2024-08-02T05:37:27.765+0000] {processor.py:766} INFO - DAG(s) dict_keys(['example_branch_datetime_operator_3', 'example_branch_datetime_operator_2', 'example_branch_datetime_operator']) retrieved from /home/airflow/.local/lib/python3.7/site-packages/airflow/example_dags/example_branch_datetime_operator.py
[2024-08-02T05:37:27.953+0000] {logging_mixin.py:120} INFO - [2024-08-02T05:37:27.953+0000] {dag.py:2585} INFO - Sync 3 DAGs
[2024-08-02T05:37:28.003+0000] {logging_mixin.py:120} INFO - [2024-08-02T05:37:28.003+0000] {dag.py:3340} INFO - Setting next_dagrun for example_branch_datetime_operator to 2024-08-01T00:00:00+00:00, run_after=2024-08-02T00:00:00+00:00
[2024-08-02T05:37:28.011+0000] {logging_mixin.py:120} INFO - [2024-08-02T05:37:28.011+0000] {dag.py:3340} INFO - Setting next_dagrun for example_branch_datetime_operator_2 to 2024-08-01T00:00:00+00:00, run_after=2024-08-02T00:00:00+00:00
[2024-08-02T05:37:28.017+0000] {logging_mixin.py:120} INFO - [2024-08-02T05:37:28.017+0000] {dag.py:3340} INFO - Setting next_dagrun for example_branch_datetime_operator_3 to 2024-08-01T00:00:00+00:00, run_after=2024-08-02T00:00:00+00:00
[2024-08-02T05:37:28.042+0000] {processor.py:176} INFO - Processing /home/airflow/.local/lib/python3.7/site-packages/airflow/example_dags/example_branch_datetime_operator.py took 0.316 seconds
[2024-08-02T05:37:58.651+0000] {processor.py:154} INFO - Started process (PID=2109) to work on /home/airflow/.local/lib/python3.7/site-packages/airflow/example_dags/example_branch_datetime_operator.py
[2024-08-02T05:37:58.654+0000] {processor.py:756} INFO - Processing file /home/airflow/.local/lib/python3.7/site-packages/airflow/example_dags/example_branch_datetime_operator.py for tasks to queue
[2024-08-02T05:37:58.656+0000] {logging_mixin.py:120} INFO - [2024-08-02T05:37:58.655+0000] {dagbag.py:537} INFO - Filling up the DagBag from /home/airflow/.local/lib/python3.7/site-packages/airflow/example_dags/example_branch_datetime_operator.py
[2024-08-02T05:37:58.679+0000] {processor.py:766} INFO - DAG(s) dict_keys(['example_branch_datetime_operator_3', 'example_branch_datetime_operator_2', 'example_branch_datetime_operator']) retrieved from /home/airflow/.local/lib/python3.7/site-packages/airflow/example_dags/example_branch_datetime_operator.py
[2024-08-02T05:37:58.747+0000] {logging_mixin.py:120} INFO - [2024-08-02T05:37:58.747+0000] {dag.py:2585} INFO - Sync 3 DAGs
[2024-08-02T05:37:58.784+0000] {logging_mixin.py:120} INFO - [2024-08-02T05:37:58.784+0000] {dag.py:3340} INFO - Setting next_dagrun for example_branch_datetime_operator to 2024-08-01T00:00:00+00:00, run_after=2024-08-02T00:00:00+00:00
[2024-08-02T05:37:58.794+0000] {logging_mixin.py:120} INFO - [2024-08-02T05:37:58.794+0000] {dag.py:3340} INFO - Setting next_dagrun for example_branch_datetime_operator_2 to 2024-08-01T00:00:00+00:00, run_after=2024-08-02T00:00:00+00:00
[2024-08-02T05:37:58.798+0000] {logging_mixin.py:120} INFO - [2024-08-02T05:37:58.798+0000] {dag.py:3340} INFO - Setting next_dagrun for example_branch_datetime_operator_3 to 2024-08-01T00:00:00+00:00, run_after=2024-08-02T00:00:00+00:00
[2024-08-02T05:37:58.827+0000] {processor.py:176} INFO - Processing /home/airflow/.local/lib/python3.7/site-packages/airflow/example_dags/example_branch_datetime_operator.py took 0.180 seconds
[2024-08-02T05:38:30.347+0000] {processor.py:154} INFO - Started process (PID=2164) to work on /home/airflow/.local/lib/python3.7/site-packages/airflow/example_dags/example_branch_datetime_operator.py
[2024-08-02T05:38:30.352+0000] {processor.py:756} INFO - Processing file /home/airflow/.local/lib/python3.7/site-packages/airflow/example_dags/example_branch_datetime_operator.py for tasks to queue
[2024-08-02T05:38:30.353+0000] {logging_mixin.py:120} INFO - [2024-08-02T05:38:30.353+0000] {dagbag.py:537} INFO - Filling up the DagBag from /home/airflow/.local/lib/python3.7/site-packages/airflow/example_dags/example_branch_datetime_operator.py
[2024-08-02T05:38:30.377+0000] {processor.py:766} INFO - DAG(s) dict_keys(['example_branch_datetime_operator_2', 'example_branch_datetime_operator_3', 'example_branch_datetime_operator']) retrieved from /home/airflow/.local/lib/python3.7/site-packages/airflow/example_dags/example_branch_datetime_operator.py
[2024-08-02T05:38:30.513+0000] {logging_mixin.py:120} INFO - [2024-08-02T05:38:30.513+0000] {dag.py:2585} INFO - Sync 3 DAGs
[2024-08-02T05:38:30.647+0000] {logging_mixin.py:120} INFO - [2024-08-02T05:38:30.647+0000] {dag.py:3340} INFO - Setting next_dagrun for example_branch_datetime_operator to 2024-08-01T00:00:00+00:00, run_after=2024-08-02T00:00:00+00:00
[2024-08-02T05:38:30.735+0000] {logging_mixin.py:120} INFO - [2024-08-02T05:38:30.735+0000] {dag.py:3340} INFO - Setting next_dagrun for example_branch_datetime_operator_2 to 2024-08-01T00:00:00+00:00, run_after=2024-08-02T00:00:00+00:00
[2024-08-02T05:38:30.749+0000] {logging_mixin.py:120} INFO - [2024-08-02T05:38:30.749+0000] {dag.py:3340} INFO - Setting next_dagrun for example_branch_datetime_operator_3 to 2024-08-01T00:00:00+00:00, run_after=2024-08-02T00:00:00+00:00
[2024-08-02T05:38:30.982+0000] {processor.py:176} INFO - Processing /home/airflow/.local/lib/python3.7/site-packages/airflow/example_dags/example_branch_datetime_operator.py took 0.641 seconds
[2024-08-02T05:39:01.108+0000] {processor.py:154} INFO - Started process (PID=2228) to work on /home/airflow/.local/lib/python3.7/site-packages/airflow/example_dags/example_branch_datetime_operator.py
[2024-08-02T05:39:01.117+0000] {processor.py:756} INFO - Processing file /home/airflow/.local/lib/python3.7/site-packages/airflow/example_dags/example_branch_datetime_operator.py for tasks to queue
[2024-08-02T05:39:01.238+0000] {logging_mixin.py:120} INFO - [2024-08-02T05:39:01.237+0000] {dagbag.py:537} INFO - Filling up the DagBag from /home/airflow/.local/lib/python3.7/site-packages/airflow/example_dags/example_branch_datetime_operator.py
[2024-08-02T05:39:01.331+0000] {processor.py:766} INFO - DAG(s) dict_keys(['example_branch_datetime_operator_3', 'example_branch_datetime_operator', 'example_branch_datetime_operator_2']) retrieved from /home/airflow/.local/lib/python3.7/site-packages/airflow/example_dags/example_branch_datetime_operator.py
[2024-08-02T05:39:01.452+0000] {logging_mixin.py:120} INFO - [2024-08-02T05:39:01.451+0000] {dag.py:2585} INFO - Sync 3 DAGs
[2024-08-02T05:39:01.498+0000] {logging_mixin.py:120} INFO - [2024-08-02T05:39:01.498+0000] {dag.py:3340} INFO - Setting next_dagrun for example_branch_datetime_operator to 2024-08-01T00:00:00+00:00, run_after=2024-08-02T00:00:00+00:00
[2024-08-02T05:39:01.510+0000] {logging_mixin.py:120} INFO - [2024-08-02T05:39:01.510+0000] {dag.py:3340} INFO - Setting next_dagrun for example_branch_datetime_operator_2 to 2024-08-01T00:00:00+00:00, run_after=2024-08-02T00:00:00+00:00
[2024-08-02T05:39:01.608+0000] {logging_mixin.py:120} INFO - [2024-08-02T05:39:01.608+0000] {dag.py:3340} INFO - Setting next_dagrun for example_branch_datetime_operator_3 to 2024-08-01T00:00:00+00:00, run_after=2024-08-02T00:00:00+00:00
[2024-08-02T05:39:01.651+0000] {processor.py:176} INFO - Processing /home/airflow/.local/lib/python3.7/site-packages/airflow/example_dags/example_branch_datetime_operator.py took 0.547 seconds
[2024-08-02T05:39:32.322+0000] {processor.py:154} INFO - Started process (PID=2283) to work on /home/airflow/.local/lib/python3.7/site-packages/airflow/example_dags/example_branch_datetime_operator.py
[2024-08-02T05:39:32.323+0000] {processor.py:756} INFO - Processing file /home/airflow/.local/lib/python3.7/site-packages/airflow/example_dags/example_branch_datetime_operator.py for tasks to queue
[2024-08-02T05:39:32.329+0000] {logging_mixin.py:120} INFO - [2024-08-02T05:39:32.329+0000] {dagbag.py:537} INFO - Filling up the DagBag from /home/airflow/.local/lib/python3.7/site-packages/airflow/example_dags/example_branch_datetime_operator.py
[2024-08-02T05:39:32.358+0000] {processor.py:766} INFO - DAG(s) dict_keys(['example_branch_datetime_operator_2', 'example_branch_datetime_operator', 'example_branch_datetime_operator_3']) retrieved from /home/airflow/.local/lib/python3.7/site-packages/airflow/example_dags/example_branch_datetime_operator.py
[2024-08-02T05:39:32.414+0000] {logging_mixin.py:120} INFO - [2024-08-02T05:39:32.414+0000] {dag.py:2585} INFO - Sync 3 DAGs
[2024-08-02T05:39:32.453+0000] {logging_mixin.py:120} INFO - [2024-08-02T05:39:32.453+0000] {dag.py:3340} INFO - Setting next_dagrun for example_branch_datetime_operator to 2024-08-01T00:00:00+00:00, run_after=2024-08-02T00:00:00+00:00
[2024-08-02T05:39:32.460+0000] {logging_mixin.py:120} INFO - [2024-08-02T05:39:32.460+0000] {dag.py:3340} INFO - Setting next_dagrun for example_branch_datetime_operator_2 to 2024-08-01T00:00:00+00:00, run_after=2024-08-02T00:00:00+00:00
[2024-08-02T05:39:32.462+0000] {logging_mixin.py:120} INFO - [2024-08-02T05:39:32.462+0000] {dag.py:3340} INFO - Setting next_dagrun for example_branch_datetime_operator_3 to 2024-08-01T00:00:00+00:00, run_after=2024-08-02T00:00:00+00:00
[2024-08-02T05:39:32.486+0000] {processor.py:176} INFO - Processing /home/airflow/.local/lib/python3.7/site-packages/airflow/example_dags/example_branch_datetime_operator.py took 0.168 seconds
[2024-08-02T05:40:03.071+0000] {processor.py:154} INFO - Started process (PID=2347) to work on /home/airflow/.local/lib/python3.7/site-packages/airflow/example_dags/example_branch_datetime_operator.py
[2024-08-02T05:40:03.250+0000] {processor.py:756} INFO - Processing file /home/airflow/.local/lib/python3.7/site-packages/airflow/example_dags/example_branch_datetime_operator.py for tasks to queue
[2024-08-02T05:40:03.252+0000] {logging_mixin.py:120} INFO - [2024-08-02T05:40:03.252+0000] {dagbag.py:537} INFO - Filling up the DagBag from /home/airflow/.local/lib/python3.7/site-packages/airflow/example_dags/example_branch_datetime_operator.py
[2024-08-02T05:40:03.282+0000] {processor.py:766} INFO - DAG(s) dict_keys(['example_branch_datetime_operator_2', 'example_branch_datetime_operator_3', 'example_branch_datetime_operator']) retrieved from /home/airflow/.local/lib/python3.7/site-packages/airflow/example_dags/example_branch_datetime_operator.py
[2024-08-02T05:40:03.437+0000] {logging_mixin.py:120} INFO - [2024-08-02T05:40:03.437+0000] {dag.py:2585} INFO - Sync 3 DAGs
[2024-08-02T05:40:03.553+0000] {logging_mixin.py:120} INFO - [2024-08-02T05:40:03.552+0000] {dag.py:3340} INFO - Setting next_dagrun for example_branch_datetime_operator to 2024-08-01T00:00:00+00:00, run_after=2024-08-02T00:00:00+00:00
[2024-08-02T05:40:03.564+0000] {logging_mixin.py:120} INFO - [2024-08-02T05:40:03.564+0000] {dag.py:3340} INFO - Setting next_dagrun for example_branch_datetime_operator_2 to 2024-08-01T00:00:00+00:00, run_after=2024-08-02T00:00:00+00:00
[2024-08-02T05:40:03.653+0000] {logging_mixin.py:120} INFO - [2024-08-02T05:40:03.653+0000] {dag.py:3340} INFO - Setting next_dagrun for example_branch_datetime_operator_3 to 2024-08-01T00:00:00+00:00, run_after=2024-08-02T00:00:00+00:00
[2024-08-02T05:40:03.678+0000] {processor.py:176} INFO - Processing /home/airflow/.local/lib/python3.7/site-packages/airflow/example_dags/example_branch_datetime_operator.py took 0.611 seconds
[2024-08-02T05:40:34.842+0000] {processor.py:154} INFO - Started process (PID=2402) to work on /home/airflow/.local/lib/python3.7/site-packages/airflow/example_dags/example_branch_datetime_operator.py
[2024-08-02T05:40:34.843+0000] {processor.py:756} INFO - Processing file /home/airflow/.local/lib/python3.7/site-packages/airflow/example_dags/example_branch_datetime_operator.py for tasks to queue
[2024-08-02T05:40:34.845+0000] {logging_mixin.py:120} INFO - [2024-08-02T05:40:34.844+0000] {dagbag.py:537} INFO - Filling up the DagBag from /home/airflow/.local/lib/python3.7/site-packages/airflow/example_dags/example_branch_datetime_operator.py
[2024-08-02T05:40:34.875+0000] {processor.py:766} INFO - DAG(s) dict_keys(['example_branch_datetime_operator_3', 'example_branch_datetime_operator', 'example_branch_datetime_operator_2']) retrieved from /home/airflow/.local/lib/python3.7/site-packages/airflow/example_dags/example_branch_datetime_operator.py
[2024-08-02T05:40:35.069+0000] {logging_mixin.py:120} INFO - [2024-08-02T05:40:35.068+0000] {dag.py:2585} INFO - Sync 3 DAGs
[2024-08-02T05:40:35.221+0000] {logging_mixin.py:120} INFO - [2024-08-02T05:40:35.221+0000] {dag.py:3340} INFO - Setting next_dagrun for example_branch_datetime_operator to 2024-08-01T00:00:00+00:00, run_after=2024-08-02T00:00:00+00:00
[2024-08-02T05:40:35.331+0000] {logging_mixin.py:120} INFO - [2024-08-02T05:40:35.330+0000] {dag.py:3340} INFO - Setting next_dagrun for example_branch_datetime_operator_2 to 2024-08-01T00:00:00+00:00, run_after=2024-08-02T00:00:00+00:00
[2024-08-02T05:40:35.344+0000] {logging_mixin.py:120} INFO - [2024-08-02T05:40:35.344+0000] {dag.py:3340} INFO - Setting next_dagrun for example_branch_datetime_operator_3 to 2024-08-01T00:00:00+00:00, run_after=2024-08-02T00:00:00+00:00
[2024-08-02T05:40:35.376+0000] {processor.py:176} INFO - Processing /home/airflow/.local/lib/python3.7/site-packages/airflow/example_dags/example_branch_datetime_operator.py took 0.538 seconds
[2024-08-02T05:41:05.521+0000] {processor.py:154} INFO - Started process (PID=2466) to work on /home/airflow/.local/lib/python3.7/site-packages/airflow/example_dags/example_branch_datetime_operator.py
[2024-08-02T05:41:05.557+0000] {processor.py:756} INFO - Processing file /home/airflow/.local/lib/python3.7/site-packages/airflow/example_dags/example_branch_datetime_operator.py for tasks to queue
[2024-08-02T05:41:05.638+0000] {logging_mixin.py:120} INFO - [2024-08-02T05:41:05.638+0000] {dagbag.py:537} INFO - Filling up the DagBag from /home/airflow/.local/lib/python3.7/site-packages/airflow/example_dags/example_branch_datetime_operator.py
[2024-08-02T05:41:05.662+0000] {processor.py:766} INFO - DAG(s) dict_keys(['example_branch_datetime_operator', 'example_branch_datetime_operator_3', 'example_branch_datetime_operator_2']) retrieved from /home/airflow/.local/lib/python3.7/site-packages/airflow/example_dags/example_branch_datetime_operator.py
[2024-08-02T05:41:05.808+0000] {logging_mixin.py:120} INFO - [2024-08-02T05:41:05.808+0000] {dag.py:2585} INFO - Sync 3 DAGs
[2024-08-02T05:41:05.907+0000] {logging_mixin.py:120} INFO - [2024-08-02T05:41:05.906+0000] {dag.py:3340} INFO - Setting next_dagrun for example_branch_datetime_operator to 2024-08-01T00:00:00+00:00, run_after=2024-08-02T00:00:00+00:00
[2024-08-02T05:41:05.991+0000] {logging_mixin.py:120} INFO - [2024-08-02T05:41:05.990+0000] {dag.py:3340} INFO - Setting next_dagrun for example_branch_datetime_operator_2 to 2024-08-01T00:00:00+00:00, run_after=2024-08-02T00:00:00+00:00
[2024-08-02T05:41:06.019+0000] {logging_mixin.py:120} INFO - [2024-08-02T05:41:06.018+0000] {dag.py:3340} INFO - Setting next_dagrun for example_branch_datetime_operator_3 to 2024-08-01T00:00:00+00:00, run_after=2024-08-02T00:00:00+00:00
[2024-08-02T05:41:06.060+0000] {processor.py:176} INFO - Processing /home/airflow/.local/lib/python3.7/site-packages/airflow/example_dags/example_branch_datetime_operator.py took 0.547 seconds
[2024-08-02T05:41:38.204+0000] {processor.py:154} INFO - Started process (PID=2530) to work on /home/airflow/.local/lib/python3.7/site-packages/airflow/example_dags/example_branch_datetime_operator.py
[2024-08-02T05:41:38.317+0000] {processor.py:756} INFO - Processing file /home/airflow/.local/lib/python3.7/site-packages/airflow/example_dags/example_branch_datetime_operator.py for tasks to queue
[2024-08-02T05:41:38.341+0000] {logging_mixin.py:120} INFO - [2024-08-02T05:41:38.340+0000] {dagbag.py:537} INFO - Filling up the DagBag from /home/airflow/.local/lib/python3.7/site-packages/airflow/example_dags/example_branch_datetime_operator.py
[2024-08-02T05:41:38.377+0000] {processor.py:766} INFO - DAG(s) dict_keys(['example_branch_datetime_operator', 'example_branch_datetime_operator_3', 'example_branch_datetime_operator_2']) retrieved from /home/airflow/.local/lib/python3.7/site-packages/airflow/example_dags/example_branch_datetime_operator.py
[2024-08-02T05:41:38.562+0000] {logging_mixin.py:120} INFO - [2024-08-02T05:41:38.561+0000] {dag.py:2585} INFO - Sync 3 DAGs
[2024-08-02T05:41:38.851+0000] {logging_mixin.py:120} INFO - [2024-08-02T05:41:38.851+0000] {dag.py:3340} INFO - Setting next_dagrun for example_branch_datetime_operator to 2024-08-01T00:00:00+00:00, run_after=2024-08-02T00:00:00+00:00
[2024-08-02T05:41:38.981+0000] {logging_mixin.py:120} INFO - [2024-08-02T05:41:38.981+0000] {dag.py:3340} INFO - Setting next_dagrun for example_branch_datetime_operator_2 to 2024-08-01T00:00:00+00:00, run_after=2024-08-02T00:00:00+00:00
[2024-08-02T05:41:39.129+0000] {logging_mixin.py:120} INFO - [2024-08-02T05:41:39.129+0000] {dag.py:3340} INFO - Setting next_dagrun for example_branch_datetime_operator_3 to 2024-08-01T00:00:00+00:00, run_after=2024-08-02T00:00:00+00:00
[2024-08-02T05:41:39.268+0000] {processor.py:176} INFO - Processing /home/airflow/.local/lib/python3.7/site-packages/airflow/example_dags/example_branch_datetime_operator.py took 1.068 seconds
[2024-08-02T05:42:09.834+0000] {processor.py:154} INFO - Started process (PID=2586) to work on /home/airflow/.local/lib/python3.7/site-packages/airflow/example_dags/example_branch_datetime_operator.py
[2024-08-02T05:42:09.839+0000] {processor.py:756} INFO - Processing file /home/airflow/.local/lib/python3.7/site-packages/airflow/example_dags/example_branch_datetime_operator.py for tasks to queue
[2024-08-02T05:42:09.841+0000] {logging_mixin.py:120} INFO - [2024-08-02T05:42:09.841+0000] {dagbag.py:537} INFO - Filling up the DagBag from /home/airflow/.local/lib/python3.7/site-packages/airflow/example_dags/example_branch_datetime_operator.py
[2024-08-02T05:42:09.882+0000] {processor.py:766} INFO - DAG(s) dict_keys(['example_branch_datetime_operator_3', 'example_branch_datetime_operator_2', 'example_branch_datetime_operator']) retrieved from /home/airflow/.local/lib/python3.7/site-packages/airflow/example_dags/example_branch_datetime_operator.py
[2024-08-02T05:42:10.036+0000] {logging_mixin.py:120} INFO - [2024-08-02T05:42:10.036+0000] {dag.py:2585} INFO - Sync 3 DAGs
[2024-08-02T05:42:10.194+0000] {logging_mixin.py:120} INFO - [2024-08-02T05:42:10.194+0000] {dag.py:3340} INFO - Setting next_dagrun for example_branch_datetime_operator to 2024-08-01T00:00:00+00:00, run_after=2024-08-02T00:00:00+00:00
[2024-08-02T05:42:10.206+0000] {logging_mixin.py:120} INFO - [2024-08-02T05:42:10.206+0000] {dag.py:3340} INFO - Setting next_dagrun for example_branch_datetime_operator_2 to 2024-08-01T00:00:00+00:00, run_after=2024-08-02T00:00:00+00:00
[2024-08-02T05:42:10.261+0000] {logging_mixin.py:120} INFO - [2024-08-02T05:42:10.261+0000] {dag.py:3340} INFO - Setting next_dagrun for example_branch_datetime_operator_3 to 2024-08-01T00:00:00+00:00, run_after=2024-08-02T00:00:00+00:00
[2024-08-02T05:42:10.357+0000] {processor.py:176} INFO - Processing /home/airflow/.local/lib/python3.7/site-packages/airflow/example_dags/example_branch_datetime_operator.py took 0.526 seconds
[2024-08-02T05:42:41.045+0000] {processor.py:154} INFO - Started process (PID=2650) to work on /home/airflow/.local/lib/python3.7/site-packages/airflow/example_dags/example_branch_datetime_operator.py
[2024-08-02T05:42:41.050+0000] {processor.py:756} INFO - Processing file /home/airflow/.local/lib/python3.7/site-packages/airflow/example_dags/example_branch_datetime_operator.py for tasks to queue
[2024-08-02T05:42:41.051+0000] {logging_mixin.py:120} INFO - [2024-08-02T05:42:41.051+0000] {dagbag.py:537} INFO - Filling up the DagBag from /home/airflow/.local/lib/python3.7/site-packages/airflow/example_dags/example_branch_datetime_operator.py
[2024-08-02T05:42:41.090+0000] {processor.py:766} INFO - DAG(s) dict_keys(['example_branch_datetime_operator', 'example_branch_datetime_operator_2', 'example_branch_datetime_operator_3']) retrieved from /home/airflow/.local/lib/python3.7/site-packages/airflow/example_dags/example_branch_datetime_operator.py
[2024-08-02T05:42:41.246+0000] {logging_mixin.py:120} INFO - [2024-08-02T05:42:41.246+0000] {dag.py:2585} INFO - Sync 3 DAGs
[2024-08-02T05:42:41.345+0000] {logging_mixin.py:120} INFO - [2024-08-02T05:42:41.345+0000] {dag.py:3340} INFO - Setting next_dagrun for example_branch_datetime_operator to 2024-08-01T00:00:00+00:00, run_after=2024-08-02T00:00:00+00:00
[2024-08-02T05:42:41.426+0000] {logging_mixin.py:120} INFO - [2024-08-02T05:42:41.426+0000] {dag.py:3340} INFO - Setting next_dagrun for example_branch_datetime_operator_2 to 2024-08-01T00:00:00+00:00, run_after=2024-08-02T00:00:00+00:00
[2024-08-02T05:42:41.439+0000] {logging_mixin.py:120} INFO - [2024-08-02T05:42:41.439+0000] {dag.py:3340} INFO - Setting next_dagrun for example_branch_datetime_operator_3 to 2024-08-01T00:00:00+00:00, run_after=2024-08-02T00:00:00+00:00
[2024-08-02T05:42:41.463+0000] {processor.py:176} INFO - Processing /home/airflow/.local/lib/python3.7/site-packages/airflow/example_dags/example_branch_datetime_operator.py took 0.422 seconds
[2024-08-02T05:43:12.274+0000] {processor.py:154} INFO - Started process (PID=2714) to work on /home/airflow/.local/lib/python3.7/site-packages/airflow/example_dags/example_branch_datetime_operator.py
[2024-08-02T05:43:12.303+0000] {processor.py:756} INFO - Processing file /home/airflow/.local/lib/python3.7/site-packages/airflow/example_dags/example_branch_datetime_operator.py for tasks to queue
[2024-08-02T05:43:12.313+0000] {logging_mixin.py:120} INFO - [2024-08-02T05:43:12.313+0000] {dagbag.py:537} INFO - Filling up the DagBag from /home/airflow/.local/lib/python3.7/site-packages/airflow/example_dags/example_branch_datetime_operator.py
[2024-08-02T05:43:12.344+0000] {processor.py:766} INFO - DAG(s) dict_keys(['example_branch_datetime_operator_2', 'example_branch_datetime_operator_3', 'example_branch_datetime_operator']) retrieved from /home/airflow/.local/lib/python3.7/site-packages/airflow/example_dags/example_branch_datetime_operator.py
[2024-08-02T05:43:12.405+0000] {logging_mixin.py:120} INFO - [2024-08-02T05:43:12.405+0000] {dag.py:2585} INFO - Sync 3 DAGs
[2024-08-02T05:43:12.472+0000] {logging_mixin.py:120} INFO - [2024-08-02T05:43:12.471+0000] {dag.py:3340} INFO - Setting next_dagrun for example_branch_datetime_operator to 2024-08-01T00:00:00+00:00, run_after=2024-08-02T00:00:00+00:00
[2024-08-02T05:43:12.488+0000] {logging_mixin.py:120} INFO - [2024-08-02T05:43:12.488+0000] {dag.py:3340} INFO - Setting next_dagrun for example_branch_datetime_operator_2 to 2024-08-01T00:00:00+00:00, run_after=2024-08-02T00:00:00+00:00
[2024-08-02T05:43:12.578+0000] {logging_mixin.py:120} INFO - [2024-08-02T05:43:12.578+0000] {dag.py:3340} INFO - Setting next_dagrun for example_branch_datetime_operator_3 to 2024-08-01T00:00:00+00:00, run_after=2024-08-02T00:00:00+00:00
[2024-08-02T05:43:12.726+0000] {processor.py:176} INFO - Processing /home/airflow/.local/lib/python3.7/site-packages/airflow/example_dags/example_branch_datetime_operator.py took 0.456 seconds
[2024-08-02T05:43:43.573+0000] {processor.py:154} INFO - Started process (PID=2771) to work on /home/airflow/.local/lib/python3.7/site-packages/airflow/example_dags/example_branch_datetime_operator.py
[2024-08-02T05:43:43.607+0000] {processor.py:756} INFO - Processing file /home/airflow/.local/lib/python3.7/site-packages/airflow/example_dags/example_branch_datetime_operator.py for tasks to queue
[2024-08-02T05:43:43.649+0000] {logging_mixin.py:120} INFO - [2024-08-02T05:43:43.649+0000] {dagbag.py:537} INFO - Filling up the DagBag from /home/airflow/.local/lib/python3.7/site-packages/airflow/example_dags/example_branch_datetime_operator.py
[2024-08-02T05:43:43.769+0000] {processor.py:766} INFO - DAG(s) dict_keys(['example_branch_datetime_operator_3', 'example_branch_datetime_operator_2', 'example_branch_datetime_operator']) retrieved from /home/airflow/.local/lib/python3.7/site-packages/airflow/example_dags/example_branch_datetime_operator.py
[2024-08-02T05:43:43.847+0000] {logging_mixin.py:120} INFO - [2024-08-02T05:43:43.847+0000] {dag.py:2585} INFO - Sync 3 DAGs
[2024-08-02T05:43:43.936+0000] {logging_mixin.py:120} INFO - [2024-08-02T05:43:43.936+0000] {dag.py:3340} INFO - Setting next_dagrun for example_branch_datetime_operator to 2024-08-01T00:00:00+00:00, run_after=2024-08-02T00:00:00+00:00
[2024-08-02T05:43:44.055+0000] {logging_mixin.py:120} INFO - [2024-08-02T05:43:44.054+0000] {dag.py:3340} INFO - Setting next_dagrun for example_branch_datetime_operator_2 to 2024-08-01T00:00:00+00:00, run_after=2024-08-02T00:00:00+00:00
[2024-08-02T05:43:44.067+0000] {logging_mixin.py:120} INFO - [2024-08-02T05:43:44.066+0000] {dag.py:3340} INFO - Setting next_dagrun for example_branch_datetime_operator_3 to 2024-08-01T00:00:00+00:00, run_after=2024-08-02T00:00:00+00:00
[2024-08-02T05:43:44.102+0000] {processor.py:176} INFO - Processing /home/airflow/.local/lib/python3.7/site-packages/airflow/example_dags/example_branch_datetime_operator.py took 0.533 seconds
[2024-08-02T05:44:14.748+0000] {processor.py:154} INFO - Started process (PID=2835) to work on /home/airflow/.local/lib/python3.7/site-packages/airflow/example_dags/example_branch_datetime_operator.py
[2024-08-02T05:44:14.752+0000] {processor.py:756} INFO - Processing file /home/airflow/.local/lib/python3.7/site-packages/airflow/example_dags/example_branch_datetime_operator.py for tasks to queue
[2024-08-02T05:44:14.798+0000] {logging_mixin.py:120} INFO - [2024-08-02T05:44:14.797+0000] {dagbag.py:537} INFO - Filling up the DagBag from /home/airflow/.local/lib/python3.7/site-packages/airflow/example_dags/example_branch_datetime_operator.py
[2024-08-02T05:44:14.857+0000] {processor.py:766} INFO - DAG(s) dict_keys(['example_branch_datetime_operator_2', 'example_branch_datetime_operator', 'example_branch_datetime_operator_3']) retrieved from /home/airflow/.local/lib/python3.7/site-packages/airflow/example_dags/example_branch_datetime_operator.py
[2024-08-02T05:44:15.003+0000] {logging_mixin.py:120} INFO - [2024-08-02T05:44:15.003+0000] {dag.py:2585} INFO - Sync 3 DAGs
[2024-08-02T05:44:15.056+0000] {logging_mixin.py:120} INFO - [2024-08-02T05:44:15.056+0000] {dag.py:3340} INFO - Setting next_dagrun for example_branch_datetime_operator to 2024-08-01T00:00:00+00:00, run_after=2024-08-02T00:00:00+00:00
[2024-08-02T05:44:15.071+0000] {logging_mixin.py:120} INFO - [2024-08-02T05:44:15.070+0000] {dag.py:3340} INFO - Setting next_dagrun for example_branch_datetime_operator_2 to 2024-08-01T00:00:00+00:00, run_after=2024-08-02T00:00:00+00:00
[2024-08-02T05:44:15.084+0000] {logging_mixin.py:120} INFO - [2024-08-02T05:44:15.084+0000] {dag.py:3340} INFO - Setting next_dagrun for example_branch_datetime_operator_3 to 2024-08-01T00:00:00+00:00, run_after=2024-08-02T00:00:00+00:00
[2024-08-02T05:44:15.232+0000] {processor.py:176} INFO - Processing /home/airflow/.local/lib/python3.7/site-packages/airflow/example_dags/example_branch_datetime_operator.py took 0.488 seconds
[2024-08-02T05:44:46.455+0000] {processor.py:154} INFO - Started process (PID=2895) to work on /home/airflow/.local/lib/python3.7/site-packages/airflow/example_dags/example_branch_datetime_operator.py
[2024-08-02T05:44:46.524+0000] {processor.py:756} INFO - Processing file /home/airflow/.local/lib/python3.7/site-packages/airflow/example_dags/example_branch_datetime_operator.py for tasks to queue
[2024-08-02T05:44:46.530+0000] {logging_mixin.py:120} INFO - [2024-08-02T05:44:46.530+0000] {dagbag.py:537} INFO - Filling up the DagBag from /home/airflow/.local/lib/python3.7/site-packages/airflow/example_dags/example_branch_datetime_operator.py
[2024-08-02T05:44:46.585+0000] {processor.py:766} INFO - DAG(s) dict_keys(['example_branch_datetime_operator_3', 'example_branch_datetime_operator_2', 'example_branch_datetime_operator']) retrieved from /home/airflow/.local/lib/python3.7/site-packages/airflow/example_dags/example_branch_datetime_operator.py
[2024-08-02T05:44:46.783+0000] {logging_mixin.py:120} INFO - [2024-08-02T05:44:46.783+0000] {dag.py:2585} INFO - Sync 3 DAGs
[2024-08-02T05:44:46.843+0000] {logging_mixin.py:120} INFO - [2024-08-02T05:44:46.843+0000] {dag.py:3340} INFO - Setting next_dagrun for example_branch_datetime_operator to 2024-08-01T00:00:00+00:00, run_after=2024-08-02T00:00:00+00:00
[2024-08-02T05:44:46.883+0000] {logging_mixin.py:120} INFO - [2024-08-02T05:44:46.883+0000] {dag.py:3340} INFO - Setting next_dagrun for example_branch_datetime_operator_2 to 2024-08-01T00:00:00+00:00, run_after=2024-08-02T00:00:00+00:00
[2024-08-02T05:44:46.896+0000] {logging_mixin.py:120} INFO - [2024-08-02T05:44:46.896+0000] {dag.py:3340} INFO - Setting next_dagrun for example_branch_datetime_operator_3 to 2024-08-01T00:00:00+00:00, run_after=2024-08-02T00:00:00+00:00
[2024-08-02T05:44:47.041+0000] {processor.py:176} INFO - Processing /home/airflow/.local/lib/python3.7/site-packages/airflow/example_dags/example_branch_datetime_operator.py took 0.591 seconds
[2024-08-02T05:45:17.907+0000] {processor.py:154} INFO - Started process (PID=2952) to work on /home/airflow/.local/lib/python3.7/site-packages/airflow/example_dags/example_branch_datetime_operator.py
[2024-08-02T05:45:17.911+0000] {processor.py:756} INFO - Processing file /home/airflow/.local/lib/python3.7/site-packages/airflow/example_dags/example_branch_datetime_operator.py for tasks to queue
[2024-08-02T05:45:17.919+0000] {logging_mixin.py:120} INFO - [2024-08-02T05:45:17.918+0000] {dagbag.py:537} INFO - Filling up the DagBag from /home/airflow/.local/lib/python3.7/site-packages/airflow/example_dags/example_branch_datetime_operator.py
[2024-08-02T05:45:17.961+0000] {processor.py:766} INFO - DAG(s) dict_keys(['example_branch_datetime_operator', 'example_branch_datetime_operator_3', 'example_branch_datetime_operator_2']) retrieved from /home/airflow/.local/lib/python3.7/site-packages/airflow/example_dags/example_branch_datetime_operator.py
[2024-08-02T05:45:18.146+0000] {logging_mixin.py:120} INFO - [2024-08-02T05:45:18.146+0000] {dag.py:2585} INFO - Sync 3 DAGs
[2024-08-02T05:45:18.295+0000] {logging_mixin.py:120} INFO - [2024-08-02T05:45:18.295+0000] {dag.py:3340} INFO - Setting next_dagrun for example_branch_datetime_operator to 2024-08-01T00:00:00+00:00, run_after=2024-08-02T00:00:00+00:00
[2024-08-02T05:45:18.408+0000] {logging_mixin.py:120} INFO - [2024-08-02T05:45:18.408+0000] {dag.py:3340} INFO - Setting next_dagrun for example_branch_datetime_operator_2 to 2024-08-01T00:00:00+00:00, run_after=2024-08-02T00:00:00+00:00
[2024-08-02T05:45:18.424+0000] {logging_mixin.py:120} INFO - [2024-08-02T05:45:18.424+0000] {dag.py:3340} INFO - Setting next_dagrun for example_branch_datetime_operator_3 to 2024-08-01T00:00:00+00:00, run_after=2024-08-02T00:00:00+00:00
[2024-08-02T05:45:18.454+0000] {processor.py:176} INFO - Processing /home/airflow/.local/lib/python3.7/site-packages/airflow/example_dags/example_branch_datetime_operator.py took 0.552 seconds
[2024-08-02T05:45:49.260+0000] {processor.py:154} INFO - Started process (PID=3016) to work on /home/airflow/.local/lib/python3.7/site-packages/airflow/example_dags/example_branch_datetime_operator.py
[2024-08-02T05:45:49.265+0000] {processor.py:756} INFO - Processing file /home/airflow/.local/lib/python3.7/site-packages/airflow/example_dags/example_branch_datetime_operator.py for tasks to queue
[2024-08-02T05:45:49.268+0000] {logging_mixin.py:120} INFO - [2024-08-02T05:45:49.268+0000] {dagbag.py:537} INFO - Filling up the DagBag from /home/airflow/.local/lib/python3.7/site-packages/airflow/example_dags/example_branch_datetime_operator.py
[2024-08-02T05:45:49.290+0000] {processor.py:766} INFO - DAG(s) dict_keys(['example_branch_datetime_operator_3', 'example_branch_datetime_operator_2', 'example_branch_datetime_operator']) retrieved from /home/airflow/.local/lib/python3.7/site-packages/airflow/example_dags/example_branch_datetime_operator.py
[2024-08-02T05:45:49.450+0000] {logging_mixin.py:120} INFO - [2024-08-02T05:45:49.449+0000] {dag.py:2585} INFO - Sync 3 DAGs
[2024-08-02T05:45:49.541+0000] {logging_mixin.py:120} INFO - [2024-08-02T05:45:49.541+0000] {dag.py:3340} INFO - Setting next_dagrun for example_branch_datetime_operator to 2024-08-01T00:00:00+00:00, run_after=2024-08-02T00:00:00+00:00
[2024-08-02T05:45:49.636+0000] {logging_mixin.py:120} INFO - [2024-08-02T05:45:49.635+0000] {dag.py:3340} INFO - Setting next_dagrun for example_branch_datetime_operator_2 to 2024-08-01T00:00:00+00:00, run_after=2024-08-02T00:00:00+00:00
[2024-08-02T05:45:49.681+0000] {logging_mixin.py:120} INFO - [2024-08-02T05:45:49.681+0000] {dag.py:3340} INFO - Setting next_dagrun for example_branch_datetime_operator_3 to 2024-08-01T00:00:00+00:00, run_after=2024-08-02T00:00:00+00:00
[2024-08-02T05:45:49.717+0000] {processor.py:176} INFO - Processing /home/airflow/.local/lib/python3.7/site-packages/airflow/example_dags/example_branch_datetime_operator.py took 0.460 seconds
[2024-08-02T05:46:20.034+0000] {processor.py:154} INFO - Started process (PID=3071) to work on /home/airflow/.local/lib/python3.7/site-packages/airflow/example_dags/example_branch_datetime_operator.py
[2024-08-02T05:46:20.040+0000] {processor.py:756} INFO - Processing file /home/airflow/.local/lib/python3.7/site-packages/airflow/example_dags/example_branch_datetime_operator.py for tasks to queue
[2024-08-02T05:46:20.044+0000] {logging_mixin.py:120} INFO - [2024-08-02T05:46:20.043+0000] {dagbag.py:537} INFO - Filling up the DagBag from /home/airflow/.local/lib/python3.7/site-packages/airflow/example_dags/example_branch_datetime_operator.py
[2024-08-02T05:46:20.065+0000] {processor.py:766} INFO - DAG(s) dict_keys(['example_branch_datetime_operator_3', 'example_branch_datetime_operator', 'example_branch_datetime_operator_2']) retrieved from /home/airflow/.local/lib/python3.7/site-packages/airflow/example_dags/example_branch_datetime_operator.py
[2024-08-02T05:46:20.176+0000] {logging_mixin.py:120} INFO - [2024-08-02T05:46:20.176+0000] {dag.py:2585} INFO - Sync 3 DAGs
[2024-08-02T05:46:20.246+0000] {logging_mixin.py:120} INFO - [2024-08-02T05:46:20.246+0000] {dag.py:3340} INFO - Setting next_dagrun for example_branch_datetime_operator to 2024-08-01T00:00:00+00:00, run_after=2024-08-02T00:00:00+00:00
[2024-08-02T05:46:20.318+0000] {logging_mixin.py:120} INFO - [2024-08-02T05:46:20.318+0000] {dag.py:3340} INFO - Setting next_dagrun for example_branch_datetime_operator_2 to 2024-08-01T00:00:00+00:00, run_after=2024-08-02T00:00:00+00:00
[2024-08-02T05:46:20.322+0000] {logging_mixin.py:120} INFO - [2024-08-02T05:46:20.322+0000] {dag.py:3340} INFO - Setting next_dagrun for example_branch_datetime_operator_3 to 2024-08-01T00:00:00+00:00, run_after=2024-08-02T00:00:00+00:00
[2024-08-02T05:46:20.373+0000] {processor.py:176} INFO - Processing /home/airflow/.local/lib/python3.7/site-packages/airflow/example_dags/example_branch_datetime_operator.py took 0.343 seconds
[2024-08-02T05:46:51.394+0000] {processor.py:154} INFO - Started process (PID=3135) to work on /home/airflow/.local/lib/python3.7/site-packages/airflow/example_dags/example_branch_datetime_operator.py
[2024-08-02T05:46:51.468+0000] {processor.py:756} INFO - Processing file /home/airflow/.local/lib/python3.7/site-packages/airflow/example_dags/example_branch_datetime_operator.py for tasks to queue
[2024-08-02T05:46:51.473+0000] {logging_mixin.py:120} INFO - [2024-08-02T05:46:51.473+0000] {dagbag.py:537} INFO - Filling up the DagBag from /home/airflow/.local/lib/python3.7/site-packages/airflow/example_dags/example_branch_datetime_operator.py
[2024-08-02T05:46:51.508+0000] {processor.py:766} INFO - DAG(s) dict_keys(['example_branch_datetime_operator_3', 'example_branch_datetime_operator', 'example_branch_datetime_operator_2']) retrieved from /home/airflow/.local/lib/python3.7/site-packages/airflow/example_dags/example_branch_datetime_operator.py
[2024-08-02T05:46:51.694+0000] {logging_mixin.py:120} INFO - [2024-08-02T05:46:51.694+0000] {dag.py:2585} INFO - Sync 3 DAGs
[2024-08-02T05:46:51.842+0000] {logging_mixin.py:120} INFO - [2024-08-02T05:46:51.842+0000] {dag.py:3340} INFO - Setting next_dagrun for example_branch_datetime_operator to 2024-08-01T00:00:00+00:00, run_after=2024-08-02T00:00:00+00:00
[2024-08-02T05:46:51.857+0000] {logging_mixin.py:120} INFO - [2024-08-02T05:46:51.857+0000] {dag.py:3340} INFO - Setting next_dagrun for example_branch_datetime_operator_2 to 2024-08-01T00:00:00+00:00, run_after=2024-08-02T00:00:00+00:00
[2024-08-02T05:46:51.947+0000] {logging_mixin.py:120} INFO - [2024-08-02T05:46:51.946+0000] {dag.py:3340} INFO - Setting next_dagrun for example_branch_datetime_operator_3 to 2024-08-01T00:00:00+00:00, run_after=2024-08-02T00:00:00+00:00
[2024-08-02T05:46:52.002+0000] {processor.py:176} INFO - Processing /home/airflow/.local/lib/python3.7/site-packages/airflow/example_dags/example_branch_datetime_operator.py took 0.611 seconds
[2024-08-02T05:47:22.225+0000] {processor.py:154} INFO - Started process (PID=3200) to work on /home/airflow/.local/lib/python3.7/site-packages/airflow/example_dags/example_branch_datetime_operator.py
[2024-08-02T05:47:22.226+0000] {processor.py:756} INFO - Processing file /home/airflow/.local/lib/python3.7/site-packages/airflow/example_dags/example_branch_datetime_operator.py for tasks to queue
[2024-08-02T05:47:22.228+0000] {logging_mixin.py:120} INFO - [2024-08-02T05:47:22.227+0000] {dagbag.py:537} INFO - Filling up the DagBag from /home/airflow/.local/lib/python3.7/site-packages/airflow/example_dags/example_branch_datetime_operator.py
[2024-08-02T05:47:22.249+0000] {processor.py:766} INFO - DAG(s) dict_keys(['example_branch_datetime_operator_2', 'example_branch_datetime_operator_3', 'example_branch_datetime_operator']) retrieved from /home/airflow/.local/lib/python3.7/site-packages/airflow/example_dags/example_branch_datetime_operator.py
[2024-08-02T05:47:22.317+0000] {logging_mixin.py:120} INFO - [2024-08-02T05:47:22.317+0000] {dag.py:2585} INFO - Sync 3 DAGs
[2024-08-02T05:47:22.346+0000] {logging_mixin.py:120} INFO - [2024-08-02T05:47:22.346+0000] {dag.py:3340} INFO - Setting next_dagrun for example_branch_datetime_operator to 2024-08-01T00:00:00+00:00, run_after=2024-08-02T00:00:00+00:00
[2024-08-02T05:47:22.354+0000] {logging_mixin.py:120} INFO - [2024-08-02T05:47:22.354+0000] {dag.py:3340} INFO - Setting next_dagrun for example_branch_datetime_operator_2 to 2024-08-01T00:00:00+00:00, run_after=2024-08-02T00:00:00+00:00
[2024-08-02T05:47:22.358+0000] {logging_mixin.py:120} INFO - [2024-08-02T05:47:22.358+0000] {dag.py:3340} INFO - Setting next_dagrun for example_branch_datetime_operator_3 to 2024-08-01T00:00:00+00:00, run_after=2024-08-02T00:00:00+00:00
[2024-08-02T05:47:22.390+0000] {processor.py:176} INFO - Processing /home/airflow/.local/lib/python3.7/site-packages/airflow/example_dags/example_branch_datetime_operator.py took 0.169 seconds
[2024-08-02T05:47:52.869+0000] {processor.py:154} INFO - Started process (PID=3254) to work on /home/airflow/.local/lib/python3.7/site-packages/airflow/example_dags/example_branch_datetime_operator.py
[2024-08-02T05:47:52.870+0000] {processor.py:756} INFO - Processing file /home/airflow/.local/lib/python3.7/site-packages/airflow/example_dags/example_branch_datetime_operator.py for tasks to queue
[2024-08-02T05:47:52.872+0000] {logging_mixin.py:120} INFO - [2024-08-02T05:47:52.872+0000] {dagbag.py:537} INFO - Filling up the DagBag from /home/airflow/.local/lib/python3.7/site-packages/airflow/example_dags/example_branch_datetime_operator.py
[2024-08-02T05:47:52.891+0000] {processor.py:766} INFO - DAG(s) dict_keys(['example_branch_datetime_operator', 'example_branch_datetime_operator_3', 'example_branch_datetime_operator_2']) retrieved from /home/airflow/.local/lib/python3.7/site-packages/airflow/example_dags/example_branch_datetime_operator.py
[2024-08-02T05:47:52.984+0000] {logging_mixin.py:120} INFO - [2024-08-02T05:47:52.984+0000] {dag.py:2585} INFO - Sync 3 DAGs
[2024-08-02T05:47:53.093+0000] {logging_mixin.py:120} INFO - [2024-08-02T05:47:53.093+0000] {dag.py:3340} INFO - Setting next_dagrun for example_branch_datetime_operator to 2024-08-01T00:00:00+00:00, run_after=2024-08-02T00:00:00+00:00
[2024-08-02T05:47:53.139+0000] {logging_mixin.py:120} INFO - [2024-08-02T05:47:53.139+0000] {dag.py:3340} INFO - Setting next_dagrun for example_branch_datetime_operator_2 to 2024-08-01T00:00:00+00:00, run_after=2024-08-02T00:00:00+00:00
[2024-08-02T05:47:53.188+0000] {logging_mixin.py:120} INFO - [2024-08-02T05:47:53.188+0000] {dag.py:3340} INFO - Setting next_dagrun for example_branch_datetime_operator_3 to 2024-08-01T00:00:00+00:00, run_after=2024-08-02T00:00:00+00:00
[2024-08-02T05:47:53.236+0000] {processor.py:176} INFO - Processing /home/airflow/.local/lib/python3.7/site-packages/airflow/example_dags/example_branch_datetime_operator.py took 0.371 seconds
[2024-08-02T05:48:23.363+0000] {processor.py:154} INFO - Started process (PID=3318) to work on /home/airflow/.local/lib/python3.7/site-packages/airflow/example_dags/example_branch_datetime_operator.py
[2024-08-02T05:48:23.365+0000] {processor.py:756} INFO - Processing file /home/airflow/.local/lib/python3.7/site-packages/airflow/example_dags/example_branch_datetime_operator.py for tasks to queue
[2024-08-02T05:48:23.366+0000] {logging_mixin.py:120} INFO - [2024-08-02T05:48:23.366+0000] {dagbag.py:537} INFO - Filling up the DagBag from /home/airflow/.local/lib/python3.7/site-packages/airflow/example_dags/example_branch_datetime_operator.py
[2024-08-02T05:48:23.398+0000] {processor.py:766} INFO - DAG(s) dict_keys(['example_branch_datetime_operator_3', 'example_branch_datetime_operator_2', 'example_branch_datetime_operator']) retrieved from /home/airflow/.local/lib/python3.7/site-packages/airflow/example_dags/example_branch_datetime_operator.py
[2024-08-02T05:48:23.451+0000] {logging_mixin.py:120} INFO - [2024-08-02T05:48:23.451+0000] {dag.py:2585} INFO - Sync 3 DAGs
[2024-08-02T05:48:23.543+0000] {logging_mixin.py:120} INFO - [2024-08-02T05:48:23.543+0000] {dag.py:3340} INFO - Setting next_dagrun for example_branch_datetime_operator to 2024-08-01T00:00:00+00:00, run_after=2024-08-02T00:00:00+00:00
[2024-08-02T05:48:23.559+0000] {logging_mixin.py:120} INFO - [2024-08-02T05:48:23.558+0000] {dag.py:3340} INFO - Setting next_dagrun for example_branch_datetime_operator_2 to 2024-08-01T00:00:00+00:00, run_after=2024-08-02T00:00:00+00:00
[2024-08-02T05:48:23.562+0000] {logging_mixin.py:120} INFO - [2024-08-02T05:48:23.562+0000] {dag.py:3340} INFO - Setting next_dagrun for example_branch_datetime_operator_3 to 2024-08-01T00:00:00+00:00, run_after=2024-08-02T00:00:00+00:00
[2024-08-02T05:48:23.589+0000] {processor.py:176} INFO - Processing /home/airflow/.local/lib/python3.7/site-packages/airflow/example_dags/example_branch_datetime_operator.py took 0.230 seconds
[2024-08-02T05:48:53.847+0000] {processor.py:154} INFO - Started process (PID=3373) to work on /home/airflow/.local/lib/python3.7/site-packages/airflow/example_dags/example_branch_datetime_operator.py
[2024-08-02T05:48:53.849+0000] {processor.py:756} INFO - Processing file /home/airflow/.local/lib/python3.7/site-packages/airflow/example_dags/example_branch_datetime_operator.py for tasks to queue
[2024-08-02T05:48:53.851+0000] {logging_mixin.py:120} INFO - [2024-08-02T05:48:53.851+0000] {dagbag.py:537} INFO - Filling up the DagBag from /home/airflow/.local/lib/python3.7/site-packages/airflow/example_dags/example_branch_datetime_operator.py
[2024-08-02T05:48:53.900+0000] {processor.py:766} INFO - DAG(s) dict_keys(['example_branch_datetime_operator_2', 'example_branch_datetime_operator', 'example_branch_datetime_operator_3']) retrieved from /home/airflow/.local/lib/python3.7/site-packages/airflow/example_dags/example_branch_datetime_operator.py
[2024-08-02T05:48:54.054+0000] {logging_mixin.py:120} INFO - [2024-08-02T05:48:54.053+0000] {dag.py:2585} INFO - Sync 3 DAGs
[2024-08-02T05:48:54.143+0000] {logging_mixin.py:120} INFO - [2024-08-02T05:48:54.142+0000] {dag.py:3340} INFO - Setting next_dagrun for example_branch_datetime_operator to 2024-08-01T00:00:00+00:00, run_after=2024-08-02T00:00:00+00:00
[2024-08-02T05:48:54.157+0000] {logging_mixin.py:120} INFO - [2024-08-02T05:48:54.157+0000] {dag.py:3340} INFO - Setting next_dagrun for example_branch_datetime_operator_2 to 2024-08-01T00:00:00+00:00, run_after=2024-08-02T00:00:00+00:00
[2024-08-02T05:48:54.175+0000] {logging_mixin.py:120} INFO - [2024-08-02T05:48:54.174+0000] {dag.py:3340} INFO - Setting next_dagrun for example_branch_datetime_operator_3 to 2024-08-01T00:00:00+00:00, run_after=2024-08-02T00:00:00+00:00
[2024-08-02T05:48:54.253+0000] {processor.py:176} INFO - Processing /home/airflow/.local/lib/python3.7/site-packages/airflow/example_dags/example_branch_datetime_operator.py took 0.410 seconds
[2024-08-02T05:49:24.951+0000] {processor.py:154} INFO - Started process (PID=3439) to work on /home/airflow/.local/lib/python3.7/site-packages/airflow/example_dags/example_branch_datetime_operator.py
[2024-08-02T05:49:24.954+0000] {processor.py:756} INFO - Processing file /home/airflow/.local/lib/python3.7/site-packages/airflow/example_dags/example_branch_datetime_operator.py for tasks to queue
[2024-08-02T05:49:24.956+0000] {logging_mixin.py:120} INFO - [2024-08-02T05:49:24.955+0000] {dagbag.py:537} INFO - Filling up the DagBag from /home/airflow/.local/lib/python3.7/site-packages/airflow/example_dags/example_branch_datetime_operator.py
[2024-08-02T05:49:25.005+0000] {processor.py:766} INFO - DAG(s) dict_keys(['example_branch_datetime_operator', 'example_branch_datetime_operator_2', 'example_branch_datetime_operator_3']) retrieved from /home/airflow/.local/lib/python3.7/site-packages/airflow/example_dags/example_branch_datetime_operator.py
[2024-08-02T05:49:25.095+0000] {logging_mixin.py:120} INFO - [2024-08-02T05:49:25.094+0000] {dag.py:2585} INFO - Sync 3 DAGs
[2024-08-02T05:49:25.158+0000] {logging_mixin.py:120} INFO - [2024-08-02T05:49:25.158+0000] {dag.py:3340} INFO - Setting next_dagrun for example_branch_datetime_operator to 2024-08-01T00:00:00+00:00, run_after=2024-08-02T00:00:00+00:00
[2024-08-02T05:49:25.172+0000] {logging_mixin.py:120} INFO - [2024-08-02T05:49:25.172+0000] {dag.py:3340} INFO - Setting next_dagrun for example_branch_datetime_operator_2 to 2024-08-01T00:00:00+00:00, run_after=2024-08-02T00:00:00+00:00
[2024-08-02T05:49:25.179+0000] {logging_mixin.py:120} INFO - [2024-08-02T05:49:25.179+0000] {dag.py:3340} INFO - Setting next_dagrun for example_branch_datetime_operator_3 to 2024-08-01T00:00:00+00:00, run_after=2024-08-02T00:00:00+00:00
[2024-08-02T05:49:25.230+0000] {processor.py:176} INFO - Processing /home/airflow/.local/lib/python3.7/site-packages/airflow/example_dags/example_branch_datetime_operator.py took 0.285 seconds
[2024-08-02T05:49:55.661+0000] {processor.py:154} INFO - Started process (PID=3496) to work on /home/airflow/.local/lib/python3.7/site-packages/airflow/example_dags/example_branch_datetime_operator.py
[2024-08-02T05:49:55.663+0000] {processor.py:756} INFO - Processing file /home/airflow/.local/lib/python3.7/site-packages/airflow/example_dags/example_branch_datetime_operator.py for tasks to queue
[2024-08-02T05:49:55.667+0000] {logging_mixin.py:120} INFO - [2024-08-02T05:49:55.667+0000] {dagbag.py:537} INFO - Filling up the DagBag from /home/airflow/.local/lib/python3.7/site-packages/airflow/example_dags/example_branch_datetime_operator.py
[2024-08-02T05:49:55.689+0000] {processor.py:766} INFO - DAG(s) dict_keys(['example_branch_datetime_operator_2', 'example_branch_datetime_operator', 'example_branch_datetime_operator_3']) retrieved from /home/airflow/.local/lib/python3.7/site-packages/airflow/example_dags/example_branch_datetime_operator.py
[2024-08-02T05:49:55.863+0000] {logging_mixin.py:120} INFO - [2024-08-02T05:49:55.863+0000] {dag.py:2585} INFO - Sync 3 DAGs
[2024-08-02T05:49:56.024+0000] {logging_mixin.py:120} INFO - [2024-08-02T05:49:56.024+0000] {dag.py:3340} INFO - Setting next_dagrun for example_branch_datetime_operator to 2024-08-01T00:00:00+00:00, run_after=2024-08-02T00:00:00+00:00
[2024-08-02T05:49:56.130+0000] {logging_mixin.py:120} INFO - [2024-08-02T05:49:56.129+0000] {dag.py:3340} INFO - Setting next_dagrun for example_branch_datetime_operator_2 to 2024-08-01T00:00:00+00:00, run_after=2024-08-02T00:00:00+00:00
[2024-08-02T05:49:56.141+0000] {logging_mixin.py:120} INFO - [2024-08-02T05:49:56.141+0000] {dag.py:3340} INFO - Setting next_dagrun for example_branch_datetime_operator_3 to 2024-08-01T00:00:00+00:00, run_after=2024-08-02T00:00:00+00:00
[2024-08-02T05:49:56.173+0000] {processor.py:176} INFO - Processing /home/airflow/.local/lib/python3.7/site-packages/airflow/example_dags/example_branch_datetime_operator.py took 0.516 seconds
[2024-08-02T05:50:26.648+0000] {processor.py:154} INFO - Started process (PID=3561) to work on /home/airflow/.local/lib/python3.7/site-packages/airflow/example_dags/example_branch_datetime_operator.py
[2024-08-02T05:50:26.652+0000] {processor.py:756} INFO - Processing file /home/airflow/.local/lib/python3.7/site-packages/airflow/example_dags/example_branch_datetime_operator.py for tasks to queue
[2024-08-02T05:50:26.653+0000] {logging_mixin.py:120} INFO - [2024-08-02T05:50:26.653+0000] {dagbag.py:537} INFO - Filling up the DagBag from /home/airflow/.local/lib/python3.7/site-packages/airflow/example_dags/example_branch_datetime_operator.py
[2024-08-02T05:50:26.712+0000] {processor.py:766} INFO - DAG(s) dict_keys(['example_branch_datetime_operator', 'example_branch_datetime_operator_2', 'example_branch_datetime_operator_3']) retrieved from /home/airflow/.local/lib/python3.7/site-packages/airflow/example_dags/example_branch_datetime_operator.py
[2024-08-02T05:50:26.780+0000] {logging_mixin.py:120} INFO - [2024-08-02T05:50:26.780+0000] {dag.py:2585} INFO - Sync 3 DAGs
[2024-08-02T05:50:26.807+0000] {logging_mixin.py:120} INFO - [2024-08-02T05:50:26.807+0000] {dag.py:3340} INFO - Setting next_dagrun for example_branch_datetime_operator to 2024-08-01T00:00:00+00:00, run_after=2024-08-02T00:00:00+00:00
[2024-08-02T05:50:26.814+0000] {logging_mixin.py:120} INFO - [2024-08-02T05:50:26.814+0000] {dag.py:3340} INFO - Setting next_dagrun for example_branch_datetime_operator_2 to 2024-08-01T00:00:00+00:00, run_after=2024-08-02T00:00:00+00:00
[2024-08-02T05:50:26.818+0000] {logging_mixin.py:120} INFO - [2024-08-02T05:50:26.818+0000] {dag.py:3340} INFO - Setting next_dagrun for example_branch_datetime_operator_3 to 2024-08-01T00:00:00+00:00, run_after=2024-08-02T00:00:00+00:00
[2024-08-02T05:50:26.847+0000] {processor.py:176} INFO - Processing /home/airflow/.local/lib/python3.7/site-packages/airflow/example_dags/example_branch_datetime_operator.py took 0.201 seconds
[2024-08-02T05:50:57.074+0000] {processor.py:154} INFO - Started process (PID=3626) to work on /home/airflow/.local/lib/python3.7/site-packages/airflow/example_dags/example_branch_datetime_operator.py
[2024-08-02T05:50:57.075+0000] {processor.py:756} INFO - Processing file /home/airflow/.local/lib/python3.7/site-packages/airflow/example_dags/example_branch_datetime_operator.py for tasks to queue
[2024-08-02T05:50:57.076+0000] {logging_mixin.py:120} INFO - [2024-08-02T05:50:57.076+0000] {dagbag.py:537} INFO - Filling up the DagBag from /home/airflow/.local/lib/python3.7/site-packages/airflow/example_dags/example_branch_datetime_operator.py
[2024-08-02T05:50:57.094+0000] {processor.py:766} INFO - DAG(s) dict_keys(['example_branch_datetime_operator_3', 'example_branch_datetime_operator_2', 'example_branch_datetime_operator']) retrieved from /home/airflow/.local/lib/python3.7/site-packages/airflow/example_dags/example_branch_datetime_operator.py
[2024-08-02T05:50:57.141+0000] {logging_mixin.py:120} INFO - [2024-08-02T05:50:57.141+0000] {dag.py:2585} INFO - Sync 3 DAGs
[2024-08-02T05:50:57.166+0000] {logging_mixin.py:120} INFO - [2024-08-02T05:50:57.166+0000] {dag.py:3340} INFO - Setting next_dagrun for example_branch_datetime_operator to 2024-08-01T00:00:00+00:00, run_after=2024-08-02T00:00:00+00:00
[2024-08-02T05:50:57.171+0000] {logging_mixin.py:120} INFO - [2024-08-02T05:50:57.171+0000] {dag.py:3340} INFO - Setting next_dagrun for example_branch_datetime_operator_2 to 2024-08-01T00:00:00+00:00, run_after=2024-08-02T00:00:00+00:00
[2024-08-02T05:50:57.174+0000] {logging_mixin.py:120} INFO - [2024-08-02T05:50:57.174+0000] {dag.py:3340} INFO - Setting next_dagrun for example_branch_datetime_operator_3 to 2024-08-01T00:00:00+00:00, run_after=2024-08-02T00:00:00+00:00
[2024-08-02T05:50:57.194+0000] {processor.py:176} INFO - Processing /home/airflow/.local/lib/python3.7/site-packages/airflow/example_dags/example_branch_datetime_operator.py took 0.123 seconds
[2024-08-02T05:51:27.649+0000] {processor.py:154} INFO - Started process (PID=3682) to work on /home/airflow/.local/lib/python3.7/site-packages/airflow/example_dags/example_branch_datetime_operator.py
[2024-08-02T05:51:27.654+0000] {processor.py:756} INFO - Processing file /home/airflow/.local/lib/python3.7/site-packages/airflow/example_dags/example_branch_datetime_operator.py for tasks to queue
[2024-08-02T05:51:27.655+0000] {logging_mixin.py:120} INFO - [2024-08-02T05:51:27.655+0000] {dagbag.py:537} INFO - Filling up the DagBag from /home/airflow/.local/lib/python3.7/site-packages/airflow/example_dags/example_branch_datetime_operator.py
[2024-08-02T05:51:27.667+0000] {processor.py:766} INFO - DAG(s) dict_keys(['example_branch_datetime_operator', 'example_branch_datetime_operator_3', 'example_branch_datetime_operator_2']) retrieved from /home/airflow/.local/lib/python3.7/site-packages/airflow/example_dags/example_branch_datetime_operator.py
[2024-08-02T05:51:27.705+0000] {logging_mixin.py:120} INFO - [2024-08-02T05:51:27.705+0000] {dag.py:2585} INFO - Sync 3 DAGs
[2024-08-02T05:51:27.725+0000] {logging_mixin.py:120} INFO - [2024-08-02T05:51:27.725+0000] {dag.py:3340} INFO - Setting next_dagrun for example_branch_datetime_operator to 2024-08-01T00:00:00+00:00, run_after=2024-08-02T00:00:00+00:00
[2024-08-02T05:51:27.729+0000] {logging_mixin.py:120} INFO - [2024-08-02T05:51:27.729+0000] {dag.py:3340} INFO - Setting next_dagrun for example_branch_datetime_operator_2 to 2024-08-01T00:00:00+00:00, run_after=2024-08-02T00:00:00+00:00
[2024-08-02T05:51:27.731+0000] {logging_mixin.py:120} INFO - [2024-08-02T05:51:27.731+0000] {dag.py:3340} INFO - Setting next_dagrun for example_branch_datetime_operator_3 to 2024-08-01T00:00:00+00:00, run_after=2024-08-02T00:00:00+00:00
[2024-08-02T05:51:27.748+0000] {processor.py:176} INFO - Processing /home/airflow/.local/lib/python3.7/site-packages/airflow/example_dags/example_branch_datetime_operator.py took 0.102 seconds
[2024-08-02T05:51:58.481+0000] {processor.py:154} INFO - Started process (PID=3747) to work on /home/airflow/.local/lib/python3.7/site-packages/airflow/example_dags/example_branch_datetime_operator.py
[2024-08-02T05:51:58.483+0000] {processor.py:756} INFO - Processing file /home/airflow/.local/lib/python3.7/site-packages/airflow/example_dags/example_branch_datetime_operator.py for tasks to queue
[2024-08-02T05:51:58.484+0000] {logging_mixin.py:120} INFO - [2024-08-02T05:51:58.484+0000] {dagbag.py:537} INFO - Filling up the DagBag from /home/airflow/.local/lib/python3.7/site-packages/airflow/example_dags/example_branch_datetime_operator.py
[2024-08-02T05:51:58.501+0000] {processor.py:766} INFO - DAG(s) dict_keys(['example_branch_datetime_operator_3', 'example_branch_datetime_operator_2', 'example_branch_datetime_operator']) retrieved from /home/airflow/.local/lib/python3.7/site-packages/airflow/example_dags/example_branch_datetime_operator.py
[2024-08-02T05:51:58.563+0000] {logging_mixin.py:120} INFO - [2024-08-02T05:51:58.563+0000] {dag.py:2585} INFO - Sync 3 DAGs
[2024-08-02T05:51:58.589+0000] {logging_mixin.py:120} INFO - [2024-08-02T05:51:58.589+0000] {dag.py:3340} INFO - Setting next_dagrun for example_branch_datetime_operator to 2024-08-01T00:00:00+00:00, run_after=2024-08-02T00:00:00+00:00
[2024-08-02T05:51:58.594+0000] {logging_mixin.py:120} INFO - [2024-08-02T05:51:58.594+0000] {dag.py:3340} INFO - Setting next_dagrun for example_branch_datetime_operator_2 to 2024-08-01T00:00:00+00:00, run_after=2024-08-02T00:00:00+00:00
[2024-08-02T05:51:58.597+0000] {logging_mixin.py:120} INFO - [2024-08-02T05:51:58.597+0000] {dag.py:3340} INFO - Setting next_dagrun for example_branch_datetime_operator_3 to 2024-08-01T00:00:00+00:00, run_after=2024-08-02T00:00:00+00:00
[2024-08-02T05:51:58.616+0000] {processor.py:176} INFO - Processing /home/airflow/.local/lib/python3.7/site-packages/airflow/example_dags/example_branch_datetime_operator.py took 0.137 seconds
[2024-08-02T05:52:29.528+0000] {processor.py:154} INFO - Started process (PID=3812) to work on /home/airflow/.local/lib/python3.7/site-packages/airflow/example_dags/example_branch_datetime_operator.py
[2024-08-02T05:52:29.529+0000] {processor.py:756} INFO - Processing file /home/airflow/.local/lib/python3.7/site-packages/airflow/example_dags/example_branch_datetime_operator.py for tasks to queue
[2024-08-02T05:52:29.530+0000] {logging_mixin.py:120} INFO - [2024-08-02T05:52:29.530+0000] {dagbag.py:537} INFO - Filling up the DagBag from /home/airflow/.local/lib/python3.7/site-packages/airflow/example_dags/example_branch_datetime_operator.py
[2024-08-02T05:52:29.544+0000] {processor.py:766} INFO - DAG(s) dict_keys(['example_branch_datetime_operator', 'example_branch_datetime_operator_2', 'example_branch_datetime_operator_3']) retrieved from /home/airflow/.local/lib/python3.7/site-packages/airflow/example_dags/example_branch_datetime_operator.py
[2024-08-02T05:52:29.579+0000] {logging_mixin.py:120} INFO - [2024-08-02T05:52:29.578+0000] {dag.py:2585} INFO - Sync 3 DAGs
[2024-08-02T05:52:29.607+0000] {logging_mixin.py:120} INFO - [2024-08-02T05:52:29.606+0000] {dag.py:3340} INFO - Setting next_dagrun for example_branch_datetime_operator to 2024-08-01T00:00:00+00:00, run_after=2024-08-02T00:00:00+00:00
[2024-08-02T05:52:29.616+0000] {logging_mixin.py:120} INFO - [2024-08-02T05:52:29.615+0000] {dag.py:3340} INFO - Setting next_dagrun for example_branch_datetime_operator_2 to 2024-08-01T00:00:00+00:00, run_after=2024-08-02T00:00:00+00:00
[2024-08-02T05:52:29.638+0000] {logging_mixin.py:120} INFO - [2024-08-02T05:52:29.638+0000] {dag.py:3340} INFO - Setting next_dagrun for example_branch_datetime_operator_3 to 2024-08-01T00:00:00+00:00, run_after=2024-08-02T00:00:00+00:00
[2024-08-02T05:52:29.677+0000] {processor.py:176} INFO - Processing /home/airflow/.local/lib/python3.7/site-packages/airflow/example_dags/example_branch_datetime_operator.py took 0.152 seconds
[2024-08-02T05:53:00.142+0000] {processor.py:154} INFO - Started process (PID=3878) to work on /home/airflow/.local/lib/python3.7/site-packages/airflow/example_dags/example_branch_datetime_operator.py
[2024-08-02T05:53:00.150+0000] {processor.py:756} INFO - Processing file /home/airflow/.local/lib/python3.7/site-packages/airflow/example_dags/example_branch_datetime_operator.py for tasks to queue
[2024-08-02T05:53:00.151+0000] {logging_mixin.py:120} INFO - [2024-08-02T05:53:00.150+0000] {dagbag.py:537} INFO - Filling up the DagBag from /home/airflow/.local/lib/python3.7/site-packages/airflow/example_dags/example_branch_datetime_operator.py
[2024-08-02T05:53:00.166+0000] {processor.py:766} INFO - DAG(s) dict_keys(['example_branch_datetime_operator_2', 'example_branch_datetime_operator_3', 'example_branch_datetime_operator']) retrieved from /home/airflow/.local/lib/python3.7/site-packages/airflow/example_dags/example_branch_datetime_operator.py
[2024-08-02T05:53:00.204+0000] {logging_mixin.py:120} INFO - [2024-08-02T05:53:00.204+0000] {dag.py:2585} INFO - Sync 3 DAGs
[2024-08-02T05:53:00.228+0000] {logging_mixin.py:120} INFO - [2024-08-02T05:53:00.228+0000] {dag.py:3340} INFO - Setting next_dagrun for example_branch_datetime_operator to 2024-08-01T00:00:00+00:00, run_after=2024-08-02T00:00:00+00:00
[2024-08-02T05:53:00.232+0000] {logging_mixin.py:120} INFO - [2024-08-02T05:53:00.232+0000] {dag.py:3340} INFO - Setting next_dagrun for example_branch_datetime_operator_2 to 2024-08-01T00:00:00+00:00, run_after=2024-08-02T00:00:00+00:00
[2024-08-02T05:53:00.235+0000] {logging_mixin.py:120} INFO - [2024-08-02T05:53:00.235+0000] {dag.py:3340} INFO - Setting next_dagrun for example_branch_datetime_operator_3 to 2024-08-01T00:00:00+00:00, run_after=2024-08-02T00:00:00+00:00
[2024-08-02T05:53:00.255+0000] {processor.py:176} INFO - Processing /home/airflow/.local/lib/python3.7/site-packages/airflow/example_dags/example_branch_datetime_operator.py took 0.116 seconds
[2024-08-02T05:53:31.293+0000] {processor.py:154} INFO - Started process (PID=3943) to work on /home/airflow/.local/lib/python3.7/site-packages/airflow/example_dags/example_branch_datetime_operator.py
[2024-08-02T05:53:31.294+0000] {processor.py:756} INFO - Processing file /home/airflow/.local/lib/python3.7/site-packages/airflow/example_dags/example_branch_datetime_operator.py for tasks to queue
[2024-08-02T05:53:31.294+0000] {logging_mixin.py:120} INFO - [2024-08-02T05:53:31.294+0000] {dagbag.py:537} INFO - Filling up the DagBag from /home/airflow/.local/lib/python3.7/site-packages/airflow/example_dags/example_branch_datetime_operator.py
[2024-08-02T05:53:31.307+0000] {processor.py:766} INFO - DAG(s) dict_keys(['example_branch_datetime_operator', 'example_branch_datetime_operator_3', 'example_branch_datetime_operator_2']) retrieved from /home/airflow/.local/lib/python3.7/site-packages/airflow/example_dags/example_branch_datetime_operator.py
[2024-08-02T05:53:31.342+0000] {logging_mixin.py:120} INFO - [2024-08-02T05:53:31.342+0000] {dag.py:2585} INFO - Sync 3 DAGs
[2024-08-02T05:53:31.360+0000] {logging_mixin.py:120} INFO - [2024-08-02T05:53:31.359+0000] {dag.py:3340} INFO - Setting next_dagrun for example_branch_datetime_operator to 2024-08-01T00:00:00+00:00, run_after=2024-08-02T00:00:00+00:00
[2024-08-02T05:53:31.364+0000] {logging_mixin.py:120} INFO - [2024-08-02T05:53:31.363+0000] {dag.py:3340} INFO - Setting next_dagrun for example_branch_datetime_operator_2 to 2024-08-01T00:00:00+00:00, run_after=2024-08-02T00:00:00+00:00
[2024-08-02T05:53:31.366+0000] {logging_mixin.py:120} INFO - [2024-08-02T05:53:31.366+0000] {dag.py:3340} INFO - Setting next_dagrun for example_branch_datetime_operator_3 to 2024-08-01T00:00:00+00:00, run_after=2024-08-02T00:00:00+00:00
[2024-08-02T05:53:31.381+0000] {processor.py:176} INFO - Processing /home/airflow/.local/lib/python3.7/site-packages/airflow/example_dags/example_branch_datetime_operator.py took 0.090 seconds
[2024-08-02T05:54:01.520+0000] {processor.py:154} INFO - Started process (PID=4000) to work on /home/airflow/.local/lib/python3.7/site-packages/airflow/example_dags/example_branch_datetime_operator.py
[2024-08-02T05:54:01.521+0000] {processor.py:756} INFO - Processing file /home/airflow/.local/lib/python3.7/site-packages/airflow/example_dags/example_branch_datetime_operator.py for tasks to queue
[2024-08-02T05:54:01.522+0000] {logging_mixin.py:120} INFO - [2024-08-02T05:54:01.522+0000] {dagbag.py:537} INFO - Filling up the DagBag from /home/airflow/.local/lib/python3.7/site-packages/airflow/example_dags/example_branch_datetime_operator.py
[2024-08-02T05:54:01.535+0000] {processor.py:766} INFO - DAG(s) dict_keys(['example_branch_datetime_operator_2', 'example_branch_datetime_operator_3', 'example_branch_datetime_operator']) retrieved from /home/airflow/.local/lib/python3.7/site-packages/airflow/example_dags/example_branch_datetime_operator.py
[2024-08-02T05:54:01.567+0000] {logging_mixin.py:120} INFO - [2024-08-02T05:54:01.567+0000] {dag.py:2585} INFO - Sync 3 DAGs
[2024-08-02T05:54:01.586+0000] {logging_mixin.py:120} INFO - [2024-08-02T05:54:01.586+0000] {dag.py:3340} INFO - Setting next_dagrun for example_branch_datetime_operator to 2024-08-01T00:00:00+00:00, run_after=2024-08-02T00:00:00+00:00
[2024-08-02T05:54:01.590+0000] {logging_mixin.py:120} INFO - [2024-08-02T05:54:01.590+0000] {dag.py:3340} INFO - Setting next_dagrun for example_branch_datetime_operator_2 to 2024-08-01T00:00:00+00:00, run_after=2024-08-02T00:00:00+00:00
[2024-08-02T05:54:01.592+0000] {logging_mixin.py:120} INFO - [2024-08-02T05:54:01.592+0000] {dag.py:3340} INFO - Setting next_dagrun for example_branch_datetime_operator_3 to 2024-08-01T00:00:00+00:00, run_after=2024-08-02T00:00:00+00:00
[2024-08-02T05:54:01.608+0000] {processor.py:176} INFO - Processing /home/airflow/.local/lib/python3.7/site-packages/airflow/example_dags/example_branch_datetime_operator.py took 0.090 seconds
[2024-08-02T05:54:32.374+0000] {processor.py:154} INFO - Started process (PID=4064) to work on /home/airflow/.local/lib/python3.7/site-packages/airflow/example_dags/example_branch_datetime_operator.py
[2024-08-02T05:54:32.382+0000] {processor.py:756} INFO - Processing file /home/airflow/.local/lib/python3.7/site-packages/airflow/example_dags/example_branch_datetime_operator.py for tasks to queue
[2024-08-02T05:54:32.385+0000] {logging_mixin.py:120} INFO - [2024-08-02T05:54:32.385+0000] {dagbag.py:537} INFO - Filling up the DagBag from /home/airflow/.local/lib/python3.7/site-packages/airflow/example_dags/example_branch_datetime_operator.py
[2024-08-02T05:54:32.409+0000] {processor.py:766} INFO - DAG(s) dict_keys(['example_branch_datetime_operator', 'example_branch_datetime_operator_3', 'example_branch_datetime_operator_2']) retrieved from /home/airflow/.local/lib/python3.7/site-packages/airflow/example_dags/example_branch_datetime_operator.py
[2024-08-02T05:54:32.477+0000] {logging_mixin.py:120} INFO - [2024-08-02T05:54:32.477+0000] {dag.py:2585} INFO - Sync 3 DAGs
[2024-08-02T05:54:32.498+0000] {logging_mixin.py:120} INFO - [2024-08-02T05:54:32.498+0000] {dag.py:3340} INFO - Setting next_dagrun for example_branch_datetime_operator to 2024-08-01T00:00:00+00:00, run_after=2024-08-02T00:00:00+00:00
[2024-08-02T05:54:32.502+0000] {logging_mixin.py:120} INFO - [2024-08-02T05:54:32.502+0000] {dag.py:3340} INFO - Setting next_dagrun for example_branch_datetime_operator_2 to 2024-08-01T00:00:00+00:00, run_after=2024-08-02T00:00:00+00:00
[2024-08-02T05:54:32.504+0000] {logging_mixin.py:120} INFO - [2024-08-02T05:54:32.504+0000] {dag.py:3340} INFO - Setting next_dagrun for example_branch_datetime_operator_3 to 2024-08-01T00:00:00+00:00, run_after=2024-08-02T00:00:00+00:00
[2024-08-02T05:54:32.519+0000] {processor.py:176} INFO - Processing /home/airflow/.local/lib/python3.7/site-packages/airflow/example_dags/example_branch_datetime_operator.py took 0.148 seconds
[2024-08-02T05:55:02.573+0000] {processor.py:154} INFO - Started process (PID=4128) to work on /home/airflow/.local/lib/python3.7/site-packages/airflow/example_dags/example_branch_datetime_operator.py
[2024-08-02T05:55:02.575+0000] {processor.py:756} INFO - Processing file /home/airflow/.local/lib/python3.7/site-packages/airflow/example_dags/example_branch_datetime_operator.py for tasks to queue
[2024-08-02T05:55:02.576+0000] {logging_mixin.py:120} INFO - [2024-08-02T05:55:02.576+0000] {dagbag.py:537} INFO - Filling up the DagBag from /home/airflow/.local/lib/python3.7/site-packages/airflow/example_dags/example_branch_datetime_operator.py
[2024-08-02T05:55:02.594+0000] {processor.py:766} INFO - DAG(s) dict_keys(['example_branch_datetime_operator_2', 'example_branch_datetime_operator', 'example_branch_datetime_operator_3']) retrieved from /home/airflow/.local/lib/python3.7/site-packages/airflow/example_dags/example_branch_datetime_operator.py
[2024-08-02T05:55:02.631+0000] {logging_mixin.py:120} INFO - [2024-08-02T05:55:02.631+0000] {dag.py:2585} INFO - Sync 3 DAGs
[2024-08-02T05:55:02.656+0000] {logging_mixin.py:120} INFO - [2024-08-02T05:55:02.656+0000] {dag.py:3340} INFO - Setting next_dagrun for example_branch_datetime_operator to 2024-08-01T00:00:00+00:00, run_after=2024-08-02T00:00:00+00:00
[2024-08-02T05:55:02.670+0000] {logging_mixin.py:120} INFO - [2024-08-02T05:55:02.669+0000] {dag.py:3340} INFO - Setting next_dagrun for example_branch_datetime_operator_2 to 2024-08-01T00:00:00+00:00, run_after=2024-08-02T00:00:00+00:00
[2024-08-02T05:55:02.673+0000] {logging_mixin.py:120} INFO - [2024-08-02T05:55:02.673+0000] {dag.py:3340} INFO - Setting next_dagrun for example_branch_datetime_operator_3 to 2024-08-01T00:00:00+00:00, run_after=2024-08-02T00:00:00+00:00
[2024-08-02T05:55:02.694+0000] {processor.py:176} INFO - Processing /home/airflow/.local/lib/python3.7/site-packages/airflow/example_dags/example_branch_datetime_operator.py took 0.125 seconds
[2024-08-02T05:55:32.933+0000] {processor.py:154} INFO - Started process (PID=4193) to work on /home/airflow/.local/lib/python3.7/site-packages/airflow/example_dags/example_branch_datetime_operator.py
[2024-08-02T05:55:32.934+0000] {processor.py:756} INFO - Processing file /home/airflow/.local/lib/python3.7/site-packages/airflow/example_dags/example_branch_datetime_operator.py for tasks to queue
[2024-08-02T05:55:32.934+0000] {logging_mixin.py:120} INFO - [2024-08-02T05:55:32.934+0000] {dagbag.py:537} INFO - Filling up the DagBag from /home/airflow/.local/lib/python3.7/site-packages/airflow/example_dags/example_branch_datetime_operator.py
[2024-08-02T05:55:32.950+0000] {processor.py:766} INFO - DAG(s) dict_keys(['example_branch_datetime_operator_3', 'example_branch_datetime_operator', 'example_branch_datetime_operator_2']) retrieved from /home/airflow/.local/lib/python3.7/site-packages/airflow/example_dags/example_branch_datetime_operator.py
[2024-08-02T05:55:32.988+0000] {logging_mixin.py:120} INFO - [2024-08-02T05:55:32.987+0000] {dag.py:2585} INFO - Sync 3 DAGs
[2024-08-02T05:55:33.008+0000] {logging_mixin.py:120} INFO - [2024-08-02T05:55:33.008+0000] {dag.py:3340} INFO - Setting next_dagrun for example_branch_datetime_operator to 2024-08-01T00:00:00+00:00, run_after=2024-08-02T00:00:00+00:00
[2024-08-02T05:55:33.013+0000] {logging_mixin.py:120} INFO - [2024-08-02T05:55:33.012+0000] {dag.py:3340} INFO - Setting next_dagrun for example_branch_datetime_operator_2 to 2024-08-01T00:00:00+00:00, run_after=2024-08-02T00:00:00+00:00
[2024-08-02T05:55:33.015+0000] {logging_mixin.py:120} INFO - [2024-08-02T05:55:33.015+0000] {dag.py:3340} INFO - Setting next_dagrun for example_branch_datetime_operator_3 to 2024-08-01T00:00:00+00:00, run_after=2024-08-02T00:00:00+00:00
[2024-08-02T05:55:33.033+0000] {processor.py:176} INFO - Processing /home/airflow/.local/lib/python3.7/site-packages/airflow/example_dags/example_branch_datetime_operator.py took 0.103 seconds
[2024-08-02T05:56:03.331+0000] {processor.py:154} INFO - Started process (PID=4249) to work on /home/airflow/.local/lib/python3.7/site-packages/airflow/example_dags/example_branch_datetime_operator.py
[2024-08-02T05:56:03.332+0000] {processor.py:756} INFO - Processing file /home/airflow/.local/lib/python3.7/site-packages/airflow/example_dags/example_branch_datetime_operator.py for tasks to queue
[2024-08-02T05:56:03.333+0000] {logging_mixin.py:120} INFO - [2024-08-02T05:56:03.333+0000] {dagbag.py:537} INFO - Filling up the DagBag from /home/airflow/.local/lib/python3.7/site-packages/airflow/example_dags/example_branch_datetime_operator.py
[2024-08-02T05:56:03.349+0000] {processor.py:766} INFO - DAG(s) dict_keys(['example_branch_datetime_operator_3', 'example_branch_datetime_operator', 'example_branch_datetime_operator_2']) retrieved from /home/airflow/.local/lib/python3.7/site-packages/airflow/example_dags/example_branch_datetime_operator.py
[2024-08-02T05:56:03.390+0000] {logging_mixin.py:120} INFO - [2024-08-02T05:56:03.390+0000] {dag.py:2585} INFO - Sync 3 DAGs
[2024-08-02T05:56:03.414+0000] {logging_mixin.py:120} INFO - [2024-08-02T05:56:03.414+0000] {dag.py:3340} INFO - Setting next_dagrun for example_branch_datetime_operator to 2024-08-01T00:00:00+00:00, run_after=2024-08-02T00:00:00+00:00
[2024-08-02T05:56:03.418+0000] {logging_mixin.py:120} INFO - [2024-08-02T05:56:03.418+0000] {dag.py:3340} INFO - Setting next_dagrun for example_branch_datetime_operator_2 to 2024-08-01T00:00:00+00:00, run_after=2024-08-02T00:00:00+00:00
[2024-08-02T05:56:03.421+0000] {logging_mixin.py:120} INFO - [2024-08-02T05:56:03.421+0000] {dag.py:3340} INFO - Setting next_dagrun for example_branch_datetime_operator_3 to 2024-08-01T00:00:00+00:00, run_after=2024-08-02T00:00:00+00:00
[2024-08-02T05:56:03.439+0000] {processor.py:176} INFO - Processing /home/airflow/.local/lib/python3.7/site-packages/airflow/example_dags/example_branch_datetime_operator.py took 0.111 seconds
[2024-08-02T05:56:34.188+0000] {processor.py:154} INFO - Started process (PID=4314) to work on /home/airflow/.local/lib/python3.7/site-packages/airflow/example_dags/example_branch_datetime_operator.py
[2024-08-02T05:56:34.190+0000] {processor.py:756} INFO - Processing file /home/airflow/.local/lib/python3.7/site-packages/airflow/example_dags/example_branch_datetime_operator.py for tasks to queue
[2024-08-02T05:56:34.191+0000] {logging_mixin.py:120} INFO - [2024-08-02T05:56:34.191+0000] {dagbag.py:537} INFO - Filling up the DagBag from /home/airflow/.local/lib/python3.7/site-packages/airflow/example_dags/example_branch_datetime_operator.py
[2024-08-02T05:56:34.204+0000] {processor.py:766} INFO - DAG(s) dict_keys(['example_branch_datetime_operator', 'example_branch_datetime_operator_2', 'example_branch_datetime_operator_3']) retrieved from /home/airflow/.local/lib/python3.7/site-packages/airflow/example_dags/example_branch_datetime_operator.py
[2024-08-02T05:56:34.240+0000] {logging_mixin.py:120} INFO - [2024-08-02T05:56:34.240+0000] {dag.py:2585} INFO - Sync 3 DAGs
[2024-08-02T05:56:34.260+0000] {logging_mixin.py:120} INFO - [2024-08-02T05:56:34.260+0000] {dag.py:3340} INFO - Setting next_dagrun for example_branch_datetime_operator to 2024-08-01T00:00:00+00:00, run_after=2024-08-02T00:00:00+00:00
[2024-08-02T05:56:34.266+0000] {logging_mixin.py:120} INFO - [2024-08-02T05:56:34.265+0000] {dag.py:3340} INFO - Setting next_dagrun for example_branch_datetime_operator_2 to 2024-08-01T00:00:00+00:00, run_after=2024-08-02T00:00:00+00:00
[2024-08-02T05:56:34.269+0000] {logging_mixin.py:120} INFO - [2024-08-02T05:56:34.268+0000] {dag.py:3340} INFO - Setting next_dagrun for example_branch_datetime_operator_3 to 2024-08-01T00:00:00+00:00, run_after=2024-08-02T00:00:00+00:00
[2024-08-02T05:56:34.294+0000] {processor.py:176} INFO - Processing /home/airflow/.local/lib/python3.7/site-packages/airflow/example_dags/example_branch_datetime_operator.py took 0.109 seconds
[2024-08-02T05:57:05.210+0000] {processor.py:154} INFO - Started process (PID=4379) to work on /home/airflow/.local/lib/python3.7/site-packages/airflow/example_dags/example_branch_datetime_operator.py
[2024-08-02T05:57:05.218+0000] {processor.py:756} INFO - Processing file /home/airflow/.local/lib/python3.7/site-packages/airflow/example_dags/example_branch_datetime_operator.py for tasks to queue
[2024-08-02T05:57:05.219+0000] {logging_mixin.py:120} INFO - [2024-08-02T05:57:05.219+0000] {dagbag.py:537} INFO - Filling up the DagBag from /home/airflow/.local/lib/python3.7/site-packages/airflow/example_dags/example_branch_datetime_operator.py
[2024-08-02T05:57:05.236+0000] {processor.py:766} INFO - DAG(s) dict_keys(['example_branch_datetime_operator_3', 'example_branch_datetime_operator_2', 'example_branch_datetime_operator']) retrieved from /home/airflow/.local/lib/python3.7/site-packages/airflow/example_dags/example_branch_datetime_operator.py
[2024-08-02T05:57:05.290+0000] {logging_mixin.py:120} INFO - [2024-08-02T05:57:05.290+0000] {dag.py:2585} INFO - Sync 3 DAGs
[2024-08-02T05:57:05.326+0000] {logging_mixin.py:120} INFO - [2024-08-02T05:57:05.326+0000] {dag.py:3340} INFO - Setting next_dagrun for example_branch_datetime_operator to 2024-08-01T00:00:00+00:00, run_after=2024-08-02T00:00:00+00:00
[2024-08-02T05:57:05.333+0000] {logging_mixin.py:120} INFO - [2024-08-02T05:57:05.332+0000] {dag.py:3340} INFO - Setting next_dagrun for example_branch_datetime_operator_2 to 2024-08-01T00:00:00+00:00, run_after=2024-08-02T00:00:00+00:00
[2024-08-02T05:57:05.339+0000] {logging_mixin.py:120} INFO - [2024-08-02T05:57:05.338+0000] {dag.py:3340} INFO - Setting next_dagrun for example_branch_datetime_operator_3 to 2024-08-01T00:00:00+00:00, run_after=2024-08-02T00:00:00+00:00
[2024-08-02T05:57:05.364+0000] {processor.py:176} INFO - Processing /home/airflow/.local/lib/python3.7/site-packages/airflow/example_dags/example_branch_datetime_operator.py took 0.158 seconds
[2024-08-02T05:57:35.949+0000] {processor.py:154} INFO - Started process (PID=4443) to work on /home/airflow/.local/lib/python3.7/site-packages/airflow/example_dags/example_branch_datetime_operator.py
[2024-08-02T05:57:35.950+0000] {processor.py:756} INFO - Processing file /home/airflow/.local/lib/python3.7/site-packages/airflow/example_dags/example_branch_datetime_operator.py for tasks to queue
[2024-08-02T05:57:35.952+0000] {logging_mixin.py:120} INFO - [2024-08-02T05:57:35.951+0000] {dagbag.py:537} INFO - Filling up the DagBag from /home/airflow/.local/lib/python3.7/site-packages/airflow/example_dags/example_branch_datetime_operator.py
[2024-08-02T05:57:35.966+0000] {processor.py:766} INFO - DAG(s) dict_keys(['example_branch_datetime_operator', 'example_branch_datetime_operator_2', 'example_branch_datetime_operator_3']) retrieved from /home/airflow/.local/lib/python3.7/site-packages/airflow/example_dags/example_branch_datetime_operator.py
[2024-08-02T05:57:36.039+0000] {logging_mixin.py:120} INFO - [2024-08-02T05:57:36.039+0000] {dag.py:2585} INFO - Sync 3 DAGs
[2024-08-02T05:57:36.065+0000] {logging_mixin.py:120} INFO - [2024-08-02T05:57:36.065+0000] {dag.py:3340} INFO - Setting next_dagrun for example_branch_datetime_operator to 2024-08-01T00:00:00+00:00, run_after=2024-08-02T00:00:00+00:00
[2024-08-02T05:57:36.071+0000] {logging_mixin.py:120} INFO - [2024-08-02T05:57:36.071+0000] {dag.py:3340} INFO - Setting next_dagrun for example_branch_datetime_operator_2 to 2024-08-01T00:00:00+00:00, run_after=2024-08-02T00:00:00+00:00
[2024-08-02T05:57:36.074+0000] {logging_mixin.py:120} INFO - [2024-08-02T05:57:36.073+0000] {dag.py:3340} INFO - Setting next_dagrun for example_branch_datetime_operator_3 to 2024-08-01T00:00:00+00:00, run_after=2024-08-02T00:00:00+00:00
[2024-08-02T05:57:36.093+0000] {processor.py:176} INFO - Processing /home/airflow/.local/lib/python3.7/site-packages/airflow/example_dags/example_branch_datetime_operator.py took 0.147 seconds
[2024-08-02T05:58:06.538+0000] {processor.py:154} INFO - Started process (PID=4506) to work on /home/airflow/.local/lib/python3.7/site-packages/airflow/example_dags/example_branch_datetime_operator.py
[2024-08-02T05:58:06.541+0000] {processor.py:756} INFO - Processing file /home/airflow/.local/lib/python3.7/site-packages/airflow/example_dags/example_branch_datetime_operator.py for tasks to queue
[2024-08-02T05:58:06.543+0000] {logging_mixin.py:120} INFO - [2024-08-02T05:58:06.543+0000] {dagbag.py:537} INFO - Filling up the DagBag from /home/airflow/.local/lib/python3.7/site-packages/airflow/example_dags/example_branch_datetime_operator.py
[2024-08-02T05:58:06.566+0000] {processor.py:766} INFO - DAG(s) dict_keys(['example_branch_datetime_operator_3', 'example_branch_datetime_operator_2', 'example_branch_datetime_operator']) retrieved from /home/airflow/.local/lib/python3.7/site-packages/airflow/example_dags/example_branch_datetime_operator.py
[2024-08-02T05:58:06.607+0000] {logging_mixin.py:120} INFO - [2024-08-02T05:58:06.607+0000] {dag.py:2585} INFO - Sync 3 DAGs
[2024-08-02T05:58:06.630+0000] {logging_mixin.py:120} INFO - [2024-08-02T05:58:06.629+0000] {dag.py:3340} INFO - Setting next_dagrun for example_branch_datetime_operator to 2024-08-01T00:00:00+00:00, run_after=2024-08-02T00:00:00+00:00
[2024-08-02T05:58:06.634+0000] {logging_mixin.py:120} INFO - [2024-08-02T05:58:06.634+0000] {dag.py:3340} INFO - Setting next_dagrun for example_branch_datetime_operator_2 to 2024-08-01T00:00:00+00:00, run_after=2024-08-02T00:00:00+00:00
[2024-08-02T05:58:06.636+0000] {logging_mixin.py:120} INFO - [2024-08-02T05:58:06.636+0000] {dag.py:3340} INFO - Setting next_dagrun for example_branch_datetime_operator_3 to 2024-08-01T00:00:00+00:00, run_after=2024-08-02T00:00:00+00:00
[2024-08-02T05:58:06.663+0000] {processor.py:176} INFO - Processing /home/airflow/.local/lib/python3.7/site-packages/airflow/example_dags/example_branch_datetime_operator.py took 0.131 seconds
[2024-08-02T05:58:37.217+0000] {processor.py:154} INFO - Started process (PID=4563) to work on /home/airflow/.local/lib/python3.7/site-packages/airflow/example_dags/example_branch_datetime_operator.py
[2024-08-02T05:58:37.219+0000] {processor.py:756} INFO - Processing file /home/airflow/.local/lib/python3.7/site-packages/airflow/example_dags/example_branch_datetime_operator.py for tasks to queue
[2024-08-02T05:58:37.220+0000] {logging_mixin.py:120} INFO - [2024-08-02T05:58:37.220+0000] {dagbag.py:537} INFO - Filling up the DagBag from /home/airflow/.local/lib/python3.7/site-packages/airflow/example_dags/example_branch_datetime_operator.py
[2024-08-02T05:58:37.235+0000] {processor.py:766} INFO - DAG(s) dict_keys(['example_branch_datetime_operator_3', 'example_branch_datetime_operator_2', 'example_branch_datetime_operator']) retrieved from /home/airflow/.local/lib/python3.7/site-packages/airflow/example_dags/example_branch_datetime_operator.py
[2024-08-02T05:58:37.282+0000] {logging_mixin.py:120} INFO - [2024-08-02T05:58:37.282+0000] {dag.py:2585} INFO - Sync 3 DAGs
[2024-08-02T05:58:37.304+0000] {logging_mixin.py:120} INFO - [2024-08-02T05:58:37.304+0000] {dag.py:3340} INFO - Setting next_dagrun for example_branch_datetime_operator to 2024-08-01T00:00:00+00:00, run_after=2024-08-02T00:00:00+00:00
[2024-08-02T05:58:37.308+0000] {logging_mixin.py:120} INFO - [2024-08-02T05:58:37.308+0000] {dag.py:3340} INFO - Setting next_dagrun for example_branch_datetime_operator_2 to 2024-08-01T00:00:00+00:00, run_after=2024-08-02T00:00:00+00:00
[2024-08-02T05:58:37.310+0000] {logging_mixin.py:120} INFO - [2024-08-02T05:58:37.310+0000] {dag.py:3340} INFO - Setting next_dagrun for example_branch_datetime_operator_3 to 2024-08-01T00:00:00+00:00, run_after=2024-08-02T00:00:00+00:00
[2024-08-02T05:58:37.325+0000] {processor.py:176} INFO - Processing /home/airflow/.local/lib/python3.7/site-packages/airflow/example_dags/example_branch_datetime_operator.py took 0.113 seconds
[2024-08-02T05:59:08.368+0000] {processor.py:154} INFO - Started process (PID=4627) to work on /home/airflow/.local/lib/python3.7/site-packages/airflow/example_dags/example_branch_datetime_operator.py
[2024-08-02T05:59:08.370+0000] {processor.py:756} INFO - Processing file /home/airflow/.local/lib/python3.7/site-packages/airflow/example_dags/example_branch_datetime_operator.py for tasks to queue
[2024-08-02T05:59:08.374+0000] {logging_mixin.py:120} INFO - [2024-08-02T05:59:08.374+0000] {dagbag.py:537} INFO - Filling up the DagBag from /home/airflow/.local/lib/python3.7/site-packages/airflow/example_dags/example_branch_datetime_operator.py
[2024-08-02T05:59:08.394+0000] {processor.py:766} INFO - DAG(s) dict_keys(['example_branch_datetime_operator', 'example_branch_datetime_operator_2', 'example_branch_datetime_operator_3']) retrieved from /home/airflow/.local/lib/python3.7/site-packages/airflow/example_dags/example_branch_datetime_operator.py
[2024-08-02T05:59:08.433+0000] {logging_mixin.py:120} INFO - [2024-08-02T05:59:08.432+0000] {dag.py:2585} INFO - Sync 3 DAGs
[2024-08-02T05:59:08.460+0000] {logging_mixin.py:120} INFO - [2024-08-02T05:59:08.460+0000] {dag.py:3340} INFO - Setting next_dagrun for example_branch_datetime_operator to 2024-08-01T00:00:00+00:00, run_after=2024-08-02T00:00:00+00:00
[2024-08-02T05:59:08.464+0000] {logging_mixin.py:120} INFO - [2024-08-02T05:59:08.464+0000] {dag.py:3340} INFO - Setting next_dagrun for example_branch_datetime_operator_2 to 2024-08-01T00:00:00+00:00, run_after=2024-08-02T00:00:00+00:00
[2024-08-02T05:59:08.466+0000] {logging_mixin.py:120} INFO - [2024-08-02T05:59:08.466+0000] {dag.py:3340} INFO - Setting next_dagrun for example_branch_datetime_operator_3 to 2024-08-01T00:00:00+00:00, run_after=2024-08-02T00:00:00+00:00
[2024-08-02T05:59:08.483+0000] {processor.py:176} INFO - Processing /home/airflow/.local/lib/python3.7/site-packages/airflow/example_dags/example_branch_datetime_operator.py took 0.119 seconds
[2024-08-02T05:59:39.151+0000] {processor.py:154} INFO - Started process (PID=4692) to work on /home/airflow/.local/lib/python3.7/site-packages/airflow/example_dags/example_branch_datetime_operator.py
[2024-08-02T05:59:39.152+0000] {processor.py:756} INFO - Processing file /home/airflow/.local/lib/python3.7/site-packages/airflow/example_dags/example_branch_datetime_operator.py for tasks to queue
[2024-08-02T05:59:39.153+0000] {logging_mixin.py:120} INFO - [2024-08-02T05:59:39.153+0000] {dagbag.py:537} INFO - Filling up the DagBag from /home/airflow/.local/lib/python3.7/site-packages/airflow/example_dags/example_branch_datetime_operator.py
[2024-08-02T05:59:39.168+0000] {processor.py:766} INFO - DAG(s) dict_keys(['example_branch_datetime_operator_3', 'example_branch_datetime_operator_2', 'example_branch_datetime_operator']) retrieved from /home/airflow/.local/lib/python3.7/site-packages/airflow/example_dags/example_branch_datetime_operator.py
[2024-08-02T05:59:39.205+0000] {logging_mixin.py:120} INFO - [2024-08-02T05:59:39.205+0000] {dag.py:2585} INFO - Sync 3 DAGs
[2024-08-02T05:59:39.226+0000] {logging_mixin.py:120} INFO - [2024-08-02T05:59:39.225+0000] {dag.py:3340} INFO - Setting next_dagrun for example_branch_datetime_operator to 2024-08-01T00:00:00+00:00, run_after=2024-08-02T00:00:00+00:00
[2024-08-02T05:59:39.229+0000] {logging_mixin.py:120} INFO - [2024-08-02T05:59:39.229+0000] {dag.py:3340} INFO - Setting next_dagrun for example_branch_datetime_operator_2 to 2024-08-01T00:00:00+00:00, run_after=2024-08-02T00:00:00+00:00
[2024-08-02T05:59:39.231+0000] {logging_mixin.py:120} INFO - [2024-08-02T05:59:39.231+0000] {dag.py:3340} INFO - Setting next_dagrun for example_branch_datetime_operator_3 to 2024-08-01T00:00:00+00:00, run_after=2024-08-02T00:00:00+00:00
[2024-08-02T05:59:39.247+0000] {processor.py:176} INFO - Processing /home/airflow/.local/lib/python3.7/site-packages/airflow/example_dags/example_branch_datetime_operator.py took 0.100 seconds
[2024-08-02T06:00:09.849+0000] {processor.py:154} INFO - Started process (PID=4757) to work on /home/airflow/.local/lib/python3.7/site-packages/airflow/example_dags/example_branch_datetime_operator.py
[2024-08-02T06:00:09.853+0000] {processor.py:756} INFO - Processing file /home/airflow/.local/lib/python3.7/site-packages/airflow/example_dags/example_branch_datetime_operator.py for tasks to queue
[2024-08-02T06:00:09.884+0000] {logging_mixin.py:120} INFO - [2024-08-02T06:00:09.884+0000] {dagbag.py:537} INFO - Filling up the DagBag from /home/airflow/.local/lib/python3.7/site-packages/airflow/example_dags/example_branch_datetime_operator.py
[2024-08-02T06:00:09.948+0000] {processor.py:766} INFO - DAG(s) dict_keys(['example_branch_datetime_operator', 'example_branch_datetime_operator_3', 'example_branch_datetime_operator_2']) retrieved from /home/airflow/.local/lib/python3.7/site-packages/airflow/example_dags/example_branch_datetime_operator.py
[2024-08-02T06:00:09.996+0000] {logging_mixin.py:120} INFO - [2024-08-02T06:00:09.996+0000] {dag.py:2585} INFO - Sync 3 DAGs
[2024-08-02T06:00:10.024+0000] {logging_mixin.py:120} INFO - [2024-08-02T06:00:10.023+0000] {dag.py:3340} INFO - Setting next_dagrun for example_branch_datetime_operator to 2024-08-01T00:00:00+00:00, run_after=2024-08-02T00:00:00+00:00
[2024-08-02T06:00:10.033+0000] {logging_mixin.py:120} INFO - [2024-08-02T06:00:10.033+0000] {dag.py:3340} INFO - Setting next_dagrun for example_branch_datetime_operator_2 to 2024-08-01T00:00:00+00:00, run_after=2024-08-02T00:00:00+00:00
[2024-08-02T06:00:10.037+0000] {logging_mixin.py:120} INFO - [2024-08-02T06:00:10.037+0000] {dag.py:3340} INFO - Setting next_dagrun for example_branch_datetime_operator_3 to 2024-08-01T00:00:00+00:00, run_after=2024-08-02T00:00:00+00:00
[2024-08-02T06:00:10.077+0000] {processor.py:176} INFO - Processing /home/airflow/.local/lib/python3.7/site-packages/airflow/example_dags/example_branch_datetime_operator.py took 0.231 seconds
[2024-08-02T06:00:40.218+0000] {processor.py:154} INFO - Started process (PID=4822) to work on /home/airflow/.local/lib/python3.7/site-packages/airflow/example_dags/example_branch_datetime_operator.py
[2024-08-02T06:00:40.219+0000] {processor.py:756} INFO - Processing file /home/airflow/.local/lib/python3.7/site-packages/airflow/example_dags/example_branch_datetime_operator.py for tasks to queue
[2024-08-02T06:00:40.220+0000] {logging_mixin.py:120} INFO - [2024-08-02T06:00:40.220+0000] {dagbag.py:537} INFO - Filling up the DagBag from /home/airflow/.local/lib/python3.7/site-packages/airflow/example_dags/example_branch_datetime_operator.py
[2024-08-02T06:00:40.242+0000] {processor.py:766} INFO - DAG(s) dict_keys(['example_branch_datetime_operator', 'example_branch_datetime_operator_3', 'example_branch_datetime_operator_2']) retrieved from /home/airflow/.local/lib/python3.7/site-packages/airflow/example_dags/example_branch_datetime_operator.py
[2024-08-02T06:00:40.297+0000] {logging_mixin.py:120} INFO - [2024-08-02T06:00:40.297+0000] {dag.py:2585} INFO - Sync 3 DAGs
[2024-08-02T06:00:40.323+0000] {logging_mixin.py:120} INFO - [2024-08-02T06:00:40.323+0000] {dag.py:3340} INFO - Setting next_dagrun for example_branch_datetime_operator to 2024-08-01T00:00:00+00:00, run_after=2024-08-02T00:00:00+00:00
[2024-08-02T06:00:40.328+0000] {logging_mixin.py:120} INFO - [2024-08-02T06:00:40.328+0000] {dag.py:3340} INFO - Setting next_dagrun for example_branch_datetime_operator_2 to 2024-08-01T00:00:00+00:00, run_after=2024-08-02T00:00:00+00:00
[2024-08-02T06:00:40.331+0000] {logging_mixin.py:120} INFO - [2024-08-02T06:00:40.331+0000] {dag.py:3340} INFO - Setting next_dagrun for example_branch_datetime_operator_3 to 2024-08-01T00:00:00+00:00, run_after=2024-08-02T00:00:00+00:00
[2024-08-02T06:00:40.357+0000] {processor.py:176} INFO - Processing /home/airflow/.local/lib/python3.7/site-packages/airflow/example_dags/example_branch_datetime_operator.py took 0.142 seconds
[2024-08-02T06:01:11.413+0000] {processor.py:154} INFO - Started process (PID=4878) to work on /home/airflow/.local/lib/python3.7/site-packages/airflow/example_dags/example_branch_datetime_operator.py
[2024-08-02T06:01:11.414+0000] {processor.py:756} INFO - Processing file /home/airflow/.local/lib/python3.7/site-packages/airflow/example_dags/example_branch_datetime_operator.py for tasks to queue
[2024-08-02T06:01:11.415+0000] {logging_mixin.py:120} INFO - [2024-08-02T06:01:11.415+0000] {dagbag.py:537} INFO - Filling up the DagBag from /home/airflow/.local/lib/python3.7/site-packages/airflow/example_dags/example_branch_datetime_operator.py
[2024-08-02T06:01:11.433+0000] {processor.py:766} INFO - DAG(s) dict_keys(['example_branch_datetime_operator', 'example_branch_datetime_operator_2', 'example_branch_datetime_operator_3']) retrieved from /home/airflow/.local/lib/python3.7/site-packages/airflow/example_dags/example_branch_datetime_operator.py
[2024-08-02T06:01:11.512+0000] {logging_mixin.py:120} INFO - [2024-08-02T06:01:11.512+0000] {dag.py:2585} INFO - Sync 3 DAGs
[2024-08-02T06:01:11.539+0000] {logging_mixin.py:120} INFO - [2024-08-02T06:01:11.539+0000] {dag.py:3340} INFO - Setting next_dagrun for example_branch_datetime_operator to 2024-08-01T00:00:00+00:00, run_after=2024-08-02T00:00:00+00:00
[2024-08-02T06:01:11.547+0000] {logging_mixin.py:120} INFO - [2024-08-02T06:01:11.547+0000] {dag.py:3340} INFO - Setting next_dagrun for example_branch_datetime_operator_2 to 2024-08-01T00:00:00+00:00, run_after=2024-08-02T00:00:00+00:00
[2024-08-02T06:01:11.550+0000] {logging_mixin.py:120} INFO - [2024-08-02T06:01:11.550+0000] {dag.py:3340} INFO - Setting next_dagrun for example_branch_datetime_operator_3 to 2024-08-01T00:00:00+00:00, run_after=2024-08-02T00:00:00+00:00
[2024-08-02T06:01:11.573+0000] {processor.py:176} INFO - Processing /home/airflow/.local/lib/python3.7/site-packages/airflow/example_dags/example_branch_datetime_operator.py took 0.163 seconds
[2024-08-02T06:01:41.904+0000] {processor.py:154} INFO - Started process (PID=4944) to work on /home/airflow/.local/lib/python3.7/site-packages/airflow/example_dags/example_branch_datetime_operator.py
[2024-08-02T06:01:41.905+0000] {processor.py:756} INFO - Processing file /home/airflow/.local/lib/python3.7/site-packages/airflow/example_dags/example_branch_datetime_operator.py for tasks to queue
[2024-08-02T06:01:41.907+0000] {logging_mixin.py:120} INFO - [2024-08-02T06:01:41.907+0000] {dagbag.py:537} INFO - Filling up the DagBag from /home/airflow/.local/lib/python3.7/site-packages/airflow/example_dags/example_branch_datetime_operator.py
[2024-08-02T06:01:41.930+0000] {processor.py:766} INFO - DAG(s) dict_keys(['example_branch_datetime_operator_3', 'example_branch_datetime_operator_2', 'example_branch_datetime_operator']) retrieved from /home/airflow/.local/lib/python3.7/site-packages/airflow/example_dags/example_branch_datetime_operator.py
[2024-08-02T06:01:41.971+0000] {logging_mixin.py:120} INFO - [2024-08-02T06:01:41.971+0000] {dag.py:2585} INFO - Sync 3 DAGs
[2024-08-02T06:01:41.996+0000] {logging_mixin.py:120} INFO - [2024-08-02T06:01:41.995+0000] {dag.py:3340} INFO - Setting next_dagrun for example_branch_datetime_operator to 2024-08-01T00:00:00+00:00, run_after=2024-08-02T00:00:00+00:00
[2024-08-02T06:01:42.000+0000] {logging_mixin.py:120} INFO - [2024-08-02T06:01:42.000+0000] {dag.py:3340} INFO - Setting next_dagrun for example_branch_datetime_operator_2 to 2024-08-01T00:00:00+00:00, run_after=2024-08-02T00:00:00+00:00
[2024-08-02T06:01:42.004+0000] {logging_mixin.py:120} INFO - [2024-08-02T06:01:42.004+0000] {dag.py:3340} INFO - Setting next_dagrun for example_branch_datetime_operator_3 to 2024-08-01T00:00:00+00:00, run_after=2024-08-02T00:00:00+00:00
[2024-08-02T06:01:42.040+0000] {processor.py:176} INFO - Processing /home/airflow/.local/lib/python3.7/site-packages/airflow/example_dags/example_branch_datetime_operator.py took 0.141 seconds
[2024-08-02T06:02:12.694+0000] {processor.py:154} INFO - Started process (PID=5009) to work on /home/airflow/.local/lib/python3.7/site-packages/airflow/example_dags/example_branch_datetime_operator.py
[2024-08-02T06:02:12.695+0000] {processor.py:756} INFO - Processing file /home/airflow/.local/lib/python3.7/site-packages/airflow/example_dags/example_branch_datetime_operator.py for tasks to queue
[2024-08-02T06:02:12.697+0000] {logging_mixin.py:120} INFO - [2024-08-02T06:02:12.697+0000] {dagbag.py:537} INFO - Filling up the DagBag from /home/airflow/.local/lib/python3.7/site-packages/airflow/example_dags/example_branch_datetime_operator.py
[2024-08-02T06:02:12.712+0000] {processor.py:766} INFO - DAG(s) dict_keys(['example_branch_datetime_operator_3', 'example_branch_datetime_operator', 'example_branch_datetime_operator_2']) retrieved from /home/airflow/.local/lib/python3.7/site-packages/airflow/example_dags/example_branch_datetime_operator.py
[2024-08-02T06:02:12.755+0000] {logging_mixin.py:120} INFO - [2024-08-02T06:02:12.755+0000] {dag.py:2585} INFO - Sync 3 DAGs
[2024-08-02T06:02:12.776+0000] {logging_mixin.py:120} INFO - [2024-08-02T06:02:12.776+0000] {dag.py:3340} INFO - Setting next_dagrun for example_branch_datetime_operator to 2024-08-01T00:00:00+00:00, run_after=2024-08-02T00:00:00+00:00
[2024-08-02T06:02:12.780+0000] {logging_mixin.py:120} INFO - [2024-08-02T06:02:12.780+0000] {dag.py:3340} INFO - Setting next_dagrun for example_branch_datetime_operator_2 to 2024-08-01T00:00:00+00:00, run_after=2024-08-02T00:00:00+00:00
[2024-08-02T06:02:12.783+0000] {logging_mixin.py:120} INFO - [2024-08-02T06:02:12.783+0000] {dag.py:3340} INFO - Setting next_dagrun for example_branch_datetime_operator_3 to 2024-08-01T00:00:00+00:00, run_after=2024-08-02T00:00:00+00:00
[2024-08-02T06:02:12.799+0000] {processor.py:176} INFO - Processing /home/airflow/.local/lib/python3.7/site-packages/airflow/example_dags/example_branch_datetime_operator.py took 0.109 seconds
[2024-08-02T06:02:42.918+0000] {processor.py:154} INFO - Started process (PID=5075) to work on /home/airflow/.local/lib/python3.7/site-packages/airflow/example_dags/example_branch_datetime_operator.py
[2024-08-02T06:02:42.919+0000] {processor.py:756} INFO - Processing file /home/airflow/.local/lib/python3.7/site-packages/airflow/example_dags/example_branch_datetime_operator.py for tasks to queue
[2024-08-02T06:02:42.920+0000] {logging_mixin.py:120} INFO - [2024-08-02T06:02:42.920+0000] {dagbag.py:537} INFO - Filling up the DagBag from /home/airflow/.local/lib/python3.7/site-packages/airflow/example_dags/example_branch_datetime_operator.py
[2024-08-02T06:02:42.941+0000] {processor.py:766} INFO - DAG(s) dict_keys(['example_branch_datetime_operator_3', 'example_branch_datetime_operator', 'example_branch_datetime_operator_2']) retrieved from /home/airflow/.local/lib/python3.7/site-packages/airflow/example_dags/example_branch_datetime_operator.py
[2024-08-02T06:02:42.998+0000] {logging_mixin.py:120} INFO - [2024-08-02T06:02:42.998+0000] {dag.py:2585} INFO - Sync 3 DAGs
[2024-08-02T06:02:43.022+0000] {logging_mixin.py:120} INFO - [2024-08-02T06:02:43.022+0000] {dag.py:3340} INFO - Setting next_dagrun for example_branch_datetime_operator to 2024-08-01T00:00:00+00:00, run_after=2024-08-02T00:00:00+00:00
[2024-08-02T06:02:43.030+0000] {logging_mixin.py:120} INFO - [2024-08-02T06:02:43.030+0000] {dag.py:3340} INFO - Setting next_dagrun for example_branch_datetime_operator_2 to 2024-08-01T00:00:00+00:00, run_after=2024-08-02T00:00:00+00:00
[2024-08-02T06:02:43.033+0000] {logging_mixin.py:120} INFO - [2024-08-02T06:02:43.033+0000] {dag.py:3340} INFO - Setting next_dagrun for example_branch_datetime_operator_3 to 2024-08-01T00:00:00+00:00, run_after=2024-08-02T00:00:00+00:00
[2024-08-02T06:02:43.058+0000] {processor.py:176} INFO - Processing /home/airflow/.local/lib/python3.7/site-packages/airflow/example_dags/example_branch_datetime_operator.py took 0.143 seconds
[2024-08-02T06:03:13.176+0000] {processor.py:154} INFO - Started process (PID=5132) to work on /home/airflow/.local/lib/python3.7/site-packages/airflow/example_dags/example_branch_datetime_operator.py
[2024-08-02T06:03:13.178+0000] {processor.py:756} INFO - Processing file /home/airflow/.local/lib/python3.7/site-packages/airflow/example_dags/example_branch_datetime_operator.py for tasks to queue
[2024-08-02T06:03:13.179+0000] {logging_mixin.py:120} INFO - [2024-08-02T06:03:13.179+0000] {dagbag.py:537} INFO - Filling up the DagBag from /home/airflow/.local/lib/python3.7/site-packages/airflow/example_dags/example_branch_datetime_operator.py
[2024-08-02T06:03:13.198+0000] {processor.py:766} INFO - DAG(s) dict_keys(['example_branch_datetime_operator', 'example_branch_datetime_operator_2', 'example_branch_datetime_operator_3']) retrieved from /home/airflow/.local/lib/python3.7/site-packages/airflow/example_dags/example_branch_datetime_operator.py
[2024-08-02T06:03:13.246+0000] {logging_mixin.py:120} INFO - [2024-08-02T06:03:13.245+0000] {dag.py:2585} INFO - Sync 3 DAGs
[2024-08-02T06:03:13.271+0000] {logging_mixin.py:120} INFO - [2024-08-02T06:03:13.271+0000] {dag.py:3340} INFO - Setting next_dagrun for example_branch_datetime_operator to 2024-08-01T00:00:00+00:00, run_after=2024-08-02T00:00:00+00:00
[2024-08-02T06:03:13.278+0000] {logging_mixin.py:120} INFO - [2024-08-02T06:03:13.278+0000] {dag.py:3340} INFO - Setting next_dagrun for example_branch_datetime_operator_2 to 2024-08-01T00:00:00+00:00, run_after=2024-08-02T00:00:00+00:00
[2024-08-02T06:03:13.282+0000] {logging_mixin.py:120} INFO - [2024-08-02T06:03:13.282+0000] {dag.py:3340} INFO - Setting next_dagrun for example_branch_datetime_operator_3 to 2024-08-01T00:00:00+00:00, run_after=2024-08-02T00:00:00+00:00
[2024-08-02T06:03:13.306+0000] {processor.py:176} INFO - Processing /home/airflow/.local/lib/python3.7/site-packages/airflow/example_dags/example_branch_datetime_operator.py took 0.132 seconds
[2024-08-02T06:03:43.782+0000] {processor.py:154} INFO - Started process (PID=5198) to work on /home/airflow/.local/lib/python3.7/site-packages/airflow/example_dags/example_branch_datetime_operator.py
[2024-08-02T06:03:43.783+0000] {processor.py:756} INFO - Processing file /home/airflow/.local/lib/python3.7/site-packages/airflow/example_dags/example_branch_datetime_operator.py for tasks to queue
[2024-08-02T06:03:43.784+0000] {logging_mixin.py:120} INFO - [2024-08-02T06:03:43.784+0000] {dagbag.py:537} INFO - Filling up the DagBag from /home/airflow/.local/lib/python3.7/site-packages/airflow/example_dags/example_branch_datetime_operator.py
[2024-08-02T06:03:43.802+0000] {processor.py:766} INFO - DAG(s) dict_keys(['example_branch_datetime_operator', 'example_branch_datetime_operator_3', 'example_branch_datetime_operator_2']) retrieved from /home/airflow/.local/lib/python3.7/site-packages/airflow/example_dags/example_branch_datetime_operator.py
[2024-08-02T06:03:43.844+0000] {logging_mixin.py:120} INFO - [2024-08-02T06:03:43.844+0000] {dag.py:2585} INFO - Sync 3 DAGs
[2024-08-02T06:03:43.864+0000] {logging_mixin.py:120} INFO - [2024-08-02T06:03:43.864+0000] {dag.py:3340} INFO - Setting next_dagrun for example_branch_datetime_operator to 2024-08-01T00:00:00+00:00, run_after=2024-08-02T00:00:00+00:00
[2024-08-02T06:03:43.868+0000] {logging_mixin.py:120} INFO - [2024-08-02T06:03:43.868+0000] {dag.py:3340} INFO - Setting next_dagrun for example_branch_datetime_operator_2 to 2024-08-01T00:00:00+00:00, run_after=2024-08-02T00:00:00+00:00
[2024-08-02T06:03:43.870+0000] {logging_mixin.py:120} INFO - [2024-08-02T06:03:43.870+0000] {dag.py:3340} INFO - Setting next_dagrun for example_branch_datetime_operator_3 to 2024-08-01T00:00:00+00:00, run_after=2024-08-02T00:00:00+00:00
[2024-08-02T06:03:43.888+0000] {processor.py:176} INFO - Processing /home/airflow/.local/lib/python3.7/site-packages/airflow/example_dags/example_branch_datetime_operator.py took 0.110 seconds
[2024-08-02T06:04:14.368+0000] {processor.py:154} INFO - Started process (PID=5262) to work on /home/airflow/.local/lib/python3.7/site-packages/airflow/example_dags/example_branch_datetime_operator.py
[2024-08-02T06:04:14.372+0000] {processor.py:756} INFO - Processing file /home/airflow/.local/lib/python3.7/site-packages/airflow/example_dags/example_branch_datetime_operator.py for tasks to queue
[2024-08-02T06:04:14.400+0000] {logging_mixin.py:120} INFO - [2024-08-02T06:04:14.400+0000] {dagbag.py:537} INFO - Filling up the DagBag from /home/airflow/.local/lib/python3.7/site-packages/airflow/example_dags/example_branch_datetime_operator.py
[2024-08-02T06:04:14.422+0000] {processor.py:766} INFO - DAG(s) dict_keys(['example_branch_datetime_operator', 'example_branch_datetime_operator_3', 'example_branch_datetime_operator_2']) retrieved from /home/airflow/.local/lib/python3.7/site-packages/airflow/example_dags/example_branch_datetime_operator.py
[2024-08-02T06:04:14.465+0000] {logging_mixin.py:120} INFO - [2024-08-02T06:04:14.465+0000] {dag.py:2585} INFO - Sync 3 DAGs
[2024-08-02T06:04:14.484+0000] {logging_mixin.py:120} INFO - [2024-08-02T06:04:14.484+0000] {dag.py:3340} INFO - Setting next_dagrun for example_branch_datetime_operator to 2024-08-01T00:00:00+00:00, run_after=2024-08-02T00:00:00+00:00
[2024-08-02T06:04:14.496+0000] {logging_mixin.py:120} INFO - [2024-08-02T06:04:14.496+0000] {dag.py:3340} INFO - Setting next_dagrun for example_branch_datetime_operator_2 to 2024-08-01T00:00:00+00:00, run_after=2024-08-02T00:00:00+00:00
[2024-08-02T06:04:14.507+0000] {logging_mixin.py:120} INFO - [2024-08-02T06:04:14.507+0000] {dag.py:3340} INFO - Setting next_dagrun for example_branch_datetime_operator_3 to 2024-08-01T00:00:00+00:00, run_after=2024-08-02T00:00:00+00:00
[2024-08-02T06:04:14.529+0000] {processor.py:176} INFO - Processing /home/airflow/.local/lib/python3.7/site-packages/airflow/example_dags/example_branch_datetime_operator.py took 0.166 seconds
[2024-08-02T06:04:45.348+0000] {processor.py:154} INFO - Started process (PID=5328) to work on /home/airflow/.local/lib/python3.7/site-packages/airflow/example_dags/example_branch_datetime_operator.py
[2024-08-02T06:04:45.349+0000] {processor.py:756} INFO - Processing file /home/airflow/.local/lib/python3.7/site-packages/airflow/example_dags/example_branch_datetime_operator.py for tasks to queue
[2024-08-02T06:04:45.351+0000] {logging_mixin.py:120} INFO - [2024-08-02T06:04:45.350+0000] {dagbag.py:537} INFO - Filling up the DagBag from /home/airflow/.local/lib/python3.7/site-packages/airflow/example_dags/example_branch_datetime_operator.py
[2024-08-02T06:04:45.365+0000] {processor.py:766} INFO - DAG(s) dict_keys(['example_branch_datetime_operator_3', 'example_branch_datetime_operator', 'example_branch_datetime_operator_2']) retrieved from /home/airflow/.local/lib/python3.7/site-packages/airflow/example_dags/example_branch_datetime_operator.py
[2024-08-02T06:04:45.413+0000] {logging_mixin.py:120} INFO - [2024-08-02T06:04:45.413+0000] {dag.py:2585} INFO - Sync 3 DAGs
[2024-08-02T06:04:45.435+0000] {logging_mixin.py:120} INFO - [2024-08-02T06:04:45.435+0000] {dag.py:3340} INFO - Setting next_dagrun for example_branch_datetime_operator to 2024-08-01T00:00:00+00:00, run_after=2024-08-02T00:00:00+00:00
[2024-08-02T06:04:45.439+0000] {logging_mixin.py:120} INFO - [2024-08-02T06:04:45.439+0000] {dag.py:3340} INFO - Setting next_dagrun for example_branch_datetime_operator_2 to 2024-08-01T00:00:00+00:00, run_after=2024-08-02T00:00:00+00:00
[2024-08-02T06:04:45.442+0000] {logging_mixin.py:120} INFO - [2024-08-02T06:04:45.442+0000] {dag.py:3340} INFO - Setting next_dagrun for example_branch_datetime_operator_3 to 2024-08-01T00:00:00+00:00, run_after=2024-08-02T00:00:00+00:00
[2024-08-02T06:04:45.459+0000] {processor.py:176} INFO - Processing /home/airflow/.local/lib/python3.7/site-packages/airflow/example_dags/example_branch_datetime_operator.py took 0.113 seconds
[2024-08-02T06:05:16.205+0000] {processor.py:154} INFO - Started process (PID=5392) to work on /home/airflow/.local/lib/python3.7/site-packages/airflow/example_dags/example_branch_datetime_operator.py
[2024-08-02T06:05:16.207+0000] {processor.py:756} INFO - Processing file /home/airflow/.local/lib/python3.7/site-packages/airflow/example_dags/example_branch_datetime_operator.py for tasks to queue
[2024-08-02T06:05:16.208+0000] {logging_mixin.py:120} INFO - [2024-08-02T06:05:16.208+0000] {dagbag.py:537} INFO - Filling up the DagBag from /home/airflow/.local/lib/python3.7/site-packages/airflow/example_dags/example_branch_datetime_operator.py
[2024-08-02T06:05:16.238+0000] {processor.py:766} INFO - DAG(s) dict_keys(['example_branch_datetime_operator_2', 'example_branch_datetime_operator', 'example_branch_datetime_operator_3']) retrieved from /home/airflow/.local/lib/python3.7/site-packages/airflow/example_dags/example_branch_datetime_operator.py
[2024-08-02T06:05:16.309+0000] {logging_mixin.py:120} INFO - [2024-08-02T06:05:16.308+0000] {dag.py:2585} INFO - Sync 3 DAGs
[2024-08-02T06:05:16.362+0000] {logging_mixin.py:120} INFO - [2024-08-02T06:05:16.362+0000] {dag.py:3340} INFO - Setting next_dagrun for example_branch_datetime_operator to 2024-08-01T00:00:00+00:00, run_after=2024-08-02T00:00:00+00:00
[2024-08-02T06:05:16.374+0000] {logging_mixin.py:120} INFO - [2024-08-02T06:05:16.373+0000] {dag.py:3340} INFO - Setting next_dagrun for example_branch_datetime_operator_2 to 2024-08-01T00:00:00+00:00, run_after=2024-08-02T00:00:00+00:00
[2024-08-02T06:05:16.378+0000] {logging_mixin.py:120} INFO - [2024-08-02T06:05:16.378+0000] {dag.py:3340} INFO - Setting next_dagrun for example_branch_datetime_operator_3 to 2024-08-01T00:00:00+00:00, run_after=2024-08-02T00:00:00+00:00
[2024-08-02T06:05:16.412+0000] {processor.py:176} INFO - Processing /home/airflow/.local/lib/python3.7/site-packages/airflow/example_dags/example_branch_datetime_operator.py took 0.211 seconds
[2024-08-02T06:05:47.247+0000] {processor.py:154} INFO - Started process (PID=5448) to work on /home/airflow/.local/lib/python3.7/site-packages/airflow/example_dags/example_branch_datetime_operator.py
[2024-08-02T06:05:47.248+0000] {processor.py:756} INFO - Processing file /home/airflow/.local/lib/python3.7/site-packages/airflow/example_dags/example_branch_datetime_operator.py for tasks to queue
[2024-08-02T06:05:47.248+0000] {logging_mixin.py:120} INFO - [2024-08-02T06:05:47.248+0000] {dagbag.py:537} INFO - Filling up the DagBag from /home/airflow/.local/lib/python3.7/site-packages/airflow/example_dags/example_branch_datetime_operator.py
[2024-08-02T06:05:47.260+0000] {processor.py:766} INFO - DAG(s) dict_keys(['example_branch_datetime_operator_3', 'example_branch_datetime_operator', 'example_branch_datetime_operator_2']) retrieved from /home/airflow/.local/lib/python3.7/site-packages/airflow/example_dags/example_branch_datetime_operator.py
[2024-08-02T06:05:47.307+0000] {logging_mixin.py:120} INFO - [2024-08-02T06:05:47.307+0000] {dag.py:2585} INFO - Sync 3 DAGs
[2024-08-02T06:05:47.330+0000] {logging_mixin.py:120} INFO - [2024-08-02T06:05:47.330+0000] {dag.py:3340} INFO - Setting next_dagrun for example_branch_datetime_operator to 2024-08-01T00:00:00+00:00, run_after=2024-08-02T00:00:00+00:00
[2024-08-02T06:05:47.334+0000] {logging_mixin.py:120} INFO - [2024-08-02T06:05:47.334+0000] {dag.py:3340} INFO - Setting next_dagrun for example_branch_datetime_operator_2 to 2024-08-01T00:00:00+00:00, run_after=2024-08-02T00:00:00+00:00
[2024-08-02T06:05:47.338+0000] {logging_mixin.py:120} INFO - [2024-08-02T06:05:47.337+0000] {dag.py:3340} INFO - Setting next_dagrun for example_branch_datetime_operator_3 to 2024-08-01T00:00:00+00:00, run_after=2024-08-02T00:00:00+00:00
[2024-08-02T06:05:47.358+0000] {processor.py:176} INFO - Processing /home/airflow/.local/lib/python3.7/site-packages/airflow/example_dags/example_branch_datetime_operator.py took 0.114 seconds
[2024-08-02T06:06:17.983+0000] {processor.py:154} INFO - Started process (PID=5513) to work on /home/airflow/.local/lib/python3.7/site-packages/airflow/example_dags/example_branch_datetime_operator.py
[2024-08-02T06:06:17.984+0000] {processor.py:756} INFO - Processing file /home/airflow/.local/lib/python3.7/site-packages/airflow/example_dags/example_branch_datetime_operator.py for tasks to queue
[2024-08-02T06:06:17.985+0000] {logging_mixin.py:120} INFO - [2024-08-02T06:06:17.985+0000] {dagbag.py:537} INFO - Filling up the DagBag from /home/airflow/.local/lib/python3.7/site-packages/airflow/example_dags/example_branch_datetime_operator.py
[2024-08-02T06:06:18.004+0000] {processor.py:766} INFO - DAG(s) dict_keys(['example_branch_datetime_operator', 'example_branch_datetime_operator_2', 'example_branch_datetime_operator_3']) retrieved from /home/airflow/.local/lib/python3.7/site-packages/airflow/example_dags/example_branch_datetime_operator.py
[2024-08-02T06:06:18.044+0000] {logging_mixin.py:120} INFO - [2024-08-02T06:06:18.044+0000] {dag.py:2585} INFO - Sync 3 DAGs
[2024-08-02T06:06:18.077+0000] {logging_mixin.py:120} INFO - [2024-08-02T06:06:18.077+0000] {dag.py:3340} INFO - Setting next_dagrun for example_branch_datetime_operator to 2024-08-01T00:00:00+00:00, run_after=2024-08-02T00:00:00+00:00
[2024-08-02T06:06:18.082+0000] {logging_mixin.py:120} INFO - [2024-08-02T06:06:18.082+0000] {dag.py:3340} INFO - Setting next_dagrun for example_branch_datetime_operator_2 to 2024-08-01T00:00:00+00:00, run_after=2024-08-02T00:00:00+00:00
[2024-08-02T06:06:18.084+0000] {logging_mixin.py:120} INFO - [2024-08-02T06:06:18.084+0000] {dag.py:3340} INFO - Setting next_dagrun for example_branch_datetime_operator_3 to 2024-08-01T00:00:00+00:00, run_after=2024-08-02T00:00:00+00:00
[2024-08-02T06:06:18.110+0000] {processor.py:176} INFO - Processing /home/airflow/.local/lib/python3.7/site-packages/airflow/example_dags/example_branch_datetime_operator.py took 0.131 seconds
[2024-08-02T06:06:48.708+0000] {processor.py:154} INFO - Started process (PID=5579) to work on /home/airflow/.local/lib/python3.7/site-packages/airflow/example_dags/example_branch_datetime_operator.py
[2024-08-02T06:06:48.709+0000] {processor.py:756} INFO - Processing file /home/airflow/.local/lib/python3.7/site-packages/airflow/example_dags/example_branch_datetime_operator.py for tasks to queue
[2024-08-02T06:06:48.710+0000] {logging_mixin.py:120} INFO - [2024-08-02T06:06:48.710+0000] {dagbag.py:537} INFO - Filling up the DagBag from /home/airflow/.local/lib/python3.7/site-packages/airflow/example_dags/example_branch_datetime_operator.py
[2024-08-02T06:06:48.732+0000] {processor.py:766} INFO - DAG(s) dict_keys(['example_branch_datetime_operator_2', 'example_branch_datetime_operator_3', 'example_branch_datetime_operator']) retrieved from /home/airflow/.local/lib/python3.7/site-packages/airflow/example_dags/example_branch_datetime_operator.py
[2024-08-02T06:06:48.789+0000] {logging_mixin.py:120} INFO - [2024-08-02T06:06:48.789+0000] {dag.py:2585} INFO - Sync 3 DAGs
[2024-08-02T06:06:48.829+0000] {logging_mixin.py:120} INFO - [2024-08-02T06:06:48.829+0000] {dag.py:3340} INFO - Setting next_dagrun for example_branch_datetime_operator to 2024-08-01T00:00:00+00:00, run_after=2024-08-02T00:00:00+00:00
[2024-08-02T06:06:48.834+0000] {logging_mixin.py:120} INFO - [2024-08-02T06:06:48.834+0000] {dag.py:3340} INFO - Setting next_dagrun for example_branch_datetime_operator_2 to 2024-08-01T00:00:00+00:00, run_after=2024-08-02T00:00:00+00:00
[2024-08-02T06:06:48.838+0000] {logging_mixin.py:120} INFO - [2024-08-02T06:06:48.838+0000] {dag.py:3340} INFO - Setting next_dagrun for example_branch_datetime_operator_3 to 2024-08-01T00:00:00+00:00, run_after=2024-08-02T00:00:00+00:00
[2024-08-02T06:06:48.863+0000] {processor.py:176} INFO - Processing /home/airflow/.local/lib/python3.7/site-packages/airflow/example_dags/example_branch_datetime_operator.py took 0.157 seconds
[2024-08-02T06:07:18.910+0000] {processor.py:154} INFO - Started process (PID=5645) to work on /home/airflow/.local/lib/python3.7/site-packages/airflow/example_dags/example_branch_datetime_operator.py
[2024-08-02T06:07:18.911+0000] {processor.py:756} INFO - Processing file /home/airflow/.local/lib/python3.7/site-packages/airflow/example_dags/example_branch_datetime_operator.py for tasks to queue
[2024-08-02T06:07:18.913+0000] {logging_mixin.py:120} INFO - [2024-08-02T06:07:18.913+0000] {dagbag.py:537} INFO - Filling up the DagBag from /home/airflow/.local/lib/python3.7/site-packages/airflow/example_dags/example_branch_datetime_operator.py
[2024-08-02T06:07:18.932+0000] {processor.py:766} INFO - DAG(s) dict_keys(['example_branch_datetime_operator_3', 'example_branch_datetime_operator_2', 'example_branch_datetime_operator']) retrieved from /home/airflow/.local/lib/python3.7/site-packages/airflow/example_dags/example_branch_datetime_operator.py
[2024-08-02T06:07:18.969+0000] {logging_mixin.py:120} INFO - [2024-08-02T06:07:18.969+0000] {dag.py:2585} INFO - Sync 3 DAGs
[2024-08-02T06:07:18.990+0000] {logging_mixin.py:120} INFO - [2024-08-02T06:07:18.990+0000] {dag.py:3340} INFO - Setting next_dagrun for example_branch_datetime_operator to 2024-08-01T00:00:00+00:00, run_after=2024-08-02T00:00:00+00:00
[2024-08-02T06:07:19.007+0000] {logging_mixin.py:120} INFO - [2024-08-02T06:07:19.007+0000] {dag.py:3340} INFO - Setting next_dagrun for example_branch_datetime_operator_2 to 2024-08-01T00:00:00+00:00, run_after=2024-08-02T00:00:00+00:00
[2024-08-02T06:07:19.010+0000] {logging_mixin.py:120} INFO - [2024-08-02T06:07:19.010+0000] {dag.py:3340} INFO - Setting next_dagrun for example_branch_datetime_operator_3 to 2024-08-01T00:00:00+00:00, run_after=2024-08-02T00:00:00+00:00
[2024-08-02T06:07:19.098+0000] {processor.py:176} INFO - Processing /home/airflow/.local/lib/python3.7/site-packages/airflow/example_dags/example_branch_datetime_operator.py took 0.192 seconds
[2024-08-02T06:07:49.550+0000] {processor.py:154} INFO - Started process (PID=5701) to work on /home/airflow/.local/lib/python3.7/site-packages/airflow/example_dags/example_branch_datetime_operator.py
[2024-08-02T06:07:49.552+0000] {processor.py:756} INFO - Processing file /home/airflow/.local/lib/python3.7/site-packages/airflow/example_dags/example_branch_datetime_operator.py for tasks to queue
[2024-08-02T06:07:49.555+0000] {logging_mixin.py:120} INFO - [2024-08-02T06:07:49.555+0000] {dagbag.py:537} INFO - Filling up the DagBag from /home/airflow/.local/lib/python3.7/site-packages/airflow/example_dags/example_branch_datetime_operator.py
[2024-08-02T06:07:49.574+0000] {processor.py:766} INFO - DAG(s) dict_keys(['example_branch_datetime_operator_2', 'example_branch_datetime_operator', 'example_branch_datetime_operator_3']) retrieved from /home/airflow/.local/lib/python3.7/site-packages/airflow/example_dags/example_branch_datetime_operator.py
[2024-08-02T06:07:49.615+0000] {logging_mixin.py:120} INFO - [2024-08-02T06:07:49.615+0000] {dag.py:2585} INFO - Sync 3 DAGs
[2024-08-02T06:07:49.636+0000] {logging_mixin.py:120} INFO - [2024-08-02T06:07:49.636+0000] {dag.py:3340} INFO - Setting next_dagrun for example_branch_datetime_operator to 2024-08-01T00:00:00+00:00, run_after=2024-08-02T00:00:00+00:00
[2024-08-02T06:07:49.641+0000] {logging_mixin.py:120} INFO - [2024-08-02T06:07:49.641+0000] {dag.py:3340} INFO - Setting next_dagrun for example_branch_datetime_operator_2 to 2024-08-01T00:00:00+00:00, run_after=2024-08-02T00:00:00+00:00
[2024-08-02T06:07:49.643+0000] {logging_mixin.py:120} INFO - [2024-08-02T06:07:49.643+0000] {dag.py:3340} INFO - Setting next_dagrun for example_branch_datetime_operator_3 to 2024-08-01T00:00:00+00:00, run_after=2024-08-02T00:00:00+00:00
[2024-08-02T06:07:49.665+0000] {processor.py:176} INFO - Processing /home/airflow/.local/lib/python3.7/site-packages/airflow/example_dags/example_branch_datetime_operator.py took 0.117 seconds
[2024-08-02T06:08:20.054+0000] {processor.py:154} INFO - Started process (PID=5765) to work on /home/airflow/.local/lib/python3.7/site-packages/airflow/example_dags/example_branch_datetime_operator.py
[2024-08-02T06:08:20.055+0000] {processor.py:756} INFO - Processing file /home/airflow/.local/lib/python3.7/site-packages/airflow/example_dags/example_branch_datetime_operator.py for tasks to queue
[2024-08-02T06:08:20.056+0000] {logging_mixin.py:120} INFO - [2024-08-02T06:08:20.056+0000] {dagbag.py:537} INFO - Filling up the DagBag from /home/airflow/.local/lib/python3.7/site-packages/airflow/example_dags/example_branch_datetime_operator.py
[2024-08-02T06:08:20.071+0000] {processor.py:766} INFO - DAG(s) dict_keys(['example_branch_datetime_operator_2', 'example_branch_datetime_operator', 'example_branch_datetime_operator_3']) retrieved from /home/airflow/.local/lib/python3.7/site-packages/airflow/example_dags/example_branch_datetime_operator.py
[2024-08-02T06:08:20.110+0000] {logging_mixin.py:120} INFO - [2024-08-02T06:08:20.110+0000] {dag.py:2585} INFO - Sync 3 DAGs
[2024-08-02T06:08:20.132+0000] {logging_mixin.py:120} INFO - [2024-08-02T06:08:20.132+0000] {dag.py:3340} INFO - Setting next_dagrun for example_branch_datetime_operator to 2024-08-01T00:00:00+00:00, run_after=2024-08-02T00:00:00+00:00
[2024-08-02T06:08:20.137+0000] {logging_mixin.py:120} INFO - [2024-08-02T06:08:20.137+0000] {dag.py:3340} INFO - Setting next_dagrun for example_branch_datetime_operator_2 to 2024-08-01T00:00:00+00:00, run_after=2024-08-02T00:00:00+00:00
[2024-08-02T06:08:20.139+0000] {logging_mixin.py:120} INFO - [2024-08-02T06:08:20.139+0000] {dag.py:3340} INFO - Setting next_dagrun for example_branch_datetime_operator_3 to 2024-08-01T00:00:00+00:00, run_after=2024-08-02T00:00:00+00:00
[2024-08-02T06:08:20.156+0000] {processor.py:176} INFO - Processing /home/airflow/.local/lib/python3.7/site-packages/airflow/example_dags/example_branch_datetime_operator.py took 0.106 seconds
[2024-08-02T06:08:50.205+0000] {processor.py:154} INFO - Started process (PID=5830) to work on /home/airflow/.local/lib/python3.7/site-packages/airflow/example_dags/example_branch_datetime_operator.py
[2024-08-02T06:08:50.206+0000] {processor.py:756} INFO - Processing file /home/airflow/.local/lib/python3.7/site-packages/airflow/example_dags/example_branch_datetime_operator.py for tasks to queue
[2024-08-02T06:08:50.207+0000] {logging_mixin.py:120} INFO - [2024-08-02T06:08:50.207+0000] {dagbag.py:537} INFO - Filling up the DagBag from /home/airflow/.local/lib/python3.7/site-packages/airflow/example_dags/example_branch_datetime_operator.py
[2024-08-02T06:08:50.221+0000] {processor.py:766} INFO - DAG(s) dict_keys(['example_branch_datetime_operator_3', 'example_branch_datetime_operator', 'example_branch_datetime_operator_2']) retrieved from /home/airflow/.local/lib/python3.7/site-packages/airflow/example_dags/example_branch_datetime_operator.py
[2024-08-02T06:08:50.262+0000] {logging_mixin.py:120} INFO - [2024-08-02T06:08:50.262+0000] {dag.py:2585} INFO - Sync 3 DAGs
[2024-08-02T06:08:50.288+0000] {logging_mixin.py:120} INFO - [2024-08-02T06:08:50.288+0000] {dag.py:3340} INFO - Setting next_dagrun for example_branch_datetime_operator to 2024-08-01T00:00:00+00:00, run_after=2024-08-02T00:00:00+00:00
[2024-08-02T06:08:50.293+0000] {logging_mixin.py:120} INFO - [2024-08-02T06:08:50.292+0000] {dag.py:3340} INFO - Setting next_dagrun for example_branch_datetime_operator_2 to 2024-08-01T00:00:00+00:00, run_after=2024-08-02T00:00:00+00:00
[2024-08-02T06:08:50.304+0000] {logging_mixin.py:120} INFO - [2024-08-02T06:08:50.304+0000] {dag.py:3340} INFO - Setting next_dagrun for example_branch_datetime_operator_3 to 2024-08-01T00:00:00+00:00, run_after=2024-08-02T00:00:00+00:00
[2024-08-02T06:08:50.344+0000] {processor.py:176} INFO - Processing /home/airflow/.local/lib/python3.7/site-packages/airflow/example_dags/example_branch_datetime_operator.py took 0.142 seconds
[2024-08-02T06:09:20.675+0000] {processor.py:154} INFO - Started process (PID=5895) to work on /home/airflow/.local/lib/python3.7/site-packages/airflow/example_dags/example_branch_datetime_operator.py
[2024-08-02T06:09:20.676+0000] {processor.py:756} INFO - Processing file /home/airflow/.local/lib/python3.7/site-packages/airflow/example_dags/example_branch_datetime_operator.py for tasks to queue
[2024-08-02T06:09:20.677+0000] {logging_mixin.py:120} INFO - [2024-08-02T06:09:20.677+0000] {dagbag.py:537} INFO - Filling up the DagBag from /home/airflow/.local/lib/python3.7/site-packages/airflow/example_dags/example_branch_datetime_operator.py
[2024-08-02T06:09:20.697+0000] {processor.py:766} INFO - DAG(s) dict_keys(['example_branch_datetime_operator', 'example_branch_datetime_operator_2', 'example_branch_datetime_operator_3']) retrieved from /home/airflow/.local/lib/python3.7/site-packages/airflow/example_dags/example_branch_datetime_operator.py
[2024-08-02T06:09:20.736+0000] {logging_mixin.py:120} INFO - [2024-08-02T06:09:20.736+0000] {dag.py:2585} INFO - Sync 3 DAGs
[2024-08-02T06:09:20.762+0000] {logging_mixin.py:120} INFO - [2024-08-02T06:09:20.762+0000] {dag.py:3340} INFO - Setting next_dagrun for example_branch_datetime_operator to 2024-08-01T00:00:00+00:00, run_after=2024-08-02T00:00:00+00:00
[2024-08-02T06:09:20.766+0000] {logging_mixin.py:120} INFO - [2024-08-02T06:09:20.766+0000] {dag.py:3340} INFO - Setting next_dagrun for example_branch_datetime_operator_2 to 2024-08-01T00:00:00+00:00, run_after=2024-08-02T00:00:00+00:00
[2024-08-02T06:09:20.769+0000] {logging_mixin.py:120} INFO - [2024-08-02T06:09:20.769+0000] {dag.py:3340} INFO - Setting next_dagrun for example_branch_datetime_operator_3 to 2024-08-01T00:00:00+00:00, run_after=2024-08-02T00:00:00+00:00
[2024-08-02T06:09:20.786+0000] {processor.py:176} INFO - Processing /home/airflow/.local/lib/python3.7/site-packages/airflow/example_dags/example_branch_datetime_operator.py took 0.113 seconds
[2024-08-02T06:09:51.597+0000] {processor.py:154} INFO - Started process (PID=5960) to work on /home/airflow/.local/lib/python3.7/site-packages/airflow/example_dags/example_branch_datetime_operator.py
[2024-08-02T06:09:51.599+0000] {processor.py:756} INFO - Processing file /home/airflow/.local/lib/python3.7/site-packages/airflow/example_dags/example_branch_datetime_operator.py for tasks to queue
[2024-08-02T06:09:51.600+0000] {logging_mixin.py:120} INFO - [2024-08-02T06:09:51.600+0000] {dagbag.py:537} INFO - Filling up the DagBag from /home/airflow/.local/lib/python3.7/site-packages/airflow/example_dags/example_branch_datetime_operator.py
[2024-08-02T06:09:51.613+0000] {processor.py:766} INFO - DAG(s) dict_keys(['example_branch_datetime_operator', 'example_branch_datetime_operator_2', 'example_branch_datetime_operator_3']) retrieved from /home/airflow/.local/lib/python3.7/site-packages/airflow/example_dags/example_branch_datetime_operator.py
[2024-08-02T06:09:51.661+0000] {logging_mixin.py:120} INFO - [2024-08-02T06:09:51.660+0000] {dag.py:2585} INFO - Sync 3 DAGs
[2024-08-02T06:09:51.692+0000] {logging_mixin.py:120} INFO - [2024-08-02T06:09:51.692+0000] {dag.py:3340} INFO - Setting next_dagrun for example_branch_datetime_operator to 2024-08-01T00:00:00+00:00, run_after=2024-08-02T00:00:00+00:00
[2024-08-02T06:09:51.701+0000] {logging_mixin.py:120} INFO - [2024-08-02T06:09:51.698+0000] {dag.py:3340} INFO - Setting next_dagrun for example_branch_datetime_operator_2 to 2024-08-01T00:00:00+00:00, run_after=2024-08-02T00:00:00+00:00
[2024-08-02T06:09:51.708+0000] {logging_mixin.py:120} INFO - [2024-08-02T06:09:51.708+0000] {dag.py:3340} INFO - Setting next_dagrun for example_branch_datetime_operator_3 to 2024-08-01T00:00:00+00:00, run_after=2024-08-02T00:00:00+00:00
[2024-08-02T06:09:51.733+0000] {processor.py:176} INFO - Processing /home/airflow/.local/lib/python3.7/site-packages/airflow/example_dags/example_branch_datetime_operator.py took 0.139 seconds
[2024-08-02T06:10:22.507+0000] {processor.py:154} INFO - Started process (PID=6016) to work on /home/airflow/.local/lib/python3.7/site-packages/airflow/example_dags/example_branch_datetime_operator.py
[2024-08-02T06:10:22.509+0000] {processor.py:756} INFO - Processing file /home/airflow/.local/lib/python3.7/site-packages/airflow/example_dags/example_branch_datetime_operator.py for tasks to queue
[2024-08-02T06:10:22.510+0000] {logging_mixin.py:120} INFO - [2024-08-02T06:10:22.510+0000] {dagbag.py:537} INFO - Filling up the DagBag from /home/airflow/.local/lib/python3.7/site-packages/airflow/example_dags/example_branch_datetime_operator.py
[2024-08-02T06:10:22.528+0000] {processor.py:766} INFO - DAG(s) dict_keys(['example_branch_datetime_operator', 'example_branch_datetime_operator_3', 'example_branch_datetime_operator_2']) retrieved from /home/airflow/.local/lib/python3.7/site-packages/airflow/example_dags/example_branch_datetime_operator.py
[2024-08-02T06:10:22.570+0000] {logging_mixin.py:120} INFO - [2024-08-02T06:10:22.570+0000] {dag.py:2585} INFO - Sync 3 DAGs
[2024-08-02T06:10:22.594+0000] {logging_mixin.py:120} INFO - [2024-08-02T06:10:22.594+0000] {dag.py:3340} INFO - Setting next_dagrun for example_branch_datetime_operator to 2024-08-01T00:00:00+00:00, run_after=2024-08-02T00:00:00+00:00
[2024-08-02T06:10:22.599+0000] {logging_mixin.py:120} INFO - [2024-08-02T06:10:22.598+0000] {dag.py:3340} INFO - Setting next_dagrun for example_branch_datetime_operator_2 to 2024-08-01T00:00:00+00:00, run_after=2024-08-02T00:00:00+00:00
[2024-08-02T06:10:22.603+0000] {logging_mixin.py:120} INFO - [2024-08-02T06:10:22.603+0000] {dag.py:3340} INFO - Setting next_dagrun for example_branch_datetime_operator_3 to 2024-08-01T00:00:00+00:00, run_after=2024-08-02T00:00:00+00:00
[2024-08-02T06:10:22.629+0000] {processor.py:176} INFO - Processing /home/airflow/.local/lib/python3.7/site-packages/airflow/example_dags/example_branch_datetime_operator.py took 0.124 seconds
[2024-08-02T06:10:53.162+0000] {processor.py:154} INFO - Started process (PID=6081) to work on /home/airflow/.local/lib/python3.7/site-packages/airflow/example_dags/example_branch_datetime_operator.py
[2024-08-02T06:10:53.163+0000] {processor.py:756} INFO - Processing file /home/airflow/.local/lib/python3.7/site-packages/airflow/example_dags/example_branch_datetime_operator.py for tasks to queue
[2024-08-02T06:10:53.164+0000] {logging_mixin.py:120} INFO - [2024-08-02T06:10:53.164+0000] {dagbag.py:537} INFO - Filling up the DagBag from /home/airflow/.local/lib/python3.7/site-packages/airflow/example_dags/example_branch_datetime_operator.py
[2024-08-02T06:10:53.179+0000] {processor.py:766} INFO - DAG(s) dict_keys(['example_branch_datetime_operator', 'example_branch_datetime_operator_3', 'example_branch_datetime_operator_2']) retrieved from /home/airflow/.local/lib/python3.7/site-packages/airflow/example_dags/example_branch_datetime_operator.py
[2024-08-02T06:10:53.228+0000] {logging_mixin.py:120} INFO - [2024-08-02T06:10:53.228+0000] {dag.py:2585} INFO - Sync 3 DAGs
[2024-08-02T06:10:53.252+0000] {logging_mixin.py:120} INFO - [2024-08-02T06:10:53.252+0000] {dag.py:3340} INFO - Setting next_dagrun for example_branch_datetime_operator to 2024-08-01T00:00:00+00:00, run_after=2024-08-02T00:00:00+00:00
[2024-08-02T06:10:53.260+0000] {logging_mixin.py:120} INFO - [2024-08-02T06:10:53.260+0000] {dag.py:3340} INFO - Setting next_dagrun for example_branch_datetime_operator_2 to 2024-08-01T00:00:00+00:00, run_after=2024-08-02T00:00:00+00:00
[2024-08-02T06:10:53.265+0000] {logging_mixin.py:120} INFO - [2024-08-02T06:10:53.264+0000] {dag.py:3340} INFO - Setting next_dagrun for example_branch_datetime_operator_3 to 2024-08-01T00:00:00+00:00, run_after=2024-08-02T00:00:00+00:00
[2024-08-02T06:10:53.290+0000] {processor.py:176} INFO - Processing /home/airflow/.local/lib/python3.7/site-packages/airflow/example_dags/example_branch_datetime_operator.py took 0.130 seconds
[2024-08-02T06:11:24.022+0000] {processor.py:154} INFO - Started process (PID=6146) to work on /home/airflow/.local/lib/python3.7/site-packages/airflow/example_dags/example_branch_datetime_operator.py
[2024-08-02T06:11:24.023+0000] {processor.py:756} INFO - Processing file /home/airflow/.local/lib/python3.7/site-packages/airflow/example_dags/example_branch_datetime_operator.py for tasks to queue
[2024-08-02T06:11:24.027+0000] {logging_mixin.py:120} INFO - [2024-08-02T06:11:24.026+0000] {dagbag.py:537} INFO - Filling up the DagBag from /home/airflow/.local/lib/python3.7/site-packages/airflow/example_dags/example_branch_datetime_operator.py
[2024-08-02T06:11:24.059+0000] {processor.py:766} INFO - DAG(s) dict_keys(['example_branch_datetime_operator', 'example_branch_datetime_operator_3', 'example_branch_datetime_operator_2']) retrieved from /home/airflow/.local/lib/python3.7/site-packages/airflow/example_dags/example_branch_datetime_operator.py
[2024-08-02T06:11:24.110+0000] {logging_mixin.py:120} INFO - [2024-08-02T06:11:24.110+0000] {dag.py:2585} INFO - Sync 3 DAGs
[2024-08-02T06:11:24.141+0000] {logging_mixin.py:120} INFO - [2024-08-02T06:11:24.141+0000] {dag.py:3340} INFO - Setting next_dagrun for example_branch_datetime_operator to 2024-08-01T00:00:00+00:00, run_after=2024-08-02T00:00:00+00:00
[2024-08-02T06:11:24.146+0000] {logging_mixin.py:120} INFO - [2024-08-02T06:11:24.146+0000] {dag.py:3340} INFO - Setting next_dagrun for example_branch_datetime_operator_2 to 2024-08-01T00:00:00+00:00, run_after=2024-08-02T00:00:00+00:00
[2024-08-02T06:11:24.154+0000] {logging_mixin.py:120} INFO - [2024-08-02T06:11:24.153+0000] {dag.py:3340} INFO - Setting next_dagrun for example_branch_datetime_operator_3 to 2024-08-01T00:00:00+00:00, run_after=2024-08-02T00:00:00+00:00
[2024-08-02T06:11:24.191+0000] {processor.py:176} INFO - Processing /home/airflow/.local/lib/python3.7/site-packages/airflow/example_dags/example_branch_datetime_operator.py took 0.172 seconds
[2024-08-02T06:11:55.534+0000] {processor.py:154} INFO - Started process (PID=6211) to work on /home/airflow/.local/lib/python3.7/site-packages/airflow/example_dags/example_branch_datetime_operator.py
[2024-08-02T06:11:55.546+0000] {processor.py:756} INFO - Processing file /home/airflow/.local/lib/python3.7/site-packages/airflow/example_dags/example_branch_datetime_operator.py for tasks to queue
[2024-08-02T06:11:55.561+0000] {logging_mixin.py:120} INFO - [2024-08-02T06:11:55.560+0000] {dagbag.py:537} INFO - Filling up the DagBag from /home/airflow/.local/lib/python3.7/site-packages/airflow/example_dags/example_branch_datetime_operator.py
[2024-08-02T06:11:55.595+0000] {processor.py:766} INFO - DAG(s) dict_keys(['example_branch_datetime_operator', 'example_branch_datetime_operator_2', 'example_branch_datetime_operator_3']) retrieved from /home/airflow/.local/lib/python3.7/site-packages/airflow/example_dags/example_branch_datetime_operator.py
[2024-08-02T06:11:55.640+0000] {logging_mixin.py:120} INFO - [2024-08-02T06:11:55.640+0000] {dag.py:2585} INFO - Sync 3 DAGs
[2024-08-02T06:11:55.663+0000] {logging_mixin.py:120} INFO - [2024-08-02T06:11:55.663+0000] {dag.py:3340} INFO - Setting next_dagrun for example_branch_datetime_operator to 2024-08-01T00:00:00+00:00, run_after=2024-08-02T00:00:00+00:00
[2024-08-02T06:11:55.670+0000] {logging_mixin.py:120} INFO - [2024-08-02T06:11:55.670+0000] {dag.py:3340} INFO - Setting next_dagrun for example_branch_datetime_operator_2 to 2024-08-01T00:00:00+00:00, run_after=2024-08-02T00:00:00+00:00
[2024-08-02T06:11:55.672+0000] {logging_mixin.py:120} INFO - [2024-08-02T06:11:55.672+0000] {dag.py:3340} INFO - Setting next_dagrun for example_branch_datetime_operator_3 to 2024-08-01T00:00:00+00:00, run_after=2024-08-02T00:00:00+00:00
[2024-08-02T06:11:55.694+0000] {processor.py:176} INFO - Processing /home/airflow/.local/lib/python3.7/site-packages/airflow/example_dags/example_branch_datetime_operator.py took 0.163 seconds
[2024-08-02T06:12:26.141+0000] {processor.py:154} INFO - Started process (PID=6267) to work on /home/airflow/.local/lib/python3.7/site-packages/airflow/example_dags/example_branch_datetime_operator.py
[2024-08-02T06:12:26.142+0000] {processor.py:756} INFO - Processing file /home/airflow/.local/lib/python3.7/site-packages/airflow/example_dags/example_branch_datetime_operator.py for tasks to queue
[2024-08-02T06:12:26.143+0000] {logging_mixin.py:120} INFO - [2024-08-02T06:12:26.142+0000] {dagbag.py:537} INFO - Filling up the DagBag from /home/airflow/.local/lib/python3.7/site-packages/airflow/example_dags/example_branch_datetime_operator.py
[2024-08-02T06:12:26.156+0000] {processor.py:766} INFO - DAG(s) dict_keys(['example_branch_datetime_operator_3', 'example_branch_datetime_operator', 'example_branch_datetime_operator_2']) retrieved from /home/airflow/.local/lib/python3.7/site-packages/airflow/example_dags/example_branch_datetime_operator.py
[2024-08-02T06:12:26.207+0000] {logging_mixin.py:120} INFO - [2024-08-02T06:12:26.206+0000] {dag.py:2585} INFO - Sync 3 DAGs
[2024-08-02T06:12:26.231+0000] {logging_mixin.py:120} INFO - [2024-08-02T06:12:26.231+0000] {dag.py:3340} INFO - Setting next_dagrun for example_branch_datetime_operator to 2024-08-01T00:00:00+00:00, run_after=2024-08-02T00:00:00+00:00
[2024-08-02T06:12:26.244+0000] {logging_mixin.py:120} INFO - [2024-08-02T06:12:26.244+0000] {dag.py:3340} INFO - Setting next_dagrun for example_branch_datetime_operator_2 to 2024-08-01T00:00:00+00:00, run_after=2024-08-02T00:00:00+00:00
[2024-08-02T06:12:26.248+0000] {logging_mixin.py:120} INFO - [2024-08-02T06:12:26.248+0000] {dag.py:3340} INFO - Setting next_dagrun for example_branch_datetime_operator_3 to 2024-08-01T00:00:00+00:00, run_after=2024-08-02T00:00:00+00:00
[2024-08-02T06:12:26.270+0000] {processor.py:176} INFO - Processing /home/airflow/.local/lib/python3.7/site-packages/airflow/example_dags/example_branch_datetime_operator.py took 0.132 seconds
[2024-08-02T06:12:56.462+0000] {processor.py:154} INFO - Started process (PID=6332) to work on /home/airflow/.local/lib/python3.7/site-packages/airflow/example_dags/example_branch_datetime_operator.py
[2024-08-02T06:12:56.464+0000] {processor.py:756} INFO - Processing file /home/airflow/.local/lib/python3.7/site-packages/airflow/example_dags/example_branch_datetime_operator.py for tasks to queue
[2024-08-02T06:12:56.465+0000] {logging_mixin.py:120} INFO - [2024-08-02T06:12:56.465+0000] {dagbag.py:537} INFO - Filling up the DagBag from /home/airflow/.local/lib/python3.7/site-packages/airflow/example_dags/example_branch_datetime_operator.py
[2024-08-02T06:12:56.482+0000] {processor.py:766} INFO - DAG(s) dict_keys(['example_branch_datetime_operator_3', 'example_branch_datetime_operator', 'example_branch_datetime_operator_2']) retrieved from /home/airflow/.local/lib/python3.7/site-packages/airflow/example_dags/example_branch_datetime_operator.py
[2024-08-02T06:12:56.524+0000] {logging_mixin.py:120} INFO - [2024-08-02T06:12:56.523+0000] {dag.py:2585} INFO - Sync 3 DAGs
[2024-08-02T06:12:56.542+0000] {logging_mixin.py:120} INFO - [2024-08-02T06:12:56.542+0000] {dag.py:3340} INFO - Setting next_dagrun for example_branch_datetime_operator to 2024-08-01T00:00:00+00:00, run_after=2024-08-02T00:00:00+00:00
[2024-08-02T06:12:56.547+0000] {logging_mixin.py:120} INFO - [2024-08-02T06:12:56.547+0000] {dag.py:3340} INFO - Setting next_dagrun for example_branch_datetime_operator_2 to 2024-08-01T00:00:00+00:00, run_after=2024-08-02T00:00:00+00:00
[2024-08-02T06:12:56.550+0000] {logging_mixin.py:120} INFO - [2024-08-02T06:12:56.550+0000] {dag.py:3340} INFO - Setting next_dagrun for example_branch_datetime_operator_3 to 2024-08-01T00:00:00+00:00, run_after=2024-08-02T00:00:00+00:00
[2024-08-02T06:12:56.569+0000] {processor.py:176} INFO - Processing /home/airflow/.local/lib/python3.7/site-packages/airflow/example_dags/example_branch_datetime_operator.py took 0.110 seconds
[2024-08-02T06:13:27.345+0000] {processor.py:154} INFO - Started process (PID=6397) to work on /home/airflow/.local/lib/python3.7/site-packages/airflow/example_dags/example_branch_datetime_operator.py
[2024-08-02T06:13:27.348+0000] {processor.py:756} INFO - Processing file /home/airflow/.local/lib/python3.7/site-packages/airflow/example_dags/example_branch_datetime_operator.py for tasks to queue
[2024-08-02T06:13:27.367+0000] {logging_mixin.py:120} INFO - [2024-08-02T06:13:27.367+0000] {dagbag.py:537} INFO - Filling up the DagBag from /home/airflow/.local/lib/python3.7/site-packages/airflow/example_dags/example_branch_datetime_operator.py
[2024-08-02T06:13:27.406+0000] {processor.py:766} INFO - DAG(s) dict_keys(['example_branch_datetime_operator_3', 'example_branch_datetime_operator_2', 'example_branch_datetime_operator']) retrieved from /home/airflow/.local/lib/python3.7/site-packages/airflow/example_dags/example_branch_datetime_operator.py
[2024-08-02T06:13:27.549+0000] {logging_mixin.py:120} INFO - [2024-08-02T06:13:27.549+0000] {dag.py:2585} INFO - Sync 3 DAGs
[2024-08-02T06:13:27.567+0000] {logging_mixin.py:120} INFO - [2024-08-02T06:13:27.567+0000] {dag.py:3340} INFO - Setting next_dagrun for example_branch_datetime_operator to 2024-08-01T00:00:00+00:00, run_after=2024-08-02T00:00:00+00:00
[2024-08-02T06:13:27.572+0000] {logging_mixin.py:120} INFO - [2024-08-02T06:13:27.571+0000] {dag.py:3340} INFO - Setting next_dagrun for example_branch_datetime_operator_2 to 2024-08-01T00:00:00+00:00, run_after=2024-08-02T00:00:00+00:00
[2024-08-02T06:13:27.574+0000] {logging_mixin.py:120} INFO - [2024-08-02T06:13:27.574+0000] {dag.py:3340} INFO - Setting next_dagrun for example_branch_datetime_operator_3 to 2024-08-01T00:00:00+00:00, run_after=2024-08-02T00:00:00+00:00
[2024-08-02T06:13:27.592+0000] {processor.py:176} INFO - Processing /home/airflow/.local/lib/python3.7/site-packages/airflow/example_dags/example_branch_datetime_operator.py took 0.250 seconds
[2024-08-02T06:13:57.954+0000] {processor.py:154} INFO - Started process (PID=6462) to work on /home/airflow/.local/lib/python3.7/site-packages/airflow/example_dags/example_branch_datetime_operator.py
[2024-08-02T06:13:57.955+0000] {processor.py:756} INFO - Processing file /home/airflow/.local/lib/python3.7/site-packages/airflow/example_dags/example_branch_datetime_operator.py for tasks to queue
[2024-08-02T06:13:57.956+0000] {logging_mixin.py:120} INFO - [2024-08-02T06:13:57.956+0000] {dagbag.py:537} INFO - Filling up the DagBag from /home/airflow/.local/lib/python3.7/site-packages/airflow/example_dags/example_branch_datetime_operator.py
[2024-08-02T06:13:57.969+0000] {processor.py:766} INFO - DAG(s) dict_keys(['example_branch_datetime_operator_3', 'example_branch_datetime_operator_2', 'example_branch_datetime_operator']) retrieved from /home/airflow/.local/lib/python3.7/site-packages/airflow/example_dags/example_branch_datetime_operator.py
[2024-08-02T06:13:58.019+0000] {logging_mixin.py:120} INFO - [2024-08-02T06:13:58.019+0000] {dag.py:2585} INFO - Sync 3 DAGs
[2024-08-02T06:13:58.041+0000] {logging_mixin.py:120} INFO - [2024-08-02T06:13:58.041+0000] {dag.py:3340} INFO - Setting next_dagrun for example_branch_datetime_operator to 2024-08-01T00:00:00+00:00, run_after=2024-08-02T00:00:00+00:00
[2024-08-02T06:13:58.045+0000] {logging_mixin.py:120} INFO - [2024-08-02T06:13:58.045+0000] {dag.py:3340} INFO - Setting next_dagrun for example_branch_datetime_operator_2 to 2024-08-01T00:00:00+00:00, run_after=2024-08-02T00:00:00+00:00
[2024-08-02T06:13:58.047+0000] {logging_mixin.py:120} INFO - [2024-08-02T06:13:58.047+0000] {dag.py:3340} INFO - Setting next_dagrun for example_branch_datetime_operator_3 to 2024-08-01T00:00:00+00:00, run_after=2024-08-02T00:00:00+00:00
[2024-08-02T06:13:58.062+0000] {processor.py:176} INFO - Processing /home/airflow/.local/lib/python3.7/site-packages/airflow/example_dags/example_branch_datetime_operator.py took 0.110 seconds
[2024-08-02T06:14:28.610+0000] {processor.py:154} INFO - Started process (PID=6518) to work on /home/airflow/.local/lib/python3.7/site-packages/airflow/example_dags/example_branch_datetime_operator.py
[2024-08-02T06:14:28.612+0000] {processor.py:756} INFO - Processing file /home/airflow/.local/lib/python3.7/site-packages/airflow/example_dags/example_branch_datetime_operator.py for tasks to queue
[2024-08-02T06:14:28.614+0000] {logging_mixin.py:120} INFO - [2024-08-02T06:14:28.613+0000] {dagbag.py:537} INFO - Filling up the DagBag from /home/airflow/.local/lib/python3.7/site-packages/airflow/example_dags/example_branch_datetime_operator.py
[2024-08-02T06:14:28.641+0000] {processor.py:766} INFO - DAG(s) dict_keys(['example_branch_datetime_operator_2', 'example_branch_datetime_operator', 'example_branch_datetime_operator_3']) retrieved from /home/airflow/.local/lib/python3.7/site-packages/airflow/example_dags/example_branch_datetime_operator.py
[2024-08-02T06:14:28.680+0000] {logging_mixin.py:120} INFO - [2024-08-02T06:14:28.680+0000] {dag.py:2585} INFO - Sync 3 DAGs
[2024-08-02T06:14:28.715+0000] {logging_mixin.py:120} INFO - [2024-08-02T06:14:28.715+0000] {dag.py:3340} INFO - Setting next_dagrun for example_branch_datetime_operator to 2024-08-01T00:00:00+00:00, run_after=2024-08-02T00:00:00+00:00
[2024-08-02T06:14:28.720+0000] {logging_mixin.py:120} INFO - [2024-08-02T06:14:28.720+0000] {dag.py:3340} INFO - Setting next_dagrun for example_branch_datetime_operator_2 to 2024-08-01T00:00:00+00:00, run_after=2024-08-02T00:00:00+00:00
[2024-08-02T06:14:28.724+0000] {logging_mixin.py:120} INFO - [2024-08-02T06:14:28.723+0000] {dag.py:3340} INFO - Setting next_dagrun for example_branch_datetime_operator_3 to 2024-08-01T00:00:00+00:00, run_after=2024-08-02T00:00:00+00:00
[2024-08-02T06:14:28.744+0000] {processor.py:176} INFO - Processing /home/airflow/.local/lib/python3.7/site-packages/airflow/example_dags/example_branch_datetime_operator.py took 0.139 seconds
[2024-08-02T06:14:59.486+0000] {processor.py:154} INFO - Started process (PID=6583) to work on /home/airflow/.local/lib/python3.7/site-packages/airflow/example_dags/example_branch_datetime_operator.py
[2024-08-02T06:14:59.488+0000] {processor.py:756} INFO - Processing file /home/airflow/.local/lib/python3.7/site-packages/airflow/example_dags/example_branch_datetime_operator.py for tasks to queue
[2024-08-02T06:14:59.490+0000] {logging_mixin.py:120} INFO - [2024-08-02T06:14:59.490+0000] {dagbag.py:537} INFO - Filling up the DagBag from /home/airflow/.local/lib/python3.7/site-packages/airflow/example_dags/example_branch_datetime_operator.py
[2024-08-02T06:14:59.503+0000] {processor.py:766} INFO - DAG(s) dict_keys(['example_branch_datetime_operator_3', 'example_branch_datetime_operator_2', 'example_branch_datetime_operator']) retrieved from /home/airflow/.local/lib/python3.7/site-packages/airflow/example_dags/example_branch_datetime_operator.py
[2024-08-02T06:14:59.548+0000] {logging_mixin.py:120} INFO - [2024-08-02T06:14:59.548+0000] {dag.py:2585} INFO - Sync 3 DAGs
[2024-08-02T06:14:59.569+0000] {logging_mixin.py:120} INFO - [2024-08-02T06:14:59.569+0000] {dag.py:3340} INFO - Setting next_dagrun for example_branch_datetime_operator to 2024-08-01T00:00:00+00:00, run_after=2024-08-02T00:00:00+00:00
[2024-08-02T06:14:59.574+0000] {logging_mixin.py:120} INFO - [2024-08-02T06:14:59.574+0000] {dag.py:3340} INFO - Setting next_dagrun for example_branch_datetime_operator_2 to 2024-08-01T00:00:00+00:00, run_after=2024-08-02T00:00:00+00:00
[2024-08-02T06:14:59.577+0000] {logging_mixin.py:120} INFO - [2024-08-02T06:14:59.577+0000] {dag.py:3340} INFO - Setting next_dagrun for example_branch_datetime_operator_3 to 2024-08-01T00:00:00+00:00, run_after=2024-08-02T00:00:00+00:00
[2024-08-02T06:14:59.594+0000] {processor.py:176} INFO - Processing /home/airflow/.local/lib/python3.7/site-packages/airflow/example_dags/example_branch_datetime_operator.py took 0.111 seconds
[2024-08-02T06:15:30.596+0000] {processor.py:154} INFO - Started process (PID=6647) to work on /home/airflow/.local/lib/python3.7/site-packages/airflow/example_dags/example_branch_datetime_operator.py
[2024-08-02T06:15:30.639+0000] {processor.py:756} INFO - Processing file /home/airflow/.local/lib/python3.7/site-packages/airflow/example_dags/example_branch_datetime_operator.py for tasks to queue
[2024-08-02T06:15:30.647+0000] {logging_mixin.py:120} INFO - [2024-08-02T06:15:30.647+0000] {dagbag.py:537} INFO - Filling up the DagBag from /home/airflow/.local/lib/python3.7/site-packages/airflow/example_dags/example_branch_datetime_operator.py
[2024-08-02T06:15:30.676+0000] {processor.py:766} INFO - DAG(s) dict_keys(['example_branch_datetime_operator_2', 'example_branch_datetime_operator', 'example_branch_datetime_operator_3']) retrieved from /home/airflow/.local/lib/python3.7/site-packages/airflow/example_dags/example_branch_datetime_operator.py
[2024-08-02T06:15:30.719+0000] {logging_mixin.py:120} INFO - [2024-08-02T06:15:30.719+0000] {dag.py:2585} INFO - Sync 3 DAGs
[2024-08-02T06:15:30.742+0000] {logging_mixin.py:120} INFO - [2024-08-02T06:15:30.742+0000] {dag.py:3340} INFO - Setting next_dagrun for example_branch_datetime_operator to 2024-08-01T00:00:00+00:00, run_after=2024-08-02T00:00:00+00:00
[2024-08-02T06:15:30.746+0000] {logging_mixin.py:120} INFO - [2024-08-02T06:15:30.746+0000] {dag.py:3340} INFO - Setting next_dagrun for example_branch_datetime_operator_2 to 2024-08-01T00:00:00+00:00, run_after=2024-08-02T00:00:00+00:00
[2024-08-02T06:15:30.749+0000] {logging_mixin.py:120} INFO - [2024-08-02T06:15:30.749+0000] {dag.py:3340} INFO - Setting next_dagrun for example_branch_datetime_operator_3 to 2024-08-01T00:00:00+00:00, run_after=2024-08-02T00:00:00+00:00
[2024-08-02T06:15:30.764+0000] {processor.py:176} INFO - Processing /home/airflow/.local/lib/python3.7/site-packages/airflow/example_dags/example_branch_datetime_operator.py took 0.171 seconds
[2024-08-02T06:16:01.266+0000] {processor.py:154} INFO - Started process (PID=6711) to work on /home/airflow/.local/lib/python3.7/site-packages/airflow/example_dags/example_branch_datetime_operator.py
[2024-08-02T06:16:01.267+0000] {processor.py:756} INFO - Processing file /home/airflow/.local/lib/python3.7/site-packages/airflow/example_dags/example_branch_datetime_operator.py for tasks to queue
[2024-08-02T06:16:01.268+0000] {logging_mixin.py:120} INFO - [2024-08-02T06:16:01.268+0000] {dagbag.py:537} INFO - Filling up the DagBag from /home/airflow/.local/lib/python3.7/site-packages/airflow/example_dags/example_branch_datetime_operator.py
[2024-08-02T06:16:01.285+0000] {processor.py:766} INFO - DAG(s) dict_keys(['example_branch_datetime_operator', 'example_branch_datetime_operator_3', 'example_branch_datetime_operator_2']) retrieved from /home/airflow/.local/lib/python3.7/site-packages/airflow/example_dags/example_branch_datetime_operator.py
[2024-08-02T06:16:01.326+0000] {logging_mixin.py:120} INFO - [2024-08-02T06:16:01.325+0000] {dag.py:2585} INFO - Sync 3 DAGs
[2024-08-02T06:16:01.348+0000] {logging_mixin.py:120} INFO - [2024-08-02T06:16:01.348+0000] {dag.py:3340} INFO - Setting next_dagrun for example_branch_datetime_operator to 2024-08-01T00:00:00+00:00, run_after=2024-08-02T00:00:00+00:00
[2024-08-02T06:16:01.352+0000] {logging_mixin.py:120} INFO - [2024-08-02T06:16:01.352+0000] {dag.py:3340} INFO - Setting next_dagrun for example_branch_datetime_operator_2 to 2024-08-01T00:00:00+00:00, run_after=2024-08-02T00:00:00+00:00
[2024-08-02T06:16:01.354+0000] {logging_mixin.py:120} INFO - [2024-08-02T06:16:01.354+0000] {dag.py:3340} INFO - Setting next_dagrun for example_branch_datetime_operator_3 to 2024-08-01T00:00:00+00:00, run_after=2024-08-02T00:00:00+00:00
[2024-08-02T06:16:01.372+0000] {processor.py:176} INFO - Processing /home/airflow/.local/lib/python3.7/site-packages/airflow/example_dags/example_branch_datetime_operator.py took 0.108 seconds
[2024-08-02T06:16:31.659+0000] {processor.py:154} INFO - Started process (PID=6776) to work on /home/airflow/.local/lib/python3.7/site-packages/airflow/example_dags/example_branch_datetime_operator.py
[2024-08-02T06:16:31.661+0000] {processor.py:756} INFO - Processing file /home/airflow/.local/lib/python3.7/site-packages/airflow/example_dags/example_branch_datetime_operator.py for tasks to queue
[2024-08-02T06:16:31.661+0000] {logging_mixin.py:120} INFO - [2024-08-02T06:16:31.661+0000] {dagbag.py:537} INFO - Filling up the DagBag from /home/airflow/.local/lib/python3.7/site-packages/airflow/example_dags/example_branch_datetime_operator.py
[2024-08-02T06:16:31.675+0000] {processor.py:766} INFO - DAG(s) dict_keys(['example_branch_datetime_operator', 'example_branch_datetime_operator_3', 'example_branch_datetime_operator_2']) retrieved from /home/airflow/.local/lib/python3.7/site-packages/airflow/example_dags/example_branch_datetime_operator.py
[2024-08-02T06:16:31.716+0000] {logging_mixin.py:120} INFO - [2024-08-02T06:16:31.716+0000] {dag.py:2585} INFO - Sync 3 DAGs
[2024-08-02T06:16:31.739+0000] {logging_mixin.py:120} INFO - [2024-08-02T06:16:31.738+0000] {dag.py:3340} INFO - Setting next_dagrun for example_branch_datetime_operator to 2024-08-01T00:00:00+00:00, run_after=2024-08-02T00:00:00+00:00
[2024-08-02T06:16:31.743+0000] {logging_mixin.py:120} INFO - [2024-08-02T06:16:31.743+0000] {dag.py:3340} INFO - Setting next_dagrun for example_branch_datetime_operator_2 to 2024-08-01T00:00:00+00:00, run_after=2024-08-02T00:00:00+00:00
[2024-08-02T06:16:31.746+0000] {logging_mixin.py:120} INFO - [2024-08-02T06:16:31.746+0000] {dag.py:3340} INFO - Setting next_dagrun for example_branch_datetime_operator_3 to 2024-08-01T00:00:00+00:00, run_after=2024-08-02T00:00:00+00:00
[2024-08-02T06:16:31.765+0000] {processor.py:176} INFO - Processing /home/airflow/.local/lib/python3.7/site-packages/airflow/example_dags/example_branch_datetime_operator.py took 0.108 seconds
[2024-08-02T06:17:02.247+0000] {processor.py:154} INFO - Started process (PID=6833) to work on /home/airflow/.local/lib/python3.7/site-packages/airflow/example_dags/example_branch_datetime_operator.py
[2024-08-02T06:17:02.252+0000] {processor.py:756} INFO - Processing file /home/airflow/.local/lib/python3.7/site-packages/airflow/example_dags/example_branch_datetime_operator.py for tasks to queue
[2024-08-02T06:17:02.265+0000] {logging_mixin.py:120} INFO - [2024-08-02T06:17:02.264+0000] {dagbag.py:537} INFO - Filling up the DagBag from /home/airflow/.local/lib/python3.7/site-packages/airflow/example_dags/example_branch_datetime_operator.py
[2024-08-02T06:17:02.289+0000] {processor.py:766} INFO - DAG(s) dict_keys(['example_branch_datetime_operator_3', 'example_branch_datetime_operator', 'example_branch_datetime_operator_2']) retrieved from /home/airflow/.local/lib/python3.7/site-packages/airflow/example_dags/example_branch_datetime_operator.py
[2024-08-02T06:17:02.324+0000] {logging_mixin.py:120} INFO - [2024-08-02T06:17:02.324+0000] {dag.py:2585} INFO - Sync 3 DAGs
[2024-08-02T06:17:02.347+0000] {logging_mixin.py:120} INFO - [2024-08-02T06:17:02.347+0000] {dag.py:3340} INFO - Setting next_dagrun for example_branch_datetime_operator to 2024-08-01T00:00:00+00:00, run_after=2024-08-02T00:00:00+00:00
[2024-08-02T06:17:02.351+0000] {logging_mixin.py:120} INFO - [2024-08-02T06:17:02.351+0000] {dag.py:3340} INFO - Setting next_dagrun for example_branch_datetime_operator_2 to 2024-08-01T00:00:00+00:00, run_after=2024-08-02T00:00:00+00:00
[2024-08-02T06:17:02.355+0000] {logging_mixin.py:120} INFO - [2024-08-02T06:17:02.355+0000] {dag.py:3340} INFO - Setting next_dagrun for example_branch_datetime_operator_3 to 2024-08-01T00:00:00+00:00, run_after=2024-08-02T00:00:00+00:00
[2024-08-02T06:17:02.370+0000] {processor.py:176} INFO - Processing /home/airflow/.local/lib/python3.7/site-packages/airflow/example_dags/example_branch_datetime_operator.py took 0.128 seconds
[2024-08-02T06:17:32.640+0000] {processor.py:154} INFO - Started process (PID=6898) to work on /home/airflow/.local/lib/python3.7/site-packages/airflow/example_dags/example_branch_datetime_operator.py
[2024-08-02T06:17:32.643+0000] {processor.py:756} INFO - Processing file /home/airflow/.local/lib/python3.7/site-packages/airflow/example_dags/example_branch_datetime_operator.py for tasks to queue
[2024-08-02T06:17:32.645+0000] {logging_mixin.py:120} INFO - [2024-08-02T06:17:32.645+0000] {dagbag.py:537} INFO - Filling up the DagBag from /home/airflow/.local/lib/python3.7/site-packages/airflow/example_dags/example_branch_datetime_operator.py
[2024-08-02T06:17:32.663+0000] {processor.py:766} INFO - DAG(s) dict_keys(['example_branch_datetime_operator', 'example_branch_datetime_operator_2', 'example_branch_datetime_operator_3']) retrieved from /home/airflow/.local/lib/python3.7/site-packages/airflow/example_dags/example_branch_datetime_operator.py
[2024-08-02T06:17:32.700+0000] {logging_mixin.py:120} INFO - [2024-08-02T06:17:32.700+0000] {dag.py:2585} INFO - Sync 3 DAGs
[2024-08-02T06:17:32.718+0000] {logging_mixin.py:120} INFO - [2024-08-02T06:17:32.718+0000] {dag.py:3340} INFO - Setting next_dagrun for example_branch_datetime_operator to 2024-08-01T00:00:00+00:00, run_after=2024-08-02T00:00:00+00:00
[2024-08-02T06:17:32.723+0000] {logging_mixin.py:120} INFO - [2024-08-02T06:17:32.723+0000] {dag.py:3340} INFO - Setting next_dagrun for example_branch_datetime_operator_2 to 2024-08-01T00:00:00+00:00, run_after=2024-08-02T00:00:00+00:00
[2024-08-02T06:17:32.726+0000] {logging_mixin.py:120} INFO - [2024-08-02T06:17:32.725+0000] {dag.py:3340} INFO - Setting next_dagrun for example_branch_datetime_operator_3 to 2024-08-01T00:00:00+00:00, run_after=2024-08-02T00:00:00+00:00
[2024-08-02T06:17:32.739+0000] {processor.py:176} INFO - Processing /home/airflow/.local/lib/python3.7/site-packages/airflow/example_dags/example_branch_datetime_operator.py took 0.104 seconds
[2024-08-02T06:18:03.614+0000] {processor.py:154} INFO - Started process (PID=6963) to work on /home/airflow/.local/lib/python3.7/site-packages/airflow/example_dags/example_branch_datetime_operator.py
[2024-08-02T06:18:03.628+0000] {processor.py:756} INFO - Processing file /home/airflow/.local/lib/python3.7/site-packages/airflow/example_dags/example_branch_datetime_operator.py for tasks to queue
[2024-08-02T06:18:03.632+0000] {logging_mixin.py:120} INFO - [2024-08-02T06:18:03.632+0000] {dagbag.py:537} INFO - Filling up the DagBag from /home/airflow/.local/lib/python3.7/site-packages/airflow/example_dags/example_branch_datetime_operator.py
[2024-08-02T06:18:03.661+0000] {processor.py:766} INFO - DAG(s) dict_keys(['example_branch_datetime_operator_2', 'example_branch_datetime_operator', 'example_branch_datetime_operator_3']) retrieved from /home/airflow/.local/lib/python3.7/site-packages/airflow/example_dags/example_branch_datetime_operator.py
[2024-08-02T06:18:03.706+0000] {logging_mixin.py:120} INFO - [2024-08-02T06:18:03.706+0000] {dag.py:2585} INFO - Sync 3 DAGs
[2024-08-02T06:18:03.730+0000] {logging_mixin.py:120} INFO - [2024-08-02T06:18:03.730+0000] {dag.py:3340} INFO - Setting next_dagrun for example_branch_datetime_operator to 2024-08-01T00:00:00+00:00, run_after=2024-08-02T00:00:00+00:00
[2024-08-02T06:18:03.739+0000] {logging_mixin.py:120} INFO - [2024-08-02T06:18:03.739+0000] {dag.py:3340} INFO - Setting next_dagrun for example_branch_datetime_operator_2 to 2024-08-01T00:00:00+00:00, run_after=2024-08-02T00:00:00+00:00
[2024-08-02T06:18:03.744+0000] {logging_mixin.py:120} INFO - [2024-08-02T06:18:03.743+0000] {dag.py:3340} INFO - Setting next_dagrun for example_branch_datetime_operator_3 to 2024-08-01T00:00:00+00:00, run_after=2024-08-02T00:00:00+00:00
[2024-08-02T06:18:03.765+0000] {processor.py:176} INFO - Processing /home/airflow/.local/lib/python3.7/site-packages/airflow/example_dags/example_branch_datetime_operator.py took 0.156 seconds
[2024-08-02T06:18:34.712+0000] {processor.py:154} INFO - Started process (PID=7028) to work on /home/airflow/.local/lib/python3.7/site-packages/airflow/example_dags/example_branch_datetime_operator.py
[2024-08-02T06:18:34.713+0000] {processor.py:756} INFO - Processing file /home/airflow/.local/lib/python3.7/site-packages/airflow/example_dags/example_branch_datetime_operator.py for tasks to queue
[2024-08-02T06:18:34.715+0000] {logging_mixin.py:120} INFO - [2024-08-02T06:18:34.714+0000] {dagbag.py:537} INFO - Filling up the DagBag from /home/airflow/.local/lib/python3.7/site-packages/airflow/example_dags/example_branch_datetime_operator.py
[2024-08-02T06:18:34.727+0000] {processor.py:766} INFO - DAG(s) dict_keys(['example_branch_datetime_operator', 'example_branch_datetime_operator_3', 'example_branch_datetime_operator_2']) retrieved from /home/airflow/.local/lib/python3.7/site-packages/airflow/example_dags/example_branch_datetime_operator.py
[2024-08-02T06:18:34.791+0000] {logging_mixin.py:120} INFO - [2024-08-02T06:18:34.791+0000] {dag.py:2585} INFO - Sync 3 DAGs
[2024-08-02T06:18:34.822+0000] {logging_mixin.py:120} INFO - [2024-08-02T06:18:34.821+0000] {dag.py:3340} INFO - Setting next_dagrun for example_branch_datetime_operator to 2024-08-01T00:00:00+00:00, run_after=2024-08-02T00:00:00+00:00
[2024-08-02T06:18:34.827+0000] {logging_mixin.py:120} INFO - [2024-08-02T06:18:34.827+0000] {dag.py:3340} INFO - Setting next_dagrun for example_branch_datetime_operator_2 to 2024-08-01T00:00:00+00:00, run_after=2024-08-02T00:00:00+00:00
[2024-08-02T06:18:34.829+0000] {logging_mixin.py:120} INFO - [2024-08-02T06:18:34.829+0000] {dag.py:3340} INFO - Setting next_dagrun for example_branch_datetime_operator_3 to 2024-08-01T00:00:00+00:00, run_after=2024-08-02T00:00:00+00:00
[2024-08-02T06:18:34.853+0000] {processor.py:176} INFO - Processing /home/airflow/.local/lib/python3.7/site-packages/airflow/example_dags/example_branch_datetime_operator.py took 0.144 seconds
[2024-08-02T06:19:05.179+0000] {processor.py:154} INFO - Started process (PID=7083) to work on /home/airflow/.local/lib/python3.7/site-packages/airflow/example_dags/example_branch_datetime_operator.py
[2024-08-02T06:19:05.180+0000] {processor.py:756} INFO - Processing file /home/airflow/.local/lib/python3.7/site-packages/airflow/example_dags/example_branch_datetime_operator.py for tasks to queue
[2024-08-02T06:19:05.181+0000] {logging_mixin.py:120} INFO - [2024-08-02T06:19:05.181+0000] {dagbag.py:537} INFO - Filling up the DagBag from /home/airflow/.local/lib/python3.7/site-packages/airflow/example_dags/example_branch_datetime_operator.py
[2024-08-02T06:19:05.195+0000] {processor.py:766} INFO - DAG(s) dict_keys(['example_branch_datetime_operator_3', 'example_branch_datetime_operator', 'example_branch_datetime_operator_2']) retrieved from /home/airflow/.local/lib/python3.7/site-packages/airflow/example_dags/example_branch_datetime_operator.py
[2024-08-02T06:19:05.236+0000] {logging_mixin.py:120} INFO - [2024-08-02T06:19:05.236+0000] {dag.py:2585} INFO - Sync 3 DAGs
[2024-08-02T06:19:05.263+0000] {logging_mixin.py:120} INFO - [2024-08-02T06:19:05.263+0000] {dag.py:3340} INFO - Setting next_dagrun for example_branch_datetime_operator to 2024-08-01T00:00:00+00:00, run_after=2024-08-02T00:00:00+00:00
[2024-08-02T06:19:05.268+0000] {logging_mixin.py:120} INFO - [2024-08-02T06:19:05.268+0000] {dag.py:3340} INFO - Setting next_dagrun for example_branch_datetime_operator_2 to 2024-08-01T00:00:00+00:00, run_after=2024-08-02T00:00:00+00:00
[2024-08-02T06:19:05.270+0000] {logging_mixin.py:120} INFO - [2024-08-02T06:19:05.270+0000] {dag.py:3340} INFO - Setting next_dagrun for example_branch_datetime_operator_3 to 2024-08-01T00:00:00+00:00, run_after=2024-08-02T00:00:00+00:00
[2024-08-02T06:19:05.291+0000] {processor.py:176} INFO - Processing /home/airflow/.local/lib/python3.7/site-packages/airflow/example_dags/example_branch_datetime_operator.py took 0.114 seconds
[2024-08-02T06:19:35.953+0000] {processor.py:154} INFO - Started process (PID=7147) to work on /home/airflow/.local/lib/python3.7/site-packages/airflow/example_dags/example_branch_datetime_operator.py
[2024-08-02T06:19:35.957+0000] {processor.py:756} INFO - Processing file /home/airflow/.local/lib/python3.7/site-packages/airflow/example_dags/example_branch_datetime_operator.py for tasks to queue
[2024-08-02T06:19:35.959+0000] {logging_mixin.py:120} INFO - [2024-08-02T06:19:35.959+0000] {dagbag.py:537} INFO - Filling up the DagBag from /home/airflow/.local/lib/python3.7/site-packages/airflow/example_dags/example_branch_datetime_operator.py
[2024-08-02T06:19:35.977+0000] {processor.py:766} INFO - DAG(s) dict_keys(['example_branch_datetime_operator_2', 'example_branch_datetime_operator', 'example_branch_datetime_operator_3']) retrieved from /home/airflow/.local/lib/python3.7/site-packages/airflow/example_dags/example_branch_datetime_operator.py
[2024-08-02T06:19:36.026+0000] {logging_mixin.py:120} INFO - [2024-08-02T06:19:36.026+0000] {dag.py:2585} INFO - Sync 3 DAGs
[2024-08-02T06:19:36.059+0000] {logging_mixin.py:120} INFO - [2024-08-02T06:19:36.059+0000] {dag.py:3340} INFO - Setting next_dagrun for example_branch_datetime_operator to 2024-08-01T00:00:00+00:00, run_after=2024-08-02T00:00:00+00:00
[2024-08-02T06:19:36.064+0000] {logging_mixin.py:120} INFO - [2024-08-02T06:19:36.064+0000] {dag.py:3340} INFO - Setting next_dagrun for example_branch_datetime_operator_2 to 2024-08-01T00:00:00+00:00, run_after=2024-08-02T00:00:00+00:00
[2024-08-02T06:19:36.067+0000] {logging_mixin.py:120} INFO - [2024-08-02T06:19:36.067+0000] {dag.py:3340} INFO - Setting next_dagrun for example_branch_datetime_operator_3 to 2024-08-01T00:00:00+00:00, run_after=2024-08-02T00:00:00+00:00
[2024-08-02T06:19:36.083+0000] {processor.py:176} INFO - Processing /home/airflow/.local/lib/python3.7/site-packages/airflow/example_dags/example_branch_datetime_operator.py took 0.132 seconds
[2024-08-02T06:20:06.626+0000] {processor.py:154} INFO - Started process (PID=7213) to work on /home/airflow/.local/lib/python3.7/site-packages/airflow/example_dags/example_branch_datetime_operator.py
[2024-08-02T06:20:06.628+0000] {processor.py:756} INFO - Processing file /home/airflow/.local/lib/python3.7/site-packages/airflow/example_dags/example_branch_datetime_operator.py for tasks to queue
[2024-08-02T06:20:06.630+0000] {logging_mixin.py:120} INFO - [2024-08-02T06:20:06.630+0000] {dagbag.py:537} INFO - Filling up the DagBag from /home/airflow/.local/lib/python3.7/site-packages/airflow/example_dags/example_branch_datetime_operator.py
[2024-08-02T06:20:06.648+0000] {processor.py:766} INFO - DAG(s) dict_keys(['example_branch_datetime_operator_3', 'example_branch_datetime_operator', 'example_branch_datetime_operator_2']) retrieved from /home/airflow/.local/lib/python3.7/site-packages/airflow/example_dags/example_branch_datetime_operator.py
[2024-08-02T06:20:06.716+0000] {logging_mixin.py:120} INFO - [2024-08-02T06:20:06.716+0000] {dag.py:2585} INFO - Sync 3 DAGs
[2024-08-02T06:20:06.735+0000] {logging_mixin.py:120} INFO - [2024-08-02T06:20:06.735+0000] {dag.py:3340} INFO - Setting next_dagrun for example_branch_datetime_operator to 2024-08-01T00:00:00+00:00, run_after=2024-08-02T00:00:00+00:00
[2024-08-02T06:20:06.738+0000] {logging_mixin.py:120} INFO - [2024-08-02T06:20:06.738+0000] {dag.py:3340} INFO - Setting next_dagrun for example_branch_datetime_operator_2 to 2024-08-01T00:00:00+00:00, run_after=2024-08-02T00:00:00+00:00
[2024-08-02T06:20:06.741+0000] {logging_mixin.py:120} INFO - [2024-08-02T06:20:06.741+0000] {dag.py:3340} INFO - Setting next_dagrun for example_branch_datetime_operator_3 to 2024-08-01T00:00:00+00:00, run_after=2024-08-02T00:00:00+00:00
[2024-08-02T06:20:06.758+0000] {processor.py:176} INFO - Processing /home/airflow/.local/lib/python3.7/site-packages/airflow/example_dags/example_branch_datetime_operator.py took 0.135 seconds
[2024-08-02T06:20:36.925+0000] {processor.py:154} INFO - Started process (PID=7279) to work on /home/airflow/.local/lib/python3.7/site-packages/airflow/example_dags/example_branch_datetime_operator.py
[2024-08-02T06:20:36.927+0000] {processor.py:756} INFO - Processing file /home/airflow/.local/lib/python3.7/site-packages/airflow/example_dags/example_branch_datetime_operator.py for tasks to queue
[2024-08-02T06:20:36.966+0000] {logging_mixin.py:120} INFO - [2024-08-02T06:20:36.965+0000] {dagbag.py:537} INFO - Filling up the DagBag from /home/airflow/.local/lib/python3.7/site-packages/airflow/example_dags/example_branch_datetime_operator.py
[2024-08-02T06:20:36.981+0000] {processor.py:766} INFO - DAG(s) dict_keys(['example_branch_datetime_operator_2', 'example_branch_datetime_operator_3', 'example_branch_datetime_operator']) retrieved from /home/airflow/.local/lib/python3.7/site-packages/airflow/example_dags/example_branch_datetime_operator.py
[2024-08-02T06:20:37.021+0000] {logging_mixin.py:120} INFO - [2024-08-02T06:20:37.021+0000] {dag.py:2585} INFO - Sync 3 DAGs
[2024-08-02T06:20:37.039+0000] {logging_mixin.py:120} INFO - [2024-08-02T06:20:37.039+0000] {dag.py:3340} INFO - Setting next_dagrun for example_branch_datetime_operator to 2024-08-01T00:00:00+00:00, run_after=2024-08-02T00:00:00+00:00
[2024-08-02T06:20:37.044+0000] {logging_mixin.py:120} INFO - [2024-08-02T06:20:37.044+0000] {dag.py:3340} INFO - Setting next_dagrun for example_branch_datetime_operator_2 to 2024-08-01T00:00:00+00:00, run_after=2024-08-02T00:00:00+00:00
[2024-08-02T06:20:37.046+0000] {logging_mixin.py:120} INFO - [2024-08-02T06:20:37.046+0000] {dag.py:3340} INFO - Setting next_dagrun for example_branch_datetime_operator_3 to 2024-08-01T00:00:00+00:00, run_after=2024-08-02T00:00:00+00:00
[2024-08-02T06:20:37.061+0000] {processor.py:176} INFO - Processing /home/airflow/.local/lib/python3.7/site-packages/airflow/example_dags/example_branch_datetime_operator.py took 0.140 seconds
[2024-08-02T06:21:07.675+0000] {processor.py:154} INFO - Started process (PID=7336) to work on /home/airflow/.local/lib/python3.7/site-packages/airflow/example_dags/example_branch_datetime_operator.py
[2024-08-02T06:21:07.678+0000] {processor.py:756} INFO - Processing file /home/airflow/.local/lib/python3.7/site-packages/airflow/example_dags/example_branch_datetime_operator.py for tasks to queue
[2024-08-02T06:21:07.683+0000] {logging_mixin.py:120} INFO - [2024-08-02T06:21:07.682+0000] {dagbag.py:537} INFO - Filling up the DagBag from /home/airflow/.local/lib/python3.7/site-packages/airflow/example_dags/example_branch_datetime_operator.py
[2024-08-02T06:21:07.699+0000] {processor.py:766} INFO - DAG(s) dict_keys(['example_branch_datetime_operator_2', 'example_branch_datetime_operator', 'example_branch_datetime_operator_3']) retrieved from /home/airflow/.local/lib/python3.7/site-packages/airflow/example_dags/example_branch_datetime_operator.py
[2024-08-02T06:21:07.795+0000] {logging_mixin.py:120} INFO - [2024-08-02T06:21:07.795+0000] {dag.py:2585} INFO - Sync 3 DAGs
[2024-08-02T06:21:07.832+0000] {logging_mixin.py:120} INFO - [2024-08-02T06:21:07.832+0000] {dag.py:3340} INFO - Setting next_dagrun for example_branch_datetime_operator to 2024-08-01T00:00:00+00:00, run_after=2024-08-02T00:00:00+00:00
[2024-08-02T06:21:07.843+0000] {logging_mixin.py:120} INFO - [2024-08-02T06:21:07.842+0000] {dag.py:3340} INFO - Setting next_dagrun for example_branch_datetime_operator_2 to 2024-08-01T00:00:00+00:00, run_after=2024-08-02T00:00:00+00:00
[2024-08-02T06:21:07.850+0000] {logging_mixin.py:120} INFO - [2024-08-02T06:21:07.850+0000] {dag.py:3340} INFO - Setting next_dagrun for example_branch_datetime_operator_3 to 2024-08-01T00:00:00+00:00, run_after=2024-08-02T00:00:00+00:00
[2024-08-02T06:21:07.876+0000] {processor.py:176} INFO - Processing /home/airflow/.local/lib/python3.7/site-packages/airflow/example_dags/example_branch_datetime_operator.py took 0.204 seconds
[2024-08-02T06:21:38.073+0000] {processor.py:154} INFO - Started process (PID=7401) to work on /home/airflow/.local/lib/python3.7/site-packages/airflow/example_dags/example_branch_datetime_operator.py
[2024-08-02T06:21:38.076+0000] {processor.py:756} INFO - Processing file /home/airflow/.local/lib/python3.7/site-packages/airflow/example_dags/example_branch_datetime_operator.py for tasks to queue
[2024-08-02T06:21:38.077+0000] {logging_mixin.py:120} INFO - [2024-08-02T06:21:38.077+0000] {dagbag.py:537} INFO - Filling up the DagBag from /home/airflow/.local/lib/python3.7/site-packages/airflow/example_dags/example_branch_datetime_operator.py
[2024-08-02T06:21:38.105+0000] {processor.py:766} INFO - DAG(s) dict_keys(['example_branch_datetime_operator_2', 'example_branch_datetime_operator', 'example_branch_datetime_operator_3']) retrieved from /home/airflow/.local/lib/python3.7/site-packages/airflow/example_dags/example_branch_datetime_operator.py
[2024-08-02T06:21:38.192+0000] {logging_mixin.py:120} INFO - [2024-08-02T06:21:38.191+0000] {dag.py:2585} INFO - Sync 3 DAGs
[2024-08-02T06:21:38.235+0000] {logging_mixin.py:120} INFO - [2024-08-02T06:21:38.235+0000] {dag.py:3340} INFO - Setting next_dagrun for example_branch_datetime_operator to 2024-08-01T00:00:00+00:00, run_after=2024-08-02T00:00:00+00:00
[2024-08-02T06:21:38.243+0000] {logging_mixin.py:120} INFO - [2024-08-02T06:21:38.243+0000] {dag.py:3340} INFO - Setting next_dagrun for example_branch_datetime_operator_2 to 2024-08-01T00:00:00+00:00, run_after=2024-08-02T00:00:00+00:00
[2024-08-02T06:21:38.247+0000] {logging_mixin.py:120} INFO - [2024-08-02T06:21:38.247+0000] {dag.py:3340} INFO - Setting next_dagrun for example_branch_datetime_operator_3 to 2024-08-01T00:00:00+00:00, run_after=2024-08-02T00:00:00+00:00
[2024-08-02T06:21:38.281+0000] {processor.py:176} INFO - Processing /home/airflow/.local/lib/python3.7/site-packages/airflow/example_dags/example_branch_datetime_operator.py took 0.218 seconds
[2024-08-02T06:22:09.561+0000] {processor.py:154} INFO - Started process (PID=7466) to work on /home/airflow/.local/lib/python3.7/site-packages/airflow/example_dags/example_branch_datetime_operator.py
[2024-08-02T06:22:09.562+0000] {processor.py:756} INFO - Processing file /home/airflow/.local/lib/python3.7/site-packages/airflow/example_dags/example_branch_datetime_operator.py for tasks to queue
[2024-08-02T06:22:09.564+0000] {logging_mixin.py:120} INFO - [2024-08-02T06:22:09.563+0000] {dagbag.py:537} INFO - Filling up the DagBag from /home/airflow/.local/lib/python3.7/site-packages/airflow/example_dags/example_branch_datetime_operator.py
[2024-08-02T06:22:09.581+0000] {processor.py:766} INFO - DAG(s) dict_keys(['example_branch_datetime_operator', 'example_branch_datetime_operator_3', 'example_branch_datetime_operator_2']) retrieved from /home/airflow/.local/lib/python3.7/site-packages/airflow/example_dags/example_branch_datetime_operator.py
[2024-08-02T06:22:09.633+0000] {logging_mixin.py:120} INFO - [2024-08-02T06:22:09.633+0000] {dag.py:2585} INFO - Sync 3 DAGs
[2024-08-02T06:22:09.656+0000] {logging_mixin.py:120} INFO - [2024-08-02T06:22:09.656+0000] {dag.py:3340} INFO - Setting next_dagrun for example_branch_datetime_operator to 2024-08-01T00:00:00+00:00, run_after=2024-08-02T00:00:00+00:00
[2024-08-02T06:22:09.661+0000] {logging_mixin.py:120} INFO - [2024-08-02T06:22:09.661+0000] {dag.py:3340} INFO - Setting next_dagrun for example_branch_datetime_operator_2 to 2024-08-01T00:00:00+00:00, run_after=2024-08-02T00:00:00+00:00
[2024-08-02T06:22:09.665+0000] {logging_mixin.py:120} INFO - [2024-08-02T06:22:09.665+0000] {dag.py:3340} INFO - Setting next_dagrun for example_branch_datetime_operator_3 to 2024-08-01T00:00:00+00:00, run_after=2024-08-02T00:00:00+00:00
[2024-08-02T06:22:09.688+0000] {processor.py:176} INFO - Processing /home/airflow/.local/lib/python3.7/site-packages/airflow/example_dags/example_branch_datetime_operator.py took 0.131 seconds
[2024-08-02T06:22:39.767+0000] {processor.py:154} INFO - Started process (PID=7526) to work on /home/airflow/.local/lib/python3.7/site-packages/airflow/example_dags/example_branch_datetime_operator.py
[2024-08-02T06:22:39.769+0000] {processor.py:756} INFO - Processing file /home/airflow/.local/lib/python3.7/site-packages/airflow/example_dags/example_branch_datetime_operator.py for tasks to queue
[2024-08-02T06:22:39.771+0000] {logging_mixin.py:120} INFO - [2024-08-02T06:22:39.770+0000] {dagbag.py:537} INFO - Filling up the DagBag from /home/airflow/.local/lib/python3.7/site-packages/airflow/example_dags/example_branch_datetime_operator.py
[2024-08-02T06:22:39.799+0000] {processor.py:766} INFO - DAG(s) dict_keys(['example_branch_datetime_operator_2', 'example_branch_datetime_operator', 'example_branch_datetime_operator_3']) retrieved from /home/airflow/.local/lib/python3.7/site-packages/airflow/example_dags/example_branch_datetime_operator.py
[2024-08-02T06:22:39.936+0000] {logging_mixin.py:120} INFO - [2024-08-02T06:22:39.936+0000] {dag.py:2585} INFO - Sync 3 DAGs
[2024-08-02T06:22:39.996+0000] {logging_mixin.py:120} INFO - [2024-08-02T06:22:39.996+0000] {dag.py:3340} INFO - Setting next_dagrun for example_branch_datetime_operator to 2024-08-01T00:00:00+00:00, run_after=2024-08-02T00:00:00+00:00
[2024-08-02T06:22:40.007+0000] {logging_mixin.py:120} INFO - [2024-08-02T06:22:40.007+0000] {dag.py:3340} INFO - Setting next_dagrun for example_branch_datetime_operator_2 to 2024-08-01T00:00:00+00:00, run_after=2024-08-02T00:00:00+00:00
[2024-08-02T06:22:40.012+0000] {logging_mixin.py:120} INFO - [2024-08-02T06:22:40.012+0000] {dag.py:3340} INFO - Setting next_dagrun for example_branch_datetime_operator_3 to 2024-08-01T00:00:00+00:00, run_after=2024-08-02T00:00:00+00:00
[2024-08-02T06:22:40.052+0000] {processor.py:176} INFO - Processing /home/airflow/.local/lib/python3.7/site-packages/airflow/example_dags/example_branch_datetime_operator.py took 0.291 seconds
[2024-08-02T06:23:11.368+0000] {processor.py:154} INFO - Started process (PID=7581) to work on /home/airflow/.local/lib/python3.7/site-packages/airflow/example_dags/example_branch_datetime_operator.py
[2024-08-02T06:23:11.369+0000] {processor.py:756} INFO - Processing file /home/airflow/.local/lib/python3.7/site-packages/airflow/example_dags/example_branch_datetime_operator.py for tasks to queue
[2024-08-02T06:23:11.370+0000] {logging_mixin.py:120} INFO - [2024-08-02T06:23:11.370+0000] {dagbag.py:537} INFO - Filling up the DagBag from /home/airflow/.local/lib/python3.7/site-packages/airflow/example_dags/example_branch_datetime_operator.py
[2024-08-02T06:23:11.400+0000] {processor.py:766} INFO - DAG(s) dict_keys(['example_branch_datetime_operator_2', 'example_branch_datetime_operator', 'example_branch_datetime_operator_3']) retrieved from /home/airflow/.local/lib/python3.7/site-packages/airflow/example_dags/example_branch_datetime_operator.py
[2024-08-02T06:23:11.455+0000] {logging_mixin.py:120} INFO - [2024-08-02T06:23:11.455+0000] {dag.py:2585} INFO - Sync 3 DAGs
[2024-08-02T06:23:11.487+0000] {logging_mixin.py:120} INFO - [2024-08-02T06:23:11.487+0000] {dag.py:3340} INFO - Setting next_dagrun for example_branch_datetime_operator to 2024-08-01T00:00:00+00:00, run_after=2024-08-02T00:00:00+00:00
[2024-08-02T06:23:11.492+0000] {logging_mixin.py:120} INFO - [2024-08-02T06:23:11.492+0000] {dag.py:3340} INFO - Setting next_dagrun for example_branch_datetime_operator_2 to 2024-08-01T00:00:00+00:00, run_after=2024-08-02T00:00:00+00:00
[2024-08-02T06:23:11.496+0000] {logging_mixin.py:120} INFO - [2024-08-02T06:23:11.496+0000] {dag.py:3340} INFO - Setting next_dagrun for example_branch_datetime_operator_3 to 2024-08-01T00:00:00+00:00, run_after=2024-08-02T00:00:00+00:00
[2024-08-02T06:23:11.520+0000] {processor.py:176} INFO - Processing /home/airflow/.local/lib/python3.7/site-packages/airflow/example_dags/example_branch_datetime_operator.py took 0.153 seconds
[2024-08-02T06:23:41.862+0000] {processor.py:154} INFO - Started process (PID=7646) to work on /home/airflow/.local/lib/python3.7/site-packages/airflow/example_dags/example_branch_datetime_operator.py
[2024-08-02T06:23:41.863+0000] {processor.py:756} INFO - Processing file /home/airflow/.local/lib/python3.7/site-packages/airflow/example_dags/example_branch_datetime_operator.py for tasks to queue
[2024-08-02T06:23:41.865+0000] {logging_mixin.py:120} INFO - [2024-08-02T06:23:41.864+0000] {dagbag.py:537} INFO - Filling up the DagBag from /home/airflow/.local/lib/python3.7/site-packages/airflow/example_dags/example_branch_datetime_operator.py
[2024-08-02T06:23:41.882+0000] {processor.py:766} INFO - DAG(s) dict_keys(['example_branch_datetime_operator_2', 'example_branch_datetime_operator_3', 'example_branch_datetime_operator']) retrieved from /home/airflow/.local/lib/python3.7/site-packages/airflow/example_dags/example_branch_datetime_operator.py
[2024-08-02T06:23:41.968+0000] {logging_mixin.py:120} INFO - [2024-08-02T06:23:41.968+0000] {dag.py:2585} INFO - Sync 3 DAGs
[2024-08-02T06:23:41.999+0000] {logging_mixin.py:120} INFO - [2024-08-02T06:23:41.999+0000] {dag.py:3340} INFO - Setting next_dagrun for example_branch_datetime_operator to 2024-08-01T00:00:00+00:00, run_after=2024-08-02T00:00:00+00:00
[2024-08-02T06:23:42.005+0000] {logging_mixin.py:120} INFO - [2024-08-02T06:23:42.005+0000] {dag.py:3340} INFO - Setting next_dagrun for example_branch_datetime_operator_2 to 2024-08-01T00:00:00+00:00, run_after=2024-08-02T00:00:00+00:00
[2024-08-02T06:23:42.009+0000] {logging_mixin.py:120} INFO - [2024-08-02T06:23:42.009+0000] {dag.py:3340} INFO - Setting next_dagrun for example_branch_datetime_operator_3 to 2024-08-01T00:00:00+00:00, run_after=2024-08-02T00:00:00+00:00
[2024-08-02T06:23:42.047+0000] {processor.py:176} INFO - Processing /home/airflow/.local/lib/python3.7/site-packages/airflow/example_dags/example_branch_datetime_operator.py took 0.188 seconds
[2024-08-02T06:24:12.875+0000] {processor.py:154} INFO - Started process (PID=7711) to work on /home/airflow/.local/lib/python3.7/site-packages/airflow/example_dags/example_branch_datetime_operator.py
[2024-08-02T06:24:12.877+0000] {processor.py:756} INFO - Processing file /home/airflow/.local/lib/python3.7/site-packages/airflow/example_dags/example_branch_datetime_operator.py for tasks to queue
[2024-08-02T06:24:12.878+0000] {logging_mixin.py:120} INFO - [2024-08-02T06:24:12.878+0000] {dagbag.py:537} INFO - Filling up the DagBag from /home/airflow/.local/lib/python3.7/site-packages/airflow/example_dags/example_branch_datetime_operator.py
[2024-08-02T06:24:12.899+0000] {processor.py:766} INFO - DAG(s) dict_keys(['example_branch_datetime_operator_3', 'example_branch_datetime_operator', 'example_branch_datetime_operator_2']) retrieved from /home/airflow/.local/lib/python3.7/site-packages/airflow/example_dags/example_branch_datetime_operator.py
[2024-08-02T06:24:12.949+0000] {logging_mixin.py:120} INFO - [2024-08-02T06:24:12.949+0000] {dag.py:2585} INFO - Sync 3 DAGs
[2024-08-02T06:24:12.976+0000] {logging_mixin.py:120} INFO - [2024-08-02T06:24:12.976+0000] {dag.py:3340} INFO - Setting next_dagrun for example_branch_datetime_operator to 2024-08-01T00:00:00+00:00, run_after=2024-08-02T00:00:00+00:00
[2024-08-02T06:24:12.981+0000] {logging_mixin.py:120} INFO - [2024-08-02T06:24:12.981+0000] {dag.py:3340} INFO - Setting next_dagrun for example_branch_datetime_operator_2 to 2024-08-01T00:00:00+00:00, run_after=2024-08-02T00:00:00+00:00
[2024-08-02T06:24:12.985+0000] {logging_mixin.py:120} INFO - [2024-08-02T06:24:12.985+0000] {dag.py:3340} INFO - Setting next_dagrun for example_branch_datetime_operator_3 to 2024-08-01T00:00:00+00:00, run_after=2024-08-02T00:00:00+00:00
[2024-08-02T06:24:13.005+0000] {processor.py:176} INFO - Processing /home/airflow/.local/lib/python3.7/site-packages/airflow/example_dags/example_branch_datetime_operator.py took 0.133 seconds
[2024-08-02T06:24:43.816+0000] {processor.py:154} INFO - Started process (PID=7767) to work on /home/airflow/.local/lib/python3.7/site-packages/airflow/example_dags/example_branch_datetime_operator.py
[2024-08-02T06:24:43.818+0000] {processor.py:756} INFO - Processing file /home/airflow/.local/lib/python3.7/site-packages/airflow/example_dags/example_branch_datetime_operator.py for tasks to queue
[2024-08-02T06:24:43.819+0000] {logging_mixin.py:120} INFO - [2024-08-02T06:24:43.819+0000] {dagbag.py:537} INFO - Filling up the DagBag from /home/airflow/.local/lib/python3.7/site-packages/airflow/example_dags/example_branch_datetime_operator.py
[2024-08-02T06:24:43.836+0000] {processor.py:766} INFO - DAG(s) dict_keys(['example_branch_datetime_operator_2', 'example_branch_datetime_operator_3', 'example_branch_datetime_operator']) retrieved from /home/airflow/.local/lib/python3.7/site-packages/airflow/example_dags/example_branch_datetime_operator.py
[2024-08-02T06:24:43.897+0000] {logging_mixin.py:120} INFO - [2024-08-02T06:24:43.897+0000] {dag.py:2585} INFO - Sync 3 DAGs
[2024-08-02T06:24:43.934+0000] {logging_mixin.py:120} INFO - [2024-08-02T06:24:43.933+0000] {dag.py:3340} INFO - Setting next_dagrun for example_branch_datetime_operator to 2024-08-01T00:00:00+00:00, run_after=2024-08-02T00:00:00+00:00
[2024-08-02T06:24:43.942+0000] {logging_mixin.py:120} INFO - [2024-08-02T06:24:43.941+0000] {dag.py:3340} INFO - Setting next_dagrun for example_branch_datetime_operator_2 to 2024-08-01T00:00:00+00:00, run_after=2024-08-02T00:00:00+00:00
[2024-08-02T06:24:43.945+0000] {logging_mixin.py:120} INFO - [2024-08-02T06:24:43.945+0000] {dag.py:3340} INFO - Setting next_dagrun for example_branch_datetime_operator_3 to 2024-08-01T00:00:00+00:00, run_after=2024-08-02T00:00:00+00:00
[2024-08-02T06:24:43.975+0000] {processor.py:176} INFO - Processing /home/airflow/.local/lib/python3.7/site-packages/airflow/example_dags/example_branch_datetime_operator.py took 0.162 seconds
[2024-08-02T06:25:14.241+0000] {processor.py:154} INFO - Started process (PID=7832) to work on /home/airflow/.local/lib/python3.7/site-packages/airflow/example_dags/example_branch_datetime_operator.py
[2024-08-02T06:25:14.243+0000] {processor.py:756} INFO - Processing file /home/airflow/.local/lib/python3.7/site-packages/airflow/example_dags/example_branch_datetime_operator.py for tasks to queue
[2024-08-02T06:25:14.245+0000] {logging_mixin.py:120} INFO - [2024-08-02T06:25:14.245+0000] {dagbag.py:537} INFO - Filling up the DagBag from /home/airflow/.local/lib/python3.7/site-packages/airflow/example_dags/example_branch_datetime_operator.py
[2024-08-02T06:25:14.281+0000] {processor.py:766} INFO - DAG(s) dict_keys(['example_branch_datetime_operator', 'example_branch_datetime_operator_3', 'example_branch_datetime_operator_2']) retrieved from /home/airflow/.local/lib/python3.7/site-packages/airflow/example_dags/example_branch_datetime_operator.py
[2024-08-02T06:25:14.406+0000] {logging_mixin.py:120} INFO - [2024-08-02T06:25:14.406+0000] {dag.py:2585} INFO - Sync 3 DAGs
[2024-08-02T06:25:14.474+0000] {logging_mixin.py:120} INFO - [2024-08-02T06:25:14.474+0000] {dag.py:3340} INFO - Setting next_dagrun for example_branch_datetime_operator to 2024-08-01T00:00:00+00:00, run_after=2024-08-02T00:00:00+00:00
[2024-08-02T06:25:14.490+0000] {logging_mixin.py:120} INFO - [2024-08-02T06:25:14.490+0000] {dag.py:3340} INFO - Setting next_dagrun for example_branch_datetime_operator_2 to 2024-08-01T00:00:00+00:00, run_after=2024-08-02T00:00:00+00:00
[2024-08-02T06:25:14.498+0000] {logging_mixin.py:120} INFO - [2024-08-02T06:25:14.498+0000] {dag.py:3340} INFO - Setting next_dagrun for example_branch_datetime_operator_3 to 2024-08-01T00:00:00+00:00, run_after=2024-08-02T00:00:00+00:00
[2024-08-02T06:25:14.551+0000] {processor.py:176} INFO - Processing /home/airflow/.local/lib/python3.7/site-packages/airflow/example_dags/example_branch_datetime_operator.py took 0.314 seconds
[2024-08-02T06:25:44.937+0000] {processor.py:154} INFO - Started process (PID=7897) to work on /home/airflow/.local/lib/python3.7/site-packages/airflow/example_dags/example_branch_datetime_operator.py
[2024-08-02T06:25:44.938+0000] {processor.py:756} INFO - Processing file /home/airflow/.local/lib/python3.7/site-packages/airflow/example_dags/example_branch_datetime_operator.py for tasks to queue
[2024-08-02T06:25:44.940+0000] {logging_mixin.py:120} INFO - [2024-08-02T06:25:44.940+0000] {dagbag.py:537} INFO - Filling up the DagBag from /home/airflow/.local/lib/python3.7/site-packages/airflow/example_dags/example_branch_datetime_operator.py
[2024-08-02T06:25:44.958+0000] {processor.py:766} INFO - DAG(s) dict_keys(['example_branch_datetime_operator', 'example_branch_datetime_operator_3', 'example_branch_datetime_operator_2']) retrieved from /home/airflow/.local/lib/python3.7/site-packages/airflow/example_dags/example_branch_datetime_operator.py
[2024-08-02T06:25:45.045+0000] {logging_mixin.py:120} INFO - [2024-08-02T06:25:45.045+0000] {dag.py:2585} INFO - Sync 3 DAGs
[2024-08-02T06:25:45.083+0000] {logging_mixin.py:120} INFO - [2024-08-02T06:25:45.082+0000] {dag.py:3340} INFO - Setting next_dagrun for example_branch_datetime_operator to 2024-08-01T00:00:00+00:00, run_after=2024-08-02T00:00:00+00:00
[2024-08-02T06:25:45.092+0000] {logging_mixin.py:120} INFO - [2024-08-02T06:25:45.091+0000] {dag.py:3340} INFO - Setting next_dagrun for example_branch_datetime_operator_2 to 2024-08-01T00:00:00+00:00, run_after=2024-08-02T00:00:00+00:00
[2024-08-02T06:25:45.096+0000] {logging_mixin.py:120} INFO - [2024-08-02T06:25:45.096+0000] {dag.py:3340} INFO - Setting next_dagrun for example_branch_datetime_operator_3 to 2024-08-01T00:00:00+00:00, run_after=2024-08-02T00:00:00+00:00
[2024-08-02T06:25:45.131+0000] {processor.py:176} INFO - Processing /home/airflow/.local/lib/python3.7/site-packages/airflow/example_dags/example_branch_datetime_operator.py took 0.198 seconds
[2024-08-02T06:26:15.262+0000] {processor.py:154} INFO - Started process (PID=7953) to work on /home/airflow/.local/lib/python3.7/site-packages/airflow/example_dags/example_branch_datetime_operator.py
[2024-08-02T06:26:15.274+0000] {processor.py:756} INFO - Processing file /home/airflow/.local/lib/python3.7/site-packages/airflow/example_dags/example_branch_datetime_operator.py for tasks to queue
[2024-08-02T06:26:15.276+0000] {logging_mixin.py:120} INFO - [2024-08-02T06:26:15.276+0000] {dagbag.py:537} INFO - Filling up the DagBag from /home/airflow/.local/lib/python3.7/site-packages/airflow/example_dags/example_branch_datetime_operator.py
[2024-08-02T06:26:15.297+0000] {processor.py:766} INFO - DAG(s) dict_keys(['example_branch_datetime_operator_2', 'example_branch_datetime_operator', 'example_branch_datetime_operator_3']) retrieved from /home/airflow/.local/lib/python3.7/site-packages/airflow/example_dags/example_branch_datetime_operator.py
[2024-08-02T06:26:15.349+0000] {logging_mixin.py:120} INFO - [2024-08-02T06:26:15.349+0000] {dag.py:2585} INFO - Sync 3 DAGs
[2024-08-02T06:26:15.377+0000] {logging_mixin.py:120} INFO - [2024-08-02T06:26:15.377+0000] {dag.py:3340} INFO - Setting next_dagrun for example_branch_datetime_operator to 2024-08-01T00:00:00+00:00, run_after=2024-08-02T00:00:00+00:00
[2024-08-02T06:26:15.383+0000] {logging_mixin.py:120} INFO - [2024-08-02T06:26:15.383+0000] {dag.py:3340} INFO - Setting next_dagrun for example_branch_datetime_operator_2 to 2024-08-01T00:00:00+00:00, run_after=2024-08-02T00:00:00+00:00
[2024-08-02T06:26:15.386+0000] {logging_mixin.py:120} INFO - [2024-08-02T06:26:15.386+0000] {dag.py:3340} INFO - Setting next_dagrun for example_branch_datetime_operator_3 to 2024-08-01T00:00:00+00:00, run_after=2024-08-02T00:00:00+00:00
[2024-08-02T06:26:15.415+0000] {processor.py:176} INFO - Processing /home/airflow/.local/lib/python3.7/site-packages/airflow/example_dags/example_branch_datetime_operator.py took 0.156 seconds
[2024-08-02T06:26:46.349+0000] {processor.py:154} INFO - Started process (PID=8018) to work on /home/airflow/.local/lib/python3.7/site-packages/airflow/example_dags/example_branch_datetime_operator.py
[2024-08-02T06:26:46.351+0000] {processor.py:756} INFO - Processing file /home/airflow/.local/lib/python3.7/site-packages/airflow/example_dags/example_branch_datetime_operator.py for tasks to queue
[2024-08-02T06:26:46.357+0000] {logging_mixin.py:120} INFO - [2024-08-02T06:26:46.357+0000] {dagbag.py:537} INFO - Filling up the DagBag from /home/airflow/.local/lib/python3.7/site-packages/airflow/example_dags/example_branch_datetime_operator.py
[2024-08-02T06:26:46.407+0000] {processor.py:766} INFO - DAG(s) dict_keys(['example_branch_datetime_operator_2', 'example_branch_datetime_operator', 'example_branch_datetime_operator_3']) retrieved from /home/airflow/.local/lib/python3.7/site-packages/airflow/example_dags/example_branch_datetime_operator.py
[2024-08-02T06:26:46.472+0000] {logging_mixin.py:120} INFO - [2024-08-02T06:26:46.472+0000] {dag.py:2585} INFO - Sync 3 DAGs
[2024-08-02T06:26:46.509+0000] {logging_mixin.py:120} INFO - [2024-08-02T06:26:46.509+0000] {dag.py:3340} INFO - Setting next_dagrun for example_branch_datetime_operator to 2024-08-01T00:00:00+00:00, run_after=2024-08-02T00:00:00+00:00
[2024-08-02T06:26:46.516+0000] {logging_mixin.py:120} INFO - [2024-08-02T06:26:46.515+0000] {dag.py:3340} INFO - Setting next_dagrun for example_branch_datetime_operator_2 to 2024-08-01T00:00:00+00:00, run_after=2024-08-02T00:00:00+00:00
[2024-08-02T06:26:46.521+0000] {logging_mixin.py:120} INFO - [2024-08-02T06:26:46.520+0000] {dag.py:3340} INFO - Setting next_dagrun for example_branch_datetime_operator_3 to 2024-08-01T00:00:00+00:00, run_after=2024-08-02T00:00:00+00:00
[2024-08-02T06:26:46.555+0000] {processor.py:176} INFO - Processing /home/airflow/.local/lib/python3.7/site-packages/airflow/example_dags/example_branch_datetime_operator.py took 0.210 seconds
[2024-08-02T06:27:17.272+0000] {processor.py:154} INFO - Started process (PID=8083) to work on /home/airflow/.local/lib/python3.7/site-packages/airflow/example_dags/example_branch_datetime_operator.py
[2024-08-02T06:27:17.273+0000] {processor.py:756} INFO - Processing file /home/airflow/.local/lib/python3.7/site-packages/airflow/example_dags/example_branch_datetime_operator.py for tasks to queue
[2024-08-02T06:27:17.274+0000] {logging_mixin.py:120} INFO - [2024-08-02T06:27:17.274+0000] {dagbag.py:537} INFO - Filling up the DagBag from /home/airflow/.local/lib/python3.7/site-packages/airflow/example_dags/example_branch_datetime_operator.py
[2024-08-02T06:27:17.289+0000] {processor.py:766} INFO - DAG(s) dict_keys(['example_branch_datetime_operator_3', 'example_branch_datetime_operator', 'example_branch_datetime_operator_2']) retrieved from /home/airflow/.local/lib/python3.7/site-packages/airflow/example_dags/example_branch_datetime_operator.py
[2024-08-02T06:27:17.329+0000] {logging_mixin.py:120} INFO - [2024-08-02T06:27:17.329+0000] {dag.py:2585} INFO - Sync 3 DAGs
[2024-08-02T06:27:17.350+0000] {logging_mixin.py:120} INFO - [2024-08-02T06:27:17.350+0000] {dag.py:3340} INFO - Setting next_dagrun for example_branch_datetime_operator to 2024-08-01T00:00:00+00:00, run_after=2024-08-02T00:00:00+00:00
[2024-08-02T06:27:17.356+0000] {logging_mixin.py:120} INFO - [2024-08-02T06:27:17.356+0000] {dag.py:3340} INFO - Setting next_dagrun for example_branch_datetime_operator_2 to 2024-08-01T00:00:00+00:00, run_after=2024-08-02T00:00:00+00:00
[2024-08-02T06:27:17.358+0000] {logging_mixin.py:120} INFO - [2024-08-02T06:27:17.358+0000] {dag.py:3340} INFO - Setting next_dagrun for example_branch_datetime_operator_3 to 2024-08-01T00:00:00+00:00, run_after=2024-08-02T00:00:00+00:00
[2024-08-02T06:27:17.389+0000] {processor.py:176} INFO - Processing /home/airflow/.local/lib/python3.7/site-packages/airflow/example_dags/example_branch_datetime_operator.py took 0.119 seconds
[2024-08-02T08:24:08.161+0000] {processor.py:154} INFO - Started process (PID=52) to work on /home/airflow/.local/lib/python3.7/site-packages/airflow/example_dags/example_branch_datetime_operator.py
[2024-08-02T08:24:08.163+0000] {processor.py:756} INFO - Processing file /home/airflow/.local/lib/python3.7/site-packages/airflow/example_dags/example_branch_datetime_operator.py for tasks to queue
[2024-08-02T08:24:08.166+0000] {logging_mixin.py:120} INFO - [2024-08-02T08:24:08.165+0000] {dagbag.py:537} INFO - Filling up the DagBag from /home/airflow/.local/lib/python3.7/site-packages/airflow/example_dags/example_branch_datetime_operator.py
[2024-08-02T08:24:08.221+0000] {processor.py:766} INFO - DAG(s) dict_keys(['example_branch_datetime_operator', 'example_branch_datetime_operator_3', 'example_branch_datetime_operator_2']) retrieved from /home/airflow/.local/lib/python3.7/site-packages/airflow/example_dags/example_branch_datetime_operator.py
[2024-08-02T08:24:08.305+0000] {logging_mixin.py:120} INFO - [2024-08-02T08:24:08.305+0000] {dag.py:2585} INFO - Sync 3 DAGs
[2024-08-02T08:24:08.350+0000] {logging_mixin.py:120} INFO - [2024-08-02T08:24:08.349+0000] {dag.py:3340} INFO - Setting next_dagrun for example_branch_datetime_operator to 2024-08-01T00:00:00+00:00, run_after=2024-08-02T00:00:00+00:00
[2024-08-02T08:24:08.358+0000] {logging_mixin.py:120} INFO - [2024-08-02T08:24:08.357+0000] {dag.py:3340} INFO - Setting next_dagrun for example_branch_datetime_operator_2 to 2024-08-01T00:00:00+00:00, run_after=2024-08-02T00:00:00+00:00
[2024-08-02T08:24:08.362+0000] {logging_mixin.py:120} INFO - [2024-08-02T08:24:08.361+0000] {dag.py:3340} INFO - Setting next_dagrun for example_branch_datetime_operator_3 to 2024-08-01T00:00:00+00:00, run_after=2024-08-02T00:00:00+00:00
[2024-08-02T08:24:08.389+0000] {processor.py:176} INFO - Processing /home/airflow/.local/lib/python3.7/site-packages/airflow/example_dags/example_branch_datetime_operator.py took 0.233 seconds
[2024-08-02T08:24:40.404+0000] {processor.py:154} INFO - Started process (PID=107) to work on /home/airflow/.local/lib/python3.7/site-packages/airflow/example_dags/example_branch_datetime_operator.py
[2024-08-02T08:24:40.567+0000] {processor.py:756} INFO - Processing file /home/airflow/.local/lib/python3.7/site-packages/airflow/example_dags/example_branch_datetime_operator.py for tasks to queue
[2024-08-02T08:24:41.679+0000] {logging_mixin.py:120} INFO - [2024-08-02T08:24:41.678+0000] {dagbag.py:537} INFO - Filling up the DagBag from /home/airflow/.local/lib/python3.7/site-packages/airflow/example_dags/example_branch_datetime_operator.py
[2024-08-02T08:24:41.843+0000] {processor.py:766} INFO - DAG(s) dict_keys(['example_branch_datetime_operator_2', 'example_branch_datetime_operator_3', 'example_branch_datetime_operator']) retrieved from /home/airflow/.local/lib/python3.7/site-packages/airflow/example_dags/example_branch_datetime_operator.py
[2024-08-02T08:24:42.052+0000] {logging_mixin.py:120} INFO - [2024-08-02T08:24:42.051+0000] {dag.py:2585} INFO - Sync 3 DAGs
[2024-08-02T08:24:42.577+0000] {logging_mixin.py:120} INFO - [2024-08-02T08:24:42.577+0000] {dag.py:3340} INFO - Setting next_dagrun for example_branch_datetime_operator to 2024-08-01T00:00:00+00:00, run_after=2024-08-02T00:00:00+00:00
[2024-08-02T08:24:42.821+0000] {logging_mixin.py:120} INFO - [2024-08-02T08:24:42.821+0000] {dag.py:3340} INFO - Setting next_dagrun for example_branch_datetime_operator_2 to 2024-08-01T00:00:00+00:00, run_after=2024-08-02T00:00:00+00:00
[2024-08-02T08:24:42.941+0000] {logging_mixin.py:120} INFO - [2024-08-02T08:24:42.941+0000] {dag.py:3340} INFO - Setting next_dagrun for example_branch_datetime_operator_3 to 2024-08-01T00:00:00+00:00, run_after=2024-08-02T00:00:00+00:00
[2024-08-02T08:24:43.071+0000] {processor.py:176} INFO - Processing /home/airflow/.local/lib/python3.7/site-packages/airflow/example_dags/example_branch_datetime_operator.py took 2.673 seconds
[2024-08-02T08:25:14.267+0000] {processor.py:154} INFO - Started process (PID=173) to work on /home/airflow/.local/lib/python3.7/site-packages/airflow/example_dags/example_branch_datetime_operator.py
[2024-08-02T08:25:14.269+0000] {processor.py:756} INFO - Processing file /home/airflow/.local/lib/python3.7/site-packages/airflow/example_dags/example_branch_datetime_operator.py for tasks to queue
[2024-08-02T08:25:14.270+0000] {logging_mixin.py:120} INFO - [2024-08-02T08:25:14.270+0000] {dagbag.py:537} INFO - Filling up the DagBag from /home/airflow/.local/lib/python3.7/site-packages/airflow/example_dags/example_branch_datetime_operator.py
[2024-08-02T08:25:14.295+0000] {processor.py:766} INFO - DAG(s) dict_keys(['example_branch_datetime_operator_3', 'example_branch_datetime_operator_2', 'example_branch_datetime_operator']) retrieved from /home/airflow/.local/lib/python3.7/site-packages/airflow/example_dags/example_branch_datetime_operator.py
[2024-08-02T08:25:14.362+0000] {logging_mixin.py:120} INFO - [2024-08-02T08:25:14.362+0000] {dag.py:2585} INFO - Sync 3 DAGs
[2024-08-02T08:25:14.389+0000] {logging_mixin.py:120} INFO - [2024-08-02T08:25:14.389+0000] {dag.py:3340} INFO - Setting next_dagrun for example_branch_datetime_operator to 2024-08-01T00:00:00+00:00, run_after=2024-08-02T00:00:00+00:00
[2024-08-02T08:25:14.395+0000] {logging_mixin.py:120} INFO - [2024-08-02T08:25:14.395+0000] {dag.py:3340} INFO - Setting next_dagrun for example_branch_datetime_operator_2 to 2024-08-01T00:00:00+00:00, run_after=2024-08-02T00:00:00+00:00
[2024-08-02T08:25:14.398+0000] {logging_mixin.py:120} INFO - [2024-08-02T08:25:14.398+0000] {dag.py:3340} INFO - Setting next_dagrun for example_branch_datetime_operator_3 to 2024-08-01T00:00:00+00:00, run_after=2024-08-02T00:00:00+00:00
[2024-08-02T08:25:14.417+0000] {processor.py:176} INFO - Processing /home/airflow/.local/lib/python3.7/site-packages/airflow/example_dags/example_branch_datetime_operator.py took 0.152 seconds
[2024-08-02T08:25:45.291+0000] {processor.py:154} INFO - Started process (PID=236) to work on /home/airflow/.local/lib/python3.7/site-packages/airflow/example_dags/example_branch_datetime_operator.py
[2024-08-02T08:25:45.292+0000] {processor.py:756} INFO - Processing file /home/airflow/.local/lib/python3.7/site-packages/airflow/example_dags/example_branch_datetime_operator.py for tasks to queue
[2024-08-02T08:25:45.293+0000] {logging_mixin.py:120} INFO - [2024-08-02T08:25:45.293+0000] {dagbag.py:537} INFO - Filling up the DagBag from /home/airflow/.local/lib/python3.7/site-packages/airflow/example_dags/example_branch_datetime_operator.py
[2024-08-02T08:25:45.315+0000] {processor.py:766} INFO - DAG(s) dict_keys(['example_branch_datetime_operator_3', 'example_branch_datetime_operator', 'example_branch_datetime_operator_2']) retrieved from /home/airflow/.local/lib/python3.7/site-packages/airflow/example_dags/example_branch_datetime_operator.py
[2024-08-02T08:25:45.394+0000] {logging_mixin.py:120} INFO - [2024-08-02T08:25:45.393+0000] {dag.py:2585} INFO - Sync 3 DAGs
[2024-08-02T08:25:45.445+0000] {logging_mixin.py:120} INFO - [2024-08-02T08:25:45.445+0000] {dag.py:3340} INFO - Setting next_dagrun for example_branch_datetime_operator to 2024-08-01T00:00:00+00:00, run_after=2024-08-02T00:00:00+00:00
[2024-08-02T08:25:45.454+0000] {logging_mixin.py:120} INFO - [2024-08-02T08:25:45.453+0000] {dag.py:3340} INFO - Setting next_dagrun for example_branch_datetime_operator_2 to 2024-08-01T00:00:00+00:00, run_after=2024-08-02T00:00:00+00:00
[2024-08-02T08:25:45.459+0000] {logging_mixin.py:120} INFO - [2024-08-02T08:25:45.459+0000] {dag.py:3340} INFO - Setting next_dagrun for example_branch_datetime_operator_3 to 2024-08-01T00:00:00+00:00, run_after=2024-08-02T00:00:00+00:00
[2024-08-02T08:25:45.490+0000] {processor.py:176} INFO - Processing /home/airflow/.local/lib/python3.7/site-packages/airflow/example_dags/example_branch_datetime_operator.py took 0.203 seconds
[2024-08-02T08:26:16.085+0000] {processor.py:154} INFO - Started process (PID=294) to work on /home/airflow/.local/lib/python3.7/site-packages/airflow/example_dags/example_branch_datetime_operator.py
[2024-08-02T08:26:16.156+0000] {processor.py:756} INFO - Processing file /home/airflow/.local/lib/python3.7/site-packages/airflow/example_dags/example_branch_datetime_operator.py for tasks to queue
[2024-08-02T08:26:16.214+0000] {logging_mixin.py:120} INFO - [2024-08-02T08:26:16.214+0000] {dagbag.py:537} INFO - Filling up the DagBag from /home/airflow/.local/lib/python3.7/site-packages/airflow/example_dags/example_branch_datetime_operator.py
[2024-08-02T08:26:16.252+0000] {processor.py:766} INFO - DAG(s) dict_keys(['example_branch_datetime_operator', 'example_branch_datetime_operator_3', 'example_branch_datetime_operator_2']) retrieved from /home/airflow/.local/lib/python3.7/site-packages/airflow/example_dags/example_branch_datetime_operator.py
[2024-08-02T08:26:16.402+0000] {logging_mixin.py:120} INFO - [2024-08-02T08:26:16.402+0000] {dag.py:2585} INFO - Sync 3 DAGs
[2024-08-02T08:26:16.473+0000] {logging_mixin.py:120} INFO - [2024-08-02T08:26:16.473+0000] {dag.py:3340} INFO - Setting next_dagrun for example_branch_datetime_operator to 2024-08-01T00:00:00+00:00, run_after=2024-08-02T00:00:00+00:00
[2024-08-02T08:26:16.527+0000] {logging_mixin.py:120} INFO - [2024-08-02T08:26:16.527+0000] {dag.py:3340} INFO - Setting next_dagrun for example_branch_datetime_operator_2 to 2024-08-01T00:00:00+00:00, run_after=2024-08-02T00:00:00+00:00
[2024-08-02T08:26:16.537+0000] {logging_mixin.py:120} INFO - [2024-08-02T08:26:16.537+0000] {dag.py:3340} INFO - Setting next_dagrun for example_branch_datetime_operator_3 to 2024-08-01T00:00:00+00:00, run_after=2024-08-02T00:00:00+00:00
[2024-08-02T08:26:16.580+0000] {processor.py:176} INFO - Processing /home/airflow/.local/lib/python3.7/site-packages/airflow/example_dags/example_branch_datetime_operator.py took 0.499 seconds
[2024-08-02T08:26:46.844+0000] {processor.py:154} INFO - Started process (PID=359) to work on /home/airflow/.local/lib/python3.7/site-packages/airflow/example_dags/example_branch_datetime_operator.py
[2024-08-02T08:26:46.846+0000] {processor.py:756} INFO - Processing file /home/airflow/.local/lib/python3.7/site-packages/airflow/example_dags/example_branch_datetime_operator.py for tasks to queue
[2024-08-02T08:26:46.848+0000] {logging_mixin.py:120} INFO - [2024-08-02T08:26:46.848+0000] {dagbag.py:537} INFO - Filling up the DagBag from /home/airflow/.local/lib/python3.7/site-packages/airflow/example_dags/example_branch_datetime_operator.py
[2024-08-02T08:26:46.874+0000] {processor.py:766} INFO - DAG(s) dict_keys(['example_branch_datetime_operator_3', 'example_branch_datetime_operator_2', 'example_branch_datetime_operator']) retrieved from /home/airflow/.local/lib/python3.7/site-packages/airflow/example_dags/example_branch_datetime_operator.py
[2024-08-02T08:26:46.951+0000] {logging_mixin.py:120} INFO - [2024-08-02T08:26:46.951+0000] {dag.py:2585} INFO - Sync 3 DAGs
[2024-08-02T08:26:46.990+0000] {logging_mixin.py:120} INFO - [2024-08-02T08:26:46.990+0000] {dag.py:3340} INFO - Setting next_dagrun for example_branch_datetime_operator to 2024-08-01T00:00:00+00:00, run_after=2024-08-02T00:00:00+00:00
[2024-08-02T08:26:46.997+0000] {logging_mixin.py:120} INFO - [2024-08-02T08:26:46.997+0000] {dag.py:3340} INFO - Setting next_dagrun for example_branch_datetime_operator_2 to 2024-08-01T00:00:00+00:00, run_after=2024-08-02T00:00:00+00:00
[2024-08-02T08:26:47.004+0000] {logging_mixin.py:120} INFO - [2024-08-02T08:26:47.003+0000] {dag.py:3340} INFO - Setting next_dagrun for example_branch_datetime_operator_3 to 2024-08-01T00:00:00+00:00, run_after=2024-08-02T00:00:00+00:00
[2024-08-02T08:26:47.034+0000] {processor.py:176} INFO - Processing /home/airflow/.local/lib/python3.7/site-packages/airflow/example_dags/example_branch_datetime_operator.py took 0.196 seconds
[2024-08-02T08:27:19.285+0000] {processor.py:154} INFO - Started process (PID=415) to work on /home/airflow/.local/lib/python3.7/site-packages/airflow/example_dags/example_branch_datetime_operator.py
[2024-08-02T08:27:19.286+0000] {processor.py:756} INFO - Processing file /home/airflow/.local/lib/python3.7/site-packages/airflow/example_dags/example_branch_datetime_operator.py for tasks to queue
[2024-08-02T08:27:19.287+0000] {logging_mixin.py:120} INFO - [2024-08-02T08:27:19.287+0000] {dagbag.py:537} INFO - Filling up the DagBag from /home/airflow/.local/lib/python3.7/site-packages/airflow/example_dags/example_branch_datetime_operator.py
[2024-08-02T08:27:19.313+0000] {processor.py:766} INFO - DAG(s) dict_keys(['example_branch_datetime_operator_2', 'example_branch_datetime_operator_3', 'example_branch_datetime_operator']) retrieved from /home/airflow/.local/lib/python3.7/site-packages/airflow/example_dags/example_branch_datetime_operator.py
[2024-08-02T08:27:19.369+0000] {logging_mixin.py:120} INFO - [2024-08-02T08:27:19.369+0000] {dag.py:2585} INFO - Sync 3 DAGs
[2024-08-02T08:27:19.541+0000] {logging_mixin.py:120} INFO - [2024-08-02T08:27:19.541+0000] {dag.py:3340} INFO - Setting next_dagrun for example_branch_datetime_operator to 2024-08-01T00:00:00+00:00, run_after=2024-08-02T00:00:00+00:00
[2024-08-02T08:27:19.642+0000] {logging_mixin.py:120} INFO - [2024-08-02T08:27:19.641+0000] {dag.py:3340} INFO - Setting next_dagrun for example_branch_datetime_operator_2 to 2024-08-01T00:00:00+00:00, run_after=2024-08-02T00:00:00+00:00
[2024-08-02T08:27:19.731+0000] {logging_mixin.py:120} INFO - [2024-08-02T08:27:19.731+0000] {dag.py:3340} INFO - Setting next_dagrun for example_branch_datetime_operator_3 to 2024-08-01T00:00:00+00:00, run_after=2024-08-02T00:00:00+00:00
[2024-08-02T08:27:20.370+0000] {processor.py:176} INFO - Processing /home/airflow/.local/lib/python3.7/site-packages/airflow/example_dags/example_branch_datetime_operator.py took 1.088 seconds
[2024-08-02T08:27:50.813+0000] {processor.py:154} INFO - Started process (PID=481) to work on /home/airflow/.local/lib/python3.7/site-packages/airflow/example_dags/example_branch_datetime_operator.py
[2024-08-02T08:27:50.905+0000] {processor.py:756} INFO - Processing file /home/airflow/.local/lib/python3.7/site-packages/airflow/example_dags/example_branch_datetime_operator.py for tasks to queue
[2024-08-02T08:27:50.907+0000] {logging_mixin.py:120} INFO - [2024-08-02T08:27:50.907+0000] {dagbag.py:537} INFO - Filling up the DagBag from /home/airflow/.local/lib/python3.7/site-packages/airflow/example_dags/example_branch_datetime_operator.py
[2024-08-02T08:27:50.965+0000] {processor.py:766} INFO - DAG(s) dict_keys(['example_branch_datetime_operator_2', 'example_branch_datetime_operator', 'example_branch_datetime_operator_3']) retrieved from /home/airflow/.local/lib/python3.7/site-packages/airflow/example_dags/example_branch_datetime_operator.py
[2024-08-02T08:27:51.176+0000] {logging_mixin.py:120} INFO - [2024-08-02T08:27:51.176+0000] {dag.py:2585} INFO - Sync 3 DAGs
[2024-08-02T08:27:51.304+0000] {logging_mixin.py:120} INFO - [2024-08-02T08:27:51.304+0000] {dag.py:3340} INFO - Setting next_dagrun for example_branch_datetime_operator to 2024-08-01T00:00:00+00:00, run_after=2024-08-02T00:00:00+00:00
[2024-08-02T08:27:51.410+0000] {logging_mixin.py:120} INFO - [2024-08-02T08:27:51.410+0000] {dag.py:3340} INFO - Setting next_dagrun for example_branch_datetime_operator_2 to 2024-08-01T00:00:00+00:00, run_after=2024-08-02T00:00:00+00:00
[2024-08-02T08:27:51.423+0000] {logging_mixin.py:120} INFO - [2024-08-02T08:27:51.423+0000] {dag.py:3340} INFO - Setting next_dagrun for example_branch_datetime_operator_3 to 2024-08-01T00:00:00+00:00, run_after=2024-08-02T00:00:00+00:00
[2024-08-02T08:27:51.470+0000] {processor.py:176} INFO - Processing /home/airflow/.local/lib/python3.7/site-packages/airflow/example_dags/example_branch_datetime_operator.py took 0.661 seconds
[2024-08-02T08:28:22.539+0000] {processor.py:154} INFO - Started process (PID=546) to work on /home/airflow/.local/lib/python3.7/site-packages/airflow/example_dags/example_branch_datetime_operator.py
[2024-08-02T08:28:22.540+0000] {processor.py:756} INFO - Processing file /home/airflow/.local/lib/python3.7/site-packages/airflow/example_dags/example_branch_datetime_operator.py for tasks to queue
[2024-08-02T08:28:22.541+0000] {logging_mixin.py:120} INFO - [2024-08-02T08:28:22.541+0000] {dagbag.py:537} INFO - Filling up the DagBag from /home/airflow/.local/lib/python3.7/site-packages/airflow/example_dags/example_branch_datetime_operator.py
[2024-08-02T08:28:22.565+0000] {processor.py:766} INFO - DAG(s) dict_keys(['example_branch_datetime_operator_2', 'example_branch_datetime_operator_3', 'example_branch_datetime_operator']) retrieved from /home/airflow/.local/lib/python3.7/site-packages/airflow/example_dags/example_branch_datetime_operator.py
[2024-08-02T08:28:22.758+0000] {logging_mixin.py:120} INFO - [2024-08-02T08:28:22.758+0000] {dag.py:2585} INFO - Sync 3 DAGs
[2024-08-02T08:28:22.919+0000] {logging_mixin.py:120} INFO - [2024-08-02T08:28:22.919+0000] {dag.py:3340} INFO - Setting next_dagrun for example_branch_datetime_operator to 2024-08-01T00:00:00+00:00, run_after=2024-08-02T00:00:00+00:00
[2024-08-02T08:28:23.025+0000] {logging_mixin.py:120} INFO - [2024-08-02T08:28:23.024+0000] {dag.py:3340} INFO - Setting next_dagrun for example_branch_datetime_operator_2 to 2024-08-01T00:00:00+00:00, run_after=2024-08-02T00:00:00+00:00
[2024-08-02T08:28:23.039+0000] {logging_mixin.py:120} INFO - [2024-08-02T08:28:23.039+0000] {dag.py:3340} INFO - Setting next_dagrun for example_branch_datetime_operator_3 to 2024-08-01T00:00:00+00:00, run_after=2024-08-02T00:00:00+00:00
[2024-08-02T08:28:23.090+0000] {processor.py:176} INFO - Processing /home/airflow/.local/lib/python3.7/site-packages/airflow/example_dags/example_branch_datetime_operator.py took 0.555 seconds
[2024-08-02T08:28:53.848+0000] {processor.py:154} INFO - Started process (PID=602) to work on /home/airflow/.local/lib/python3.7/site-packages/airflow/example_dags/example_branch_datetime_operator.py
[2024-08-02T08:28:53.850+0000] {processor.py:756} INFO - Processing file /home/airflow/.local/lib/python3.7/site-packages/airflow/example_dags/example_branch_datetime_operator.py for tasks to queue
[2024-08-02T08:28:53.851+0000] {logging_mixin.py:120} INFO - [2024-08-02T08:28:53.851+0000] {dagbag.py:537} INFO - Filling up the DagBag from /home/airflow/.local/lib/python3.7/site-packages/airflow/example_dags/example_branch_datetime_operator.py
[2024-08-02T08:28:53.884+0000] {processor.py:766} INFO - DAG(s) dict_keys(['example_branch_datetime_operator', 'example_branch_datetime_operator_3', 'example_branch_datetime_operator_2']) retrieved from /home/airflow/.local/lib/python3.7/site-packages/airflow/example_dags/example_branch_datetime_operator.py
[2024-08-02T08:28:54.073+0000] {logging_mixin.py:120} INFO - [2024-08-02T08:28:54.073+0000] {dag.py:2585} INFO - Sync 3 DAGs
[2024-08-02T08:28:54.236+0000] {logging_mixin.py:120} INFO - [2024-08-02T08:28:54.235+0000] {dag.py:3340} INFO - Setting next_dagrun for example_branch_datetime_operator to 2024-08-01T00:00:00+00:00, run_after=2024-08-02T00:00:00+00:00
[2024-08-02T08:28:54.327+0000] {logging_mixin.py:120} INFO - [2024-08-02T08:28:54.327+0000] {dag.py:3340} INFO - Setting next_dagrun for example_branch_datetime_operator_2 to 2024-08-01T00:00:00+00:00, run_after=2024-08-02T00:00:00+00:00
[2024-08-02T08:28:54.341+0000] {logging_mixin.py:120} INFO - [2024-08-02T08:28:54.341+0000] {dag.py:3340} INFO - Setting next_dagrun for example_branch_datetime_operator_3 to 2024-08-01T00:00:00+00:00, run_after=2024-08-02T00:00:00+00:00
[2024-08-02T08:28:54.379+0000] {processor.py:176} INFO - Processing /home/airflow/.local/lib/python3.7/site-packages/airflow/example_dags/example_branch_datetime_operator.py took 0.535 seconds
[2024-08-02T08:29:24.640+0000] {processor.py:154} INFO - Started process (PID=667) to work on /home/airflow/.local/lib/python3.7/site-packages/airflow/example_dags/example_branch_datetime_operator.py
[2024-08-02T08:29:24.642+0000] {processor.py:756} INFO - Processing file /home/airflow/.local/lib/python3.7/site-packages/airflow/example_dags/example_branch_datetime_operator.py for tasks to queue
[2024-08-02T08:29:24.643+0000] {logging_mixin.py:120} INFO - [2024-08-02T08:29:24.643+0000] {dagbag.py:537} INFO - Filling up the DagBag from /home/airflow/.local/lib/python3.7/site-packages/airflow/example_dags/example_branch_datetime_operator.py
[2024-08-02T08:29:24.667+0000] {processor.py:766} INFO - DAG(s) dict_keys(['example_branch_datetime_operator', 'example_branch_datetime_operator_3', 'example_branch_datetime_operator_2']) retrieved from /home/airflow/.local/lib/python3.7/site-packages/airflow/example_dags/example_branch_datetime_operator.py
[2024-08-02T08:29:24.889+0000] {logging_mixin.py:120} INFO - [2024-08-02T08:29:24.889+0000] {dag.py:2585} INFO - Sync 3 DAGs
[2024-08-02T08:29:24.924+0000] {logging_mixin.py:120} INFO - [2024-08-02T08:29:24.924+0000] {dag.py:3340} INFO - Setting next_dagrun for example_branch_datetime_operator to 2024-08-01T00:00:00+00:00, run_after=2024-08-02T00:00:00+00:00
[2024-08-02T08:29:24.929+0000] {logging_mixin.py:120} INFO - [2024-08-02T08:29:24.929+0000] {dag.py:3340} INFO - Setting next_dagrun for example_branch_datetime_operator_2 to 2024-08-01T00:00:00+00:00, run_after=2024-08-02T00:00:00+00:00
[2024-08-02T08:29:24.943+0000] {logging_mixin.py:120} INFO - [2024-08-02T08:29:24.942+0000] {dag.py:3340} INFO - Setting next_dagrun for example_branch_datetime_operator_3 to 2024-08-01T00:00:00+00:00, run_after=2024-08-02T00:00:00+00:00
[2024-08-02T08:29:24.965+0000] {processor.py:176} INFO - Processing /home/airflow/.local/lib/python3.7/site-packages/airflow/example_dags/example_branch_datetime_operator.py took 0.335 seconds
[2024-08-02T08:29:55.184+0000] {processor.py:154} INFO - Started process (PID=731) to work on /home/airflow/.local/lib/python3.7/site-packages/airflow/example_dags/example_branch_datetime_operator.py
[2024-08-02T08:29:55.188+0000] {processor.py:756} INFO - Processing file /home/airflow/.local/lib/python3.7/site-packages/airflow/example_dags/example_branch_datetime_operator.py for tasks to queue
[2024-08-02T08:29:55.190+0000] {logging_mixin.py:120} INFO - [2024-08-02T08:29:55.190+0000] {dagbag.py:537} INFO - Filling up the DagBag from /home/airflow/.local/lib/python3.7/site-packages/airflow/example_dags/example_branch_datetime_operator.py
[2024-08-02T08:29:55.224+0000] {processor.py:766} INFO - DAG(s) dict_keys(['example_branch_datetime_operator', 'example_branch_datetime_operator_2', 'example_branch_datetime_operator_3']) retrieved from /home/airflow/.local/lib/python3.7/site-packages/airflow/example_dags/example_branch_datetime_operator.py
[2024-08-02T08:29:55.323+0000] {logging_mixin.py:120} INFO - [2024-08-02T08:29:55.322+0000] {dag.py:2585} INFO - Sync 3 DAGs
[2024-08-02T08:29:55.384+0000] {logging_mixin.py:120} INFO - [2024-08-02T08:29:55.383+0000] {dag.py:3340} INFO - Setting next_dagrun for example_branch_datetime_operator to 2024-08-01T00:00:00+00:00, run_after=2024-08-02T00:00:00+00:00
[2024-08-02T08:29:55.401+0000] {logging_mixin.py:120} INFO - [2024-08-02T08:29:55.401+0000] {dag.py:3340} INFO - Setting next_dagrun for example_branch_datetime_operator_2 to 2024-08-01T00:00:00+00:00, run_after=2024-08-02T00:00:00+00:00
[2024-08-02T08:29:55.406+0000] {logging_mixin.py:120} INFO - [2024-08-02T08:29:55.406+0000] {dag.py:3340} INFO - Setting next_dagrun for example_branch_datetime_operator_3 to 2024-08-01T00:00:00+00:00, run_after=2024-08-02T00:00:00+00:00
[2024-08-02T08:29:55.443+0000] {processor.py:176} INFO - Processing /home/airflow/.local/lib/python3.7/site-packages/airflow/example_dags/example_branch_datetime_operator.py took 0.267 seconds
[2024-08-02T08:30:25.549+0000] {processor.py:154} INFO - Started process (PID=788) to work on /home/airflow/.local/lib/python3.7/site-packages/airflow/example_dags/example_branch_datetime_operator.py
[2024-08-02T08:30:25.550+0000] {processor.py:756} INFO - Processing file /home/airflow/.local/lib/python3.7/site-packages/airflow/example_dags/example_branch_datetime_operator.py for tasks to queue
[2024-08-02T08:30:25.551+0000] {logging_mixin.py:120} INFO - [2024-08-02T08:30:25.551+0000] {dagbag.py:537} INFO - Filling up the DagBag from /home/airflow/.local/lib/python3.7/site-packages/airflow/example_dags/example_branch_datetime_operator.py
[2024-08-02T08:30:25.585+0000] {processor.py:766} INFO - DAG(s) dict_keys(['example_branch_datetime_operator_3', 'example_branch_datetime_operator', 'example_branch_datetime_operator_2']) retrieved from /home/airflow/.local/lib/python3.7/site-packages/airflow/example_dags/example_branch_datetime_operator.py
[2024-08-02T08:30:25.638+0000] {logging_mixin.py:120} INFO - [2024-08-02T08:30:25.638+0000] {dag.py:2585} INFO - Sync 3 DAGs
[2024-08-02T08:30:25.671+0000] {logging_mixin.py:120} INFO - [2024-08-02T08:30:25.671+0000] {dag.py:3340} INFO - Setting next_dagrun for example_branch_datetime_operator to 2024-08-01T00:00:00+00:00, run_after=2024-08-02T00:00:00+00:00
[2024-08-02T08:30:25.676+0000] {logging_mixin.py:120} INFO - [2024-08-02T08:30:25.676+0000] {dag.py:3340} INFO - Setting next_dagrun for example_branch_datetime_operator_2 to 2024-08-01T00:00:00+00:00, run_after=2024-08-02T00:00:00+00:00
[2024-08-02T08:30:25.679+0000] {logging_mixin.py:120} INFO - [2024-08-02T08:30:25.678+0000] {dag.py:3340} INFO - Setting next_dagrun for example_branch_datetime_operator_3 to 2024-08-01T00:00:00+00:00, run_after=2024-08-02T00:00:00+00:00
[2024-08-02T08:30:25.707+0000] {processor.py:176} INFO - Processing /home/airflow/.local/lib/python3.7/site-packages/airflow/example_dags/example_branch_datetime_operator.py took 0.162 seconds
[2024-08-02T08:30:55.805+0000] {processor.py:154} INFO - Started process (PID=855) to work on /home/airflow/.local/lib/python3.7/site-packages/airflow/example_dags/example_branch_datetime_operator.py
[2024-08-02T08:30:55.816+0000] {processor.py:756} INFO - Processing file /home/airflow/.local/lib/python3.7/site-packages/airflow/example_dags/example_branch_datetime_operator.py for tasks to queue
[2024-08-02T08:30:55.818+0000] {logging_mixin.py:120} INFO - [2024-08-02T08:30:55.818+0000] {dagbag.py:537} INFO - Filling up the DagBag from /home/airflow/.local/lib/python3.7/site-packages/airflow/example_dags/example_branch_datetime_operator.py
[2024-08-02T08:30:55.866+0000] {processor.py:766} INFO - DAG(s) dict_keys(['example_branch_datetime_operator_3', 'example_branch_datetime_operator_2', 'example_branch_datetime_operator']) retrieved from /home/airflow/.local/lib/python3.7/site-packages/airflow/example_dags/example_branch_datetime_operator.py
[2024-08-02T08:30:56.009+0000] {logging_mixin.py:120} INFO - [2024-08-02T08:30:56.009+0000] {dag.py:2585} INFO - Sync 3 DAGs
[2024-08-02T08:30:56.103+0000] {logging_mixin.py:120} INFO - [2024-08-02T08:30:56.103+0000] {dag.py:3340} INFO - Setting next_dagrun for example_branch_datetime_operator to 2024-08-01T00:00:00+00:00, run_after=2024-08-02T00:00:00+00:00
[2024-08-02T08:30:56.194+0000] {logging_mixin.py:120} INFO - [2024-08-02T08:30:56.194+0000] {dag.py:3340} INFO - Setting next_dagrun for example_branch_datetime_operator_2 to 2024-08-01T00:00:00+00:00, run_after=2024-08-02T00:00:00+00:00
[2024-08-02T08:30:56.303+0000] {logging_mixin.py:120} INFO - [2024-08-02T08:30:56.303+0000] {dag.py:3340} INFO - Setting next_dagrun for example_branch_datetime_operator_3 to 2024-08-01T00:00:00+00:00, run_after=2024-08-02T00:00:00+00:00
[2024-08-02T08:30:56.336+0000] {processor.py:176} INFO - Processing /home/airflow/.local/lib/python3.7/site-packages/airflow/example_dags/example_branch_datetime_operator.py took 0.534 seconds
[2024-08-02T08:31:26.901+0000] {processor.py:154} INFO - Started process (PID=911) to work on /home/airflow/.local/lib/python3.7/site-packages/airflow/example_dags/example_branch_datetime_operator.py
[2024-08-02T08:31:26.902+0000] {processor.py:756} INFO - Processing file /home/airflow/.local/lib/python3.7/site-packages/airflow/example_dags/example_branch_datetime_operator.py for tasks to queue
[2024-08-02T08:31:26.903+0000] {logging_mixin.py:120} INFO - [2024-08-02T08:31:26.903+0000] {dagbag.py:537} INFO - Filling up the DagBag from /home/airflow/.local/lib/python3.7/site-packages/airflow/example_dags/example_branch_datetime_operator.py
[2024-08-02T08:31:26.923+0000] {processor.py:766} INFO - DAG(s) dict_keys(['example_branch_datetime_operator_3', 'example_branch_datetime_operator_2', 'example_branch_datetime_operator']) retrieved from /home/airflow/.local/lib/python3.7/site-packages/airflow/example_dags/example_branch_datetime_operator.py
[2024-08-02T08:31:26.991+0000] {logging_mixin.py:120} INFO - [2024-08-02T08:31:26.991+0000] {dag.py:2585} INFO - Sync 3 DAGs
[2024-08-02T08:31:27.016+0000] {logging_mixin.py:120} INFO - [2024-08-02T08:31:27.016+0000] {dag.py:3340} INFO - Setting next_dagrun for example_branch_datetime_operator to 2024-08-01T00:00:00+00:00, run_after=2024-08-02T00:00:00+00:00
[2024-08-02T08:31:27.021+0000] {logging_mixin.py:120} INFO - [2024-08-02T08:31:27.021+0000] {dag.py:3340} INFO - Setting next_dagrun for example_branch_datetime_operator_2 to 2024-08-01T00:00:00+00:00, run_after=2024-08-02T00:00:00+00:00
[2024-08-02T08:31:27.026+0000] {logging_mixin.py:120} INFO - [2024-08-02T08:31:27.026+0000] {dag.py:3340} INFO - Setting next_dagrun for example_branch_datetime_operator_3 to 2024-08-01T00:00:00+00:00, run_after=2024-08-02T00:00:00+00:00
[2024-08-02T08:31:27.047+0000] {processor.py:176} INFO - Processing /home/airflow/.local/lib/python3.7/site-packages/airflow/example_dags/example_branch_datetime_operator.py took 0.150 seconds
[2024-08-02T08:31:57.213+0000] {processor.py:154} INFO - Started process (PID=976) to work on /home/airflow/.local/lib/python3.7/site-packages/airflow/example_dags/example_branch_datetime_operator.py
[2024-08-02T08:31:57.215+0000] {processor.py:756} INFO - Processing file /home/airflow/.local/lib/python3.7/site-packages/airflow/example_dags/example_branch_datetime_operator.py for tasks to queue
[2024-08-02T08:31:57.225+0000] {logging_mixin.py:120} INFO - [2024-08-02T08:31:57.225+0000] {dagbag.py:537} INFO - Filling up the DagBag from /home/airflow/.local/lib/python3.7/site-packages/airflow/example_dags/example_branch_datetime_operator.py
[2024-08-02T08:31:57.403+0000] {processor.py:766} INFO - DAG(s) dict_keys(['example_branch_datetime_operator', 'example_branch_datetime_operator_3', 'example_branch_datetime_operator_2']) retrieved from /home/airflow/.local/lib/python3.7/site-packages/airflow/example_dags/example_branch_datetime_operator.py
[2024-08-02T08:31:57.450+0000] {logging_mixin.py:120} INFO - [2024-08-02T08:31:57.450+0000] {dag.py:2585} INFO - Sync 3 DAGs
[2024-08-02T08:31:57.535+0000] {logging_mixin.py:120} INFO - [2024-08-02T08:31:57.534+0000] {dag.py:3340} INFO - Setting next_dagrun for example_branch_datetime_operator to 2024-08-01T00:00:00+00:00, run_after=2024-08-02T00:00:00+00:00
[2024-08-02T08:31:57.552+0000] {logging_mixin.py:120} INFO - [2024-08-02T08:31:57.552+0000] {dag.py:3340} INFO - Setting next_dagrun for example_branch_datetime_operator_2 to 2024-08-01T00:00:00+00:00, run_after=2024-08-02T00:00:00+00:00
[2024-08-02T08:31:57.563+0000] {logging_mixin.py:120} INFO - [2024-08-02T08:31:57.563+0000] {dag.py:3340} INFO - Setting next_dagrun for example_branch_datetime_operator_3 to 2024-08-01T00:00:00+00:00, run_after=2024-08-02T00:00:00+00:00
[2024-08-02T08:31:57.607+0000] {processor.py:176} INFO - Processing /home/airflow/.local/lib/python3.7/site-packages/airflow/example_dags/example_branch_datetime_operator.py took 0.398 seconds
[2024-08-02T08:32:27.813+0000] {processor.py:154} INFO - Started process (PID=1042) to work on /home/airflow/.local/lib/python3.7/site-packages/airflow/example_dags/example_branch_datetime_operator.py
[2024-08-02T08:32:27.814+0000] {processor.py:756} INFO - Processing file /home/airflow/.local/lib/python3.7/site-packages/airflow/example_dags/example_branch_datetime_operator.py for tasks to queue
[2024-08-02T08:32:27.815+0000] {logging_mixin.py:120} INFO - [2024-08-02T08:32:27.815+0000] {dagbag.py:537} INFO - Filling up the DagBag from /home/airflow/.local/lib/python3.7/site-packages/airflow/example_dags/example_branch_datetime_operator.py
[2024-08-02T08:32:27.835+0000] {processor.py:766} INFO - DAG(s) dict_keys(['example_branch_datetime_operator_2', 'example_branch_datetime_operator_3', 'example_branch_datetime_operator']) retrieved from /home/airflow/.local/lib/python3.7/site-packages/airflow/example_dags/example_branch_datetime_operator.py
[2024-08-02T08:32:27.902+0000] {logging_mixin.py:120} INFO - [2024-08-02T08:32:27.902+0000] {dag.py:2585} INFO - Sync 3 DAGs
[2024-08-02T08:32:27.928+0000] {logging_mixin.py:120} INFO - [2024-08-02T08:32:27.928+0000] {dag.py:3340} INFO - Setting next_dagrun for example_branch_datetime_operator to 2024-08-01T00:00:00+00:00, run_after=2024-08-02T00:00:00+00:00
[2024-08-02T08:32:27.933+0000] {logging_mixin.py:120} INFO - [2024-08-02T08:32:27.933+0000] {dag.py:3340} INFO - Setting next_dagrun for example_branch_datetime_operator_2 to 2024-08-01T00:00:00+00:00, run_after=2024-08-02T00:00:00+00:00
[2024-08-02T08:32:27.936+0000] {logging_mixin.py:120} INFO - [2024-08-02T08:32:27.936+0000] {dag.py:3340} INFO - Setting next_dagrun for example_branch_datetime_operator_3 to 2024-08-01T00:00:00+00:00, run_after=2024-08-02T00:00:00+00:00
[2024-08-02T08:32:27.954+0000] {processor.py:176} INFO - Processing /home/airflow/.local/lib/python3.7/site-packages/airflow/example_dags/example_branch_datetime_operator.py took 0.144 seconds
[2024-08-02T08:32:58.955+0000] {processor.py:154} INFO - Started process (PID=1098) to work on /home/airflow/.local/lib/python3.7/site-packages/airflow/example_dags/example_branch_datetime_operator.py
[2024-08-02T08:32:58.956+0000] {processor.py:756} INFO - Processing file /home/airflow/.local/lib/python3.7/site-packages/airflow/example_dags/example_branch_datetime_operator.py for tasks to queue
[2024-08-02T08:32:58.958+0000] {logging_mixin.py:120} INFO - [2024-08-02T08:32:58.957+0000] {dagbag.py:537} INFO - Filling up the DagBag from /home/airflow/.local/lib/python3.7/site-packages/airflow/example_dags/example_branch_datetime_operator.py
[2024-08-02T08:32:59.001+0000] {processor.py:766} INFO - DAG(s) dict_keys(['example_branch_datetime_operator', 'example_branch_datetime_operator_2', 'example_branch_datetime_operator_3']) retrieved from /home/airflow/.local/lib/python3.7/site-packages/airflow/example_dags/example_branch_datetime_operator.py
[2024-08-02T08:32:59.052+0000] {logging_mixin.py:120} INFO - [2024-08-02T08:32:59.052+0000] {dag.py:2585} INFO - Sync 3 DAGs
[2024-08-02T08:32:59.083+0000] {logging_mixin.py:120} INFO - [2024-08-02T08:32:59.083+0000] {dag.py:3340} INFO - Setting next_dagrun for example_branch_datetime_operator to 2024-08-01T00:00:00+00:00, run_after=2024-08-02T00:00:00+00:00
[2024-08-02T08:32:59.088+0000] {logging_mixin.py:120} INFO - [2024-08-02T08:32:59.088+0000] {dag.py:3340} INFO - Setting next_dagrun for example_branch_datetime_operator_2 to 2024-08-01T00:00:00+00:00, run_after=2024-08-02T00:00:00+00:00
[2024-08-02T08:32:59.090+0000] {logging_mixin.py:120} INFO - [2024-08-02T08:32:59.090+0000] {dag.py:3340} INFO - Setting next_dagrun for example_branch_datetime_operator_3 to 2024-08-01T00:00:00+00:00, run_after=2024-08-02T00:00:00+00:00
[2024-08-02T08:32:59.111+0000] {processor.py:176} INFO - Processing /home/airflow/.local/lib/python3.7/site-packages/airflow/example_dags/example_branch_datetime_operator.py took 0.159 seconds
[2024-08-02T08:33:30.664+0000] {processor.py:154} INFO - Started process (PID=1163) to work on /home/airflow/.local/lib/python3.7/site-packages/airflow/example_dags/example_branch_datetime_operator.py
[2024-08-02T08:33:30.665+0000] {processor.py:756} INFO - Processing file /home/airflow/.local/lib/python3.7/site-packages/airflow/example_dags/example_branch_datetime_operator.py for tasks to queue
[2024-08-02T08:33:30.667+0000] {logging_mixin.py:120} INFO - [2024-08-02T08:33:30.666+0000] {dagbag.py:537} INFO - Filling up the DagBag from /home/airflow/.local/lib/python3.7/site-packages/airflow/example_dags/example_branch_datetime_operator.py
[2024-08-02T08:33:30.714+0000] {processor.py:766} INFO - DAG(s) dict_keys(['example_branch_datetime_operator_3', 'example_branch_datetime_operator', 'example_branch_datetime_operator_2']) retrieved from /home/airflow/.local/lib/python3.7/site-packages/airflow/example_dags/example_branch_datetime_operator.py
[2024-08-02T08:33:30.907+0000] {logging_mixin.py:120} INFO - [2024-08-02T08:33:30.907+0000] {dag.py:2585} INFO - Sync 3 DAGs
[2024-08-02T08:33:31.027+0000] {logging_mixin.py:120} INFO - [2024-08-02T08:33:31.027+0000] {dag.py:3340} INFO - Setting next_dagrun for example_branch_datetime_operator to 2024-08-01T00:00:00+00:00, run_after=2024-08-02T00:00:00+00:00
[2024-08-02T08:33:31.118+0000] {logging_mixin.py:120} INFO - [2024-08-02T08:33:31.118+0000] {dag.py:3340} INFO - Setting next_dagrun for example_branch_datetime_operator_2 to 2024-08-01T00:00:00+00:00, run_after=2024-08-02T00:00:00+00:00
[2024-08-02T08:33:31.122+0000] {logging_mixin.py:120} INFO - [2024-08-02T08:33:31.122+0000] {dag.py:3340} INFO - Setting next_dagrun for example_branch_datetime_operator_3 to 2024-08-01T00:00:00+00:00, run_after=2024-08-02T00:00:00+00:00
[2024-08-02T08:33:31.152+0000] {processor.py:176} INFO - Processing /home/airflow/.local/lib/python3.7/site-packages/airflow/example_dags/example_branch_datetime_operator.py took 0.493 seconds
[2024-08-02T08:34:02.468+0000] {processor.py:154} INFO - Started process (PID=1226) to work on /home/airflow/.local/lib/python3.7/site-packages/airflow/example_dags/example_branch_datetime_operator.py
[2024-08-02T08:34:02.539+0000] {processor.py:756} INFO - Processing file /home/airflow/.local/lib/python3.7/site-packages/airflow/example_dags/example_branch_datetime_operator.py for tasks to queue
[2024-08-02T08:34:02.540+0000] {logging_mixin.py:120} INFO - [2024-08-02T08:34:02.540+0000] {dagbag.py:537} INFO - Filling up the DagBag from /home/airflow/.local/lib/python3.7/site-packages/airflow/example_dags/example_branch_datetime_operator.py
[2024-08-02T08:34:02.581+0000] {processor.py:766} INFO - DAG(s) dict_keys(['example_branch_datetime_operator_3', 'example_branch_datetime_operator', 'example_branch_datetime_operator_2']) retrieved from /home/airflow/.local/lib/python3.7/site-packages/airflow/example_dags/example_branch_datetime_operator.py
[2024-08-02T08:34:02.749+0000] {logging_mixin.py:120} INFO - [2024-08-02T08:34:02.748+0000] {dag.py:2585} INFO - Sync 3 DAGs
[2024-08-02T08:34:02.888+0000] {logging_mixin.py:120} INFO - [2024-08-02T08:34:02.887+0000] {dag.py:3340} INFO - Setting next_dagrun for example_branch_datetime_operator to 2024-08-01T00:00:00+00:00, run_after=2024-08-02T00:00:00+00:00
[2024-08-02T08:34:02.894+0000] {logging_mixin.py:120} INFO - [2024-08-02T08:34:02.894+0000] {dag.py:3340} INFO - Setting next_dagrun for example_branch_datetime_operator_2 to 2024-08-01T00:00:00+00:00, run_after=2024-08-02T00:00:00+00:00
[2024-08-02T08:34:02.898+0000] {logging_mixin.py:120} INFO - [2024-08-02T08:34:02.898+0000] {dag.py:3340} INFO - Setting next_dagrun for example_branch_datetime_operator_3 to 2024-08-01T00:00:00+00:00, run_after=2024-08-02T00:00:00+00:00
[2024-08-02T08:34:02.922+0000] {processor.py:176} INFO - Processing /home/airflow/.local/lib/python3.7/site-packages/airflow/example_dags/example_branch_datetime_operator.py took 0.458 seconds
[2024-08-02T08:34:33.735+0000] {processor.py:154} INFO - Started process (PID=1284) to work on /home/airflow/.local/lib/python3.7/site-packages/airflow/example_dags/example_branch_datetime_operator.py
[2024-08-02T08:34:33.737+0000] {processor.py:756} INFO - Processing file /home/airflow/.local/lib/python3.7/site-packages/airflow/example_dags/example_branch_datetime_operator.py for tasks to queue
[2024-08-02T08:34:33.801+0000] {logging_mixin.py:120} INFO - [2024-08-02T08:34:33.801+0000] {dagbag.py:537} INFO - Filling up the DagBag from /home/airflow/.local/lib/python3.7/site-packages/airflow/example_dags/example_branch_datetime_operator.py
[2024-08-02T08:34:33.890+0000] {processor.py:766} INFO - DAG(s) dict_keys(['example_branch_datetime_operator_3', 'example_branch_datetime_operator_2', 'example_branch_datetime_operator']) retrieved from /home/airflow/.local/lib/python3.7/site-packages/airflow/example_dags/example_branch_datetime_operator.py
[2024-08-02T08:34:34.037+0000] {logging_mixin.py:120} INFO - [2024-08-02T08:34:34.037+0000] {dag.py:2585} INFO - Sync 3 DAGs
[2024-08-02T08:34:34.131+0000] {logging_mixin.py:120} INFO - [2024-08-02T08:34:34.131+0000] {dag.py:3340} INFO - Setting next_dagrun for example_branch_datetime_operator to 2024-08-01T00:00:00+00:00, run_after=2024-08-02T00:00:00+00:00
[2024-08-02T08:34:34.159+0000] {logging_mixin.py:120} INFO - [2024-08-02T08:34:34.159+0000] {dag.py:3340} INFO - Setting next_dagrun for example_branch_datetime_operator_2 to 2024-08-01T00:00:00+00:00, run_after=2024-08-02T00:00:00+00:00
[2024-08-02T08:34:34.242+0000] {logging_mixin.py:120} INFO - [2024-08-02T08:34:34.242+0000] {dag.py:3340} INFO - Setting next_dagrun for example_branch_datetime_operator_3 to 2024-08-01T00:00:00+00:00, run_after=2024-08-02T00:00:00+00:00
[2024-08-02T08:34:34.290+0000] {processor.py:176} INFO - Processing /home/airflow/.local/lib/python3.7/site-packages/airflow/example_dags/example_branch_datetime_operator.py took 0.560 seconds
[2024-08-02T08:35:04.570+0000] {processor.py:154} INFO - Started process (PID=1350) to work on /home/airflow/.local/lib/python3.7/site-packages/airflow/example_dags/example_branch_datetime_operator.py
[2024-08-02T08:35:04.581+0000] {processor.py:756} INFO - Processing file /home/airflow/.local/lib/python3.7/site-packages/airflow/example_dags/example_branch_datetime_operator.py for tasks to queue
[2024-08-02T08:35:04.597+0000] {logging_mixin.py:120} INFO - [2024-08-02T08:35:04.597+0000] {dagbag.py:537} INFO - Filling up the DagBag from /home/airflow/.local/lib/python3.7/site-packages/airflow/example_dags/example_branch_datetime_operator.py
[2024-08-02T08:35:04.740+0000] {processor.py:766} INFO - DAG(s) dict_keys(['example_branch_datetime_operator_3', 'example_branch_datetime_operator', 'example_branch_datetime_operator_2']) retrieved from /home/airflow/.local/lib/python3.7/site-packages/airflow/example_dags/example_branch_datetime_operator.py
[2024-08-02T08:35:04.896+0000] {logging_mixin.py:120} INFO - [2024-08-02T08:35:04.895+0000] {dag.py:2585} INFO - Sync 3 DAGs
[2024-08-02T08:35:05.059+0000] {logging_mixin.py:120} INFO - [2024-08-02T08:35:05.059+0000] {dag.py:3340} INFO - Setting next_dagrun for example_branch_datetime_operator to 2024-08-01T00:00:00+00:00, run_after=2024-08-02T00:00:00+00:00
[2024-08-02T08:35:05.137+0000] {logging_mixin.py:120} INFO - [2024-08-02T08:35:05.137+0000] {dag.py:3340} INFO - Setting next_dagrun for example_branch_datetime_operator_2 to 2024-08-01T00:00:00+00:00, run_after=2024-08-02T00:00:00+00:00
[2024-08-02T08:35:05.249+0000] {logging_mixin.py:120} INFO - [2024-08-02T08:35:05.249+0000] {dag.py:3340} INFO - Setting next_dagrun for example_branch_datetime_operator_3 to 2024-08-01T00:00:00+00:00, run_after=2024-08-02T00:00:00+00:00
[2024-08-02T08:35:05.288+0000] {processor.py:176} INFO - Processing /home/airflow/.local/lib/python3.7/site-packages/airflow/example_dags/example_branch_datetime_operator.py took 0.721 seconds
[2024-08-02T08:35:36.136+0000] {processor.py:154} INFO - Started process (PID=1405) to work on /home/airflow/.local/lib/python3.7/site-packages/airflow/example_dags/example_branch_datetime_operator.py
[2024-08-02T08:35:36.137+0000] {processor.py:756} INFO - Processing file /home/airflow/.local/lib/python3.7/site-packages/airflow/example_dags/example_branch_datetime_operator.py for tasks to queue
[2024-08-02T08:35:36.138+0000] {logging_mixin.py:120} INFO - [2024-08-02T08:35:36.138+0000] {dagbag.py:537} INFO - Filling up the DagBag from /home/airflow/.local/lib/python3.7/site-packages/airflow/example_dags/example_branch_datetime_operator.py
[2024-08-02T08:35:36.155+0000] {processor.py:766} INFO - DAG(s) dict_keys(['example_branch_datetime_operator', 'example_branch_datetime_operator_2', 'example_branch_datetime_operator_3']) retrieved from /home/airflow/.local/lib/python3.7/site-packages/airflow/example_dags/example_branch_datetime_operator.py
[2024-08-02T08:35:36.298+0000] {logging_mixin.py:120} INFO - [2024-08-02T08:35:36.297+0000] {dag.py:2585} INFO - Sync 3 DAGs
[2024-08-02T08:35:36.443+0000] {logging_mixin.py:120} INFO - [2024-08-02T08:35:36.443+0000] {dag.py:3340} INFO - Setting next_dagrun for example_branch_datetime_operator to 2024-08-01T00:00:00+00:00, run_after=2024-08-02T00:00:00+00:00
[2024-08-02T08:35:36.598+0000] {logging_mixin.py:120} INFO - [2024-08-02T08:35:36.598+0000] {dag.py:3340} INFO - Setting next_dagrun for example_branch_datetime_operator_2 to 2024-08-01T00:00:00+00:00, run_after=2024-08-02T00:00:00+00:00
[2024-08-02T08:35:36.611+0000] {logging_mixin.py:120} INFO - [2024-08-02T08:35:36.611+0000] {dag.py:3340} INFO - Setting next_dagrun for example_branch_datetime_operator_3 to 2024-08-01T00:00:00+00:00, run_after=2024-08-02T00:00:00+00:00
[2024-08-02T08:35:36.634+0000] {processor.py:176} INFO - Processing /home/airflow/.local/lib/python3.7/site-packages/airflow/example_dags/example_branch_datetime_operator.py took 0.505 seconds
[2024-08-02T08:36:06.943+0000] {processor.py:154} INFO - Started process (PID=1471) to work on /home/airflow/.local/lib/python3.7/site-packages/airflow/example_dags/example_branch_datetime_operator.py
[2024-08-02T08:36:06.944+0000] {processor.py:756} INFO - Processing file /home/airflow/.local/lib/python3.7/site-packages/airflow/example_dags/example_branch_datetime_operator.py for tasks to queue
[2024-08-02T08:36:06.945+0000] {logging_mixin.py:120} INFO - [2024-08-02T08:36:06.945+0000] {dagbag.py:537} INFO - Filling up the DagBag from /home/airflow/.local/lib/python3.7/site-packages/airflow/example_dags/example_branch_datetime_operator.py
[2024-08-02T08:36:06.963+0000] {processor.py:766} INFO - DAG(s) dict_keys(['example_branch_datetime_operator_3', 'example_branch_datetime_operator', 'example_branch_datetime_operator_2']) retrieved from /home/airflow/.local/lib/python3.7/site-packages/airflow/example_dags/example_branch_datetime_operator.py
[2024-08-02T08:36:07.012+0000] {logging_mixin.py:120} INFO - [2024-08-02T08:36:07.011+0000] {dag.py:2585} INFO - Sync 3 DAGs
[2024-08-02T08:36:07.041+0000] {logging_mixin.py:120} INFO - [2024-08-02T08:36:07.041+0000] {dag.py:3340} INFO - Setting next_dagrun for example_branch_datetime_operator to 2024-08-01T00:00:00+00:00, run_after=2024-08-02T00:00:00+00:00
[2024-08-02T08:36:07.048+0000] {logging_mixin.py:120} INFO - [2024-08-02T08:36:07.048+0000] {dag.py:3340} INFO - Setting next_dagrun for example_branch_datetime_operator_2 to 2024-08-01T00:00:00+00:00, run_after=2024-08-02T00:00:00+00:00
[2024-08-02T08:36:07.051+0000] {logging_mixin.py:120} INFO - [2024-08-02T08:36:07.051+0000] {dag.py:3340} INFO - Setting next_dagrun for example_branch_datetime_operator_3 to 2024-08-01T00:00:00+00:00, run_after=2024-08-02T00:00:00+00:00
[2024-08-02T08:36:07.075+0000] {processor.py:176} INFO - Processing /home/airflow/.local/lib/python3.7/site-packages/airflow/example_dags/example_branch_datetime_operator.py took 0.135 seconds
[2024-08-02T08:36:38.024+0000] {processor.py:154} INFO - Started process (PID=1535) to work on /home/airflow/.local/lib/python3.7/site-packages/airflow/example_dags/example_branch_datetime_operator.py
[2024-08-02T08:36:38.029+0000] {processor.py:756} INFO - Processing file /home/airflow/.local/lib/python3.7/site-packages/airflow/example_dags/example_branch_datetime_operator.py for tasks to queue
[2024-08-02T08:36:38.030+0000] {logging_mixin.py:120} INFO - [2024-08-02T08:36:38.030+0000] {dagbag.py:537} INFO - Filling up the DagBag from /home/airflow/.local/lib/python3.7/site-packages/airflow/example_dags/example_branch_datetime_operator.py
[2024-08-02T08:36:38.059+0000] {processor.py:766} INFO - DAG(s) dict_keys(['example_branch_datetime_operator_2', 'example_branch_datetime_operator_3', 'example_branch_datetime_operator']) retrieved from /home/airflow/.local/lib/python3.7/site-packages/airflow/example_dags/example_branch_datetime_operator.py
[2024-08-02T08:36:38.248+0000] {logging_mixin.py:120} INFO - [2024-08-02T08:36:38.248+0000] {dag.py:2585} INFO - Sync 3 DAGs
[2024-08-02T08:36:38.294+0000] {logging_mixin.py:120} INFO - [2024-08-02T08:36:38.293+0000] {dag.py:3340} INFO - Setting next_dagrun for example_branch_datetime_operator to 2024-08-01T00:00:00+00:00, run_after=2024-08-02T00:00:00+00:00
[2024-08-02T08:36:38.354+0000] {logging_mixin.py:120} INFO - [2024-08-02T08:36:38.353+0000] {dag.py:3340} INFO - Setting next_dagrun for example_branch_datetime_operator_2 to 2024-08-01T00:00:00+00:00, run_after=2024-08-02T00:00:00+00:00
[2024-08-02T08:36:38.363+0000] {logging_mixin.py:120} INFO - [2024-08-02T08:36:38.363+0000] {dag.py:3340} INFO - Setting next_dagrun for example_branch_datetime_operator_3 to 2024-08-01T00:00:00+00:00, run_after=2024-08-02T00:00:00+00:00
[2024-08-02T08:36:38.398+0000] {processor.py:176} INFO - Processing /home/airflow/.local/lib/python3.7/site-packages/airflow/example_dags/example_branch_datetime_operator.py took 0.380 seconds
[2024-08-02T08:37:08.896+0000] {processor.py:154} INFO - Started process (PID=1591) to work on /home/airflow/.local/lib/python3.7/site-packages/airflow/example_dags/example_branch_datetime_operator.py
[2024-08-02T08:37:09.018+0000] {processor.py:756} INFO - Processing file /home/airflow/.local/lib/python3.7/site-packages/airflow/example_dags/example_branch_datetime_operator.py for tasks to queue
[2024-08-02T08:37:09.027+0000] {logging_mixin.py:120} INFO - [2024-08-02T08:37:09.026+0000] {dagbag.py:537} INFO - Filling up the DagBag from /home/airflow/.local/lib/python3.7/site-packages/airflow/example_dags/example_branch_datetime_operator.py
[2024-08-02T08:37:09.076+0000] {processor.py:766} INFO - DAG(s) dict_keys(['example_branch_datetime_operator', 'example_branch_datetime_operator_2', 'example_branch_datetime_operator_3']) retrieved from /home/airflow/.local/lib/python3.7/site-packages/airflow/example_dags/example_branch_datetime_operator.py
[2024-08-02T08:37:09.128+0000] {logging_mixin.py:120} INFO - [2024-08-02T08:37:09.128+0000] {dag.py:2585} INFO - Sync 3 DAGs
[2024-08-02T08:37:09.233+0000] {logging_mixin.py:120} INFO - [2024-08-02T08:37:09.233+0000] {dag.py:3340} INFO - Setting next_dagrun for example_branch_datetime_operator to 2024-08-01T00:00:00+00:00, run_after=2024-08-02T00:00:00+00:00
[2024-08-02T08:37:09.344+0000] {logging_mixin.py:120} INFO - [2024-08-02T08:37:09.344+0000] {dag.py:3340} INFO - Setting next_dagrun for example_branch_datetime_operator_2 to 2024-08-01T00:00:00+00:00, run_after=2024-08-02T00:00:00+00:00
[2024-08-02T08:37:09.358+0000] {logging_mixin.py:120} INFO - [2024-08-02T08:37:09.348+0000] {dag.py:3340} INFO - Setting next_dagrun for example_branch_datetime_operator_3 to 2024-08-01T00:00:00+00:00, run_after=2024-08-02T00:00:00+00:00
[2024-08-02T08:37:09.396+0000] {processor.py:176} INFO - Processing /home/airflow/.local/lib/python3.7/site-packages/airflow/example_dags/example_branch_datetime_operator.py took 0.504 seconds
[2024-08-02T08:37:39.882+0000] {processor.py:154} INFO - Started process (PID=1656) to work on /home/airflow/.local/lib/python3.7/site-packages/airflow/example_dags/example_branch_datetime_operator.py
[2024-08-02T08:37:39.884+0000] {processor.py:756} INFO - Processing file /home/airflow/.local/lib/python3.7/site-packages/airflow/example_dags/example_branch_datetime_operator.py for tasks to queue
[2024-08-02T08:37:39.885+0000] {logging_mixin.py:120} INFO - [2024-08-02T08:37:39.885+0000] {dagbag.py:537} INFO - Filling up the DagBag from /home/airflow/.local/lib/python3.7/site-packages/airflow/example_dags/example_branch_datetime_operator.py
[2024-08-02T08:37:39.906+0000] {processor.py:766} INFO - DAG(s) dict_keys(['example_branch_datetime_operator', 'example_branch_datetime_operator_2', 'example_branch_datetime_operator_3']) retrieved from /home/airflow/.local/lib/python3.7/site-packages/airflow/example_dags/example_branch_datetime_operator.py
[2024-08-02T08:37:39.956+0000] {logging_mixin.py:120} INFO - [2024-08-02T08:37:39.956+0000] {dag.py:2585} INFO - Sync 3 DAGs
[2024-08-02T08:37:39.990+0000] {logging_mixin.py:120} INFO - [2024-08-02T08:37:39.990+0000] {dag.py:3340} INFO - Setting next_dagrun for example_branch_datetime_operator to 2024-08-01T00:00:00+00:00, run_after=2024-08-02T00:00:00+00:00
[2024-08-02T08:37:40.104+0000] {logging_mixin.py:120} INFO - [2024-08-02T08:37:40.104+0000] {dag.py:3340} INFO - Setting next_dagrun for example_branch_datetime_operator_2 to 2024-08-01T00:00:00+00:00, run_after=2024-08-02T00:00:00+00:00
[2024-08-02T08:37:40.131+0000] {logging_mixin.py:120} INFO - [2024-08-02T08:37:40.131+0000] {dag.py:3340} INFO - Setting next_dagrun for example_branch_datetime_operator_3 to 2024-08-01T00:00:00+00:00, run_after=2024-08-02T00:00:00+00:00
[2024-08-02T08:37:40.189+0000] {processor.py:176} INFO - Processing /home/airflow/.local/lib/python3.7/site-packages/airflow/example_dags/example_branch_datetime_operator.py took 0.312 seconds
[2024-08-02T08:38:11.057+0000] {processor.py:154} INFO - Started process (PID=1721) to work on /home/airflow/.local/lib/python3.7/site-packages/airflow/example_dags/example_branch_datetime_operator.py
[2024-08-02T08:38:11.059+0000] {processor.py:756} INFO - Processing file /home/airflow/.local/lib/python3.7/site-packages/airflow/example_dags/example_branch_datetime_operator.py for tasks to queue
[2024-08-02T08:38:11.060+0000] {logging_mixin.py:120} INFO - [2024-08-02T08:38:11.060+0000] {dagbag.py:537} INFO - Filling up the DagBag from /home/airflow/.local/lib/python3.7/site-packages/airflow/example_dags/example_branch_datetime_operator.py
[2024-08-02T08:38:11.108+0000] {processor.py:766} INFO - DAG(s) dict_keys(['example_branch_datetime_operator', 'example_branch_datetime_operator_3', 'example_branch_datetime_operator_2']) retrieved from /home/airflow/.local/lib/python3.7/site-packages/airflow/example_dags/example_branch_datetime_operator.py
[2024-08-02T08:38:11.181+0000] {logging_mixin.py:120} INFO - [2024-08-02T08:38:11.181+0000] {dag.py:2585} INFO - Sync 3 DAGs
[2024-08-02T08:38:11.215+0000] {logging_mixin.py:120} INFO - [2024-08-02T08:38:11.215+0000] {dag.py:3340} INFO - Setting next_dagrun for example_branch_datetime_operator to 2024-08-01T00:00:00+00:00, run_after=2024-08-02T00:00:00+00:00
[2024-08-02T08:38:11.228+0000] {logging_mixin.py:120} INFO - [2024-08-02T08:38:11.227+0000] {dag.py:3340} INFO - Setting next_dagrun for example_branch_datetime_operator_2 to 2024-08-01T00:00:00+00:00, run_after=2024-08-02T00:00:00+00:00
[2024-08-02T08:38:11.232+0000] {logging_mixin.py:120} INFO - [2024-08-02T08:38:11.232+0000] {dag.py:3340} INFO - Setting next_dagrun for example_branch_datetime_operator_3 to 2024-08-01T00:00:00+00:00, run_after=2024-08-02T00:00:00+00:00
[2024-08-02T08:38:11.254+0000] {processor.py:176} INFO - Processing /home/airflow/.local/lib/python3.7/site-packages/airflow/example_dags/example_branch_datetime_operator.py took 0.201 seconds
[2024-08-02T08:38:41.438+0000] {processor.py:154} INFO - Started process (PID=1777) to work on /home/airflow/.local/lib/python3.7/site-packages/airflow/example_dags/example_branch_datetime_operator.py
[2024-08-02T08:38:41.440+0000] {processor.py:756} INFO - Processing file /home/airflow/.local/lib/python3.7/site-packages/airflow/example_dags/example_branch_datetime_operator.py for tasks to queue
[2024-08-02T08:38:41.447+0000] {logging_mixin.py:120} INFO - [2024-08-02T08:38:41.446+0000] {dagbag.py:537} INFO - Filling up the DagBag from /home/airflow/.local/lib/python3.7/site-packages/airflow/example_dags/example_branch_datetime_operator.py
[2024-08-02T08:38:41.472+0000] {processor.py:766} INFO - DAG(s) dict_keys(['example_branch_datetime_operator', 'example_branch_datetime_operator_2', 'example_branch_datetime_operator_3']) retrieved from /home/airflow/.local/lib/python3.7/site-packages/airflow/example_dags/example_branch_datetime_operator.py
[2024-08-02T08:38:41.528+0000] {logging_mixin.py:120} INFO - [2024-08-02T08:38:41.528+0000] {dag.py:2585} INFO - Sync 3 DAGs
[2024-08-02T08:38:41.568+0000] {logging_mixin.py:120} INFO - [2024-08-02T08:38:41.568+0000] {dag.py:3340} INFO - Setting next_dagrun for example_branch_datetime_operator to 2024-08-01T00:00:00+00:00, run_after=2024-08-02T00:00:00+00:00
[2024-08-02T08:38:41.575+0000] {logging_mixin.py:120} INFO - [2024-08-02T08:38:41.575+0000] {dag.py:3340} INFO - Setting next_dagrun for example_branch_datetime_operator_2 to 2024-08-01T00:00:00+00:00, run_after=2024-08-02T00:00:00+00:00
[2024-08-02T08:38:41.578+0000] {logging_mixin.py:120} INFO - [2024-08-02T08:38:41.578+0000] {dag.py:3340} INFO - Setting next_dagrun for example_branch_datetime_operator_3 to 2024-08-01T00:00:00+00:00, run_after=2024-08-02T00:00:00+00:00
[2024-08-02T08:38:41.598+0000] {processor.py:176} INFO - Processing /home/airflow/.local/lib/python3.7/site-packages/airflow/example_dags/example_branch_datetime_operator.py took 0.164 seconds
[2024-08-02T08:39:12.060+0000] {processor.py:154} INFO - Started process (PID=1841) to work on /home/airflow/.local/lib/python3.7/site-packages/airflow/example_dags/example_branch_datetime_operator.py
[2024-08-02T08:39:12.065+0000] {processor.py:756} INFO - Processing file /home/airflow/.local/lib/python3.7/site-packages/airflow/example_dags/example_branch_datetime_operator.py for tasks to queue
[2024-08-02T08:39:12.066+0000] {logging_mixin.py:120} INFO - [2024-08-02T08:39:12.066+0000] {dagbag.py:537} INFO - Filling up the DagBag from /home/airflow/.local/lib/python3.7/site-packages/airflow/example_dags/example_branch_datetime_operator.py
[2024-08-02T08:39:12.087+0000] {processor.py:766} INFO - DAG(s) dict_keys(['example_branch_datetime_operator_3', 'example_branch_datetime_operator_2', 'example_branch_datetime_operator']) retrieved from /home/airflow/.local/lib/python3.7/site-packages/airflow/example_dags/example_branch_datetime_operator.py
[2024-08-02T08:39:12.138+0000] {logging_mixin.py:120} INFO - [2024-08-02T08:39:12.138+0000] {dag.py:2585} INFO - Sync 3 DAGs
[2024-08-02T08:39:12.169+0000] {logging_mixin.py:120} INFO - [2024-08-02T08:39:12.169+0000] {dag.py:3340} INFO - Setting next_dagrun for example_branch_datetime_operator to 2024-08-01T00:00:00+00:00, run_after=2024-08-02T00:00:00+00:00
[2024-08-02T08:39:12.177+0000] {logging_mixin.py:120} INFO - [2024-08-02T08:39:12.177+0000] {dag.py:3340} INFO - Setting next_dagrun for example_branch_datetime_operator_2 to 2024-08-01T00:00:00+00:00, run_after=2024-08-02T00:00:00+00:00
[2024-08-02T08:39:12.181+0000] {logging_mixin.py:120} INFO - [2024-08-02T08:39:12.181+0000] {dag.py:3340} INFO - Setting next_dagrun for example_branch_datetime_operator_3 to 2024-08-01T00:00:00+00:00, run_after=2024-08-02T00:00:00+00:00
[2024-08-02T08:39:12.207+0000] {processor.py:176} INFO - Processing /home/airflow/.local/lib/python3.7/site-packages/airflow/example_dags/example_branch_datetime_operator.py took 0.150 seconds
[2024-08-02T08:39:42.666+0000] {processor.py:154} INFO - Started process (PID=1905) to work on /home/airflow/.local/lib/python3.7/site-packages/airflow/example_dags/example_branch_datetime_operator.py
[2024-08-02T08:39:42.667+0000] {processor.py:756} INFO - Processing file /home/airflow/.local/lib/python3.7/site-packages/airflow/example_dags/example_branch_datetime_operator.py for tasks to queue
[2024-08-02T08:39:42.670+0000] {logging_mixin.py:120} INFO - [2024-08-02T08:39:42.670+0000] {dagbag.py:537} INFO - Filling up the DagBag from /home/airflow/.local/lib/python3.7/site-packages/airflow/example_dags/example_branch_datetime_operator.py
[2024-08-02T08:39:42.704+0000] {processor.py:766} INFO - DAG(s) dict_keys(['example_branch_datetime_operator_3', 'example_branch_datetime_operator_2', 'example_branch_datetime_operator']) retrieved from /home/airflow/.local/lib/python3.7/site-packages/airflow/example_dags/example_branch_datetime_operator.py
[2024-08-02T08:39:42.785+0000] {logging_mixin.py:120} INFO - [2024-08-02T08:39:42.784+0000] {dag.py:2585} INFO - Sync 3 DAGs
[2024-08-02T08:39:42.917+0000] {logging_mixin.py:120} INFO - [2024-08-02T08:39:42.917+0000] {dag.py:3340} INFO - Setting next_dagrun for example_branch_datetime_operator to 2024-08-01T00:00:00+00:00, run_after=2024-08-02T00:00:00+00:00
[2024-08-02T08:39:42.946+0000] {logging_mixin.py:120} INFO - [2024-08-02T08:39:42.946+0000] {dag.py:3340} INFO - Setting next_dagrun for example_branch_datetime_operator_2 to 2024-08-01T00:00:00+00:00, run_after=2024-08-02T00:00:00+00:00
[2024-08-02T08:39:42.960+0000] {logging_mixin.py:120} INFO - [2024-08-02T08:39:42.960+0000] {dag.py:3340} INFO - Setting next_dagrun for example_branch_datetime_operator_3 to 2024-08-01T00:00:00+00:00, run_after=2024-08-02T00:00:00+00:00
[2024-08-02T08:39:43.044+0000] {processor.py:176} INFO - Processing /home/airflow/.local/lib/python3.7/site-packages/airflow/example_dags/example_branch_datetime_operator.py took 0.382 seconds
[2024-08-02T08:40:13.129+0000] {processor.py:154} INFO - Started process (PID=1962) to work on /home/airflow/.local/lib/python3.7/site-packages/airflow/example_dags/example_branch_datetime_operator.py
[2024-08-02T08:40:13.133+0000] {processor.py:756} INFO - Processing file /home/airflow/.local/lib/python3.7/site-packages/airflow/example_dags/example_branch_datetime_operator.py for tasks to queue
[2024-08-02T08:40:13.134+0000] {logging_mixin.py:120} INFO - [2024-08-02T08:40:13.134+0000] {dagbag.py:537} INFO - Filling up the DagBag from /home/airflow/.local/lib/python3.7/site-packages/airflow/example_dags/example_branch_datetime_operator.py
[2024-08-02T08:40:13.154+0000] {processor.py:766} INFO - DAG(s) dict_keys(['example_branch_datetime_operator_3', 'example_branch_datetime_operator', 'example_branch_datetime_operator_2']) retrieved from /home/airflow/.local/lib/python3.7/site-packages/airflow/example_dags/example_branch_datetime_operator.py
[2024-08-02T08:40:13.205+0000] {logging_mixin.py:120} INFO - [2024-08-02T08:40:13.205+0000] {dag.py:2585} INFO - Sync 3 DAGs
[2024-08-02T08:40:13.234+0000] {logging_mixin.py:120} INFO - [2024-08-02T08:40:13.234+0000] {dag.py:3340} INFO - Setting next_dagrun for example_branch_datetime_operator to 2024-08-01T00:00:00+00:00, run_after=2024-08-02T00:00:00+00:00
[2024-08-02T08:40:13.250+0000] {logging_mixin.py:120} INFO - [2024-08-02T08:40:13.250+0000] {dag.py:3340} INFO - Setting next_dagrun for example_branch_datetime_operator_2 to 2024-08-01T00:00:00+00:00, run_after=2024-08-02T00:00:00+00:00
[2024-08-02T08:40:13.258+0000] {logging_mixin.py:120} INFO - [2024-08-02T08:40:13.258+0000] {dag.py:3340} INFO - Setting next_dagrun for example_branch_datetime_operator_3 to 2024-08-01T00:00:00+00:00, run_after=2024-08-02T00:00:00+00:00
[2024-08-02T08:40:13.299+0000] {processor.py:176} INFO - Processing /home/airflow/.local/lib/python3.7/site-packages/airflow/example_dags/example_branch_datetime_operator.py took 0.174 seconds
[2024-08-02T08:40:44.082+0000] {processor.py:154} INFO - Started process (PID=2028) to work on /home/airflow/.local/lib/python3.7/site-packages/airflow/example_dags/example_branch_datetime_operator.py
[2024-08-02T08:40:44.083+0000] {processor.py:756} INFO - Processing file /home/airflow/.local/lib/python3.7/site-packages/airflow/example_dags/example_branch_datetime_operator.py for tasks to queue
[2024-08-02T08:40:44.084+0000] {logging_mixin.py:120} INFO - [2024-08-02T08:40:44.084+0000] {dagbag.py:537} INFO - Filling up the DagBag from /home/airflow/.local/lib/python3.7/site-packages/airflow/example_dags/example_branch_datetime_operator.py
[2024-08-02T08:40:44.123+0000] {processor.py:766} INFO - DAG(s) dict_keys(['example_branch_datetime_operator_2', 'example_branch_datetime_operator', 'example_branch_datetime_operator_3']) retrieved from /home/airflow/.local/lib/python3.7/site-packages/airflow/example_dags/example_branch_datetime_operator.py
[2024-08-02T08:40:44.287+0000] {logging_mixin.py:120} INFO - [2024-08-02T08:40:44.286+0000] {dag.py:2585} INFO - Sync 3 DAGs
[2024-08-02T08:40:44.452+0000] {logging_mixin.py:120} INFO - [2024-08-02T08:40:44.452+0000] {dag.py:3340} INFO - Setting next_dagrun for example_branch_datetime_operator to 2024-08-01T00:00:00+00:00, run_after=2024-08-02T00:00:00+00:00
[2024-08-02T08:40:44.568+0000] {logging_mixin.py:120} INFO - [2024-08-02T08:40:44.567+0000] {dag.py:3340} INFO - Setting next_dagrun for example_branch_datetime_operator_2 to 2024-08-01T00:00:00+00:00, run_after=2024-08-02T00:00:00+00:00
[2024-08-02T08:40:44.579+0000] {logging_mixin.py:120} INFO - [2024-08-02T08:40:44.579+0000] {dag.py:3340} INFO - Setting next_dagrun for example_branch_datetime_operator_3 to 2024-08-01T00:00:00+00:00, run_after=2024-08-02T00:00:00+00:00
[2024-08-02T08:40:44.616+0000] {processor.py:176} INFO - Processing /home/airflow/.local/lib/python3.7/site-packages/airflow/example_dags/example_branch_datetime_operator.py took 0.537 seconds
[2024-08-02T08:41:14.819+0000] {processor.py:154} INFO - Started process (PID=2093) to work on /home/airflow/.local/lib/python3.7/site-packages/airflow/example_dags/example_branch_datetime_operator.py
[2024-08-02T08:41:14.821+0000] {processor.py:756} INFO - Processing file /home/airflow/.local/lib/python3.7/site-packages/airflow/example_dags/example_branch_datetime_operator.py for tasks to queue
[2024-08-02T08:41:14.822+0000] {logging_mixin.py:120} INFO - [2024-08-02T08:41:14.821+0000] {dagbag.py:537} INFO - Filling up the DagBag from /home/airflow/.local/lib/python3.7/site-packages/airflow/example_dags/example_branch_datetime_operator.py
[2024-08-02T08:41:14.846+0000] {processor.py:766} INFO - DAG(s) dict_keys(['example_branch_datetime_operator', 'example_branch_datetime_operator_3', 'example_branch_datetime_operator_2']) retrieved from /home/airflow/.local/lib/python3.7/site-packages/airflow/example_dags/example_branch_datetime_operator.py
[2024-08-02T08:41:14.906+0000] {logging_mixin.py:120} INFO - [2024-08-02T08:41:14.906+0000] {dag.py:2585} INFO - Sync 3 DAGs
[2024-08-02T08:41:14.935+0000] {logging_mixin.py:120} INFO - [2024-08-02T08:41:14.935+0000] {dag.py:3340} INFO - Setting next_dagrun for example_branch_datetime_operator to 2024-08-01T00:00:00+00:00, run_after=2024-08-02T00:00:00+00:00
[2024-08-02T08:41:14.941+0000] {logging_mixin.py:120} INFO - [2024-08-02T08:41:14.941+0000] {dag.py:3340} INFO - Setting next_dagrun for example_branch_datetime_operator_2 to 2024-08-01T00:00:00+00:00, run_after=2024-08-02T00:00:00+00:00
[2024-08-02T08:41:14.945+0000] {logging_mixin.py:120} INFO - [2024-08-02T08:41:14.945+0000] {dag.py:3340} INFO - Setting next_dagrun for example_branch_datetime_operator_3 to 2024-08-01T00:00:00+00:00, run_after=2024-08-02T00:00:00+00:00
[2024-08-02T08:41:14.969+0000] {processor.py:176} INFO - Processing /home/airflow/.local/lib/python3.7/site-packages/airflow/example_dags/example_branch_datetime_operator.py took 0.154 seconds
[2024-08-02T08:41:45.468+0000] {processor.py:154} INFO - Started process (PID=2150) to work on /home/airflow/.local/lib/python3.7/site-packages/airflow/example_dags/example_branch_datetime_operator.py
[2024-08-02T08:41:45.470+0000] {processor.py:756} INFO - Processing file /home/airflow/.local/lib/python3.7/site-packages/airflow/example_dags/example_branch_datetime_operator.py for tasks to queue
[2024-08-02T08:41:45.471+0000] {logging_mixin.py:120} INFO - [2024-08-02T08:41:45.470+0000] {dagbag.py:537} INFO - Filling up the DagBag from /home/airflow/.local/lib/python3.7/site-packages/airflow/example_dags/example_branch_datetime_operator.py
[2024-08-02T08:41:45.491+0000] {processor.py:766} INFO - DAG(s) dict_keys(['example_branch_datetime_operator_3', 'example_branch_datetime_operator_2', 'example_branch_datetime_operator']) retrieved from /home/airflow/.local/lib/python3.7/site-packages/airflow/example_dags/example_branch_datetime_operator.py
[2024-08-02T08:41:45.539+0000] {logging_mixin.py:120} INFO - [2024-08-02T08:41:45.539+0000] {dag.py:2585} INFO - Sync 3 DAGs
[2024-08-02T08:41:45.567+0000] {logging_mixin.py:120} INFO - [2024-08-02T08:41:45.567+0000] {dag.py:3340} INFO - Setting next_dagrun for example_branch_datetime_operator to 2024-08-01T00:00:00+00:00, run_after=2024-08-02T00:00:00+00:00
[2024-08-02T08:41:45.573+0000] {logging_mixin.py:120} INFO - [2024-08-02T08:41:45.572+0000] {dag.py:3340} INFO - Setting next_dagrun for example_branch_datetime_operator_2 to 2024-08-01T00:00:00+00:00, run_after=2024-08-02T00:00:00+00:00
[2024-08-02T08:41:45.575+0000] {logging_mixin.py:120} INFO - [2024-08-02T08:41:45.575+0000] {dag.py:3340} INFO - Setting next_dagrun for example_branch_datetime_operator_3 to 2024-08-01T00:00:00+00:00, run_after=2024-08-02T00:00:00+00:00
[2024-08-02T08:41:45.596+0000] {processor.py:176} INFO - Processing /home/airflow/.local/lib/python3.7/site-packages/airflow/example_dags/example_branch_datetime_operator.py took 0.132 seconds
