[2024-08-02T05:20:31.515+0000] {processor.py:154} INFO - Started process (PID=86) to work on /home/airflow/.local/lib/python3.7/site-packages/airflow/example_dags/tutorial_taskflow_api_virtualenv.py
[2024-08-02T05:20:31.517+0000] {processor.py:756} INFO - Processing file /home/airflow/.local/lib/python3.7/site-packages/airflow/example_dags/tutorial_taskflow_api_virtualenv.py for tasks to queue
[2024-08-02T05:20:31.519+0000] {logging_mixin.py:120} INFO - [2024-08-02T05:20:31.518+0000] {dagbag.py:537} INFO - Filling up the DagBag from /home/airflow/.local/lib/python3.7/site-packages/airflow/example_dags/tutorial_taskflow_api_virtualenv.py
[2024-08-02T05:20:31.554+0000] {processor.py:766} INFO - DAG(s) dict_keys(['tutorial_taskflow_api_virtualenv']) retrieved from /home/airflow/.local/lib/python3.7/site-packages/airflow/example_dags/tutorial_taskflow_api_virtualenv.py
[2024-08-02T05:20:31.628+0000] {logging_mixin.py:120} INFO - [2024-08-02T05:20:31.628+0000] {dag.py:2585} INFO - Sync 1 DAGs
[2024-08-02T05:20:31.670+0000] {logging_mixin.py:120} INFO - [2024-08-02T05:20:31.670+0000] {dag.py:3340} INFO - Setting next_dagrun for tutorial_taskflow_api_virtualenv to None, run_after=None
[2024-08-02T05:20:31.721+0000] {processor.py:176} INFO - Processing /home/airflow/.local/lib/python3.7/site-packages/airflow/example_dags/tutorial_taskflow_api_virtualenv.py took 0.209 seconds
[2024-08-02T05:21:12.007+0000] {processor.py:154} INFO - Started process (PID=150) to work on /home/airflow/.local/lib/python3.7/site-packages/airflow/example_dags/tutorial_taskflow_api_virtualenv.py
[2024-08-02T05:21:12.009+0000] {processor.py:756} INFO - Processing file /home/airflow/.local/lib/python3.7/site-packages/airflow/example_dags/tutorial_taskflow_api_virtualenv.py for tasks to queue
[2024-08-02T05:21:12.010+0000] {logging_mixin.py:120} INFO - [2024-08-02T05:21:12.010+0000] {dagbag.py:537} INFO - Filling up the DagBag from /home/airflow/.local/lib/python3.7/site-packages/airflow/example_dags/tutorial_taskflow_api_virtualenv.py
[2024-08-02T05:21:12.053+0000] {processor.py:766} INFO - DAG(s) dict_keys(['tutorial_taskflow_api_virtualenv']) retrieved from /home/airflow/.local/lib/python3.7/site-packages/airflow/example_dags/tutorial_taskflow_api_virtualenv.py
[2024-08-02T05:21:12.095+0000] {logging_mixin.py:120} INFO - [2024-08-02T05:21:12.095+0000] {dag.py:2585} INFO - Sync 1 DAGs
[2024-08-02T05:21:12.169+0000] {logging_mixin.py:120} INFO - [2024-08-02T05:21:12.168+0000] {dag.py:3340} INFO - Setting next_dagrun for tutorial_taskflow_api_virtualenv to None, run_after=None
[2024-08-02T05:21:12.229+0000] {processor.py:176} INFO - Processing /home/airflow/.local/lib/python3.7/site-packages/airflow/example_dags/tutorial_taskflow_api_virtualenv.py took 0.225 seconds
[2024-08-02T05:21:42.713+0000] {processor.py:154} INFO - Started process (PID=216) to work on /home/airflow/.local/lib/python3.7/site-packages/airflow/example_dags/tutorial_taskflow_api_virtualenv.py
[2024-08-02T05:21:42.715+0000] {processor.py:756} INFO - Processing file /home/airflow/.local/lib/python3.7/site-packages/airflow/example_dags/tutorial_taskflow_api_virtualenv.py for tasks to queue
[2024-08-02T05:21:42.717+0000] {logging_mixin.py:120} INFO - [2024-08-02T05:21:42.716+0000] {dagbag.py:537} INFO - Filling up the DagBag from /home/airflow/.local/lib/python3.7/site-packages/airflow/example_dags/tutorial_taskflow_api_virtualenv.py
[2024-08-02T05:21:42.748+0000] {processor.py:766} INFO - DAG(s) dict_keys(['tutorial_taskflow_api_virtualenv']) retrieved from /home/airflow/.local/lib/python3.7/site-packages/airflow/example_dags/tutorial_taskflow_api_virtualenv.py
[2024-08-02T05:21:42.812+0000] {logging_mixin.py:120} INFO - [2024-08-02T05:21:42.812+0000] {dag.py:2585} INFO - Sync 1 DAGs
[2024-08-02T05:21:42.852+0000] {logging_mixin.py:120} INFO - [2024-08-02T05:21:42.851+0000] {dag.py:3340} INFO - Setting next_dagrun for tutorial_taskflow_api_virtualenv to None, run_after=None
[2024-08-02T05:21:42.894+0000] {processor.py:176} INFO - Processing /home/airflow/.local/lib/python3.7/site-packages/airflow/example_dags/tutorial_taskflow_api_virtualenv.py took 0.186 seconds
[2024-08-02T05:22:14.664+0000] {processor.py:154} INFO - Started process (PID=272) to work on /home/airflow/.local/lib/python3.7/site-packages/airflow/example_dags/tutorial_taskflow_api_virtualenv.py
[2024-08-02T05:22:14.665+0000] {processor.py:756} INFO - Processing file /home/airflow/.local/lib/python3.7/site-packages/airflow/example_dags/tutorial_taskflow_api_virtualenv.py for tasks to queue
[2024-08-02T05:22:14.667+0000] {logging_mixin.py:120} INFO - [2024-08-02T05:22:14.667+0000] {dagbag.py:537} INFO - Filling up the DagBag from /home/airflow/.local/lib/python3.7/site-packages/airflow/example_dags/tutorial_taskflow_api_virtualenv.py
[2024-08-02T05:22:14.705+0000] {processor.py:766} INFO - DAG(s) dict_keys(['tutorial_taskflow_api_virtualenv']) retrieved from /home/airflow/.local/lib/python3.7/site-packages/airflow/example_dags/tutorial_taskflow_api_virtualenv.py
[2024-08-02T05:22:14.867+0000] {logging_mixin.py:120} INFO - [2024-08-02T05:22:14.867+0000] {dag.py:2585} INFO - Sync 1 DAGs
[2024-08-02T05:22:15.006+0000] {logging_mixin.py:120} INFO - [2024-08-02T05:22:15.006+0000] {dag.py:3340} INFO - Setting next_dagrun for tutorial_taskflow_api_virtualenv to None, run_after=None
[2024-08-02T05:22:15.125+0000] {processor.py:176} INFO - Processing /home/airflow/.local/lib/python3.7/site-packages/airflow/example_dags/tutorial_taskflow_api_virtualenv.py took 0.465 seconds
[2024-08-02T05:22:46.012+0000] {processor.py:154} INFO - Started process (PID=337) to work on /home/airflow/.local/lib/python3.7/site-packages/airflow/example_dags/tutorial_taskflow_api_virtualenv.py
[2024-08-02T05:22:46.013+0000] {processor.py:756} INFO - Processing file /home/airflow/.local/lib/python3.7/site-packages/airflow/example_dags/tutorial_taskflow_api_virtualenv.py for tasks to queue
[2024-08-02T05:22:46.014+0000] {logging_mixin.py:120} INFO - [2024-08-02T05:22:46.014+0000] {dagbag.py:537} INFO - Filling up the DagBag from /home/airflow/.local/lib/python3.7/site-packages/airflow/example_dags/tutorial_taskflow_api_virtualenv.py
[2024-08-02T05:22:46.038+0000] {processor.py:766} INFO - DAG(s) dict_keys(['tutorial_taskflow_api_virtualenv']) retrieved from /home/airflow/.local/lib/python3.7/site-packages/airflow/example_dags/tutorial_taskflow_api_virtualenv.py
[2024-08-02T05:22:46.085+0000] {logging_mixin.py:120} INFO - [2024-08-02T05:22:46.085+0000] {dag.py:2585} INFO - Sync 1 DAGs
[2024-08-02T05:22:46.113+0000] {logging_mixin.py:120} INFO - [2024-08-02T05:22:46.113+0000] {dag.py:3340} INFO - Setting next_dagrun for tutorial_taskflow_api_virtualenv to None, run_after=None
[2024-08-02T05:22:46.138+0000] {processor.py:176} INFO - Processing /home/airflow/.local/lib/python3.7/site-packages/airflow/example_dags/tutorial_taskflow_api_virtualenv.py took 0.134 seconds
[2024-08-02T05:23:20.460+0000] {processor.py:154} INFO - Started process (PID=401) to work on /home/airflow/.local/lib/python3.7/site-packages/airflow/example_dags/tutorial_taskflow_api_virtualenv.py
[2024-08-02T05:23:20.467+0000] {processor.py:756} INFO - Processing file /home/airflow/.local/lib/python3.7/site-packages/airflow/example_dags/tutorial_taskflow_api_virtualenv.py for tasks to queue
[2024-08-02T05:23:20.468+0000] {logging_mixin.py:120} INFO - [2024-08-02T05:23:20.468+0000] {dagbag.py:537} INFO - Filling up the DagBag from /home/airflow/.local/lib/python3.7/site-packages/airflow/example_dags/tutorial_taskflow_api_virtualenv.py
[2024-08-02T05:23:20.494+0000] {processor.py:766} INFO - DAG(s) dict_keys(['tutorial_taskflow_api_virtualenv']) retrieved from /home/airflow/.local/lib/python3.7/site-packages/airflow/example_dags/tutorial_taskflow_api_virtualenv.py
[2024-08-02T05:23:20.617+0000] {logging_mixin.py:120} INFO - [2024-08-02T05:23:20.616+0000] {dag.py:2585} INFO - Sync 1 DAGs
[2024-08-02T05:23:20.656+0000] {logging_mixin.py:120} INFO - [2024-08-02T05:23:20.655+0000] {dag.py:3340} INFO - Setting next_dagrun for tutorial_taskflow_api_virtualenv to None, run_after=None
[2024-08-02T05:23:20.688+0000] {processor.py:176} INFO - Processing /home/airflow/.local/lib/python3.7/site-packages/airflow/example_dags/tutorial_taskflow_api_virtualenv.py took 0.231 seconds
[2024-08-02T05:23:52.799+0000] {processor.py:154} INFO - Started process (PID=456) to work on /home/airflow/.local/lib/python3.7/site-packages/airflow/example_dags/tutorial_taskflow_api_virtualenv.py
[2024-08-02T05:23:52.805+0000] {processor.py:756} INFO - Processing file /home/airflow/.local/lib/python3.7/site-packages/airflow/example_dags/tutorial_taskflow_api_virtualenv.py for tasks to queue
[2024-08-02T05:23:52.806+0000] {logging_mixin.py:120} INFO - [2024-08-02T05:23:52.806+0000] {dagbag.py:537} INFO - Filling up the DagBag from /home/airflow/.local/lib/python3.7/site-packages/airflow/example_dags/tutorial_taskflow_api_virtualenv.py
[2024-08-02T05:23:52.837+0000] {processor.py:766} INFO - DAG(s) dict_keys(['tutorial_taskflow_api_virtualenv']) retrieved from /home/airflow/.local/lib/python3.7/site-packages/airflow/example_dags/tutorial_taskflow_api_virtualenv.py
[2024-08-02T05:23:52.888+0000] {logging_mixin.py:120} INFO - [2024-08-02T05:23:52.888+0000] {dag.py:2585} INFO - Sync 1 DAGs
[2024-08-02T05:23:52.925+0000] {logging_mixin.py:120} INFO - [2024-08-02T05:23:52.924+0000] {dag.py:3340} INFO - Setting next_dagrun for tutorial_taskflow_api_virtualenv to None, run_after=None
[2024-08-02T05:23:52.959+0000] {processor.py:176} INFO - Processing /home/airflow/.local/lib/python3.7/site-packages/airflow/example_dags/tutorial_taskflow_api_virtualenv.py took 0.165 seconds
[2024-08-02T05:24:24.063+0000] {processor.py:154} INFO - Started process (PID=519) to work on /home/airflow/.local/lib/python3.7/site-packages/airflow/example_dags/tutorial_taskflow_api_virtualenv.py
[2024-08-02T05:24:24.083+0000] {processor.py:756} INFO - Processing file /home/airflow/.local/lib/python3.7/site-packages/airflow/example_dags/tutorial_taskflow_api_virtualenv.py for tasks to queue
[2024-08-02T05:24:24.088+0000] {logging_mixin.py:120} INFO - [2024-08-02T05:24:24.087+0000] {dagbag.py:537} INFO - Filling up the DagBag from /home/airflow/.local/lib/python3.7/site-packages/airflow/example_dags/tutorial_taskflow_api_virtualenv.py
[2024-08-02T05:24:24.136+0000] {processor.py:766} INFO - DAG(s) dict_keys(['tutorial_taskflow_api_virtualenv']) retrieved from /home/airflow/.local/lib/python3.7/site-packages/airflow/example_dags/tutorial_taskflow_api_virtualenv.py
[2024-08-02T05:24:24.282+0000] {logging_mixin.py:120} INFO - [2024-08-02T05:24:24.282+0000] {dag.py:2585} INFO - Sync 1 DAGs
[2024-08-02T05:24:24.316+0000] {logging_mixin.py:120} INFO - [2024-08-02T05:24:24.316+0000] {dag.py:3340} INFO - Setting next_dagrun for tutorial_taskflow_api_virtualenv to None, run_after=None
[2024-08-02T05:24:24.369+0000] {processor.py:176} INFO - Processing /home/airflow/.local/lib/python3.7/site-packages/airflow/example_dags/tutorial_taskflow_api_virtualenv.py took 0.310 seconds
[2024-08-02T05:24:54.924+0000] {processor.py:154} INFO - Started process (PID=583) to work on /home/airflow/.local/lib/python3.7/site-packages/airflow/example_dags/tutorial_taskflow_api_virtualenv.py
[2024-08-02T05:24:54.926+0000] {processor.py:756} INFO - Processing file /home/airflow/.local/lib/python3.7/site-packages/airflow/example_dags/tutorial_taskflow_api_virtualenv.py for tasks to queue
[2024-08-02T05:24:54.928+0000] {logging_mixin.py:120} INFO - [2024-08-02T05:24:54.928+0000] {dagbag.py:537} INFO - Filling up the DagBag from /home/airflow/.local/lib/python3.7/site-packages/airflow/example_dags/tutorial_taskflow_api_virtualenv.py
[2024-08-02T05:24:54.982+0000] {processor.py:766} INFO - DAG(s) dict_keys(['tutorial_taskflow_api_virtualenv']) retrieved from /home/airflow/.local/lib/python3.7/site-packages/airflow/example_dags/tutorial_taskflow_api_virtualenv.py
[2024-08-02T05:24:55.069+0000] {logging_mixin.py:120} INFO - [2024-08-02T05:24:55.068+0000] {dag.py:2585} INFO - Sync 1 DAGs
[2024-08-02T05:24:55.128+0000] {logging_mixin.py:120} INFO - [2024-08-02T05:24:55.128+0000] {dag.py:3340} INFO - Setting next_dagrun for tutorial_taskflow_api_virtualenv to None, run_after=None
[2024-08-02T05:24:55.179+0000] {processor.py:176} INFO - Processing /home/airflow/.local/lib/python3.7/site-packages/airflow/example_dags/tutorial_taskflow_api_virtualenv.py took 0.259 seconds
[2024-08-02T05:25:25.422+0000] {processor.py:154} INFO - Started process (PID=638) to work on /home/airflow/.local/lib/python3.7/site-packages/airflow/example_dags/tutorial_taskflow_api_virtualenv.py
[2024-08-02T05:25:25.426+0000] {processor.py:756} INFO - Processing file /home/airflow/.local/lib/python3.7/site-packages/airflow/example_dags/tutorial_taskflow_api_virtualenv.py for tasks to queue
[2024-08-02T05:25:25.431+0000] {logging_mixin.py:120} INFO - [2024-08-02T05:25:25.431+0000] {dagbag.py:537} INFO - Filling up the DagBag from /home/airflow/.local/lib/python3.7/site-packages/airflow/example_dags/tutorial_taskflow_api_virtualenv.py
[2024-08-02T05:25:25.501+0000] {processor.py:766} INFO - DAG(s) dict_keys(['tutorial_taskflow_api_virtualenv']) retrieved from /home/airflow/.local/lib/python3.7/site-packages/airflow/example_dags/tutorial_taskflow_api_virtualenv.py
[2024-08-02T05:25:25.576+0000] {logging_mixin.py:120} INFO - [2024-08-02T05:25:25.576+0000] {dag.py:2585} INFO - Sync 1 DAGs
[2024-08-02T05:25:25.733+0000] {logging_mixin.py:120} INFO - [2024-08-02T05:25:25.732+0000] {dag.py:3340} INFO - Setting next_dagrun for tutorial_taskflow_api_virtualenv to None, run_after=None
[2024-08-02T05:25:25.867+0000] {processor.py:176} INFO - Processing /home/airflow/.local/lib/python3.7/site-packages/airflow/example_dags/tutorial_taskflow_api_virtualenv.py took 0.449 seconds
[2024-08-02T05:25:57.545+0000] {processor.py:154} INFO - Started process (PID=702) to work on /home/airflow/.local/lib/python3.7/site-packages/airflow/example_dags/tutorial_taskflow_api_virtualenv.py
[2024-08-02T05:25:57.548+0000] {processor.py:756} INFO - Processing file /home/airflow/.local/lib/python3.7/site-packages/airflow/example_dags/tutorial_taskflow_api_virtualenv.py for tasks to queue
[2024-08-02T05:25:57.549+0000] {logging_mixin.py:120} INFO - [2024-08-02T05:25:57.549+0000] {dagbag.py:537} INFO - Filling up the DagBag from /home/airflow/.local/lib/python3.7/site-packages/airflow/example_dags/tutorial_taskflow_api_virtualenv.py
[2024-08-02T05:25:57.591+0000] {processor.py:766} INFO - DAG(s) dict_keys(['tutorial_taskflow_api_virtualenv']) retrieved from /home/airflow/.local/lib/python3.7/site-packages/airflow/example_dags/tutorial_taskflow_api_virtualenv.py
[2024-08-02T05:25:57.696+0000] {logging_mixin.py:120} INFO - [2024-08-02T05:25:57.696+0000] {dag.py:2585} INFO - Sync 1 DAGs
[2024-08-02T05:25:57.737+0000] {logging_mixin.py:120} INFO - [2024-08-02T05:25:57.737+0000] {dag.py:3340} INFO - Setting next_dagrun for tutorial_taskflow_api_virtualenv to None, run_after=None
[2024-08-02T05:25:57.853+0000] {processor.py:176} INFO - Processing /home/airflow/.local/lib/python3.7/site-packages/airflow/example_dags/tutorial_taskflow_api_virtualenv.py took 0.312 seconds
[2024-08-02T05:26:28.802+0000] {processor.py:154} INFO - Started process (PID=766) to work on /home/airflow/.local/lib/python3.7/site-packages/airflow/example_dags/tutorial_taskflow_api_virtualenv.py
[2024-08-02T05:26:28.804+0000] {processor.py:756} INFO - Processing file /home/airflow/.local/lib/python3.7/site-packages/airflow/example_dags/tutorial_taskflow_api_virtualenv.py for tasks to queue
[2024-08-02T05:26:28.806+0000] {logging_mixin.py:120} INFO - [2024-08-02T05:26:28.805+0000] {dagbag.py:537} INFO - Filling up the DagBag from /home/airflow/.local/lib/python3.7/site-packages/airflow/example_dags/tutorial_taskflow_api_virtualenv.py
[2024-08-02T05:26:28.869+0000] {processor.py:766} INFO - DAG(s) dict_keys(['tutorial_taskflow_api_virtualenv']) retrieved from /home/airflow/.local/lib/python3.7/site-packages/airflow/example_dags/tutorial_taskflow_api_virtualenv.py
[2024-08-02T05:26:28.938+0000] {logging_mixin.py:120} INFO - [2024-08-02T05:26:28.937+0000] {dag.py:2585} INFO - Sync 1 DAGs
[2024-08-02T05:26:28.984+0000] {logging_mixin.py:120} INFO - [2024-08-02T05:26:28.983+0000] {dag.py:3340} INFO - Setting next_dagrun for tutorial_taskflow_api_virtualenv to None, run_after=None
[2024-08-02T05:26:29.020+0000] {processor.py:176} INFO - Processing /home/airflow/.local/lib/python3.7/site-packages/airflow/example_dags/tutorial_taskflow_api_virtualenv.py took 0.224 seconds
[2024-08-02T05:26:59.818+0000] {processor.py:154} INFO - Started process (PID=821) to work on /home/airflow/.local/lib/python3.7/site-packages/airflow/example_dags/tutorial_taskflow_api_virtualenv.py
[2024-08-02T05:26:59.820+0000] {processor.py:756} INFO - Processing file /home/airflow/.local/lib/python3.7/site-packages/airflow/example_dags/tutorial_taskflow_api_virtualenv.py for tasks to queue
[2024-08-02T05:26:59.822+0000] {logging_mixin.py:120} INFO - [2024-08-02T05:26:59.822+0000] {dagbag.py:537} INFO - Filling up the DagBag from /home/airflow/.local/lib/python3.7/site-packages/airflow/example_dags/tutorial_taskflow_api_virtualenv.py
[2024-08-02T05:26:59.848+0000] {processor.py:766} INFO - DAG(s) dict_keys(['tutorial_taskflow_api_virtualenv']) retrieved from /home/airflow/.local/lib/python3.7/site-packages/airflow/example_dags/tutorial_taskflow_api_virtualenv.py
[2024-08-02T05:26:59.905+0000] {logging_mixin.py:120} INFO - [2024-08-02T05:26:59.904+0000] {dag.py:2585} INFO - Sync 1 DAGs
[2024-08-02T05:26:59.953+0000] {logging_mixin.py:120} INFO - [2024-08-02T05:26:59.953+0000] {dag.py:3340} INFO - Setting next_dagrun for tutorial_taskflow_api_virtualenv to None, run_after=None
[2024-08-02T05:26:59.988+0000] {processor.py:176} INFO - Processing /home/airflow/.local/lib/python3.7/site-packages/airflow/example_dags/tutorial_taskflow_api_virtualenv.py took 0.174 seconds
[2024-08-02T05:27:34.546+0000] {processor.py:154} INFO - Started process (PID=885) to work on /home/airflow/.local/lib/python3.7/site-packages/airflow/example_dags/tutorial_taskflow_api_virtualenv.py
[2024-08-02T05:27:34.686+0000] {processor.py:756} INFO - Processing file /home/airflow/.local/lib/python3.7/site-packages/airflow/example_dags/tutorial_taskflow_api_virtualenv.py for tasks to queue
[2024-08-02T05:27:34.787+0000] {logging_mixin.py:120} INFO - [2024-08-02T05:27:34.787+0000] {dagbag.py:537} INFO - Filling up the DagBag from /home/airflow/.local/lib/python3.7/site-packages/airflow/example_dags/tutorial_taskflow_api_virtualenv.py
[2024-08-02T05:27:34.832+0000] {processor.py:766} INFO - DAG(s) dict_keys(['tutorial_taskflow_api_virtualenv']) retrieved from /home/airflow/.local/lib/python3.7/site-packages/airflow/example_dags/tutorial_taskflow_api_virtualenv.py
[2024-08-02T05:27:35.241+0000] {logging_mixin.py:120} INFO - [2024-08-02T05:27:35.240+0000] {dag.py:2585} INFO - Sync 1 DAGs
[2024-08-02T05:27:35.629+0000] {logging_mixin.py:120} INFO - [2024-08-02T05:27:35.629+0000] {dag.py:3340} INFO - Setting next_dagrun for tutorial_taskflow_api_virtualenv to None, run_after=None
[2024-08-02T05:27:35.665+0000] {processor.py:176} INFO - Processing /home/airflow/.local/lib/python3.7/site-packages/airflow/example_dags/tutorial_taskflow_api_virtualenv.py took 1.122 seconds
[2024-08-02T05:28:06.535+0000] {processor.py:154} INFO - Started process (PID=950) to work on /home/airflow/.local/lib/python3.7/site-packages/airflow/example_dags/tutorial_taskflow_api_virtualenv.py
[2024-08-02T05:28:06.541+0000] {processor.py:756} INFO - Processing file /home/airflow/.local/lib/python3.7/site-packages/airflow/example_dags/tutorial_taskflow_api_virtualenv.py for tasks to queue
[2024-08-02T05:28:06.542+0000] {logging_mixin.py:120} INFO - [2024-08-02T05:28:06.542+0000] {dagbag.py:537} INFO - Filling up the DagBag from /home/airflow/.local/lib/python3.7/site-packages/airflow/example_dags/tutorial_taskflow_api_virtualenv.py
[2024-08-02T05:28:06.570+0000] {processor.py:766} INFO - DAG(s) dict_keys(['tutorial_taskflow_api_virtualenv']) retrieved from /home/airflow/.local/lib/python3.7/site-packages/airflow/example_dags/tutorial_taskflow_api_virtualenv.py
[2024-08-02T05:28:06.695+0000] {logging_mixin.py:120} INFO - [2024-08-02T05:28:06.695+0000] {dag.py:2585} INFO - Sync 1 DAGs
[2024-08-02T05:28:06.840+0000] {logging_mixin.py:120} INFO - [2024-08-02T05:28:06.840+0000] {dag.py:3340} INFO - Setting next_dagrun for tutorial_taskflow_api_virtualenv to None, run_after=None
[2024-08-02T05:28:06.865+0000] {processor.py:176} INFO - Processing /home/airflow/.local/lib/python3.7/site-packages/airflow/example_dags/tutorial_taskflow_api_virtualenv.py took 0.335 seconds
[2024-08-02T05:28:37.662+0000] {processor.py:154} INFO - Started process (PID=1005) to work on /home/airflow/.local/lib/python3.7/site-packages/airflow/example_dags/tutorial_taskflow_api_virtualenv.py
[2024-08-02T05:28:37.670+0000] {processor.py:756} INFO - Processing file /home/airflow/.local/lib/python3.7/site-packages/airflow/example_dags/tutorial_taskflow_api_virtualenv.py for tasks to queue
[2024-08-02T05:28:37.672+0000] {logging_mixin.py:120} INFO - [2024-08-02T05:28:37.671+0000] {dagbag.py:537} INFO - Filling up the DagBag from /home/airflow/.local/lib/python3.7/site-packages/airflow/example_dags/tutorial_taskflow_api_virtualenv.py
[2024-08-02T05:28:37.712+0000] {processor.py:766} INFO - DAG(s) dict_keys(['tutorial_taskflow_api_virtualenv']) retrieved from /home/airflow/.local/lib/python3.7/site-packages/airflow/example_dags/tutorial_taskflow_api_virtualenv.py
[2024-08-02T05:28:37.769+0000] {logging_mixin.py:120} INFO - [2024-08-02T05:28:37.768+0000] {dag.py:2585} INFO - Sync 1 DAGs
[2024-08-02T05:28:37.807+0000] {logging_mixin.py:120} INFO - [2024-08-02T05:28:37.807+0000] {dag.py:3340} INFO - Setting next_dagrun for tutorial_taskflow_api_virtualenv to None, run_after=None
[2024-08-02T05:28:37.844+0000] {processor.py:176} INFO - Processing /home/airflow/.local/lib/python3.7/site-packages/airflow/example_dags/tutorial_taskflow_api_virtualenv.py took 0.185 seconds
[2024-08-02T05:29:08.058+0000] {processor.py:154} INFO - Started process (PID=1070) to work on /home/airflow/.local/lib/python3.7/site-packages/airflow/example_dags/tutorial_taskflow_api_virtualenv.py
[2024-08-02T05:29:08.060+0000] {processor.py:756} INFO - Processing file /home/airflow/.local/lib/python3.7/site-packages/airflow/example_dags/tutorial_taskflow_api_virtualenv.py for tasks to queue
[2024-08-02T05:29:08.062+0000] {logging_mixin.py:120} INFO - [2024-08-02T05:29:08.061+0000] {dagbag.py:537} INFO - Filling up the DagBag from /home/airflow/.local/lib/python3.7/site-packages/airflow/example_dags/tutorial_taskflow_api_virtualenv.py
[2024-08-02T05:29:08.084+0000] {processor.py:766} INFO - DAG(s) dict_keys(['tutorial_taskflow_api_virtualenv']) retrieved from /home/airflow/.local/lib/python3.7/site-packages/airflow/example_dags/tutorial_taskflow_api_virtualenv.py
[2024-08-02T05:29:08.137+0000] {logging_mixin.py:120} INFO - [2024-08-02T05:29:08.136+0000] {dag.py:2585} INFO - Sync 1 DAGs
[2024-08-02T05:29:08.164+0000] {logging_mixin.py:120} INFO - [2024-08-02T05:29:08.164+0000] {dag.py:3340} INFO - Setting next_dagrun for tutorial_taskflow_api_virtualenv to None, run_after=None
[2024-08-02T05:29:08.192+0000] {processor.py:176} INFO - Processing /home/airflow/.local/lib/python3.7/site-packages/airflow/example_dags/tutorial_taskflow_api_virtualenv.py took 0.138 seconds
[2024-08-02T05:29:41.409+0000] {processor.py:154} INFO - Started process (PID=1132) to work on /home/airflow/.local/lib/python3.7/site-packages/airflow/example_dags/tutorial_taskflow_api_virtualenv.py
[2024-08-02T05:29:41.412+0000] {processor.py:756} INFO - Processing file /home/airflow/.local/lib/python3.7/site-packages/airflow/example_dags/tutorial_taskflow_api_virtualenv.py for tasks to queue
[2024-08-02T05:29:41.414+0000] {logging_mixin.py:120} INFO - [2024-08-02T05:29:41.414+0000] {dagbag.py:537} INFO - Filling up the DagBag from /home/airflow/.local/lib/python3.7/site-packages/airflow/example_dags/tutorial_taskflow_api_virtualenv.py
[2024-08-02T05:29:41.441+0000] {processor.py:766} INFO - DAG(s) dict_keys(['tutorial_taskflow_api_virtualenv']) retrieved from /home/airflow/.local/lib/python3.7/site-packages/airflow/example_dags/tutorial_taskflow_api_virtualenv.py
[2024-08-02T05:29:41.484+0000] {logging_mixin.py:120} INFO - [2024-08-02T05:29:41.484+0000] {dag.py:2585} INFO - Sync 1 DAGs
[2024-08-02T05:29:41.541+0000] {logging_mixin.py:120} INFO - [2024-08-02T05:29:41.541+0000] {dag.py:3340} INFO - Setting next_dagrun for tutorial_taskflow_api_virtualenv to None, run_after=None
[2024-08-02T05:29:41.694+0000] {processor.py:176} INFO - Processing /home/airflow/.local/lib/python3.7/site-packages/airflow/example_dags/tutorial_taskflow_api_virtualenv.py took 0.288 seconds
[2024-08-02T05:30:12.167+0000] {processor.py:154} INFO - Started process (PID=1189) to work on /home/airflow/.local/lib/python3.7/site-packages/airflow/example_dags/tutorial_taskflow_api_virtualenv.py
[2024-08-02T05:30:12.168+0000] {processor.py:756} INFO - Processing file /home/airflow/.local/lib/python3.7/site-packages/airflow/example_dags/tutorial_taskflow_api_virtualenv.py for tasks to queue
[2024-08-02T05:30:12.170+0000] {logging_mixin.py:120} INFO - [2024-08-02T05:30:12.170+0000] {dagbag.py:537} INFO - Filling up the DagBag from /home/airflow/.local/lib/python3.7/site-packages/airflow/example_dags/tutorial_taskflow_api_virtualenv.py
[2024-08-02T05:30:12.208+0000] {processor.py:766} INFO - DAG(s) dict_keys(['tutorial_taskflow_api_virtualenv']) retrieved from /home/airflow/.local/lib/python3.7/site-packages/airflow/example_dags/tutorial_taskflow_api_virtualenv.py
[2024-08-02T05:30:12.396+0000] {logging_mixin.py:120} INFO - [2024-08-02T05:30:12.396+0000] {dag.py:2585} INFO - Sync 1 DAGs
[2024-08-02T05:30:12.519+0000] {logging_mixin.py:120} INFO - [2024-08-02T05:30:12.519+0000] {dag.py:3340} INFO - Setting next_dagrun for tutorial_taskflow_api_virtualenv to None, run_after=None
[2024-08-02T05:30:12.572+0000] {processor.py:176} INFO - Processing /home/airflow/.local/lib/python3.7/site-packages/airflow/example_dags/tutorial_taskflow_api_virtualenv.py took 0.409 seconds
[2024-08-02T05:30:43.289+0000] {processor.py:154} INFO - Started process (PID=1254) to work on /home/airflow/.local/lib/python3.7/site-packages/airflow/example_dags/tutorial_taskflow_api_virtualenv.py
[2024-08-02T05:30:43.291+0000] {processor.py:756} INFO - Processing file /home/airflow/.local/lib/python3.7/site-packages/airflow/example_dags/tutorial_taskflow_api_virtualenv.py for tasks to queue
[2024-08-02T05:30:43.294+0000] {logging_mixin.py:120} INFO - [2024-08-02T05:30:43.294+0000] {dagbag.py:537} INFO - Filling up the DagBag from /home/airflow/.local/lib/python3.7/site-packages/airflow/example_dags/tutorial_taskflow_api_virtualenv.py
[2024-08-02T05:30:43.456+0000] {processor.py:766} INFO - DAG(s) dict_keys(['tutorial_taskflow_api_virtualenv']) retrieved from /home/airflow/.local/lib/python3.7/site-packages/airflow/example_dags/tutorial_taskflow_api_virtualenv.py
[2024-08-02T05:30:43.510+0000] {logging_mixin.py:120} INFO - [2024-08-02T05:30:43.510+0000] {dag.py:2585} INFO - Sync 1 DAGs
[2024-08-02T05:30:43.662+0000] {logging_mixin.py:120} INFO - [2024-08-02T05:30:43.662+0000] {dag.py:3340} INFO - Setting next_dagrun for tutorial_taskflow_api_virtualenv to None, run_after=None
[2024-08-02T05:30:43.718+0000] {processor.py:176} INFO - Processing /home/airflow/.local/lib/python3.7/site-packages/airflow/example_dags/tutorial_taskflow_api_virtualenv.py took 0.433 seconds
[2024-08-02T05:31:14.543+0000] {processor.py:154} INFO - Started process (PID=1309) to work on /home/airflow/.local/lib/python3.7/site-packages/airflow/example_dags/tutorial_taskflow_api_virtualenv.py
[2024-08-02T05:31:14.549+0000] {processor.py:756} INFO - Processing file /home/airflow/.local/lib/python3.7/site-packages/airflow/example_dags/tutorial_taskflow_api_virtualenv.py for tasks to queue
[2024-08-02T05:31:14.552+0000] {logging_mixin.py:120} INFO - [2024-08-02T05:31:14.552+0000] {dagbag.py:537} INFO - Filling up the DagBag from /home/airflow/.local/lib/python3.7/site-packages/airflow/example_dags/tutorial_taskflow_api_virtualenv.py
[2024-08-02T05:31:14.611+0000] {processor.py:766} INFO - DAG(s) dict_keys(['tutorial_taskflow_api_virtualenv']) retrieved from /home/airflow/.local/lib/python3.7/site-packages/airflow/example_dags/tutorial_taskflow_api_virtualenv.py
[2024-08-02T05:31:14.719+0000] {logging_mixin.py:120} INFO - [2024-08-02T05:31:14.717+0000] {dag.py:2585} INFO - Sync 1 DAGs
[2024-08-02T05:31:14.805+0000] {logging_mixin.py:120} INFO - [2024-08-02T05:31:14.805+0000] {dag.py:3340} INFO - Setting next_dagrun for tutorial_taskflow_api_virtualenv to None, run_after=None
[2024-08-02T05:31:14.863+0000] {processor.py:176} INFO - Processing /home/airflow/.local/lib/python3.7/site-packages/airflow/example_dags/tutorial_taskflow_api_virtualenv.py took 0.330 seconds
[2024-08-02T05:31:44.992+0000] {processor.py:154} INFO - Started process (PID=1372) to work on /home/airflow/.local/lib/python3.7/site-packages/airflow/example_dags/tutorial_taskflow_api_virtualenv.py
[2024-08-02T05:31:44.994+0000] {processor.py:756} INFO - Processing file /home/airflow/.local/lib/python3.7/site-packages/airflow/example_dags/tutorial_taskflow_api_virtualenv.py for tasks to queue
[2024-08-02T05:31:44.996+0000] {logging_mixin.py:120} INFO - [2024-08-02T05:31:44.995+0000] {dagbag.py:537} INFO - Filling up the DagBag from /home/airflow/.local/lib/python3.7/site-packages/airflow/example_dags/tutorial_taskflow_api_virtualenv.py
[2024-08-02T05:31:45.033+0000] {processor.py:766} INFO - DAG(s) dict_keys(['tutorial_taskflow_api_virtualenv']) retrieved from /home/airflow/.local/lib/python3.7/site-packages/airflow/example_dags/tutorial_taskflow_api_virtualenv.py
[2024-08-02T05:31:45.090+0000] {logging_mixin.py:120} INFO - [2024-08-02T05:31:45.090+0000] {dag.py:2585} INFO - Sync 1 DAGs
[2024-08-02T05:31:45.119+0000] {logging_mixin.py:120} INFO - [2024-08-02T05:31:45.118+0000] {dag.py:3340} INFO - Setting next_dagrun for tutorial_taskflow_api_virtualenv to None, run_after=None
[2024-08-02T05:31:45.145+0000] {processor.py:176} INFO - Processing /home/airflow/.local/lib/python3.7/site-packages/airflow/example_dags/tutorial_taskflow_api_virtualenv.py took 0.156 seconds
[2024-08-02T05:32:15.224+0000] {processor.py:154} INFO - Started process (PID=1436) to work on /home/airflow/.local/lib/python3.7/site-packages/airflow/example_dags/tutorial_taskflow_api_virtualenv.py
[2024-08-02T05:32:15.226+0000] {processor.py:756} INFO - Processing file /home/airflow/.local/lib/python3.7/site-packages/airflow/example_dags/tutorial_taskflow_api_virtualenv.py for tasks to queue
[2024-08-02T05:32:15.228+0000] {logging_mixin.py:120} INFO - [2024-08-02T05:32:15.228+0000] {dagbag.py:537} INFO - Filling up the DagBag from /home/airflow/.local/lib/python3.7/site-packages/airflow/example_dags/tutorial_taskflow_api_virtualenv.py
[2024-08-02T05:32:15.272+0000] {processor.py:766} INFO - DAG(s) dict_keys(['tutorial_taskflow_api_virtualenv']) retrieved from /home/airflow/.local/lib/python3.7/site-packages/airflow/example_dags/tutorial_taskflow_api_virtualenv.py
[2024-08-02T05:32:15.320+0000] {logging_mixin.py:120} INFO - [2024-08-02T05:32:15.320+0000] {dag.py:2585} INFO - Sync 1 DAGs
[2024-08-02T05:32:15.358+0000] {logging_mixin.py:120} INFO - [2024-08-02T05:32:15.358+0000] {dag.py:3340} INFO - Setting next_dagrun for tutorial_taskflow_api_virtualenv to None, run_after=None
[2024-08-02T05:32:15.386+0000] {processor.py:176} INFO - Processing /home/airflow/.local/lib/python3.7/site-packages/airflow/example_dags/tutorial_taskflow_api_virtualenv.py took 0.166 seconds
[2024-08-02T05:32:45.547+0000] {processor.py:154} INFO - Started process (PID=1491) to work on /home/airflow/.local/lib/python3.7/site-packages/airflow/example_dags/tutorial_taskflow_api_virtualenv.py
[2024-08-02T05:32:45.549+0000] {processor.py:756} INFO - Processing file /home/airflow/.local/lib/python3.7/site-packages/airflow/example_dags/tutorial_taskflow_api_virtualenv.py for tasks to queue
[2024-08-02T05:32:45.550+0000] {logging_mixin.py:120} INFO - [2024-08-02T05:32:45.550+0000] {dagbag.py:537} INFO - Filling up the DagBag from /home/airflow/.local/lib/python3.7/site-packages/airflow/example_dags/tutorial_taskflow_api_virtualenv.py
[2024-08-02T05:32:45.574+0000] {processor.py:766} INFO - DAG(s) dict_keys(['tutorial_taskflow_api_virtualenv']) retrieved from /home/airflow/.local/lib/python3.7/site-packages/airflow/example_dags/tutorial_taskflow_api_virtualenv.py
[2024-08-02T05:32:45.631+0000] {logging_mixin.py:120} INFO - [2024-08-02T05:32:45.631+0000] {dag.py:2585} INFO - Sync 1 DAGs
[2024-08-02T05:32:45.816+0000] {logging_mixin.py:120} INFO - [2024-08-02T05:32:45.816+0000] {dag.py:3340} INFO - Setting next_dagrun for tutorial_taskflow_api_virtualenv to None, run_after=None
[2024-08-02T05:32:46.035+0000] {processor.py:176} INFO - Processing /home/airflow/.local/lib/python3.7/site-packages/airflow/example_dags/tutorial_taskflow_api_virtualenv.py took 0.492 seconds
[2024-08-02T05:33:16.985+0000] {processor.py:154} INFO - Started process (PID=1556) to work on /home/airflow/.local/lib/python3.7/site-packages/airflow/example_dags/tutorial_taskflow_api_virtualenv.py
[2024-08-02T05:33:16.989+0000] {processor.py:756} INFO - Processing file /home/airflow/.local/lib/python3.7/site-packages/airflow/example_dags/tutorial_taskflow_api_virtualenv.py for tasks to queue
[2024-08-02T05:33:16.991+0000] {logging_mixin.py:120} INFO - [2024-08-02T05:33:16.991+0000] {dagbag.py:537} INFO - Filling up the DagBag from /home/airflow/.local/lib/python3.7/site-packages/airflow/example_dags/tutorial_taskflow_api_virtualenv.py
[2024-08-02T05:33:17.025+0000] {processor.py:766} INFO - DAG(s) dict_keys(['tutorial_taskflow_api_virtualenv']) retrieved from /home/airflow/.local/lib/python3.7/site-packages/airflow/example_dags/tutorial_taskflow_api_virtualenv.py
[2024-08-02T05:33:17.179+0000] {logging_mixin.py:120} INFO - [2024-08-02T05:33:17.178+0000] {dag.py:2585} INFO - Sync 1 DAGs
[2024-08-02T05:33:17.325+0000] {logging_mixin.py:120} INFO - [2024-08-02T05:33:17.325+0000] {dag.py:3340} INFO - Setting next_dagrun for tutorial_taskflow_api_virtualenv to None, run_after=None
[2024-08-02T05:33:17.456+0000] {processor.py:176} INFO - Processing /home/airflow/.local/lib/python3.7/site-packages/airflow/example_dags/tutorial_taskflow_api_virtualenv.py took 0.474 seconds
[2024-08-02T05:33:47.899+0000] {processor.py:154} INFO - Started process (PID=1620) to work on /home/airflow/.local/lib/python3.7/site-packages/airflow/example_dags/tutorial_taskflow_api_virtualenv.py
[2024-08-02T05:33:47.900+0000] {processor.py:756} INFO - Processing file /home/airflow/.local/lib/python3.7/site-packages/airflow/example_dags/tutorial_taskflow_api_virtualenv.py for tasks to queue
[2024-08-02T05:33:47.902+0000] {logging_mixin.py:120} INFO - [2024-08-02T05:33:47.902+0000] {dagbag.py:537} INFO - Filling up the DagBag from /home/airflow/.local/lib/python3.7/site-packages/airflow/example_dags/tutorial_taskflow_api_virtualenv.py
[2024-08-02T05:33:47.935+0000] {processor.py:766} INFO - DAG(s) dict_keys(['tutorial_taskflow_api_virtualenv']) retrieved from /home/airflow/.local/lib/python3.7/site-packages/airflow/example_dags/tutorial_taskflow_api_virtualenv.py
[2024-08-02T05:33:47.991+0000] {logging_mixin.py:120} INFO - [2024-08-02T05:33:47.991+0000] {dag.py:2585} INFO - Sync 1 DAGs
[2024-08-02T05:33:48.017+0000] {logging_mixin.py:120} INFO - [2024-08-02T05:33:48.017+0000] {dag.py:3340} INFO - Setting next_dagrun for tutorial_taskflow_api_virtualenv to None, run_after=None
[2024-08-02T05:33:48.053+0000] {processor.py:176} INFO - Processing /home/airflow/.local/lib/python3.7/site-packages/airflow/example_dags/tutorial_taskflow_api_virtualenv.py took 0.158 seconds
[2024-08-02T05:34:18.978+0000] {processor.py:154} INFO - Started process (PID=1675) to work on /home/airflow/.local/lib/python3.7/site-packages/airflow/example_dags/tutorial_taskflow_api_virtualenv.py
[2024-08-02T05:34:18.985+0000] {processor.py:756} INFO - Processing file /home/airflow/.local/lib/python3.7/site-packages/airflow/example_dags/tutorial_taskflow_api_virtualenv.py for tasks to queue
[2024-08-02T05:34:18.992+0000] {logging_mixin.py:120} INFO - [2024-08-02T05:34:18.992+0000] {dagbag.py:537} INFO - Filling up the DagBag from /home/airflow/.local/lib/python3.7/site-packages/airflow/example_dags/tutorial_taskflow_api_virtualenv.py
[2024-08-02T05:34:19.061+0000] {processor.py:766} INFO - DAG(s) dict_keys(['tutorial_taskflow_api_virtualenv']) retrieved from /home/airflow/.local/lib/python3.7/site-packages/airflow/example_dags/tutorial_taskflow_api_virtualenv.py
[2024-08-02T05:34:19.330+0000] {logging_mixin.py:120} INFO - [2024-08-02T05:34:19.329+0000] {dag.py:2585} INFO - Sync 1 DAGs
[2024-08-02T05:34:19.442+0000] {logging_mixin.py:120} INFO - [2024-08-02T05:34:19.442+0000] {dag.py:3340} INFO - Setting next_dagrun for tutorial_taskflow_api_virtualenv to None, run_after=None
[2024-08-02T05:34:19.611+0000] {processor.py:176} INFO - Processing /home/airflow/.local/lib/python3.7/site-packages/airflow/example_dags/tutorial_taskflow_api_virtualenv.py took 0.636 seconds
[2024-08-02T05:34:49.946+0000] {processor.py:154} INFO - Started process (PID=1738) to work on /home/airflow/.local/lib/python3.7/site-packages/airflow/example_dags/tutorial_taskflow_api_virtualenv.py
[2024-08-02T05:34:49.986+0000] {processor.py:756} INFO - Processing file /home/airflow/.local/lib/python3.7/site-packages/airflow/example_dags/tutorial_taskflow_api_virtualenv.py for tasks to queue
[2024-08-02T05:34:49.988+0000] {logging_mixin.py:120} INFO - [2024-08-02T05:34:49.988+0000] {dagbag.py:537} INFO - Filling up the DagBag from /home/airflow/.local/lib/python3.7/site-packages/airflow/example_dags/tutorial_taskflow_api_virtualenv.py
[2024-08-02T05:34:50.030+0000] {processor.py:766} INFO - DAG(s) dict_keys(['tutorial_taskflow_api_virtualenv']) retrieved from /home/airflow/.local/lib/python3.7/site-packages/airflow/example_dags/tutorial_taskflow_api_virtualenv.py
[2024-08-02T05:34:50.102+0000] {logging_mixin.py:120} INFO - [2024-08-02T05:34:50.102+0000] {dag.py:2585} INFO - Sync 1 DAGs
[2024-08-02T05:34:50.152+0000] {logging_mixin.py:120} INFO - [2024-08-02T05:34:50.152+0000] {dag.py:3340} INFO - Setting next_dagrun for tutorial_taskflow_api_virtualenv to None, run_after=None
[2024-08-02T05:34:50.212+0000] {processor.py:176} INFO - Processing /home/airflow/.local/lib/python3.7/site-packages/airflow/example_dags/tutorial_taskflow_api_virtualenv.py took 0.270 seconds
[2024-08-02T05:35:20.418+0000] {processor.py:154} INFO - Started process (PID=1794) to work on /home/airflow/.local/lib/python3.7/site-packages/airflow/example_dags/tutorial_taskflow_api_virtualenv.py
[2024-08-02T05:35:20.418+0000] {processor.py:756} INFO - Processing file /home/airflow/.local/lib/python3.7/site-packages/airflow/example_dags/tutorial_taskflow_api_virtualenv.py for tasks to queue
[2024-08-02T05:35:20.419+0000] {logging_mixin.py:120} INFO - [2024-08-02T05:35:20.419+0000] {dagbag.py:537} INFO - Filling up the DagBag from /home/airflow/.local/lib/python3.7/site-packages/airflow/example_dags/tutorial_taskflow_api_virtualenv.py
[2024-08-02T05:35:20.454+0000] {processor.py:766} INFO - DAG(s) dict_keys(['tutorial_taskflow_api_virtualenv']) retrieved from /home/airflow/.local/lib/python3.7/site-packages/airflow/example_dags/tutorial_taskflow_api_virtualenv.py
[2024-08-02T05:35:20.515+0000] {logging_mixin.py:120} INFO - [2024-08-02T05:35:20.515+0000] {dag.py:2585} INFO - Sync 1 DAGs
[2024-08-02T05:35:20.588+0000] {logging_mixin.py:120} INFO - [2024-08-02T05:35:20.588+0000] {dag.py:3340} INFO - Setting next_dagrun for tutorial_taskflow_api_virtualenv to None, run_after=None
[2024-08-02T05:35:20.666+0000] {processor.py:176} INFO - Processing /home/airflow/.local/lib/python3.7/site-packages/airflow/example_dags/tutorial_taskflow_api_virtualenv.py took 0.253 seconds
[2024-08-02T05:35:51.520+0000] {processor.py:154} INFO - Started process (PID=1858) to work on /home/airflow/.local/lib/python3.7/site-packages/airflow/example_dags/tutorial_taskflow_api_virtualenv.py
[2024-08-02T05:35:51.522+0000] {processor.py:756} INFO - Processing file /home/airflow/.local/lib/python3.7/site-packages/airflow/example_dags/tutorial_taskflow_api_virtualenv.py for tasks to queue
[2024-08-02T05:35:51.523+0000] {logging_mixin.py:120} INFO - [2024-08-02T05:35:51.523+0000] {dagbag.py:537} INFO - Filling up the DagBag from /home/airflow/.local/lib/python3.7/site-packages/airflow/example_dags/tutorial_taskflow_api_virtualenv.py
[2024-08-02T05:35:51.546+0000] {processor.py:766} INFO - DAG(s) dict_keys(['tutorial_taskflow_api_virtualenv']) retrieved from /home/airflow/.local/lib/python3.7/site-packages/airflow/example_dags/tutorial_taskflow_api_virtualenv.py
[2024-08-02T05:35:51.603+0000] {logging_mixin.py:120} INFO - [2024-08-02T05:35:51.603+0000] {dag.py:2585} INFO - Sync 1 DAGs
[2024-08-02T05:35:51.644+0000] {logging_mixin.py:120} INFO - [2024-08-02T05:35:51.643+0000] {dag.py:3340} INFO - Setting next_dagrun for tutorial_taskflow_api_virtualenv to None, run_after=None
[2024-08-02T05:35:51.670+0000] {processor.py:176} INFO - Processing /home/airflow/.local/lib/python3.7/site-packages/airflow/example_dags/tutorial_taskflow_api_virtualenv.py took 0.155 seconds
[2024-08-02T05:36:21.941+0000] {processor.py:154} INFO - Started process (PID=1922) to work on /home/airflow/.local/lib/python3.7/site-packages/airflow/example_dags/tutorial_taskflow_api_virtualenv.py
[2024-08-02T05:36:21.943+0000] {processor.py:756} INFO - Processing file /home/airflow/.local/lib/python3.7/site-packages/airflow/example_dags/tutorial_taskflow_api_virtualenv.py for tasks to queue
[2024-08-02T05:36:21.945+0000] {logging_mixin.py:120} INFO - [2024-08-02T05:36:21.945+0000] {dagbag.py:537} INFO - Filling up the DagBag from /home/airflow/.local/lib/python3.7/site-packages/airflow/example_dags/tutorial_taskflow_api_virtualenv.py
[2024-08-02T05:36:21.974+0000] {processor.py:766} INFO - DAG(s) dict_keys(['tutorial_taskflow_api_virtualenv']) retrieved from /home/airflow/.local/lib/python3.7/site-packages/airflow/example_dags/tutorial_taskflow_api_virtualenv.py
[2024-08-02T05:36:22.033+0000] {logging_mixin.py:120} INFO - [2024-08-02T05:36:22.033+0000] {dag.py:2585} INFO - Sync 1 DAGs
[2024-08-02T05:36:22.126+0000] {logging_mixin.py:120} INFO - [2024-08-02T05:36:22.126+0000] {dag.py:3340} INFO - Setting next_dagrun for tutorial_taskflow_api_virtualenv to None, run_after=None
[2024-08-02T05:36:22.218+0000] {processor.py:176} INFO - Processing /home/airflow/.local/lib/python3.7/site-packages/airflow/example_dags/tutorial_taskflow_api_virtualenv.py took 0.282 seconds
[2024-08-02T05:36:53.276+0000] {processor.py:154} INFO - Started process (PID=1977) to work on /home/airflow/.local/lib/python3.7/site-packages/airflow/example_dags/tutorial_taskflow_api_virtualenv.py
[2024-08-02T05:36:53.281+0000] {processor.py:756} INFO - Processing file /home/airflow/.local/lib/python3.7/site-packages/airflow/example_dags/tutorial_taskflow_api_virtualenv.py for tasks to queue
[2024-08-02T05:36:53.287+0000] {logging_mixin.py:120} INFO - [2024-08-02T05:36:53.286+0000] {dagbag.py:537} INFO - Filling up the DagBag from /home/airflow/.local/lib/python3.7/site-packages/airflow/example_dags/tutorial_taskflow_api_virtualenv.py
[2024-08-02T05:36:53.444+0000] {processor.py:766} INFO - DAG(s) dict_keys(['tutorial_taskflow_api_virtualenv']) retrieved from /home/airflow/.local/lib/python3.7/site-packages/airflow/example_dags/tutorial_taskflow_api_virtualenv.py
[2024-08-02T05:36:53.499+0000] {logging_mixin.py:120} INFO - [2024-08-02T05:36:53.499+0000] {dag.py:2585} INFO - Sync 1 DAGs
[2024-08-02T05:36:53.627+0000] {logging_mixin.py:120} INFO - [2024-08-02T05:36:53.626+0000] {dag.py:3340} INFO - Setting next_dagrun for tutorial_taskflow_api_virtualenv to None, run_after=None
[2024-08-02T05:36:53.659+0000] {processor.py:176} INFO - Processing /home/airflow/.local/lib/python3.7/site-packages/airflow/example_dags/tutorial_taskflow_api_virtualenv.py took 0.387 seconds
[2024-08-02T05:37:24.347+0000] {processor.py:154} INFO - Started process (PID=2041) to work on /home/airflow/.local/lib/python3.7/site-packages/airflow/example_dags/tutorial_taskflow_api_virtualenv.py
[2024-08-02T05:37:24.349+0000] {processor.py:756} INFO - Processing file /home/airflow/.local/lib/python3.7/site-packages/airflow/example_dags/tutorial_taskflow_api_virtualenv.py for tasks to queue
[2024-08-02T05:37:24.350+0000] {logging_mixin.py:120} INFO - [2024-08-02T05:37:24.349+0000] {dagbag.py:537} INFO - Filling up the DagBag from /home/airflow/.local/lib/python3.7/site-packages/airflow/example_dags/tutorial_taskflow_api_virtualenv.py
[2024-08-02T05:37:24.373+0000] {processor.py:766} INFO - DAG(s) dict_keys(['tutorial_taskflow_api_virtualenv']) retrieved from /home/airflow/.local/lib/python3.7/site-packages/airflow/example_dags/tutorial_taskflow_api_virtualenv.py
[2024-08-02T05:37:24.416+0000] {logging_mixin.py:120} INFO - [2024-08-02T05:37:24.416+0000] {dag.py:2585} INFO - Sync 1 DAGs
[2024-08-02T05:37:24.447+0000] {logging_mixin.py:120} INFO - [2024-08-02T05:37:24.447+0000] {dag.py:3340} INFO - Setting next_dagrun for tutorial_taskflow_api_virtualenv to None, run_after=None
[2024-08-02T05:37:24.466+0000] {processor.py:176} INFO - Processing /home/airflow/.local/lib/python3.7/site-packages/airflow/example_dags/tutorial_taskflow_api_virtualenv.py took 0.122 seconds
[2024-08-02T05:37:54.918+0000] {processor.py:154} INFO - Started process (PID=2105) to work on /home/airflow/.local/lib/python3.7/site-packages/airflow/example_dags/tutorial_taskflow_api_virtualenv.py
[2024-08-02T05:37:54.919+0000] {processor.py:756} INFO - Processing file /home/airflow/.local/lib/python3.7/site-packages/airflow/example_dags/tutorial_taskflow_api_virtualenv.py for tasks to queue
[2024-08-02T05:37:54.921+0000] {logging_mixin.py:120} INFO - [2024-08-02T05:37:54.921+0000] {dagbag.py:537} INFO - Filling up the DagBag from /home/airflow/.local/lib/python3.7/site-packages/airflow/example_dags/tutorial_taskflow_api_virtualenv.py
[2024-08-02T05:37:54.950+0000] {processor.py:766} INFO - DAG(s) dict_keys(['tutorial_taskflow_api_virtualenv']) retrieved from /home/airflow/.local/lib/python3.7/site-packages/airflow/example_dags/tutorial_taskflow_api_virtualenv.py
[2024-08-02T05:37:55.007+0000] {logging_mixin.py:120} INFO - [2024-08-02T05:37:55.006+0000] {dag.py:2585} INFO - Sync 1 DAGs
[2024-08-02T05:37:55.052+0000] {logging_mixin.py:120} INFO - [2024-08-02T05:37:55.052+0000] {dag.py:3340} INFO - Setting next_dagrun for tutorial_taskflow_api_virtualenv to None, run_after=None
[2024-08-02T05:37:55.085+0000] {processor.py:176} INFO - Processing /home/airflow/.local/lib/python3.7/site-packages/airflow/example_dags/tutorial_taskflow_api_virtualenv.py took 0.173 seconds
[2024-08-02T05:38:25.628+0000] {processor.py:154} INFO - Started process (PID=2160) to work on /home/airflow/.local/lib/python3.7/site-packages/airflow/example_dags/tutorial_taskflow_api_virtualenv.py
[2024-08-02T05:38:25.638+0000] {processor.py:756} INFO - Processing file /home/airflow/.local/lib/python3.7/site-packages/airflow/example_dags/tutorial_taskflow_api_virtualenv.py for tasks to queue
[2024-08-02T05:38:25.645+0000] {logging_mixin.py:120} INFO - [2024-08-02T05:38:25.645+0000] {dagbag.py:537} INFO - Filling up the DagBag from /home/airflow/.local/lib/python3.7/site-packages/airflow/example_dags/tutorial_taskflow_api_virtualenv.py
[2024-08-02T05:38:25.712+0000] {processor.py:766} INFO - DAG(s) dict_keys(['tutorial_taskflow_api_virtualenv']) retrieved from /home/airflow/.local/lib/python3.7/site-packages/airflow/example_dags/tutorial_taskflow_api_virtualenv.py
[2024-08-02T05:38:25.827+0000] {logging_mixin.py:120} INFO - [2024-08-02T05:38:25.826+0000] {dag.py:2585} INFO - Sync 1 DAGs
[2024-08-02T05:38:25.886+0000] {logging_mixin.py:120} INFO - [2024-08-02T05:38:25.886+0000] {dag.py:3340} INFO - Setting next_dagrun for tutorial_taskflow_api_virtualenv to None, run_after=None
[2024-08-02T05:38:25.922+0000] {processor.py:176} INFO - Processing /home/airflow/.local/lib/python3.7/site-packages/airflow/example_dags/tutorial_taskflow_api_virtualenv.py took 0.301 seconds
[2024-08-02T05:38:56.772+0000] {processor.py:154} INFO - Started process (PID=2224) to work on /home/airflow/.local/lib/python3.7/site-packages/airflow/example_dags/tutorial_taskflow_api_virtualenv.py
[2024-08-02T05:38:56.832+0000] {processor.py:756} INFO - Processing file /home/airflow/.local/lib/python3.7/site-packages/airflow/example_dags/tutorial_taskflow_api_virtualenv.py for tasks to queue
[2024-08-02T05:38:56.857+0000] {logging_mixin.py:120} INFO - [2024-08-02T05:38:56.856+0000] {dagbag.py:537} INFO - Filling up the DagBag from /home/airflow/.local/lib/python3.7/site-packages/airflow/example_dags/tutorial_taskflow_api_virtualenv.py
[2024-08-02T05:38:56.956+0000] {processor.py:766} INFO - DAG(s) dict_keys(['tutorial_taskflow_api_virtualenv']) retrieved from /home/airflow/.local/lib/python3.7/site-packages/airflow/example_dags/tutorial_taskflow_api_virtualenv.py
[2024-08-02T05:38:57.108+0000] {logging_mixin.py:120} INFO - [2024-08-02T05:38:57.108+0000] {dag.py:2585} INFO - Sync 1 DAGs
[2024-08-02T05:38:57.202+0000] {logging_mixin.py:120} INFO - [2024-08-02T05:38:57.202+0000] {dag.py:3340} INFO - Setting next_dagrun for tutorial_taskflow_api_virtualenv to None, run_after=None
[2024-08-02T05:38:57.328+0000] {processor.py:176} INFO - Processing /home/airflow/.local/lib/python3.7/site-packages/airflow/example_dags/tutorial_taskflow_api_virtualenv.py took 0.564 seconds
[2024-08-02T05:39:27.861+0000] {processor.py:154} INFO - Started process (PID=2279) to work on /home/airflow/.local/lib/python3.7/site-packages/airflow/example_dags/tutorial_taskflow_api_virtualenv.py
[2024-08-02T05:39:27.863+0000] {processor.py:756} INFO - Processing file /home/airflow/.local/lib/python3.7/site-packages/airflow/example_dags/tutorial_taskflow_api_virtualenv.py for tasks to queue
[2024-08-02T05:39:27.864+0000] {logging_mixin.py:120} INFO - [2024-08-02T05:39:27.864+0000] {dagbag.py:537} INFO - Filling up the DagBag from /home/airflow/.local/lib/python3.7/site-packages/airflow/example_dags/tutorial_taskflow_api_virtualenv.py
[2024-08-02T05:39:27.887+0000] {processor.py:766} INFO - DAG(s) dict_keys(['tutorial_taskflow_api_virtualenv']) retrieved from /home/airflow/.local/lib/python3.7/site-packages/airflow/example_dags/tutorial_taskflow_api_virtualenv.py
[2024-08-02T05:39:27.939+0000] {logging_mixin.py:120} INFO - [2024-08-02T05:39:27.939+0000] {dag.py:2585} INFO - Sync 1 DAGs
[2024-08-02T05:39:28.140+0000] {logging_mixin.py:120} INFO - [2024-08-02T05:39:28.140+0000] {dag.py:3340} INFO - Setting next_dagrun for tutorial_taskflow_api_virtualenv to None, run_after=None
[2024-08-02T05:39:28.279+0000] {processor.py:176} INFO - Processing /home/airflow/.local/lib/python3.7/site-packages/airflow/example_dags/tutorial_taskflow_api_virtualenv.py took 0.422 seconds
[2024-08-02T05:39:58.947+0000] {processor.py:154} INFO - Started process (PID=2335) to work on /home/airflow/.local/lib/python3.7/site-packages/airflow/example_dags/tutorial_taskflow_api_virtualenv.py
[2024-08-02T05:39:59.016+0000] {processor.py:756} INFO - Processing file /home/airflow/.local/lib/python3.7/site-packages/airflow/example_dags/tutorial_taskflow_api_virtualenv.py for tasks to queue
[2024-08-02T05:39:59.024+0000] {logging_mixin.py:120} INFO - [2024-08-02T05:39:59.023+0000] {dagbag.py:537} INFO - Filling up the DagBag from /home/airflow/.local/lib/python3.7/site-packages/airflow/example_dags/tutorial_taskflow_api_virtualenv.py
[2024-08-02T05:39:59.045+0000] {processor.py:766} INFO - DAG(s) dict_keys(['tutorial_taskflow_api_virtualenv']) retrieved from /home/airflow/.local/lib/python3.7/site-packages/airflow/example_dags/tutorial_taskflow_api_virtualenv.py
[2024-08-02T05:39:59.208+0000] {logging_mixin.py:120} INFO - [2024-08-02T05:39:59.208+0000] {dag.py:2585} INFO - Sync 1 DAGs
[2024-08-02T05:39:59.373+0000] {logging_mixin.py:120} INFO - [2024-08-02T05:39:59.373+0000] {dag.py:3340} INFO - Setting next_dagrun for tutorial_taskflow_api_virtualenv to None, run_after=None
[2024-08-02T05:39:59.494+0000] {processor.py:176} INFO - Processing /home/airflow/.local/lib/python3.7/site-packages/airflow/example_dags/tutorial_taskflow_api_virtualenv.py took 0.551 seconds
[2024-08-02T05:40:29.919+0000] {processor.py:154} INFO - Started process (PID=2399) to work on /home/airflow/.local/lib/python3.7/site-packages/airflow/example_dags/tutorial_taskflow_api_virtualenv.py
[2024-08-02T05:40:29.921+0000] {processor.py:756} INFO - Processing file /home/airflow/.local/lib/python3.7/site-packages/airflow/example_dags/tutorial_taskflow_api_virtualenv.py for tasks to queue
[2024-08-02T05:40:29.923+0000] {logging_mixin.py:120} INFO - [2024-08-02T05:40:29.923+0000] {dagbag.py:537} INFO - Filling up the DagBag from /home/airflow/.local/lib/python3.7/site-packages/airflow/example_dags/tutorial_taskflow_api_virtualenv.py
[2024-08-02T05:40:29.957+0000] {processor.py:766} INFO - DAG(s) dict_keys(['tutorial_taskflow_api_virtualenv']) retrieved from /home/airflow/.local/lib/python3.7/site-packages/airflow/example_dags/tutorial_taskflow_api_virtualenv.py
[2024-08-02T05:40:30.029+0000] {logging_mixin.py:120} INFO - [2024-08-02T05:40:30.028+0000] {dag.py:2585} INFO - Sync 1 DAGs
[2024-08-02T05:40:30.068+0000] {logging_mixin.py:120} INFO - [2024-08-02T05:40:30.068+0000] {dag.py:3340} INFO - Setting next_dagrun for tutorial_taskflow_api_virtualenv to None, run_after=None
[2024-08-02T05:40:30.101+0000] {processor.py:176} INFO - Processing /home/airflow/.local/lib/python3.7/site-packages/airflow/example_dags/tutorial_taskflow_api_virtualenv.py took 0.186 seconds
[2024-08-02T05:41:02.491+0000] {processor.py:154} INFO - Started process (PID=2463) to work on /home/airflow/.local/lib/python3.7/site-packages/airflow/example_dags/tutorial_taskflow_api_virtualenv.py
[2024-08-02T05:41:02.520+0000] {processor.py:756} INFO - Processing file /home/airflow/.local/lib/python3.7/site-packages/airflow/example_dags/tutorial_taskflow_api_virtualenv.py for tasks to queue
[2024-08-02T05:41:02.596+0000] {logging_mixin.py:120} INFO - [2024-08-02T05:41:02.596+0000] {dagbag.py:537} INFO - Filling up the DagBag from /home/airflow/.local/lib/python3.7/site-packages/airflow/example_dags/tutorial_taskflow_api_virtualenv.py
[2024-08-02T05:41:02.668+0000] {processor.py:766} INFO - DAG(s) dict_keys(['tutorial_taskflow_api_virtualenv']) retrieved from /home/airflow/.local/lib/python3.7/site-packages/airflow/example_dags/tutorial_taskflow_api_virtualenv.py
[2024-08-02T05:41:03.210+0000] {logging_mixin.py:120} INFO - [2024-08-02T05:41:03.209+0000] {dag.py:2585} INFO - Sync 1 DAGs
[2024-08-02T05:41:03.456+0000] {logging_mixin.py:120} INFO - [2024-08-02T05:41:03.456+0000] {dag.py:3340} INFO - Setting next_dagrun for tutorial_taskflow_api_virtualenv to None, run_after=None
[2024-08-02T05:41:03.745+0000] {processor.py:176} INFO - Processing /home/airflow/.local/lib/python3.7/site-packages/airflow/example_dags/tutorial_taskflow_api_virtualenv.py took 1.257 seconds
[2024-08-02T05:41:33.950+0000] {processor.py:154} INFO - Started process (PID=2518) to work on /home/airflow/.local/lib/python3.7/site-packages/airflow/example_dags/tutorial_taskflow_api_virtualenv.py
[2024-08-02T05:41:33.951+0000] {processor.py:756} INFO - Processing file /home/airflow/.local/lib/python3.7/site-packages/airflow/example_dags/tutorial_taskflow_api_virtualenv.py for tasks to queue
[2024-08-02T05:41:33.952+0000] {logging_mixin.py:120} INFO - [2024-08-02T05:41:33.952+0000] {dagbag.py:537} INFO - Filling up the DagBag from /home/airflow/.local/lib/python3.7/site-packages/airflow/example_dags/tutorial_taskflow_api_virtualenv.py
[2024-08-02T05:41:33.978+0000] {processor.py:766} INFO - DAG(s) dict_keys(['tutorial_taskflow_api_virtualenv']) retrieved from /home/airflow/.local/lib/python3.7/site-packages/airflow/example_dags/tutorial_taskflow_api_virtualenv.py
[2024-08-02T05:41:34.035+0000] {logging_mixin.py:120} INFO - [2024-08-02T05:41:34.035+0000] {dag.py:2585} INFO - Sync 1 DAGs
[2024-08-02T05:41:34.068+0000] {logging_mixin.py:120} INFO - [2024-08-02T05:41:34.067+0000] {dag.py:3340} INFO - Setting next_dagrun for tutorial_taskflow_api_virtualenv to None, run_after=None
[2024-08-02T05:41:34.089+0000] {processor.py:176} INFO - Processing /home/airflow/.local/lib/python3.7/site-packages/airflow/example_dags/tutorial_taskflow_api_virtualenv.py took 0.143 seconds
[2024-08-02T05:42:04.517+0000] {processor.py:154} INFO - Started process (PID=2583) to work on /home/airflow/.local/lib/python3.7/site-packages/airflow/example_dags/tutorial_taskflow_api_virtualenv.py
[2024-08-02T05:42:04.519+0000] {processor.py:756} INFO - Processing file /home/airflow/.local/lib/python3.7/site-packages/airflow/example_dags/tutorial_taskflow_api_virtualenv.py for tasks to queue
[2024-08-02T05:42:04.521+0000] {logging_mixin.py:120} INFO - [2024-08-02T05:42:04.521+0000] {dagbag.py:537} INFO - Filling up the DagBag from /home/airflow/.local/lib/python3.7/site-packages/airflow/example_dags/tutorial_taskflow_api_virtualenv.py
[2024-08-02T05:42:04.582+0000] {processor.py:766} INFO - DAG(s) dict_keys(['tutorial_taskflow_api_virtualenv']) retrieved from /home/airflow/.local/lib/python3.7/site-packages/airflow/example_dags/tutorial_taskflow_api_virtualenv.py
[2024-08-02T05:42:04.637+0000] {logging_mixin.py:120} INFO - [2024-08-02T05:42:04.636+0000] {dag.py:2585} INFO - Sync 1 DAGs
[2024-08-02T05:42:04.730+0000] {logging_mixin.py:120} INFO - [2024-08-02T05:42:04.730+0000] {dag.py:3340} INFO - Setting next_dagrun for tutorial_taskflow_api_virtualenv to None, run_after=None
[2024-08-02T05:42:04.871+0000] {processor.py:176} INFO - Processing /home/airflow/.local/lib/python3.7/site-packages/airflow/example_dags/tutorial_taskflow_api_virtualenv.py took 0.360 seconds
[2024-08-02T05:42:35.784+0000] {processor.py:154} INFO - Started process (PID=2645) to work on /home/airflow/.local/lib/python3.7/site-packages/airflow/example_dags/tutorial_taskflow_api_virtualenv.py
[2024-08-02T05:42:35.786+0000] {processor.py:756} INFO - Processing file /home/airflow/.local/lib/python3.7/site-packages/airflow/example_dags/tutorial_taskflow_api_virtualenv.py for tasks to queue
[2024-08-02T05:42:35.787+0000] {logging_mixin.py:120} INFO - [2024-08-02T05:42:35.787+0000] {dagbag.py:537} INFO - Filling up the DagBag from /home/airflow/.local/lib/python3.7/site-packages/airflow/example_dags/tutorial_taskflow_api_virtualenv.py
[2024-08-02T05:42:35.843+0000] {processor.py:766} INFO - DAG(s) dict_keys(['tutorial_taskflow_api_virtualenv']) retrieved from /home/airflow/.local/lib/python3.7/site-packages/airflow/example_dags/tutorial_taskflow_api_virtualenv.py
[2024-08-02T05:42:35.959+0000] {logging_mixin.py:120} INFO - [2024-08-02T05:42:35.959+0000] {dag.py:2585} INFO - Sync 1 DAGs
[2024-08-02T05:42:36.012+0000] {logging_mixin.py:120} INFO - [2024-08-02T05:42:36.012+0000] {dag.py:3340} INFO - Setting next_dagrun for tutorial_taskflow_api_virtualenv to None, run_after=None
[2024-08-02T05:42:36.050+0000] {processor.py:176} INFO - Processing /home/airflow/.local/lib/python3.7/site-packages/airflow/example_dags/tutorial_taskflow_api_virtualenv.py took 0.269 seconds
[2024-08-02T05:43:06.449+0000] {processor.py:154} INFO - Started process (PID=2702) to work on /home/airflow/.local/lib/python3.7/site-packages/airflow/example_dags/tutorial_taskflow_api_virtualenv.py
[2024-08-02T05:43:06.463+0000] {processor.py:756} INFO - Processing file /home/airflow/.local/lib/python3.7/site-packages/airflow/example_dags/tutorial_taskflow_api_virtualenv.py for tasks to queue
[2024-08-02T05:43:06.464+0000] {logging_mixin.py:120} INFO - [2024-08-02T05:43:06.463+0000] {dagbag.py:537} INFO - Filling up the DagBag from /home/airflow/.local/lib/python3.7/site-packages/airflow/example_dags/tutorial_taskflow_api_virtualenv.py
[2024-08-02T05:43:06.490+0000] {processor.py:766} INFO - DAG(s) dict_keys(['tutorial_taskflow_api_virtualenv']) retrieved from /home/airflow/.local/lib/python3.7/site-packages/airflow/example_dags/tutorial_taskflow_api_virtualenv.py
[2024-08-02T05:43:06.614+0000] {logging_mixin.py:120} INFO - [2024-08-02T05:43:06.614+0000] {dag.py:2585} INFO - Sync 1 DAGs
[2024-08-02T05:43:06.727+0000] {logging_mixin.py:120} INFO - [2024-08-02T05:43:06.727+0000] {dag.py:3340} INFO - Setting next_dagrun for tutorial_taskflow_api_virtualenv to None, run_after=None
[2024-08-02T05:43:06.844+0000] {processor.py:176} INFO - Processing /home/airflow/.local/lib/python3.7/site-packages/airflow/example_dags/tutorial_taskflow_api_virtualenv.py took 0.399 seconds
[2024-08-02T05:43:37.487+0000] {processor.py:154} INFO - Started process (PID=2767) to work on /home/airflow/.local/lib/python3.7/site-packages/airflow/example_dags/tutorial_taskflow_api_virtualenv.py
[2024-08-02T05:43:37.496+0000] {processor.py:756} INFO - Processing file /home/airflow/.local/lib/python3.7/site-packages/airflow/example_dags/tutorial_taskflow_api_virtualenv.py for tasks to queue
[2024-08-02T05:43:37.506+0000] {logging_mixin.py:120} INFO - [2024-08-02T05:43:37.505+0000] {dagbag.py:537} INFO - Filling up the DagBag from /home/airflow/.local/lib/python3.7/site-packages/airflow/example_dags/tutorial_taskflow_api_virtualenv.py
[2024-08-02T05:43:37.552+0000] {processor.py:766} INFO - DAG(s) dict_keys(['tutorial_taskflow_api_virtualenv']) retrieved from /home/airflow/.local/lib/python3.7/site-packages/airflow/example_dags/tutorial_taskflow_api_virtualenv.py
[2024-08-02T05:43:37.722+0000] {logging_mixin.py:120} INFO - [2024-08-02T05:43:37.722+0000] {dag.py:2585} INFO - Sync 1 DAGs
[2024-08-02T05:43:37.870+0000] {logging_mixin.py:120} INFO - [2024-08-02T05:43:37.869+0000] {dag.py:3340} INFO - Setting next_dagrun for tutorial_taskflow_api_virtualenv to None, run_after=None
[2024-08-02T05:43:38.004+0000] {processor.py:176} INFO - Processing /home/airflow/.local/lib/python3.7/site-packages/airflow/example_dags/tutorial_taskflow_api_virtualenv.py took 0.524 seconds
[2024-08-02T05:44:09.248+0000] {processor.py:154} INFO - Started process (PID=2822) to work on /home/airflow/.local/lib/python3.7/site-packages/airflow/example_dags/tutorial_taskflow_api_virtualenv.py
[2024-08-02T05:44:09.285+0000] {processor.py:756} INFO - Processing file /home/airflow/.local/lib/python3.7/site-packages/airflow/example_dags/tutorial_taskflow_api_virtualenv.py for tasks to queue
[2024-08-02T05:44:09.298+0000] {logging_mixin.py:120} INFO - [2024-08-02T05:44:09.298+0000] {dagbag.py:537} INFO - Filling up the DagBag from /home/airflow/.local/lib/python3.7/site-packages/airflow/example_dags/tutorial_taskflow_api_virtualenv.py
[2024-08-02T05:44:09.349+0000] {processor.py:766} INFO - DAG(s) dict_keys(['tutorial_taskflow_api_virtualenv']) retrieved from /home/airflow/.local/lib/python3.7/site-packages/airflow/example_dags/tutorial_taskflow_api_virtualenv.py
[2024-08-02T05:44:09.466+0000] {logging_mixin.py:120} INFO - [2024-08-02T05:44:09.466+0000] {dag.py:2585} INFO - Sync 1 DAGs
[2024-08-02T05:44:09.571+0000] {logging_mixin.py:120} INFO - [2024-08-02T05:44:09.571+0000] {dag.py:3340} INFO - Setting next_dagrun for tutorial_taskflow_api_virtualenv to None, run_after=None
[2024-08-02T05:44:09.644+0000] {processor.py:176} INFO - Processing /home/airflow/.local/lib/python3.7/site-packages/airflow/example_dags/tutorial_taskflow_api_virtualenv.py took 0.399 seconds
[2024-08-02T05:44:40.921+0000] {processor.py:154} INFO - Started process (PID=2885) to work on /home/airflow/.local/lib/python3.7/site-packages/airflow/example_dags/tutorial_taskflow_api_virtualenv.py
[2024-08-02T05:44:40.922+0000] {processor.py:756} INFO - Processing file /home/airflow/.local/lib/python3.7/site-packages/airflow/example_dags/tutorial_taskflow_api_virtualenv.py for tasks to queue
[2024-08-02T05:44:40.923+0000] {logging_mixin.py:120} INFO - [2024-08-02T05:44:40.923+0000] {dagbag.py:537} INFO - Filling up the DagBag from /home/airflow/.local/lib/python3.7/site-packages/airflow/example_dags/tutorial_taskflow_api_virtualenv.py
[2024-08-02T05:44:40.945+0000] {processor.py:766} INFO - DAG(s) dict_keys(['tutorial_taskflow_api_virtualenv']) retrieved from /home/airflow/.local/lib/python3.7/site-packages/airflow/example_dags/tutorial_taskflow_api_virtualenv.py
[2024-08-02T05:44:40.993+0000] {logging_mixin.py:120} INFO - [2024-08-02T05:44:40.992+0000] {dag.py:2585} INFO - Sync 1 DAGs
[2024-08-02T05:44:41.024+0000] {logging_mixin.py:120} INFO - [2024-08-02T05:44:41.024+0000] {dag.py:3340} INFO - Setting next_dagrun for tutorial_taskflow_api_virtualenv to None, run_after=None
[2024-08-02T05:44:41.050+0000] {processor.py:176} INFO - Processing /home/airflow/.local/lib/python3.7/site-packages/airflow/example_dags/tutorial_taskflow_api_virtualenv.py took 0.133 seconds
[2024-08-02T05:45:11.735+0000] {processor.py:154} INFO - Started process (PID=2949) to work on /home/airflow/.local/lib/python3.7/site-packages/airflow/example_dags/tutorial_taskflow_api_virtualenv.py
[2024-08-02T05:45:11.742+0000] {processor.py:756} INFO - Processing file /home/airflow/.local/lib/python3.7/site-packages/airflow/example_dags/tutorial_taskflow_api_virtualenv.py for tasks to queue
[2024-08-02T05:45:11.747+0000] {logging_mixin.py:120} INFO - [2024-08-02T05:45:11.746+0000] {dagbag.py:537} INFO - Filling up the DagBag from /home/airflow/.local/lib/python3.7/site-packages/airflow/example_dags/tutorial_taskflow_api_virtualenv.py
[2024-08-02T05:45:11.777+0000] {processor.py:766} INFO - DAG(s) dict_keys(['tutorial_taskflow_api_virtualenv']) retrieved from /home/airflow/.local/lib/python3.7/site-packages/airflow/example_dags/tutorial_taskflow_api_virtualenv.py
[2024-08-02T05:45:11.881+0000] {logging_mixin.py:120} INFO - [2024-08-02T05:45:11.880+0000] {dag.py:2585} INFO - Sync 1 DAGs
[2024-08-02T05:45:11.965+0000] {logging_mixin.py:120} INFO - [2024-08-02T05:45:11.965+0000] {dag.py:3340} INFO - Setting next_dagrun for tutorial_taskflow_api_virtualenv to None, run_after=None
[2024-08-02T05:45:12.042+0000] {processor.py:176} INFO - Processing /home/airflow/.local/lib/python3.7/site-packages/airflow/example_dags/tutorial_taskflow_api_virtualenv.py took 0.312 seconds
[2024-08-02T05:45:42.811+0000] {processor.py:154} INFO - Started process (PID=3004) to work on /home/airflow/.local/lib/python3.7/site-packages/airflow/example_dags/tutorial_taskflow_api_virtualenv.py
[2024-08-02T05:45:42.813+0000] {processor.py:756} INFO - Processing file /home/airflow/.local/lib/python3.7/site-packages/airflow/example_dags/tutorial_taskflow_api_virtualenv.py for tasks to queue
[2024-08-02T05:45:42.815+0000] {logging_mixin.py:120} INFO - [2024-08-02T05:45:42.815+0000] {dagbag.py:537} INFO - Filling up the DagBag from /home/airflow/.local/lib/python3.7/site-packages/airflow/example_dags/tutorial_taskflow_api_virtualenv.py
[2024-08-02T05:45:42.876+0000] {processor.py:766} INFO - DAG(s) dict_keys(['tutorial_taskflow_api_virtualenv']) retrieved from /home/airflow/.local/lib/python3.7/site-packages/airflow/example_dags/tutorial_taskflow_api_virtualenv.py
[2024-08-02T05:45:42.966+0000] {logging_mixin.py:120} INFO - [2024-08-02T05:45:42.966+0000] {dag.py:2585} INFO - Sync 1 DAGs
[2024-08-02T05:45:43.053+0000] {logging_mixin.py:120} INFO - [2024-08-02T05:45:43.053+0000] {dag.py:3340} INFO - Setting next_dagrun for tutorial_taskflow_api_virtualenv to None, run_after=None
[2024-08-02T05:45:43.174+0000] {processor.py:176} INFO - Processing /home/airflow/.local/lib/python3.7/site-packages/airflow/example_dags/tutorial_taskflow_api_virtualenv.py took 0.367 seconds
[2024-08-02T05:46:13.301+0000] {processor.py:154} INFO - Started process (PID=3068) to work on /home/airflow/.local/lib/python3.7/site-packages/airflow/example_dags/tutorial_taskflow_api_virtualenv.py
[2024-08-02T05:46:13.303+0000] {processor.py:756} INFO - Processing file /home/airflow/.local/lib/python3.7/site-packages/airflow/example_dags/tutorial_taskflow_api_virtualenv.py for tasks to queue
[2024-08-02T05:46:13.304+0000] {logging_mixin.py:120} INFO - [2024-08-02T05:46:13.304+0000] {dagbag.py:537} INFO - Filling up the DagBag from /home/airflow/.local/lib/python3.7/site-packages/airflow/example_dags/tutorial_taskflow_api_virtualenv.py
[2024-08-02T05:46:13.343+0000] {processor.py:766} INFO - DAG(s) dict_keys(['tutorial_taskflow_api_virtualenv']) retrieved from /home/airflow/.local/lib/python3.7/site-packages/airflow/example_dags/tutorial_taskflow_api_virtualenv.py
[2024-08-02T05:46:13.405+0000] {logging_mixin.py:120} INFO - [2024-08-02T05:46:13.405+0000] {dag.py:2585} INFO - Sync 1 DAGs
[2024-08-02T05:46:13.494+0000] {logging_mixin.py:120} INFO - [2024-08-02T05:46:13.494+0000] {dag.py:3340} INFO - Setting next_dagrun for tutorial_taskflow_api_virtualenv to None, run_after=None
[2024-08-02T05:46:13.562+0000] {processor.py:176} INFO - Processing /home/airflow/.local/lib/python3.7/site-packages/airflow/example_dags/tutorial_taskflow_api_virtualenv.py took 0.265 seconds
[2024-08-02T05:46:44.520+0000] {processor.py:154} INFO - Started process (PID=3132) to work on /home/airflow/.local/lib/python3.7/site-packages/airflow/example_dags/tutorial_taskflow_api_virtualenv.py
[2024-08-02T05:46:44.521+0000] {processor.py:756} INFO - Processing file /home/airflow/.local/lib/python3.7/site-packages/airflow/example_dags/tutorial_taskflow_api_virtualenv.py for tasks to queue
[2024-08-02T05:46:44.522+0000] {logging_mixin.py:120} INFO - [2024-08-02T05:46:44.522+0000] {dagbag.py:537} INFO - Filling up the DagBag from /home/airflow/.local/lib/python3.7/site-packages/airflow/example_dags/tutorial_taskflow_api_virtualenv.py
[2024-08-02T05:46:44.560+0000] {processor.py:766} INFO - DAG(s) dict_keys(['tutorial_taskflow_api_virtualenv']) retrieved from /home/airflow/.local/lib/python3.7/site-packages/airflow/example_dags/tutorial_taskflow_api_virtualenv.py
[2024-08-02T05:46:44.641+0000] {logging_mixin.py:120} INFO - [2024-08-02T05:46:44.641+0000] {dag.py:2585} INFO - Sync 1 DAGs
[2024-08-02T05:46:44.706+0000] {logging_mixin.py:120} INFO - [2024-08-02T05:46:44.706+0000] {dag.py:3340} INFO - Setting next_dagrun for tutorial_taskflow_api_virtualenv to None, run_after=None
[2024-08-02T05:46:44.742+0000] {processor.py:176} INFO - Processing /home/airflow/.local/lib/python3.7/site-packages/airflow/example_dags/tutorial_taskflow_api_virtualenv.py took 0.226 seconds
[2024-08-02T05:47:15.291+0000] {processor.py:154} INFO - Started process (PID=3187) to work on /home/airflow/.local/lib/python3.7/site-packages/airflow/example_dags/tutorial_taskflow_api_virtualenv.py
[2024-08-02T05:47:15.319+0000] {processor.py:756} INFO - Processing file /home/airflow/.local/lib/python3.7/site-packages/airflow/example_dags/tutorial_taskflow_api_virtualenv.py for tasks to queue
[2024-08-02T05:47:15.375+0000] {logging_mixin.py:120} INFO - [2024-08-02T05:47:15.375+0000] {dagbag.py:537} INFO - Filling up the DagBag from /home/airflow/.local/lib/python3.7/site-packages/airflow/example_dags/tutorial_taskflow_api_virtualenv.py
[2024-08-02T05:47:15.481+0000] {processor.py:766} INFO - DAG(s) dict_keys(['tutorial_taskflow_api_virtualenv']) retrieved from /home/airflow/.local/lib/python3.7/site-packages/airflow/example_dags/tutorial_taskflow_api_virtualenv.py
[2024-08-02T05:47:15.534+0000] {logging_mixin.py:120} INFO - [2024-08-02T05:47:15.534+0000] {dag.py:2585} INFO - Sync 1 DAGs
[2024-08-02T05:47:15.568+0000] {logging_mixin.py:120} INFO - [2024-08-02T05:47:15.568+0000] {dag.py:3340} INFO - Setting next_dagrun for tutorial_taskflow_api_virtualenv to None, run_after=None
[2024-08-02T05:47:15.651+0000] {processor.py:176} INFO - Processing /home/airflow/.local/lib/python3.7/site-packages/airflow/example_dags/tutorial_taskflow_api_virtualenv.py took 0.364 seconds
[2024-08-02T05:47:46.232+0000] {processor.py:154} INFO - Started process (PID=3251) to work on /home/airflow/.local/lib/python3.7/site-packages/airflow/example_dags/tutorial_taskflow_api_virtualenv.py
[2024-08-02T05:47:46.234+0000] {processor.py:756} INFO - Processing file /home/airflow/.local/lib/python3.7/site-packages/airflow/example_dags/tutorial_taskflow_api_virtualenv.py for tasks to queue
[2024-08-02T05:47:46.235+0000] {logging_mixin.py:120} INFO - [2024-08-02T05:47:46.235+0000] {dagbag.py:537} INFO - Filling up the DagBag from /home/airflow/.local/lib/python3.7/site-packages/airflow/example_dags/tutorial_taskflow_api_virtualenv.py
[2024-08-02T05:47:46.256+0000] {processor.py:766} INFO - DAG(s) dict_keys(['tutorial_taskflow_api_virtualenv']) retrieved from /home/airflow/.local/lib/python3.7/site-packages/airflow/example_dags/tutorial_taskflow_api_virtualenv.py
[2024-08-02T05:47:46.351+0000] {logging_mixin.py:120} INFO - [2024-08-02T05:47:46.350+0000] {dag.py:2585} INFO - Sync 1 DAGs
[2024-08-02T05:47:46.431+0000] {logging_mixin.py:120} INFO - [2024-08-02T05:47:46.431+0000] {dag.py:3340} INFO - Setting next_dagrun for tutorial_taskflow_api_virtualenv to None, run_after=None
[2024-08-02T05:47:46.514+0000] {processor.py:176} INFO - Processing /home/airflow/.local/lib/python3.7/site-packages/airflow/example_dags/tutorial_taskflow_api_virtualenv.py took 0.285 seconds
[2024-08-02T05:48:16.941+0000] {processor.py:154} INFO - Started process (PID=3306) to work on /home/airflow/.local/lib/python3.7/site-packages/airflow/example_dags/tutorial_taskflow_api_virtualenv.py
[2024-08-02T05:48:16.942+0000] {processor.py:756} INFO - Processing file /home/airflow/.local/lib/python3.7/site-packages/airflow/example_dags/tutorial_taskflow_api_virtualenv.py for tasks to queue
[2024-08-02T05:48:16.944+0000] {logging_mixin.py:120} INFO - [2024-08-02T05:48:16.943+0000] {dagbag.py:537} INFO - Filling up the DagBag from /home/airflow/.local/lib/python3.7/site-packages/airflow/example_dags/tutorial_taskflow_api_virtualenv.py
[2024-08-02T05:48:16.964+0000] {processor.py:766} INFO - DAG(s) dict_keys(['tutorial_taskflow_api_virtualenv']) retrieved from /home/airflow/.local/lib/python3.7/site-packages/airflow/example_dags/tutorial_taskflow_api_virtualenv.py
[2024-08-02T05:48:17.001+0000] {logging_mixin.py:120} INFO - [2024-08-02T05:48:17.001+0000] {dag.py:2585} INFO - Sync 1 DAGs
[2024-08-02T05:48:17.034+0000] {logging_mixin.py:120} INFO - [2024-08-02T05:48:17.034+0000] {dag.py:3340} INFO - Setting next_dagrun for tutorial_taskflow_api_virtualenv to None, run_after=None
[2024-08-02T05:48:17.080+0000] {processor.py:176} INFO - Processing /home/airflow/.local/lib/python3.7/site-packages/airflow/example_dags/tutorial_taskflow_api_virtualenv.py took 0.142 seconds
[2024-08-02T05:48:47.956+0000] {processor.py:154} INFO - Started process (PID=3370) to work on /home/airflow/.local/lib/python3.7/site-packages/airflow/example_dags/tutorial_taskflow_api_virtualenv.py
[2024-08-02T05:48:47.958+0000] {processor.py:756} INFO - Processing file /home/airflow/.local/lib/python3.7/site-packages/airflow/example_dags/tutorial_taskflow_api_virtualenv.py for tasks to queue
[2024-08-02T05:48:47.961+0000] {logging_mixin.py:120} INFO - [2024-08-02T05:48:47.960+0000] {dagbag.py:537} INFO - Filling up the DagBag from /home/airflow/.local/lib/python3.7/site-packages/airflow/example_dags/tutorial_taskflow_api_virtualenv.py
[2024-08-02T05:48:47.993+0000] {processor.py:766} INFO - DAG(s) dict_keys(['tutorial_taskflow_api_virtualenv']) retrieved from /home/airflow/.local/lib/python3.7/site-packages/airflow/example_dags/tutorial_taskflow_api_virtualenv.py
[2024-08-02T05:48:48.072+0000] {logging_mixin.py:120} INFO - [2024-08-02T05:48:48.072+0000] {dag.py:2585} INFO - Sync 1 DAGs
[2024-08-02T05:48:48.122+0000] {logging_mixin.py:120} INFO - [2024-08-02T05:48:48.122+0000] {dag.py:3340} INFO - Setting next_dagrun for tutorial_taskflow_api_virtualenv to None, run_after=None
[2024-08-02T05:48:48.166+0000] {processor.py:176} INFO - Processing /home/airflow/.local/lib/python3.7/site-packages/airflow/example_dags/tutorial_taskflow_api_virtualenv.py took 0.215 seconds
[2024-08-02T05:49:20.232+0000] {processor.py:154} INFO - Started process (PID=3427) to work on /home/airflow/.local/lib/python3.7/site-packages/airflow/example_dags/tutorial_taskflow_api_virtualenv.py
[2024-08-02T05:49:20.236+0000] {processor.py:756} INFO - Processing file /home/airflow/.local/lib/python3.7/site-packages/airflow/example_dags/tutorial_taskflow_api_virtualenv.py for tasks to queue
[2024-08-02T05:49:20.238+0000] {logging_mixin.py:120} INFO - [2024-08-02T05:49:20.238+0000] {dagbag.py:537} INFO - Filling up the DagBag from /home/airflow/.local/lib/python3.7/site-packages/airflow/example_dags/tutorial_taskflow_api_virtualenv.py
[2024-08-02T05:49:20.277+0000] {processor.py:766} INFO - DAG(s) dict_keys(['tutorial_taskflow_api_virtualenv']) retrieved from /home/airflow/.local/lib/python3.7/site-packages/airflow/example_dags/tutorial_taskflow_api_virtualenv.py
[2024-08-02T05:49:20.351+0000] {logging_mixin.py:120} INFO - [2024-08-02T05:49:20.351+0000] {dag.py:2585} INFO - Sync 1 DAGs
[2024-08-02T05:49:20.404+0000] {logging_mixin.py:120} INFO - [2024-08-02T05:49:20.404+0000] {dag.py:3340} INFO - Setting next_dagrun for tutorial_taskflow_api_virtualenv to None, run_after=None
[2024-08-02T05:49:20.467+0000] {processor.py:176} INFO - Processing /home/airflow/.local/lib/python3.7/site-packages/airflow/example_dags/tutorial_taskflow_api_virtualenv.py took 0.240 seconds
[2024-08-02T05:49:50.966+0000] {processor.py:154} INFO - Started process (PID=3493) to work on /home/airflow/.local/lib/python3.7/site-packages/airflow/example_dags/tutorial_taskflow_api_virtualenv.py
[2024-08-02T05:49:50.968+0000] {processor.py:756} INFO - Processing file /home/airflow/.local/lib/python3.7/site-packages/airflow/example_dags/tutorial_taskflow_api_virtualenv.py for tasks to queue
[2024-08-02T05:49:50.970+0000] {logging_mixin.py:120} INFO - [2024-08-02T05:49:50.970+0000] {dagbag.py:537} INFO - Filling up the DagBag from /home/airflow/.local/lib/python3.7/site-packages/airflow/example_dags/tutorial_taskflow_api_virtualenv.py
[2024-08-02T05:49:51.015+0000] {processor.py:766} INFO - DAG(s) dict_keys(['tutorial_taskflow_api_virtualenv']) retrieved from /home/airflow/.local/lib/python3.7/site-packages/airflow/example_dags/tutorial_taskflow_api_virtualenv.py
[2024-08-02T05:49:51.095+0000] {logging_mixin.py:120} INFO - [2024-08-02T05:49:51.095+0000] {dag.py:2585} INFO - Sync 1 DAGs
[2024-08-02T05:49:51.166+0000] {logging_mixin.py:120} INFO - [2024-08-02T05:49:51.165+0000] {dag.py:3340} INFO - Setting next_dagrun for tutorial_taskflow_api_virtualenv to None, run_after=None
[2024-08-02T05:49:51.218+0000] {processor.py:176} INFO - Processing /home/airflow/.local/lib/python3.7/site-packages/airflow/example_dags/tutorial_taskflow_api_virtualenv.py took 0.258 seconds
[2024-08-02T05:50:22.449+0000] {processor.py:154} INFO - Started process (PID=3549) to work on /home/airflow/.local/lib/python3.7/site-packages/airflow/example_dags/tutorial_taskflow_api_virtualenv.py
[2024-08-02T05:50:22.455+0000] {processor.py:756} INFO - Processing file /home/airflow/.local/lib/python3.7/site-packages/airflow/example_dags/tutorial_taskflow_api_virtualenv.py for tasks to queue
[2024-08-02T05:50:22.469+0000] {logging_mixin.py:120} INFO - [2024-08-02T05:50:22.469+0000] {dagbag.py:537} INFO - Filling up the DagBag from /home/airflow/.local/lib/python3.7/site-packages/airflow/example_dags/tutorial_taskflow_api_virtualenv.py
[2024-08-02T05:50:22.508+0000] {processor.py:766} INFO - DAG(s) dict_keys(['tutorial_taskflow_api_virtualenv']) retrieved from /home/airflow/.local/lib/python3.7/site-packages/airflow/example_dags/tutorial_taskflow_api_virtualenv.py
[2024-08-02T05:50:22.663+0000] {logging_mixin.py:120} INFO - [2024-08-02T05:50:22.661+0000] {dag.py:2585} INFO - Sync 1 DAGs
[2024-08-02T05:50:22.725+0000] {logging_mixin.py:120} INFO - [2024-08-02T05:50:22.725+0000] {dag.py:3340} INFO - Setting next_dagrun for tutorial_taskflow_api_virtualenv to None, run_after=None
[2024-08-02T05:50:22.797+0000] {processor.py:176} INFO - Processing /home/airflow/.local/lib/python3.7/site-packages/airflow/example_dags/tutorial_taskflow_api_virtualenv.py took 0.352 seconds
[2024-08-02T05:50:52.915+0000] {processor.py:154} INFO - Started process (PID=3614) to work on /home/airflow/.local/lib/python3.7/site-packages/airflow/example_dags/tutorial_taskflow_api_virtualenv.py
[2024-08-02T05:50:52.916+0000] {processor.py:756} INFO - Processing file /home/airflow/.local/lib/python3.7/site-packages/airflow/example_dags/tutorial_taskflow_api_virtualenv.py for tasks to queue
[2024-08-02T05:50:52.918+0000] {logging_mixin.py:120} INFO - [2024-08-02T05:50:52.918+0000] {dagbag.py:537} INFO - Filling up the DagBag from /home/airflow/.local/lib/python3.7/site-packages/airflow/example_dags/tutorial_taskflow_api_virtualenv.py
[2024-08-02T05:50:52.936+0000] {processor.py:766} INFO - DAG(s) dict_keys(['tutorial_taskflow_api_virtualenv']) retrieved from /home/airflow/.local/lib/python3.7/site-packages/airflow/example_dags/tutorial_taskflow_api_virtualenv.py
[2024-08-02T05:50:52.973+0000] {logging_mixin.py:120} INFO - [2024-08-02T05:50:52.973+0000] {dag.py:2585} INFO - Sync 1 DAGs
[2024-08-02T05:50:52.995+0000] {logging_mixin.py:120} INFO - [2024-08-02T05:50:52.995+0000] {dag.py:3340} INFO - Setting next_dagrun for tutorial_taskflow_api_virtualenv to None, run_after=None
[2024-08-02T05:50:53.017+0000] {processor.py:176} INFO - Processing /home/airflow/.local/lib/python3.7/site-packages/airflow/example_dags/tutorial_taskflow_api_virtualenv.py took 0.107 seconds
[2024-08-02T05:51:23.739+0000] {processor.py:154} INFO - Started process (PID=3679) to work on /home/airflow/.local/lib/python3.7/site-packages/airflow/example_dags/tutorial_taskflow_api_virtualenv.py
[2024-08-02T05:51:23.740+0000] {processor.py:756} INFO - Processing file /home/airflow/.local/lib/python3.7/site-packages/airflow/example_dags/tutorial_taskflow_api_virtualenv.py for tasks to queue
[2024-08-02T05:51:23.741+0000] {logging_mixin.py:120} INFO - [2024-08-02T05:51:23.741+0000] {dagbag.py:537} INFO - Filling up the DagBag from /home/airflow/.local/lib/python3.7/site-packages/airflow/example_dags/tutorial_taskflow_api_virtualenv.py
[2024-08-02T05:51:23.756+0000] {processor.py:766} INFO - DAG(s) dict_keys(['tutorial_taskflow_api_virtualenv']) retrieved from /home/airflow/.local/lib/python3.7/site-packages/airflow/example_dags/tutorial_taskflow_api_virtualenv.py
[2024-08-02T05:51:23.785+0000] {logging_mixin.py:120} INFO - [2024-08-02T05:51:23.785+0000] {dag.py:2585} INFO - Sync 1 DAGs
[2024-08-02T05:51:23.803+0000] {logging_mixin.py:120} INFO - [2024-08-02T05:51:23.803+0000] {dag.py:3340} INFO - Setting next_dagrun for tutorial_taskflow_api_virtualenv to None, run_after=None
[2024-08-02T05:51:23.819+0000] {processor.py:176} INFO - Processing /home/airflow/.local/lib/python3.7/site-packages/airflow/example_dags/tutorial_taskflow_api_virtualenv.py took 0.083 seconds
[2024-08-02T05:51:54.291+0000] {processor.py:154} INFO - Started process (PID=3744) to work on /home/airflow/.local/lib/python3.7/site-packages/airflow/example_dags/tutorial_taskflow_api_virtualenv.py
[2024-08-02T05:51:54.293+0000] {processor.py:756} INFO - Processing file /home/airflow/.local/lib/python3.7/site-packages/airflow/example_dags/tutorial_taskflow_api_virtualenv.py for tasks to queue
[2024-08-02T05:51:54.294+0000] {logging_mixin.py:120} INFO - [2024-08-02T05:51:54.294+0000] {dagbag.py:537} INFO - Filling up the DagBag from /home/airflow/.local/lib/python3.7/site-packages/airflow/example_dags/tutorial_taskflow_api_virtualenv.py
[2024-08-02T05:51:54.316+0000] {processor.py:766} INFO - DAG(s) dict_keys(['tutorial_taskflow_api_virtualenv']) retrieved from /home/airflow/.local/lib/python3.7/site-packages/airflow/example_dags/tutorial_taskflow_api_virtualenv.py
[2024-08-02T05:51:54.361+0000] {logging_mixin.py:120} INFO - [2024-08-02T05:51:54.361+0000] {dag.py:2585} INFO - Sync 1 DAGs
[2024-08-02T05:51:54.389+0000] {logging_mixin.py:120} INFO - [2024-08-02T05:51:54.389+0000] {dag.py:3340} INFO - Setting next_dagrun for tutorial_taskflow_api_virtualenv to None, run_after=None
[2024-08-02T05:51:54.417+0000] {processor.py:176} INFO - Processing /home/airflow/.local/lib/python3.7/site-packages/airflow/example_dags/tutorial_taskflow_api_virtualenv.py took 0.128 seconds
[2024-08-02T05:52:24.461+0000] {processor.py:154} INFO - Started process (PID=3799) to work on /home/airflow/.local/lib/python3.7/site-packages/airflow/example_dags/tutorial_taskflow_api_virtualenv.py
[2024-08-02T05:52:24.462+0000] {processor.py:756} INFO - Processing file /home/airflow/.local/lib/python3.7/site-packages/airflow/example_dags/tutorial_taskflow_api_virtualenv.py for tasks to queue
[2024-08-02T05:52:24.464+0000] {logging_mixin.py:120} INFO - [2024-08-02T05:52:24.464+0000] {dagbag.py:537} INFO - Filling up the DagBag from /home/airflow/.local/lib/python3.7/site-packages/airflow/example_dags/tutorial_taskflow_api_virtualenv.py
[2024-08-02T05:52:24.492+0000] {processor.py:766} INFO - DAG(s) dict_keys(['tutorial_taskflow_api_virtualenv']) retrieved from /home/airflow/.local/lib/python3.7/site-packages/airflow/example_dags/tutorial_taskflow_api_virtualenv.py
[2024-08-02T05:52:24.526+0000] {logging_mixin.py:120} INFO - [2024-08-02T05:52:24.526+0000] {dag.py:2585} INFO - Sync 1 DAGs
[2024-08-02T05:52:24.558+0000] {logging_mixin.py:120} INFO - [2024-08-02T05:52:24.558+0000] {dag.py:3340} INFO - Setting next_dagrun for tutorial_taskflow_api_virtualenv to None, run_after=None
[2024-08-02T05:52:24.578+0000] {processor.py:176} INFO - Processing /home/airflow/.local/lib/python3.7/site-packages/airflow/example_dags/tutorial_taskflow_api_virtualenv.py took 0.121 seconds
[2024-08-02T05:52:54.847+0000] {processor.py:154} INFO - Started process (PID=3864) to work on /home/airflow/.local/lib/python3.7/site-packages/airflow/example_dags/tutorial_taskflow_api_virtualenv.py
[2024-08-02T05:52:54.848+0000] {processor.py:756} INFO - Processing file /home/airflow/.local/lib/python3.7/site-packages/airflow/example_dags/tutorial_taskflow_api_virtualenv.py for tasks to queue
[2024-08-02T05:52:54.849+0000] {logging_mixin.py:120} INFO - [2024-08-02T05:52:54.849+0000] {dagbag.py:537} INFO - Filling up the DagBag from /home/airflow/.local/lib/python3.7/site-packages/airflow/example_dags/tutorial_taskflow_api_virtualenv.py
[2024-08-02T05:52:54.871+0000] {processor.py:766} INFO - DAG(s) dict_keys(['tutorial_taskflow_api_virtualenv']) retrieved from /home/airflow/.local/lib/python3.7/site-packages/airflow/example_dags/tutorial_taskflow_api_virtualenv.py
[2024-08-02T05:52:54.930+0000] {logging_mixin.py:120} INFO - [2024-08-02T05:52:54.930+0000] {dag.py:2585} INFO - Sync 1 DAGs
[2024-08-02T05:52:54.957+0000] {logging_mixin.py:120} INFO - [2024-08-02T05:52:54.957+0000] {dag.py:3340} INFO - Setting next_dagrun for tutorial_taskflow_api_virtualenv to None, run_after=None
[2024-08-02T05:52:54.979+0000] {processor.py:176} INFO - Processing /home/airflow/.local/lib/python3.7/site-packages/airflow/example_dags/tutorial_taskflow_api_virtualenv.py took 0.134 seconds
[2024-08-02T05:53:25.733+0000] {processor.py:154} INFO - Started process (PID=3931) to work on /home/airflow/.local/lib/python3.7/site-packages/airflow/example_dags/tutorial_taskflow_api_virtualenv.py
[2024-08-02T05:53:25.735+0000] {processor.py:756} INFO - Processing file /home/airflow/.local/lib/python3.7/site-packages/airflow/example_dags/tutorial_taskflow_api_virtualenv.py for tasks to queue
[2024-08-02T05:53:25.736+0000] {logging_mixin.py:120} INFO - [2024-08-02T05:53:25.736+0000] {dagbag.py:537} INFO - Filling up the DagBag from /home/airflow/.local/lib/python3.7/site-packages/airflow/example_dags/tutorial_taskflow_api_virtualenv.py
[2024-08-02T05:53:25.767+0000] {processor.py:766} INFO - DAG(s) dict_keys(['tutorial_taskflow_api_virtualenv']) retrieved from /home/airflow/.local/lib/python3.7/site-packages/airflow/example_dags/tutorial_taskflow_api_virtualenv.py
[2024-08-02T05:53:25.800+0000] {logging_mixin.py:120} INFO - [2024-08-02T05:53:25.800+0000] {dag.py:2585} INFO - Sync 1 DAGs
[2024-08-02T05:53:25.824+0000] {logging_mixin.py:120} INFO - [2024-08-02T05:53:25.824+0000] {dag.py:3340} INFO - Setting next_dagrun for tutorial_taskflow_api_virtualenv to None, run_after=None
[2024-08-02T05:53:25.844+0000] {processor.py:176} INFO - Processing /home/airflow/.local/lib/python3.7/site-packages/airflow/example_dags/tutorial_taskflow_api_virtualenv.py took 0.114 seconds
[2024-08-02T05:53:57.124+0000] {processor.py:154} INFO - Started process (PID=3996) to work on /home/airflow/.local/lib/python3.7/site-packages/airflow/example_dags/tutorial_taskflow_api_virtualenv.py
[2024-08-02T05:53:57.125+0000] {processor.py:756} INFO - Processing file /home/airflow/.local/lib/python3.7/site-packages/airflow/example_dags/tutorial_taskflow_api_virtualenv.py for tasks to queue
[2024-08-02T05:53:57.126+0000] {logging_mixin.py:120} INFO - [2024-08-02T05:53:57.126+0000] {dagbag.py:537} INFO - Filling up the DagBag from /home/airflow/.local/lib/python3.7/site-packages/airflow/example_dags/tutorial_taskflow_api_virtualenv.py
[2024-08-02T05:53:57.154+0000] {processor.py:766} INFO - DAG(s) dict_keys(['tutorial_taskflow_api_virtualenv']) retrieved from /home/airflow/.local/lib/python3.7/site-packages/airflow/example_dags/tutorial_taskflow_api_virtualenv.py
[2024-08-02T05:53:57.200+0000] {logging_mixin.py:120} INFO - [2024-08-02T05:53:57.200+0000] {dag.py:2585} INFO - Sync 1 DAGs
[2024-08-02T05:53:57.226+0000] {logging_mixin.py:120} INFO - [2024-08-02T05:53:57.226+0000] {dag.py:3340} INFO - Setting next_dagrun for tutorial_taskflow_api_virtualenv to None, run_after=None
[2024-08-02T05:53:57.255+0000] {processor.py:176} INFO - Processing /home/airflow/.local/lib/python3.7/site-packages/airflow/example_dags/tutorial_taskflow_api_virtualenv.py took 0.135 seconds
[2024-08-02T05:54:27.825+0000] {processor.py:154} INFO - Started process (PID=4061) to work on /home/airflow/.local/lib/python3.7/site-packages/airflow/example_dags/tutorial_taskflow_api_virtualenv.py
[2024-08-02T05:54:27.827+0000] {processor.py:756} INFO - Processing file /home/airflow/.local/lib/python3.7/site-packages/airflow/example_dags/tutorial_taskflow_api_virtualenv.py for tasks to queue
[2024-08-02T05:54:27.829+0000] {logging_mixin.py:120} INFO - [2024-08-02T05:54:27.829+0000] {dagbag.py:537} INFO - Filling up the DagBag from /home/airflow/.local/lib/python3.7/site-packages/airflow/example_dags/tutorial_taskflow_api_virtualenv.py
[2024-08-02T05:54:27.849+0000] {processor.py:766} INFO - DAG(s) dict_keys(['tutorial_taskflow_api_virtualenv']) retrieved from /home/airflow/.local/lib/python3.7/site-packages/airflow/example_dags/tutorial_taskflow_api_virtualenv.py
[2024-08-02T05:54:27.887+0000] {logging_mixin.py:120} INFO - [2024-08-02T05:54:27.887+0000] {dag.py:2585} INFO - Sync 1 DAGs
[2024-08-02T05:54:27.907+0000] {logging_mixin.py:120} INFO - [2024-08-02T05:54:27.906+0000] {dag.py:3340} INFO - Setting next_dagrun for tutorial_taskflow_api_virtualenv to None, run_after=None
[2024-08-02T05:54:27.923+0000] {processor.py:176} INFO - Processing /home/airflow/.local/lib/python3.7/site-packages/airflow/example_dags/tutorial_taskflow_api_virtualenv.py took 0.103 seconds
[2024-08-02T05:54:58.198+0000] {processor.py:154} INFO - Started process (PID=4116) to work on /home/airflow/.local/lib/python3.7/site-packages/airflow/example_dags/tutorial_taskflow_api_virtualenv.py
[2024-08-02T05:54:58.199+0000] {processor.py:756} INFO - Processing file /home/airflow/.local/lib/python3.7/site-packages/airflow/example_dags/tutorial_taskflow_api_virtualenv.py for tasks to queue
[2024-08-02T05:54:58.200+0000] {logging_mixin.py:120} INFO - [2024-08-02T05:54:58.200+0000] {dagbag.py:537} INFO - Filling up the DagBag from /home/airflow/.local/lib/python3.7/site-packages/airflow/example_dags/tutorial_taskflow_api_virtualenv.py
[2024-08-02T05:54:58.216+0000] {processor.py:766} INFO - DAG(s) dict_keys(['tutorial_taskflow_api_virtualenv']) retrieved from /home/airflow/.local/lib/python3.7/site-packages/airflow/example_dags/tutorial_taskflow_api_virtualenv.py
[2024-08-02T05:54:58.247+0000] {logging_mixin.py:120} INFO - [2024-08-02T05:54:58.247+0000] {dag.py:2585} INFO - Sync 1 DAGs
[2024-08-02T05:54:58.267+0000] {logging_mixin.py:120} INFO - [2024-08-02T05:54:58.267+0000] {dag.py:3340} INFO - Setting next_dagrun for tutorial_taskflow_api_virtualenv to None, run_after=None
[2024-08-02T05:54:58.284+0000] {processor.py:176} INFO - Processing /home/airflow/.local/lib/python3.7/site-packages/airflow/example_dags/tutorial_taskflow_api_virtualenv.py took 0.089 seconds
[2024-08-02T05:55:28.668+0000] {processor.py:154} INFO - Started process (PID=4181) to work on /home/airflow/.local/lib/python3.7/site-packages/airflow/example_dags/tutorial_taskflow_api_virtualenv.py
[2024-08-02T05:55:28.669+0000] {processor.py:756} INFO - Processing file /home/airflow/.local/lib/python3.7/site-packages/airflow/example_dags/tutorial_taskflow_api_virtualenv.py for tasks to queue
[2024-08-02T05:55:28.670+0000] {logging_mixin.py:120} INFO - [2024-08-02T05:55:28.670+0000] {dagbag.py:537} INFO - Filling up the DagBag from /home/airflow/.local/lib/python3.7/site-packages/airflow/example_dags/tutorial_taskflow_api_virtualenv.py
[2024-08-02T05:55:28.686+0000] {processor.py:766} INFO - DAG(s) dict_keys(['tutorial_taskflow_api_virtualenv']) retrieved from /home/airflow/.local/lib/python3.7/site-packages/airflow/example_dags/tutorial_taskflow_api_virtualenv.py
[2024-08-02T05:55:28.721+0000] {logging_mixin.py:120} INFO - [2024-08-02T05:55:28.721+0000] {dag.py:2585} INFO - Sync 1 DAGs
[2024-08-02T05:55:28.742+0000] {logging_mixin.py:120} INFO - [2024-08-02T05:55:28.741+0000] {dag.py:3340} INFO - Setting next_dagrun for tutorial_taskflow_api_virtualenv to None, run_after=None
[2024-08-02T05:55:28.761+0000] {processor.py:176} INFO - Processing /home/airflow/.local/lib/python3.7/site-packages/airflow/example_dags/tutorial_taskflow_api_virtualenv.py took 0.096 seconds
[2024-08-02T05:55:59.919+0000] {processor.py:154} INFO - Started process (PID=4243) to work on /home/airflow/.local/lib/python3.7/site-packages/airflow/example_dags/tutorial_taskflow_api_virtualenv.py
[2024-08-02T05:55:59.920+0000] {processor.py:756} INFO - Processing file /home/airflow/.local/lib/python3.7/site-packages/airflow/example_dags/tutorial_taskflow_api_virtualenv.py for tasks to queue
[2024-08-02T05:55:59.921+0000] {logging_mixin.py:120} INFO - [2024-08-02T05:55:59.921+0000] {dagbag.py:537} INFO - Filling up the DagBag from /home/airflow/.local/lib/python3.7/site-packages/airflow/example_dags/tutorial_taskflow_api_virtualenv.py
[2024-08-02T05:55:59.945+0000] {processor.py:766} INFO - DAG(s) dict_keys(['tutorial_taskflow_api_virtualenv']) retrieved from /home/airflow/.local/lib/python3.7/site-packages/airflow/example_dags/tutorial_taskflow_api_virtualenv.py
[2024-08-02T05:55:59.997+0000] {logging_mixin.py:120} INFO - [2024-08-02T05:55:59.997+0000] {dag.py:2585} INFO - Sync 1 DAGs
[2024-08-02T05:56:00.030+0000] {logging_mixin.py:120} INFO - [2024-08-02T05:56:00.030+0000] {dag.py:3340} INFO - Setting next_dagrun for tutorial_taskflow_api_virtualenv to None, run_after=None
[2024-08-02T05:56:00.064+0000] {processor.py:176} INFO - Processing /home/airflow/.local/lib/python3.7/site-packages/airflow/example_dags/tutorial_taskflow_api_virtualenv.py took 0.149 seconds
[2024-08-02T05:56:30.411+0000] {processor.py:154} INFO - Started process (PID=4308) to work on /home/airflow/.local/lib/python3.7/site-packages/airflow/example_dags/tutorial_taskflow_api_virtualenv.py
[2024-08-02T05:56:30.412+0000] {processor.py:756} INFO - Processing file /home/airflow/.local/lib/python3.7/site-packages/airflow/example_dags/tutorial_taskflow_api_virtualenv.py for tasks to queue
[2024-08-02T05:56:30.413+0000] {logging_mixin.py:120} INFO - [2024-08-02T05:56:30.413+0000] {dagbag.py:537} INFO - Filling up the DagBag from /home/airflow/.local/lib/python3.7/site-packages/airflow/example_dags/tutorial_taskflow_api_virtualenv.py
[2024-08-02T05:56:30.429+0000] {processor.py:766} INFO - DAG(s) dict_keys(['tutorial_taskflow_api_virtualenv']) retrieved from /home/airflow/.local/lib/python3.7/site-packages/airflow/example_dags/tutorial_taskflow_api_virtualenv.py
[2024-08-02T05:56:30.481+0000] {logging_mixin.py:120} INFO - [2024-08-02T05:56:30.481+0000] {dag.py:2585} INFO - Sync 1 DAGs
[2024-08-02T05:56:30.507+0000] {logging_mixin.py:120} INFO - [2024-08-02T05:56:30.507+0000] {dag.py:3340} INFO - Setting next_dagrun for tutorial_taskflow_api_virtualenv to None, run_after=None
[2024-08-02T05:56:30.529+0000] {processor.py:176} INFO - Processing /home/airflow/.local/lib/python3.7/site-packages/airflow/example_dags/tutorial_taskflow_api_virtualenv.py took 0.121 seconds
[2024-08-02T05:57:01.646+0000] {processor.py:154} INFO - Started process (PID=4373) to work on /home/airflow/.local/lib/python3.7/site-packages/airflow/example_dags/tutorial_taskflow_api_virtualenv.py
[2024-08-02T05:57:01.647+0000] {processor.py:756} INFO - Processing file /home/airflow/.local/lib/python3.7/site-packages/airflow/example_dags/tutorial_taskflow_api_virtualenv.py for tasks to queue
[2024-08-02T05:57:01.648+0000] {logging_mixin.py:120} INFO - [2024-08-02T05:57:01.648+0000] {dagbag.py:537} INFO - Filling up the DagBag from /home/airflow/.local/lib/python3.7/site-packages/airflow/example_dags/tutorial_taskflow_api_virtualenv.py
[2024-08-02T05:57:01.667+0000] {processor.py:766} INFO - DAG(s) dict_keys(['tutorial_taskflow_api_virtualenv']) retrieved from /home/airflow/.local/lib/python3.7/site-packages/airflow/example_dags/tutorial_taskflow_api_virtualenv.py
[2024-08-02T05:57:01.697+0000] {logging_mixin.py:120} INFO - [2024-08-02T05:57:01.697+0000] {dag.py:2585} INFO - Sync 1 DAGs
[2024-08-02T05:57:01.716+0000] {logging_mixin.py:120} INFO - [2024-08-02T05:57:01.715+0000] {dag.py:3340} INFO - Setting next_dagrun for tutorial_taskflow_api_virtualenv to None, run_after=None
[2024-08-02T05:57:01.732+0000] {processor.py:176} INFO - Processing /home/airflow/.local/lib/python3.7/site-packages/airflow/example_dags/tutorial_taskflow_api_virtualenv.py took 0.089 seconds
[2024-08-02T05:57:32.735+0000] {processor.py:154} INFO - Started process (PID=4437) to work on /home/airflow/.local/lib/python3.7/site-packages/airflow/example_dags/tutorial_taskflow_api_virtualenv.py
[2024-08-02T05:57:32.737+0000] {processor.py:756} INFO - Processing file /home/airflow/.local/lib/python3.7/site-packages/airflow/example_dags/tutorial_taskflow_api_virtualenv.py for tasks to queue
[2024-08-02T05:57:32.746+0000] {logging_mixin.py:120} INFO - [2024-08-02T05:57:32.746+0000] {dagbag.py:537} INFO - Filling up the DagBag from /home/airflow/.local/lib/python3.7/site-packages/airflow/example_dags/tutorial_taskflow_api_virtualenv.py
[2024-08-02T05:57:32.767+0000] {processor.py:766} INFO - DAG(s) dict_keys(['tutorial_taskflow_api_virtualenv']) retrieved from /home/airflow/.local/lib/python3.7/site-packages/airflow/example_dags/tutorial_taskflow_api_virtualenv.py
[2024-08-02T05:57:32.808+0000] {logging_mixin.py:120} INFO - [2024-08-02T05:57:32.808+0000] {dag.py:2585} INFO - Sync 1 DAGs
[2024-08-02T05:57:32.833+0000] {logging_mixin.py:120} INFO - [2024-08-02T05:57:32.833+0000] {dag.py:3340} INFO - Setting next_dagrun for tutorial_taskflow_api_virtualenv to None, run_after=None
[2024-08-02T05:57:32.860+0000] {processor.py:176} INFO - Processing /home/airflow/.local/lib/python3.7/site-packages/airflow/example_dags/tutorial_taskflow_api_virtualenv.py took 0.128 seconds
[2024-08-02T05:58:03.151+0000] {processor.py:154} INFO - Started process (PID=4493) to work on /home/airflow/.local/lib/python3.7/site-packages/airflow/example_dags/tutorial_taskflow_api_virtualenv.py
[2024-08-02T05:58:03.153+0000] {processor.py:756} INFO - Processing file /home/airflow/.local/lib/python3.7/site-packages/airflow/example_dags/tutorial_taskflow_api_virtualenv.py for tasks to queue
[2024-08-02T05:58:03.154+0000] {logging_mixin.py:120} INFO - [2024-08-02T05:58:03.154+0000] {dagbag.py:537} INFO - Filling up the DagBag from /home/airflow/.local/lib/python3.7/site-packages/airflow/example_dags/tutorial_taskflow_api_virtualenv.py
[2024-08-02T05:58:03.180+0000] {processor.py:766} INFO - DAG(s) dict_keys(['tutorial_taskflow_api_virtualenv']) retrieved from /home/airflow/.local/lib/python3.7/site-packages/airflow/example_dags/tutorial_taskflow_api_virtualenv.py
[2024-08-02T05:58:03.221+0000] {logging_mixin.py:120} INFO - [2024-08-02T05:58:03.220+0000] {dag.py:2585} INFO - Sync 1 DAGs
[2024-08-02T05:58:03.248+0000] {logging_mixin.py:120} INFO - [2024-08-02T05:58:03.248+0000] {dag.py:3340} INFO - Setting next_dagrun for tutorial_taskflow_api_virtualenv to None, run_after=None
[2024-08-02T05:58:03.281+0000] {processor.py:176} INFO - Processing /home/airflow/.local/lib/python3.7/site-packages/airflow/example_dags/tutorial_taskflow_api_virtualenv.py took 0.133 seconds
[2024-08-02T05:58:33.869+0000] {processor.py:154} INFO - Started process (PID=4559) to work on /home/airflow/.local/lib/python3.7/site-packages/airflow/example_dags/tutorial_taskflow_api_virtualenv.py
[2024-08-02T05:58:33.870+0000] {processor.py:756} INFO - Processing file /home/airflow/.local/lib/python3.7/site-packages/airflow/example_dags/tutorial_taskflow_api_virtualenv.py for tasks to queue
[2024-08-02T05:58:33.871+0000] {logging_mixin.py:120} INFO - [2024-08-02T05:58:33.871+0000] {dagbag.py:537} INFO - Filling up the DagBag from /home/airflow/.local/lib/python3.7/site-packages/airflow/example_dags/tutorial_taskflow_api_virtualenv.py
[2024-08-02T05:58:33.887+0000] {processor.py:766} INFO - DAG(s) dict_keys(['tutorial_taskflow_api_virtualenv']) retrieved from /home/airflow/.local/lib/python3.7/site-packages/airflow/example_dags/tutorial_taskflow_api_virtualenv.py
[2024-08-02T05:58:33.920+0000] {logging_mixin.py:120} INFO - [2024-08-02T05:58:33.920+0000] {dag.py:2585} INFO - Sync 1 DAGs
[2024-08-02T05:58:33.938+0000] {logging_mixin.py:120} INFO - [2024-08-02T05:58:33.938+0000] {dag.py:3340} INFO - Setting next_dagrun for tutorial_taskflow_api_virtualenv to None, run_after=None
[2024-08-02T05:58:33.957+0000] {processor.py:176} INFO - Processing /home/airflow/.local/lib/python3.7/site-packages/airflow/example_dags/tutorial_taskflow_api_virtualenv.py took 0.090 seconds
[2024-08-02T05:59:04.791+0000] {processor.py:154} INFO - Started process (PID=4623) to work on /home/airflow/.local/lib/python3.7/site-packages/airflow/example_dags/tutorial_taskflow_api_virtualenv.py
[2024-08-02T05:59:04.793+0000] {processor.py:756} INFO - Processing file /home/airflow/.local/lib/python3.7/site-packages/airflow/example_dags/tutorial_taskflow_api_virtualenv.py for tasks to queue
[2024-08-02T05:59:04.794+0000] {logging_mixin.py:120} INFO - [2024-08-02T05:59:04.794+0000] {dagbag.py:537} INFO - Filling up the DagBag from /home/airflow/.local/lib/python3.7/site-packages/airflow/example_dags/tutorial_taskflow_api_virtualenv.py
[2024-08-02T05:59:04.811+0000] {processor.py:766} INFO - DAG(s) dict_keys(['tutorial_taskflow_api_virtualenv']) retrieved from /home/airflow/.local/lib/python3.7/site-packages/airflow/example_dags/tutorial_taskflow_api_virtualenv.py
[2024-08-02T05:59:04.847+0000] {logging_mixin.py:120} INFO - [2024-08-02T05:59:04.847+0000] {dag.py:2585} INFO - Sync 1 DAGs
[2024-08-02T05:59:04.867+0000] {logging_mixin.py:120} INFO - [2024-08-02T05:59:04.867+0000] {dag.py:3340} INFO - Setting next_dagrun for tutorial_taskflow_api_virtualenv to None, run_after=None
[2024-08-02T05:59:04.895+0000] {processor.py:176} INFO - Processing /home/airflow/.local/lib/python3.7/site-packages/airflow/example_dags/tutorial_taskflow_api_virtualenv.py took 0.112 seconds
[2024-08-02T05:59:35.853+0000] {processor.py:154} INFO - Started process (PID=4688) to work on /home/airflow/.local/lib/python3.7/site-packages/airflow/example_dags/tutorial_taskflow_api_virtualenv.py
[2024-08-02T05:59:35.854+0000] {processor.py:756} INFO - Processing file /home/airflow/.local/lib/python3.7/site-packages/airflow/example_dags/tutorial_taskflow_api_virtualenv.py for tasks to queue
[2024-08-02T05:59:35.856+0000] {logging_mixin.py:120} INFO - [2024-08-02T05:59:35.856+0000] {dagbag.py:537} INFO - Filling up the DagBag from /home/airflow/.local/lib/python3.7/site-packages/airflow/example_dags/tutorial_taskflow_api_virtualenv.py
[2024-08-02T05:59:35.883+0000] {processor.py:766} INFO - DAG(s) dict_keys(['tutorial_taskflow_api_virtualenv']) retrieved from /home/airflow/.local/lib/python3.7/site-packages/airflow/example_dags/tutorial_taskflow_api_virtualenv.py
[2024-08-02T05:59:35.933+0000] {logging_mixin.py:120} INFO - [2024-08-02T05:59:35.932+0000] {dag.py:2585} INFO - Sync 1 DAGs
[2024-08-02T05:59:35.962+0000] {logging_mixin.py:120} INFO - [2024-08-02T05:59:35.962+0000] {dag.py:3340} INFO - Setting next_dagrun for tutorial_taskflow_api_virtualenv to None, run_after=None
[2024-08-02T05:59:35.989+0000] {processor.py:176} INFO - Processing /home/airflow/.local/lib/python3.7/site-packages/airflow/example_dags/tutorial_taskflow_api_virtualenv.py took 0.139 seconds
[2024-08-02T06:00:06.354+0000] {processor.py:154} INFO - Started process (PID=4744) to work on /home/airflow/.local/lib/python3.7/site-packages/airflow/example_dags/tutorial_taskflow_api_virtualenv.py
[2024-08-02T06:00:06.356+0000] {processor.py:756} INFO - Processing file /home/airflow/.local/lib/python3.7/site-packages/airflow/example_dags/tutorial_taskflow_api_virtualenv.py for tasks to queue
[2024-08-02T06:00:06.357+0000] {logging_mixin.py:120} INFO - [2024-08-02T06:00:06.357+0000] {dagbag.py:537} INFO - Filling up the DagBag from /home/airflow/.local/lib/python3.7/site-packages/airflow/example_dags/tutorial_taskflow_api_virtualenv.py
[2024-08-02T06:00:06.376+0000] {processor.py:766} INFO - DAG(s) dict_keys(['tutorial_taskflow_api_virtualenv']) retrieved from /home/airflow/.local/lib/python3.7/site-packages/airflow/example_dags/tutorial_taskflow_api_virtualenv.py
[2024-08-02T06:00:06.414+0000] {logging_mixin.py:120} INFO - [2024-08-02T06:00:06.413+0000] {dag.py:2585} INFO - Sync 1 DAGs
[2024-08-02T06:00:06.434+0000] {logging_mixin.py:120} INFO - [2024-08-02T06:00:06.434+0000] {dag.py:3340} INFO - Setting next_dagrun for tutorial_taskflow_api_virtualenv to None, run_after=None
[2024-08-02T06:00:06.461+0000] {processor.py:176} INFO - Processing /home/airflow/.local/lib/python3.7/site-packages/airflow/example_dags/tutorial_taskflow_api_virtualenv.py took 0.110 seconds
[2024-08-02T06:00:36.872+0000] {processor.py:154} INFO - Started process (PID=4809) to work on /home/airflow/.local/lib/python3.7/site-packages/airflow/example_dags/tutorial_taskflow_api_virtualenv.py
[2024-08-02T06:00:36.873+0000] {processor.py:756} INFO - Processing file /home/airflow/.local/lib/python3.7/site-packages/airflow/example_dags/tutorial_taskflow_api_virtualenv.py for tasks to queue
[2024-08-02T06:00:36.874+0000] {logging_mixin.py:120} INFO - [2024-08-02T06:00:36.874+0000] {dagbag.py:537} INFO - Filling up the DagBag from /home/airflow/.local/lib/python3.7/site-packages/airflow/example_dags/tutorial_taskflow_api_virtualenv.py
[2024-08-02T06:00:36.897+0000] {processor.py:766} INFO - DAG(s) dict_keys(['tutorial_taskflow_api_virtualenv']) retrieved from /home/airflow/.local/lib/python3.7/site-packages/airflow/example_dags/tutorial_taskflow_api_virtualenv.py
[2024-08-02T06:00:36.943+0000] {logging_mixin.py:120} INFO - [2024-08-02T06:00:36.943+0000] {dag.py:2585} INFO - Sync 1 DAGs
[2024-08-02T06:00:36.969+0000] {logging_mixin.py:120} INFO - [2024-08-02T06:00:36.969+0000] {dag.py:3340} INFO - Setting next_dagrun for tutorial_taskflow_api_virtualenv to None, run_after=None
[2024-08-02T06:00:36.997+0000] {processor.py:176} INFO - Processing /home/airflow/.local/lib/python3.7/site-packages/airflow/example_dags/tutorial_taskflow_api_virtualenv.py took 0.128 seconds
[2024-08-02T06:01:07.418+0000] {processor.py:154} INFO - Started process (PID=4874) to work on /home/airflow/.local/lib/python3.7/site-packages/airflow/example_dags/tutorial_taskflow_api_virtualenv.py
[2024-08-02T06:01:07.420+0000] {processor.py:756} INFO - Processing file /home/airflow/.local/lib/python3.7/site-packages/airflow/example_dags/tutorial_taskflow_api_virtualenv.py for tasks to queue
[2024-08-02T06:01:07.421+0000] {logging_mixin.py:120} INFO - [2024-08-02T06:01:07.421+0000] {dagbag.py:537} INFO - Filling up the DagBag from /home/airflow/.local/lib/python3.7/site-packages/airflow/example_dags/tutorial_taskflow_api_virtualenv.py
[2024-08-02T06:01:07.444+0000] {processor.py:766} INFO - DAG(s) dict_keys(['tutorial_taskflow_api_virtualenv']) retrieved from /home/airflow/.local/lib/python3.7/site-packages/airflow/example_dags/tutorial_taskflow_api_virtualenv.py
[2024-08-02T06:01:07.484+0000] {logging_mixin.py:120} INFO - [2024-08-02T06:01:07.484+0000] {dag.py:2585} INFO - Sync 1 DAGs
[2024-08-02T06:01:07.505+0000] {logging_mixin.py:120} INFO - [2024-08-02T06:01:07.505+0000] {dag.py:3340} INFO - Setting next_dagrun for tutorial_taskflow_api_virtualenv to None, run_after=None
[2024-08-02T06:01:07.526+0000] {processor.py:176} INFO - Processing /home/airflow/.local/lib/python3.7/site-packages/airflow/example_dags/tutorial_taskflow_api_virtualenv.py took 0.111 seconds
[2024-08-02T06:01:37.765+0000] {processor.py:154} INFO - Started process (PID=4940) to work on /home/airflow/.local/lib/python3.7/site-packages/airflow/example_dags/tutorial_taskflow_api_virtualenv.py
[2024-08-02T06:01:37.766+0000] {processor.py:756} INFO - Processing file /home/airflow/.local/lib/python3.7/site-packages/airflow/example_dags/tutorial_taskflow_api_virtualenv.py for tasks to queue
[2024-08-02T06:01:37.767+0000] {logging_mixin.py:120} INFO - [2024-08-02T06:01:37.767+0000] {dagbag.py:537} INFO - Filling up the DagBag from /home/airflow/.local/lib/python3.7/site-packages/airflow/example_dags/tutorial_taskflow_api_virtualenv.py
[2024-08-02T06:01:37.782+0000] {processor.py:766} INFO - DAG(s) dict_keys(['tutorial_taskflow_api_virtualenv']) retrieved from /home/airflow/.local/lib/python3.7/site-packages/airflow/example_dags/tutorial_taskflow_api_virtualenv.py
[2024-08-02T06:01:37.814+0000] {logging_mixin.py:120} INFO - [2024-08-02T06:01:37.814+0000] {dag.py:2585} INFO - Sync 1 DAGs
[2024-08-02T06:01:37.834+0000] {logging_mixin.py:120} INFO - [2024-08-02T06:01:37.834+0000] {dag.py:3340} INFO - Setting next_dagrun for tutorial_taskflow_api_virtualenv to None, run_after=None
[2024-08-02T06:01:37.851+0000] {processor.py:176} INFO - Processing /home/airflow/.local/lib/python3.7/site-packages/airflow/example_dags/tutorial_taskflow_api_virtualenv.py took 0.088 seconds
[2024-08-02T06:02:08.409+0000] {processor.py:154} INFO - Started process (PID=5003) to work on /home/airflow/.local/lib/python3.7/site-packages/airflow/example_dags/tutorial_taskflow_api_virtualenv.py
[2024-08-02T06:02:08.411+0000] {processor.py:756} INFO - Processing file /home/airflow/.local/lib/python3.7/site-packages/airflow/example_dags/tutorial_taskflow_api_virtualenv.py for tasks to queue
[2024-08-02T06:02:08.412+0000] {logging_mixin.py:120} INFO - [2024-08-02T06:02:08.412+0000] {dagbag.py:537} INFO - Filling up the DagBag from /home/airflow/.local/lib/python3.7/site-packages/airflow/example_dags/tutorial_taskflow_api_virtualenv.py
[2024-08-02T06:02:08.429+0000] {processor.py:766} INFO - DAG(s) dict_keys(['tutorial_taskflow_api_virtualenv']) retrieved from /home/airflow/.local/lib/python3.7/site-packages/airflow/example_dags/tutorial_taskflow_api_virtualenv.py
[2024-08-02T06:02:08.472+0000] {logging_mixin.py:120} INFO - [2024-08-02T06:02:08.472+0000] {dag.py:2585} INFO - Sync 1 DAGs
[2024-08-02T06:02:08.502+0000] {logging_mixin.py:120} INFO - [2024-08-02T06:02:08.501+0000] {dag.py:3340} INFO - Setting next_dagrun for tutorial_taskflow_api_virtualenv to None, run_after=None
[2024-08-02T06:02:08.528+0000] {processor.py:176} INFO - Processing /home/airflow/.local/lib/python3.7/site-packages/airflow/example_dags/tutorial_taskflow_api_virtualenv.py took 0.123 seconds
[2024-08-02T06:02:39.714+0000] {processor.py:154} INFO - Started process (PID=5062) to work on /home/airflow/.local/lib/python3.7/site-packages/airflow/example_dags/tutorial_taskflow_api_virtualenv.py
[2024-08-02T06:02:39.716+0000] {processor.py:756} INFO - Processing file /home/airflow/.local/lib/python3.7/site-packages/airflow/example_dags/tutorial_taskflow_api_virtualenv.py for tasks to queue
[2024-08-02T06:02:39.723+0000] {logging_mixin.py:120} INFO - [2024-08-02T06:02:39.723+0000] {dagbag.py:537} INFO - Filling up the DagBag from /home/airflow/.local/lib/python3.7/site-packages/airflow/example_dags/tutorial_taskflow_api_virtualenv.py
[2024-08-02T06:02:39.743+0000] {processor.py:766} INFO - DAG(s) dict_keys(['tutorial_taskflow_api_virtualenv']) retrieved from /home/airflow/.local/lib/python3.7/site-packages/airflow/example_dags/tutorial_taskflow_api_virtualenv.py
[2024-08-02T06:02:39.782+0000] {logging_mixin.py:120} INFO - [2024-08-02T06:02:39.782+0000] {dag.py:2585} INFO - Sync 1 DAGs
[2024-08-02T06:02:39.810+0000] {logging_mixin.py:120} INFO - [2024-08-02T06:02:39.809+0000] {dag.py:3340} INFO - Setting next_dagrun for tutorial_taskflow_api_virtualenv to None, run_after=None
[2024-08-02T06:02:39.831+0000] {processor.py:176} INFO - Processing /home/airflow/.local/lib/python3.7/site-packages/airflow/example_dags/tutorial_taskflow_api_virtualenv.py took 0.119 seconds
[2024-08-02T06:03:09.961+0000] {processor.py:154} INFO - Started process (PID=5128) to work on /home/airflow/.local/lib/python3.7/site-packages/airflow/example_dags/tutorial_taskflow_api_virtualenv.py
[2024-08-02T06:03:09.962+0000] {processor.py:756} INFO - Processing file /home/airflow/.local/lib/python3.7/site-packages/airflow/example_dags/tutorial_taskflow_api_virtualenv.py for tasks to queue
[2024-08-02T06:03:09.963+0000] {logging_mixin.py:120} INFO - [2024-08-02T06:03:09.962+0000] {dagbag.py:537} INFO - Filling up the DagBag from /home/airflow/.local/lib/python3.7/site-packages/airflow/example_dags/tutorial_taskflow_api_virtualenv.py
[2024-08-02T06:03:09.978+0000] {processor.py:766} INFO - DAG(s) dict_keys(['tutorial_taskflow_api_virtualenv']) retrieved from /home/airflow/.local/lib/python3.7/site-packages/airflow/example_dags/tutorial_taskflow_api_virtualenv.py
[2024-08-02T06:03:10.015+0000] {logging_mixin.py:120} INFO - [2024-08-02T06:03:10.014+0000] {dag.py:2585} INFO - Sync 1 DAGs
[2024-08-02T06:03:10.035+0000] {logging_mixin.py:120} INFO - [2024-08-02T06:03:10.035+0000] {dag.py:3340} INFO - Setting next_dagrun for tutorial_taskflow_api_virtualenv to None, run_after=None
[2024-08-02T06:03:10.056+0000] {processor.py:176} INFO - Processing /home/airflow/.local/lib/python3.7/site-packages/airflow/example_dags/tutorial_taskflow_api_virtualenv.py took 0.097 seconds
[2024-08-02T06:03:40.503+0000] {processor.py:154} INFO - Started process (PID=5194) to work on /home/airflow/.local/lib/python3.7/site-packages/airflow/example_dags/tutorial_taskflow_api_virtualenv.py
[2024-08-02T06:03:40.504+0000] {processor.py:756} INFO - Processing file /home/airflow/.local/lib/python3.7/site-packages/airflow/example_dags/tutorial_taskflow_api_virtualenv.py for tasks to queue
[2024-08-02T06:03:40.505+0000] {logging_mixin.py:120} INFO - [2024-08-02T06:03:40.505+0000] {dagbag.py:537} INFO - Filling up the DagBag from /home/airflow/.local/lib/python3.7/site-packages/airflow/example_dags/tutorial_taskflow_api_virtualenv.py
[2024-08-02T06:03:40.523+0000] {processor.py:766} INFO - DAG(s) dict_keys(['tutorial_taskflow_api_virtualenv']) retrieved from /home/airflow/.local/lib/python3.7/site-packages/airflow/example_dags/tutorial_taskflow_api_virtualenv.py
[2024-08-02T06:03:40.555+0000] {logging_mixin.py:120} INFO - [2024-08-02T06:03:40.555+0000] {dag.py:2585} INFO - Sync 1 DAGs
[2024-08-02T06:03:40.575+0000] {logging_mixin.py:120} INFO - [2024-08-02T06:03:40.575+0000] {dag.py:3340} INFO - Setting next_dagrun for tutorial_taskflow_api_virtualenv to None, run_after=None
[2024-08-02T06:03:40.593+0000] {processor.py:176} INFO - Processing /home/airflow/.local/lib/python3.7/site-packages/airflow/example_dags/tutorial_taskflow_api_virtualenv.py took 0.093 seconds
[2024-08-02T06:04:10.940+0000] {processor.py:154} INFO - Started process (PID=5258) to work on /home/airflow/.local/lib/python3.7/site-packages/airflow/example_dags/tutorial_taskflow_api_virtualenv.py
[2024-08-02T06:04:10.941+0000] {processor.py:756} INFO - Processing file /home/airflow/.local/lib/python3.7/site-packages/airflow/example_dags/tutorial_taskflow_api_virtualenv.py for tasks to queue
[2024-08-02T06:04:10.942+0000] {logging_mixin.py:120} INFO - [2024-08-02T06:04:10.942+0000] {dagbag.py:537} INFO - Filling up the DagBag from /home/airflow/.local/lib/python3.7/site-packages/airflow/example_dags/tutorial_taskflow_api_virtualenv.py
[2024-08-02T06:04:10.962+0000] {processor.py:766} INFO - DAG(s) dict_keys(['tutorial_taskflow_api_virtualenv']) retrieved from /home/airflow/.local/lib/python3.7/site-packages/airflow/example_dags/tutorial_taskflow_api_virtualenv.py
[2024-08-02T06:04:11.003+0000] {logging_mixin.py:120} INFO - [2024-08-02T06:04:11.003+0000] {dag.py:2585} INFO - Sync 1 DAGs
[2024-08-02T06:04:11.025+0000] {logging_mixin.py:120} INFO - [2024-08-02T06:04:11.025+0000] {dag.py:3340} INFO - Setting next_dagrun for tutorial_taskflow_api_virtualenv to None, run_after=None
[2024-08-02T06:04:11.045+0000] {processor.py:176} INFO - Processing /home/airflow/.local/lib/python3.7/site-packages/airflow/example_dags/tutorial_taskflow_api_virtualenv.py took 0.111 seconds
[2024-08-02T06:04:42.151+0000] {processor.py:154} INFO - Started process (PID=5315) to work on /home/airflow/.local/lib/python3.7/site-packages/airflow/example_dags/tutorial_taskflow_api_virtualenv.py
[2024-08-02T06:04:42.152+0000] {processor.py:756} INFO - Processing file /home/airflow/.local/lib/python3.7/site-packages/airflow/example_dags/tutorial_taskflow_api_virtualenv.py for tasks to queue
[2024-08-02T06:04:42.153+0000] {logging_mixin.py:120} INFO - [2024-08-02T06:04:42.153+0000] {dagbag.py:537} INFO - Filling up the DagBag from /home/airflow/.local/lib/python3.7/site-packages/airflow/example_dags/tutorial_taskflow_api_virtualenv.py
[2024-08-02T06:04:42.168+0000] {processor.py:766} INFO - DAG(s) dict_keys(['tutorial_taskflow_api_virtualenv']) retrieved from /home/airflow/.local/lib/python3.7/site-packages/airflow/example_dags/tutorial_taskflow_api_virtualenv.py
[2024-08-02T06:04:42.196+0000] {logging_mixin.py:120} INFO - [2024-08-02T06:04:42.196+0000] {dag.py:2585} INFO - Sync 1 DAGs
[2024-08-02T06:04:42.216+0000] {logging_mixin.py:120} INFO - [2024-08-02T06:04:42.215+0000] {dag.py:3340} INFO - Setting next_dagrun for tutorial_taskflow_api_virtualenv to None, run_after=None
[2024-08-02T06:04:42.240+0000] {processor.py:176} INFO - Processing /home/airflow/.local/lib/python3.7/site-packages/airflow/example_dags/tutorial_taskflow_api_virtualenv.py took 0.090 seconds
[2024-08-02T06:05:12.923+0000] {processor.py:154} INFO - Started process (PID=5380) to work on /home/airflow/.local/lib/python3.7/site-packages/airflow/example_dags/tutorial_taskflow_api_virtualenv.py
[2024-08-02T06:05:12.924+0000] {processor.py:756} INFO - Processing file /home/airflow/.local/lib/python3.7/site-packages/airflow/example_dags/tutorial_taskflow_api_virtualenv.py for tasks to queue
[2024-08-02T06:05:12.925+0000] {logging_mixin.py:120} INFO - [2024-08-02T06:05:12.925+0000] {dagbag.py:537} INFO - Filling up the DagBag from /home/airflow/.local/lib/python3.7/site-packages/airflow/example_dags/tutorial_taskflow_api_virtualenv.py
[2024-08-02T06:05:12.949+0000] {processor.py:766} INFO - DAG(s) dict_keys(['tutorial_taskflow_api_virtualenv']) retrieved from /home/airflow/.local/lib/python3.7/site-packages/airflow/example_dags/tutorial_taskflow_api_virtualenv.py
[2024-08-02T06:05:12.997+0000] {logging_mixin.py:120} INFO - [2024-08-02T06:05:12.997+0000] {dag.py:2585} INFO - Sync 1 DAGs
[2024-08-02T06:05:13.027+0000] {logging_mixin.py:120} INFO - [2024-08-02T06:05:13.027+0000] {dag.py:3340} INFO - Setting next_dagrun for tutorial_taskflow_api_virtualenv to None, run_after=None
[2024-08-02T06:05:13.069+0000] {processor.py:176} INFO - Processing /home/airflow/.local/lib/python3.7/site-packages/airflow/example_dags/tutorial_taskflow_api_virtualenv.py took 0.149 seconds
[2024-08-02T06:05:43.703+0000] {processor.py:154} INFO - Started process (PID=5444) to work on /home/airflow/.local/lib/python3.7/site-packages/airflow/example_dags/tutorial_taskflow_api_virtualenv.py
[2024-08-02T06:05:43.704+0000] {processor.py:756} INFO - Processing file /home/airflow/.local/lib/python3.7/site-packages/airflow/example_dags/tutorial_taskflow_api_virtualenv.py for tasks to queue
[2024-08-02T06:05:43.706+0000] {logging_mixin.py:120} INFO - [2024-08-02T06:05:43.705+0000] {dagbag.py:537} INFO - Filling up the DagBag from /home/airflow/.local/lib/python3.7/site-packages/airflow/example_dags/tutorial_taskflow_api_virtualenv.py
[2024-08-02T06:05:43.730+0000] {processor.py:766} INFO - DAG(s) dict_keys(['tutorial_taskflow_api_virtualenv']) retrieved from /home/airflow/.local/lib/python3.7/site-packages/airflow/example_dags/tutorial_taskflow_api_virtualenv.py
[2024-08-02T06:05:43.782+0000] {logging_mixin.py:120} INFO - [2024-08-02T06:05:43.782+0000] {dag.py:2585} INFO - Sync 1 DAGs
[2024-08-02T06:05:43.822+0000] {logging_mixin.py:120} INFO - [2024-08-02T06:05:43.821+0000] {dag.py:3340} INFO - Setting next_dagrun for tutorial_taskflow_api_virtualenv to None, run_after=None
[2024-08-02T06:05:43.858+0000] {processor.py:176} INFO - Processing /home/airflow/.local/lib/python3.7/site-packages/airflow/example_dags/tutorial_taskflow_api_virtualenv.py took 0.158 seconds
[2024-08-02T06:06:14.278+0000] {processor.py:154} INFO - Started process (PID=5509) to work on /home/airflow/.local/lib/python3.7/site-packages/airflow/example_dags/tutorial_taskflow_api_virtualenv.py
[2024-08-02T06:06:14.279+0000] {processor.py:756} INFO - Processing file /home/airflow/.local/lib/python3.7/site-packages/airflow/example_dags/tutorial_taskflow_api_virtualenv.py for tasks to queue
[2024-08-02T06:06:14.280+0000] {logging_mixin.py:120} INFO - [2024-08-02T06:06:14.280+0000] {dagbag.py:537} INFO - Filling up the DagBag from /home/airflow/.local/lib/python3.7/site-packages/airflow/example_dags/tutorial_taskflow_api_virtualenv.py
[2024-08-02T06:06:14.303+0000] {processor.py:766} INFO - DAG(s) dict_keys(['tutorial_taskflow_api_virtualenv']) retrieved from /home/airflow/.local/lib/python3.7/site-packages/airflow/example_dags/tutorial_taskflow_api_virtualenv.py
[2024-08-02T06:06:14.336+0000] {logging_mixin.py:120} INFO - [2024-08-02T06:06:14.335+0000] {dag.py:2585} INFO - Sync 1 DAGs
[2024-08-02T06:06:14.359+0000] {logging_mixin.py:120} INFO - [2024-08-02T06:06:14.359+0000] {dag.py:3340} INFO - Setting next_dagrun for tutorial_taskflow_api_virtualenv to None, run_after=None
[2024-08-02T06:06:14.380+0000] {processor.py:176} INFO - Processing /home/airflow/.local/lib/python3.7/site-packages/airflow/example_dags/tutorial_taskflow_api_virtualenv.py took 0.104 seconds
[2024-08-02T06:06:45.148+0000] {processor.py:154} INFO - Started process (PID=5575) to work on /home/airflow/.local/lib/python3.7/site-packages/airflow/example_dags/tutorial_taskflow_api_virtualenv.py
[2024-08-02T06:06:45.150+0000] {processor.py:756} INFO - Processing file /home/airflow/.local/lib/python3.7/site-packages/airflow/example_dags/tutorial_taskflow_api_virtualenv.py for tasks to queue
[2024-08-02T06:06:45.151+0000] {logging_mixin.py:120} INFO - [2024-08-02T06:06:45.151+0000] {dagbag.py:537} INFO - Filling up the DagBag from /home/airflow/.local/lib/python3.7/site-packages/airflow/example_dags/tutorial_taskflow_api_virtualenv.py
[2024-08-02T06:06:45.183+0000] {processor.py:766} INFO - DAG(s) dict_keys(['tutorial_taskflow_api_virtualenv']) retrieved from /home/airflow/.local/lib/python3.7/site-packages/airflow/example_dags/tutorial_taskflow_api_virtualenv.py
[2024-08-02T06:06:45.219+0000] {logging_mixin.py:120} INFO - [2024-08-02T06:06:45.218+0000] {dag.py:2585} INFO - Sync 1 DAGs
[2024-08-02T06:06:45.248+0000] {logging_mixin.py:120} INFO - [2024-08-02T06:06:45.248+0000] {dag.py:3340} INFO - Setting next_dagrun for tutorial_taskflow_api_virtualenv to None, run_after=None
[2024-08-02T06:06:45.269+0000] {processor.py:176} INFO - Processing /home/airflow/.local/lib/python3.7/site-packages/airflow/example_dags/tutorial_taskflow_api_virtualenv.py took 0.124 seconds
[2024-08-02T06:07:15.709+0000] {processor.py:154} INFO - Started process (PID=5632) to work on /home/airflow/.local/lib/python3.7/site-packages/airflow/example_dags/tutorial_taskflow_api_virtualenv.py
[2024-08-02T06:07:15.711+0000] {processor.py:756} INFO - Processing file /home/airflow/.local/lib/python3.7/site-packages/airflow/example_dags/tutorial_taskflow_api_virtualenv.py for tasks to queue
[2024-08-02T06:07:15.714+0000] {logging_mixin.py:120} INFO - [2024-08-02T06:07:15.713+0000] {dagbag.py:537} INFO - Filling up the DagBag from /home/airflow/.local/lib/python3.7/site-packages/airflow/example_dags/tutorial_taskflow_api_virtualenv.py
[2024-08-02T06:07:15.728+0000] {processor.py:766} INFO - DAG(s) dict_keys(['tutorial_taskflow_api_virtualenv']) retrieved from /home/airflow/.local/lib/python3.7/site-packages/airflow/example_dags/tutorial_taskflow_api_virtualenv.py
[2024-08-02T06:07:15.762+0000] {logging_mixin.py:120} INFO - [2024-08-02T06:07:15.762+0000] {dag.py:2585} INFO - Sync 1 DAGs
[2024-08-02T06:07:15.783+0000] {logging_mixin.py:120} INFO - [2024-08-02T06:07:15.783+0000] {dag.py:3340} INFO - Setting next_dagrun for tutorial_taskflow_api_virtualenv to None, run_after=None
[2024-08-02T06:07:15.808+0000] {processor.py:176} INFO - Processing /home/airflow/.local/lib/python3.7/site-packages/airflow/example_dags/tutorial_taskflow_api_virtualenv.py took 0.101 seconds
[2024-08-02T06:07:46.193+0000] {processor.py:154} INFO - Started process (PID=5697) to work on /home/airflow/.local/lib/python3.7/site-packages/airflow/example_dags/tutorial_taskflow_api_virtualenv.py
[2024-08-02T06:07:46.195+0000] {processor.py:756} INFO - Processing file /home/airflow/.local/lib/python3.7/site-packages/airflow/example_dags/tutorial_taskflow_api_virtualenv.py for tasks to queue
[2024-08-02T06:07:46.196+0000] {logging_mixin.py:120} INFO - [2024-08-02T06:07:46.196+0000] {dagbag.py:537} INFO - Filling up the DagBag from /home/airflow/.local/lib/python3.7/site-packages/airflow/example_dags/tutorial_taskflow_api_virtualenv.py
[2024-08-02T06:07:46.211+0000] {processor.py:766} INFO - DAG(s) dict_keys(['tutorial_taskflow_api_virtualenv']) retrieved from /home/airflow/.local/lib/python3.7/site-packages/airflow/example_dags/tutorial_taskflow_api_virtualenv.py
[2024-08-02T06:07:46.251+0000] {logging_mixin.py:120} INFO - [2024-08-02T06:07:46.250+0000] {dag.py:2585} INFO - Sync 1 DAGs
[2024-08-02T06:07:46.271+0000] {logging_mixin.py:120} INFO - [2024-08-02T06:07:46.271+0000] {dag.py:3340} INFO - Setting next_dagrun for tutorial_taskflow_api_virtualenv to None, run_after=None
[2024-08-02T06:07:46.292+0000] {processor.py:176} INFO - Processing /home/airflow/.local/lib/python3.7/site-packages/airflow/example_dags/tutorial_taskflow_api_virtualenv.py took 0.101 seconds
[2024-08-02T06:08:16.646+0000] {processor.py:154} INFO - Started process (PID=5761) to work on /home/airflow/.local/lib/python3.7/site-packages/airflow/example_dags/tutorial_taskflow_api_virtualenv.py
[2024-08-02T06:08:16.647+0000] {processor.py:756} INFO - Processing file /home/airflow/.local/lib/python3.7/site-packages/airflow/example_dags/tutorial_taskflow_api_virtualenv.py for tasks to queue
[2024-08-02T06:08:16.648+0000] {logging_mixin.py:120} INFO - [2024-08-02T06:08:16.648+0000] {dagbag.py:537} INFO - Filling up the DagBag from /home/airflow/.local/lib/python3.7/site-packages/airflow/example_dags/tutorial_taskflow_api_virtualenv.py
[2024-08-02T06:08:16.671+0000] {processor.py:766} INFO - DAG(s) dict_keys(['tutorial_taskflow_api_virtualenv']) retrieved from /home/airflow/.local/lib/python3.7/site-packages/airflow/example_dags/tutorial_taskflow_api_virtualenv.py
[2024-08-02T06:08:16.706+0000] {logging_mixin.py:120} INFO - [2024-08-02T06:08:16.706+0000] {dag.py:2585} INFO - Sync 1 DAGs
[2024-08-02T06:08:16.724+0000] {logging_mixin.py:120} INFO - [2024-08-02T06:08:16.724+0000] {dag.py:3340} INFO - Setting next_dagrun for tutorial_taskflow_api_virtualenv to None, run_after=None
[2024-08-02T06:08:16.745+0000] {processor.py:176} INFO - Processing /home/airflow/.local/lib/python3.7/site-packages/airflow/example_dags/tutorial_taskflow_api_virtualenv.py took 0.102 seconds
[2024-08-02T06:08:46.934+0000] {processor.py:154} INFO - Started process (PID=5826) to work on /home/airflow/.local/lib/python3.7/site-packages/airflow/example_dags/tutorial_taskflow_api_virtualenv.py
[2024-08-02T06:08:46.935+0000] {processor.py:756} INFO - Processing file /home/airflow/.local/lib/python3.7/site-packages/airflow/example_dags/tutorial_taskflow_api_virtualenv.py for tasks to queue
[2024-08-02T06:08:46.936+0000] {logging_mixin.py:120} INFO - [2024-08-02T06:08:46.936+0000] {dagbag.py:537} INFO - Filling up the DagBag from /home/airflow/.local/lib/python3.7/site-packages/airflow/example_dags/tutorial_taskflow_api_virtualenv.py
[2024-08-02T06:08:46.965+0000] {processor.py:766} INFO - DAG(s) dict_keys(['tutorial_taskflow_api_virtualenv']) retrieved from /home/airflow/.local/lib/python3.7/site-packages/airflow/example_dags/tutorial_taskflow_api_virtualenv.py
[2024-08-02T06:08:47.014+0000] {logging_mixin.py:120} INFO - [2024-08-02T06:08:47.013+0000] {dag.py:2585} INFO - Sync 1 DAGs
[2024-08-02T06:08:47.033+0000] {logging_mixin.py:120} INFO - [2024-08-02T06:08:47.033+0000] {dag.py:3340} INFO - Setting next_dagrun for tutorial_taskflow_api_virtualenv to None, run_after=None
[2024-08-02T06:08:47.057+0000] {processor.py:176} INFO - Processing /home/airflow/.local/lib/python3.7/site-packages/airflow/example_dags/tutorial_taskflow_api_virtualenv.py took 0.126 seconds
[2024-08-02T06:09:18.292+0000] {processor.py:154} INFO - Started process (PID=5882) to work on /home/airflow/.local/lib/python3.7/site-packages/airflow/example_dags/tutorial_taskflow_api_virtualenv.py
[2024-08-02T06:09:18.294+0000] {processor.py:756} INFO - Processing file /home/airflow/.local/lib/python3.7/site-packages/airflow/example_dags/tutorial_taskflow_api_virtualenv.py for tasks to queue
[2024-08-02T06:09:18.295+0000] {logging_mixin.py:120} INFO - [2024-08-02T06:09:18.295+0000] {dagbag.py:537} INFO - Filling up the DagBag from /home/airflow/.local/lib/python3.7/site-packages/airflow/example_dags/tutorial_taskflow_api_virtualenv.py
[2024-08-02T06:09:18.315+0000] {processor.py:766} INFO - DAG(s) dict_keys(['tutorial_taskflow_api_virtualenv']) retrieved from /home/airflow/.local/lib/python3.7/site-packages/airflow/example_dags/tutorial_taskflow_api_virtualenv.py
[2024-08-02T06:09:18.363+0000] {logging_mixin.py:120} INFO - [2024-08-02T06:09:18.363+0000] {dag.py:2585} INFO - Sync 1 DAGs
[2024-08-02T06:09:18.402+0000] {logging_mixin.py:120} INFO - [2024-08-02T06:09:18.402+0000] {dag.py:3340} INFO - Setting next_dagrun for tutorial_taskflow_api_virtualenv to None, run_after=None
[2024-08-02T06:09:18.438+0000] {processor.py:176} INFO - Processing /home/airflow/.local/lib/python3.7/site-packages/airflow/example_dags/tutorial_taskflow_api_virtualenv.py took 0.149 seconds
[2024-08-02T06:09:48.894+0000] {processor.py:154} INFO - Started process (PID=5947) to work on /home/airflow/.local/lib/python3.7/site-packages/airflow/example_dags/tutorial_taskflow_api_virtualenv.py
[2024-08-02T06:09:48.894+0000] {processor.py:756} INFO - Processing file /home/airflow/.local/lib/python3.7/site-packages/airflow/example_dags/tutorial_taskflow_api_virtualenv.py for tasks to queue
[2024-08-02T06:09:48.895+0000] {logging_mixin.py:120} INFO - [2024-08-02T06:09:48.895+0000] {dagbag.py:537} INFO - Filling up the DagBag from /home/airflow/.local/lib/python3.7/site-packages/airflow/example_dags/tutorial_taskflow_api_virtualenv.py
[2024-08-02T06:09:48.908+0000] {processor.py:766} INFO - DAG(s) dict_keys(['tutorial_taskflow_api_virtualenv']) retrieved from /home/airflow/.local/lib/python3.7/site-packages/airflow/example_dags/tutorial_taskflow_api_virtualenv.py
[2024-08-02T06:09:48.937+0000] {logging_mixin.py:120} INFO - [2024-08-02T06:09:48.937+0000] {dag.py:2585} INFO - Sync 1 DAGs
[2024-08-02T06:09:48.955+0000] {logging_mixin.py:120} INFO - [2024-08-02T06:09:48.955+0000] {dag.py:3340} INFO - Setting next_dagrun for tutorial_taskflow_api_virtualenv to None, run_after=None
[2024-08-02T06:09:48.973+0000] {processor.py:176} INFO - Processing /home/airflow/.local/lib/python3.7/site-packages/airflow/example_dags/tutorial_taskflow_api_virtualenv.py took 0.081 seconds
[2024-08-02T06:10:20.053+0000] {processor.py:154} INFO - Started process (PID=6012) to work on /home/airflow/.local/lib/python3.7/site-packages/airflow/example_dags/tutorial_taskflow_api_virtualenv.py
[2024-08-02T06:10:20.054+0000] {processor.py:756} INFO - Processing file /home/airflow/.local/lib/python3.7/site-packages/airflow/example_dags/tutorial_taskflow_api_virtualenv.py for tasks to queue
[2024-08-02T06:10:20.061+0000] {logging_mixin.py:120} INFO - [2024-08-02T06:10:20.061+0000] {dagbag.py:537} INFO - Filling up the DagBag from /home/airflow/.local/lib/python3.7/site-packages/airflow/example_dags/tutorial_taskflow_api_virtualenv.py
[2024-08-02T06:10:20.078+0000] {processor.py:766} INFO - DAG(s) dict_keys(['tutorial_taskflow_api_virtualenv']) retrieved from /home/airflow/.local/lib/python3.7/site-packages/airflow/example_dags/tutorial_taskflow_api_virtualenv.py
[2024-08-02T06:10:20.125+0000] {logging_mixin.py:120} INFO - [2024-08-02T06:10:20.124+0000] {dag.py:2585} INFO - Sync 1 DAGs
[2024-08-02T06:10:20.158+0000] {logging_mixin.py:120} INFO - [2024-08-02T06:10:20.158+0000] {dag.py:3340} INFO - Setting next_dagrun for tutorial_taskflow_api_virtualenv to None, run_after=None
[2024-08-02T06:10:20.187+0000] {processor.py:176} INFO - Processing /home/airflow/.local/lib/python3.7/site-packages/airflow/example_dags/tutorial_taskflow_api_virtualenv.py took 0.136 seconds
[2024-08-02T06:10:50.789+0000] {processor.py:154} INFO - Started process (PID=6077) to work on /home/airflow/.local/lib/python3.7/site-packages/airflow/example_dags/tutorial_taskflow_api_virtualenv.py
[2024-08-02T06:10:50.793+0000] {processor.py:756} INFO - Processing file /home/airflow/.local/lib/python3.7/site-packages/airflow/example_dags/tutorial_taskflow_api_virtualenv.py for tasks to queue
[2024-08-02T06:10:50.794+0000] {logging_mixin.py:120} INFO - [2024-08-02T06:10:50.794+0000] {dagbag.py:537} INFO - Filling up the DagBag from /home/airflow/.local/lib/python3.7/site-packages/airflow/example_dags/tutorial_taskflow_api_virtualenv.py
[2024-08-02T06:10:50.821+0000] {processor.py:766} INFO - DAG(s) dict_keys(['tutorial_taskflow_api_virtualenv']) retrieved from /home/airflow/.local/lib/python3.7/site-packages/airflow/example_dags/tutorial_taskflow_api_virtualenv.py
[2024-08-02T06:10:50.876+0000] {logging_mixin.py:120} INFO - [2024-08-02T06:10:50.876+0000] {dag.py:2585} INFO - Sync 1 DAGs
[2024-08-02T06:10:50.906+0000] {logging_mixin.py:120} INFO - [2024-08-02T06:10:50.906+0000] {dag.py:3340} INFO - Setting next_dagrun for tutorial_taskflow_api_virtualenv to None, run_after=None
[2024-08-02T06:10:50.940+0000] {processor.py:176} INFO - Processing /home/airflow/.local/lib/python3.7/site-packages/airflow/example_dags/tutorial_taskflow_api_virtualenv.py took 0.154 seconds
[2024-08-02T06:11:21.808+0000] {processor.py:154} INFO - Started process (PID=6142) to work on /home/airflow/.local/lib/python3.7/site-packages/airflow/example_dags/tutorial_taskflow_api_virtualenv.py
[2024-08-02T06:11:21.811+0000] {processor.py:756} INFO - Processing file /home/airflow/.local/lib/python3.7/site-packages/airflow/example_dags/tutorial_taskflow_api_virtualenv.py for tasks to queue
[2024-08-02T06:11:21.812+0000] {logging_mixin.py:120} INFO - [2024-08-02T06:11:21.812+0000] {dagbag.py:537} INFO - Filling up the DagBag from /home/airflow/.local/lib/python3.7/site-packages/airflow/example_dags/tutorial_taskflow_api_virtualenv.py
[2024-08-02T06:11:21.833+0000] {processor.py:766} INFO - DAG(s) dict_keys(['tutorial_taskflow_api_virtualenv']) retrieved from /home/airflow/.local/lib/python3.7/site-packages/airflow/example_dags/tutorial_taskflow_api_virtualenv.py
[2024-08-02T06:11:21.869+0000] {logging_mixin.py:120} INFO - [2024-08-02T06:11:21.869+0000] {dag.py:2585} INFO - Sync 1 DAGs
[2024-08-02T06:11:21.887+0000] {logging_mixin.py:120} INFO - [2024-08-02T06:11:21.887+0000] {dag.py:3340} INFO - Setting next_dagrun for tutorial_taskflow_api_virtualenv to None, run_after=None
[2024-08-02T06:11:21.903+0000] {processor.py:176} INFO - Processing /home/airflow/.local/lib/python3.7/site-packages/airflow/example_dags/tutorial_taskflow_api_virtualenv.py took 0.098 seconds
[2024-08-02T06:11:52.082+0000] {processor.py:154} INFO - Started process (PID=6197) to work on /home/airflow/.local/lib/python3.7/site-packages/airflow/example_dags/tutorial_taskflow_api_virtualenv.py
[2024-08-02T06:11:52.083+0000] {processor.py:756} INFO - Processing file /home/airflow/.local/lib/python3.7/site-packages/airflow/example_dags/tutorial_taskflow_api_virtualenv.py for tasks to queue
[2024-08-02T06:11:52.083+0000] {logging_mixin.py:120} INFO - [2024-08-02T06:11:52.083+0000] {dagbag.py:537} INFO - Filling up the DagBag from /home/airflow/.local/lib/python3.7/site-packages/airflow/example_dags/tutorial_taskflow_api_virtualenv.py
[2024-08-02T06:11:52.099+0000] {processor.py:766} INFO - DAG(s) dict_keys(['tutorial_taskflow_api_virtualenv']) retrieved from /home/airflow/.local/lib/python3.7/site-packages/airflow/example_dags/tutorial_taskflow_api_virtualenv.py
[2024-08-02T06:11:52.132+0000] {logging_mixin.py:120} INFO - [2024-08-02T06:11:52.132+0000] {dag.py:2585} INFO - Sync 1 DAGs
[2024-08-02T06:11:52.150+0000] {logging_mixin.py:120} INFO - [2024-08-02T06:11:52.150+0000] {dag.py:3340} INFO - Setting next_dagrun for tutorial_taskflow_api_virtualenv to None, run_after=None
[2024-08-02T06:11:52.171+0000] {processor.py:176} INFO - Processing /home/airflow/.local/lib/python3.7/site-packages/airflow/example_dags/tutorial_taskflow_api_virtualenv.py took 0.091 seconds
[2024-08-02T06:12:22.624+0000] {processor.py:154} INFO - Started process (PID=6262) to work on /home/airflow/.local/lib/python3.7/site-packages/airflow/example_dags/tutorial_taskflow_api_virtualenv.py
[2024-08-02T06:12:22.662+0000] {processor.py:756} INFO - Processing file /home/airflow/.local/lib/python3.7/site-packages/airflow/example_dags/tutorial_taskflow_api_virtualenv.py for tasks to queue
[2024-08-02T06:12:22.664+0000] {logging_mixin.py:120} INFO - [2024-08-02T06:12:22.664+0000] {dagbag.py:537} INFO - Filling up the DagBag from /home/airflow/.local/lib/python3.7/site-packages/airflow/example_dags/tutorial_taskflow_api_virtualenv.py
[2024-08-02T06:12:22.687+0000] {processor.py:766} INFO - DAG(s) dict_keys(['tutorial_taskflow_api_virtualenv']) retrieved from /home/airflow/.local/lib/python3.7/site-packages/airflow/example_dags/tutorial_taskflow_api_virtualenv.py
[2024-08-02T06:12:22.735+0000] {logging_mixin.py:120} INFO - [2024-08-02T06:12:22.735+0000] {dag.py:2585} INFO - Sync 1 DAGs
[2024-08-02T06:12:22.757+0000] {logging_mixin.py:120} INFO - [2024-08-02T06:12:22.757+0000] {dag.py:3340} INFO - Setting next_dagrun for tutorial_taskflow_api_virtualenv to None, run_after=None
[2024-08-02T06:12:22.776+0000] {processor.py:176} INFO - Processing /home/airflow/.local/lib/python3.7/site-packages/airflow/example_dags/tutorial_taskflow_api_virtualenv.py took 0.157 seconds
[2024-08-02T06:12:53.949+0000] {processor.py:154} INFO - Started process (PID=6328) to work on /home/airflow/.local/lib/python3.7/site-packages/airflow/example_dags/tutorial_taskflow_api_virtualenv.py
[2024-08-02T06:12:53.950+0000] {processor.py:756} INFO - Processing file /home/airflow/.local/lib/python3.7/site-packages/airflow/example_dags/tutorial_taskflow_api_virtualenv.py for tasks to queue
[2024-08-02T06:12:53.951+0000] {logging_mixin.py:120} INFO - [2024-08-02T06:12:53.951+0000] {dagbag.py:537} INFO - Filling up the DagBag from /home/airflow/.local/lib/python3.7/site-packages/airflow/example_dags/tutorial_taskflow_api_virtualenv.py
[2024-08-02T06:12:53.975+0000] {processor.py:766} INFO - DAG(s) dict_keys(['tutorial_taskflow_api_virtualenv']) retrieved from /home/airflow/.local/lib/python3.7/site-packages/airflow/example_dags/tutorial_taskflow_api_virtualenv.py
[2024-08-02T06:12:54.027+0000] {logging_mixin.py:120} INFO - [2024-08-02T06:12:54.027+0000] {dag.py:2585} INFO - Sync 1 DAGs
[2024-08-02T06:12:54.054+0000] {logging_mixin.py:120} INFO - [2024-08-02T06:12:54.054+0000] {dag.py:3340} INFO - Setting next_dagrun for tutorial_taskflow_api_virtualenv to None, run_after=None
[2024-08-02T06:12:54.078+0000] {processor.py:176} INFO - Processing /home/airflow/.local/lib/python3.7/site-packages/airflow/example_dags/tutorial_taskflow_api_virtualenv.py took 0.132 seconds
[2024-08-02T06:13:24.279+0000] {processor.py:154} INFO - Started process (PID=6392) to work on /home/airflow/.local/lib/python3.7/site-packages/airflow/example_dags/tutorial_taskflow_api_virtualenv.py
[2024-08-02T06:13:24.282+0000] {processor.py:756} INFO - Processing file /home/airflow/.local/lib/python3.7/site-packages/airflow/example_dags/tutorial_taskflow_api_virtualenv.py for tasks to queue
[2024-08-02T06:13:24.283+0000] {logging_mixin.py:120} INFO - [2024-08-02T06:13:24.283+0000] {dagbag.py:537} INFO - Filling up the DagBag from /home/airflow/.local/lib/python3.7/site-packages/airflow/example_dags/tutorial_taskflow_api_virtualenv.py
[2024-08-02T06:13:24.306+0000] {processor.py:766} INFO - DAG(s) dict_keys(['tutorial_taskflow_api_virtualenv']) retrieved from /home/airflow/.local/lib/python3.7/site-packages/airflow/example_dags/tutorial_taskflow_api_virtualenv.py
[2024-08-02T06:13:24.337+0000] {logging_mixin.py:120} INFO - [2024-08-02T06:13:24.337+0000] {dag.py:2585} INFO - Sync 1 DAGs
[2024-08-02T06:13:24.406+0000] {logging_mixin.py:120} INFO - [2024-08-02T06:13:24.406+0000] {dag.py:3340} INFO - Setting next_dagrun for tutorial_taskflow_api_virtualenv to None, run_after=None
[2024-08-02T06:13:24.425+0000] {processor.py:176} INFO - Processing /home/airflow/.local/lib/python3.7/site-packages/airflow/example_dags/tutorial_taskflow_api_virtualenv.py took 0.156 seconds
[2024-08-02T06:13:55.504+0000] {processor.py:154} INFO - Started process (PID=6458) to work on /home/airflow/.local/lib/python3.7/site-packages/airflow/example_dags/tutorial_taskflow_api_virtualenv.py
[2024-08-02T06:13:55.506+0000] {processor.py:756} INFO - Processing file /home/airflow/.local/lib/python3.7/site-packages/airflow/example_dags/tutorial_taskflow_api_virtualenv.py for tasks to queue
[2024-08-02T06:13:55.507+0000] {logging_mixin.py:120} INFO - [2024-08-02T06:13:55.506+0000] {dagbag.py:537} INFO - Filling up the DagBag from /home/airflow/.local/lib/python3.7/site-packages/airflow/example_dags/tutorial_taskflow_api_virtualenv.py
[2024-08-02T06:13:55.527+0000] {processor.py:766} INFO - DAG(s) dict_keys(['tutorial_taskflow_api_virtualenv']) retrieved from /home/airflow/.local/lib/python3.7/site-packages/airflow/example_dags/tutorial_taskflow_api_virtualenv.py
[2024-08-02T06:13:55.573+0000] {logging_mixin.py:120} INFO - [2024-08-02T06:13:55.572+0000] {dag.py:2585} INFO - Sync 1 DAGs
[2024-08-02T06:13:55.602+0000] {logging_mixin.py:120} INFO - [2024-08-02T06:13:55.601+0000] {dag.py:3340} INFO - Setting next_dagrun for tutorial_taskflow_api_virtualenv to None, run_after=None
[2024-08-02T06:13:55.627+0000] {processor.py:176} INFO - Processing /home/airflow/.local/lib/python3.7/site-packages/airflow/example_dags/tutorial_taskflow_api_virtualenv.py took 0.125 seconds
[2024-08-02T06:14:25.992+0000] {processor.py:154} INFO - Started process (PID=6514) to work on /home/airflow/.local/lib/python3.7/site-packages/airflow/example_dags/tutorial_taskflow_api_virtualenv.py
[2024-08-02T06:14:25.993+0000] {processor.py:756} INFO - Processing file /home/airflow/.local/lib/python3.7/site-packages/airflow/example_dags/tutorial_taskflow_api_virtualenv.py for tasks to queue
[2024-08-02T06:14:25.994+0000] {logging_mixin.py:120} INFO - [2024-08-02T06:14:25.994+0000] {dagbag.py:537} INFO - Filling up the DagBag from /home/airflow/.local/lib/python3.7/site-packages/airflow/example_dags/tutorial_taskflow_api_virtualenv.py
[2024-08-02T06:14:26.011+0000] {processor.py:766} INFO - DAG(s) dict_keys(['tutorial_taskflow_api_virtualenv']) retrieved from /home/airflow/.local/lib/python3.7/site-packages/airflow/example_dags/tutorial_taskflow_api_virtualenv.py
[2024-08-02T06:14:26.049+0000] {logging_mixin.py:120} INFO - [2024-08-02T06:14:26.049+0000] {dag.py:2585} INFO - Sync 1 DAGs
[2024-08-02T06:14:26.071+0000] {logging_mixin.py:120} INFO - [2024-08-02T06:14:26.071+0000] {dag.py:3340} INFO - Setting next_dagrun for tutorial_taskflow_api_virtualenv to None, run_after=None
[2024-08-02T06:14:26.097+0000] {processor.py:176} INFO - Processing /home/airflow/.local/lib/python3.7/site-packages/airflow/example_dags/tutorial_taskflow_api_virtualenv.py took 0.108 seconds
[2024-08-02T06:14:57.128+0000] {processor.py:154} INFO - Started process (PID=6579) to work on /home/airflow/.local/lib/python3.7/site-packages/airflow/example_dags/tutorial_taskflow_api_virtualenv.py
[2024-08-02T06:14:57.132+0000] {processor.py:756} INFO - Processing file /home/airflow/.local/lib/python3.7/site-packages/airflow/example_dags/tutorial_taskflow_api_virtualenv.py for tasks to queue
[2024-08-02T06:14:57.133+0000] {logging_mixin.py:120} INFO - [2024-08-02T06:14:57.133+0000] {dagbag.py:537} INFO - Filling up the DagBag from /home/airflow/.local/lib/python3.7/site-packages/airflow/example_dags/tutorial_taskflow_api_virtualenv.py
[2024-08-02T06:14:57.147+0000] {processor.py:766} INFO - DAG(s) dict_keys(['tutorial_taskflow_api_virtualenv']) retrieved from /home/airflow/.local/lib/python3.7/site-packages/airflow/example_dags/tutorial_taskflow_api_virtualenv.py
[2024-08-02T06:14:57.174+0000] {logging_mixin.py:120} INFO - [2024-08-02T06:14:57.174+0000] {dag.py:2585} INFO - Sync 1 DAGs
[2024-08-02T06:14:57.192+0000] {logging_mixin.py:120} INFO - [2024-08-02T06:14:57.192+0000] {dag.py:3340} INFO - Setting next_dagrun for tutorial_taskflow_api_virtualenv to None, run_after=None
[2024-08-02T06:14:57.211+0000] {processor.py:176} INFO - Processing /home/airflow/.local/lib/python3.7/site-packages/airflow/example_dags/tutorial_taskflow_api_virtualenv.py took 0.086 seconds
[2024-08-02T06:15:28.278+0000] {processor.py:154} INFO - Started process (PID=6643) to work on /home/airflow/.local/lib/python3.7/site-packages/airflow/example_dags/tutorial_taskflow_api_virtualenv.py
[2024-08-02T06:15:28.279+0000] {processor.py:756} INFO - Processing file /home/airflow/.local/lib/python3.7/site-packages/airflow/example_dags/tutorial_taskflow_api_virtualenv.py for tasks to queue
[2024-08-02T06:15:28.280+0000] {logging_mixin.py:120} INFO - [2024-08-02T06:15:28.280+0000] {dagbag.py:537} INFO - Filling up the DagBag from /home/airflow/.local/lib/python3.7/site-packages/airflow/example_dags/tutorial_taskflow_api_virtualenv.py
[2024-08-02T06:15:28.297+0000] {processor.py:766} INFO - DAG(s) dict_keys(['tutorial_taskflow_api_virtualenv']) retrieved from /home/airflow/.local/lib/python3.7/site-packages/airflow/example_dags/tutorial_taskflow_api_virtualenv.py
[2024-08-02T06:15:28.328+0000] {logging_mixin.py:120} INFO - [2024-08-02T06:15:28.328+0000] {dag.py:2585} INFO - Sync 1 DAGs
[2024-08-02T06:15:28.354+0000] {logging_mixin.py:120} INFO - [2024-08-02T06:15:28.354+0000] {dag.py:3340} INFO - Setting next_dagrun for tutorial_taskflow_api_virtualenv to None, run_after=None
[2024-08-02T06:15:28.375+0000] {processor.py:176} INFO - Processing /home/airflow/.local/lib/python3.7/site-packages/airflow/example_dags/tutorial_taskflow_api_virtualenv.py took 0.100 seconds
[2024-08-02T06:15:58.920+0000] {processor.py:154} INFO - Started process (PID=6707) to work on /home/airflow/.local/lib/python3.7/site-packages/airflow/example_dags/tutorial_taskflow_api_virtualenv.py
[2024-08-02T06:15:58.921+0000] {processor.py:756} INFO - Processing file /home/airflow/.local/lib/python3.7/site-packages/airflow/example_dags/tutorial_taskflow_api_virtualenv.py for tasks to queue
[2024-08-02T06:15:58.922+0000] {logging_mixin.py:120} INFO - [2024-08-02T06:15:58.922+0000] {dagbag.py:537} INFO - Filling up the DagBag from /home/airflow/.local/lib/python3.7/site-packages/airflow/example_dags/tutorial_taskflow_api_virtualenv.py
[2024-08-02T06:15:58.938+0000] {processor.py:766} INFO - DAG(s) dict_keys(['tutorial_taskflow_api_virtualenv']) retrieved from /home/airflow/.local/lib/python3.7/site-packages/airflow/example_dags/tutorial_taskflow_api_virtualenv.py
[2024-08-02T06:15:58.973+0000] {logging_mixin.py:120} INFO - [2024-08-02T06:15:58.973+0000] {dag.py:2585} INFO - Sync 1 DAGs
[2024-08-02T06:15:58.992+0000] {logging_mixin.py:120} INFO - [2024-08-02T06:15:58.992+0000] {dag.py:3340} INFO - Setting next_dagrun for tutorial_taskflow_api_virtualenv to None, run_after=None
[2024-08-02T06:15:59.018+0000] {processor.py:176} INFO - Processing /home/airflow/.local/lib/python3.7/site-packages/airflow/example_dags/tutorial_taskflow_api_virtualenv.py took 0.101 seconds
[2024-08-02T06:16:29.379+0000] {processor.py:154} INFO - Started process (PID=6763) to work on /home/airflow/.local/lib/python3.7/site-packages/airflow/example_dags/tutorial_taskflow_api_virtualenv.py
[2024-08-02T06:16:29.380+0000] {processor.py:756} INFO - Processing file /home/airflow/.local/lib/python3.7/site-packages/airflow/example_dags/tutorial_taskflow_api_virtualenv.py for tasks to queue
[2024-08-02T06:16:29.381+0000] {logging_mixin.py:120} INFO - [2024-08-02T06:16:29.381+0000] {dagbag.py:537} INFO - Filling up the DagBag from /home/airflow/.local/lib/python3.7/site-packages/airflow/example_dags/tutorial_taskflow_api_virtualenv.py
[2024-08-02T06:16:29.401+0000] {processor.py:766} INFO - DAG(s) dict_keys(['tutorial_taskflow_api_virtualenv']) retrieved from /home/airflow/.local/lib/python3.7/site-packages/airflow/example_dags/tutorial_taskflow_api_virtualenv.py
[2024-08-02T06:16:29.441+0000] {logging_mixin.py:120} INFO - [2024-08-02T06:16:29.441+0000] {dag.py:2585} INFO - Sync 1 DAGs
[2024-08-02T06:16:29.463+0000] {logging_mixin.py:120} INFO - [2024-08-02T06:16:29.463+0000] {dag.py:3340} INFO - Setting next_dagrun for tutorial_taskflow_api_virtualenv to None, run_after=None
[2024-08-02T06:16:29.484+0000] {processor.py:176} INFO - Processing /home/airflow/.local/lib/python3.7/site-packages/airflow/example_dags/tutorial_taskflow_api_virtualenv.py took 0.107 seconds
[2024-08-02T06:16:59.683+0000] {processor.py:154} INFO - Started process (PID=6829) to work on /home/airflow/.local/lib/python3.7/site-packages/airflow/example_dags/tutorial_taskflow_api_virtualenv.py
[2024-08-02T06:16:59.684+0000] {processor.py:756} INFO - Processing file /home/airflow/.local/lib/python3.7/site-packages/airflow/example_dags/tutorial_taskflow_api_virtualenv.py for tasks to queue
[2024-08-02T06:16:59.684+0000] {logging_mixin.py:120} INFO - [2024-08-02T06:16:59.684+0000] {dagbag.py:537} INFO - Filling up the DagBag from /home/airflow/.local/lib/python3.7/site-packages/airflow/example_dags/tutorial_taskflow_api_virtualenv.py
[2024-08-02T06:16:59.702+0000] {processor.py:766} INFO - DAG(s) dict_keys(['tutorial_taskflow_api_virtualenv']) retrieved from /home/airflow/.local/lib/python3.7/site-packages/airflow/example_dags/tutorial_taskflow_api_virtualenv.py
[2024-08-02T06:16:59.740+0000] {logging_mixin.py:120} INFO - [2024-08-02T06:16:59.740+0000] {dag.py:2585} INFO - Sync 1 DAGs
[2024-08-02T06:16:59.766+0000] {logging_mixin.py:120} INFO - [2024-08-02T06:16:59.766+0000] {dag.py:3340} INFO - Setting next_dagrun for tutorial_taskflow_api_virtualenv to None, run_after=None
[2024-08-02T06:16:59.786+0000] {processor.py:176} INFO - Processing /home/airflow/.local/lib/python3.7/site-packages/airflow/example_dags/tutorial_taskflow_api_virtualenv.py took 0.105 seconds
[2024-08-02T06:17:31.414+0000] {processor.py:154} INFO - Started process (PID=6894) to work on /home/airflow/.local/lib/python3.7/site-packages/airflow/example_dags/tutorial_taskflow_api_virtualenv.py
[2024-08-02T06:17:31.416+0000] {processor.py:756} INFO - Processing file /home/airflow/.local/lib/python3.7/site-packages/airflow/example_dags/tutorial_taskflow_api_virtualenv.py for tasks to queue
[2024-08-02T06:17:31.417+0000] {logging_mixin.py:120} INFO - [2024-08-02T06:17:31.417+0000] {dagbag.py:537} INFO - Filling up the DagBag from /home/airflow/.local/lib/python3.7/site-packages/airflow/example_dags/tutorial_taskflow_api_virtualenv.py
[2024-08-02T06:17:31.438+0000] {processor.py:766} INFO - DAG(s) dict_keys(['tutorial_taskflow_api_virtualenv']) retrieved from /home/airflow/.local/lib/python3.7/site-packages/airflow/example_dags/tutorial_taskflow_api_virtualenv.py
[2024-08-02T06:17:31.476+0000] {logging_mixin.py:120} INFO - [2024-08-02T06:17:31.475+0000] {dag.py:2585} INFO - Sync 1 DAGs
[2024-08-02T06:17:31.497+0000] {logging_mixin.py:120} INFO - [2024-08-02T06:17:31.497+0000] {dag.py:3340} INFO - Setting next_dagrun for tutorial_taskflow_api_virtualenv to None, run_after=None
[2024-08-02T06:17:31.521+0000] {processor.py:176} INFO - Processing /home/airflow/.local/lib/python3.7/site-packages/airflow/example_dags/tutorial_taskflow_api_virtualenv.py took 0.109 seconds
[2024-08-02T06:18:01.889+0000] {processor.py:154} INFO - Started process (PID=6959) to work on /home/airflow/.local/lib/python3.7/site-packages/airflow/example_dags/tutorial_taskflow_api_virtualenv.py
[2024-08-02T06:18:01.890+0000] {processor.py:756} INFO - Processing file /home/airflow/.local/lib/python3.7/site-packages/airflow/example_dags/tutorial_taskflow_api_virtualenv.py for tasks to queue
[2024-08-02T06:18:01.890+0000] {logging_mixin.py:120} INFO - [2024-08-02T06:18:01.890+0000] {dagbag.py:537} INFO - Filling up the DagBag from /home/airflow/.local/lib/python3.7/site-packages/airflow/example_dags/tutorial_taskflow_api_virtualenv.py
[2024-08-02T06:18:01.905+0000] {processor.py:766} INFO - DAG(s) dict_keys(['tutorial_taskflow_api_virtualenv']) retrieved from /home/airflow/.local/lib/python3.7/site-packages/airflow/example_dags/tutorial_taskflow_api_virtualenv.py
[2024-08-02T06:18:01.934+0000] {logging_mixin.py:120} INFO - [2024-08-02T06:18:01.934+0000] {dag.py:2585} INFO - Sync 1 DAGs
[2024-08-02T06:18:01.951+0000] {logging_mixin.py:120} INFO - [2024-08-02T06:18:01.951+0000] {dag.py:3340} INFO - Setting next_dagrun for tutorial_taskflow_api_virtualenv to None, run_after=None
[2024-08-02T06:18:01.967+0000] {processor.py:176} INFO - Processing /home/airflow/.local/lib/python3.7/site-packages/airflow/example_dags/tutorial_taskflow_api_virtualenv.py took 0.081 seconds
[2024-08-02T06:18:32.248+0000] {processor.py:154} INFO - Started process (PID=7015) to work on /home/airflow/.local/lib/python3.7/site-packages/airflow/example_dags/tutorial_taskflow_api_virtualenv.py
[2024-08-02T06:18:32.249+0000] {processor.py:756} INFO - Processing file /home/airflow/.local/lib/python3.7/site-packages/airflow/example_dags/tutorial_taskflow_api_virtualenv.py for tasks to queue
[2024-08-02T06:18:32.250+0000] {logging_mixin.py:120} INFO - [2024-08-02T06:18:32.250+0000] {dagbag.py:537} INFO - Filling up the DagBag from /home/airflow/.local/lib/python3.7/site-packages/airflow/example_dags/tutorial_taskflow_api_virtualenv.py
[2024-08-02T06:18:32.270+0000] {processor.py:766} INFO - DAG(s) dict_keys(['tutorial_taskflow_api_virtualenv']) retrieved from /home/airflow/.local/lib/python3.7/site-packages/airflow/example_dags/tutorial_taskflow_api_virtualenv.py
[2024-08-02T06:18:32.313+0000] {logging_mixin.py:120} INFO - [2024-08-02T06:18:32.313+0000] {dag.py:2585} INFO - Sync 1 DAGs
[2024-08-02T06:18:32.340+0000] {logging_mixin.py:120} INFO - [2024-08-02T06:18:32.340+0000] {dag.py:3340} INFO - Setting next_dagrun for tutorial_taskflow_api_virtualenv to None, run_after=None
[2024-08-02T06:18:32.366+0000] {processor.py:176} INFO - Processing /home/airflow/.local/lib/python3.7/site-packages/airflow/example_dags/tutorial_taskflow_api_virtualenv.py took 0.122 seconds
[2024-08-02T06:19:03.905+0000] {processor.py:154} INFO - Started process (PID=7079) to work on /home/airflow/.local/lib/python3.7/site-packages/airflow/example_dags/tutorial_taskflow_api_virtualenv.py
[2024-08-02T06:19:03.908+0000] {processor.py:756} INFO - Processing file /home/airflow/.local/lib/python3.7/site-packages/airflow/example_dags/tutorial_taskflow_api_virtualenv.py for tasks to queue
[2024-08-02T06:19:03.910+0000] {logging_mixin.py:120} INFO - [2024-08-02T06:19:03.910+0000] {dagbag.py:537} INFO - Filling up the DagBag from /home/airflow/.local/lib/python3.7/site-packages/airflow/example_dags/tutorial_taskflow_api_virtualenv.py
[2024-08-02T06:19:03.931+0000] {processor.py:766} INFO - DAG(s) dict_keys(['tutorial_taskflow_api_virtualenv']) retrieved from /home/airflow/.local/lib/python3.7/site-packages/airflow/example_dags/tutorial_taskflow_api_virtualenv.py
[2024-08-02T06:19:03.968+0000] {logging_mixin.py:120} INFO - [2024-08-02T06:19:03.968+0000] {dag.py:2585} INFO - Sync 1 DAGs
[2024-08-02T06:19:03.987+0000] {logging_mixin.py:120} INFO - [2024-08-02T06:19:03.986+0000] {dag.py:3340} INFO - Setting next_dagrun for tutorial_taskflow_api_virtualenv to None, run_after=None
[2024-08-02T06:19:04.008+0000] {processor.py:176} INFO - Processing /home/airflow/.local/lib/python3.7/site-packages/airflow/example_dags/tutorial_taskflow_api_virtualenv.py took 0.106 seconds
[2024-08-02T06:19:34.086+0000] {processor.py:154} INFO - Started process (PID=7143) to work on /home/airflow/.local/lib/python3.7/site-packages/airflow/example_dags/tutorial_taskflow_api_virtualenv.py
[2024-08-02T06:19:34.088+0000] {processor.py:756} INFO - Processing file /home/airflow/.local/lib/python3.7/site-packages/airflow/example_dags/tutorial_taskflow_api_virtualenv.py for tasks to queue
[2024-08-02T06:19:34.089+0000] {logging_mixin.py:120} INFO - [2024-08-02T06:19:34.089+0000] {dagbag.py:537} INFO - Filling up the DagBag from /home/airflow/.local/lib/python3.7/site-packages/airflow/example_dags/tutorial_taskflow_api_virtualenv.py
[2024-08-02T06:19:34.104+0000] {processor.py:766} INFO - DAG(s) dict_keys(['tutorial_taskflow_api_virtualenv']) retrieved from /home/airflow/.local/lib/python3.7/site-packages/airflow/example_dags/tutorial_taskflow_api_virtualenv.py
[2024-08-02T06:19:34.134+0000] {logging_mixin.py:120} INFO - [2024-08-02T06:19:34.133+0000] {dag.py:2585} INFO - Sync 1 DAGs
[2024-08-02T06:19:34.151+0000] {logging_mixin.py:120} INFO - [2024-08-02T06:19:34.151+0000] {dag.py:3340} INFO - Setting next_dagrun for tutorial_taskflow_api_virtualenv to None, run_after=None
[2024-08-02T06:19:34.166+0000] {processor.py:176} INFO - Processing /home/airflow/.local/lib/python3.7/site-packages/airflow/example_dags/tutorial_taskflow_api_virtualenv.py took 0.082 seconds
[2024-08-02T06:20:04.302+0000] {processor.py:154} INFO - Started process (PID=7209) to work on /home/airflow/.local/lib/python3.7/site-packages/airflow/example_dags/tutorial_taskflow_api_virtualenv.py
[2024-08-02T06:20:04.314+0000] {processor.py:756} INFO - Processing file /home/airflow/.local/lib/python3.7/site-packages/airflow/example_dags/tutorial_taskflow_api_virtualenv.py for tasks to queue
[2024-08-02T06:20:04.315+0000] {logging_mixin.py:120} INFO - [2024-08-02T06:20:04.315+0000] {dagbag.py:537} INFO - Filling up the DagBag from /home/airflow/.local/lib/python3.7/site-packages/airflow/example_dags/tutorial_taskflow_api_virtualenv.py
[2024-08-02T06:20:04.330+0000] {processor.py:766} INFO - DAG(s) dict_keys(['tutorial_taskflow_api_virtualenv']) retrieved from /home/airflow/.local/lib/python3.7/site-packages/airflow/example_dags/tutorial_taskflow_api_virtualenv.py
[2024-08-02T06:20:04.361+0000] {logging_mixin.py:120} INFO - [2024-08-02T06:20:04.361+0000] {dag.py:2585} INFO - Sync 1 DAGs
[2024-08-02T06:20:04.386+0000] {logging_mixin.py:120} INFO - [2024-08-02T06:20:04.385+0000] {dag.py:3340} INFO - Setting next_dagrun for tutorial_taskflow_api_virtualenv to None, run_after=None
[2024-08-02T06:20:04.411+0000] {processor.py:176} INFO - Processing /home/airflow/.local/lib/python3.7/site-packages/airflow/example_dags/tutorial_taskflow_api_virtualenv.py took 0.111 seconds
[2024-08-02T06:20:34.571+0000] {processor.py:154} INFO - Started process (PID=7265) to work on /home/airflow/.local/lib/python3.7/site-packages/airflow/example_dags/tutorial_taskflow_api_virtualenv.py
[2024-08-02T06:20:34.572+0000] {processor.py:756} INFO - Processing file /home/airflow/.local/lib/python3.7/site-packages/airflow/example_dags/tutorial_taskflow_api_virtualenv.py for tasks to queue
[2024-08-02T06:20:34.573+0000] {logging_mixin.py:120} INFO - [2024-08-02T06:20:34.573+0000] {dagbag.py:537} INFO - Filling up the DagBag from /home/airflow/.local/lib/python3.7/site-packages/airflow/example_dags/tutorial_taskflow_api_virtualenv.py
[2024-08-02T06:20:34.594+0000] {processor.py:766} INFO - DAG(s) dict_keys(['tutorial_taskflow_api_virtualenv']) retrieved from /home/airflow/.local/lib/python3.7/site-packages/airflow/example_dags/tutorial_taskflow_api_virtualenv.py
[2024-08-02T06:20:34.636+0000] {logging_mixin.py:120} INFO - [2024-08-02T06:20:34.636+0000] {dag.py:2585} INFO - Sync 1 DAGs
[2024-08-02T06:20:34.663+0000] {logging_mixin.py:120} INFO - [2024-08-02T06:20:34.663+0000] {dag.py:3340} INFO - Setting next_dagrun for tutorial_taskflow_api_virtualenv to None, run_after=None
[2024-08-02T06:20:34.681+0000] {processor.py:176} INFO - Processing /home/airflow/.local/lib/python3.7/site-packages/airflow/example_dags/tutorial_taskflow_api_virtualenv.py took 0.112 seconds
[2024-08-02T06:21:05.580+0000] {processor.py:154} INFO - Started process (PID=7332) to work on /home/airflow/.local/lib/python3.7/site-packages/airflow/example_dags/tutorial_taskflow_api_virtualenv.py
[2024-08-02T06:21:05.581+0000] {processor.py:756} INFO - Processing file /home/airflow/.local/lib/python3.7/site-packages/airflow/example_dags/tutorial_taskflow_api_virtualenv.py for tasks to queue
[2024-08-02T06:21:05.582+0000] {logging_mixin.py:120} INFO - [2024-08-02T06:21:05.582+0000] {dagbag.py:537} INFO - Filling up the DagBag from /home/airflow/.local/lib/python3.7/site-packages/airflow/example_dags/tutorial_taskflow_api_virtualenv.py
[2024-08-02T06:21:05.606+0000] {processor.py:766} INFO - DAG(s) dict_keys(['tutorial_taskflow_api_virtualenv']) retrieved from /home/airflow/.local/lib/python3.7/site-packages/airflow/example_dags/tutorial_taskflow_api_virtualenv.py
[2024-08-02T06:21:05.645+0000] {logging_mixin.py:120} INFO - [2024-08-02T06:21:05.645+0000] {dag.py:2585} INFO - Sync 1 DAGs
[2024-08-02T06:21:05.669+0000] {logging_mixin.py:120} INFO - [2024-08-02T06:21:05.669+0000] {dag.py:3340} INFO - Setting next_dagrun for tutorial_taskflow_api_virtualenv to None, run_after=None
[2024-08-02T06:21:05.690+0000] {processor.py:176} INFO - Processing /home/airflow/.local/lib/python3.7/site-packages/airflow/example_dags/tutorial_taskflow_api_virtualenv.py took 0.115 seconds
[2024-08-02T06:21:36.812+0000] {processor.py:154} INFO - Started process (PID=7397) to work on /home/airflow/.local/lib/python3.7/site-packages/airflow/example_dags/tutorial_taskflow_api_virtualenv.py
[2024-08-02T06:21:36.813+0000] {processor.py:756} INFO - Processing file /home/airflow/.local/lib/python3.7/site-packages/airflow/example_dags/tutorial_taskflow_api_virtualenv.py for tasks to queue
[2024-08-02T06:21:36.814+0000] {logging_mixin.py:120} INFO - [2024-08-02T06:21:36.814+0000] {dagbag.py:537} INFO - Filling up the DagBag from /home/airflow/.local/lib/python3.7/site-packages/airflow/example_dags/tutorial_taskflow_api_virtualenv.py
[2024-08-02T06:21:36.840+0000] {processor.py:766} INFO - DAG(s) dict_keys(['tutorial_taskflow_api_virtualenv']) retrieved from /home/airflow/.local/lib/python3.7/site-packages/airflow/example_dags/tutorial_taskflow_api_virtualenv.py
[2024-08-02T06:21:36.889+0000] {logging_mixin.py:120} INFO - [2024-08-02T06:21:36.888+0000] {dag.py:2585} INFO - Sync 1 DAGs
[2024-08-02T06:21:36.918+0000] {logging_mixin.py:120} INFO - [2024-08-02T06:21:36.918+0000] {dag.py:3340} INFO - Setting next_dagrun for tutorial_taskflow_api_virtualenv to None, run_after=None
[2024-08-02T06:21:36.947+0000] {processor.py:176} INFO - Processing /home/airflow/.local/lib/python3.7/site-packages/airflow/example_dags/tutorial_taskflow_api_virtualenv.py took 0.138 seconds
[2024-08-02T06:22:09.265+0000] {processor.py:154} INFO - Started process (PID=7462) to work on /home/airflow/.local/lib/python3.7/site-packages/airflow/example_dags/tutorial_taskflow_api_virtualenv.py
[2024-08-02T06:22:09.267+0000] {processor.py:756} INFO - Processing file /home/airflow/.local/lib/python3.7/site-packages/airflow/example_dags/tutorial_taskflow_api_virtualenv.py for tasks to queue
[2024-08-02T06:22:09.268+0000] {logging_mixin.py:120} INFO - [2024-08-02T06:22:09.268+0000] {dagbag.py:537} INFO - Filling up the DagBag from /home/airflow/.local/lib/python3.7/site-packages/airflow/example_dags/tutorial_taskflow_api_virtualenv.py
[2024-08-02T06:22:09.286+0000] {processor.py:766} INFO - DAG(s) dict_keys(['tutorial_taskflow_api_virtualenv']) retrieved from /home/airflow/.local/lib/python3.7/site-packages/airflow/example_dags/tutorial_taskflow_api_virtualenv.py
[2024-08-02T06:22:09.329+0000] {logging_mixin.py:120} INFO - [2024-08-02T06:22:09.329+0000] {dag.py:2585} INFO - Sync 1 DAGs
[2024-08-02T06:22:09.359+0000] {logging_mixin.py:120} INFO - [2024-08-02T06:22:09.359+0000] {dag.py:3340} INFO - Setting next_dagrun for tutorial_taskflow_api_virtualenv to None, run_after=None
[2024-08-02T06:22:09.390+0000] {processor.py:176} INFO - Processing /home/airflow/.local/lib/python3.7/site-packages/airflow/example_dags/tutorial_taskflow_api_virtualenv.py took 0.129 seconds
[2024-08-02T06:22:40.096+0000] {processor.py:154} INFO - Started process (PID=7528) to work on /home/airflow/.local/lib/python3.7/site-packages/airflow/example_dags/tutorial_taskflow_api_virtualenv.py
[2024-08-02T06:22:40.098+0000] {processor.py:756} INFO - Processing file /home/airflow/.local/lib/python3.7/site-packages/airflow/example_dags/tutorial_taskflow_api_virtualenv.py for tasks to queue
[2024-08-02T06:22:40.100+0000] {logging_mixin.py:120} INFO - [2024-08-02T06:22:40.099+0000] {dagbag.py:537} INFO - Filling up the DagBag from /home/airflow/.local/lib/python3.7/site-packages/airflow/example_dags/tutorial_taskflow_api_virtualenv.py
[2024-08-02T06:22:40.148+0000] {processor.py:766} INFO - DAG(s) dict_keys(['tutorial_taskflow_api_virtualenv']) retrieved from /home/airflow/.local/lib/python3.7/site-packages/airflow/example_dags/tutorial_taskflow_api_virtualenv.py
[2024-08-02T06:22:40.236+0000] {logging_mixin.py:120} INFO - [2024-08-02T06:22:40.235+0000] {dag.py:2585} INFO - Sync 1 DAGs
[2024-08-02T06:22:40.299+0000] {logging_mixin.py:120} INFO - [2024-08-02T06:22:40.299+0000] {dag.py:3340} INFO - Setting next_dagrun for tutorial_taskflow_api_virtualenv to None, run_after=None
[2024-08-02T06:22:40.346+0000] {processor.py:176} INFO - Processing /home/airflow/.local/lib/python3.7/site-packages/airflow/example_dags/tutorial_taskflow_api_virtualenv.py took 0.254 seconds
[2024-08-02T06:23:11.792+0000] {processor.py:154} INFO - Started process (PID=7583) to work on /home/airflow/.local/lib/python3.7/site-packages/airflow/example_dags/tutorial_taskflow_api_virtualenv.py
[2024-08-02T06:23:11.793+0000] {processor.py:756} INFO - Processing file /home/airflow/.local/lib/python3.7/site-packages/airflow/example_dags/tutorial_taskflow_api_virtualenv.py for tasks to queue
[2024-08-02T06:23:11.794+0000] {logging_mixin.py:120} INFO - [2024-08-02T06:23:11.794+0000] {dagbag.py:537} INFO - Filling up the DagBag from /home/airflow/.local/lib/python3.7/site-packages/airflow/example_dags/tutorial_taskflow_api_virtualenv.py
[2024-08-02T06:23:11.815+0000] {processor.py:766} INFO - DAG(s) dict_keys(['tutorial_taskflow_api_virtualenv']) retrieved from /home/airflow/.local/lib/python3.7/site-packages/airflow/example_dags/tutorial_taskflow_api_virtualenv.py
[2024-08-02T06:23:11.858+0000] {logging_mixin.py:120} INFO - [2024-08-02T06:23:11.857+0000] {dag.py:2585} INFO - Sync 1 DAGs
[2024-08-02T06:23:11.890+0000] {logging_mixin.py:120} INFO - [2024-08-02T06:23:11.890+0000] {dag.py:3340} INFO - Setting next_dagrun for tutorial_taskflow_api_virtualenv to None, run_after=None
[2024-08-02T06:23:11.913+0000] {processor.py:176} INFO - Processing /home/airflow/.local/lib/python3.7/site-packages/airflow/example_dags/tutorial_taskflow_api_virtualenv.py took 0.123 seconds
[2024-08-02T06:23:42.245+0000] {processor.py:154} INFO - Started process (PID=7649) to work on /home/airflow/.local/lib/python3.7/site-packages/airflow/example_dags/tutorial_taskflow_api_virtualenv.py
[2024-08-02T06:23:42.246+0000] {processor.py:756} INFO - Processing file /home/airflow/.local/lib/python3.7/site-packages/airflow/example_dags/tutorial_taskflow_api_virtualenv.py for tasks to queue
[2024-08-02T06:23:42.248+0000] {logging_mixin.py:120} INFO - [2024-08-02T06:23:42.248+0000] {dagbag.py:537} INFO - Filling up the DagBag from /home/airflow/.local/lib/python3.7/site-packages/airflow/example_dags/tutorial_taskflow_api_virtualenv.py
[2024-08-02T06:23:42.271+0000] {processor.py:766} INFO - DAG(s) dict_keys(['tutorial_taskflow_api_virtualenv']) retrieved from /home/airflow/.local/lib/python3.7/site-packages/airflow/example_dags/tutorial_taskflow_api_virtualenv.py
[2024-08-02T06:23:42.318+0000] {logging_mixin.py:120} INFO - [2024-08-02T06:23:42.318+0000] {dag.py:2585} INFO - Sync 1 DAGs
[2024-08-02T06:23:42.351+0000] {logging_mixin.py:120} INFO - [2024-08-02T06:23:42.351+0000] {dag.py:3340} INFO - Setting next_dagrun for tutorial_taskflow_api_virtualenv to None, run_after=None
[2024-08-02T06:23:42.380+0000] {processor.py:176} INFO - Processing /home/airflow/.local/lib/python3.7/site-packages/airflow/example_dags/tutorial_taskflow_api_virtualenv.py took 0.139 seconds
[2024-08-02T06:24:13.208+0000] {processor.py:154} INFO - Started process (PID=7714) to work on /home/airflow/.local/lib/python3.7/site-packages/airflow/example_dags/tutorial_taskflow_api_virtualenv.py
[2024-08-02T06:24:13.212+0000] {processor.py:756} INFO - Processing file /home/airflow/.local/lib/python3.7/site-packages/airflow/example_dags/tutorial_taskflow_api_virtualenv.py for tasks to queue
[2024-08-02T06:24:13.214+0000] {logging_mixin.py:120} INFO - [2024-08-02T06:24:13.213+0000] {dagbag.py:537} INFO - Filling up the DagBag from /home/airflow/.local/lib/python3.7/site-packages/airflow/example_dags/tutorial_taskflow_api_virtualenv.py
[2024-08-02T06:24:13.245+0000] {processor.py:766} INFO - DAG(s) dict_keys(['tutorial_taskflow_api_virtualenv']) retrieved from /home/airflow/.local/lib/python3.7/site-packages/airflow/example_dags/tutorial_taskflow_api_virtualenv.py
[2024-08-02T06:24:13.300+0000] {logging_mixin.py:120} INFO - [2024-08-02T06:24:13.300+0000] {dag.py:2585} INFO - Sync 1 DAGs
[2024-08-02T06:24:13.337+0000] {logging_mixin.py:120} INFO - [2024-08-02T06:24:13.337+0000] {dag.py:3340} INFO - Setting next_dagrun for tutorial_taskflow_api_virtualenv to None, run_after=None
[2024-08-02T06:24:13.371+0000] {processor.py:176} INFO - Processing /home/airflow/.local/lib/python3.7/site-packages/airflow/example_dags/tutorial_taskflow_api_virtualenv.py took 0.168 seconds
[2024-08-02T06:24:44.151+0000] {processor.py:154} INFO - Started process (PID=7770) to work on /home/airflow/.local/lib/python3.7/site-packages/airflow/example_dags/tutorial_taskflow_api_virtualenv.py
[2024-08-02T06:24:44.152+0000] {processor.py:756} INFO - Processing file /home/airflow/.local/lib/python3.7/site-packages/airflow/example_dags/tutorial_taskflow_api_virtualenv.py for tasks to queue
[2024-08-02T06:24:44.154+0000] {logging_mixin.py:120} INFO - [2024-08-02T06:24:44.153+0000] {dagbag.py:537} INFO - Filling up the DagBag from /home/airflow/.local/lib/python3.7/site-packages/airflow/example_dags/tutorial_taskflow_api_virtualenv.py
[2024-08-02T06:24:44.180+0000] {processor.py:766} INFO - DAG(s) dict_keys(['tutorial_taskflow_api_virtualenv']) retrieved from /home/airflow/.local/lib/python3.7/site-packages/airflow/example_dags/tutorial_taskflow_api_virtualenv.py
[2024-08-02T06:24:44.237+0000] {logging_mixin.py:120} INFO - [2024-08-02T06:24:44.237+0000] {dag.py:2585} INFO - Sync 1 DAGs
[2024-08-02T06:24:44.274+0000] {logging_mixin.py:120} INFO - [2024-08-02T06:24:44.274+0000] {dag.py:3340} INFO - Setting next_dagrun for tutorial_taskflow_api_virtualenv to None, run_after=None
[2024-08-02T06:24:44.309+0000] {processor.py:176} INFO - Processing /home/airflow/.local/lib/python3.7/site-packages/airflow/example_dags/tutorial_taskflow_api_virtualenv.py took 0.162 seconds
[2024-08-02T06:25:14.853+0000] {processor.py:154} INFO - Started process (PID=7835) to work on /home/airflow/.local/lib/python3.7/site-packages/airflow/example_dags/tutorial_taskflow_api_virtualenv.py
[2024-08-02T06:25:14.855+0000] {processor.py:756} INFO - Processing file /home/airflow/.local/lib/python3.7/site-packages/airflow/example_dags/tutorial_taskflow_api_virtualenv.py for tasks to queue
[2024-08-02T06:25:14.856+0000] {logging_mixin.py:120} INFO - [2024-08-02T06:25:14.856+0000] {dagbag.py:537} INFO - Filling up the DagBag from /home/airflow/.local/lib/python3.7/site-packages/airflow/example_dags/tutorial_taskflow_api_virtualenv.py
[2024-08-02T06:25:14.888+0000] {processor.py:766} INFO - DAG(s) dict_keys(['tutorial_taskflow_api_virtualenv']) retrieved from /home/airflow/.local/lib/python3.7/site-packages/airflow/example_dags/tutorial_taskflow_api_virtualenv.py
[2024-08-02T06:25:14.959+0000] {logging_mixin.py:120} INFO - [2024-08-02T06:25:14.959+0000] {dag.py:2585} INFO - Sync 1 DAGs
[2024-08-02T06:25:14.999+0000] {logging_mixin.py:120} INFO - [2024-08-02T06:25:14.998+0000] {dag.py:3340} INFO - Setting next_dagrun for tutorial_taskflow_api_virtualenv to None, run_after=None
[2024-08-02T06:25:15.035+0000] {processor.py:176} INFO - Processing /home/airflow/.local/lib/python3.7/site-packages/airflow/example_dags/tutorial_taskflow_api_virtualenv.py took 0.186 seconds
[2024-08-02T06:25:45.320+0000] {processor.py:154} INFO - Started process (PID=7900) to work on /home/airflow/.local/lib/python3.7/site-packages/airflow/example_dags/tutorial_taskflow_api_virtualenv.py
[2024-08-02T06:25:45.321+0000] {processor.py:756} INFO - Processing file /home/airflow/.local/lib/python3.7/site-packages/airflow/example_dags/tutorial_taskflow_api_virtualenv.py for tasks to queue
[2024-08-02T06:25:45.323+0000] {logging_mixin.py:120} INFO - [2024-08-02T06:25:45.323+0000] {dagbag.py:537} INFO - Filling up the DagBag from /home/airflow/.local/lib/python3.7/site-packages/airflow/example_dags/tutorial_taskflow_api_virtualenv.py
[2024-08-02T06:25:45.352+0000] {processor.py:766} INFO - DAG(s) dict_keys(['tutorial_taskflow_api_virtualenv']) retrieved from /home/airflow/.local/lib/python3.7/site-packages/airflow/example_dags/tutorial_taskflow_api_virtualenv.py
[2024-08-02T06:25:45.401+0000] {logging_mixin.py:120} INFO - [2024-08-02T06:25:45.401+0000] {dag.py:2585} INFO - Sync 1 DAGs
[2024-08-02T06:25:45.439+0000] {logging_mixin.py:120} INFO - [2024-08-02T06:25:45.439+0000] {dag.py:3340} INFO - Setting next_dagrun for tutorial_taskflow_api_virtualenv to None, run_after=None
[2024-08-02T06:25:45.470+0000] {processor.py:176} INFO - Processing /home/airflow/.local/lib/python3.7/site-packages/airflow/example_dags/tutorial_taskflow_api_virtualenv.py took 0.155 seconds
[2024-08-02T06:26:15.596+0000] {processor.py:154} INFO - Started process (PID=7956) to work on /home/airflow/.local/lib/python3.7/site-packages/airflow/example_dags/tutorial_taskflow_api_virtualenv.py
[2024-08-02T06:26:15.598+0000] {processor.py:756} INFO - Processing file /home/airflow/.local/lib/python3.7/site-packages/airflow/example_dags/tutorial_taskflow_api_virtualenv.py for tasks to queue
[2024-08-02T06:26:15.599+0000] {logging_mixin.py:120} INFO - [2024-08-02T06:26:15.599+0000] {dagbag.py:537} INFO - Filling up the DagBag from /home/airflow/.local/lib/python3.7/site-packages/airflow/example_dags/tutorial_taskflow_api_virtualenv.py
[2024-08-02T06:26:15.621+0000] {processor.py:766} INFO - DAG(s) dict_keys(['tutorial_taskflow_api_virtualenv']) retrieved from /home/airflow/.local/lib/python3.7/site-packages/airflow/example_dags/tutorial_taskflow_api_virtualenv.py
[2024-08-02T06:26:15.665+0000] {logging_mixin.py:120} INFO - [2024-08-02T06:26:15.665+0000] {dag.py:2585} INFO - Sync 1 DAGs
[2024-08-02T06:26:15.708+0000] {logging_mixin.py:120} INFO - [2024-08-02T06:26:15.708+0000] {dag.py:3340} INFO - Setting next_dagrun for tutorial_taskflow_api_virtualenv to None, run_after=None
[2024-08-02T06:26:15.766+0000] {processor.py:176} INFO - Processing /home/airflow/.local/lib/python3.7/site-packages/airflow/example_dags/tutorial_taskflow_api_virtualenv.py took 0.174 seconds
[2024-08-02T06:26:46.788+0000] {processor.py:154} INFO - Started process (PID=8021) to work on /home/airflow/.local/lib/python3.7/site-packages/airflow/example_dags/tutorial_taskflow_api_virtualenv.py
[2024-08-02T06:26:46.790+0000] {processor.py:756} INFO - Processing file /home/airflow/.local/lib/python3.7/site-packages/airflow/example_dags/tutorial_taskflow_api_virtualenv.py for tasks to queue
[2024-08-02T06:26:46.791+0000] {logging_mixin.py:120} INFO - [2024-08-02T06:26:46.791+0000] {dagbag.py:537} INFO - Filling up the DagBag from /home/airflow/.local/lib/python3.7/site-packages/airflow/example_dags/tutorial_taskflow_api_virtualenv.py
[2024-08-02T06:26:46.825+0000] {processor.py:766} INFO - DAG(s) dict_keys(['tutorial_taskflow_api_virtualenv']) retrieved from /home/airflow/.local/lib/python3.7/site-packages/airflow/example_dags/tutorial_taskflow_api_virtualenv.py
[2024-08-02T06:26:46.885+0000] {logging_mixin.py:120} INFO - [2024-08-02T06:26:46.885+0000] {dag.py:2585} INFO - Sync 1 DAGs
[2024-08-02T06:26:46.924+0000] {logging_mixin.py:120} INFO - [2024-08-02T06:26:46.924+0000] {dag.py:3340} INFO - Setting next_dagrun for tutorial_taskflow_api_virtualenv to None, run_after=None
[2024-08-02T06:26:46.957+0000] {processor.py:176} INFO - Processing /home/airflow/.local/lib/python3.7/site-packages/airflow/example_dags/tutorial_taskflow_api_virtualenv.py took 0.172 seconds
[2024-08-02T06:27:17.575+0000] {processor.py:154} INFO - Started process (PID=8086) to work on /home/airflow/.local/lib/python3.7/site-packages/airflow/example_dags/tutorial_taskflow_api_virtualenv.py
[2024-08-02T06:27:17.579+0000] {processor.py:756} INFO - Processing file /home/airflow/.local/lib/python3.7/site-packages/airflow/example_dags/tutorial_taskflow_api_virtualenv.py for tasks to queue
[2024-08-02T06:27:17.582+0000] {logging_mixin.py:120} INFO - [2024-08-02T06:27:17.581+0000] {dagbag.py:537} INFO - Filling up the DagBag from /home/airflow/.local/lib/python3.7/site-packages/airflow/example_dags/tutorial_taskflow_api_virtualenv.py
[2024-08-02T06:27:17.621+0000] {processor.py:766} INFO - DAG(s) dict_keys(['tutorial_taskflow_api_virtualenv']) retrieved from /home/airflow/.local/lib/python3.7/site-packages/airflow/example_dags/tutorial_taskflow_api_virtualenv.py
[2024-08-02T06:27:17.695+0000] {logging_mixin.py:120} INFO - [2024-08-02T06:27:17.694+0000] {dag.py:2585} INFO - Sync 1 DAGs
[2024-08-02T06:27:17.748+0000] {logging_mixin.py:120} INFO - [2024-08-02T06:27:17.747+0000] {dag.py:3340} INFO - Setting next_dagrun for tutorial_taskflow_api_virtualenv to None, run_after=None
[2024-08-02T06:27:17.775+0000] {processor.py:176} INFO - Processing /home/airflow/.local/lib/python3.7/site-packages/airflow/example_dags/tutorial_taskflow_api_virtualenv.py took 0.206 seconds
[2024-08-02T08:24:13.539+0000] {processor.py:154} INFO - Started process (PID=79) to work on /home/airflow/.local/lib/python3.7/site-packages/airflow/example_dags/tutorial_taskflow_api_virtualenv.py
[2024-08-02T08:24:13.541+0000] {processor.py:756} INFO - Processing file /home/airflow/.local/lib/python3.7/site-packages/airflow/example_dags/tutorial_taskflow_api_virtualenv.py for tasks to queue
[2024-08-02T08:24:13.544+0000] {logging_mixin.py:120} INFO - [2024-08-02T08:24:13.543+0000] {dagbag.py:537} INFO - Filling up the DagBag from /home/airflow/.local/lib/python3.7/site-packages/airflow/example_dags/tutorial_taskflow_api_virtualenv.py
[2024-08-02T08:24:13.580+0000] {processor.py:766} INFO - DAG(s) dict_keys(['tutorial_taskflow_api_virtualenv']) retrieved from /home/airflow/.local/lib/python3.7/site-packages/airflow/example_dags/tutorial_taskflow_api_virtualenv.py
[2024-08-02T08:24:13.663+0000] {logging_mixin.py:120} INFO - [2024-08-02T08:24:13.663+0000] {dag.py:2585} INFO - Sync 1 DAGs
[2024-08-02T08:24:13.734+0000] {logging_mixin.py:120} INFO - [2024-08-02T08:24:13.734+0000] {dag.py:3340} INFO - Setting next_dagrun for tutorial_taskflow_api_virtualenv to None, run_after=None
[2024-08-02T08:24:13.803+0000] {processor.py:176} INFO - Processing /home/airflow/.local/lib/python3.7/site-packages/airflow/example_dags/tutorial_taskflow_api_virtualenv.py took 0.269 seconds
[2024-08-02T08:24:59.690+0000] {processor.py:154} INFO - Started process (PID=153) to work on /home/airflow/.local/lib/python3.7/site-packages/airflow/example_dags/tutorial_taskflow_api_virtualenv.py
[2024-08-02T08:24:59.693+0000] {processor.py:756} INFO - Processing file /home/airflow/.local/lib/python3.7/site-packages/airflow/example_dags/tutorial_taskflow_api_virtualenv.py for tasks to queue
[2024-08-02T08:24:59.701+0000] {logging_mixin.py:120} INFO - [2024-08-02T08:24:59.700+0000] {dagbag.py:537} INFO - Filling up the DagBag from /home/airflow/.local/lib/python3.7/site-packages/airflow/example_dags/tutorial_taskflow_api_virtualenv.py
[2024-08-02T08:24:59.769+0000] {processor.py:766} INFO - DAG(s) dict_keys(['tutorial_taskflow_api_virtualenv']) retrieved from /home/airflow/.local/lib/python3.7/site-packages/airflow/example_dags/tutorial_taskflow_api_virtualenv.py
[2024-08-02T08:24:59.908+0000] {logging_mixin.py:120} INFO - [2024-08-02T08:24:59.908+0000] {dag.py:2585} INFO - Sync 1 DAGs
[2024-08-02T08:25:00.002+0000] {logging_mixin.py:120} INFO - [2024-08-02T08:25:00.002+0000] {dag.py:3340} INFO - Setting next_dagrun for tutorial_taskflow_api_virtualenv to None, run_after=None
[2024-08-02T08:25:00.077+0000] {processor.py:176} INFO - Processing /home/airflow/.local/lib/python3.7/site-packages/airflow/example_dags/tutorial_taskflow_api_virtualenv.py took 0.394 seconds
[2024-08-02T08:25:30.817+0000] {processor.py:154} INFO - Started process (PID=210) to work on /home/airflow/.local/lib/python3.7/site-packages/airflow/example_dags/tutorial_taskflow_api_virtualenv.py
[2024-08-02T08:25:30.875+0000] {processor.py:756} INFO - Processing file /home/airflow/.local/lib/python3.7/site-packages/airflow/example_dags/tutorial_taskflow_api_virtualenv.py for tasks to queue
[2024-08-02T08:25:30.942+0000] {logging_mixin.py:120} INFO - [2024-08-02T08:25:30.942+0000] {dagbag.py:537} INFO - Filling up the DagBag from /home/airflow/.local/lib/python3.7/site-packages/airflow/example_dags/tutorial_taskflow_api_virtualenv.py
[2024-08-02T08:25:30.989+0000] {processor.py:766} INFO - DAG(s) dict_keys(['tutorial_taskflow_api_virtualenv']) retrieved from /home/airflow/.local/lib/python3.7/site-packages/airflow/example_dags/tutorial_taskflow_api_virtualenv.py
[2024-08-02T08:25:31.116+0000] {logging_mixin.py:120} INFO - [2024-08-02T08:25:31.116+0000] {dag.py:2585} INFO - Sync 1 DAGs
[2024-08-02T08:25:31.204+0000] {logging_mixin.py:120} INFO - [2024-08-02T08:25:31.204+0000] {dag.py:3340} INFO - Setting next_dagrun for tutorial_taskflow_api_virtualenv to None, run_after=None
[2024-08-02T08:25:31.279+0000] {processor.py:176} INFO - Processing /home/airflow/.local/lib/python3.7/site-packages/airflow/example_dags/tutorial_taskflow_api_virtualenv.py took 0.466 seconds
[2024-08-02T08:26:01.496+0000] {processor.py:154} INFO - Started process (PID=274) to work on /home/airflow/.local/lib/python3.7/site-packages/airflow/example_dags/tutorial_taskflow_api_virtualenv.py
[2024-08-02T08:26:01.497+0000] {processor.py:756} INFO - Processing file /home/airflow/.local/lib/python3.7/site-packages/airflow/example_dags/tutorial_taskflow_api_virtualenv.py for tasks to queue
[2024-08-02T08:26:01.499+0000] {logging_mixin.py:120} INFO - [2024-08-02T08:26:01.499+0000] {dagbag.py:537} INFO - Filling up the DagBag from /home/airflow/.local/lib/python3.7/site-packages/airflow/example_dags/tutorial_taskflow_api_virtualenv.py
[2024-08-02T08:26:01.542+0000] {processor.py:766} INFO - DAG(s) dict_keys(['tutorial_taskflow_api_virtualenv']) retrieved from /home/airflow/.local/lib/python3.7/site-packages/airflow/example_dags/tutorial_taskflow_api_virtualenv.py
[2024-08-02T08:26:01.603+0000] {logging_mixin.py:120} INFO - [2024-08-02T08:26:01.603+0000] {dag.py:2585} INFO - Sync 1 DAGs
[2024-08-02T08:26:01.644+0000] {logging_mixin.py:120} INFO - [2024-08-02T08:26:01.643+0000] {dag.py:3340} INFO - Setting next_dagrun for tutorial_taskflow_api_virtualenv to None, run_after=None
[2024-08-02T08:26:01.682+0000] {processor.py:176} INFO - Processing /home/airflow/.local/lib/python3.7/site-packages/airflow/example_dags/tutorial_taskflow_api_virtualenv.py took 0.192 seconds
[2024-08-02T08:26:32.426+0000] {processor.py:154} INFO - Started process (PID=330) to work on /home/airflow/.local/lib/python3.7/site-packages/airflow/example_dags/tutorial_taskflow_api_virtualenv.py
[2024-08-02T08:26:32.428+0000] {processor.py:756} INFO - Processing file /home/airflow/.local/lib/python3.7/site-packages/airflow/example_dags/tutorial_taskflow_api_virtualenv.py for tasks to queue
[2024-08-02T08:26:32.432+0000] {logging_mixin.py:120} INFO - [2024-08-02T08:26:32.431+0000] {dagbag.py:537} INFO - Filling up the DagBag from /home/airflow/.local/lib/python3.7/site-packages/airflow/example_dags/tutorial_taskflow_api_virtualenv.py
[2024-08-02T08:26:32.459+0000] {processor.py:766} INFO - DAG(s) dict_keys(['tutorial_taskflow_api_virtualenv']) retrieved from /home/airflow/.local/lib/python3.7/site-packages/airflow/example_dags/tutorial_taskflow_api_virtualenv.py
[2024-08-02T08:26:32.509+0000] {logging_mixin.py:120} INFO - [2024-08-02T08:26:32.509+0000] {dag.py:2585} INFO - Sync 1 DAGs
[2024-08-02T08:26:32.532+0000] {logging_mixin.py:120} INFO - [2024-08-02T08:26:32.532+0000] {dag.py:3340} INFO - Setting next_dagrun for tutorial_taskflow_api_virtualenv to None, run_after=None
[2024-08-02T08:26:32.550+0000] {processor.py:176} INFO - Processing /home/airflow/.local/lib/python3.7/site-packages/airflow/example_dags/tutorial_taskflow_api_virtualenv.py took 0.128 seconds
[2024-08-02T08:27:03.453+0000] {processor.py:154} INFO - Started process (PID=396) to work on /home/airflow/.local/lib/python3.7/site-packages/airflow/example_dags/tutorial_taskflow_api_virtualenv.py
[2024-08-02T08:27:03.454+0000] {processor.py:756} INFO - Processing file /home/airflow/.local/lib/python3.7/site-packages/airflow/example_dags/tutorial_taskflow_api_virtualenv.py for tasks to queue
[2024-08-02T08:27:03.455+0000] {logging_mixin.py:120} INFO - [2024-08-02T08:27:03.455+0000] {dagbag.py:537} INFO - Filling up the DagBag from /home/airflow/.local/lib/python3.7/site-packages/airflow/example_dags/tutorial_taskflow_api_virtualenv.py
[2024-08-02T08:27:03.475+0000] {processor.py:766} INFO - DAG(s) dict_keys(['tutorial_taskflow_api_virtualenv']) retrieved from /home/airflow/.local/lib/python3.7/site-packages/airflow/example_dags/tutorial_taskflow_api_virtualenv.py
[2024-08-02T08:27:03.514+0000] {logging_mixin.py:120} INFO - [2024-08-02T08:27:03.514+0000] {dag.py:2585} INFO - Sync 1 DAGs
[2024-08-02T08:27:03.539+0000] {logging_mixin.py:120} INFO - [2024-08-02T08:27:03.538+0000] {dag.py:3340} INFO - Setting next_dagrun for tutorial_taskflow_api_virtualenv to None, run_after=None
[2024-08-02T08:27:03.563+0000] {processor.py:176} INFO - Processing /home/airflow/.local/lib/python3.7/site-packages/airflow/example_dags/tutorial_taskflow_api_virtualenv.py took 0.113 seconds
[2024-08-02T08:27:37.452+0000] {processor.py:154} INFO - Started process (PID=461) to work on /home/airflow/.local/lib/python3.7/site-packages/airflow/example_dags/tutorial_taskflow_api_virtualenv.py
[2024-08-02T08:27:37.458+0000] {processor.py:756} INFO - Processing file /home/airflow/.local/lib/python3.7/site-packages/airflow/example_dags/tutorial_taskflow_api_virtualenv.py for tasks to queue
[2024-08-02T08:27:37.460+0000] {logging_mixin.py:120} INFO - [2024-08-02T08:27:37.460+0000] {dagbag.py:537} INFO - Filling up the DagBag from /home/airflow/.local/lib/python3.7/site-packages/airflow/example_dags/tutorial_taskflow_api_virtualenv.py
[2024-08-02T08:27:37.501+0000] {processor.py:766} INFO - DAG(s) dict_keys(['tutorial_taskflow_api_virtualenv']) retrieved from /home/airflow/.local/lib/python3.7/site-packages/airflow/example_dags/tutorial_taskflow_api_virtualenv.py
[2024-08-02T08:27:37.628+0000] {logging_mixin.py:120} INFO - [2024-08-02T08:27:37.628+0000] {dag.py:2585} INFO - Sync 1 DAGs
[2024-08-02T08:27:37.754+0000] {logging_mixin.py:120} INFO - [2024-08-02T08:27:37.753+0000] {dag.py:3340} INFO - Setting next_dagrun for tutorial_taskflow_api_virtualenv to None, run_after=None
[2024-08-02T08:27:37.929+0000] {processor.py:176} INFO - Processing /home/airflow/.local/lib/python3.7/site-packages/airflow/example_dags/tutorial_taskflow_api_virtualenv.py took 0.480 seconds
[2024-08-02T08:28:08.301+0000] {processor.py:154} INFO - Started process (PID=527) to work on /home/airflow/.local/lib/python3.7/site-packages/airflow/example_dags/tutorial_taskflow_api_virtualenv.py
[2024-08-02T08:28:08.400+0000] {processor.py:756} INFO - Processing file /home/airflow/.local/lib/python3.7/site-packages/airflow/example_dags/tutorial_taskflow_api_virtualenv.py for tasks to queue
[2024-08-02T08:28:08.416+0000] {logging_mixin.py:120} INFO - [2024-08-02T08:28:08.416+0000] {dagbag.py:537} INFO - Filling up the DagBag from /home/airflow/.local/lib/python3.7/site-packages/airflow/example_dags/tutorial_taskflow_api_virtualenv.py
[2024-08-02T08:28:08.445+0000] {processor.py:766} INFO - DAG(s) dict_keys(['tutorial_taskflow_api_virtualenv']) retrieved from /home/airflow/.local/lib/python3.7/site-packages/airflow/example_dags/tutorial_taskflow_api_virtualenv.py
[2024-08-02T08:28:08.611+0000] {logging_mixin.py:120} INFO - [2024-08-02T08:28:08.611+0000] {dag.py:2585} INFO - Sync 1 DAGs
[2024-08-02T08:28:08.683+0000] {logging_mixin.py:120} INFO - [2024-08-02T08:28:08.683+0000] {dag.py:3340} INFO - Setting next_dagrun for tutorial_taskflow_api_virtualenv to None, run_after=None
[2024-08-02T08:28:08.727+0000] {processor.py:176} INFO - Processing /home/airflow/.local/lib/python3.7/site-packages/airflow/example_dags/tutorial_taskflow_api_virtualenv.py took 0.430 seconds
[2024-08-02T08:28:38.921+0000] {processor.py:154} INFO - Started process (PID=583) to work on /home/airflow/.local/lib/python3.7/site-packages/airflow/example_dags/tutorial_taskflow_api_virtualenv.py
[2024-08-02T08:28:38.967+0000] {processor.py:756} INFO - Processing file /home/airflow/.local/lib/python3.7/site-packages/airflow/example_dags/tutorial_taskflow_api_virtualenv.py for tasks to queue
[2024-08-02T08:28:38.968+0000] {logging_mixin.py:120} INFO - [2024-08-02T08:28:38.968+0000] {dagbag.py:537} INFO - Filling up the DagBag from /home/airflow/.local/lib/python3.7/site-packages/airflow/example_dags/tutorial_taskflow_api_virtualenv.py
[2024-08-02T08:28:38.995+0000] {processor.py:766} INFO - DAG(s) dict_keys(['tutorial_taskflow_api_virtualenv']) retrieved from /home/airflow/.local/lib/python3.7/site-packages/airflow/example_dags/tutorial_taskflow_api_virtualenv.py
[2024-08-02T08:28:39.034+0000] {logging_mixin.py:120} INFO - [2024-08-02T08:28:39.034+0000] {dag.py:2585} INFO - Sync 1 DAGs
[2024-08-02T08:28:39.068+0000] {logging_mixin.py:120} INFO - [2024-08-02T08:28:39.068+0000] {dag.py:3340} INFO - Setting next_dagrun for tutorial_taskflow_api_virtualenv to None, run_after=None
[2024-08-02T08:28:39.117+0000] {processor.py:176} INFO - Processing /home/airflow/.local/lib/python3.7/site-packages/airflow/example_dags/tutorial_taskflow_api_virtualenv.py took 0.199 seconds
[2024-08-02T08:29:12.320+0000] {processor.py:154} INFO - Started process (PID=648) to work on /home/airflow/.local/lib/python3.7/site-packages/airflow/example_dags/tutorial_taskflow_api_virtualenv.py
[2024-08-02T08:29:12.337+0000] {processor.py:756} INFO - Processing file /home/airflow/.local/lib/python3.7/site-packages/airflow/example_dags/tutorial_taskflow_api_virtualenv.py for tasks to queue
[2024-08-02T08:29:12.415+0000] {logging_mixin.py:120} INFO - [2024-08-02T08:29:12.415+0000] {dagbag.py:537} INFO - Filling up the DagBag from /home/airflow/.local/lib/python3.7/site-packages/airflow/example_dags/tutorial_taskflow_api_virtualenv.py
[2024-08-02T08:29:12.513+0000] {processor.py:766} INFO - DAG(s) dict_keys(['tutorial_taskflow_api_virtualenv']) retrieved from /home/airflow/.local/lib/python3.7/site-packages/airflow/example_dags/tutorial_taskflow_api_virtualenv.py
[2024-08-02T08:29:12.678+0000] {logging_mixin.py:120} INFO - [2024-08-02T08:29:12.677+0000] {dag.py:2585} INFO - Sync 1 DAGs
[2024-08-02T08:29:12.813+0000] {logging_mixin.py:120} INFO - [2024-08-02T08:29:12.813+0000] {dag.py:3340} INFO - Setting next_dagrun for tutorial_taskflow_api_virtualenv to None, run_after=None
[2024-08-02T08:29:12.938+0000] {processor.py:176} INFO - Processing /home/airflow/.local/lib/python3.7/site-packages/airflow/example_dags/tutorial_taskflow_api_virtualenv.py took 0.622 seconds
[2024-08-02T08:29:43.796+0000] {processor.py:154} INFO - Started process (PID=713) to work on /home/airflow/.local/lib/python3.7/site-packages/airflow/example_dags/tutorial_taskflow_api_virtualenv.py
[2024-08-02T08:29:43.844+0000] {processor.py:756} INFO - Processing file /home/airflow/.local/lib/python3.7/site-packages/airflow/example_dags/tutorial_taskflow_api_virtualenv.py for tasks to queue
[2024-08-02T08:29:43.894+0000] {logging_mixin.py:120} INFO - [2024-08-02T08:29:43.893+0000] {dagbag.py:537} INFO - Filling up the DagBag from /home/airflow/.local/lib/python3.7/site-packages/airflow/example_dags/tutorial_taskflow_api_virtualenv.py
[2024-08-02T08:29:44.088+0000] {processor.py:766} INFO - DAG(s) dict_keys(['tutorial_taskflow_api_virtualenv']) retrieved from /home/airflow/.local/lib/python3.7/site-packages/airflow/example_dags/tutorial_taskflow_api_virtualenv.py
[2024-08-02T08:29:44.171+0000] {logging_mixin.py:120} INFO - [2024-08-02T08:29:44.171+0000] {dag.py:2585} INFO - Sync 1 DAGs
[2024-08-02T08:29:44.265+0000] {logging_mixin.py:120} INFO - [2024-08-02T08:29:44.265+0000] {dag.py:3340} INFO - Setting next_dagrun for tutorial_taskflow_api_virtualenv to None, run_after=None
[2024-08-02T08:29:44.382+0000] {processor.py:176} INFO - Processing /home/airflow/.local/lib/python3.7/site-packages/airflow/example_dags/tutorial_taskflow_api_virtualenv.py took 0.589 seconds
[2024-08-02T08:30:15.029+0000] {processor.py:154} INFO - Started process (PID=769) to work on /home/airflow/.local/lib/python3.7/site-packages/airflow/example_dags/tutorial_taskflow_api_virtualenv.py
[2024-08-02T08:30:15.030+0000] {processor.py:756} INFO - Processing file /home/airflow/.local/lib/python3.7/site-packages/airflow/example_dags/tutorial_taskflow_api_virtualenv.py for tasks to queue
[2024-08-02T08:30:15.031+0000] {logging_mixin.py:120} INFO - [2024-08-02T08:30:15.031+0000] {dagbag.py:537} INFO - Filling up the DagBag from /home/airflow/.local/lib/python3.7/site-packages/airflow/example_dags/tutorial_taskflow_api_virtualenv.py
[2024-08-02T08:30:15.051+0000] {processor.py:766} INFO - DAG(s) dict_keys(['tutorial_taskflow_api_virtualenv']) retrieved from /home/airflow/.local/lib/python3.7/site-packages/airflow/example_dags/tutorial_taskflow_api_virtualenv.py
[2024-08-02T08:30:15.096+0000] {logging_mixin.py:120} INFO - [2024-08-02T08:30:15.095+0000] {dag.py:2585} INFO - Sync 1 DAGs
[2024-08-02T08:30:15.118+0000] {logging_mixin.py:120} INFO - [2024-08-02T08:30:15.118+0000] {dag.py:3340} INFO - Setting next_dagrun for tutorial_taskflow_api_virtualenv to None, run_after=None
[2024-08-02T08:30:15.142+0000] {processor.py:176} INFO - Processing /home/airflow/.local/lib/python3.7/site-packages/airflow/example_dags/tutorial_taskflow_api_virtualenv.py took 0.116 seconds
[2024-08-02T08:30:45.300+0000] {processor.py:154} INFO - Started process (PID=835) to work on /home/airflow/.local/lib/python3.7/site-packages/airflow/example_dags/tutorial_taskflow_api_virtualenv.py
[2024-08-02T08:30:45.301+0000] {processor.py:756} INFO - Processing file /home/airflow/.local/lib/python3.7/site-packages/airflow/example_dags/tutorial_taskflow_api_virtualenv.py for tasks to queue
[2024-08-02T08:30:45.302+0000] {logging_mixin.py:120} INFO - [2024-08-02T08:30:45.302+0000] {dagbag.py:537} INFO - Filling up the DagBag from /home/airflow/.local/lib/python3.7/site-packages/airflow/example_dags/tutorial_taskflow_api_virtualenv.py
[2024-08-02T08:30:45.322+0000] {processor.py:766} INFO - DAG(s) dict_keys(['tutorial_taskflow_api_virtualenv']) retrieved from /home/airflow/.local/lib/python3.7/site-packages/airflow/example_dags/tutorial_taskflow_api_virtualenv.py
[2024-08-02T08:30:45.367+0000] {logging_mixin.py:120} INFO - [2024-08-02T08:30:45.367+0000] {dag.py:2585} INFO - Sync 1 DAGs
[2024-08-02T08:30:45.395+0000] {logging_mixin.py:120} INFO - [2024-08-02T08:30:45.395+0000] {dag.py:3340} INFO - Setting next_dagrun for tutorial_taskflow_api_virtualenv to None, run_after=None
[2024-08-02T08:30:45.432+0000] {processor.py:176} INFO - Processing /home/airflow/.local/lib/python3.7/site-packages/airflow/example_dags/tutorial_taskflow_api_virtualenv.py took 0.135 seconds
[2024-08-02T08:31:16.062+0000] {processor.py:154} INFO - Started process (PID=900) to work on /home/airflow/.local/lib/python3.7/site-packages/airflow/example_dags/tutorial_taskflow_api_virtualenv.py
[2024-08-02T08:31:16.064+0000] {processor.py:756} INFO - Processing file /home/airflow/.local/lib/python3.7/site-packages/airflow/example_dags/tutorial_taskflow_api_virtualenv.py for tasks to queue
[2024-08-02T08:31:16.065+0000] {logging_mixin.py:120} INFO - [2024-08-02T08:31:16.065+0000] {dagbag.py:537} INFO - Filling up the DagBag from /home/airflow/.local/lib/python3.7/site-packages/airflow/example_dags/tutorial_taskflow_api_virtualenv.py
[2024-08-02T08:31:16.088+0000] {processor.py:766} INFO - DAG(s) dict_keys(['tutorial_taskflow_api_virtualenv']) retrieved from /home/airflow/.local/lib/python3.7/site-packages/airflow/example_dags/tutorial_taskflow_api_virtualenv.py
[2024-08-02T08:31:16.161+0000] {logging_mixin.py:120} INFO - [2024-08-02T08:31:16.161+0000] {dag.py:2585} INFO - Sync 1 DAGs
[2024-08-02T08:31:16.235+0000] {logging_mixin.py:120} INFO - [2024-08-02T08:31:16.235+0000] {dag.py:3340} INFO - Setting next_dagrun for tutorial_taskflow_api_virtualenv to None, run_after=None
[2024-08-02T08:31:16.361+0000] {processor.py:176} INFO - Processing /home/airflow/.local/lib/python3.7/site-packages/airflow/example_dags/tutorial_taskflow_api_virtualenv.py took 0.303 seconds
[2024-08-02T08:31:51.537+0000] {processor.py:154} INFO - Started process (PID=966) to work on /home/airflow/.local/lib/python3.7/site-packages/airflow/example_dags/tutorial_taskflow_api_virtualenv.py
[2024-08-02T08:31:51.548+0000] {processor.py:756} INFO - Processing file /home/airflow/.local/lib/python3.7/site-packages/airflow/example_dags/tutorial_taskflow_api_virtualenv.py for tasks to queue
[2024-08-02T08:31:51.559+0000] {logging_mixin.py:120} INFO - [2024-08-02T08:31:51.559+0000] {dagbag.py:537} INFO - Filling up the DagBag from /home/airflow/.local/lib/python3.7/site-packages/airflow/example_dags/tutorial_taskflow_api_virtualenv.py
[2024-08-02T08:31:51.602+0000] {processor.py:766} INFO - DAG(s) dict_keys(['tutorial_taskflow_api_virtualenv']) retrieved from /home/airflow/.local/lib/python3.7/site-packages/airflow/example_dags/tutorial_taskflow_api_virtualenv.py
[2024-08-02T08:31:51.666+0000] {logging_mixin.py:120} INFO - [2024-08-02T08:31:51.666+0000] {dag.py:2585} INFO - Sync 1 DAGs
[2024-08-02T08:31:51.752+0000] {logging_mixin.py:120} INFO - [2024-08-02T08:31:51.752+0000] {dag.py:3340} INFO - Setting next_dagrun for tutorial_taskflow_api_virtualenv to None, run_after=None
[2024-08-02T08:31:51.800+0000] {processor.py:176} INFO - Processing /home/airflow/.local/lib/python3.7/site-packages/airflow/example_dags/tutorial_taskflow_api_virtualenv.py took 0.267 seconds
[2024-08-02T08:32:23.131+0000] {processor.py:154} INFO - Started process (PID=1022) to work on /home/airflow/.local/lib/python3.7/site-packages/airflow/example_dags/tutorial_taskflow_api_virtualenv.py
[2024-08-02T08:32:23.132+0000] {processor.py:756} INFO - Processing file /home/airflow/.local/lib/python3.7/site-packages/airflow/example_dags/tutorial_taskflow_api_virtualenv.py for tasks to queue
[2024-08-02T08:32:23.138+0000] {logging_mixin.py:120} INFO - [2024-08-02T08:32:23.133+0000] {dagbag.py:537} INFO - Filling up the DagBag from /home/airflow/.local/lib/python3.7/site-packages/airflow/example_dags/tutorial_taskflow_api_virtualenv.py
[2024-08-02T08:32:23.186+0000] {processor.py:766} INFO - DAG(s) dict_keys(['tutorial_taskflow_api_virtualenv']) retrieved from /home/airflow/.local/lib/python3.7/site-packages/airflow/example_dags/tutorial_taskflow_api_virtualenv.py
[2024-08-02T08:32:23.225+0000] {logging_mixin.py:120} INFO - [2024-08-02T08:32:23.225+0000] {dag.py:2585} INFO - Sync 1 DAGs
[2024-08-02T08:32:23.250+0000] {logging_mixin.py:120} INFO - [2024-08-02T08:32:23.250+0000] {dag.py:3340} INFO - Setting next_dagrun for tutorial_taskflow_api_virtualenv to None, run_after=None
[2024-08-02T08:32:23.280+0000] {processor.py:176} INFO - Processing /home/airflow/.local/lib/python3.7/site-packages/airflow/example_dags/tutorial_taskflow_api_virtualenv.py took 0.153 seconds
[2024-08-02T08:32:53.676+0000] {processor.py:154} INFO - Started process (PID=1088) to work on /home/airflow/.local/lib/python3.7/site-packages/airflow/example_dags/tutorial_taskflow_api_virtualenv.py
[2024-08-02T08:32:53.678+0000] {processor.py:756} INFO - Processing file /home/airflow/.local/lib/python3.7/site-packages/airflow/example_dags/tutorial_taskflow_api_virtualenv.py for tasks to queue
[2024-08-02T08:32:53.684+0000] {logging_mixin.py:120} INFO - [2024-08-02T08:32:53.684+0000] {dagbag.py:537} INFO - Filling up the DagBag from /home/airflow/.local/lib/python3.7/site-packages/airflow/example_dags/tutorial_taskflow_api_virtualenv.py
[2024-08-02T08:32:53.739+0000] {processor.py:766} INFO - DAG(s) dict_keys(['tutorial_taskflow_api_virtualenv']) retrieved from /home/airflow/.local/lib/python3.7/site-packages/airflow/example_dags/tutorial_taskflow_api_virtualenv.py
[2024-08-02T08:32:53.820+0000] {logging_mixin.py:120} INFO - [2024-08-02T08:32:53.820+0000] {dag.py:2585} INFO - Sync 1 DAGs
[2024-08-02T08:32:53.894+0000] {logging_mixin.py:120} INFO - [2024-08-02T08:32:53.894+0000] {dag.py:3340} INFO - Setting next_dagrun for tutorial_taskflow_api_virtualenv to None, run_after=None
[2024-08-02T08:32:53.930+0000] {processor.py:176} INFO - Processing /home/airflow/.local/lib/python3.7/site-packages/airflow/example_dags/tutorial_taskflow_api_virtualenv.py took 0.257 seconds
[2024-08-02T08:33:24.683+0000] {processor.py:154} INFO - Started process (PID=1144) to work on /home/airflow/.local/lib/python3.7/site-packages/airflow/example_dags/tutorial_taskflow_api_virtualenv.py
[2024-08-02T08:33:24.686+0000] {processor.py:756} INFO - Processing file /home/airflow/.local/lib/python3.7/site-packages/airflow/example_dags/tutorial_taskflow_api_virtualenv.py for tasks to queue
[2024-08-02T08:33:24.705+0000] {logging_mixin.py:120} INFO - [2024-08-02T08:33:24.705+0000] {dagbag.py:537} INFO - Filling up the DagBag from /home/airflow/.local/lib/python3.7/site-packages/airflow/example_dags/tutorial_taskflow_api_virtualenv.py
[2024-08-02T08:33:24.739+0000] {processor.py:766} INFO - DAG(s) dict_keys(['tutorial_taskflow_api_virtualenv']) retrieved from /home/airflow/.local/lib/python3.7/site-packages/airflow/example_dags/tutorial_taskflow_api_virtualenv.py
[2024-08-02T08:33:24.786+0000] {logging_mixin.py:120} INFO - [2024-08-02T08:33:24.786+0000] {dag.py:2585} INFO - Sync 1 DAGs
[2024-08-02T08:33:24.821+0000] {logging_mixin.py:120} INFO - [2024-08-02T08:33:24.821+0000] {dag.py:3340} INFO - Setting next_dagrun for tutorial_taskflow_api_virtualenv to None, run_after=None
[2024-08-02T08:33:24.851+0000] {processor.py:176} INFO - Processing /home/airflow/.local/lib/python3.7/site-packages/airflow/example_dags/tutorial_taskflow_api_virtualenv.py took 0.171 seconds
[2024-08-02T08:33:57.154+0000] {processor.py:154} INFO - Started process (PID=1209) to work on /home/airflow/.local/lib/python3.7/site-packages/airflow/example_dags/tutorial_taskflow_api_virtualenv.py
[2024-08-02T08:33:57.155+0000] {processor.py:756} INFO - Processing file /home/airflow/.local/lib/python3.7/site-packages/airflow/example_dags/tutorial_taskflow_api_virtualenv.py for tasks to queue
[2024-08-02T08:33:57.156+0000] {logging_mixin.py:120} INFO - [2024-08-02T08:33:57.156+0000] {dagbag.py:537} INFO - Filling up the DagBag from /home/airflow/.local/lib/python3.7/site-packages/airflow/example_dags/tutorial_taskflow_api_virtualenv.py
[2024-08-02T08:33:57.184+0000] {processor.py:766} INFO - DAG(s) dict_keys(['tutorial_taskflow_api_virtualenv']) retrieved from /home/airflow/.local/lib/python3.7/site-packages/airflow/example_dags/tutorial_taskflow_api_virtualenv.py
[2024-08-02T08:33:57.354+0000] {logging_mixin.py:120} INFO - [2024-08-02T08:33:57.354+0000] {dag.py:2585} INFO - Sync 1 DAGs
[2024-08-02T08:33:57.515+0000] {logging_mixin.py:120} INFO - [2024-08-02T08:33:57.515+0000] {dag.py:3340} INFO - Setting next_dagrun for tutorial_taskflow_api_virtualenv to None, run_after=None
[2024-08-02T08:33:57.540+0000] {processor.py:176} INFO - Processing /home/airflow/.local/lib/python3.7/site-packages/airflow/example_dags/tutorial_taskflow_api_virtualenv.py took 0.390 seconds
[2024-08-02T08:34:27.773+0000] {processor.py:154} INFO - Started process (PID=1273) to work on /home/airflow/.local/lib/python3.7/site-packages/airflow/example_dags/tutorial_taskflow_api_virtualenv.py
[2024-08-02T08:34:27.776+0000] {processor.py:756} INFO - Processing file /home/airflow/.local/lib/python3.7/site-packages/airflow/example_dags/tutorial_taskflow_api_virtualenv.py for tasks to queue
[2024-08-02T08:34:27.778+0000] {logging_mixin.py:120} INFO - [2024-08-02T08:34:27.777+0000] {dagbag.py:537} INFO - Filling up the DagBag from /home/airflow/.local/lib/python3.7/site-packages/airflow/example_dags/tutorial_taskflow_api_virtualenv.py
[2024-08-02T08:34:27.815+0000] {processor.py:766} INFO - DAG(s) dict_keys(['tutorial_taskflow_api_virtualenv']) retrieved from /home/airflow/.local/lib/python3.7/site-packages/airflow/example_dags/tutorial_taskflow_api_virtualenv.py
[2024-08-02T08:34:27.895+0000] {logging_mixin.py:120} INFO - [2024-08-02T08:34:27.895+0000] {dag.py:2585} INFO - Sync 1 DAGs
[2024-08-02T08:34:27.948+0000] {logging_mixin.py:120} INFO - [2024-08-02T08:34:27.948+0000] {dag.py:3340} INFO - Setting next_dagrun for tutorial_taskflow_api_virtualenv to None, run_after=None
[2024-08-02T08:34:28.002+0000] {processor.py:176} INFO - Processing /home/airflow/.local/lib/python3.7/site-packages/airflow/example_dags/tutorial_taskflow_api_virtualenv.py took 0.234 seconds
[2024-08-02T08:34:58.940+0000] {processor.py:154} INFO - Started process (PID=1328) to work on /home/airflow/.local/lib/python3.7/site-packages/airflow/example_dags/tutorial_taskflow_api_virtualenv.py
[2024-08-02T08:34:59.034+0000] {processor.py:756} INFO - Processing file /home/airflow/.local/lib/python3.7/site-packages/airflow/example_dags/tutorial_taskflow_api_virtualenv.py for tasks to queue
[2024-08-02T08:34:59.045+0000] {logging_mixin.py:120} INFO - [2024-08-02T08:34:59.044+0000] {dagbag.py:537} INFO - Filling up the DagBag from /home/airflow/.local/lib/python3.7/site-packages/airflow/example_dags/tutorial_taskflow_api_virtualenv.py
[2024-08-02T08:34:59.093+0000] {processor.py:766} INFO - DAG(s) dict_keys(['tutorial_taskflow_api_virtualenv']) retrieved from /home/airflow/.local/lib/python3.7/site-packages/airflow/example_dags/tutorial_taskflow_api_virtualenv.py
[2024-08-02T08:34:59.240+0000] {logging_mixin.py:120} INFO - [2024-08-02T08:34:59.240+0000] {dag.py:2585} INFO - Sync 1 DAGs
[2024-08-02T08:34:59.342+0000] {logging_mixin.py:120} INFO - [2024-08-02T08:34:59.342+0000] {dag.py:3340} INFO - Setting next_dagrun for tutorial_taskflow_api_virtualenv to None, run_after=None
[2024-08-02T08:34:59.472+0000] {processor.py:176} INFO - Processing /home/airflow/.local/lib/python3.7/site-packages/airflow/example_dags/tutorial_taskflow_api_virtualenv.py took 0.536 seconds
[2024-08-02T08:35:30.417+0000] {processor.py:154} INFO - Started process (PID=1393) to work on /home/airflow/.local/lib/python3.7/site-packages/airflow/example_dags/tutorial_taskflow_api_virtualenv.py
[2024-08-02T08:35:30.426+0000] {processor.py:756} INFO - Processing file /home/airflow/.local/lib/python3.7/site-packages/airflow/example_dags/tutorial_taskflow_api_virtualenv.py for tasks to queue
[2024-08-02T08:35:30.436+0000] {logging_mixin.py:120} INFO - [2024-08-02T08:35:30.436+0000] {dagbag.py:537} INFO - Filling up the DagBag from /home/airflow/.local/lib/python3.7/site-packages/airflow/example_dags/tutorial_taskflow_api_virtualenv.py
[2024-08-02T08:35:30.482+0000] {processor.py:766} INFO - DAG(s) dict_keys(['tutorial_taskflow_api_virtualenv']) retrieved from /home/airflow/.local/lib/python3.7/site-packages/airflow/example_dags/tutorial_taskflow_api_virtualenv.py
[2024-08-02T08:35:30.545+0000] {logging_mixin.py:120} INFO - [2024-08-02T08:35:30.545+0000] {dag.py:2585} INFO - Sync 1 DAGs
[2024-08-02T08:35:30.640+0000] {logging_mixin.py:120} INFO - [2024-08-02T08:35:30.640+0000] {dag.py:3340} INFO - Setting next_dagrun for tutorial_taskflow_api_virtualenv to None, run_after=None
[2024-08-02T08:35:30.741+0000] {processor.py:176} INFO - Processing /home/airflow/.local/lib/python3.7/site-packages/airflow/example_dags/tutorial_taskflow_api_virtualenv.py took 0.327 seconds
[2024-08-02T08:36:00.791+0000] {processor.py:154} INFO - Started process (PID=1458) to work on /home/airflow/.local/lib/python3.7/site-packages/airflow/example_dags/tutorial_taskflow_api_virtualenv.py
[2024-08-02T08:36:00.793+0000] {processor.py:756} INFO - Processing file /home/airflow/.local/lib/python3.7/site-packages/airflow/example_dags/tutorial_taskflow_api_virtualenv.py for tasks to queue
[2024-08-02T08:36:00.794+0000] {logging_mixin.py:120} INFO - [2024-08-02T08:36:00.793+0000] {dagbag.py:537} INFO - Filling up the DagBag from /home/airflow/.local/lib/python3.7/site-packages/airflow/example_dags/tutorial_taskflow_api_virtualenv.py
[2024-08-02T08:36:00.814+0000] {processor.py:766} INFO - DAG(s) dict_keys(['tutorial_taskflow_api_virtualenv']) retrieved from /home/airflow/.local/lib/python3.7/site-packages/airflow/example_dags/tutorial_taskflow_api_virtualenv.py
[2024-08-02T08:36:00.865+0000] {logging_mixin.py:120} INFO - [2024-08-02T08:36:00.865+0000] {dag.py:2585} INFO - Sync 1 DAGs
[2024-08-02T08:36:00.891+0000] {logging_mixin.py:120} INFO - [2024-08-02T08:36:00.891+0000] {dag.py:3340} INFO - Setting next_dagrun for tutorial_taskflow_api_virtualenv to None, run_after=None
[2024-08-02T08:36:00.917+0000] {processor.py:176} INFO - Processing /home/airflow/.local/lib/python3.7/site-packages/airflow/example_dags/tutorial_taskflow_api_virtualenv.py took 0.128 seconds
[2024-08-02T08:36:31.831+0000] {processor.py:154} INFO - Started process (PID=1514) to work on /home/airflow/.local/lib/python3.7/site-packages/airflow/example_dags/tutorial_taskflow_api_virtualenv.py
[2024-08-02T08:36:31.833+0000] {processor.py:756} INFO - Processing file /home/airflow/.local/lib/python3.7/site-packages/airflow/example_dags/tutorial_taskflow_api_virtualenv.py for tasks to queue
[2024-08-02T08:36:31.835+0000] {logging_mixin.py:120} INFO - [2024-08-02T08:36:31.835+0000] {dagbag.py:537} INFO - Filling up the DagBag from /home/airflow/.local/lib/python3.7/site-packages/airflow/example_dags/tutorial_taskflow_api_virtualenv.py
[2024-08-02T08:36:31.988+0000] {processor.py:766} INFO - DAG(s) dict_keys(['tutorial_taskflow_api_virtualenv']) retrieved from /home/airflow/.local/lib/python3.7/site-packages/airflow/example_dags/tutorial_taskflow_api_virtualenv.py
[2024-08-02T08:36:32.137+0000] {logging_mixin.py:120} INFO - [2024-08-02T08:36:32.137+0000] {dag.py:2585} INFO - Sync 1 DAGs
[2024-08-02T08:36:32.302+0000] {logging_mixin.py:120} INFO - [2024-08-02T08:36:32.302+0000] {dag.py:3340} INFO - Setting next_dagrun for tutorial_taskflow_api_virtualenv to None, run_after=None
[2024-08-02T08:36:32.339+0000] {processor.py:176} INFO - Processing /home/airflow/.local/lib/python3.7/site-packages/airflow/example_dags/tutorial_taskflow_api_virtualenv.py took 0.512 seconds
[2024-08-02T08:37:02.594+0000] {processor.py:154} INFO - Started process (PID=1579) to work on /home/airflow/.local/lib/python3.7/site-packages/airflow/example_dags/tutorial_taskflow_api_virtualenv.py
[2024-08-02T08:37:02.596+0000] {processor.py:756} INFO - Processing file /home/airflow/.local/lib/python3.7/site-packages/airflow/example_dags/tutorial_taskflow_api_virtualenv.py for tasks to queue
[2024-08-02T08:37:02.598+0000] {logging_mixin.py:120} INFO - [2024-08-02T08:37:02.598+0000] {dagbag.py:537} INFO - Filling up the DagBag from /home/airflow/.local/lib/python3.7/site-packages/airflow/example_dags/tutorial_taskflow_api_virtualenv.py
[2024-08-02T08:37:02.633+0000] {processor.py:766} INFO - DAG(s) dict_keys(['tutorial_taskflow_api_virtualenv']) retrieved from /home/airflow/.local/lib/python3.7/site-packages/airflow/example_dags/tutorial_taskflow_api_virtualenv.py
[2024-08-02T08:37:02.690+0000] {logging_mixin.py:120} INFO - [2024-08-02T08:37:02.689+0000] {dag.py:2585} INFO - Sync 1 DAGs
[2024-08-02T08:37:02.736+0000] {logging_mixin.py:120} INFO - [2024-08-02T08:37:02.736+0000] {dag.py:3340} INFO - Setting next_dagrun for tutorial_taskflow_api_virtualenv to None, run_after=None
[2024-08-02T08:37:02.777+0000] {processor.py:176} INFO - Processing /home/airflow/.local/lib/python3.7/site-packages/airflow/example_dags/tutorial_taskflow_api_virtualenv.py took 0.189 seconds
[2024-08-02T08:37:33.184+0000] {processor.py:154} INFO - Started process (PID=1635) to work on /home/airflow/.local/lib/python3.7/site-packages/airflow/example_dags/tutorial_taskflow_api_virtualenv.py
[2024-08-02T08:37:33.185+0000] {processor.py:756} INFO - Processing file /home/airflow/.local/lib/python3.7/site-packages/airflow/example_dags/tutorial_taskflow_api_virtualenv.py for tasks to queue
[2024-08-02T08:37:33.187+0000] {logging_mixin.py:120} INFO - [2024-08-02T08:37:33.186+0000] {dagbag.py:537} INFO - Filling up the DagBag from /home/airflow/.local/lib/python3.7/site-packages/airflow/example_dags/tutorial_taskflow_api_virtualenv.py
[2024-08-02T08:37:33.206+0000] {processor.py:766} INFO - DAG(s) dict_keys(['tutorial_taskflow_api_virtualenv']) retrieved from /home/airflow/.local/lib/python3.7/site-packages/airflow/example_dags/tutorial_taskflow_api_virtualenv.py
[2024-08-02T08:37:33.256+0000] {logging_mixin.py:120} INFO - [2024-08-02T08:37:33.256+0000] {dag.py:2585} INFO - Sync 1 DAGs
[2024-08-02T08:37:33.298+0000] {logging_mixin.py:120} INFO - [2024-08-02T08:37:33.298+0000] {dag.py:3340} INFO - Setting next_dagrun for tutorial_taskflow_api_virtualenv to None, run_after=None
[2024-08-02T08:37:33.442+0000] {processor.py:176} INFO - Processing /home/airflow/.local/lib/python3.7/site-packages/airflow/example_dags/tutorial_taskflow_api_virtualenv.py took 0.262 seconds
[2024-08-02T08:38:03.891+0000] {processor.py:154} INFO - Started process (PID=1700) to work on /home/airflow/.local/lib/python3.7/site-packages/airflow/example_dags/tutorial_taskflow_api_virtualenv.py
[2024-08-02T08:38:03.903+0000] {processor.py:756} INFO - Processing file /home/airflow/.local/lib/python3.7/site-packages/airflow/example_dags/tutorial_taskflow_api_virtualenv.py for tasks to queue
[2024-08-02T08:38:03.935+0000] {logging_mixin.py:120} INFO - [2024-08-02T08:38:03.935+0000] {dagbag.py:537} INFO - Filling up the DagBag from /home/airflow/.local/lib/python3.7/site-packages/airflow/example_dags/tutorial_taskflow_api_virtualenv.py
[2024-08-02T08:38:03.958+0000] {processor.py:766} INFO - DAG(s) dict_keys(['tutorial_taskflow_api_virtualenv']) retrieved from /home/airflow/.local/lib/python3.7/site-packages/airflow/example_dags/tutorial_taskflow_api_virtualenv.py
[2024-08-02T08:38:04.002+0000] {logging_mixin.py:120} INFO - [2024-08-02T08:38:04.001+0000] {dag.py:2585} INFO - Sync 1 DAGs
[2024-08-02T08:38:04.031+0000] {logging_mixin.py:120} INFO - [2024-08-02T08:38:04.031+0000] {dag.py:3340} INFO - Setting next_dagrun for tutorial_taskflow_api_virtualenv to None, run_after=None
[2024-08-02T08:38:04.064+0000] {processor.py:176} INFO - Processing /home/airflow/.local/lib/python3.7/site-packages/airflow/example_dags/tutorial_taskflow_api_virtualenv.py took 0.177 seconds
[2024-08-02T08:38:34.529+0000] {processor.py:154} INFO - Started process (PID=1765) to work on /home/airflow/.local/lib/python3.7/site-packages/airflow/example_dags/tutorial_taskflow_api_virtualenv.py
[2024-08-02T08:38:34.531+0000] {processor.py:756} INFO - Processing file /home/airflow/.local/lib/python3.7/site-packages/airflow/example_dags/tutorial_taskflow_api_virtualenv.py for tasks to queue
[2024-08-02T08:38:34.533+0000] {logging_mixin.py:120} INFO - [2024-08-02T08:38:34.533+0000] {dagbag.py:537} INFO - Filling up the DagBag from /home/airflow/.local/lib/python3.7/site-packages/airflow/example_dags/tutorial_taskflow_api_virtualenv.py
[2024-08-02T08:38:34.566+0000] {processor.py:766} INFO - DAG(s) dict_keys(['tutorial_taskflow_api_virtualenv']) retrieved from /home/airflow/.local/lib/python3.7/site-packages/airflow/example_dags/tutorial_taskflow_api_virtualenv.py
[2024-08-02T08:38:34.634+0000] {logging_mixin.py:120} INFO - [2024-08-02T08:38:34.634+0000] {dag.py:2585} INFO - Sync 1 DAGs
[2024-08-02T08:38:34.712+0000] {logging_mixin.py:120} INFO - [2024-08-02T08:38:34.712+0000] {dag.py:3340} INFO - Setting next_dagrun for tutorial_taskflow_api_virtualenv to None, run_after=None
[2024-08-02T08:38:34.771+0000] {processor.py:176} INFO - Processing /home/airflow/.local/lib/python3.7/site-packages/airflow/example_dags/tutorial_taskflow_api_virtualenv.py took 0.246 seconds
[2024-08-02T08:39:04.885+0000] {processor.py:154} INFO - Started process (PID=1820) to work on /home/airflow/.local/lib/python3.7/site-packages/airflow/example_dags/tutorial_taskflow_api_virtualenv.py
[2024-08-02T08:39:04.886+0000] {processor.py:756} INFO - Processing file /home/airflow/.local/lib/python3.7/site-packages/airflow/example_dags/tutorial_taskflow_api_virtualenv.py for tasks to queue
[2024-08-02T08:39:04.888+0000] {logging_mixin.py:120} INFO - [2024-08-02T08:39:04.888+0000] {dagbag.py:537} INFO - Filling up the DagBag from /home/airflow/.local/lib/python3.7/site-packages/airflow/example_dags/tutorial_taskflow_api_virtualenv.py
[2024-08-02T08:39:04.920+0000] {processor.py:766} INFO - DAG(s) dict_keys(['tutorial_taskflow_api_virtualenv']) retrieved from /home/airflow/.local/lib/python3.7/site-packages/airflow/example_dags/tutorial_taskflow_api_virtualenv.py
[2024-08-02T08:39:04.967+0000] {logging_mixin.py:120} INFO - [2024-08-02T08:39:04.967+0000] {dag.py:2585} INFO - Sync 1 DAGs
[2024-08-02T08:39:04.990+0000] {logging_mixin.py:120} INFO - [2024-08-02T08:39:04.990+0000] {dag.py:3340} INFO - Setting next_dagrun for tutorial_taskflow_api_virtualenv to None, run_after=None
[2024-08-02T08:39:05.021+0000] {processor.py:176} INFO - Processing /home/airflow/.local/lib/python3.7/site-packages/airflow/example_dags/tutorial_taskflow_api_virtualenv.py took 0.140 seconds
[2024-08-02T08:39:35.513+0000] {processor.py:154} INFO - Started process (PID=1885) to work on /home/airflow/.local/lib/python3.7/site-packages/airflow/example_dags/tutorial_taskflow_api_virtualenv.py
[2024-08-02T08:39:35.515+0000] {processor.py:756} INFO - Processing file /home/airflow/.local/lib/python3.7/site-packages/airflow/example_dags/tutorial_taskflow_api_virtualenv.py for tasks to queue
[2024-08-02T08:39:35.516+0000] {logging_mixin.py:120} INFO - [2024-08-02T08:39:35.515+0000] {dagbag.py:537} INFO - Filling up the DagBag from /home/airflow/.local/lib/python3.7/site-packages/airflow/example_dags/tutorial_taskflow_api_virtualenv.py
[2024-08-02T08:39:35.538+0000] {processor.py:766} INFO - DAG(s) dict_keys(['tutorial_taskflow_api_virtualenv']) retrieved from /home/airflow/.local/lib/python3.7/site-packages/airflow/example_dags/tutorial_taskflow_api_virtualenv.py
[2024-08-02T08:39:35.588+0000] {logging_mixin.py:120} INFO - [2024-08-02T08:39:35.588+0000] {dag.py:2585} INFO - Sync 1 DAGs
[2024-08-02T08:39:35.614+0000] {logging_mixin.py:120} INFO - [2024-08-02T08:39:35.614+0000] {dag.py:3340} INFO - Setting next_dagrun for tutorial_taskflow_api_virtualenv to None, run_after=None
[2024-08-02T08:39:35.639+0000] {processor.py:176} INFO - Processing /home/airflow/.local/lib/python3.7/site-packages/airflow/example_dags/tutorial_taskflow_api_virtualenv.py took 0.130 seconds
[2024-08-02T08:40:06.081+0000] {processor.py:154} INFO - Started process (PID=1951) to work on /home/airflow/.local/lib/python3.7/site-packages/airflow/example_dags/tutorial_taskflow_api_virtualenv.py
[2024-08-02T08:40:06.083+0000] {processor.py:756} INFO - Processing file /home/airflow/.local/lib/python3.7/site-packages/airflow/example_dags/tutorial_taskflow_api_virtualenv.py for tasks to queue
[2024-08-02T08:40:06.084+0000] {logging_mixin.py:120} INFO - [2024-08-02T08:40:06.084+0000] {dagbag.py:537} INFO - Filling up the DagBag from /home/airflow/.local/lib/python3.7/site-packages/airflow/example_dags/tutorial_taskflow_api_virtualenv.py
[2024-08-02T08:40:06.114+0000] {processor.py:766} INFO - DAG(s) dict_keys(['tutorial_taskflow_api_virtualenv']) retrieved from /home/airflow/.local/lib/python3.7/site-packages/airflow/example_dags/tutorial_taskflow_api_virtualenv.py
[2024-08-02T08:40:06.159+0000] {logging_mixin.py:120} INFO - [2024-08-02T08:40:06.159+0000] {dag.py:2585} INFO - Sync 1 DAGs
[2024-08-02T08:40:06.182+0000] {logging_mixin.py:120} INFO - [2024-08-02T08:40:06.182+0000] {dag.py:3340} INFO - Setting next_dagrun for tutorial_taskflow_api_virtualenv to None, run_after=None
[2024-08-02T08:40:06.205+0000] {processor.py:176} INFO - Processing /home/airflow/.local/lib/python3.7/site-packages/airflow/example_dags/tutorial_taskflow_api_virtualenv.py took 0.130 seconds
[2024-08-02T08:40:36.584+0000] {processor.py:154} INFO - Started process (PID=2007) to work on /home/airflow/.local/lib/python3.7/site-packages/airflow/example_dags/tutorial_taskflow_api_virtualenv.py
[2024-08-02T08:40:36.586+0000] {processor.py:756} INFO - Processing file /home/airflow/.local/lib/python3.7/site-packages/airflow/example_dags/tutorial_taskflow_api_virtualenv.py for tasks to queue
[2024-08-02T08:40:36.587+0000] {logging_mixin.py:120} INFO - [2024-08-02T08:40:36.586+0000] {dagbag.py:537} INFO - Filling up the DagBag from /home/airflow/.local/lib/python3.7/site-packages/airflow/example_dags/tutorial_taskflow_api_virtualenv.py
[2024-08-02T08:40:36.609+0000] {processor.py:766} INFO - DAG(s) dict_keys(['tutorial_taskflow_api_virtualenv']) retrieved from /home/airflow/.local/lib/python3.7/site-packages/airflow/example_dags/tutorial_taskflow_api_virtualenv.py
[2024-08-02T08:40:36.759+0000] {logging_mixin.py:120} INFO - [2024-08-02T08:40:36.758+0000] {dag.py:2585} INFO - Sync 1 DAGs
[2024-08-02T08:40:36.877+0000] {logging_mixin.py:120} INFO - [2024-08-02T08:40:36.877+0000] {dag.py:3340} INFO - Setting next_dagrun for tutorial_taskflow_api_virtualenv to None, run_after=None
[2024-08-02T08:40:36.987+0000] {processor.py:176} INFO - Processing /home/airflow/.local/lib/python3.7/site-packages/airflow/example_dags/tutorial_taskflow_api_virtualenv.py took 0.406 seconds
[2024-08-02T08:41:07.143+0000] {processor.py:154} INFO - Started process (PID=2073) to work on /home/airflow/.local/lib/python3.7/site-packages/airflow/example_dags/tutorial_taskflow_api_virtualenv.py
[2024-08-02T08:41:07.144+0000] {processor.py:756} INFO - Processing file /home/airflow/.local/lib/python3.7/site-packages/airflow/example_dags/tutorial_taskflow_api_virtualenv.py for tasks to queue
[2024-08-02T08:41:07.145+0000] {logging_mixin.py:120} INFO - [2024-08-02T08:41:07.145+0000] {dagbag.py:537} INFO - Filling up the DagBag from /home/airflow/.local/lib/python3.7/site-packages/airflow/example_dags/tutorial_taskflow_api_virtualenv.py
[2024-08-02T08:41:07.168+0000] {processor.py:766} INFO - DAG(s) dict_keys(['tutorial_taskflow_api_virtualenv']) retrieved from /home/airflow/.local/lib/python3.7/site-packages/airflow/example_dags/tutorial_taskflow_api_virtualenv.py
[2024-08-02T08:41:07.207+0000] {logging_mixin.py:120} INFO - [2024-08-02T08:41:07.207+0000] {dag.py:2585} INFO - Sync 1 DAGs
[2024-08-02T08:41:07.234+0000] {logging_mixin.py:120} INFO - [2024-08-02T08:41:07.234+0000] {dag.py:3340} INFO - Setting next_dagrun for tutorial_taskflow_api_virtualenv to None, run_after=None
[2024-08-02T08:41:07.262+0000] {processor.py:176} INFO - Processing /home/airflow/.local/lib/python3.7/site-packages/airflow/example_dags/tutorial_taskflow_api_virtualenv.py took 0.124 seconds
[2024-08-02T08:41:37.843+0000] {processor.py:154} INFO - Started process (PID=2139) to work on /home/airflow/.local/lib/python3.7/site-packages/airflow/example_dags/tutorial_taskflow_api_virtualenv.py
[2024-08-02T08:41:37.844+0000] {processor.py:756} INFO - Processing file /home/airflow/.local/lib/python3.7/site-packages/airflow/example_dags/tutorial_taskflow_api_virtualenv.py for tasks to queue
[2024-08-02T08:41:37.845+0000] {logging_mixin.py:120} INFO - [2024-08-02T08:41:37.845+0000] {dagbag.py:537} INFO - Filling up the DagBag from /home/airflow/.local/lib/python3.7/site-packages/airflow/example_dags/tutorial_taskflow_api_virtualenv.py
[2024-08-02T08:41:37.869+0000] {processor.py:766} INFO - DAG(s) dict_keys(['tutorial_taskflow_api_virtualenv']) retrieved from /home/airflow/.local/lib/python3.7/site-packages/airflow/example_dags/tutorial_taskflow_api_virtualenv.py
[2024-08-02T08:41:37.916+0000] {logging_mixin.py:120} INFO - [2024-08-02T08:41:37.916+0000] {dag.py:2585} INFO - Sync 1 DAGs
[2024-08-02T08:41:37.967+0000] {logging_mixin.py:120} INFO - [2024-08-02T08:41:37.967+0000] {dag.py:3340} INFO - Setting next_dagrun for tutorial_taskflow_api_virtualenv to None, run_after=None
[2024-08-02T08:41:38.034+0000] {processor.py:176} INFO - Processing /home/airflow/.local/lib/python3.7/site-packages/airflow/example_dags/tutorial_taskflow_api_virtualenv.py took 0.194 seconds
